country,country_name,date,gasoline_eur_per_1000l,gasoline_eur_per_l
DEU,Germany,2010-01-04,1314.0,1.314
DEU,Germany,2010-01-11,1397.0,1.397
DEU,Germany,2010-01-18,1346.0,1.346
DEU,Germany,2010-01-25,1339.0,1.339
DEU,Germany,2010-02-01,1331.0,1.331
DEU,Germany,2010-02-08,1327.0,1.327
DEU,Germany,2010-02-15,1299.0,1.299
DEU,Germany,2010-02-22,1311.25,1.31125
DEU,Germany,2010-03-01,1338.0,1.338
DEU,Germany,2010-03-08,1363.0,1.363
DEU,Germany,2010-03-15,1431.0,1.431
DEU,Germany,2010-03-22,1388.0,1.388
DEU,Germany,2010-03-29,1450.25,1.45025
DEU,Germany,2010-04-12,1420.0,1.42
DEU,Germany,2010-04-19,1430.0,1.43
DEU,Germany,2010-04-26,1437.0,1.437
DEU,Germany,2010-05-03,1456.0,1.456
DEU,Germany,2010-05-10,1427.0,1.427
DEU,Germany,2010-05-17,1417.0,1.417
DEU,Germany,2010-05-24,1373.0,1.373
DEU,Germany,2010-05-31,1420.0,1.42
DEU,Germany,2010-06-07,1425.0,1.425
DEU,Germany,2010-06-14,1431.0,1.431
DEU,Germany,2010-06-21,1425.0,1.425
DEU,Germany,2010-06-28,1432.0,1.432
DEU,Germany,2010-07-05,1383.0,1.383
DEU,Germany,2010-07-12,1386.0,1.386
DEU,Germany,2010-07-19,1382.0,1.382
DEU,Germany,2010-07-26,1397.0,1.397
DEU,Germany,2010-08-02,1384.0,1.384
DEU,Germany,2010-08-09,1399.0,1.399
DEU,Germany,2010-08-16,1364.0,1.364
DEU,Germany,2010-08-23,1395.0,1.395
DEU,Germany,2010-08-30,1372.0,1.372
DEU,Germany,2010-09-06,1374.0,1.374
DEU,Germany,2010-09-13,1389.0,1.389
DEU,Germany,2010-09-20,1371.0,1.371
DEU,Germany,2010-09-27,1333.0,1.333
DEU,Germany,2010-10-04,1358.0,1.358
DEU,Germany,2010-10-11,1379.0,1.379
DEU,Germany,2010-10-18,1378.0,1.378
DEU,Germany,2010-10-25,1409.0,1.409
DEU,Germany,2010-11-08,1403.0,1.403
DEU,Germany,2010-11-15,1399.0,1.399
DEU,Germany,2010-11-22,1389.0,1.389
DEU,Germany,2010-11-29,1416.0,1.416
DEU,Germany,2010-12-06,1447.0,1.447
DEU,Germany,2010-12-13,1457.0,1.457
DEU,Germany,2010-12-20,1470.0,1.47
DEU,Germany,2011-01-03,1469.0,1.469
DEU,Germany,2011-01-10,1477.0,1.477
DEU,Germany,2011-01-17,1490.0,1.49
DEU,Germany,2011-01-24,1468.0,1.468
DEU,Germany,2011-01-31,1444.0,1.444
DEU,Germany,2011-02-07,1442.0,1.442
DEU,Germany,2011-02-14,1466.0,1.466
DEU,Germany,2011-02-21,1454.0,1.454
DEU,Germany,2011-02-28,1494.0,1.494
DEU,Germany,2011-03-07,1511.0,1.511
DEU,Germany,2011-03-14,1627.0,1.627
DEU,Germany,2011-03-21,1593.0,1.593
DEU,Germany,2011-03-28,1616.0,1.616
DEU,Germany,2011-04-04,1642.0,1.642
DEU,Germany,2011-04-11,1666.0,1.666
DEU,Germany,2011-04-18,1669.0,1.669
DEU,Germany,2011-05-02,1628.0,1.628
DEU,Germany,2011-05-09,1549.0,1.549
DEU,Germany,2011-05-16,1547.0,1.547
DEU,Germany,2011-05-23,1570.0,1.57
DEU,Germany,2011-05-30,1517.0,1.517
DEU,Germany,2011-06-06,1535.0,1.535
DEU,Germany,2011-06-13,1524.0,1.524
DEU,Germany,2011-06-20,1540.0,1.54
DEU,Germany,2011-06-27,1479.0,1.479
DEU,Germany,2011-07-04,1480.0,1.48
DEU,Germany,2011-07-11,1508.0,1.508
DEU,Germany,2011-07-18,1535.0,1.535
DEU,Germany,2011-07-25,1534.0,1.534
DEU,Germany,2011-08-01,1547.0,1.547
DEU,Germany,2011-08-08,1486.0,1.486
DEU,Germany,2011-08-22,1486.0,1.486
DEU,Germany,2011-08-29,1498.0,1.498
DEU,Germany,2011-09-05,1512.0,1.512
DEU,Germany,2011-09-12,1555.0,1.555
DEU,Germany,2011-09-19,1555.0,1.555
DEU,Germany,2011-09-26,1510.0,1.51
DEU,Germany,2011-10-03,1513.0,1.513
DEU,Germany,2011-10-10,1533.0,1.533
DEU,Germany,2011-10-17,1552.0,1.552
DEU,Germany,2011-10-24,1530.0,1.53
DEU,Germany,2011-10-31,1531.0,1.531
DEU,Germany,2011-11-07,1524.0,1.524
DEU,Germany,2011-11-14,1497.0,1.497
DEU,Germany,2011-11-21,1511.0,1.511
DEU,Germany,2011-11-28,1488.0,1.488
DEU,Germany,2011-12-05,1509.0,1.509
DEU,Germany,2011-12-12,1502.0,1.502
DEU,Germany,2011-12-19,1507.0,1.507
DEU,Germany,2012-01-09,1601.0,1.601
DEU,Germany,2012-01-16,1579.0,1.579
DEU,Germany,2012-01-23,1590.0,1.59
DEU,Germany,2012-01-30,1589.0,1.589
DEU,Germany,2012-02-06,1582.0,1.582
DEU,Germany,2012-02-13,1622.0,1.622
DEU,Germany,2012-02-20,1669.0,1.669
DEU,Germany,2012-02-27,1660.0,1.66
DEU,Germany,2012-03-05,1684.0,1.684
DEU,Germany,2012-03-12,1680.0,1.68
DEU,Germany,2012-03-19,1689.0,1.689
DEU,Germany,2012-03-26,1689.0,1.689
DEU,Germany,2012-04-02,1703.0,1.703
DEU,Germany,2012-04-16,1733.0,1.733
DEU,Germany,2012-04-23,1712.0,1.712
DEU,Germany,2012-04-30,1673.0,1.673
DEU,Germany,2012-05-07,1668.0,1.668
DEU,Germany,2012-05-14,1627.0,1.627
DEU,Germany,2012-05-21,1631.0,1.631
DEU,Germany,2012-05-28,1653.0,1.653
DEU,Germany,2012-06-04,1629.0,1.629
DEU,Germany,2012-06-11,1597.0,1.597
DEU,Germany,2012-06-18,1600.0,1.6
DEU,Germany,2012-06-25,1557.0,1.557
DEU,Germany,2012-07-02,1583.0,1.583
DEU,Germany,2012-07-09,1649.0,1.649
DEU,Germany,2012-07-16,1636.0,1.636
DEU,Germany,2012-07-23,1660.0,1.66
DEU,Germany,2012-07-30,1617.0,1.617
DEU,Germany,2012-08-06,1670.0,1.67
DEU,Germany,2012-08-13,1703.0,1.703
DEU,Germany,2012-08-20,1773.0,1.773
DEU,Germany,2012-08-27,1750.0,1.75
DEU,Germany,2012-09-03,1748.0,1.748
DEU,Germany,2012-09-10,1769.0,1.769
DEU,Germany,2012-09-17,1704.0,1.704
DEU,Germany,2012-09-24,1717.0,1.717
DEU,Germany,2012-10-01,1673.0,1.673
DEU,Germany,2012-10-08,1704.0,1.704
DEU,Germany,2012-10-15,1653.0,1.653
DEU,Germany,2012-10-22,1637.0,1.637
DEU,Germany,2012-10-29,1612.0,1.612
DEU,Germany,2012-11-05,1602.0,1.602
DEU,Germany,2012-11-12,1609.0,1.609
DEU,Germany,2012-11-19,1626.0,1.626
DEU,Germany,2012-11-26,1644.0,1.644
DEU,Germany,2012-12-03,1615.0,1.615
DEU,Germany,2012-12-10,1582.0,1.582
DEU,Germany,2012-12-17,1559.0,1.559
DEU,Germany,2013-01-07,1598.0,1.598
DEU,Germany,2013-01-14,1608.0,1.608
DEU,Germany,2013-01-21,1593.0,1.593
DEU,Germany,2013-01-28,1605.0,1.605
DEU,Germany,2013-02-04,1625.0,1.625
DEU,Germany,2013-02-11,1643.0,1.643
DEU,Germany,2013-02-18,1658.0,1.658
DEU,Germany,2013-02-25,1618.0,1.618
DEU,Germany,2013-03-04,1593.0,1.593
DEU,Germany,2013-03-11,1574.0,1.574
DEU,Germany,2013-03-18,1576.0,1.576
DEU,Germany,2013-03-25,1634.0,1.634
DEU,Germany,2013-04-01,1672.0,1.672
DEU,Germany,2013-04-08,1630.0,1.63
DEU,Germany,2013-04-15,1610.0,1.61
DEU,Germany,2013-04-22,1602.0,1.602
DEU,Germany,2013-04-29,1593.0,1.593
DEU,Germany,2013-05-06,1600.0,1.6
DEU,Germany,2013-05-13,1597.0,1.597
DEU,Germany,2013-05-20,1629.0,1.629
DEU,Germany,2013-05-27,1629.0,1.629
DEU,Germany,2013-06-03,1609.0,1.609
DEU,Germany,2013-06-10,1602.0,1.602
DEU,Germany,2013-06-17,1588.0,1.588
DEU,Germany,2013-06-24,1603.0,1.603
DEU,Germany,2013-07-01,1595.0,1.595
DEU,Germany,2013-07-08,1610.0,1.61
DEU,Germany,2013-07-15,1636.0,1.636
DEU,Germany,2013-07-22,1649.0,1.649
DEU,Germany,2013-07-29,1618.0,1.618
DEU,Germany,2013-08-05,1628.0,1.628
DEU,Germany,2013-08-12,1604.0,1.604
DEU,Germany,2013-08-19,1630.0,1.63
DEU,Germany,2013-08-26,1628.0,1.628
DEU,Germany,2013-09-02,1647.0,1.647
DEU,Germany,2013-09-09,1634.0,1.634
DEU,Germany,2013-09-16,1608.0,1.608
DEU,Germany,2013-09-23,1588.0,1.588
DEU,Germany,2013-09-30,1587.0,1.587
DEU,Germany,2013-10-07,1569.0,1.569
DEU,Germany,2013-10-14,1569.0,1.569
DEU,Germany,2013-10-21,1567.0,1.567
DEU,Germany,2013-10-28,1548.0,1.548
DEU,Germany,2013-11-04,1559.0,1.559
DEU,Germany,2013-11-11,1536.0,1.536
DEU,Germany,2013-11-18,1564.0,1.564
DEU,Germany,2013-11-25,1578.0,1.578
DEU,Germany,2013-12-02,1574.0,1.574
DEU,Germany,2013-12-09,1565.0,1.565
DEU,Germany,2013-12-16,1546.0,1.546
DEU,Germany,2014-01-06,1539.0,1.539
DEU,Germany,2014-01-13,1526.0,1.526
DEU,Germany,2014-01-20,1524.0,1.524
DEU,Germany,2014-01-27,1529.0,1.529
DEU,Germany,2014-02-03,1531.0,1.531
DEU,Germany,2014-02-10,1532.0,1.532
DEU,Germany,2014-02-17,1546.0,1.546
DEU,Germany,2014-02-24,1545.0,1.545
DEU,Germany,2014-03-03,1543.0,1.543
DEU,Germany,2014-03-10,1525.0,1.525
DEU,Germany,2014-03-17,1519.0,1.519
DEU,Germany,2014-03-24,1521.0,1.521
DEU,Germany,2014-03-31,1554.0,1.554
DEU,Germany,2014-04-07,1559.0,1.559
DEU,Germany,2014-04-14,1572.0,1.572
DEU,Germany,2014-04-28,1602.0,1.602
DEU,Germany,2014-05-05,1563.0,1.563
DEU,Germany,2014-05-12,1577.0,1.577
DEU,Germany,2014-05-19,1558.0,1.558
DEU,Germany,2014-05-26,1558.0,1.558
DEU,Germany,2014-06-02,1559.0,1.559
DEU,Germany,2014-06-09,1584.0,1.584
DEU,Germany,2014-06-16,1598.0,1.598
DEU,Germany,2014-06-23,1606.0,1.606
DEU,Germany,2014-06-30,1599.0,1.599
DEU,Germany,2014-07-07,1608.0,1.608
DEU,Germany,2014-07-14,1603.0,1.603
DEU,Germany,2014-07-21,1589.0,1.589
DEU,Germany,2014-07-28,1593.0,1.593
DEU,Germany,2014-08-04,1584.0,1.584
DEU,Germany,2014-08-11,1578.0,1.578
DEU,Germany,2014-08-18,1565.0,1.565
DEU,Germany,2014-08-25,1557.0,1.557
DEU,Germany,2014-09-01,1580.0,1.58
DEU,Germany,2014-09-08,1580.0,1.58
DEU,Germany,2014-09-15,1571.0,1.571
DEU,Germany,2014-09-22,1565.0,1.565
DEU,Germany,2014-09-29,1566.0,1.566
DEU,Germany,2014-10-06,1562.0,1.562
DEU,Germany,2014-10-13,1546.0,1.546
DEU,Germany,2014-10-20,1467.0,1.467
DEU,Germany,2014-10-27,1494.0,1.494
DEU,Germany,2014-11-03,1495.0,1.495
DEU,Germany,2014-11-10,1493.0,1.493
DEU,Germany,2014-11-17,1478.0,1.478
DEU,Germany,2014-11-24,1471.0,1.471
DEU,Germany,2014-12-01,1444.0,1.444
DEU,Germany,2014-12-08,1398.0,1.398
DEU,Germany,2014-12-15,1359.0,1.359
DEU,Germany,2015-01-05,1328.0,1.328
DEU,Germany,2015-01-12,1296.0,1.296
DEU,Germany,2015-01-19,1279.0,1.279
DEU,Germany,2015-01-26,1290.0,1.29
DEU,Germany,2015-02-02,1298.0,1.298
DEU,Germany,2015-02-09,1343.0,1.343
DEU,Germany,2015-02-16,1361.0,1.361
DEU,Germany,2015-02-23,1366.0,1.366
DEU,Germany,2015-03-02,1387.0,1.387
DEU,Germany,2015-03-09,1405.0,1.405
DEU,Germany,2015-03-16,1417.0,1.417
DEU,Germany,2015-03-23,1409.0,1.409
DEU,Germany,2015-03-30,1426.0,1.426
DEU,Germany,2015-04-13,1437.0,1.437
DEU,Germany,2015-04-20,1466.0,1.466
DEU,Germany,2015-04-27,1480.0,1.48
DEU,Germany,2015-05-04,1489.0,1.489
DEU,Germany,2015-05-11,1487.0,1.487
DEU,Germany,2015-05-18,1487.0,1.487
DEU,Germany,2015-05-25,1494.0,1.494
DEU,Germany,2015-06-01,1485.0,1.485
DEU,Germany,2015-06-08,1488.0,1.488
DEU,Germany,2015-06-15,1499.0,1.499
DEU,Germany,2015-06-22,1499.0,1.499
DEU,Germany,2015-06-29,1495.0,1.495
DEU,Germany,2015-07-06,1504.0,1.504
DEU,Germany,2015-07-13,1519.0,1.519
DEU,Germany,2015-07-20,1488.0,1.488
DEU,Germany,2015-07-27,1479.0,1.479
DEU,Germany,2015-08-03,1477.0,1.477
DEU,Germany,2015-08-10,1459.0,1.459
DEU,Germany,2015-08-17,1434.0,1.434
DEU,Germany,2015-08-24,1382.0,1.382
DEU,Germany,2015-08-31,1355.0,1.355
DEU,Germany,2015-09-07,1375.0,1.375
DEU,Germany,2015-09-14,1366.0,1.366
DEU,Germany,2015-09-21,1360.0,1.36
DEU,Germany,2015-09-28,1334.0,1.334
DEU,Germany,2015-10-05,1319.0,1.319
DEU,Germany,2015-10-12,1336.0,1.336
DEU,Germany,2015-10-19,1302.0,1.302
DEU,Germany,2015-10-26,1305.0,1.305
DEU,Germany,2015-11-02,1314.0,1.314
DEU,Germany,2015-11-09,1336.0,1.336
DEU,Germany,2015-11-16,1329.0,1.329
DEU,Germany,2015-11-23,1325.0,1.325
DEU,Germany,2015-11-30,1329.0,1.329
DEU,Germany,2015-12-07,1318.0,1.318
DEU,Germany,2015-12-14,1299.0,1.299
DEU,Germany,2016-01-04,1278.0,1.278
DEU,Germany,2016-01-11,1258.0,1.258
DEU,Germany,2016-01-18,1239.0,1.239
DEU,Germany,2016-01-25,1252.0,1.252
DEU,Germany,2016-02-01,1259.0,1.259
DEU,Germany,2016-02-08,1239.0,1.239
DEU,Germany,2016-02-15,1170.0,1.17
DEU,Germany,2016-02-22,1214.0,1.214
DEU,Germany,2016-02-29,1226.0,1.226
DEU,Germany,2016-03-07,1227.0,1.227
DEU,Germany,2016-03-14,1243.0,1.243
DEU,Germany,2016-03-21,1244.0,1.244
DEU,Germany,2016-04-04,1283.0,1.283
DEU,Germany,2016-04-11,1287.0,1.287
DEU,Germany,2016-04-18,1303.0,1.303
DEU,Germany,2016-04-25,1313.0,1.313
DEU,Germany,2016-05-02,1325.0,1.325
DEU,Germany,2016-05-09,1317.0,1.317
DEU,Germany,2016-05-16,1334.0,1.334
DEU,Germany,2016-05-23,1338.0,1.338
DEU,Germany,2016-05-30,1354.0,1.354
DEU,Germany,2016-06-06,1359.0,1.359
DEU,Germany,2016-06-13,1352.0,1.352
DEU,Germany,2016-06-20,1324.0,1.324
DEU,Germany,2016-06-27,1357.0,1.357
DEU,Germany,2016-07-04,1345.0,1.345
DEU,Germany,2016-07-11,1321.0,1.321
DEU,Germany,2016-07-18,1320.0,1.32
DEU,Germany,2016-07-25,1309.0,1.309
DEU,Germany,2016-08-01,1297.0,1.297
DEU,Germany,2016-08-08,1298.0,1.298
DEU,Germany,2016-08-15,1299.0,1.299
DEU,Germany,2016-08-22,1319.0,1.319
DEU,Germany,2016-08-29,1323.0,1.323
DEU,Germany,2016-09-05,1290.0,1.29
DEU,Germany,2016-09-12,1333.0,1.333
DEU,Germany,2016-09-19,1323.0,1.323
DEU,Germany,2016-09-26,1325.0,1.325
DEU,Germany,2016-10-03,1336.0,1.336
DEU,Germany,2016-10-10,1350.0,1.35
DEU,Germany,2016-10-17,1330.0,1.33
DEU,Germany,2016-10-24,1331.0,1.331
DEU,Germany,2016-10-31,1328.0,1.328
DEU,Germany,2016-11-07,1327.0,1.327
DEU,Germany,2016-11-14,1317.0,1.317
DEU,Germany,2016-11-21,1318.0,1.318
DEU,Germany,2016-11-28,1334.0,1.334
DEU,Germany,2016-12-05,1358.0,1.358
DEU,Germany,2016-12-12,1365.0,1.365
DEU,Germany,2016-12-19,1380.0,1.38
DEU,Germany,2017-01-02,1405.0,1.405
DEU,Germany,2017-01-09,1403.0,1.403
DEU,Germany,2017-01-16,1398.0,1.398
DEU,Germany,2017-01-23,1393.0,1.393
DEU,Germany,2017-01-30,1397.0,1.397
DEU,Germany,2017-02-06,1402.0,1.402
DEU,Germany,2017-02-13,1409.0,1.409
DEU,Germany,2017-02-20,1408.0,1.408
DEU,Germany,2017-02-27,1404.0,1.404
DEU,Germany,2017-03-06,1389.0,1.389
DEU,Germany,2017-03-13,1381.0,1.381
DEU,Germany,2017-03-20,1362.0,1.362
DEU,Germany,2017-03-27,1361.0,1.361
DEU,Germany,2017-04-03,1383.0,1.383
DEU,Germany,2017-04-10,1403.0,1.403
DEU,Germany,2017-04-24,1401.0,1.401
DEU,Germany,2017-05-01,1388.0,1.388
DEU,Germany,2017-05-08,1366.0,1.366
DEU,Germany,2017-05-15,1376.0,1.376
DEU,Germany,2017-05-22,1377.0,1.377
DEU,Germany,2017-05-29,1381.0,1.381
DEU,Germany,2017-06-05,1377.0,1.377
DEU,Germany,2017-06-12,1362.0,1.362
DEU,Germany,2017-06-19,1353.0,1.353
DEU,Germany,2017-06-26,1344.0,1.344
DEU,Germany,2017-07-03,1344.0,1.344
DEU,Germany,2017-07-10,1342.0,1.342
DEU,Germany,2017-07-17,1349.0,1.349
DEU,Germany,2017-07-24,1347.0,1.347
DEU,Germany,2017-07-31,1348.0,1.348
DEU,Germany,2017-08-07,1355.0,1.355
DEU,Germany,2017-08-14,1356.0,1.356
DEU,Germany,2017-08-21,1350.0,1.35
DEU,Germany,2017-08-28,1362.0,1.362
DEU,Germany,2017-09-04,1393.0,1.393
DEU,Germany,2017-09-11,1395.0,1.395
DEU,Germany,2017-09-18,1381.0,1.381
DEU,Germany,2017-09-25,1376.0,1.376
DEU,Germany,2017-10-02,1376.0,1.376
DEU,Germany,2017-10-09,1369.0,1.369
DEU,Germany,2017-10-16,1362.0,1.362
DEU,Germany,2017-10-23,1360.0,1.36
DEU,Germany,2017-10-30,1376.0,1.376
DEU,Germany,2017-11-06,1399.0,1.399
DEU,Germany,2017-11-13,1348.0,1.348
DEU,Germany,2017-11-20,1358.0,1.358
DEU,Germany,2017-11-27,1363.0,1.363
DEU,Germany,2017-12-04,1359.0,1.359
DEU,Germany,2017-12-11,1348.0,1.348
DEU,Germany,2017-12-18,1355.0,1.355
DEU,Germany,2018-01-01,1378.0,1.378
DEU,Germany,2018-01-08,1376.0,1.376
DEU,Germany,2018-01-15,1352.0,1.352
DEU,Germany,2018-01-22,1356.0,1.356
DEU,Germany,2018-01-29,1371.0,1.371
DEU,Germany,2018-02-05,1371.0,1.371
DEU,Germany,2018-02-12,1355.0,1.355
DEU,Germany,2018-02-19,1339.0,1.339
DEU,Germany,2018-02-26,1340.0,1.34
DEU,Germany,2018-03-05,1340.0,1.34
DEU,Germany,2018-03-12,1326.0,1.326
DEU,Germany,2018-03-19,1325.0,1.325
DEU,Germany,2018-03-26,1318.0,1.318
DEU,Germany,2018-04-09,1366.0,1.366
DEU,Germany,2018-04-16,1383.0,1.383
DEU,Germany,2018-04-23,1394.0,1.394
DEU,Germany,2018-04-30,1412.0,1.412
DEU,Germany,2018-05-07,1412.0,1.412
DEU,Germany,2018-05-14,1441.0,1.441
DEU,Germany,2018-05-21,1474.0,1.474
DEU,Germany,2018-05-28,1475.0,1.475
DEU,Germany,2018-06-04,1472.0,1.472
DEU,Germany,2018-06-11,1459.0,1.459
DEU,Germany,2018-06-18,1454.0,1.454
DEU,Germany,2018-06-25,1444.0,1.444
DEU,Germany,2018-07-02,1462.0,1.462
DEU,Germany,2018-07-09,1458.0,1.458
DEU,Germany,2018-07-16,1455.0,1.455
DEU,Germany,2018-07-23,1451.0,1.451
DEU,Germany,2018-07-30,1466.0,1.466
DEU,Germany,2018-08-06,1475.0,1.475
DEU,Germany,2018-08-13,1479.0,1.479
DEU,Germany,2018-08-20,1481.0,1.481
DEU,Germany,2018-08-27,1490.0,1.49
DEU,Germany,2018-09-03,1499.0,1.499
DEU,Germany,2018-09-10,1511.0,1.511
DEU,Germany,2018-09-17,1519.0,1.519
DEU,Germany,2018-09-24,1512.0,1.512
DEU,Germany,2018-10-01,1510.0,1.51
DEU,Germany,2018-10-08,1528.0,1.528
DEU,Germany,2018-10-15,1513.0,1.513
DEU,Germany,2018-10-22,1521.0,1.521
DEU,Germany,2018-10-29,1547.0,1.547
DEU,Germany,2018-11-05,1555.0,1.555
DEU,Germany,2018-11-12,1556.0,1.556
DEU,Germany,2018-11-19,1540.0,1.54
DEU,Germany,2018-11-26,1509.0,1.509
DEU,Germany,2018-12-03,1485.0,1.485
DEU,Germany,2018-12-10,1460.0,1.46
DEU,Germany,2018-12-17,1425.0,1.425
DEU,Germany,2019-01-07,1352.0,1.352
DEU,Germany,2019-01-14,1353.0,1.353
DEU,Germany,2019-01-21,1338.0,1.338
DEU,Germany,2019-01-28,1330.0,1.33
DEU,Germany,2019-02-04,1332.0,1.332
DEU,Germany,2019-02-11,1328.0,1.328
DEU,Germany,2019-02-18,1348.0,1.348
DEU,Germany,2019-02-25,1336.0,1.336
DEU,Germany,2019-03-04,1352.0,1.352
DEU,Germany,2019-03-11,1359.0,1.359
DEU,Germany,2019-03-18,1346.0,1.346
DEU,Germany,2019-03-25,1382.0,1.382
DEU,Germany,2019-04-01,1407.0,1.407
DEU,Germany,2019-04-08,1430.0,1.43
DEU,Germany,2019-04-15,1461.0,1.461
DEU,Germany,2019-04-29,1495.0,1.495
DEU,Germany,2019-05-06,1509.0,1.509
DEU,Germany,2019-05-13,1508.0,1.508
DEU,Germany,2019-05-20,1533.0,1.533
DEU,Germany,2019-05-27,1539.0,1.539
DEU,Germany,2019-06-03,1536.0,1.536
DEU,Germany,2019-06-10,1496.0,1.496
DEU,Germany,2019-06-17,1485.0,1.485
DEU,Germany,2019-06-24,1481.0,1.481
DEU,Germany,2019-07-01,1474.0,1.474
DEU,Germany,2019-07-08,1460.0,1.46
DEU,Germany,2019-07-15,1478.0,1.478
DEU,Germany,2019-07-22,1436.0,1.436
DEU,Germany,2019-07-29,1450.0,1.45
DEU,Germany,2019-08-05,1451.0,1.451
DEU,Germany,2019-08-12,1423.0,1.423
DEU,Germany,2019-08-19,1420.0,1.42
DEU,Germany,2019-08-26,1409.0,1.409
DEU,Germany,2019-09-02,1402.0,1.402
DEU,Germany,2019-09-09,1404.0,1.404
DEU,Germany,2019-09-16,1403.0,1.403
DEU,Germany,2019-09-23,1416.0,1.416
DEU,Germany,2019-09-30,1408.0,1.408
DEU,Germany,2019-10-07,1408.0,1.408
DEU,Germany,2019-10-14,1402.0,1.402
DEU,Germany,2019-10-21,1389.0,1.389
DEU,Germany,2019-10-28,1385.0,1.385
DEU,Germany,2019-11-04,1393.0,1.393
DEU,Germany,2019-11-11,1398.0,1.398
DEU,Germany,2019-11-18,1395.0,1.395
DEU,Germany,2019-11-25,1401.0,1.401
DEU,Germany,2019-12-02,1401.0,1.401
DEU,Germany,2019-12-09,1387.0,1.387
DEU,Germany,2019-12-16,1371.0,1.371
DEU,Germany,2020-01-06,1419.0,1.419
DEU,Germany,2020-01-13,1400.0,1.4
DEU,Germany,2020-01-20,1401.0,1.401
DEU,Germany,2020-01-27,1393.0,1.393
DEU,Germany,2020-02-03,1397.0,1.397
DEU,Germany,2020-02-10,1396.0,1.396
DEU,Germany,2020-02-17,1402.0,1.402
DEU,Germany,2020-02-24,1413.0,1.413
DEU,Germany,2020-03-02,1373.0,1.373
DEU,Germany,2020-03-09,1359.0,1.359
DEU,Germany,2020-03-16,1303.0,1.303
DEU,Germany,2020-03-23,1264.0,1.264
DEU,Germany,2020-03-30,1245.0,1.245
DEU,Germany,2020-04-06,1234.0,1.234
DEU,Germany,2020-04-20,1192.0,1.192
DEU,Germany,2020-04-27,1170.0,1.17
DEU,Germany,2020-05-04,1169.0,1.169
DEU,Germany,2020-05-11,1191.0,1.191
DEU,Germany,2020-05-18,1199.0,1.199
DEU,Germany,2020-05-25,1216.0,1.216
DEU,Germany,2020-06-01,1222.0,1.222
DEU,Germany,2020-06-08,1249.0,1.249
DEU,Germany,2020-06-15,1265.0,1.265
DEU,Germany,2020-06-22,1292.0,1.292
DEU,Germany,2020-06-29,1297.0,1.297
DEU,Germany,2020-07-06,1289.0,1.289
DEU,Germany,2020-07-13,1300.0,1.3
DEU,Germany,2020-07-20,1290.0,1.29
DEU,Germany,2020-07-27,1300.0,1.3
DEU,Germany,2020-08-03,1283.0,1.283
DEU,Germany,2020-08-10,1283.0,1.283
DEU,Germany,2020-08-17,1287.0,1.287
DEU,Germany,2020-08-24,1289.0,1.289
DEU,Germany,2020-08-31,1297.0,1.297
DEU,Germany,2020-09-07,1290.0,1.29
DEU,Germany,2020-09-14,1283.0,1.283
DEU,Germany,2020-09-21,1289.0,1.289
DEU,Germany,2020-09-28,1284.0,1.284
DEU,Germany,2020-10-05,1289.0,1.289
DEU,Germany,2020-10-12,1293.0,1.293
DEU,Germany,2020-10-19,1281.0,1.281
DEU,Germany,2020-10-26,1266.0,1.266
DEU,Germany,2020-11-02,1238.0,1.238
DEU,Germany,2020-11-09,1237.0,1.237
DEU,Germany,2020-11-16,1261.0,1.261
DEU,Germany,2020-11-23,1263.0,1.263
DEU,Germany,2020-11-30,1272.0,1.272
DEU,Germany,2020-12-07,1267.0,1.267
DEU,Germany,2020-12-14,1257.0,1.257
DEU,Germany,2020-12-21,1281.0,1.281
DEU,Germany,2021-01-11,1392.0,1.392
DEU,Germany,2021-01-18,1406.0,1.406
DEU,Germany,2021-01-25,1408.0,1.408
DEU,Germany,2021-02-01,1409.0,1.409
DEU,Germany,2021-02-08,1425.0,1.425
DEU,Germany,2021-02-15,1429.0,1.429
DEU,Germany,2021-02-22,1463.0,1.463
DEU,Germany,2021-03-01,1486.0,1.486
DEU,Germany,2021-03-08,1506.0,1.506
DEU,Germany,2021-03-15,1524.0,1.524
DEU,Germany,2021-03-22,1508.0,1.508
DEU,Germany,2021-03-29,1513.0,1.513
DEU,Germany,2021-04-12,1517.0,1.517
DEU,Germany,2021-04-19,1526.0,1.526
DEU,Germany,2021-04-26,1522.0,1.522
DEU,Germany,2021-05-03,1526.0,1.526
DEU,Germany,2021-05-10,1550.0,1.55
DEU,Germany,2021-05-17,1538.0,1.538
DEU,Germany,2021-05-24,1541.0,1.541
DEU,Germany,2021-05-31,1548.0,1.548
DEU,Germany,2021-06-07,1549.0,1.549
DEU,Germany,2021-06-14,1556.0,1.556
DEU,Germany,2021-06-21,1564.0,1.564
DEU,Germany,2021-06-28,1587.0,1.587
DEU,Germany,2021-07-05,1594.0,1.594
DEU,Germany,2021-07-12,1603.0,1.603
DEU,Germany,2021-07-19,1615.0,1.615
DEU,Germany,2021-07-26,1613.0,1.613
DEU,Germany,2021-08-02,1623.0,1.623
DEU,Germany,2021-08-09,1621.0,1.621
DEU,Germany,2021-08-16,1623.0,1.623
DEU,Germany,2021-08-23,1603.0,1.603
DEU,Germany,2021-08-30,1616.0,1.616
DEU,Germany,2021-09-06,1624.0,1.624
DEU,Germany,2021-09-13,1629.0,1.629
DEU,Germany,2021-09-20,1636.0,1.636
DEU,Germany,2021-09-27,1633.0,1.633
DEU,Germany,2021-10-04,1667.0,1.667
DEU,Germany,2021-10-11,1702.0,1.702
DEU,Germany,2021-10-18,1730.0,1.73
DEU,Germany,2021-10-25,1735.0,1.735
DEU,Germany,2021-11-01,1742.0,1.742
DEU,Germany,2021-11-08,1752.0,1.752
DEU,Germany,2021-11-15,1760.0,1.76
DEU,Germany,2021-11-22,1741.0,1.741
DEU,Germany,2021-11-29,1714.0,1.714
DEU,Germany,2021-12-06,1663.0,1.663
DEU,Germany,2021-12-13,1671.0,1.671
DEU,Germany,2021-12-20,1659.0,1.659
DEU,Germany,2022-01-03,1718.0,1.718
DEU,Germany,2022-01-10,1722.0,1.722
DEU,Germany,2022-01-17,1732.0,1.732
DEU,Germany,2022-01-24,1743.0,1.743
DEU,Germany,2022-01-31,1772.0,1.772
DEU,Germany,2022-02-07,1789.0,1.789
DEU,Germany,2022-02-14,1806.0,1.806
DEU,Germany,2022-02-21,1804.0,1.804
DEU,Germany,2022-02-28,1873.0,1.873
DEU,Germany,2022-03-07,2067.0,2.067
DEU,Germany,2022-03-14,2259.0,2.259
DEU,Germany,2022-03-21,2144.0,2.144
DEU,Germany,2022-03-28,2126.0,2.126
DEU,Germany,2022-04-04,2056.0,2.056
DEU,Germany,2022-04-11,2026.0,2.026
DEU,Germany,2022-04-25,2029.0,2.029
DEU,Germany,2022-05-02,2059.0,2.059
DEU,Germany,2022-05-09,2093.0,2.093
DEU,Germany,2022-05-16,2131.0,2.131
DEU,Germany,2022-05-23,2154.0,2.154
DEU,Germany,2022-05-30,2193.0,2.193
DEU,Germany,2022-06-06,1999.0,1.999
DEU,Germany,2022-06-13,2007.0,2.007
DEU,Germany,2022-06-20,1974.0,1.974
DEU,Germany,2022-06-27,1929.0,1.929
DEU,Germany,2022-07-04,1900.0,1.9
DEU,Germany,2022-07-11,1884.0,1.884
DEU,Germany,2022-07-18,1864.0,1.864
DEU,Germany,2022-07-25,1817.0,1.817
DEU,Germany,2022-08-01,1814.0,1.814
DEU,Germany,2022-08-08,1760.0,1.76
DEU,Germany,2022-08-15,1767.0,1.767
DEU,Germany,2022-08-22,1792.0,1.792
DEU,Germany,2022-08-29,1836.0,1.836
DEU,Germany,2022-09-05,2068.0,2.068
DEU,Germany,2022-09-12,2017.0,2.017
DEU,Germany,2022-09-19,1985.0,1.985
DEU,Germany,2022-09-26,1951.0,1.951
DEU,Germany,2022-10-03,1941.0,1.941
DEU,Germany,2022-10-10,2005.0,2.005
DEU,Germany,2022-10-17,2012.0,2.012
DEU,Germany,2022-10-24,1962.0,1.962
DEU,Germany,2022-10-31,1945.0,1.945
DEU,Germany,2022-11-07,1974.0,1.974
DEU,Germany,2022-11-14,1923.0,1.923
DEU,Germany,2022-11-21,1855.0,1.855
DEU,Germany,2022-11-28,1818.0,1.818
DEU,Germany,2022-12-05,1801.0,1.801
DEU,Germany,2022-12-12,1716.0,1.716
DEU,Germany,2022-12-19,1732.0,1.732
DEU,Germany,2022-12-26,1747.0,1.747
DEU,Germany,2023-01-02,1731.0,1.731
DEU,Germany,2023-01-09,1780.0,1.78
DEU,Germany,2023-01-16,1801.0,1.801
DEU,Germany,2023-01-23,1827.0,1.827
DEU,Germany,2023-01-30,1845.0,1.845
DEU,Germany,2023-02-06,1802.0,1.802
DEU,Germany,2023-02-13,1828.0,1.828
DEU,Germany,2023-02-20,1819.0,1.819
DEU,Germany,2023-02-27,1818.0,1.818
DEU,Germany,2023-03-06,1840.0,1.84
DEU,Germany,2023-03-13,1832.0,1.832
DEU,Germany,2023-03-20,1796.0,1.796
DEU,Germany,2023-03-27,1820.0,1.82
DEU,Germany,2023-04-03,1841.0,1.841
DEU,Germany,2023-04-10,1881.0,1.881
DEU,Germany,2023-04-17,1880.0,1.88
DEU,Germany,2023-04-24,1842.0,1.842
DEU,Germany,2023-05-01,1848.0,1.848
DEU,Germany,2023-05-08,1829.0,1.829
DEU,Germany,2023-05-15,1836.0,1.836
DEU,Germany,2023-05-22,1851.0,1.851
DEU,Germany,2023-05-29,1867.0,1.867
DEU,Germany,2023-06-05,1847.0,1.847
DEU,Germany,2023-06-12,1859.0,1.859
DEU,Germany,2023-06-19,1857.0,1.857
DEU,Germany,2023-06-26,1847.0,1.847
DEU,Germany,2023-07-03,1850.0,1.85
DEU,Germany,2023-07-10,1854.0,1.854
DEU,Germany,2023-07-17,1854.0,1.854
DEU,Germany,2023-07-24,1875.0,1.875
DEU,Germany,2023-07-31,1909.0,1.909
DEU,Germany,2023-08-07,1904.0,1.904
DEU,Germany,2023-08-14,1916.0,1.916
DEU,Germany,2023-08-21,1911.0,1.911
DEU,Germany,2023-08-28,1931.0,1.931
DEU,Germany,2023-09-04,1929.0,1.929
DEU,Germany,2023-09-11,1941.0,1.941
DEU,Germany,2023-09-18,1950.0,1.95
DEU,Germany,2023-09-25,1942.0,1.942
DEU,Germany,2023-10-02,1924.0,1.924
DEU,Germany,2023-10-09,1880.0,1.88
DEU,Germany,2023-10-16,1871.0,1.871
DEU,Germany,2023-10-23,1868.0,1.868
DEU,Germany,2023-10-30,1835.0,1.835
DEU,Germany,2023-11-06,1856.0,1.856
DEU,Germany,2023-11-13,1836.0,1.836
DEU,Germany,2023-11-20,1813.0,1.813
DEU,Germany,2023-11-27,1814.0,1.814
DEU,Germany,2023-12-04,1803.0,1.803
DEU,Germany,2023-12-11,1781.0,1.781
DEU,Germany,2023-12-18,1760.0,1.76
DEU,Germany,2023-12-25,1773.0,1.773
DEU,Germany,2024-01-01,1784.0,1.784
DEU,Germany,2024-01-08,1801.0,1.801
DEU,Germany,2024-01-15,1794.0,1.794
DEU,Germany,2024-01-22,1788.0,1.788
DEU,Germany,2024-01-29,1802.0,1.802
DEU,Germany,2024-02-05,1793.0,1.793
DEU,Germany,2024-02-12,1824.0,1.824
DEU,Germany,2024-02-19,1832.0,1.832
DEU,Germany,2024-02-26,1826.0,1.826
DEU,Germany,2024-03-04,1836.0,1.836
DEU,Germany,2024-03-11,1824.0,1.824
DEU,Germany,2024-03-18,1840.0,1.84
DEU,Germany,2024-03-25,1859.0,1.859
DEU,Germany,2024-04-01,1889.0,1.889
DEU,Germany,2024-04-08,1912.0,1.912
DEU,Germany,2024-04-15,1922.0,1.922
DEU,Germany,2024-04-22,1913.0,1.913
DEU,Germany,2024-04-29,1901.0,1.901
DEU,Germany,2024-05-06,1881.0,1.881
DEU,Germany,2024-05-13,1871.0,1.871
DEU,Germany,2024-05-20,1865.0,1.865
DEU,Germany,2024-05-27,1845.0,1.845
DEU,Germany,2024-06-03,1830.0,1.83
DEU,Germany,2024-06-10,1816.0,1.816
DEU,Germany,2024-06-17,1818.0,1.818
DEU,Germany,2024-06-24,1825.0,1.825
DEU,Germany,2024-07-01,1830.0,1.83
DEU,Germany,2024-07-08,1835.0,1.835
DEU,Germany,2024-07-15,1823.0,1.823
DEU,Germany,2024-07-22,1809.0,1.809
DEU,Germany,2024-07-29,1804.0,1.804
DEU,Germany,2024-08-05,1799.0,1.799
DEU,Germany,2024-08-12,1786.0,1.786
DEU,Germany,2024-08-19,1771.0,1.771
DEU,Germany,2024-08-26,1746.0,1.746
DEU,Germany,2024-09-02,1732.0,1.732
DEU,Germany,2024-09-09,1705.0,1.705
DEU,Germany,2024-09-16,1693.0,1.693
DEU,Germany,2024-09-23,1697.0,1.697
DEU,Germany,2024-09-30,1690.0,1.69
DEU,Germany,2024-10-07,1719.0,1.719
DEU,Germany,2024-10-14,1736.0,1.736
DEU,Germany,2024-10-21,1722.0,1.722
DEU,Germany,2024-10-28,1724.0,1.724
DEU,Germany,2024-11-04,1705.0,1.705
DEU,Germany,2024-11-11,1708.0,1.708
DEU,Germany,2024-11-18,1706.0,1.706
DEU,Germany,2024-11-25,1719.0,1.719
DEU,Germany,2024-12-02,1707.0,1.707
DEU,Germany,2024-12-09,1700.0,1.7
DEU,Germany,2024-12-16,1729.0,1.729
DEU,Germany,2024-12-23,1731.0,1.731
DEU,Germany,2024-12-30,1741.0,1.741
DEU,Germany,2025-01-06,1784.0,1.784
DEU,Germany,2025-01-13,1777.0,1.777
DEU,Germany,2025-01-20,1799.0,1.799
DEU,Germany,2025-01-27,1788.0,1.788
DEU,Germany,2025-02-03,1801.0,1.801
DEU,Germany,2025-02-10,1806.0,1.806
DEU,Germany,2025-02-17,1800.0,1.8
DEU,Germany,2025-02-24,1801.0,1.801
DEU,Germany,2025-03-03,1791.0,1.791
DEU,Germany,2025-03-10,1745.0,1.745
DEU,Germany,2025-03-17,1736.0,1.736
DEU,Germany,2025-03-24,1738.0,1.738
DEU,Germany,2025-03-31,1757.0,1.757
DEU,Germany,2025-04-07,1745.0,1.745
DEU,Germany,2025-04-14,1730.0,1.73
DEU,Germany,2025-04-21,1747.0,1.747
DEU,Germany,2025-04-28,1742.0,1.742
DEU,Germany,2025-05-05,1728.0,1.728
DEU,Germany,2025-05-12,1733.0,1.733
DEU,Germany,2025-05-19,1732.0,1.732
DEU,Germany,2025-05-26,1714.0,1.714
DEU,Germany,2025-06-02,1718.0,1.718
DEU,Germany,2025-06-09,1720.0,1.72
DEU,Germany,2025-06-16,1743.0,1.743
DEU,Germany,2025-06-23,1760.0,1.76
DEU,Germany,2025-06-30,1733.0,1.733
DEU,Germany,2025-07-07,1729.0,1.729
DEU,Germany,2025-07-14,1725.0,1.725
DEU,Germany,2025-07-21,1726.0,1.726
DEU,Germany,2025-07-28,1719.0,1.719
DEU,Germany,2025-08-04,1726.0,1.726
DEU,Germany,2025-08-11,1711.0,1.711
DEU,Germany,2025-08-18,1701.0,1.701
DEU,Germany,2025-08-25,1709.0,1.709
DEU,Germany,2025-09-01,1702.0,1.702
DEU,Germany,2025-09-08,1711.0,1.711
DEU,Germany,2025-09-15,1715.0,1.715
DEU,Germany,2025-09-22,1715.0,1.715
DEU,Germany,2025-09-29,1717.0,1.717
DEU,Germany,2025-10-06,1721.0,1.721
DEU,Germany,2025-10-13,1720.0,1.72
DEU,Germany,2025-10-20,1702.0,1.702
DEU,Germany,2025-10-27,1726.0,1.726
DEU,Germany,2025-11-03,1725.0,1.725
DEU,Germany,2025-11-10,1732.0,1.732
DEU,Germany,2025-11-17,1745.0,1.745
DEU,Germany,2025-11-24,1736.0,1.736
DEU,Germany,2025-12-01,1727.0,1.727
DEU,Germany,2025-12-08,1714.0,1.714
DEU,Germany,2025-12-15,1699.0,1.699
DEU,Germany,2025-12-22,1690.0,1.69
DEU,Germany,2025-12-29,1704.0,1.704
DEU,Germany,2026-01-05,1780.0,1.78
DEU,Germany,2026-01-12,1789.0,1.789
DEU,Germany,2026-01-19,1793.0,1.793
DEU,Germany,2026-01-26,1793.0,1.793
DEU,Germany,2026-02-02,1800.0,1.8
DEU,Germany,2026-02-09,1804.0,1.804
DEU,Germany,2026-02-16,1809.0,1.809
DEU,Germany,2026-02-23,1824.0,1.824
DEU,Germany,2026-03-02,1888.0,1.888
DEU,Germany,2026-03-09,2075.0,2.075
DEU,Germany,2026-03-16,2085.0,2.085
DEU,Germany,2026-03-23,2130.0,2.13
DEU,Germany,2026-03-30,2134.0,2.134
DEU,Germany,2026-04-06,2241.0,2.241
DEU,Germany,2026-04-13,2141.0,2.141
DEU,Germany,2026-04-20,2106.0,2.106
DEU,Germany,2026-04-27,2144.0,2.144
DEU,Germany,2026-05-04,2063.0,2.063
DEU,Germany,2026-05-11,2016.0,2.016
DEU,Germany,2026-05-18,2043.0,2.043
DEU,Germany,2026-05-25,2025.0,2.025
DEU,Germany,2026-06-01,1961.0,1.961
DEU,Germany,2026-06-08,1944.0,1.944
DEU,Germany,2026-06-15,1907.0,1.907
DEU,Germany,2026-06-22,1870.0,1.87
DEU,Germany,2026-06-29,1900.0,1.9
FRA,France,2010-01-04,1252.89,1.25289
FRA,France,2010-01-11,1303.4,1.3034000000000001
FRA,France,2010-01-18,1307.2,1.3072000000000001
FRA,France,2010-01-25,1297.1,1.2971
FRA,France,2010-02-01,1293.6,1.2935999999999999
FRA,France,2010-02-08,1304.0,1.304
FRA,France,2010-02-15,1296.6,1.2966
FRA,France,2010-02-22,1303.3,1.3033
FRA,France,2010-03-01,1334.4,1.3344
FRA,France,2010-03-08,1338.3,1.3383
FRA,France,2010-03-15,1353.3,1.3533
FRA,France,2010-03-22,1360.8,1.3608
FRA,France,2010-03-29,1357.5,1.3575
FRA,France,2010-04-12,1383.9,1.3839000000000001
FRA,France,2010-04-19,1370.0,1.37
FRA,France,2010-04-26,1373.0,1.373
FRA,France,2010-05-03,1376.4,1.3764
FRA,France,2010-05-10,1378.7,1.3787
FRA,France,2010-05-17,1373.0,1.373
FRA,France,2010-05-24,1368.4,1.3684
FRA,France,2010-05-31,1346.8,1.3468
FRA,France,2010-06-07,1346.2,1.3462
FRA,France,2010-06-14,1350.6,1.3505999999999998
FRA,France,2010-06-21,1362.7,1.3627
FRA,France,2010-06-28,1366.2,1.3662
FRA,France,2010-07-05,1356.9,1.3569
FRA,France,2010-07-12,1332.7,1.3327
FRA,France,2010-07-19,1328.8,1.3288
FRA,France,2010-07-26,1327.3,1.3273
FRA,France,2010-08-02,1307.4,1.3074000000000001
FRA,France,2010-08-09,1336.2,1.3362
FRA,France,2010-08-16,1336.5,1.3365
FRA,France,2010-08-23,1323.7,1.3237
FRA,France,2010-08-30,1312.6,1.3126
FRA,France,2010-09-06,1317.3,1.3173
FRA,France,2010-09-13,1327.3,1.3273
FRA,France,2010-09-20,1340.5,1.3405
FRA,France,2010-09-27,1323.8,1.3237999999999999
FRA,France,2010-10-04,1314.7,1.3147
FRA,France,2010-10-11,1336.5,1.3365
FRA,France,2010-10-18,1354.4,1.3544
FRA,France,2010-10-25,1359.1,1.3591
FRA,France,2010-11-08,1355.7,1.3557000000000001
FRA,France,2010-11-15,1354.8,1.3548
FRA,France,2010-11-22,1361.7,1.3617000000000001
FRA,France,2010-11-29,1365.4,1.3654000000000002
FRA,France,2010-12-06,1394.7,1.3947
FRA,France,2010-12-13,1409.6,1.4096
FRA,France,2010-12-20,1412.2,1.4122000000000001
FRA,France,2011-01-03,1433.1,1.4330999999999998
FRA,France,2011-01-10,1443.2,1.4432
FRA,France,2011-01-17,1466.8,1.4667999999999999
FRA,France,2011-01-24,1464.8,1.4647999999999999
FRA,France,2011-01-31,1455.0,1.455
FRA,France,2011-02-07,1458.3,1.4583
FRA,France,2011-02-14,1457.4,1.4574
FRA,France,2011-02-21,1464.4,1.4644000000000001
FRA,France,2011-02-28,1491.5,1.4915
FRA,France,2011-03-07,1506.7,1.5067000000000002
FRA,France,2011-03-14,1517.9,1.5179
FRA,France,2011-03-21,1496.9,1.4969000000000001
FRA,France,2011-03-28,1501.9,1.5019
FRA,France,2011-04-04,1545.3,1.5453
FRA,France,2011-04-11,1530.4,1.5304
FRA,France,2011-04-18,1538.3,1.5383
FRA,France,2011-05-02,1546.9,1.5469000000000002
FRA,France,2011-05-09,1549.2,1.5492000000000001
FRA,France,2011-05-16,1540.2,1.5402
FRA,France,2011-05-23,1515.2,1.5152
FRA,France,2011-05-30,1515.4,1.5154
FRA,France,2011-06-06,1516.4,1.5164000000000002
FRA,France,2011-06-13,1499.5,1.4995
FRA,France,2011-06-20,1503.0,1.503
FRA,France,2011-06-27,1482.1,1.4821
FRA,France,2011-07-04,1462.8,1.4627999999999999
FRA,France,2011-07-11,1484.4,1.4844000000000002
FRA,France,2011-07-18,1517.9,1.5179
FRA,France,2011-07-25,1531.0,1.531
FRA,France,2011-08-01,1519.9,1.5199
FRA,France,2011-08-08,1521.6,1.5215999999999998
FRA,France,2011-08-22,1484.6,1.4846
FRA,France,2011-08-29,1484.8,1.4848
FRA,France,2011-09-05,1508.8,1.5088
FRA,France,2011-09-12,1529.5,1.5295
FRA,France,2011-09-19,1524.1,1.5241
FRA,France,2011-09-26,1515.5,1.5155
FRA,France,2011-10-03,1494.7,1.4947000000000001
FRA,France,2011-10-10,1485.1,1.4850999999999999
FRA,France,2011-10-17,1502.4,1.5024000000000002
FRA,France,2011-10-24,1498.1,1.4981
FRA,France,2011-10-31,1495.4,1.4954
FRA,France,2011-11-07,1491.3,1.4912999999999998
FRA,France,2011-11-14,1497.9,1.4979
FRA,France,2011-11-21,1489.7,1.4897
FRA,France,2011-11-28,1473.6,1.4735999999999998
FRA,France,2011-12-05,1480.7,1.4807000000000001
FRA,France,2011-12-12,1483.2,1.4832
FRA,France,2011-12-19,1491.1,1.4910999999999999
FRA,France,2012-01-09,1536.2,1.5362
FRA,France,2012-01-16,1556.3,1.5563
FRA,France,2012-01-23,1555.5,1.5555
FRA,France,2012-01-30,1552.8,1.5528
FRA,France,2012-02-06,1564.0,1.564
FRA,France,2012-02-13,1578.7,1.5787
FRA,France,2012-02-20,1580.3,1.5803
FRA,France,2012-02-27,1609.4,1.6094000000000002
FRA,France,2012-03-05,1608.84,1.6088399999999998
FRA,France,2012-03-12,1621.1,1.6211
FRA,France,2012-03-19,1645.1,1.6451
FRA,France,2012-03-26,1650.6,1.6505999999999998
FRA,France,2012-04-02,1654.6,1.6545999999999998
FRA,France,2012-04-16,1666.4,1.6664
FRA,France,2012-04-23,1650.7,1.6507
FRA,France,2012-04-30,1628.2,1.6282
FRA,France,2012-05-07,1610.94,1.61094
FRA,France,2012-05-14,1581.5,1.5815
FRA,France,2012-05-21,1569.2,1.5692000000000002
FRA,France,2012-05-28,1563.0,1.563
FRA,France,2012-06-04,1566.8,1.5668
FRA,France,2012-06-11,1543.4,1.5434
FRA,France,2012-06-18,1520.5,1.5205
FRA,France,2012-06-25,1510.3,1.5103
FRA,France,2012-07-02,1502.6,1.5026
FRA,France,2012-07-09,1525.3,1.5252999999999999
FRA,France,2012-07-16,1551.2,1.5512000000000001
FRA,France,2012-07-23,1567.2,1.5672000000000001
FRA,France,2012-07-30,1555.0,1.555
FRA,France,2012-08-06,1574.0,1.574
FRA,France,2012-08-13,1600.7,1.6007
FRA,France,2012-08-20,1634.9,1.6349
FRA,France,2012-08-27,1648.2,1.6482
FRA,France,2012-09-03,1586.1,1.5860999999999998
FRA,France,2012-09-10,1593.6,1.5936
FRA,France,2012-09-17,1588.9,1.5889000000000002
FRA,France,2012-09-24,1532.0,1.532
FRA,France,2012-10-01,1539.4,1.5394
FRA,France,2012-10-08,1557.7,1.5577
FRA,France,2012-10-15,1579.7,1.5797
FRA,France,2012-10-22,1542.1,1.5420999999999998
FRA,France,2012-10-29,1502.3,1.5023
FRA,France,2012-11-05,1484.8,1.4848
FRA,France,2012-11-12,1485.5,1.4855
FRA,France,2012-11-19,1497.8,1.4978
FRA,France,2012-11-26,1500.5,1.5005
FRA,France,2012-12-03,1487.0,1.487
FRA,France,2012-12-10,1491.6,1.4915999999999998
FRA,France,2012-12-17,1501.9,1.5019
FRA,France,2013-01-07,1524.0,1.524
FRA,France,2013-01-14,1554.5,1.5545
FRA,France,2013-01-21,1555.9,1.5559
FRA,France,2013-01-28,1571.2,1.5712000000000002
FRA,France,2013-02-04,1586.7,1.5867
FRA,France,2013-02-11,1598.1,1.5980999999999999
FRA,France,2013-02-18,1612.6,1.6125999999999998
FRA,France,2013-02-25,1621.5,1.6215
FRA,France,2013-03-04,1616.2,1.6162
FRA,France,2013-03-11,1596.5,1.5965
FRA,France,2013-03-18,1580.0,1.58
FRA,France,2013-03-25,1586.6,1.5866
FRA,France,2013-04-01,1599.4,1.5994000000000002
FRA,France,2013-04-08,1596.8,1.5968
FRA,France,2013-04-15,1561.6,1.5615999999999999
FRA,France,2013-04-22,1525.0,1.525
FRA,France,2013-04-29,1523.0,1.523
FRA,France,2013-05-06,1514.9,1.5149000000000001
FRA,France,2013-05-13,1515.2,1.5152
FRA,France,2013-05-20,1527.1,1.5271
FRA,France,2013-05-27,1540.2,1.5402
FRA,France,2013-06-03,1541.1,1.5411
FRA,France,2013-06-10,1539.8,1.5398
FRA,France,2013-06-17,1531.4,1.5314
FRA,France,2013-06-24,1533.0,1.533
FRA,France,2013-07-01,1525.2,1.5252000000000001
FRA,France,2013-07-08,1524.8,1.5248
FRA,France,2013-07-15,1536.3,1.5363
FRA,France,2013-07-22,1559.1,1.5591
FRA,France,2013-07-29,1531.2,1.5312000000000001
FRA,France,2013-08-05,1545.6,1.5455999999999999
FRA,France,2013-08-12,1544.3,1.5443
FRA,France,2013-08-19,1537.5,1.5375
FRA,France,2013-08-26,1548.0,1.548
FRA,France,2013-09-02,1561.5,1.5615
FRA,France,2013-09-09,1555.3,1.5553
FRA,France,2013-09-16,1541.7,1.5417
FRA,France,2013-09-23,1518.6,1.5186
FRA,France,2013-09-30,1501.3,1.5012999999999999
FRA,France,2013-10-07,1490.1,1.4901
FRA,France,2013-10-14,1483.6,1.4835999999999998
FRA,France,2013-10-21,1488.1,1.4881
FRA,France,2013-10-28,1484.1,1.4841
FRA,France,2013-11-04,1467.7,1.4677
FRA,France,2013-11-11,1467.1,1.4670999999999998
FRA,France,2013-11-18,1474.9,1.4749
FRA,France,2013-11-25,1488.3,1.4883
FRA,France,2013-12-02,1498.7,1.4987000000000001
FRA,France,2013-12-09,1501.1,1.5010999999999999
FRA,France,2013-12-16,1495.3,1.4952999999999999
FRA,France,2014-01-06,1507.8,1.5078
FRA,France,2014-01-13,1500.0,1.5
FRA,France,2014-01-20,1494.8,1.4948
FRA,France,2014-01-27,1495.0,1.495
FRA,France,2014-02-03,1497.98,1.49798
FRA,France,2014-02-10,1499.7,1.4997
FRA,France,2014-02-17,1508.28,1.50828
FRA,France,2014-02-24,1512.33,1.51233
FRA,France,2014-03-03,1516.76,1.5167599999999999
FRA,France,2014-03-10,1512.22,1.5122200000000001
FRA,France,2014-03-17,1504.5,1.5045
FRA,France,2014-03-24,1498.19,1.4981900000000001
FRA,France,2014-03-31,1504.5,1.5045
FRA,France,2014-04-07,1510.41,1.51041
FRA,France,2014-04-14,1512.6,1.5126
FRA,France,2014-04-28,1523.45,1.52345
FRA,France,2014-05-05,1527.85,1.52785
FRA,France,2014-05-12,1517.42,1.51742
FRA,France,2014-05-19,1514.56,1.51456
FRA,France,2014-05-26,1519.13,1.51913
FRA,France,2014-06-02,1524.69,1.52469
FRA,France,2014-06-09,1522.57,1.52257
FRA,France,2014-06-16,1522.96,1.52296
FRA,France,2014-06-23,1539.68,1.5396800000000002
FRA,France,2014-06-30,1548.9,1.5489000000000002
FRA,France,2014-07-07,1543.7,1.5437
FRA,France,2014-07-14,1526.6,1.5266
FRA,France,2014-07-21,1531.35,1.53135
FRA,France,2014-07-28,1521.94,1.52194
FRA,France,2014-08-04,1498.91,1.4989100000000002
FRA,France,2014-08-11,1502.97,1.50297
FRA,France,2014-08-18,1499.03,1.4990299999999999
FRA,France,2014-08-25,1494.7,1.4947000000000001
FRA,France,2014-09-01,1499.3,1.4992999999999999
FRA,France,2014-09-08,1480.8,1.4808
FRA,France,2014-09-15,1500.0,1.5
FRA,France,2014-09-22,1495.5,1.4955
FRA,France,2014-09-29,1489.5,1.4895
FRA,France,2014-10-06,1491.7,1.4917
FRA,France,2014-10-13,1488.7,1.4887000000000001
FRA,France,2014-10-20,1459.6,1.4596
FRA,France,2014-10-27,1430.0,1.43
FRA,France,2014-11-03,1424.4,1.4244
FRA,France,2014-11-10,1426.7,1.4267
FRA,France,2014-11-17,1429.0,1.429
FRA,France,2014-11-24,1414.2,1.4142000000000001
FRA,France,2014-12-01,1406.7,1.4067
FRA,France,2014-12-08,1373.3,1.3733
FRA,France,2014-12-15,1338.8,1.3388
FRA,France,2015-01-05,1288.0,1.288
FRA,France,2015-01-12,1282.7,1.2827
FRA,France,2015-01-19,1267.5,1.2675
FRA,France,2015-01-26,1267.66,1.26766
FRA,France,2015-02-02,1276.93,1.2769300000000001
FRA,France,2015-02-09,1311.43,1.31143
FRA,France,2015-02-16,1339.97,1.33997
FRA,France,2015-02-23,1353.41,1.35341
FRA,France,2015-03-02,1359.2,1.3592
FRA,France,2015-03-09,1378.62,1.37862
FRA,France,2015-03-16,1395.02,1.39502
FRA,France,2015-03-23,1392.85,1.39285
FRA,France,2015-03-30,1393.64,1.39364
FRA,France,2015-04-13,1393.4,1.3934000000000002
FRA,France,2015-04-20,1409.66,1.4096600000000001
FRA,France,2015-04-27,1426.36,1.4263599999999999
FRA,France,2015-05-04,1436.71,1.43671
FRA,France,2015-05-11,1440.95,1.44095
FRA,France,2015-05-18,1433.5,1.4335
FRA,France,2015-05-25,1432.41,1.4324100000000002
FRA,France,2015-06-01,1438.5,1.4385
FRA,France,2015-06-08,1440.37,1.44037
FRA,France,2015-06-15,1441.2,1.4412
FRA,France,2015-06-22,1450.31,1.45031
FRA,France,2015-06-29,1440.9,1.4409
FRA,France,2015-07-06,1420.39,1.42039
FRA,France,2015-07-13,1443.59,1.44359
FRA,France,2015-07-20,1443.07,1.4430699999999999
FRA,France,2015-07-27,1429.78,1.42978
FRA,France,2015-08-03,1394.2,1.3942
FRA,France,2015-08-10,1401.0,1.401
FRA,France,2015-08-17,1385.0,1.385
FRA,France,2015-08-24,1363.94,1.3639400000000002
FRA,France,2015-08-31,1317.34,1.31734
FRA,France,2015-09-07,1293.91,1.2939100000000001
FRA,France,2015-09-14,1310.44,1.31044
FRA,France,2015-09-21,1301.57,1.30157
FRA,France,2015-09-28,1297.0,1.297
FRA,France,2015-10-05,1294.16,1.29416
FRA,France,2015-10-12,1296.05,1.29605
FRA,France,2015-10-19,1292.63,1.2926300000000002
FRA,France,2015-10-26,1280.63,1.2806300000000002
FRA,France,2015-11-02,1279.19,1.27919
FRA,France,2015-11-09,1292.73,1.29273
FRA,France,2015-11-16,1300.32,1.30032
FRA,France,2015-11-23,1287.16,1.28716
FRA,France,2015-11-30,1288.18,1.28818
FRA,France,2015-12-07,1289.98,1.2899800000000001
FRA,France,2015-12-14,1268.7,1.2687
FRA,France,2016-01-04,1262.1,1.2621
FRA,France,2016-01-11,1284.15,1.2841500000000001
FRA,France,2016-01-18,1271.23,1.27123
FRA,France,2016-01-25,1256.9,1.2569000000000001
FRA,France,2016-02-01,1260.89,1.26089
FRA,France,2016-02-08,1261.15,1.26115
FRA,France,2016-02-15,1239.94,1.23994
FRA,France,2016-02-22,1233.58,1.23358
FRA,France,2016-02-29,1226.57,1.22657
FRA,France,2016-03-07,1231.19,1.23119
FRA,France,2016-03-14,1259.28,1.25928
FRA,France,2016-03-21,1270.45,1.27045
FRA,France,2016-04-04,1296.18,1.29618
FRA,France,2016-04-11,1291.66,1.29166
FRA,France,2016-04-18,1304.23,1.30423
FRA,France,2016-04-25,1307.83,1.3078299999999998
FRA,France,2016-05-02,1317.58,1.31758
FRA,France,2016-05-09,1313.8,1.3137999999999999
FRA,France,2016-05-16,1309.03,1.30903
FRA,France,2016-05-23,1331.87,1.3318699999999999
FRA,France,2016-05-30,1367.5,1.3675
FRA,France,2016-06-06,1370.67,1.37067
FRA,France,2016-06-13,1356.15,1.3561500000000002
FRA,France,2016-06-20,1345.3,1.3453
FRA,France,2016-06-27,1340.07,1.3400699999999999
FRA,France,2016-07-04,1333.98,1.33398
FRA,France,2016-07-11,1304.81,1.30481
FRA,France,2016-07-18,1298.21,1.29821
FRA,France,2016-07-25,1293.9,1.2939
FRA,France,2016-08-01,1271.39,1.27139
FRA,France,2016-08-08,1268.4,1.2684000000000002
FRA,France,2016-08-15,1274.5,1.2745
FRA,France,2016-08-22,1285.09,1.2850899999999998
FRA,France,2016-08-29,1296.25,1.29625
FRA,France,2016-09-05,1286.45,1.28645
FRA,France,2016-09-12,1290.77,1.29077
FRA,France,2016-09-19,1299.19,1.29919
FRA,France,2016-09-26,1293.33,1.2933299999999999
FRA,France,2016-10-03,1299.52,1.29952
FRA,France,2016-10-10,1320.74,1.32074
FRA,France,2016-10-17,1335.35,1.3353499999999998
FRA,France,2016-10-24,1338.23,1.33823
FRA,France,2016-10-31,1339.32,1.3393199999999998
FRA,France,2016-11-07,1331.2,1.3312
FRA,France,2016-11-14,1314.8,1.3148
FRA,France,2016-11-21,1309.5,1.3095
FRA,France,2016-11-28,1320.7,1.3207
FRA,France,2016-12-05,1326.03,1.32603
FRA,France,2016-12-12,1352.79,1.35279
FRA,France,2016-12-19,1364.62,1.36462
FRA,France,2017-01-02,1393.01,1.39301
FRA,France,2017-01-09,1412.89,1.4128900000000002
FRA,France,2017-01-16,1410.3,1.4102999999999999
FRA,France,2017-01-23,1412.02,1.41202
FRA,France,2017-01-30,1412.79,1.41279
FRA,France,2017-02-06,1412.6,1.4125999999999999
FRA,France,2017-02-13,1413.31,1.4133099999999998
FRA,France,2017-02-20,1419.71,1.41971
FRA,France,2017-02-27,1416.98,1.4169800000000001
FRA,France,2017-03-06,1413.16,1.41316
FRA,France,2017-03-13,1401.46,1.40146
FRA,France,2017-03-20,1381.21,1.38121
FRA,France,2017-03-27,1372.08,1.37208
FRA,France,2017-04-03,1374.58,1.37458
FRA,France,2017-04-10,1395.5,1.3955
FRA,France,2017-04-24,1410.63,1.41063
FRA,France,2017-05-01,1398.08,1.39808
FRA,France,2017-05-08,1374.39,1.37439
FRA,France,2017-05-15,1367.02,1.36702
FRA,France,2017-05-22,1369.36,1.36936
FRA,France,2017-05-29,1370.17,1.37017
FRA,France,2017-06-05,1368.32,1.36832
FRA,France,2017-06-12,1356.99,1.35699
FRA,France,2017-06-19,1343.56,1.3435599999999999
FRA,France,2017-06-26,1328.5,1.3285
FRA,France,2017-07-03,1321.96,1.32196
FRA,France,2017-07-10,1315.4,1.3154000000000001
FRA,France,2017-07-17,1322.55,1.32255
FRA,France,2017-07-24,1328.27,1.32827
FRA,France,2017-07-31,1317.9,1.3179
FRA,France,2017-08-07,1336.63,1.3366300000000002
FRA,France,2017-08-14,1338.63,1.3386300000000002
FRA,France,2017-08-21,1340.48,1.3404800000000001
FRA,France,2017-08-28,1339.94,1.3399400000000001
FRA,France,2017-09-04,1338.82,1.33882
FRA,France,2017-09-11,1373.87,1.37387
FRA,France,2017-09-18,1374.56,1.37456
FRA,France,2017-09-25,1370.68,1.3706800000000001
FRA,France,2017-10-02,1372.68,1.3726800000000001
FRA,France,2017-10-09,1362.54,1.3625399999999999
FRA,France,2017-10-16,1358.66,1.35866
FRA,France,2017-10-23,1342.76,1.34276
FRA,France,2017-10-30,1359.94,1.3599400000000001
FRA,France,2017-11-06,1375.98,1.37598
FRA,France,2017-11-13,1411.07,1.41107
FRA,France,2017-11-20,1416.1,1.4161
FRA,France,2017-11-27,1408.4,1.4084
FRA,France,2017-12-04,1407.54,1.40754
FRA,France,2017-12-11,1401.62,1.4016199999999999
FRA,France,2017-12-18,1403.2,1.4032
FRA,France,2018-01-01,1407.94,1.40794
FRA,France,2018-01-08,1468.22,1.46822
FRA,France,2018-01-15,1475.09,1.47509
FRA,France,2018-01-22,1476.27,1.47627
FRA,France,2018-01-29,1477.6,1.4775999999999998
FRA,France,2018-02-05,1478.91,1.4789100000000002
FRA,France,2018-02-12,1476.82,1.47682
FRA,France,2018-02-19,1460.61,1.46061
FRA,France,2018-02-26,1454.04,1.45404
FRA,France,2018-03-05,1457.02,1.45702
FRA,France,2018-03-12,1453.42,1.4534200000000002
FRA,France,2018-03-19,1446.87,1.4468699999999999
FRA,France,2018-03-26,1465.32,1.46532
FRA,France,2018-04-09,1480.75,1.48075
FRA,France,2018-04-16,1484.46,1.4844600000000001
FRA,France,2018-04-23,1490.93,1.49093
FRA,France,2018-04-30,1500.52,1.50052
FRA,France,2018-05-07,1503.99,1.50399
FRA,France,2018-05-14,1520.1,1.5201
FRA,France,2018-05-21,1543.33,1.5433299999999999
FRA,France,2018-05-28,1563.69,1.56369
FRA,France,2018-06-04,1560.71,1.56071
FRA,France,2018-06-11,1548.9,1.5489000000000002
FRA,France,2018-06-18,1546.83,1.54683
FRA,France,2018-06-25,1539.1,1.5391
FRA,France,2018-07-02,1534.1,1.5341
FRA,France,2018-07-09,1531.51,1.53151
FRA,France,2018-07-16,1542.22,1.54222
FRA,France,2018-07-23,1532.44,1.53244
FRA,France,2018-07-30,1524.53,1.52453
FRA,France,2018-08-06,1544.78,1.54478
FRA,France,2018-08-13,1546.96,1.5469600000000001
FRA,France,2018-08-20,1544.95,1.54495
FRA,France,2018-08-27,1546.86,1.54686
FRA,France,2018-09-03,1544.03,1.54403
FRA,France,2018-09-10,1562.23,1.56223
FRA,France,2018-09-17,1558.41,1.55841
FRA,France,2018-09-24,1552.39,1.5523900000000002
FRA,France,2018-10-01,1552.05,1.55205
FRA,France,2018-10-08,1573.28,1.57328
FRA,France,2018-10-15,1573.53,1.5735299999999999
FRA,France,2018-10-22,1555.48,1.55548
FRA,France,2018-10-29,1537.33,1.5373299999999999
FRA,France,2018-11-05,1535.33,1.5353299999999999
FRA,France,2018-11-12,1476.5,1.4765
FRA,France,2018-11-19,1459.19,1.45919
FRA,France,2018-11-26,1452.77,1.45277
FRA,France,2018-12-03,1430.47,1.4304700000000001
FRA,France,2018-12-10,1435.17,1.43517
FRA,France,2018-12-17,1431.91,1.43191
FRA,France,2019-01-07,1407.14,1.40714
FRA,France,2019-01-14,1420.78,1.42078
FRA,France,2019-01-21,1431.64,1.43164
FRA,France,2019-01-28,1435.32,1.43532
FRA,France,2019-02-04,1434.52,1.43452
FRA,France,2019-02-11,1434.28,1.43428
FRA,France,2019-02-18,1441.17,1.44117
FRA,France,2019-02-25,1458.62,1.4586199999999998
FRA,France,2019-03-04,1469.89,1.4698900000000001
FRA,France,2019-03-11,1474.53,1.47453
FRA,France,2019-03-18,1484.95,1.48495
FRA,France,2019-03-25,1495.6,1.4955999999999998
FRA,France,2019-04-01,1524.53,1.52453
FRA,France,2019-04-08,1545.57,1.5455699999999999
FRA,France,2019-04-15,1565.32,1.56532
FRA,France,2019-04-29,1580.22,1.58022
FRA,France,2019-05-06,1580.21,1.5802100000000001
FRA,France,2019-05-13,1581.04,1.58104
FRA,France,2019-05-20,1579.5,1.5795
FRA,France,2019-05-27,1594.32,1.59432
FRA,France,2019-06-03,1584.1,1.5840999999999998
FRA,France,2019-06-10,1542.95,1.54295
FRA,France,2019-06-17,1515.35,1.51535
FRA,France,2019-06-24,1508.03,1.50803
FRA,France,2019-07-01,1509.58,1.50958
FRA,France,2019-07-08,1491.78,1.4917799999999999
FRA,France,2019-07-15,1520.68,1.52068
FRA,France,2019-07-22,1530.88,1.53088
FRA,France,2019-07-29,1518.28,1.51828
FRA,France,2019-08-05,1519.26,1.51926
FRA,France,2019-08-12,1507.06,1.5070599999999998
FRA,France,2019-08-19,1493.31,1.49331
FRA,France,2019-08-26,1492.07,1.49207
FRA,France,2019-09-02,1491.39,1.49139
FRA,France,2019-09-09,1476.85,1.47685
FRA,France,2019-09-16,1489.45,1.48945
FRA,France,2019-09-23,1510.47,1.51047
FRA,France,2019-09-30,1510.39,1.5103900000000001
FRA,France,2019-10-07,1505.23,1.50523
FRA,France,2019-10-14,1505.59,1.50559
FRA,France,2019-10-21,1497.11,1.49711
FRA,France,2019-10-28,1492.13,1.4921300000000002
FRA,France,2019-11-04,1499.26,1.49926
FRA,France,2019-11-11,1511.29,1.51129
FRA,France,2019-11-18,1511.67,1.51167
FRA,France,2019-11-25,1509.63,1.50963
FRA,France,2019-12-02,1517.73,1.51773
FRA,France,2019-12-09,1519.6,1.5195999999999998
FRA,France,2019-12-16,1520.77,1.52077
FRA,France,2020-01-06,1536.49,1.53649
FRA,France,2020-01-13,1548.32,1.54832
FRA,France,2020-01-20,1540.13,1.54013
FRA,France,2020-01-27,1534.3,1.5343
FRA,France,2020-02-03,1516.02,1.51602
FRA,France,2020-02-10,1498.87,1.49887
FRA,France,2020-02-17,1494.75,1.49475
FRA,France,2020-02-24,1488.95,1.48895
FRA,France,2020-03-02,1488.51,1.48851
FRA,France,2020-03-09,1458.94,1.4589400000000001
FRA,France,2020-03-16,1404.43,1.40443
FRA,France,2020-03-23,1333.82,1.33382
FRA,France,2020-03-30,1304.79,1.30479
FRA,France,2020-04-06,1288.08,1.28808
FRA,France,2020-04-20,1262.14,1.26214
FRA,France,2020-04-27,1245.13,1.24513
FRA,France,2020-05-04,1229.62,1.22962
FRA,France,2020-05-11,1230.27,1.23027
FRA,France,2020-05-18,1244.2,1.2442
FRA,France,2020-05-25,1268.36,1.26836
FRA,France,2020-06-01,1282.65,1.28265
FRA,France,2020-06-08,1288.63,1.2886300000000002
FRA,France,2020-06-15,1312.53,1.31253
FRA,France,2020-06-22,1318.08,1.31808
FRA,France,2020-06-29,1338.93,1.33893
FRA,France,2020-07-06,1329.76,1.32976
FRA,France,2020-07-13,1344.06,1.34406
FRA,France,2020-07-20,1348.46,1.34846
FRA,France,2020-07-27,1345.69,1.34569
FRA,France,2020-08-03,1327.49,1.32749
FRA,France,2020-08-10,1328.02,1.32802
FRA,France,2020-08-17,1331.6,1.3316
FRA,France,2020-08-24,1335.53,1.3355299999999999
FRA,France,2020-08-31,1332.9,1.3329000000000002
FRA,France,2020-09-07,1332.42,1.3324200000000002
FRA,France,2020-09-14,1333.15,1.33315
FRA,France,2020-09-21,1326.05,1.32605
FRA,France,2020-09-28,1328.56,1.32856
FRA,France,2020-10-05,1330.7,1.3307
FRA,France,2020-10-12,1336.2,1.3362
FRA,France,2020-10-19,1340.67,1.34067
FRA,France,2020-10-26,1324.42,1.3244200000000002
FRA,France,2020-11-02,1328.97,1.32897
FRA,France,2020-11-09,1319.66,1.31966
FRA,France,2020-11-16,1323.95,1.32395
FRA,France,2020-11-23,1329.28,1.32928
FRA,France,2020-11-30,1338.83,1.33883
FRA,France,2020-12-07,1345.51,1.34551
FRA,France,2020-12-14,1350.12,1.35012
FRA,France,2020-12-21,1357.91,1.3579100000000002
FRA,France,2021-01-11,1389.93,1.38993
FRA,France,2021-01-18,1417.54,1.41754
FRA,France,2021-01-25,1425.02,1.42502
FRA,France,2021-02-01,1425.23,1.42523
FRA,France,2021-02-08,1434.63,1.43463
FRA,France,2021-02-15,1445.12,1.44512
FRA,France,2021-02-22,1465.19,1.46519
FRA,France,2021-03-01,1480.61,1.48061
FRA,France,2021-03-08,1490.36,1.49036
FRA,France,2021-03-15,1509.68,1.5096800000000001
FRA,France,2021-03-22,1521.68,1.5216800000000001
FRA,France,2021-03-29,1512.39,1.5123900000000001
FRA,France,2021-04-12,1514.34,1.51434
FRA,France,2021-04-19,1516.31,1.51631
FRA,France,2021-04-26,1520.82,1.5208199999999998
FRA,France,2021-05-03,1516.65,1.51665
FRA,France,2021-05-10,1530.75,1.53075
FRA,France,2021-05-17,1523.45,1.52345
FRA,France,2021-05-24,1523.22,1.52322
FRA,France,2021-05-31,1520.77,1.52077
FRA,France,2021-06-07,1528.77,1.52877
FRA,France,2021-06-14,1531.41,1.5314100000000002
FRA,France,2021-06-21,1536.06,1.53606
FRA,France,2021-06-28,1548.13,1.54813
FRA,France,2021-07-05,1565.48,1.56548
FRA,France,2021-07-12,1568.05,1.56805
FRA,France,2021-07-19,1584.0,1.584
FRA,France,2021-07-26,1582.43,1.58243
FRA,France,2021-08-02,1572.7,1.5727
FRA,France,2021-08-09,1587.64,1.5876400000000002
FRA,France,2021-08-16,1585.74,1.58574
FRA,France,2021-08-23,1577.74,1.57774
FRA,France,2021-08-30,1569.21,1.56921
FRA,France,2021-09-06,1568.57,1.56857
FRA,France,2021-09-13,1585.47,1.58547
FRA,France,2021-09-20,1589.49,1.58949
FRA,France,2021-09-27,1587.23,1.58723
FRA,France,2021-10-04,1604.08,1.60408
FRA,France,2021-10-11,1633.2,1.6332
FRA,France,2021-10-18,1656.68,1.6566800000000002
FRA,France,2021-10-25,1648.77,1.64877
FRA,France,2021-11-01,1659.59,1.65959
FRA,France,2021-11-08,1662.55,1.66255
FRA,France,2021-11-15,1658.96,1.65896
FRA,France,2021-11-22,1665.14,1.66514
FRA,France,2021-11-29,1652.88,1.6528800000000001
FRA,France,2021-12-06,1633.98,1.63398
FRA,France,2021-12-13,1632.02,1.63202
FRA,France,2021-12-20,1634.59,1.63459
FRA,France,2022-01-03,1629.32,1.6293199999999999
FRA,France,2022-01-10,1682.32,1.68232
FRA,France,2022-01-17,1706.9,1.7069
FRA,France,2022-01-24,1724.88,1.7248800000000002
FRA,France,2022-01-31,1746.44,1.74644
FRA,France,2022-02-07,1765.36,1.7653599999999998
FRA,France,2022-02-14,1781.0,1.781
FRA,France,2022-02-21,1792.41,1.79241
FRA,France,2022-02-28,1813.34,1.81334
FRA,France,2022-03-07,1888.92,1.8889200000000002
FRA,France,2022-03-14,2082.49,2.08249
FRA,France,2022-03-21,1973.65,1.9736500000000001
FRA,France,2022-03-28,2004.15,2.00415
FRA,France,2022-04-04,1832.4,1.8324
FRA,France,2022-04-11,1792.82,1.7928199999999999
FRA,France,2022-04-25,1790.16,1.79016
FRA,France,2022-05-02,1802.27,1.80227
FRA,France,2022-05-09,1865.8,1.8658
FRA,France,2022-05-16,1892.2,1.8922
FRA,France,2022-05-23,1972.15,1.97215
FRA,France,2022-05-30,1962.94,1.9629400000000001
FRA,France,2022-06-06,2101.17,2.10117
FRA,France,2022-06-13,2130.95,2.13095
FRA,France,2022-06-20,2128.98,2.12898
FRA,France,2022-06-27,2086.74,2.08674
FRA,France,2022-07-04,2082.32,2.08232
FRA,France,2022-07-11,2028.94,2.02894
FRA,France,2022-07-18,2000.79,2.00079
FRA,France,2022-07-25,1923.96,1.9239600000000001
FRA,France,2022-08-01,1844.85,1.8448499999999999
FRA,France,2022-08-08,1836.17,1.83617
FRA,France,2022-08-15,1779.38,1.7793800000000002
FRA,France,2022-08-22,1770.74,1.77074
FRA,France,2022-08-29,1779.66,1.77966
FRA,France,2022-09-05,1618.57,1.6185699999999998
FRA,France,2022-09-12,1568.97,1.56897
FRA,France,2022-09-19,1554.73,1.55473
FRA,France,2022-09-26,1547.32,1.54732
FRA,France,2022-10-03,1573.7,1.5737
FRA,France,2022-10-10,1644.0,1.644
FRA,France,2022-10-17,1726.75,1.72675
FRA,France,2022-10-24,1704.97,1.70497
FRA,France,2022-10-31,1672.59,1.67259
FRA,France,2022-11-07,1679.66,1.6796600000000002
FRA,France,2022-11-14,1685.52,1.68552
FRA,France,2022-11-21,1782.84,1.78284
FRA,France,2022-11-28,1756.55,1.75655
FRA,France,2022-12-05,1733.56,1.73356
FRA,France,2022-12-12,1693.03,1.69303
FRA,France,2022-12-19,1660.31,1.66031
FRA,France,2022-12-26,1655.12,1.65512
FRA,France,2023-01-02,1678.84,1.6788399999999999
FRA,France,2023-01-09,1851.65,1.85165
FRA,France,2023-01-16,1857.24,1.85724
FRA,France,2023-01-23,1900.83,1.90083
FRA,France,2023-01-30,1933.43,1.93343
FRA,France,2023-02-06,1929.86,1.92986
FRA,France,2023-02-13,1903.82,1.9038199999999998
FRA,France,2023-02-20,1907.02,1.90702
FRA,France,2023-02-27,1897.56,1.89756
FRA,France,2023-03-06,1885.95,1.88595
FRA,France,2023-03-13,1916.65,1.9166500000000002
FRA,France,2023-03-20,1912.72,1.91272
FRA,France,2023-03-27,1921.4,1.9214
FRA,France,2023-04-03,1936.07,1.93607
FRA,France,2023-04-10,1949.31,1.9493099999999999
FRA,France,2023-04-17,1961.2,1.9612
FRA,France,2023-04-24,1941.33,1.94133
FRA,France,2023-05-01,1910.79,1.91079
FRA,France,2023-05-08,1871.81,1.87181
FRA,France,2023-05-15,1855.2,1.8552
FRA,France,2023-05-22,1850.48,1.8504800000000001
FRA,France,2023-05-29,1876.28,1.87628
FRA,France,2023-06-05,1871.51,1.87151
FRA,France,2023-06-12,1878.4,1.8784
FRA,France,2023-06-19,1872.94,1.87294
FRA,France,2023-06-26,1870.74,1.87074
FRA,France,2023-07-03,1825.98,1.82598
FRA,France,2023-07-10,1812.94,1.81294
FRA,France,2023-07-17,1835.26,1.83526
FRA,France,2023-07-24,1846.88,1.84688
FRA,France,2023-07-31,1893.01,1.89301
FRA,France,2023-08-07,1910.33,1.9103299999999999
FRA,France,2023-08-14,1912.88,1.9128800000000001
FRA,France,2023-08-21,1932.87,1.9328699999999999
FRA,France,2023-08-28,1933.11,1.9331099999999999
FRA,France,2023-09-04,1956.96,1.95696
FRA,France,2023-09-11,1961.75,1.96175
FRA,France,2023-09-18,1967.41,1.96741
FRA,France,2023-09-25,1971.55,1.97155
FRA,France,2023-10-02,1926.48,1.92648
FRA,France,2023-10-09,1881.02,1.88102
FRA,France,2023-10-16,1835.45,1.83545
FRA,France,2023-10-23,1850.61,1.8506099999999999
FRA,France,2023-10-30,1846.11,1.84611
FRA,France,2023-11-06,1859.3,1.8593
FRA,France,2023-11-13,1840.43,1.84043
FRA,France,2023-11-20,1843.52,1.84352
FRA,France,2023-11-27,1809.78,1.80978
FRA,France,2023-12-04,1812.99,1.81299
FRA,France,2023-12-11,1798.49,1.79849
FRA,France,2023-12-18,1792.37,1.7923699999999998
FRA,France,2023-12-25,1799.04,1.79904
FRA,France,2024-01-01,1805.74,1.80574
FRA,France,2024-01-08,1806.12,1.80612
FRA,France,2024-01-15,1798.73,1.79873
FRA,France,2024-01-22,1808.29,1.80829
FRA,France,2024-01-29,1824.36,1.82436
FRA,France,2024-02-05,1841.8,1.8417999999999999
FRA,France,2024-02-12,1844.21,1.8442100000000001
FRA,France,2024-02-19,1870.95,1.8709500000000001
FRA,France,2024-02-26,1868.39,1.86839
FRA,France,2024-03-04,1867.87,1.86787
FRA,France,2024-03-11,1876.61,1.87661
FRA,France,2024-03-18,1875.51,1.87551
FRA,France,2024-03-25,1900.14,1.9001400000000002
FRA,France,2024-04-01,1900.78,1.90078
FRA,France,2024-04-08,1928.94,1.92894
FRA,France,2024-04-15,1931.55,1.9315499999999999
FRA,France,2024-04-22,1939.65,1.93965
FRA,France,2024-04-29,1936.48,1.93648
FRA,France,2024-05-06,1932.5,1.9325
FRA,France,2024-05-13,1911.46,1.91146
FRA,France,2024-05-20,1888.75,1.88875
FRA,France,2024-05-27,1881.62,1.8816199999999998
FRA,France,2024-06-03,1871.09,1.87109
FRA,France,2024-06-10,1842.7,1.8427
FRA,France,2024-06-17,1839.91,1.8399100000000002
FRA,France,2024-06-24,1847.32,1.8473199999999999
FRA,France,2024-07-01,1853.7,1.8537000000000001
FRA,France,2024-07-08,1850.0,1.85
FRA,France,2024-07-15,1857.64,1.8576400000000002
FRA,France,2024-07-22,1828.52,1.82852
FRA,France,2024-07-29,1824.83,1.82483
FRA,France,2024-08-05,1807.1,1.8071
FRA,France,2024-08-12,1811.57,1.81157
FRA,France,2024-08-19,1794.52,1.79452
FRA,France,2024-08-26,1784.62,1.7846199999999999
FRA,France,2024-09-02,1755.06,1.7550599999999998
FRA,France,2024-09-09,1742.4,1.7424000000000002
FRA,France,2024-09-16,1717.51,1.71751
FRA,France,2024-09-23,1718.8,1.7187999999999999
FRA,France,2024-09-30,1720.67,1.7206700000000001
FRA,France,2024-10-07,1729.54,1.7295399999999999
FRA,France,2024-10-14,1750.53,1.75053
FRA,France,2024-10-21,1761.75,1.76175
FRA,France,2024-10-28,1742.03,1.74203
FRA,France,2024-11-04,1747.98,1.74798
FRA,France,2024-11-11,1750.94,1.7509400000000002
FRA,France,2024-11-18,1749.52,1.74952
FRA,France,2024-11-25,1757.21,1.75721
FRA,France,2024-12-02,1760.82,1.7608199999999998
FRA,France,2024-12-09,1755.81,1.7558099999999999
FRA,France,2024-12-16,1762.44,1.76244
FRA,France,2024-12-23,1756.47,1.75647
FRA,France,2024-12-30,1770.72,1.77072
FRA,France,2025-01-06,1786.5,1.7865
FRA,France,2025-01-13,1791.73,1.79173
FRA,France,2025-01-20,1814.93,1.8149300000000002
FRA,France,2025-01-27,1816.06,1.81606
FRA,France,2025-02-03,1804.23,1.80423
FRA,France,2025-02-10,1803.58,1.80358
FRA,France,2025-02-17,1807.23,1.8072300000000001
FRA,France,2025-02-24,1780.31,1.7803099999999998
FRA,France,2025-03-03,1779.15,1.77915
FRA,France,2025-03-10,1753.71,1.75371
FRA,France,2025-03-17,1726.45,1.72645
FRA,France,2025-03-24,1731.38,1.7313800000000001
FRA,France,2025-03-31,1754.19,1.7541900000000001
FRA,France,2025-04-07,1773.04,1.77304
FRA,France,2025-04-14,1719.19,1.71919
FRA,France,2025-04-21,1671.69,1.6716900000000001
FRA,France,2025-04-28,1700.82,1.70082
FRA,France,2025-05-05,1697.69,1.6976900000000001
FRA,France,2025-05-12,1685.65,1.68565
FRA,France,2025-05-19,1709.34,1.7093399999999999
FRA,France,2025-05-26,1708.02,1.7080199999999999
FRA,France,2025-06-02,1705.73,1.70573
FRA,France,2025-06-09,1703.68,1.70368
FRA,France,2025-06-16,1709.38,1.7093800000000001
FRA,France,2025-06-23,1735.79,1.73579
FRA,France,2025-06-30,1735.34,1.7353399999999999
FRA,France,2025-07-07,1676.73,1.67673
FRA,France,2025-07-14,1711.46,1.71146
FRA,France,2025-07-21,1708.48,1.70848
FRA,France,2025-07-28,1703.65,1.70365
FRA,France,2025-08-04,1690.51,1.69051
FRA,France,2025-08-11,1712.55,1.71255
FRA,France,2025-08-18,1705.93,1.7059300000000002
FRA,France,2025-08-25,1702.68,1.70268
FRA,France,2025-09-01,1689.85,1.6898499999999999
FRA,France,2025-09-08,1691.43,1.69143
FRA,France,2025-09-15,1724.03,1.72403
FRA,France,2025-09-22,1728.74,1.72874
FRA,France,2025-09-29,1725.22,1.72522
FRA,France,2025-10-06,1726.13,1.7261300000000002
FRA,France,2025-10-13,1714.26952,1.71426952
FRA,France,2025-10-20,1673.09749,1.6730974900000002
FRA,France,2025-10-27,1698.05784,1.69805784
FRA,France,2025-11-03,1713.57445,1.71357445
FRA,France,2025-11-10,1718.72,1.71872
FRA,France,2025-11-17,1736.358701,1.7363587010000001
FRA,France,2025-11-24,1741.245595,1.741245595
FRA,France,2025-12-01,1722.59,1.7225899999999998
FRA,France,2025-12-08,1722.34,1.72234
FRA,France,2025-12-15,1707.62,1.70762
FRA,France,2025-12-22,1631.92,1.63192
FRA,France,2025-12-29,1666.98,1.6669800000000001
FRA,France,2026-01-05,1682.59,1.6825899999999998
FRA,France,2026-01-12,1709.01,1.70901
FRA,France,2026-01-19,1724.83,1.7248299999999999
FRA,France,2026-01-26,1723.67,1.72367
FRA,France,2026-02-02,1725.55,1.72555
FRA,France,2026-02-09,1732.53,1.73253
FRA,France,2026-02-16,1743.59,1.74359
FRA,France,2026-02-23,1710.27,1.71027
FRA,France,2026-03-02,1758.45,1.75845
FRA,France,2026-03-09,1842.94,1.84294
FRA,France,2026-03-16,1897.93,1.8979300000000001
FRA,France,2026-03-23,1973.02,1.97302
FRA,France,2026-03-30,2009.15,2.00915
FRA,France,2026-04-06,2031.62,2.0316199999999998
FRA,France,2026-04-13,2036.14,2.03614
FRA,France,2026-04-20,2022.56,2.02256
FRA,France,2026-04-27,2015.84,2.01584
FRA,France,2026-05-04,2050.53,2.05053
FRA,France,2026-05-11,2083.29,2.08329
FRA,France,2026-05-18,2082.6,2.0826
FRA,France,2026-05-25,2108.51,2.1085100000000003
FRA,France,2026-06-01,2062.97,2.06297
FRA,France,2026-06-08,2008.96,2.00896
FRA,France,2026-06-15,1993.05,1.99305
FRA,France,2026-06-22,1952.27,1.95227
FRA,France,2026-06-29,1935.26,1.93526
ITA,Italy,2010-01-04,1293.97,1.29397
ITA,Italy,2010-01-11,1310.76,1.31076
ITA,Italy,2010-01-18,1315.94,1.31594
ITA,Italy,2010-01-25,1313.83,1.3138299999999998
ITA,Italy,2010-02-01,1312.6,1.3126
ITA,Italy,2010-02-08,1320.82,1.3208199999999999
ITA,Italy,2010-02-15,1306.98,1.30698
ITA,Italy,2010-02-22,1311.1,1.3111
ITA,Italy,2010-03-01,1333.18,1.33318
ITA,Italy,2010-03-08,1352.43,1.35243
ITA,Italy,2010-03-15,1363.15,1.36315
ITA,Italy,2010-03-22,1376.49,1.37649
ITA,Italy,2010-03-29,1377.49,1.37749
ITA,Italy,2010-04-12,1392.62,1.39262
ITA,Italy,2010-04-19,1392.12,1.3921199999999998
ITA,Italy,2010-04-26,1389.67,1.3896700000000002
ITA,Italy,2010-05-03,1404.64,1.40464
ITA,Italy,2010-05-10,1399.64,1.39964
ITA,Italy,2010-05-17,1394.59,1.39459
ITA,Italy,2010-05-24,1372.59,1.37259
ITA,Italy,2010-05-31,1359.33,1.35933
ITA,Italy,2010-06-07,1372.18,1.37218
ITA,Italy,2010-06-14,1376.18,1.37618
ITA,Italy,2010-06-21,1391.59,1.3915899999999999
ITA,Italy,2010-06-28,1395.7,1.3957
ITA,Italy,2010-07-05,1377.65,1.37765
ITA,Italy,2010-07-12,1372.37,1.3723699999999999
ITA,Italy,2010-07-19,1365.56,1.3655599999999999
ITA,Italy,2010-07-26,1355.44,1.35544
ITA,Italy,2010-08-02,1362.8,1.3628
ITA,Italy,2010-08-09,1366.78,1.3667799999999999
ITA,Italy,2010-08-16,1365.94,1.3659400000000002
ITA,Italy,2010-08-23,1359.69,1.35969
ITA,Italy,2010-08-30,1350.36,1.35036
ITA,Italy,2010-09-06,1349.91,1.3499100000000002
ITA,Italy,2010-09-13,1359.13,1.3591300000000002
ITA,Italy,2010-09-20,1364.74,1.36474
ITA,Italy,2010-09-27,1347.96,1.34796
ITA,Italy,2010-10-04,1344.06,1.34406
ITA,Italy,2010-10-11,1354.47,1.35447
ITA,Italy,2010-10-18,1358.83,1.35883
ITA,Italy,2010-10-25,1351.57,1.35157
ITA,Italy,2010-11-08,1363.98,1.36398
ITA,Italy,2010-11-15,1381.46,1.3814600000000001
ITA,Italy,2010-11-22,1377.11,1.3771099999999998
ITA,Italy,2010-11-29,1384.92,1.3849200000000002
ITA,Italy,2010-12-06,1412.07,1.41207
ITA,Italy,2010-12-13,1419.32,1.41932
ITA,Italy,2010-12-20,1417.72,1.41772
ITA,Italy,2011-01-03,1437.5,1.4375
ITA,Italy,2011-01-10,1444.69,1.44469
ITA,Italy,2011-01-17,1465.6,1.4656
ITA,Italy,2011-01-24,1470.51,1.47051
ITA,Italy,2011-01-31,1465.82,1.46582
ITA,Italy,2011-02-07,1465.98,1.46598
ITA,Italy,2011-02-14,1466.05,1.4660499999999999
ITA,Italy,2011-02-21,1474.65,1.47465
ITA,Italy,2011-02-28,1507.97,1.50797
ITA,Italy,2011-03-07,1524.87,1.52487
ITA,Italy,2011-03-14,1531.48,1.53148
ITA,Italy,2011-03-21,1527.15,1.52715
ITA,Italy,2011-03-28,1521.36,1.5213599999999998
ITA,Italy,2011-04-04,1523.01,1.52301
ITA,Italy,2011-04-11,1549.87,1.5498699999999999
ITA,Italy,2011-04-18,1554.8,1.5548
ITA,Italy,2011-05-02,1552.47,1.55247
ITA,Italy,2011-05-09,1556.04,1.5560399999999999
ITA,Italy,2011-05-16,1550.81,1.55081
ITA,Italy,2011-05-23,1538.32,1.53832
ITA,Italy,2011-05-30,1537.32,1.53732
ITA,Italy,2011-06-06,1535.3,1.5352999999999999
ITA,Italy,2011-06-13,1530.59,1.53059
ITA,Italy,2011-06-20,1529.36,1.5293599999999998
ITA,Italy,2011-06-27,1506.84,1.50684
ITA,Italy,2011-07-04,1555.63,1.55563
ITA,Italy,2011-07-11,1577.14,1.5771400000000002
ITA,Italy,2011-07-18,1589.8,1.5897999999999999
ITA,Italy,2011-07-25,1590.24,1.59024
ITA,Italy,2011-08-01,1597.52,1.59752
ITA,Italy,2011-08-08,1592.74,1.59274
ITA,Italy,2011-08-22,1568.84,1.56884
ITA,Italy,2011-08-29,1567.91,1.5679100000000001
ITA,Italy,2011-09-05,1575.39,1.57539
ITA,Italy,2011-09-12,1590.44,1.59044
ITA,Italy,2011-09-19,1605.45,1.60545
ITA,Italy,2011-09-26,1604.02,1.60402
ITA,Italy,2011-10-03,1594.12,1.59412
ITA,Italy,2011-10-10,1585.94,1.5859400000000001
ITA,Italy,2011-10-17,1589.06,1.58906
ITA,Italy,2011-10-24,1597.1,1.5971
ITA,Italy,2011-10-31,1588.92,1.58892
ITA,Italy,2011-11-07,1592.13,1.59213
ITA,Italy,2011-11-14,1594.72,1.5947200000000001
ITA,Italy,2011-11-21,1587.57,1.58757
ITA,Italy,2011-11-28,1576.98,1.57698
ITA,Italy,2011-12-05,1575.3,1.5753
ITA,Italy,2011-12-12,1672.73,1.67273
ITA,Italy,2011-12-19,1673.5,1.6735
ITA,Italy,2012-01-09,1694.02,1.69402
ITA,Italy,2012-01-16,1709.35,1.70935
ITA,Italy,2012-01-23,1712.78,1.71278
ITA,Italy,2012-01-30,1717.62,1.71762
ITA,Italy,2012-02-06,1726.8,1.7268
ITA,Italy,2012-02-13,1736.54,1.73654
ITA,Italy,2012-02-20,1752.49,1.75249
ITA,Italy,2012-02-27,1765.72,1.76572
ITA,Italy,2012-03-05,1771.22,1.77122
ITA,Italy,2012-03-12,1803.64,1.8036400000000001
ITA,Italy,2012-03-19,1818.29,1.81829
ITA,Italy,2012-03-26,1829.16,1.8291600000000001
ITA,Italy,2012-04-02,1842.69,1.8426900000000002
ITA,Italy,2012-04-16,1856.26,1.85626
ITA,Italy,2012-04-23,1853.82,1.85382
ITA,Italy,2012-04-30,1851.92,1.85192
ITA,Italy,2012-05-07,1831.02,1.83102
ITA,Italy,2012-05-14,1786.78,1.78678
ITA,Italy,2012-05-21,1777.45,1.77745
ITA,Italy,2012-05-28,1775.12,1.7751199999999998
ITA,Italy,2012-06-04,1778.29,1.77829
ITA,Italy,2012-06-11,1768.17,1.76817
ITA,Italy,2012-06-18,1755.34,1.75534
ITA,Italy,2012-06-25,1730.53,1.73053
ITA,Italy,2012-07-02,1719.88,1.71988
ITA,Italy,2012-07-09,1743.23,1.74323
ITA,Italy,2012-07-16,1757.58,1.75758
ITA,Italy,2012-07-23,1777.87,1.7778699999999998
ITA,Italy,2012-07-30,1779.47,1.77947
ITA,Italy,2012-08-06,1785.91,1.78591
ITA,Italy,2012-08-13,1812.09,1.81209
ITA,Italy,2012-08-20,1847.42,1.84742
ITA,Italy,2012-08-27,1870.13,1.87013
ITA,Italy,2012-09-03,1870.61,1.8706099999999999
ITA,Italy,2012-09-10,1889.81,1.88981
ITA,Italy,2012-09-17,1877.64,1.8776400000000002
ITA,Italy,2012-09-24,1845.73,1.84573
ITA,Italy,2012-10-01,1845.18,1.84518
ITA,Italy,2012-10-08,1836.78,1.83678
ITA,Italy,2012-10-15,1845.42,1.84542
ITA,Italy,2012-10-22,1824.77,1.82477
ITA,Italy,2012-10-29,1795.39,1.79539
ITA,Italy,2012-11-05,1763.35,1.76335
ITA,Italy,2012-11-12,1746.58,1.74658
ITA,Italy,2012-11-19,1749.7,1.7497
ITA,Italy,2012-11-26,1754.61,1.75461
ITA,Italy,2012-12-03,1750.21,1.75021
ITA,Italy,2012-12-10,1742.58,1.74258
ITA,Italy,2012-12-17,1745.42,1.74542
ITA,Italy,2013-01-07,1751.39,1.75139
ITA,Italy,2013-01-14,1759.22,1.75922
ITA,Italy,2013-01-21,1742.23,1.74223
ITA,Italy,2013-01-28,1751.4,1.7514
ITA,Italy,2013-02-04,1764.56,1.76456
ITA,Italy,2013-02-11,1778.32,1.77832
ITA,Italy,2013-02-18,1796.01,1.7960099999999999
ITA,Italy,2013-02-25,1810.42,1.8104200000000001
ITA,Italy,2013-03-04,1809.72,1.80972
ITA,Italy,2013-03-11,1803.82,1.80382
ITA,Italy,2013-03-18,1788.22,1.78822
ITA,Italy,2013-03-25,1780.4,1.7804
ITA,Italy,2013-04-08,1771.04,1.77104
ITA,Italy,2013-04-15,1753.09,1.7530899999999998
ITA,Italy,2013-04-22,1722.85,1.72285
ITA,Italy,2013-04-29,1711.15,1.7111500000000002
ITA,Italy,2013-05-06,1713.09,1.71309
ITA,Italy,2013-05-13,1709.84,1.70984
ITA,Italy,2013-05-20,1717.14,1.71714
ITA,Italy,2013-05-27,1732.97,1.7329700000000001
ITA,Italy,2013-06-03,1736.48,1.73648
ITA,Italy,2013-06-10,1735.46,1.73546
ITA,Italy,2013-06-17,1731.16,1.73116
ITA,Italy,2013-06-24,1732.15,1.73215
ITA,Italy,2013-07-01,1735.03,1.73503
ITA,Italy,2013-07-08,1740.69,1.74069
ITA,Italy,2013-07-15,1762.13,1.7621300000000002
ITA,Italy,2013-07-22,1771.41,1.7714100000000002
ITA,Italy,2013-07-29,1771.29,1.77129
ITA,Italy,2013-08-05,1769.81,1.7698099999999999
ITA,Italy,2013-08-12,1768.79,1.7687899999999999
ITA,Italy,2013-08-19,1762.01,1.76201
ITA,Italy,2013-08-26,1768.98,1.76898
ITA,Italy,2013-09-02,1781.63,1.78163
ITA,Italy,2013-09-09,1786.03,1.78603
ITA,Italy,2013-09-16,1775.87,1.7758699999999998
ITA,Italy,2013-09-23,1753.85,1.75385
ITA,Italy,2013-09-30,1733.59,1.73359
ITA,Italy,2013-10-07,1733.54,1.7335399999999999
ITA,Italy,2013-10-14,1728.67,1.7286700000000002
ITA,Italy,2013-10-21,1726.66,1.72666
ITA,Italy,2013-10-28,1717.23,1.71723
ITA,Italy,2013-11-04,1700.72,1.70072
ITA,Italy,2013-11-11,1700.4,1.7004000000000001
ITA,Italy,2013-11-18,1701.74,1.70174
ITA,Italy,2013-11-25,1714.12,1.7141199999999999
ITA,Italy,2013-12-02,1725.91,1.72591
ITA,Italy,2013-12-09,1728.42,1.72842
ITA,Italy,2013-12-16,1728.15,1.72815
ITA,Italy,2014-01-06,1729.28,1.72928
ITA,Italy,2014-01-13,1722.64,1.7226400000000002
ITA,Italy,2014-01-20,1718.35,1.7183499999999998
ITA,Italy,2014-01-27,1715.37,1.7153699999999998
ITA,Italy,2014-02-03,1714.05,1.7140499999999999
ITA,Italy,2014-02-10,1711.1,1.7110999999999998
ITA,Italy,2014-02-17,1714.66,1.71466
ITA,Italy,2014-02-24,1717.87,1.7178699999999998
ITA,Italy,2014-03-03,1717.87,1.7178699999999998
ITA,Italy,2014-03-10,1717.1,1.7170999999999998
ITA,Italy,2014-03-17,1712.82,1.71282
ITA,Italy,2014-03-24,1704.55,1.70455
ITA,Italy,2014-03-31,1714.44,1.71444
ITA,Italy,2014-04-07,1722.85,1.72285
ITA,Italy,2014-04-14,1725.6,1.7255999999999998
ITA,Italy,2014-04-28,1737.54,1.7375399999999999
ITA,Italy,2014-05-05,1738.96,1.73896
ITA,Italy,2014-05-12,1736.34,1.73634
ITA,Italy,2014-05-19,1734.87,1.73487
ITA,Italy,2014-05-26,1739.39,1.73939
ITA,Italy,2014-06-02,1739.27,1.7392699999999999
ITA,Italy,2014-06-09,1740.27,1.74027
ITA,Italy,2014-06-16,1741.44,1.74144
ITA,Italy,2014-06-23,1753.34,1.75334
ITA,Italy,2014-06-30,1759.34,1.75934
ITA,Italy,2014-07-07,1762.4,1.7624000000000002
ITA,Italy,2014-07-14,1763.22,1.76322
ITA,Italy,2014-07-21,1758.78,1.75878
ITA,Italy,2014-07-28,1757.95,1.7579500000000001
ITA,Italy,2014-08-04,1755.25,1.75525
ITA,Italy,2014-08-11,1751.42,1.75142
ITA,Italy,2014-08-18,1748.72,1.74872
ITA,Italy,2014-08-25,1741.16,1.74116
ITA,Italy,2014-09-01,1739.31,1.73931
ITA,Italy,2014-09-08,1736.93,1.73693
ITA,Italy,2014-09-15,1734.9,1.7349
ITA,Italy,2014-09-22,1730.05,1.7300499999999999
ITA,Italy,2014-09-29,1724.17,1.72417
ITA,Italy,2014-10-06,1722.64,1.7226400000000002
ITA,Italy,2014-10-13,1717.65,1.7176500000000001
ITA,Italy,2014-10-20,1697.97,1.69797
ITA,Italy,2014-10-27,1680.98,1.68098
ITA,Italy,2014-11-03,1665.92,1.66592
ITA,Italy,2014-11-10,1657.31,1.6573099999999998
ITA,Italy,2014-11-17,1647.85,1.6478499999999998
ITA,Italy,2014-11-24,1634.72,1.63472
ITA,Italy,2014-12-01,1623.75,1.62375
ITA,Italy,2014-12-08,1595.6,1.5956
ITA,Italy,2014-12-15,1565.86,1.5658599999999998
ITA,Italy,2015-01-05,1505.75,1.50575
ITA,Italy,2015-01-12,1472.82,1.47282
ITA,Italy,2015-01-19,1448.29,1.4482899999999999
ITA,Italy,2015-01-26,1437.04,1.4370399999999999
ITA,Italy,2015-02-02,1445.71,1.44571
ITA,Italy,2015-02-09,1477.26,1.47726
ITA,Italy,2015-02-16,1513.69,1.51369
ITA,Italy,2015-02-23,1533.68,1.5336800000000002
ITA,Italy,2015-03-02,1546.8,1.5468
ITA,Italy,2015-03-09,1562.33,1.56233
ITA,Italy,2015-03-16,1575.58,1.57558
ITA,Italy,2015-03-23,1578.16,1.57816
ITA,Italy,2015-03-30,1578.03,1.57803
ITA,Italy,2015-04-13,1574.67,1.57467
ITA,Italy,2015-04-20,1584.72,1.5847200000000001
ITA,Italy,2015-04-27,1601.77,1.60177
ITA,Italy,2015-05-04,1610.62,1.61062
ITA,Italy,2015-05-11,1616.71,1.61671
ITA,Italy,2015-05-18,1616.12,1.61612
ITA,Italy,2015-05-25,1614.23,1.61423
ITA,Italy,2015-06-01,1616.16,1.61616
ITA,Italy,2015-06-08,1619.01,1.61901
ITA,Italy,2015-06-15,1623.21,1.62321
ITA,Italy,2015-06-22,1631.53,1.63153
ITA,Italy,2015-06-29,1627.85,1.62785
ITA,Italy,2015-07-06,1625.2,1.6252
ITA,Italy,2015-07-13,1628.05,1.62805
ITA,Italy,2015-07-20,1629.76,1.62976
ITA,Italy,2015-07-27,1616.44,1.61644
ITA,Italy,2015-08-03,1592.6,1.5926
ITA,Italy,2015-08-10,1574.19,1.57419
ITA,Italy,2015-08-17,1563.33,1.5633299999999999
ITA,Italy,2015-08-24,1542.91,1.54291
ITA,Italy,2015-08-31,1506.09,1.50609
ITA,Italy,2015-09-07,1498.16,1.4981600000000002
ITA,Italy,2015-09-14,1502.48,1.50248
ITA,Italy,2015-09-21,1487.74,1.48774
ITA,Italy,2015-09-28,1478.23,1.47823
ITA,Italy,2015-10-05,1473.02,1.47302
ITA,Italy,2015-10-12,1480.5,1.4805
ITA,Italy,2015-10-19,1476.41,1.47641
ITA,Italy,2015-10-26,1461.32,1.46132
ITA,Italy,2015-11-02,1455.8,1.4558
ITA,Italy,2015-11-09,1462.65,1.46265
ITA,Italy,2015-11-16,1460.79,1.46079
ITA,Italy,2015-11-23,1450.34,1.45034
ITA,Italy,2015-11-30,1457.51,1.45751
ITA,Italy,2015-12-07,1460.16,1.4601600000000001
ITA,Italy,2015-12-14,1451.12,1.45112
ITA,Italy,2016-01-04,1430.07,1.43007
ITA,Italy,2016-01-11,1426.66,1.42666
ITA,Italy,2016-01-18,1409.38,1.40938
ITA,Italy,2016-01-25,1392.09,1.3920899999999998
ITA,Italy,2016-02-01,1387.46,1.3874600000000001
ITA,Italy,2016-02-08,1392.39,1.39239
ITA,Italy,2016-02-15,1373.5,1.3735
ITA,Italy,2016-02-22,1361.81,1.36181
ITA,Italy,2016-02-29,1361.22,1.36122
ITA,Italy,2016-03-07,1370.64,1.37064
ITA,Italy,2016-03-14,1391.51,1.39151
ITA,Italy,2016-03-21,1406.7,1.4067
ITA,Italy,2016-04-04,1413.36,1.41336
ITA,Italy,2016-04-11,1411.23,1.41123
ITA,Italy,2016-04-18,1426.2,1.4262000000000001
ITA,Italy,2016-04-25,1438.74,1.43874
ITA,Italy,2016-05-02,1446.96,1.44696
ITA,Italy,2016-05-09,1448.63,1.44863
ITA,Italy,2016-05-16,1445.54,1.44554
ITA,Italy,2016-05-23,1463.42,1.4634200000000002
ITA,Italy,2016-05-30,1476.71,1.47671
ITA,Italy,2016-06-06,1484.45,1.48445
ITA,Italy,2016-06-13,1479.97,1.47997
ITA,Italy,2016-06-20,1473.96,1.47396
ITA,Italy,2016-06-27,1470.98,1.47098
ITA,Italy,2016-07-04,1468.26,1.46826
ITA,Italy,2016-07-11,1459.7,1.4597
ITA,Italy,2016-07-18,1448.71,1.44871
ITA,Italy,2016-07-25,1444.46,1.44446
ITA,Italy,2016-08-01,1432.49,1.43249
ITA,Italy,2016-08-08,1422.53,1.42253
ITA,Italy,2016-08-15,1426.52,1.42652
ITA,Italy,2016-08-22,1441.35,1.44135
ITA,Italy,2016-08-29,1454.76,1.45476
ITA,Italy,2016-09-05,1456.77,1.45677
ITA,Italy,2016-09-12,1452.0,1.452
ITA,Italy,2016-09-19,1451.92,1.45192
ITA,Italy,2016-09-26,1451.9,1.4519000000000002
ITA,Italy,2016-10-03,1456.38,1.45638
ITA,Italy,2016-10-10,1471.23,1.47123
ITA,Italy,2016-10-17,1482.87,1.48287
ITA,Italy,2016-10-24,1487.2,1.4872
ITA,Italy,2016-10-31,1494.82,1.49482
ITA,Italy,2016-11-07,1487.1,1.4870999999999999
ITA,Italy,2016-11-14,1473.9,1.4739
ITA,Italy,2016-11-21,1458.41,1.45841
ITA,Italy,2016-11-28,1468.14,1.46814
ITA,Italy,2016-12-05,1478.6,1.4786
ITA,Italy,2016-12-12,1499.34,1.49934
ITA,Italy,2016-12-19,1508.88,1.50888
ITA,Italy,2017-01-02,1535.52,1.53552
ITA,Italy,2017-01-09,1550.03,1.55003
ITA,Italy,2017-01-16,1547.49,1.54749
ITA,Italy,2017-01-23,1544.75,1.54475
ITA,Italy,2017-01-30,1543.74,1.5437400000000001
ITA,Italy,2017-02-06,1546.0,1.546
ITA,Italy,2017-02-13,1549.55,1.54955
ITA,Italy,2017-02-20,1555.14,1.5551400000000002
ITA,Italy,2017-02-27,1555.24,1.55524
ITA,Italy,2017-03-06,1555.19,1.55519
ITA,Italy,2017-03-13,1548.9,1.5489000000000002
ITA,Italy,2017-03-20,1539.01,1.53901
ITA,Italy,2017-03-27,1532.13,1.5321300000000002
ITA,Italy,2017-04-03,1527.07,1.52707
ITA,Italy,2017-04-10,1538.09,1.53809
ITA,Italy,2017-04-24,1559.28,1.55928
ITA,Italy,2017-05-01,1555.83,1.5558299999999998
ITA,Italy,2017-05-08,1539.66,1.53966
ITA,Italy,2017-05-15,1529.24,1.52924
ITA,Italy,2017-05-22,1525.19,1.52519
ITA,Italy,2017-05-29,1523.83,1.52383
ITA,Italy,2017-06-05,1519.38,1.5193800000000002
ITA,Italy,2017-06-12,1511.93,1.51193
ITA,Italy,2017-06-19,1502.93,1.50293
ITA,Italy,2017-06-26,1490.26,1.49026
ITA,Italy,2017-07-03,1488.99,1.48899
ITA,Italy,2017-07-10,1490.68,1.49068
ITA,Italy,2017-07-17,1487.33,1.4873299999999998
ITA,Italy,2017-07-24,1489.83,1.48983
ITA,Italy,2017-07-31,1494.19,1.4941900000000001
ITA,Italy,2017-08-07,1497.19,1.49719
ITA,Italy,2017-08-14,1498.51,1.49851
ITA,Italy,2017-08-21,1499.35,1.49935
ITA,Italy,2017-08-28,1499.3,1.4992999999999999
ITA,Italy,2017-09-04,1508.66,1.5086600000000001
ITA,Italy,2017-09-11,1523.42,1.52342
ITA,Italy,2017-09-18,1524.96,1.52496
ITA,Italy,2017-09-25,1521.54,1.52154
ITA,Italy,2017-10-02,1525.48,1.52548
ITA,Italy,2017-10-09,1525.77,1.52577
ITA,Italy,2017-10-16,1524.14,1.52414
ITA,Italy,2017-10-23,1523.78,1.52378
ITA,Italy,2017-10-30,1524.24,1.52424
ITA,Italy,2017-11-06,1532.9,1.5329000000000002
ITA,Italy,2017-11-13,1544.13,1.54413
ITA,Italy,2017-11-20,1547.8,1.5478
ITA,Italy,2017-11-27,1545.64,1.5456400000000001
ITA,Italy,2017-12-04,1545.84,1.5458399999999999
ITA,Italy,2017-12-11,1543.57,1.5435699999999999
ITA,Italy,2017-12-18,1549.32,1.54932
ITA,Italy,2018-01-01,1554.54,1.55454
ITA,Italy,2018-01-08,1561.51,1.56151
ITA,Italy,2018-01-15,1566.62,1.56662
ITA,Italy,2018-01-22,1571.37,1.57137
ITA,Italy,2018-01-29,1572.83,1.57283
ITA,Italy,2018-02-05,1573.42,1.57342
ITA,Italy,2018-02-12,1569.91,1.5699100000000001
ITA,Italy,2018-02-19,1553.48,1.55348
ITA,Italy,2018-02-26,1546.71,1.54671
ITA,Italy,2018-03-05,1548.87,1.54887
ITA,Italy,2018-03-12,1546.87,1.54687
ITA,Italy,2018-03-19,1544.2,1.5442
ITA,Italy,2018-03-26,1547.08,1.54708
ITA,Italy,2018-04-09,1556.26,1.55626
ITA,Italy,2018-04-16,1562.98,1.56298
ITA,Italy,2018-04-23,1573.32,1.5733199999999998
ITA,Italy,2018-04-30,1585.17,1.58517
ITA,Italy,2018-05-07,1592.6,1.5926
ITA,Italy,2018-05-14,1605.99,1.60599
ITA,Italy,2018-05-21,1623.24,1.62324
ITA,Italy,2018-05-28,1642.44,1.6424400000000001
ITA,Italy,2018-06-04,1648.66,1.64866
ITA,Italy,2018-06-11,1648.07,1.64807
ITA,Italy,2018-06-18,1645.27,1.64527
ITA,Italy,2018-06-25,1636.72,1.63672
ITA,Italy,2018-07-02,1632.24,1.63224
ITA,Italy,2018-07-09,1632.66,1.63266
ITA,Italy,2018-07-16,1632.4,1.6324
ITA,Italy,2018-07-23,1629.3,1.6293
ITA,Italy,2018-07-30,1627.7,1.6277000000000001
ITA,Italy,2018-08-06,1628.76,1.62876
ITA,Italy,2018-08-13,1629.3,1.6293
ITA,Italy,2018-08-20,1627.86,1.6278599999999999
ITA,Italy,2018-08-27,1628.98,1.62898
ITA,Italy,2018-09-03,1633.66,1.6336600000000001
ITA,Italy,2018-09-10,1642.55,1.64255
ITA,Italy,2018-09-17,1642.69,1.64269
ITA,Italy,2018-09-24,1641.8,1.6418
ITA,Italy,2018-10-01,1644.2,1.6442
ITA,Italy,2018-10-08,1657.58,1.6575799999999998
ITA,Italy,2018-10-15,1665.05,1.66505
ITA,Italy,2018-10-22,1661.21,1.66121
ITA,Italy,2018-10-29,1655.7,1.6557
ITA,Italy,2018-11-05,1649.26,1.64926
ITA,Italy,2018-11-12,1636.86,1.63686
ITA,Italy,2018-11-19,1619.37,1.61937
ITA,Italy,2018-11-26,1595.69,1.59569
ITA,Italy,2018-12-03,1565.3,1.5653
ITA,Italy,2018-12-10,1533.5,1.5335
ITA,Italy,2018-12-17,1520.36,1.52036
ITA,Italy,2019-01-07,1486.0,1.486
ITA,Italy,2019-01-14,1482.55,1.48255
ITA,Italy,2019-01-21,1491.59,1.49159
ITA,Italy,2019-01-28,1494.5,1.4945
ITA,Italy,2019-02-04,1499.38,1.4993800000000002
ITA,Italy,2019-02-11,1508.24,1.50824
ITA,Italy,2019-02-18,1517.76,1.51776
ITA,Italy,2019-02-25,1534.68,1.53468
ITA,Italy,2019-03-04,1542.33,1.54233
ITA,Italy,2019-03-11,1548.72,1.54872
ITA,Italy,2019-03-18,1554.03,1.55403
ITA,Italy,2019-03-25,1562.82,1.5628199999999999
ITA,Italy,2019-04-01,1573.56,1.5735599999999998
ITA,Italy,2019-04-08,1588.6,1.5886
ITA,Italy,2019-04-15,1604.64,1.60464
ITA,Italy,2019-04-29,1625.87,1.62587
ITA,Italy,2019-05-06,1627.81,1.62781
ITA,Italy,2019-05-13,1625.82,1.62582
ITA,Italy,2019-05-20,1624.17,1.6241700000000001
ITA,Italy,2019-05-27,1631.14,1.63114
ITA,Italy,2019-06-03,1621.9,1.6219000000000001
ITA,Italy,2019-06-10,1605.95,1.60595
ITA,Italy,2019-06-17,1595.79,1.59579
ITA,Italy,2019-06-24,1590.01,1.59001
ITA,Italy,2019-07-01,1588.76,1.58876
ITA,Italy,2019-07-08,1590.42,1.5904200000000002
ITA,Italy,2019-07-15,1596.75,1.59675
ITA,Italy,2019-07-22,1599.93,1.59993
ITA,Italy,2019-07-29,1592.01,1.59201
ITA,Italy,2019-08-05,1592.34,1.5923399999999999
ITA,Italy,2019-08-12,1579.93,1.57993
ITA,Italy,2019-08-19,1571.8,1.5717999999999999
ITA,Italy,2019-08-26,1568.66,1.5686600000000002
ITA,Italy,2019-09-02,1566.06,1.56606
ITA,Italy,2019-09-09,1565.19,1.56519
ITA,Italy,2019-09-16,1570.5,1.5705
ITA,Italy,2019-09-23,1589.68,1.58968
ITA,Italy,2019-09-30,1591.92,1.59192
ITA,Italy,2019-10-07,1585.51,1.58551
ITA,Italy,2019-10-14,1579.07,1.57907
ITA,Italy,2019-10-21,1574.44,1.57444
ITA,Italy,2019-10-28,1571.89,1.57189
ITA,Italy,2019-11-04,1572.41,1.57241
ITA,Italy,2019-11-11,1573.73,1.57373
ITA,Italy,2019-11-18,1573.81,1.57381
ITA,Italy,2019-11-25,1576.5,1.5765
ITA,Italy,2019-12-02,1580.78,1.58078
ITA,Italy,2019-12-09,1580.43,1.58043
ITA,Italy,2019-12-16,1578.01,1.57801
ITA,Italy,2020-01-06,1590.14,1.59014
ITA,Italy,2020-01-13,1593.76,1.59376
ITA,Italy,2020-01-20,1587.11,1.5871099999999998
ITA,Italy,2020-01-27,1587.13,1.5871300000000002
ITA,Italy,2020-02-03,1570.49,1.57049
ITA,Italy,2020-02-10,1554.68,1.55468
ITA,Italy,2020-02-17,1547.14,1.5471400000000002
ITA,Italy,2020-02-24,1545.5,1.5455
ITA,Italy,2020-03-02,1540.15,1.5401500000000001
ITA,Italy,2020-03-09,1522.31,1.52231
ITA,Italy,2020-03-16,1496.59,1.4965899999999999
ITA,Italy,2020-03-23,1477.47,1.47747
ITA,Italy,2020-03-30,1456.54,1.45654
ITA,Italy,2020-04-06,1436.81,1.43681
ITA,Italy,2020-04-20,1411.26,1.41126
ITA,Italy,2020-04-27,1391.61,1.3916099999999998
ITA,Italy,2020-05-04,1374.28,1.37428
ITA,Italy,2020-05-11,1362.01,1.36201
ITA,Italy,2020-05-18,1356.75,1.35675
ITA,Italy,2020-05-25,1366.77,1.36677
ITA,Italy,2020-06-01,1371.48,1.37148
ITA,Italy,2020-06-08,1371.01,1.37101
ITA,Italy,2020-06-15,1377.77,1.37777
ITA,Italy,2020-06-22,1385.38,1.38538
ITA,Italy,2020-06-29,1399.18,1.39918
ITA,Italy,2020-07-06,1400.83,1.40083
ITA,Italy,2020-07-13,1403.8,1.4038
ITA,Italy,2020-07-20,1404.6,1.4045999999999998
ITA,Italy,2020-07-27,1403.56,1.40356
ITA,Italy,2020-08-03,1401.66,1.4016600000000001
ITA,Italy,2020-08-10,1397.66,1.3976600000000001
ITA,Italy,2020-08-17,1398.23,1.39823
ITA,Italy,2020-08-24,1399.68,1.39968
ITA,Italy,2020-08-31,1400.08,1.40008
ITA,Italy,2020-09-07,1398.48,1.39848
ITA,Italy,2020-09-14,1392.04,1.39204
ITA,Italy,2020-09-21,1388.7,1.3887
ITA,Italy,2020-09-28,1389.54,1.38954
ITA,Italy,2020-10-05,1388.24,1.38824
ITA,Italy,2020-10-12,1388.63,1.38863
ITA,Italy,2020-10-19,1389.14,1.38914
ITA,Italy,2020-10-26,1387.72,1.38772
ITA,Italy,2020-11-02,1383.88,1.38388
ITA,Italy,2020-11-09,1378.34,1.37834
ITA,Italy,2020-11-16,1385.46,1.3854600000000001
ITA,Italy,2020-11-23,1393.24,1.39324
ITA,Italy,2020-11-30,1403.62,1.4036199999999999
ITA,Italy,2020-12-07,1409.34,1.4093399999999998
ITA,Italy,2020-12-14,1412.51,1.41251
ITA,Italy,2020-12-21,1427.58,1.4275799999999998
ITA,Italy,2021-01-11,1450.07,1.45007
ITA,Italy,2021-01-18,1465.98,1.46598
ITA,Italy,2021-01-25,1476.16,1.4761600000000001
ITA,Italy,2021-02-01,1479.99,1.47999
ITA,Italy,2021-02-08,1488.9,1.4889000000000001
ITA,Italy,2021-02-15,1500.43,1.5004300000000002
ITA,Italy,2021-02-22,1518.55,1.5185499999999998
ITA,Italy,2021-03-01,1536.58,1.5365799999999998
ITA,Italy,2021-03-08,1549.65,1.5496500000000002
ITA,Italy,2021-03-15,1566.15,1.5661500000000002
ITA,Italy,2021-03-22,1578.77,1.57877
ITA,Italy,2021-03-29,1575.35,1.5753499999999998
ITA,Italy,2021-04-12,1573.52,1.57352
ITA,Italy,2021-04-19,1574.45,1.5744500000000001
ITA,Italy,2021-04-26,1577.01,1.57701
ITA,Italy,2021-05-03,1578.94,1.57894
ITA,Italy,2021-05-10,1587.82,1.58782
ITA,Italy,2021-05-17,1593.07,1.59307
ITA,Italy,2021-05-24,1592.41,1.59241
ITA,Italy,2021-05-31,1590.02,1.59002
ITA,Italy,2021-06-07,1599.04,1.59904
ITA,Italy,2021-06-14,1605.46,1.60546
ITA,Italy,2021-06-21,1614.47,1.61447
ITA,Italy,2021-06-28,1624.61,1.6246099999999999
ITA,Italy,2021-07-05,1634.34,1.63434
ITA,Italy,2021-07-12,1649.6,1.6496
ITA,Italy,2021-07-19,1655.26,1.65526
ITA,Italy,2021-07-26,1653.59,1.65359
ITA,Italy,2021-08-02,1655.53,1.65553
ITA,Italy,2021-08-09,1657.41,1.65741
ITA,Italy,2021-08-16,1656.16,1.65616
ITA,Italy,2021-08-23,1652.39,1.65239
ITA,Italy,2021-08-30,1650.23,1.65023
ITA,Italy,2021-09-06,1655.19,1.6551900000000002
ITA,Italy,2021-09-13,1662.09,1.6620899999999998
ITA,Italy,2021-09-20,1670.67,1.67067
ITA,Italy,2021-09-27,1676.36,1.6763599999999999
ITA,Italy,2021-10-04,1686.89,1.68689
ITA,Italy,2021-10-11,1713.07,1.7130699999999999
ITA,Italy,2021-10-18,1733.84,1.7338399999999998
ITA,Italy,2021-10-25,1745.84,1.7458399999999998
ITA,Italy,2021-11-01,1749.25,1.74925
ITA,Italy,2021-11-08,1750.76,1.75076
ITA,Italy,2021-11-15,1749.56,1.74956
ITA,Italy,2021-11-22,1746.87,1.74687
ITA,Italy,2021-11-29,1742.76,1.74276
ITA,Italy,2021-12-06,1732.9,1.7329
ITA,Italy,2021-12-13,1725.35,1.72535
ITA,Italy,2021-12-20,1722.46,1.72246
ITA,Italy,2022-01-03,1723.06,1.72306
ITA,Italy,2022-01-10,1733.4,1.7334
ITA,Italy,2022-01-17,1754.31,1.75431
ITA,Italy,2022-01-24,1778.64,1.77864
ITA,Italy,2022-01-31,1796.72,1.79672
ITA,Italy,2022-02-07,1819.32,1.8193199999999998
ITA,Italy,2022-02-14,1835.26,1.83526
ITA,Italy,2022-02-21,1849.94,1.8499400000000001
ITA,Italy,2022-02-28,1868.86,1.86886
ITA,Italy,2022-03-07,1953.14,1.95314
ITA,Italy,2022-03-14,2184.58,2.18458
ITA,Italy,2022-03-21,2137.19,2.13719
ITA,Italy,2022-03-28,1870.44,1.87044
ITA,Italy,2022-04-04,1792.72,1.79272
ITA,Italy,2022-04-11,1765.36,1.7653599999999998
ITA,Italy,2022-04-25,1766.28,1.76628
ITA,Italy,2022-05-02,1778.28,1.77828
ITA,Italy,2022-05-09,1808.27,1.80827
ITA,Italy,2022-05-16,1823.14,1.8231400000000002
ITA,Italy,2022-05-23,1873.11,1.8731099999999998
ITA,Italy,2022-05-30,1885.46,1.8854600000000001
ITA,Italy,2022-06-06,1940.54,1.94054
ITA,Italy,2022-06-13,2014.26,2.01426
ITA,Italy,2022-06-20,2063.48,2.06348
ITA,Italy,2022-06-27,2073.98,2.07398
ITA,Italy,2022-07-04,2065.05,2.0650500000000003
ITA,Italy,2022-07-11,2028.44,2.0284400000000002
ITA,Italy,2022-07-18,1988.71,1.98871
ITA,Italy,2022-07-25,1937.48,1.93748
ITA,Italy,2022-08-01,1877.15,1.87715
ITA,Italy,2022-08-08,1830.6,1.8306
ITA,Italy,2022-08-15,1770.22,1.7702200000000001
ITA,Italy,2022-08-22,1749.31,1.74931
ITA,Italy,2022-08-29,1761.48,1.76148
ITA,Italy,2022-09-05,1746.58,1.74658
ITA,Italy,2022-09-12,1722.22,1.72222
ITA,Italy,2022-09-19,1691.49,1.69149
ITA,Italy,2022-09-26,1656.12,1.6561199999999998
ITA,Italy,2022-10-03,1632.81,1.6328099999999999
ITA,Italy,2022-10-10,1659.78,1.65978
ITA,Italy,2022-10-17,1697.59,1.69759
ITA,Italy,2022-10-24,1691.24,1.69124
ITA,Italy,2022-10-31,1677.74,1.67774
ITA,Italy,2022-11-07,1687.73,1.68773
ITA,Italy,2022-11-14,1709.93,1.7099300000000002
ITA,Italy,2022-11-21,1697.11,1.69711
ITA,Italy,2022-11-28,1659.8,1.6598
ITA,Italy,2022-12-05,1689.44,1.68944
ITA,Italy,2022-12-12,1701.59,1.70159
ITA,Italy,2022-12-19,1662.96,1.66296
ITA,Italy,2022-12-26,1625.22,1.62522
ITA,Italy,2023-01-02,1827.09,1.8270899999999999
ITA,Italy,2023-01-09,1812.01,1.81201
ITA,Italy,2023-01-16,1813.58,1.81358
ITA,Italy,2023-01-23,1829.47,1.82947
ITA,Italy,2023-01-30,1871.31,1.87131
ITA,Italy,2023-02-06,1872.37,1.8723699999999999
ITA,Italy,2023-02-13,1859.74,1.85974
ITA,Italy,2023-02-20,1860.01,1.86001
ITA,Italy,2023-02-27,1856.45,1.8564500000000002
ITA,Italy,2023-03-06,1852.84,1.8528399999999998
ITA,Italy,2023-03-13,1859.93,1.85993
ITA,Italy,2023-03-20,1855.34,1.85534
ITA,Italy,2023-03-27,1850.86,1.85086
ITA,Italy,2023-04-03,1858.14,1.8581400000000001
ITA,Italy,2023-04-10,1875.28,1.87528
ITA,Italy,2023-04-17,1885.7,1.8857000000000002
ITA,Italy,2023-04-24,1877.95,1.87795
ITA,Italy,2023-05-01,1857.54,1.85754
ITA,Italy,2023-05-08,1834.76,1.83476
ITA,Italy,2023-05-15,1811.6,1.8115999999999999
ITA,Italy,2023-05-22,1807.54,1.80754
ITA,Italy,2023-05-29,1818.47,1.81847
ITA,Italy,2023-06-05,1822.23,1.82223
ITA,Italy,2023-06-12,1831.44,1.83144
ITA,Italy,2023-06-19,1840.97,1.84097
ITA,Italy,2023-06-26,1852.43,1.85243
ITA,Italy,2023-07-03,1846.49,1.84649
ITA,Italy,2023-07-10,1844.85,1.8448499999999999
ITA,Italy,2023-07-17,1859.58,1.85958
ITA,Italy,2023-07-24,1864.04,1.86404
ITA,Italy,2023-07-31,1897.95,1.89795
ITA,Italy,2023-08-07,1929.24,1.92924
ITA,Italy,2023-08-14,1939.06,1.93906
ITA,Italy,2023-08-21,1946.16,1.9461600000000001
ITA,Italy,2023-08-28,1947.72,1.9477200000000001
ITA,Italy,2023-09-04,1954.47,1.95447
ITA,Italy,2023-09-11,1969.59,1.96959
ITA,Italy,2023-09-18,1997.29,1.99729
ITA,Italy,2023-09-25,2001.89,2.00189
ITA,Italy,2023-10-02,1991.58,1.99158
ITA,Italy,2023-10-09,1962.69,1.96269
ITA,Italy,2023-10-16,1918.68,1.9186800000000002
ITA,Italy,2023-10-23,1895.48,1.89548
ITA,Italy,2023-10-30,1872.85,1.87285
ITA,Italy,2023-11-06,1854.2,1.8542
ITA,Italy,2023-11-13,1834.98,1.83498
ITA,Italy,2023-11-20,1815.68,1.81568
ITA,Italy,2023-11-27,1805.32,1.80532
ITA,Italy,2023-12-04,1797.06,1.7970599999999999
ITA,Italy,2023-12-11,1780.08,1.7800799999999999
ITA,Italy,2023-12-18,1765.91,1.76591
ITA,Italy,2023-12-25,1765.91,1.76591
ITA,Italy,2024-01-01,1772.05,1.77205
ITA,Italy,2024-01-08,1773.66,1.77366
ITA,Italy,2024-01-15,1768.94,1.76894
ITA,Italy,2024-01-22,1777.8,1.7778
ITA,Italy,2024-01-29,1811.86,1.8118599999999998
ITA,Italy,2024-02-05,1826.72,1.8267200000000001
ITA,Italy,2024-02-12,1839.98,1.83998
ITA,Italy,2024-02-19,1863.91,1.8639100000000002
ITA,Italy,2024-02-26,1858.97,1.85897
ITA,Italy,2024-03-04,1851.97,1.8519700000000001
ITA,Italy,2024-03-11,1852.73,1.85273
ITA,Italy,2024-03-18,1851.39,1.85139
ITA,Italy,2024-03-25,1877.18,1.87718
ITA,Italy,2024-04-01,1887.2,1.8872
ITA,Italy,2024-04-08,1900.79,1.90079
ITA,Italy,2024-04-15,1913.74,1.91374
ITA,Italy,2024-04-22,1920.49,1.92049
ITA,Italy,2024-04-29,1914.59,1.91459
ITA,Italy,2024-05-06,1912.29,1.91229
ITA,Italy,2024-05-13,1898.59,1.89859
ITA,Italy,2024-05-20,1882.89,1.8828900000000002
ITA,Italy,2024-05-27,1873.93,1.87393
ITA,Italy,2024-06-03,1865.1,1.8651
ITA,Italy,2024-06-10,1850.71,1.85071
ITA,Italy,2024-06-17,1844.38,1.8443800000000001
ITA,Italy,2024-06-24,1845.63,1.84563
ITA,Italy,2024-07-01,1859.74,1.85974
ITA,Italy,2024-07-08,1871.49,1.87149
ITA,Italy,2024-07-15,1869.84,1.86984
ITA,Italy,2024-07-22,1862.18,1.8621800000000002
ITA,Italy,2024-07-29,1851.45,1.85145
ITA,Italy,2024-08-05,1838.6,1.8386
ITA,Italy,2024-08-12,1827.97,1.82797
ITA,Italy,2024-08-19,1822.12,1.82212
ITA,Italy,2024-08-26,1810.97,1.81097
ITA,Italy,2024-09-02,1795.76,1.79576
ITA,Italy,2024-09-09,1782.35,1.7823499999999999
ITA,Italy,2024-09-16,1759.44,1.7594400000000001
ITA,Italy,2024-09-23,1742.98,1.74298
ITA,Italy,2024-09-30,1734.83,1.7348299999999999
ITA,Italy,2024-10-07,1731.41,1.7314100000000001
ITA,Italy,2024-10-14,1757.47,1.75747
ITA,Italy,2024-10-21,1765.34,1.76534
ITA,Italy,2024-10-28,1762.1,1.7621
ITA,Italy,2024-11-04,1756.48,1.75648
ITA,Italy,2024-11-11,1756.36,1.75636
ITA,Italy,2024-11-18,1753.91,1.75391
ITA,Italy,2024-11-25,1758.14,1.75814
ITA,Italy,2024-12-02,1763.67,1.76367
ITA,Italy,2024-12-09,1757.09,1.7570899999999998
ITA,Italy,2024-12-16,1750.38,1.75038
ITA,Italy,2024-12-23,1754.6,1.7546
ITA,Italy,2024-12-30,1756.73,1.7567300000000001
ITA,Italy,2025-01-06,1772.59,1.7725899999999999
ITA,Italy,2025-01-13,1793.1,1.7931
ITA,Italy,2025-01-20,1823.06,1.82306
ITA,Italy,2025-01-27,1831.25,1.83125
ITA,Italy,2025-02-03,1823.49,1.82349
ITA,Italy,2025-02-10,1823.49,1.82349
ITA,Italy,2025-02-17,1824.64,1.82464
ITA,Italy,2025-02-24,1823.63,1.82363
ITA,Italy,2025-03-03,1816.14,1.81614
ITA,Italy,2025-03-10,1801.83,1.8018299999999998
ITA,Italy,2025-03-17,1782.14,1.78214
ITA,Italy,2025-03-24,1767.34,1.76734
ITA,Italy,2025-03-31,1761.76,1.76176
ITA,Italy,2025-04-07,1761.2,1.7612
ITA,Italy,2025-04-14,1738.73,1.73873
ITA,Italy,2025-04-21,1716.1,1.7161
ITA,Italy,2025-04-28,1705.23,1.70523
ITA,Italy,2025-05-05,1696.76,1.69676
ITA,Italy,2025-05-12,1689.68,1.68968
ITA,Italy,2025-05-19,1698.71,1.69871
ITA,Italy,2025-05-26,1697.83,1.69783
ITA,Italy,2025-06-02,1693.05,1.69305
ITA,Italy,2025-06-09,1689.77,1.68977
ITA,Italy,2025-06-16,1696.55,1.69655
ITA,Italy,2025-06-23,1734.08,1.7340799999999998
ITA,Italy,2025-06-30,1747.25,1.74725
ITA,Italy,2025-07-07,1733.47,1.73347
ITA,Italy,2025-07-14,1728.84,1.72884
ITA,Italy,2025-07-21,1727.25,1.72725
ITA,Italy,2025-07-28,1720.58,1.72058
ITA,Italy,2025-08-04,1712.69,1.71269
ITA,Italy,2025-08-11,1709.33,1.70933
ITA,Italy,2025-08-18,1701.28,1.70128
ITA,Italy,2025-08-25,1695.43,1.69543
ITA,Italy,2025-09-01,1696.77,1.69677
ITA,Italy,2025-09-08,1705.35,1.70535
ITA,Italy,2025-09-15,1710.83,1.7108299999999999
ITA,Italy,2025-09-22,1713.49,1.71349
ITA,Italy,2025-09-29,1711.7,1.7117
ITA,Italy,2025-10-06,1708.86,1.7088599999999998
ITA,Italy,2025-10-13,1699.29,1.69929
ITA,Italy,2025-10-20,1690.31,1.69031
ITA,Italy,2025-10-27,1683.46,1.68346
ITA,Italy,2025-11-03,1694.83,1.6948299999999998
ITA,Italy,2025-11-10,1705.53,1.70553
ITA,Italy,2025-11-17,1719.53,1.71953
ITA,Italy,2025-11-24,1730.71,1.73071
ITA,Italy,2025-12-01,1727.17,1.72717
ITA,Italy,2025-12-08,1718.24,1.71824
ITA,Italy,2025-12-15,1708.0,1.708
ITA,Italy,2025-12-22,1690.02,1.69002
ITA,Italy,2025-12-29,1678.89,1.67889
ITA,Italy,2026-01-05,1654.7,1.6547
ITA,Italy,2026-01-12,1627.29,1.62729
ITA,Italy,2026-01-19,1626.16,1.62616
ITA,Italy,2026-01-26,1634.95,1.6349500000000001
ITA,Italy,2026-02-02,1641.55,1.64155
ITA,Italy,2026-02-09,1644.88,1.6448800000000001
ITA,Italy,2026-02-16,1648.33,1.6483299999999999
ITA,Italy,2026-02-23,1654.56,1.65456
ITA,Italy,2026-03-02,1670.39,1.67039
ITA,Italy,2026-03-09,1745.16,1.74516
ITA,Italy,2026-03-16,1819.19,1.81919
ITA,Italy,2026-03-23,1778.74,1.77874
ITA,Italy,2026-03-30,1733.36,1.7333599999999998
ITA,Italy,2026-04-06,1761.93,1.76193
ITA,Italy,2026-04-13,1782.67,1.78267
ITA,Italy,2026-04-20,1762.82,1.7628199999999998
ITA,Italy,2026-04-27,1732.07,1.73207
ITA,Italy,2026-05-04,1789.28,1.78928
ITA,Italy,2026-05-11,1933.04,1.9330399999999999
ITA,Italy,2026-05-18,1936.82,1.93682
ITA,Italy,2026-05-25,1963.96,1.96396
ITA,Italy,2026-06-01,1951.51,1.95151
ITA,Italy,2026-06-08,1921.02,1.92102
ITA,Italy,2026-06-15,1895.46,1.8954600000000001
ITA,Italy,2026-06-22,1850.24,1.85024
ITA,Italy,2026-06-29,1811.85,1.81185
ESP,Spain,2010-01-04,1089.81,1.08981
ESP,Spain,2010-01-11,1108.53,1.10853
ESP,Spain,2010-01-18,1104.29,1.10429
ESP,Spain,2010-01-25,1100.19,1.10019
ESP,Spain,2010-02-01,1095.21,1.09521
ESP,Spain,2010-02-08,1105.32,1.1053199999999999
ESP,Spain,2010-02-15,1098.85,1.0988499999999999
ESP,Spain,2010-02-22,1107.94,1.1079400000000001
ESP,Spain,2010-03-01,1119.41,1.11941
ESP,Spain,2010-03-08,1135.66,1.1356600000000001
ESP,Spain,2010-03-15,1156.18,1.15618
ESP,Spain,2010-03-22,1158.55,1.15855
ESP,Spain,2010-03-29,1169.07,1.1690699999999998
ESP,Spain,2010-04-12,1185.12,1.18512
ESP,Spain,2010-04-19,1177.75,1.17775
ESP,Spain,2010-04-26,1175.68,1.17568
ESP,Spain,2010-05-03,1189.76,1.18976
ESP,Spain,2010-05-10,1189.34,1.1893399999999998
ESP,Spain,2010-05-17,1181.7,1.1817
ESP,Spain,2010-05-24,1159.03,1.15903
ESP,Spain,2010-05-31,1152.88,1.1528800000000001
ESP,Spain,2010-06-07,1164.47,1.1644700000000001
ESP,Spain,2010-06-14,1165.92,1.16592
ESP,Spain,2010-06-21,1175.99,1.17599
ESP,Spain,2010-06-28,1167.7,1.1677
ESP,Spain,2010-07-05,1179.13,1.17913
ESP,Spain,2010-07-12,1166.76,1.16676
ESP,Spain,2010-07-19,1165.3,1.1653
ESP,Spain,2010-07-26,1165.49,1.16549
ESP,Spain,2010-08-02,1167.76,1.16776
ESP,Spain,2010-08-09,1175.8,1.1758
ESP,Spain,2010-08-16,1167.26,1.16726
ESP,Spain,2010-08-23,1152.15,1.15215
ESP,Spain,2010-08-30,1156.54,1.15654
ESP,Spain,2010-09-06,1163.25,1.16325
ESP,Spain,2010-09-13,1169.46,1.16946
ESP,Spain,2010-09-20,1179.38,1.17938
ESP,Spain,2010-09-27,1155.14,1.15514
ESP,Spain,2010-10-04,1152.76,1.15276
ESP,Spain,2010-10-11,1172.85,1.17285
ESP,Spain,2010-10-18,1175.63,1.1756300000000002
ESP,Spain,2010-10-25,1173.46,1.17346
ESP,Spain,2010-11-08,1171.72,1.17172
ESP,Spain,2010-11-15,1196.82,1.19682
ESP,Spain,2010-11-22,1190.57,1.19057
ESP,Spain,2010-11-29,1207.9,1.2079000000000002
ESP,Spain,2010-12-06,1230.21,1.23021
ESP,Spain,2010-12-13,1241.99,1.24199
ESP,Spain,2010-12-20,1235.29,1.23529
ESP,Spain,2011-01-03,1256.78,1.25678
ESP,Spain,2011-01-10,1265.11,1.26511
ESP,Spain,2011-01-17,1285.6,1.2855999999999999
ESP,Spain,2011-01-24,1271.22,1.27122
ESP,Spain,2011-01-31,1258.51,1.25851
ESP,Spain,2011-02-07,1270.75,1.27075
ESP,Spain,2011-02-14,1271.24,1.27124
ESP,Spain,2011-02-21,1284.73,1.28473
ESP,Spain,2011-02-28,1308.9,1.3089000000000002
ESP,Spain,2011-03-07,1321.77,1.32177
ESP,Spain,2011-03-14,1324.55,1.32455
ESP,Spain,2011-03-21,1305.06,1.3050599999999999
ESP,Spain,2011-03-28,1330.56,1.33056
ESP,Spain,2011-04-04,1336.76,1.33676
ESP,Spain,2011-04-11,1354.26,1.35426
ESP,Spain,2011-04-18,1363.69,1.36369
ESP,Spain,2011-05-02,1381.57,1.38157
ESP,Spain,2011-05-09,1346.66,1.3466600000000002
ESP,Spain,2011-05-16,1345.1,1.3451
ESP,Spain,2011-05-23,1325.49,1.32549
ESP,Spain,2011-05-30,1348.62,1.34862
ESP,Spain,2011-06-06,1324.36,1.32436
ESP,Spain,2011-06-13,1318.62,1.31862
ESP,Spain,2011-06-20,1323.26,1.3232599999999999
ESP,Spain,2011-06-27,1305.57,1.30557
ESP,Spain,2011-07-04,1309.98,1.30998
ESP,Spain,2011-07-11,1332.79,1.33279
ESP,Spain,2011-07-18,1356.56,1.35656
ESP,Spain,2011-07-25,1356.04,1.35604
ESP,Spain,2011-08-01,1354.34,1.3543399999999999
ESP,Spain,2011-08-08,1337.96,1.33796
ESP,Spain,2011-08-22,1311.26,1.31126
ESP,Spain,2011-08-29,1319.35,1.3193499999999998
ESP,Spain,2011-09-05,1354.08,1.35408
ESP,Spain,2011-09-12,1356.53,1.35653
ESP,Spain,2011-09-19,1352.42,1.3524200000000002
ESP,Spain,2011-09-26,1329.54,1.32954
ESP,Spain,2011-10-03,1311.27,1.31127
ESP,Spain,2011-10-10,1315.9,1.3159
ESP,Spain,2011-10-17,1330.06,1.33006
ESP,Spain,2011-10-24,1314.6,1.3146
ESP,Spain,2011-10-31,1314.28,1.31428
ESP,Spain,2011-11-07,1305.67,1.30567
ESP,Spain,2011-11-14,1309.78,1.30978
ESP,Spain,2011-11-21,1295.19,1.29519
ESP,Spain,2011-11-28,1285.69,1.28569
ESP,Spain,2011-12-05,1284.14,1.28414
ESP,Spain,2011-12-12,1294.29,1.29429
ESP,Spain,2011-12-19,1296.07,1.2960699999999998
ESP,Spain,2012-01-09,1358.07,1.3580699999999999
ESP,Spain,2012-01-16,1367.34,1.36734
ESP,Spain,2012-01-23,1370.11,1.37011
ESP,Spain,2012-01-30,1370.87,1.3708699999999998
ESP,Spain,2012-02-06,1378.19,1.37819
ESP,Spain,2012-02-13,1392.74,1.39274
ESP,Spain,2012-02-20,1415.02,1.41502
ESP,Spain,2012-02-27,1432.09,1.4320899999999999
ESP,Spain,2012-03-05,1437.2,1.4372
ESP,Spain,2012-03-12,1451.32,1.45132
ESP,Spain,2012-03-19,1477.15,1.4771500000000002
ESP,Spain,2012-03-26,1478.5,1.4785
ESP,Spain,2012-04-02,1498.13,1.4981300000000002
ESP,Spain,2012-04-16,1498.91,1.4989100000000002
ESP,Spain,2012-04-23,1473.68,1.47368
ESP,Spain,2012-04-30,1457.82,1.45782
ESP,Spain,2012-05-07,1436.53,1.4365299999999999
ESP,Spain,2012-05-14,1414.58,1.41458
ESP,Spain,2012-05-21,1407.14,1.40714
ESP,Spain,2012-05-28,1409.72,1.40972
ESP,Spain,2012-06-04,1401.68,1.40168
ESP,Spain,2012-06-11,1373.14,1.37314
ESP,Spain,2012-06-18,1361.47,1.36147
ESP,Spain,2012-06-25,1348.14,1.3481400000000001
ESP,Spain,2012-07-02,1348.51,1.34851
ESP,Spain,2012-07-09,1398.46,1.39846
ESP,Spain,2012-07-16,1402.96,1.40296
ESP,Spain,2012-07-23,1430.15,1.43015
ESP,Spain,2012-07-30,1429.26,1.42926
ESP,Spain,2012-08-06,1440.68,1.44068
ESP,Spain,2012-08-13,1470.55,1.47055
ESP,Spain,2012-08-20,1511.97,1.51197
ESP,Spain,2012-08-27,1512.62,1.5126199999999999
ESP,Spain,2012-09-03,1522.48,1.52248
ESP,Spain,2012-09-10,1518.97,1.51897
ESP,Spain,2012-09-17,1501.39,1.50139
ESP,Spain,2012-09-24,1461.75,1.46175
ESP,Spain,2012-10-01,1475.21,1.4752100000000001
ESP,Spain,2012-10-08,1477.09,1.47709
ESP,Spain,2012-10-15,1498.33,1.49833
ESP,Spain,2012-10-22,1436.75,1.43675
ESP,Spain,2012-10-29,1391.67,1.39167
ESP,Spain,2012-11-05,1380.32,1.38032
ESP,Spain,2012-11-12,1364.48,1.36448
ESP,Spain,2012-11-19,1371.66,1.37166
ESP,Spain,2012-11-26,1374.31,1.37431
ESP,Spain,2012-12-03,1376.99,1.37699
ESP,Spain,2012-12-10,1375.98,1.37598
ESP,Spain,2012-12-17,1374.49,1.37449
ESP,Spain,2013-01-07,1400.41,1.4004100000000002
ESP,Spain,2013-01-14,1423.82,1.4238199999999999
ESP,Spain,2013-01-21,1412.44,1.4124400000000001
ESP,Spain,2013-01-28,1427.29,1.42729
ESP,Spain,2013-02-04,1453.07,1.4530699999999999
ESP,Spain,2013-02-11,1461.67,1.46167
ESP,Spain,2013-02-18,1484.13,1.4841300000000002
ESP,Spain,2013-02-25,1509.43,1.50943
ESP,Spain,2013-03-04,1488.52,1.48852
ESP,Spain,2013-03-11,1454.59,1.4545899999999998
ESP,Spain,2013-03-18,1443.51,1.44351
ESP,Spain,2013-03-25,1452.79,1.45279
ESP,Spain,2013-04-15,1428.24,1.42824
ESP,Spain,2013-04-22,1403.51,1.40351
ESP,Spain,2013-04-29,1402.69,1.40269
ESP,Spain,2013-05-06,1396.93,1.39693
ESP,Spain,2013-05-13,1405.0,1.405
ESP,Spain,2013-05-20,1412.07,1.41207
ESP,Spain,2013-05-27,1437.3,1.4373
ESP,Spain,2013-06-03,1436.1,1.4361
ESP,Spain,2013-06-10,1430.33,1.4303299999999999
ESP,Spain,2013-06-17,1424.19,1.42419
ESP,Spain,2013-06-24,1425.53,1.42553
ESP,Spain,2013-07-01,1420.97,1.42097
ESP,Spain,2013-07-08,1422.28,1.42228
ESP,Spain,2013-07-15,1450.92,1.45092
ESP,Spain,2013-07-22,1472.97,1.4729700000000001
ESP,Spain,2013-07-29,1471.51,1.47151
ESP,Spain,2013-08-05,1457.56,1.45756
ESP,Spain,2013-08-12,1450.9,1.4509
ESP,Spain,2013-08-19,1448.92,1.44892
ESP,Spain,2013-08-26,1456.81,1.45681
ESP,Spain,2013-09-02,1470.19,1.47019
ESP,Spain,2013-09-09,1477.78,1.4777799999999999
ESP,Spain,2013-09-16,1453.93,1.4539300000000002
ESP,Spain,2013-09-23,1424.6,1.4245999999999999
ESP,Spain,2013-09-30,1415.84,1.41584
ESP,Spain,2013-10-07,1411.47,1.41147
ESP,Spain,2013-10-14,1407.2,1.4072
ESP,Spain,2013-10-21,1407.81,1.40781
ESP,Spain,2013-10-28,1399.28,1.39928
ESP,Spain,2013-11-04,1383.44,1.38344
ESP,Spain,2013-11-11,1378.57,1.3785699999999999
ESP,Spain,2013-11-18,1390.87,1.3908699999999998
ESP,Spain,2013-11-25,1400.12,1.4001199999999998
ESP,Spain,2013-12-02,1405.88,1.40588
ESP,Spain,2013-12-09,1405.01,1.40501
ESP,Spain,2013-12-16,1396.44,1.3964400000000001
ESP,Spain,2014-01-06,1407.34,1.4073399999999998
ESP,Spain,2014-01-13,1395.44,1.39544
ESP,Spain,2014-01-20,1387.09,1.38709
ESP,Spain,2014-01-27,1388.76,1.38876
ESP,Spain,2014-02-03,1387.25,1.38725
ESP,Spain,2014-02-10,1387.72,1.38772
ESP,Spain,2014-02-17,1396.43,1.39643
ESP,Spain,2014-02-24,1402.44,1.4024400000000001
ESP,Spain,2014-03-03,1407.72,1.40772
ESP,Spain,2014-03-10,1399.75,1.39975
ESP,Spain,2014-03-17,1392.41,1.3924100000000001
ESP,Spain,2014-03-24,1392.59,1.39259
ESP,Spain,2014-03-31,1398.57,1.3985699999999999
ESP,Spain,2014-04-07,1399.73,1.39973
ESP,Spain,2014-04-14,1410.12,1.4101199999999998
ESP,Spain,2014-04-28,1427.79,1.42779
ESP,Spain,2014-05-05,1427.51,1.42751
ESP,Spain,2014-05-12,1417.04,1.4170399999999999
ESP,Spain,2014-05-19,1415.49,1.41549
ESP,Spain,2014-05-26,1423.59,1.42359
ESP,Spain,2014-06-02,1428.24,1.42824
ESP,Spain,2014-06-09,1421.91,1.42191
ESP,Spain,2014-06-16,1427.84,1.42784
ESP,Spain,2014-06-23,1448.91,1.4489100000000001
ESP,Spain,2014-06-30,1456.8,1.4567999999999999
ESP,Spain,2014-07-07,1452.35,1.4523499999999998
ESP,Spain,2014-07-14,1444.14,1.4441400000000002
ESP,Spain,2014-07-21,1437.07,1.4370699999999998
ESP,Spain,2014-07-28,1424.3,1.4243
ESP,Spain,2014-08-04,1405.48,1.40548
ESP,Spain,2014-08-11,1410.27,1.41027
ESP,Spain,2014-08-18,1414.36,1.4143599999999998
ESP,Spain,2014-08-25,1406.89,1.4068900000000002
ESP,Spain,2014-09-01,1413.01,1.41301
ESP,Spain,2014-09-08,1416.56,1.41656
ESP,Spain,2014-09-15,1415.68,1.41568
ESP,Spain,2014-09-22,1405.89,1.40589
ESP,Spain,2014-09-29,1401.94,1.40194
ESP,Spain,2014-10-06,1405.07,1.40507
ESP,Spain,2014-10-13,1392.42,1.39242
ESP,Spain,2014-10-20,1352.36,1.35236
ESP,Spain,2014-10-27,1328.58,1.3285799999999999
ESP,Spain,2014-11-03,1331.8,1.3317999999999999
ESP,Spain,2014-11-10,1331.31,1.33131
ESP,Spain,2014-11-17,1328.47,1.32847
ESP,Spain,2014-11-24,1308.15,1.3081500000000001
ESP,Spain,2014-12-01,1293.78,1.29378
ESP,Spain,2014-12-08,1253.72,1.25372
ESP,Spain,2014-12-15,1217.59,1.21759
ESP,Spain,2015-01-05,1150.96,1.15096
ESP,Spain,2015-01-12,1132.05,1.13205
ESP,Spain,2015-01-19,1117.31,1.11731
ESP,Spain,2015-01-26,1121.42,1.12142
ESP,Spain,2015-02-02,1136.21,1.13621
ESP,Spain,2015-02-09,1178.67,1.17867
ESP,Spain,2015-02-16,1209.47,1.20947
ESP,Spain,2015-02-23,1225.11,1.22511
ESP,Spain,2015-03-02,1237.32,1.23732
ESP,Spain,2015-03-09,1258.98,1.25898
ESP,Spain,2015-03-16,1269.42,1.26942
ESP,Spain,2015-03-23,1261.68,1.2616800000000001
ESP,Spain,2015-03-30,1267.15,1.26715
ESP,Spain,2015-04-13,1261.4,1.2614
ESP,Spain,2015-04-20,1287.92,1.2879200000000002
ESP,Spain,2015-04-27,1307.52,1.30752
ESP,Spain,2015-05-04,1317.01,1.31701
ESP,Spain,2015-05-11,1314.91,1.31491
ESP,Spain,2015-05-18,1310.56,1.31056
ESP,Spain,2015-05-25,1315.23,1.3152300000000001
ESP,Spain,2015-06-01,1318.62,1.31862
ESP,Spain,2015-06-08,1323.4,1.3234000000000001
ESP,Spain,2015-06-15,1330.14,1.33014
ESP,Spain,2015-06-22,1337.7,1.3377000000000001
ESP,Spain,2015-06-29,1325.02,1.32502
ESP,Spain,2015-07-06,1326.65,1.32665
ESP,Spain,2015-07-13,1331.79,1.33179
ESP,Spain,2015-07-20,1320.94,1.32094
ESP,Spain,2015-07-27,1307.31,1.30731
ESP,Spain,2015-08-03,1284.35,1.2843499999999999
ESP,Spain,2015-08-10,1271.53,1.27153
ESP,Spain,2015-08-17,1252.53,1.25253
ESP,Spain,2015-08-24,1232.59,1.2325899999999999
ESP,Spain,2015-08-31,1183.74,1.18374
ESP,Spain,2015-09-07,1193.51,1.19351
ESP,Spain,2015-09-14,1194.8,1.1947999999999999
ESP,Spain,2015-09-21,1178.87,1.1788699999999999
ESP,Spain,2015-09-28,1174.76,1.17476
ESP,Spain,2015-10-05,1170.41,1.1704100000000002
ESP,Spain,2015-10-12,1177.99,1.17799
ESP,Spain,2015-10-19,1165.82,1.1658199999999999
ESP,Spain,2015-10-26,1151.28,1.15128
ESP,Spain,2015-11-02,1154.9,1.1549
ESP,Spain,2015-11-09,1171.84,1.17184
ESP,Spain,2015-11-16,1170.11,1.17011
ESP,Spain,2015-11-23,1156.67,1.15667
ESP,Spain,2015-11-30,1165.54,1.16554
ESP,Spain,2015-12-07,1162.28,1.16228
ESP,Spain,2015-12-14,1140.68,1.1406800000000001
ESP,Spain,2016-01-04,1132.42,1.13242
ESP,Spain,2016-01-11,1131.65,1.13165
ESP,Spain,2016-01-18,1109.92,1.10992
ESP,Spain,2016-01-25,1095.08,1.0950799999999998
ESP,Spain,2016-02-01,1104.45,1.1044500000000002
ESP,Spain,2016-02-08,1098.13,1.09813
ESP,Spain,2016-02-15,1069.71,1.06971
ESP,Spain,2016-02-22,1069.58,1.06958
ESP,Spain,2016-02-29,1065.48,1.06548
ESP,Spain,2016-03-07,1078.35,1.07835
ESP,Spain,2016-03-14,1104.93,1.10493
ESP,Spain,2016-03-21,1116.39,1.11639
ESP,Spain,2016-04-04,1135.89,1.13589
ESP,Spain,2016-04-11,1127.45,1.12745
ESP,Spain,2016-04-18,1148.26,1.14826
ESP,Spain,2016-04-25,1152.35,1.15235
ESP,Spain,2016-05-02,1164.18,1.16418
ESP,Spain,2016-05-09,1159.84,1.15984
ESP,Spain,2016-05-16,1156.73,1.15673
ESP,Spain,2016-05-23,1177.92,1.17792
ESP,Spain,2016-05-30,1190.0,1.19
ESP,Spain,2016-06-06,1192.26,1.19226
ESP,Spain,2016-06-13,1185.75,1.18575
ESP,Spain,2016-06-20,1179.07,1.1790699999999998
ESP,Spain,2016-06-27,1184.19,1.18419
ESP,Spain,2016-07-04,1182.78,1.18278
ESP,Spain,2016-07-11,1167.77,1.16777
ESP,Spain,2016-07-18,1149.95,1.14995
ESP,Spain,2016-07-25,1144.34,1.14434
ESP,Spain,2016-08-01,1134.45,1.13445
ESP,Spain,2016-08-08,1121.81,1.12181
ESP,Spain,2016-08-15,1131.72,1.13172
ESP,Spain,2016-08-22,1145.05,1.14505
ESP,Spain,2016-08-29,1156.62,1.15662
ESP,Spain,2016-09-05,1158.52,1.15852
ESP,Spain,2016-09-12,1154.8,1.1548
ESP,Spain,2016-09-19,1157.88,1.15788
ESP,Spain,2016-09-26,1156.35,1.15635
ESP,Spain,2016-10-03,1159.81,1.15981
ESP,Spain,2016-10-10,1178.72,1.17872
ESP,Spain,2016-10-17,1186.13,1.1861300000000001
ESP,Spain,2016-10-24,1189.22,1.18922
ESP,Spain,2016-10-31,1189.78,1.18978
ESP,Spain,2016-11-07,1179.54,1.17954
ESP,Spain,2016-11-14,1161.97,1.16197
ESP,Spain,2016-11-21,1158.55,1.15855
ESP,Spain,2016-11-28,1174.3,1.1743
ESP,Spain,2016-12-05,1184.18,1.18418
ESP,Spain,2016-12-12,1202.96,1.20296
ESP,Spain,2016-12-19,1215.97,1.21597
ESP,Spain,2017-01-02,1237.09,1.23709
ESP,Spain,2017-01-09,1246.86,1.2468599999999999
ESP,Spain,2017-01-16,1241.88,1.24188
ESP,Spain,2017-01-23,1242.11,1.2421099999999998
ESP,Spain,2017-01-30,1243.84,1.2438399999999998
ESP,Spain,2017-02-06,1245.71,1.24571
ESP,Spain,2017-02-13,1247.76,1.24776
ESP,Spain,2017-02-20,1254.67,1.2546700000000002
ESP,Spain,2017-02-27,1253.18,1.25318
ESP,Spain,2017-03-06,1249.54,1.2495399999999999
ESP,Spain,2017-03-13,1236.91,1.2369100000000002
ESP,Spain,2017-03-20,1217.62,1.21762
ESP,Spain,2017-03-27,1212.71,1.21271
ESP,Spain,2017-04-03,1215.73,1.21573
ESP,Spain,2017-04-10,1236.25,1.23625
ESP,Spain,2017-04-24,1257.61,1.25761
ESP,Spain,2017-05-01,1239.46,1.23946
ESP,Spain,2017-05-08,1220.42,1.22042
ESP,Spain,2017-05-15,1206.27,1.20627
ESP,Spain,2017-05-22,1210.96,1.21096
ESP,Spain,2017-05-29,1215.88,1.21588
ESP,Spain,2017-06-05,1207.92,1.20792
ESP,Spain,2017-06-12,1194.44,1.19444
ESP,Spain,2017-06-19,1182.45,1.18245
ESP,Spain,2017-06-26,1172.15,1.17215
ESP,Spain,2017-07-03,1168.16,1.16816
ESP,Spain,2017-07-10,1174.55,1.17455
ESP,Spain,2017-07-17,1172.49,1.17249
ESP,Spain,2017-07-24,1176.92,1.17692
ESP,Spain,2017-07-31,1180.86,1.1808599999999998
ESP,Spain,2017-08-07,1187.83,1.18783
ESP,Spain,2017-08-14,1191.54,1.19154
ESP,Spain,2017-08-21,1190.73,1.19073
ESP,Spain,2017-08-28,1189.77,1.18977
ESP,Spain,2017-09-04,1200.16,1.2001600000000001
ESP,Spain,2017-09-11,1217.72,1.2177200000000001
ESP,Spain,2017-09-18,1214.38,1.21438
ESP,Spain,2017-09-25,1211.03,1.21103
ESP,Spain,2017-10-02,1211.45,1.2114500000000001
ESP,Spain,2017-10-09,1206.06,1.20606
ESP,Spain,2017-10-16,1203.49,1.20349
ESP,Spain,2017-10-23,1203.42,1.2034200000000002
ESP,Spain,2017-10-30,1206.7,1.2067
ESP,Spain,2017-11-06,1220.68,1.22068
ESP,Spain,2017-11-13,1239.1,1.2390999999999999
ESP,Spain,2017-11-20,1241.45,1.24145
ESP,Spain,2017-11-27,1238.04,1.23804
ESP,Spain,2017-12-04,1237.84,1.2378399999999998
ESP,Spain,2017-12-11,1234.72,1.23472
ESP,Spain,2017-12-18,1235.48,1.23548
ESP,Spain,2018-01-01,1242.52,1.24252
ESP,Spain,2018-01-08,1248.99,1.24899
ESP,Spain,2018-01-15,1254.12,1.25412
ESP,Spain,2018-01-22,1254.87,1.25487
ESP,Spain,2018-01-29,1256.05,1.2560499999999999
ESP,Spain,2018-02-05,1256.71,1.25671
ESP,Spain,2018-02-12,1248.24,1.24824
ESP,Spain,2018-02-19,1228.09,1.22809
ESP,Spain,2018-02-26,1224.49,1.22449
ESP,Spain,2018-03-05,1226.93,1.22693
ESP,Spain,2018-03-12,1221.61,1.2216099999999999
ESP,Spain,2018-03-19,1220.52,1.22052
ESP,Spain,2018-03-26,1236.52,1.23652
ESP,Spain,2018-04-09,1253.49,1.25349
ESP,Spain,2018-04-16,1260.74,1.26074
ESP,Spain,2018-04-23,1269.06,1.2690599999999999
ESP,Spain,2018-04-30,1279.05,1.27905
ESP,Spain,2018-05-07,1286.28,1.2862799999999999
ESP,Spain,2018-05-14,1302.36,1.30236
ESP,Spain,2018-05-21,1322.5,1.3225
ESP,Spain,2018-05-28,1335.32,1.3353199999999998
ESP,Spain,2018-06-04,1337.18,1.33718
ESP,Spain,2018-06-11,1333.43,1.3334300000000001
ESP,Spain,2018-06-18,1328.43,1.32843
ESP,Spain,2018-06-25,1319.6,1.3195999999999999
ESP,Spain,2018-07-02,1318.45,1.3184500000000001
ESP,Spain,2018-07-09,1325.75,1.32575
ESP,Spain,2018-07-16,1325.97,1.32597
ESP,Spain,2018-07-23,1318.17,1.31817
ESP,Spain,2018-07-30,1318.84,1.31884
ESP,Spain,2018-08-06,1325.13,1.3251300000000001
ESP,Spain,2018-08-13,1326.91,1.32691
ESP,Spain,2018-08-20,1327.86,1.3278599999999998
ESP,Spain,2018-08-27,1329.38,1.32938
ESP,Spain,2018-09-03,1336.35,1.33635
ESP,Spain,2018-09-10,1340.62,1.34062
ESP,Spain,2018-09-17,1337.51,1.33751
ESP,Spain,2018-09-24,1332.49,1.33249
ESP,Spain,2018-10-01,1334.91,1.33491
ESP,Spain,2018-10-08,1351.04,1.35104
ESP,Spain,2018-10-15,1356.95,1.35695
ESP,Spain,2018-10-22,1344.14,1.3441400000000001
ESP,Spain,2018-10-29,1339.87,1.33987
ESP,Spain,2018-11-05,1334.81,1.33481
ESP,Spain,2018-11-12,1315.68,1.31568
ESP,Spain,2018-11-19,1295.8,1.2958
ESP,Spain,2018-11-26,1272.45,1.27245
ESP,Spain,2018-12-03,1241.87,1.2418699999999998
ESP,Spain,2018-12-10,1224.17,1.22417
ESP,Spain,2018-12-17,1211.71,1.21171
ESP,Spain,2019-01-07,1179.5,1.1795
ESP,Spain,2019-01-14,1197.11,1.19711
ESP,Spain,2019-01-21,1212.66,1.21266
ESP,Spain,2019-01-28,1222.14,1.22214
ESP,Spain,2019-02-04,1226.46,1.22646
ESP,Spain,2019-02-11,1230.5,1.2305
ESP,Spain,2019-02-18,1236.28,1.23628
ESP,Spain,2019-02-25,1252.7,1.2527000000000001
ESP,Spain,2019-03-04,1257.55,1.25755
ESP,Spain,2019-03-11,1261.15,1.26115
ESP,Spain,2019-03-18,1267.9,1.2679
ESP,Spain,2019-03-25,1277.78,1.27778
ESP,Spain,2019-04-01,1291.09,1.2910899999999998
ESP,Spain,2019-04-08,1307.56,1.30756
ESP,Spain,2019-04-15,1329.72,1.32972
ESP,Spain,2019-04-29,1353.94,1.3539400000000001
ESP,Spain,2019-05-06,1358.42,1.3584200000000002
ESP,Spain,2019-05-13,1355.26,1.35526
ESP,Spain,2019-05-20,1354.64,1.35464
ESP,Spain,2019-05-27,1357.44,1.35744
ESP,Spain,2019-06-03,1349.11,1.3491099999999998
ESP,Spain,2019-06-10,1325.17,1.3251700000000002
ESP,Spain,2019-06-17,1306.62,1.30662
ESP,Spain,2019-06-24,1301.65,1.3016500000000002
ESP,Spain,2019-07-01,1308.35,1.30835
ESP,Spain,2019-07-08,1311.77,1.3117699999999999
ESP,Spain,2019-07-15,1321.49,1.32149
ESP,Spain,2019-07-22,1329.97,1.32997
ESP,Spain,2019-07-29,1327.56,1.3275599999999999
ESP,Spain,2019-08-05,1331.48,1.33148
ESP,Spain,2019-08-12,1321.68,1.32168
ESP,Spain,2019-08-19,1312.94,1.31294
ESP,Spain,2019-08-26,1308.95,1.30895
ESP,Spain,2019-09-02,1307.0,1.307
ESP,Spain,2019-09-09,1302.09,1.30209
ESP,Spain,2019-09-16,1304.28,1.3042799999999999
ESP,Spain,2019-09-23,1318.47,1.31847
ESP,Spain,2019-09-30,1320.95,1.32095
ESP,Spain,2019-10-07,1313.56,1.3135599999999998
ESP,Spain,2019-10-14,1308.45,1.3084500000000001
ESP,Spain,2019-10-21,1302.34,1.3023399999999998
ESP,Spain,2019-10-28,1296.57,1.29657
ESP,Spain,2019-11-04,1296.59,1.29659
ESP,Spain,2019-11-11,1299.51,1.29951
ESP,Spain,2019-11-18,1297.79,1.29779
ESP,Spain,2019-11-25,1298.95,1.29895
ESP,Spain,2019-12-02,1306.23,1.30623
ESP,Spain,2019-12-09,1304.52,1.30452
ESP,Spain,2019-12-16,1303.01,1.30301
ESP,Spain,2020-01-06,1320.63,1.3206300000000002
ESP,Spain,2020-01-13,1326.03,1.32603
ESP,Spain,2020-01-20,1321.78,1.32178
ESP,Spain,2020-01-27,1317.96,1.31796
ESP,Spain,2020-02-03,1307.63,1.30763
ESP,Spain,2020-02-10,1298.9,1.2989000000000002
ESP,Spain,2020-02-17,1296.79,1.2967899999999999
ESP,Spain,2020-02-24,1299.83,1.2998299999999998
ESP,Spain,2020-03-02,1293.13,1.2931300000000001
ESP,Spain,2020-03-09,1277.79,1.27779
ESP,Spain,2020-03-16,1233.13,1.23313
ESP,Spain,2020-03-23,1176.33,1.1763299999999999
ESP,Spain,2020-03-30,1143.67,1.14367
ESP,Spain,2020-04-06,1122.36,1.1223599999999998
ESP,Spain,2020-04-20,1108.5,1.1085
ESP,Spain,2020-04-27,1088.59,1.08859
ESP,Spain,2020-05-04,1072.47,1.07247
ESP,Spain,2020-05-11,1074.45,1.0744500000000001
ESP,Spain,2020-05-18,1078.86,1.07886
ESP,Spain,2020-05-25,1089.72,1.08972
ESP,Spain,2020-06-01,1094.19,1.09419
ESP,Spain,2020-06-08,1103.32,1.1033199999999999
ESP,Spain,2020-06-15,1119.09,1.11909
ESP,Spain,2020-06-22,1130.54,1.1305399999999999
ESP,Spain,2020-06-29,1145.37,1.14537
ESP,Spain,2020-07-06,1151.6,1.1516
ESP,Spain,2020-07-13,1160.95,1.1609500000000001
ESP,Spain,2020-07-20,1164.4,1.1644
ESP,Spain,2020-07-27,1164.56,1.16456
ESP,Spain,2020-08-03,1162.2,1.1622000000000001
ESP,Spain,2020-08-10,1159.21,1.15921
ESP,Spain,2020-08-17,1163.55,1.1635499999999999
ESP,Spain,2020-08-24,1166.4,1.1664
ESP,Spain,2020-08-31,1171.34,1.1713399999999998
ESP,Spain,2020-09-07,1169.81,1.16981
ESP,Spain,2020-09-14,1162.37,1.16237
ESP,Spain,2020-09-21,1162.12,1.1621199999999998
ESP,Spain,2020-09-28,1162.75,1.16275
ESP,Spain,2020-10-05,1162.29,1.16229
ESP,Spain,2020-10-12,1162.4,1.1624
ESP,Spain,2020-10-19,1161.12,1.16112
ESP,Spain,2020-10-26,1154.78,1.15478
ESP,Spain,2020-11-02,1145.81,1.14581
ESP,Spain,2020-11-09,1142.09,1.1420899999999998
ESP,Spain,2020-11-16,1151.65,1.15165
ESP,Spain,2020-11-23,1156.93,1.15693
ESP,Spain,2020-11-30,1166.68,1.1666800000000002
ESP,Spain,2020-12-07,1170.26,1.17026
ESP,Spain,2020-12-14,1175.91,1.17591
ESP,Spain,2020-12-21,1184.71,1.18471
ESP,Spain,2021-01-11,1199.98,1.19998
ESP,Spain,2021-01-18,1215.89,1.2158900000000001
ESP,Spain,2021-01-25,1224.65,1.22465
ESP,Spain,2021-02-01,1227.1,1.2270999999999999
ESP,Spain,2021-02-08,1238.47,1.23847
ESP,Spain,2021-02-15,1251.56,1.25156
ESP,Spain,2021-02-22,1268.02,1.26802
ESP,Spain,2021-03-01,1282.73,1.28273
ESP,Spain,2021-03-08,1293.59,1.29359
ESP,Spain,2021-03-15,1311.14,1.3111400000000002
ESP,Spain,2021-03-22,1321.48,1.32148
ESP,Spain,2021-03-29,1317.04,1.31704
ESP,Spain,2021-04-12,1315.43,1.31543
ESP,Spain,2021-04-19,1319.9,1.3199
ESP,Spain,2021-04-26,1326.45,1.3264500000000001
ESP,Spain,2021-05-03,1331.94,1.3319400000000001
ESP,Spain,2021-05-10,1344.14,1.3441400000000001
ESP,Spain,2021-05-17,1350.83,1.35083
ESP,Spain,2021-05-24,1350.68,1.35068
ESP,Spain,2021-05-31,1351.38,1.35138
ESP,Spain,2021-06-07,1358.64,1.35864
ESP,Spain,2021-06-14,1367.48,1.36748
ESP,Spain,2021-06-21,1374.15,1.37415
ESP,Spain,2021-06-28,1383.0,1.383
ESP,Spain,2021-07-05,1391.25,1.39125
ESP,Spain,2021-07-12,1400.89,1.4008900000000002
ESP,Spain,2021-07-19,1408.72,1.40872
ESP,Spain,2021-07-26,1408.17,1.4081700000000001
ESP,Spain,2021-08-02,1416.2,1.4162000000000001
ESP,Spain,2021-08-09,1419.89,1.41989
ESP,Spain,2021-08-16,1417.89,1.41789
ESP,Spain,2021-08-23,1415.22,1.41522
ESP,Spain,2021-08-30,1414.46,1.41446
ESP,Spain,2021-09-06,1421.23,1.42123
ESP,Spain,2021-09-13,1428.71,1.4287100000000001
ESP,Spain,2021-09-20,1436.87,1.4368699999999999
ESP,Spain,2021-09-27,1437.48,1.43748
ESP,Spain,2021-10-04,1448.15,1.44815
ESP,Spain,2021-10-11,1466.51,1.46651
ESP,Spain,2021-10-18,1483.7,1.4837
ESP,Spain,2021-10-25,1497.2,1.4972
ESP,Spain,2021-11-01,1505.85,1.50585
ESP,Spain,2021-11-08,1510.0,1.51
ESP,Spain,2021-11-15,1513.03,1.5130299999999999
ESP,Spain,2021-11-22,1512.73,1.51273
ESP,Spain,2021-11-29,1509.28,1.50928
ESP,Spain,2021-12-06,1488.04,1.48804
ESP,Spain,2021-12-13,1479.53,1.47953
ESP,Spain,2021-12-20,1476.46,1.47646
ESP,Spain,2022-01-03,1479.63,1.47963
ESP,Spain,2022-01-10,1489.51,1.48951
ESP,Spain,2022-01-17,1502.33,1.50233
ESP,Spain,2022-01-24,1520.46,1.5204600000000001
ESP,Spain,2022-01-31,1538.04,1.53804
ESP,Spain,2022-02-07,1558.88,1.55888
ESP,Spain,2022-02-14,1575.46,1.57546
ESP,Spain,2022-02-21,1591.66,1.59166
ESP,Spain,2022-02-28,1608.84,1.6088399999999998
ESP,Spain,2022-03-07,1679.83,1.67983
ESP,Spain,2022-03-14,1844.63,1.8446300000000002
ESP,Spain,2022-03-21,1813.41,1.8134100000000002
ESP,Spain,2022-03-28,1818.2,1.8182
ESP,Spain,2022-04-04,1813.01,1.81301
ESP,Spain,2022-04-11,1790.7,1.7907
ESP,Spain,2022-04-25,1817.07,1.81707
ESP,Spain,2022-05-02,1837.22,1.83722
ESP,Spain,2022-05-09,1878.26,1.87826
ESP,Spain,2022-05-16,1897.84,1.89784
ESP,Spain,2022-05-23,1940.36,1.9403599999999999
ESP,Spain,2022-05-30,1968.44,1.96844
ESP,Spain,2022-06-06,2048.58,2.04858
ESP,Spain,2022-06-13,2117.09,2.11709
ESP,Spain,2022-06-20,2141.58,2.14158
ESP,Spain,2022-06-27,2128.58,2.12858
ESP,Spain,2022-07-04,2112.93,2.11293
ESP,Spain,2022-07-11,2072.79,2.07279
ESP,Spain,2022-07-18,2026.03,2.02603
ESP,Spain,2022-07-25,1954.71,1.95471
ESP,Spain,2022-08-01,1902.56,1.90256
ESP,Spain,2022-08-08,1860.78,1.8607799999999999
ESP,Spain,2022-08-15,1797.57,1.79757
ESP,Spain,2022-08-22,1786.97,1.78697
ESP,Spain,2022-08-29,1794.16,1.79416
ESP,Spain,2022-09-05,1779.6,1.7795999999999998
ESP,Spain,2022-09-12,1748.56,1.74856
ESP,Spain,2022-09-19,1708.99,1.70899
ESP,Spain,2022-09-26,1680.99,1.68099
ESP,Spain,2022-10-03,1676.48,1.67648
ESP,Spain,2022-10-10,1711.01,1.71101
ESP,Spain,2022-10-17,1756.63,1.7566300000000001
ESP,Spain,2022-10-24,1763.29,1.76329
ESP,Spain,2022-10-31,1759.65,1.7596500000000002
ESP,Spain,2022-11-07,1771.32,1.77132
ESP,Spain,2022-11-14,1784.84,1.78484
ESP,Spain,2022-11-21,1764.66,1.7646600000000001
ESP,Spain,2022-11-28,1730.54,1.73054
ESP,Spain,2022-12-05,1688.0,1.688
ESP,Spain,2022-12-12,1642.18,1.64218
ESP,Spain,2022-12-19,1590.66,1.5906600000000002
ESP,Spain,2022-12-26,1565.4,1.5654000000000001
ESP,Spain,2023-01-02,1583.84,1.58384
ESP,Spain,2023-01-09,1616.35,1.61635
ESP,Spain,2023-01-16,1619.33,1.61933
ESP,Spain,2023-01-23,1636.78,1.63678
ESP,Spain,2023-01-30,1660.86,1.66086
ESP,Spain,2023-02-06,1655.31,1.6553099999999998
ESP,Spain,2023-02-13,1633.59,1.6335899999999999
ESP,Spain,2023-02-20,1636.62,1.63662
ESP,Spain,2023-02-27,1632.2,1.6322
ESP,Spain,2023-03-06,1635.67,1.6356700000000002
ESP,Spain,2023-03-13,1644.46,1.64446
ESP,Spain,2023-03-20,1635.9,1.6359000000000001
ESP,Spain,2023-03-27,1627.57,1.62757
ESP,Spain,2023-04-03,1631.02,1.63102
ESP,Spain,2023-04-10,1640.56,1.64056
ESP,Spain,2023-04-17,1651.29,1.65129
ESP,Spain,2023-04-24,1641.85,1.6418499999999998
ESP,Spain,2023-05-01,1622.36,1.6223599999999998
ESP,Spain,2023-05-08,1599.31,1.59931
ESP,Spain,2023-05-15,1579.69,1.57969
ESP,Spain,2023-05-22,1576.49,1.57649
ESP,Spain,2023-05-29,1584.99,1.58499
ESP,Spain,2023-06-05,1588.27,1.58827
ESP,Spain,2023-06-12,1594.27,1.59427
ESP,Spain,2023-06-19,1596.64,1.59664
ESP,Spain,2023-06-26,1598.24,1.59824
ESP,Spain,2023-07-03,1591.69,1.59169
ESP,Spain,2023-07-10,1593.71,1.59371
ESP,Spain,2023-07-17,1602.42,1.6024200000000002
ESP,Spain,2023-07-24,1615.01,1.61501
ESP,Spain,2023-07-31,1650.5,1.6505
ESP,Spain,2023-08-07,1680.28,1.68028
ESP,Spain,2023-08-14,1692.03,1.69203
ESP,Spain,2023-08-21,1709.72,1.7097200000000001
ESP,Spain,2023-08-28,1721.04,1.72104
ESP,Spain,2023-09-04,1731.13,1.73113
ESP,Spain,2023-09-11,1735.25,1.73525
ESP,Spain,2023-09-18,1751.5,1.7515
ESP,Spain,2023-09-25,1759.89,1.7598900000000002
ESP,Spain,2023-10-02,1751.96,1.75196
ESP,Spain,2023-10-09,1719.39,1.7193900000000002
ESP,Spain,2023-10-16,1679.5,1.6795
ESP,Spain,2023-10-23,1662.87,1.6628699999999998
ESP,Spain,2023-10-30,1652.11,1.65211
ESP,Spain,2023-11-06,1646.6,1.6465999999999998
ESP,Spain,2023-11-13,1619.53,1.61953
ESP,Spain,2023-11-20,1600.01,1.60001
ESP,Spain,2023-11-27,1585.63,1.58563
ESP,Spain,2023-12-04,1572.08,1.57208
ESP,Spain,2023-12-11,1557.87,1.5578699999999999
ESP,Spain,2023-12-18,1536.91,1.53691
ESP,Spain,2023-12-25,1531.95,1.5319500000000001
ESP,Spain,2024-01-01,1534.59,1.53459
ESP,Spain,2024-01-08,1535.92,1.5359200000000002
ESP,Spain,2024-01-15,1535.2,1.5352000000000001
ESP,Spain,2024-01-22,1537.57,1.5375699999999999
ESP,Spain,2024-01-29,1546.19,1.54619
ESP,Spain,2024-02-05,1560.06,1.56006
ESP,Spain,2024-02-12,1572.24,1.57224
ESP,Spain,2024-02-19,1598.64,1.59864
ESP,Spain,2024-02-26,1605.92,1.60592
ESP,Spain,2024-03-04,1609.56,1.6095599999999999
ESP,Spain,2024-03-11,1614.74,1.61474
ESP,Spain,2024-03-18,1616.77,1.61677
ESP,Spain,2024-03-25,1635.81,1.63581
ESP,Spain,2024-04-01,1645.92,1.64592
ESP,Spain,2024-04-08,1660.39,1.66039
ESP,Spain,2024-04-15,1676.89,1.67689
ESP,Spain,2024-04-22,1686.84,1.68684
ESP,Spain,2024-04-29,1687.41,1.68741
ESP,Spain,2024-05-06,1685.26,1.68526
ESP,Spain,2024-05-13,1671.82,1.6718199999999999
ESP,Spain,2024-05-20,1657.96,1.65796
ESP,Spain,2024-05-27,1648.7,1.6487
ESP,Spain,2024-06-03,1640.21,1.64021
ESP,Spain,2024-06-10,1623.67,1.6236700000000002
ESP,Spain,2024-06-17,1615.78,1.61578
ESP,Spain,2024-06-24,1616.45,1.61645
ESP,Spain,2024-07-01,1621.98,1.62198
ESP,Spain,2024-07-08,1626.18,1.62618
ESP,Spain,2024-07-15,1624.32,1.62432
ESP,Spain,2024-07-22,1617.65,1.61765
ESP,Spain,2024-07-29,1611.49,1.61149
ESP,Spain,2024-08-05,1603.24,1.60324
ESP,Spain,2024-08-12,1589.62,1.5896199999999998
ESP,Spain,2024-08-19,1583.36,1.5833599999999999
ESP,Spain,2024-08-26,1565.69,1.56569
ESP,Spain,2024-09-02,1551.34,1.55134
ESP,Spain,2024-09-09,1530.33,1.53033
ESP,Spain,2024-09-16,1502.42,1.50242
ESP,Spain,2024-09-23,1487.94,1.48794
ESP,Spain,2024-09-30,1482.58,1.48258
ESP,Spain,2024-10-07,1481.03,1.48103
ESP,Spain,2024-10-14,1495.45,1.49545
ESP,Spain,2024-10-21,1505.38,1.5053800000000002
ESP,Spain,2024-10-28,1507.24,1.50724
ESP,Spain,2024-11-04,1504.59,1.5045899999999999
ESP,Spain,2024-11-11,1504.49,1.50449
ESP,Spain,2024-11-18,1504.82,1.50482
ESP,Spain,2024-11-25,1510.78,1.51078
ESP,Spain,2024-12-02,1514.76,1.5147599999999999
ESP,Spain,2024-12-09,1513.54,1.5135399999999999
ESP,Spain,2024-12-16,1515.24,1.51524
ESP,Spain,2024-12-23,1520.94,1.52094
ESP,Spain,2024-12-30,1525.06,1.5250599999999999
ESP,Spain,2025-01-06,1536.16,1.5361600000000002
ESP,Spain,2025-01-13,1551.82,1.55182
ESP,Spain,2025-01-20,1571.88,1.5718800000000002
ESP,Spain,2025-01-27,1579.24,1.57924
ESP,Spain,2025-02-03,1573.01,1.57301
ESP,Spain,2025-02-10,1571.62,1.5716199999999998
ESP,Spain,2025-02-17,1573.79,1.57379
ESP,Spain,2025-02-24,1570.51,1.57051
ESP,Spain,2025-03-03,1558.74,1.55874
ESP,Spain,2025-03-10,1540.77,1.54077
ESP,Spain,2025-03-17,1517.35,1.51735
ESP,Spain,2025-03-24,1508.07,1.50807
ESP,Spain,2025-03-31,1511.37,1.5113699999999999
ESP,Spain,2025-04-07,1517.1,1.5171
ESP,Spain,2025-04-14,1496.42,1.49642
ESP,Spain,2025-04-21,1479.26,1.47926
ESP,Spain,2025-04-28,1470.33,1.47033
ESP,Spain,2025-05-05,1464.82,1.46482
ESP,Spain,2025-05-12,1454.74,1.45474
ESP,Spain,2025-05-19,1455.84,1.45584
ESP,Spain,2025-05-26,1458.66,1.45866
ESP,Spain,2025-06-02,1458.78,1.45878
ESP,Spain,2025-06-09,1457.63,1.4576300000000002
ESP,Spain,2025-06-16,1463.42,1.4634200000000002
ESP,Spain,2025-06-23,1488.11,1.4881099999999998
ESP,Spain,2025-06-30,1501.06,1.5010599999999998
ESP,Spain,2025-07-07,1492.08,1.4920799999999999
ESP,Spain,2025-07-14,1491.75,1.49175
ESP,Spain,2025-07-21,1491.96,1.49196
ESP,Spain,2025-07-28,1489.0,1.489
ESP,Spain,2025-08-04,1486.13,1.4861300000000002
ESP,Spain,2025-08-11,1483.68,1.48368
ESP,Spain,2025-08-18,1479.55,1.47955
ESP,Spain,2025-08-25,1477.51,1.47751
ESP,Spain,2025-09-01,1477.73,1.47773
ESP,Spain,2025-09-08,1480.03,1.48003
ESP,Spain,2025-09-15,1482.69,1.48269
ESP,Spain,2025-09-22,1484.33,1.48433
ESP,Spain,2025-09-29,1482.17,1.48217
ESP,Spain,2025-10-06,1481.69,1.48169
ESP,Spain,2025-10-13,1473.902859,1.473902859
ESP,Spain,2025-10-20,1466.797737,1.466797737
ESP,Spain,2025-10-27,1464.8274299999998,1.46482743
ESP,Spain,2025-11-03,1472.103847,1.472103847
ESP,Spain,2025-11-10,1477.06,1.47706
ESP,Spain,2025-11-17,1485.2918269999998,1.4852918269999997
ESP,Spain,2025-11-24,1489.2116079999998,1.4892116079999997
ESP,Spain,2025-12-01,1484.4012879999998,1.4844012879999997
ESP,Spain,2025-12-08,1478.969365,1.478969365
ESP,Spain,2025-12-15,1470.2038049999999,1.470203805
ESP,Spain,2025-12-22,1451.761748,1.4517617479999998
ESP,Spain,2025-12-29,1440.2630359999998,1.4402630359999997
ESP,Spain,2026-01-05,1437.9674,1.4379674
ESP,Spain,2026-01-12,1436.440388,1.436440388
ESP,Spain,2026-01-19,1440.046993,1.440046993
ESP,Spain,2026-01-26,1446.4905979999999,1.4464905979999998
ESP,Spain,2026-02-02,1452.326084,1.452326084
ESP,Spain,2026-02-09,1458.640374,1.458640374
ESP,Spain,2026-02-16,1464.821862,1.464821862
ESP,Spain,2026-02-23,1471.213927,1.471213927
ESP,Spain,2026-03-02,1486.554069,1.486554069
ESP,Spain,2026-03-09,1600.832773,1.600832773
ESP,Spain,2026-03-16,1708.742645,1.708742645
ESP,Spain,2026-03-23,1733.0373129999998,1.7330373129999999
ESP,Spain,2026-03-30,1557.6367879999998,1.5576367879999997
ESP,Spain,2026-04-06,1553.685055,1.5536850549999999
ESP,Spain,2026-04-13,1552.351502,1.552351502
ESP,Spain,2026-04-20,1516.9576989999998,1.5169576989999998
ESP,Spain,2026-04-27,1503.841415,1.5038414150000001
ESP,Spain,2026-05-04,1528.212325,1.528212325
ESP,Spain,2026-05-11,1541.31246,1.54131246
ESP,Spain,2026-05-18,1547.5897730000002,1.5475897730000001
ESP,Spain,2026-05-25,1568.281241,1.568281241
ESP,Spain,2026-06-01,1547.735228,1.547735228
ESP,Spain,2026-06-08,1520.32589,1.52032589
ESP,Spain,2026-06-15,1499.868239,1.499868239
ESP,Spain,2026-06-22,1460.010561,1.460010561
ESP,Spain,2026-06-29,1437.863854,1.437863854
