period,world_liquids_supply,global_real_activity,us_cpi,real_brent,source_vintage,release_date,source_url,raw_sha256
2010-01,86.39066873767763,68.278652,91.42255,117.38703699527777,downloaded_2026-07-31_ex_post,,"https://www.eia.gov/opendata/bulk/INTL.zip;https://www.dallasfed.org/-/media/documents/research/igrea/igrea.xlsx;https://sdmx.oecd.org/public/rest/data/OECD.SDD.TPS,DSD_G20_PRICES@DF_G20_PRICES,1.0/USA.M...IX...?startPeriod=2010-01&endPeriod=2026-06&dimensionAtObservation=AllDimensions&format=csvfile",eia=eb3a40e41512132c339958d7282699cc8131fd5e63e3328c74f19b127e2757df;igrea=89c0901c6924f38f877ce54839dbc2bcfe6f1ca240cb8227593afcc68a14617a;oecd_us_cpi_index=c51e3cf6d34d5463d75bf3382688de72401e5b92f5e289391de8cc1c20f835f1
2010-02,86.81390973767762,51.736407,91.44534,113.63637285571788,downloaded_2026-07-31_ex_post,,"https://www.eia.gov/opendata/bulk/INTL.zip;https://www.dallasfed.org/-/media/documents/research/igrea/igrea.xlsx;https://sdmx.oecd.org/public/rest/data/OECD.SDD.TPS,DSD_G20_PRICES@DF_G20_PRICES,1.0/USA.M...IX...?startPeriod=2010-01&endPeriod=2026-06&dimensionAtObservation=AllDimensions&format=csvfile",eia=eb3a40e41512132c339958d7282699cc8131fd5e63e3328c74f19b127e2757df;igrea=89c0901c6924f38f877ce54839dbc2bcfe6f1ca240cb8227593afcc68a14617a;oecd_us_cpi_index=c51e3cf6d34d5463d75bf3382688de72401e5b92f5e289391de8cc1c20f835f1
2010-03,87.08508873767762,69.895398,91.82084,120.95961981246163,downloaded_2026-07-31_ex_post,,"https://www.eia.gov/opendata/bulk/INTL.zip;https://www.dallasfed.org/-/media/documents/research/igrea/igrea.xlsx;https://sdmx.oecd.org/public/rest/data/OECD.SDD.TPS,DSD_G20_PRICES@DF_G20_PRICES,1.0/USA.M...IX...?startPeriod=2010-01&endPeriod=2026-06&dimensionAtObservation=AllDimensions&format=csvfile",eia=eb3a40e41512132c339958d7282699cc8131fd5e63e3328c74f19b127e2757df;igrea=89c0901c6924f38f877ce54839dbc2bcfe6f1ca240cb8227593afcc68a14617a;oecd_us_cpi_index=c51e3cf6d34d5463d75bf3382688de72401e5b92f5e289391de8cc1c20f835f1
2010-04,87.24825273767763,64.788746,91.98032,129.9258842196844,downloaded_2026-07-31_ex_post,,"https://www.eia.gov/opendata/bulk/INTL.zip;https://www.dallasfed.org/-/media/documents/research/igrea/igrea.xlsx;https://sdmx.oecd.org/public/rest/data/OECD.SDD.TPS,DSD_G20_PRICES@DF_G20_PRICES,1.0/USA.M...IX...?startPeriod=2010-01&endPeriod=2026-06&dimensionAtObservation=AllDimensions&format=csvfile",eia=eb3a40e41512132c339958d7282699cc8131fd5e63e3328c74f19b127e2757df;igrea=89c0901c6924f38f877ce54839dbc2bcfe6f1ca240cb8227593afcc68a14617a;oecd_us_cpi_index=c51e3cf6d34d5463d75bf3382688de72401e5b92f5e289391de8cc1c20f835f1
2010-05,87.46946173767763,88.217044,92.05163,116.24521439164086,downloaded_2026-07-31_ex_post,,"https://www.eia.gov/opendata/bulk/INTL.zip;https://www.dallasfed.org/-/media/documents/research/igrea/igrea.xlsx;https://sdmx.oecd.org/public/rest/data/OECD.SDD.TPS,DSD_G20_PRICES@DF_G20_PRICES,1.0/USA.M...IX...?startPeriod=2010-01&endPeriod=2026-06&dimensionAtObservation=AllDimensions&format=csvfile",eia=eb3a40e41512132c339958d7282699cc8131fd5e63e3328c74f19b127e2757df;igrea=89c0901c6924f38f877ce54839dbc2bcfe6f1ca240cb8227593afcc68a14617a;oecd_us_cpi_index=c51e3cf6d34d5463d75bf3382688de72401e5b92f5e289391de8cc1c20f835f1
2010-06,87.13404473767763,66.681711,91.96176,114.54386141587547,downloaded_2026-07-31_ex_post,,"https://www.eia.gov/opendata/bulk/INTL.zip;https://www.dallasfed.org/-/media/documents/research/igrea/igrea.xlsx;https://sdmx.oecd.org/public/rest/data/OECD.SDD.TPS,DSD_G20_PRICES@DF_G20_PRICES,1.0/USA.M...IX...?startPeriod=2010-01&endPeriod=2026-06&dimensionAtObservation=AllDimensions&format=csvfile",eia=eb3a40e41512132c339958d7282699cc8131fd5e63e3328c74f19b127e2757df;igrea=89c0901c6924f38f877ce54839dbc2bcfe6f1ca240cb8227593afcc68a14617a;oecd_us_cpi_index=c51e3cf6d34d5463d75bf3382688de72401e5b92f5e289391de8cc1c20f835f1
2010-07,87.45881873767762,18.618475,91.98116,115.77439643074733,downloaded_2026-07-31_ex_post,,"https://www.eia.gov/opendata/bulk/INTL.zip;https://www.dallasfed.org/-/media/documents/research/igrea/igrea.xlsx;https://sdmx.oecd.org/public/rest/data/OECD.SDD.TPS,DSD_G20_PRICES@DF_G20_PRICES,1.0/USA.M...IX...?startPeriod=2010-01&endPeriod=2026-06&dimensionAtObservation=AllDimensions&format=csvfile",eia=eb3a40e41512132c339958d7282699cc8131fd5e63e3328c74f19b127e2757df;igrea=89c0901c6924f38f877ce54839dbc2bcfe6f1ca240cb8227593afcc68a14617a;oecd_us_cpi_index=c51e3cf6d34d5463d75bf3382688de72401e5b92f5e289391de8cc1c20f835f1
2010-08,87.38288573767763,42.799073,92.10816,117.84743253475044,downloaded_2026-07-31_ex_post,,"https://www.eia.gov/opendata/bulk/INTL.zip;https://www.dallasfed.org/-/media/documents/research/igrea/igrea.xlsx;https://sdmx.oecd.org/public/rest/data/OECD.SDD.TPS,DSD_G20_PRICES@DF_G20_PRICES,1.0/USA.M...IX...?startPeriod=2010-01&endPeriod=2026-06&dimensionAtObservation=AllDimensions&format=csvfile",eia=eb3a40e41512132c339958d7282699cc8131fd5e63e3328c74f19b127e2757df;igrea=89c0901c6924f38f877ce54839dbc2bcfe6f1ca240cb8227593afcc68a14617a;oecd_us_cpi_index=c51e3cf6d34d5463d75bf3382688de72401e5b92f5e289391de8cc1c20f835f1
2010-09,87.51840773767762,53.958253,92.16174,119.00339154011301,downloaded_2026-07-31_ex_post,,"https://www.eia.gov/opendata/bulk/INTL.zip;https://www.dallasfed.org/-/media/documents/research/igrea/igrea.xlsx;https://sdmx.oecd.org/public/rest/data/OECD.SDD.TPS,DSD_G20_PRICES@DF_G20_PRICES,1.0/USA.M...IX...?startPeriod=2010-01&endPeriod=2026-06&dimensionAtObservation=AllDimensions&format=csvfile",eia=eb3a40e41512132c339958d7282699cc8131fd5e63e3328c74f19b127e2757df;igrea=89c0901c6924f38f877ce54839dbc2bcfe6f1ca240cb8227593afcc68a14617a;oecd_us_cpi_index=c51e3cf6d34d5463d75bf3382688de72401e5b92f5e289391de8cc1c20f835f1
2010-10,87.81043073767762,52.815392,92.2765,126.22164209068345,downloaded_2026-07-31_ex_post,,"https://www.eia.gov/opendata/bulk/INTL.zip;https://www.dallasfed.org/-/media/documents/research/igrea/igrea.xlsx;https://sdmx.oecd.org/public/rest/data/OECD.SDD.TPS,DSD_G20_PRICES@DF_G20_PRICES,1.0/USA.M...IX...?startPeriod=2010-01&endPeriod=2026-06&dimensionAtObservation=AllDimensions&format=csvfile",eia=eb3a40e41512132c339958d7282699cc8131fd5e63e3328c74f19b127e2757df;igrea=89c0901c6924f38f877ce54839dbc2bcfe6f1ca240cb8227593afcc68a14617a;oecd_us_cpi_index=c51e3cf6d34d5463d75bf3382688de72401e5b92f5e289391de8cc1c20f835f1
2010-11,88.12271973767763,37.862115,92.31532,130.15212291287028,downloaded_2026-07-31_ex_post,,"https://www.eia.gov/opendata/bulk/INTL.zip;https://www.dallasfed.org/-/media/documents/research/igrea/igrea.xlsx;https://sdmx.oecd.org/public/rest/data/OECD.SDD.TPS,DSD_G20_PRICES@DF_G20_PRICES,1.0/USA.M...IX...?startPeriod=2010-01&endPeriod=2026-06&dimensionAtObservation=AllDimensions&format=csvfile",eia=eb3a40e41512132c339958d7282699cc8131fd5e63e3328c74f19b127e2757df;igrea=89c0901c6924f38f877ce54839dbc2bcfe6f1ca240cb8227593afcc68a14617a;oecd_us_cpi_index=c51e3cf6d34d5463d75bf3382688de72401e5b92f5e289391de8cc1c20f835f1
2010-12,88.13218873767762,24.279832,92.47396,139.33289591469855,downloaded_2026-07-31_ex_post,,"https://www.eia.gov/opendata/bulk/INTL.zip;https://www.dallasfed.org/-/media/documents/research/igrea/igrea.xlsx;https://sdmx.oecd.org/public/rest/data/OECD.SDD.TPS,DSD_G20_PRICES@DF_G20_PRICES,1.0/USA.M...IX...?startPeriod=2010-01&endPeriod=2026-06&dimensionAtObservation=AllDimensions&format=csvfile",eia=eb3a40e41512132c339958d7282699cc8131fd5e63e3328c74f19b127e2757df;igrea=89c0901c6924f38f877ce54839dbc2bcfe6f1ca240cb8227593afcc68a14617a;oecd_us_cpi_index=c51e3cf6d34d5463d75bf3382688de72401e5b92f5e289391de8cc1c20f835f1
2011-01,88.98533526659041,-13.012595,92.91443,146.37078923747367,downloaded_2026-07-31_ex_post,,"https://www.eia.gov/opendata/bulk/INTL.zip;https://www.dallasfed.org/-/media/documents/research/igrea/igrea.xlsx;https://sdmx.oecd.org/public/rest/data/OECD.SDD.TPS,DSD_G20_PRICES@DF_G20_PRICES,1.0/USA.M...IX...?startPeriod=2010-01&endPeriod=2026-06&dimensionAtObservation=AllDimensions&format=csvfile",eia=eb3a40e41512132c339958d7282699cc8131fd5e63e3328c74f19b127e2757df;igrea=89c0901c6924f38f877ce54839dbc2bcfe6f1ca240cb8227593afcc68a14617a;oecd_us_cpi_index=c51e3cf6d34d5463d75bf3382688de72401e5b92f5e289391de8cc1c20f835f1
2011-02,88.24516326659041,-30.250445,93.37263,156.50636691366284,downloaded_2026-07-31_ex_post,,"https://www.eia.gov/opendata/bulk/INTL.zip;https://www.dallasfed.org/-/media/documents/research/igrea/igrea.xlsx;https://sdmx.oecd.org/public/rest/data/OECD.SDD.TPS,DSD_G20_PRICES@DF_G20_PRICES,1.0/USA.M...IX...?startPeriod=2010-01&endPeriod=2026-06&dimensionAtObservation=AllDimensions&format=csvfile",eia=eb3a40e41512132c339958d7282699cc8131fd5e63e3328c74f19b127e2757df;igrea=89c0901c6924f38f877ce54839dbc2bcfe6f1ca240cb8227593afcc68a14617a;oecd_us_cpi_index=c51e3cf6d34d5463d75bf3382688de72401e5b92f5e289391de8cc1c20f835f1
2011-03,87.3453652665904,-7.1583133,94.28311,171.32469787698108,downloaded_2026-07-31_ex_post,,"https://www.eia.gov/opendata/bulk/INTL.zip;https://www.dallasfed.org/-/media/documents/research/igrea/igrea.xlsx;https://sdmx.oecd.org/public/rest/data/OECD.SDD.TPS,DSD_G20_PRICES@DF_G20_PRICES,1.0/USA.M...IX...?startPeriod=2010-01&endPeriod=2026-06&dimensionAtObservation=AllDimensions&format=csvfile",eia=eb3a40e41512132c339958d7282699cc8131fd5e63e3328c74f19b127e2757df;igrea=89c0901c6924f38f877ce54839dbc2bcfe6f1ca240cb8227593afcc68a14617a;oecd_us_cpi_index=c51e3cf6d34d5463d75bf3382688de72401e5b92f5e289391de8cc1c20f835f1
2011-04,87.32212926659041,-18.04923,94.89024,183.02112631159721,downloaded_2026-07-31_ex_post,,"https://www.eia.gov/opendata/bulk/INTL.zip;https://www.dallasfed.org/-/media/documents/research/igrea/igrea.xlsx;https://sdmx.oecd.org/public/rest/data/OECD.SDD.TPS,DSD_G20_PRICES@DF_G20_PRICES,1.0/USA.M...IX...?startPeriod=2010-01&endPeriod=2026-06&dimensionAtObservation=AllDimensions&format=csvfile",eia=eb3a40e41512132c339958d7282699cc8131fd5e63e3328c74f19b127e2757df;igrea=89c0901c6924f38f877ce54839dbc2bcfe6f1ca240cb8227593afcc68a14617a;oecd_us_cpi_index=c51e3cf6d34d5463d75bf3382688de72401e5b92f5e289391de8cc1c20f835f1
2011-05,87.17399226659042,-17.503855,95.33662,169.94220408195517,downloaded_2026-07-31_ex_post,,"https://www.eia.gov/opendata/bulk/INTL.zip;https://www.dallasfed.org/-/media/documents/research/igrea/igrea.xlsx;https://sdmx.oecd.org/public/rest/data/OECD.SDD.TPS,DSD_G20_PRICES@DF_G20_PRICES,1.0/USA.M...IX...?startPeriod=2010-01&endPeriod=2026-06&dimensionAtObservation=AllDimensions&format=csvfile",eia=eb3a40e41512132c339958d7282699cc8131fd5e63e3328c74f19b127e2757df;igrea=89c0901c6924f38f877ce54839dbc2bcfe6f1ca240cb8227593afcc68a14617a;oecd_us_cpi_index=c51e3cf6d34d5463d75bf3382688de72401e5b92f5e289391de8cc1c20f835f1
2011-06,88.08507126659042,-11.533315,95.23452,168.41431309256348,downloaded_2026-07-31_ex_post,,"https://www.eia.gov/opendata/bulk/INTL.zip;https://www.dallasfed.org/-/media/documents/research/igrea/igrea.xlsx;https://sdmx.oecd.org/public/rest/data/OECD.SDD.TPS,DSD_G20_PRICES@DF_G20_PRICES,1.0/USA.M...IX...?startPeriod=2010-01&endPeriod=2026-06&dimensionAtObservation=AllDimensions&format=csvfile",eia=eb3a40e41512132c339958d7282699cc8131fd5e63e3328c74f19b127e2757df;igrea=89c0901c6924f38f877ce54839dbc2bcfe6f1ca240cb8227593afcc68a14617a;oecd_us_cpi_index=c51e3cf6d34d5463d75bf3382688de72401e5b92f5e289391de8cc1c20f835f1
2011-07,88.56643126659041,-16.468955,95.3189,172.90716222753304,downloaded_2026-07-31_ex_post,,"https://www.eia.gov/opendata/bulk/INTL.zip;https://www.dallasfed.org/-/media/documents/research/igrea/igrea.xlsx;https://sdmx.oecd.org/public/rest/data/OECD.SDD.TPS,DSD_G20_PRICES@DF_G20_PRICES,1.0/USA.M...IX...?startPeriod=2010-01&endPeriod=2026-06&dimensionAtObservation=AllDimensions&format=csvfile",eia=eb3a40e41512132c339958d7282699cc8131fd5e63e3328c74f19b127e2757df;igrea=89c0901c6924f38f877ce54839dbc2bcfe6f1ca240cb8227593afcc68a14617a;oecd_us_cpi_index=c51e3cf6d34d5463d75bf3382688de72401e5b92f5e289391de8cc1c20f835f1
2011-08,89.09830626659041,-15.061172,95.58175,162.47560327677616,downloaded_2026-07-31_ex_post,,"https://www.eia.gov/opendata/bulk/INTL.zip;https://www.dallasfed.org/-/media/documents/research/igrea/igrea.xlsx;https://sdmx.oecd.org/public/rest/data/OECD.SDD.TPS,DSD_G20_PRICES@DF_G20_PRICES,1.0/USA.M...IX...?startPeriod=2010-01&endPeriod=2026-06&dimensionAtObservation=AllDimensions&format=csvfile",eia=eb3a40e41512132c339958d7282699cc8131fd5e63e3328c74f19b127e2757df;igrea=89c0901c6924f38f877ce54839dbc2bcfe6f1ca240cb8227593afcc68a14617a;oecd_us_cpi_index=c51e3cf6d34d5463d75bf3382688de72401e5b92f5e289391de8cc1c20f835f1
2011-09,88.42039926659041,13.175592,95.72689,166.07712640518002,downloaded_2026-07-31_ex_post,,"https://www.eia.gov/opendata/bulk/INTL.zip;https://www.dallasfed.org/-/media/documents/research/igrea/igrea.xlsx;https://sdmx.oecd.org/public/rest/data/OECD.SDD.TPS,DSD_G20_PRICES@DF_G20_PRICES,1.0/USA.M...IX...?startPeriod=2010-01&endPeriod=2026-06&dimensionAtObservation=AllDimensions&format=csvfile",eia=eb3a40e41512132c339958d7282699cc8131fd5e63e3328c74f19b127e2757df;igrea=89c0901c6924f38f877ce54839dbc2bcfe6f1ca240cb8227593afcc68a14617a;oecd_us_cpi_index=c51e3cf6d34d5463d75bf3382688de72401e5b92f5e289391de8cc1c20f835f1
2011-10,88.94231726659041,25.149407,95.52943,161.57706525622524,downloaded_2026-07-31_ex_post,,"https://www.eia.gov/opendata/bulk/INTL.zip;https://www.dallasfed.org/-/media/documents/research/igrea/igrea.xlsx;https://sdmx.oecd.org/public/rest/data/OECD.SDD.TPS,DSD_G20_PRICES@DF_G20_PRICES,1.0/USA.M...IX...?startPeriod=2010-01&endPeriod=2026-06&dimensionAtObservation=AllDimensions&format=csvfile",eia=eb3a40e41512132c339958d7282699cc8131fd5e63e3328c74f19b127e2757df;igrea=89c0901c6924f38f877ce54839dbc2bcfe6f1ca240cb8227593afcc68a14617a;oecd_us_cpi_index=c51e3cf6d34d5463d75bf3382688de72401e5b92f5e289391de8cc1c20f835f1
2011-11,89.93678626659042,12.977637,95.44885,163.51157720651028,downloaded_2026-07-31_ex_post,,"https://www.eia.gov/opendata/bulk/INTL.zip;https://www.dallasfed.org/-/media/documents/research/igrea/igrea.xlsx;https://sdmx.oecd.org/public/rest/data/OECD.SDD.TPS,DSD_G20_PRICES@DF_G20_PRICES,1.0/USA.M...IX...?startPeriod=2010-01&endPeriod=2026-06&dimensionAtObservation=AllDimensions&format=csvfile",eia=eb3a40e41512132c339958d7282699cc8131fd5e63e3328c74f19b127e2757df;igrea=89c0901c6924f38f877ce54839dbc2bcfe6f1ca240cb8227593afcc68a14617a;oecd_us_cpi_index=c51e3cf6d34d5463d75bf3382688de72401e5b92f5e289391de8cc1c20f835f1
2011-12,90.24732326659041,14.92826,95.21342,159.62799069658456,downloaded_2026-07-31_ex_post,,"https://www.eia.gov/opendata/bulk/INTL.zip;https://www.dallasfed.org/-/media/documents/research/igrea/igrea.xlsx;https://sdmx.oecd.org/public/rest/data/OECD.SDD.TPS,DSD_G20_PRICES@DF_G20_PRICES,1.0/USA.M...IX...?startPeriod=2010-01&endPeriod=2026-06&dimensionAtObservation=AllDimensions&format=csvfile",eia=eb3a40e41512132c339958d7282699cc8131fd5e63e3328c74f19b127e2757df;igrea=89c0901c6924f38f877ce54839dbc2bcfe6f1ca240cb8227593afcc68a14617a;oecd_us_cpi_index=c51e3cf6d34d5463d75bf3382688de72401e5b92f5e289391de8cc1c20f835f1
2012-01,90.63306882008251,-43.846427,95.63238,163.07682564629258,downloaded_2026-07-31_ex_post,,"https://www.eia.gov/opendata/bulk/INTL.zip;https://www.dallasfed.org/-/media/documents/research/igrea/igrea.xlsx;https://sdmx.oecd.org/public/rest/data/OECD.SDD.TPS,DSD_G20_PRICES@DF_G20_PRICES,1.0/USA.M...IX...?startPeriod=2010-01&endPeriod=2026-06&dimensionAtObservation=AllDimensions&format=csvfile",eia=eb3a40e41512132c339958d7282699cc8131fd5e63e3328c74f19b127e2757df;igrea=89c0901c6924f38f877ce54839dbc2bcfe6f1ca240cb8227593afcc68a14617a;oecd_us_cpi_index=c51e3cf6d34d5463d75bf3382688de72401e5b92f5e289391de8cc1c20f835f1
2012-02,90.92411582008252,-83.050961,96.05344,175.03718464742127,downloaded_2026-07-31_ex_post,,"https://www.eia.gov/opendata/bulk/INTL.zip;https://www.dallasfed.org/-/media/documents/research/igrea/igrea.xlsx;https://sdmx.oecd.org/public/rest/data/OECD.SDD.TPS,DSD_G20_PRICES@DF_G20_PRICES,1.0/USA.M...IX...?startPeriod=2010-01&endPeriod=2026-06&dimensionAtObservation=AllDimensions&format=csvfile",eia=eb3a40e41512132c339958d7282699cc8131fd5e63e3328c74f19b127e2757df;igrea=89c0901c6924f38f877ce54839dbc2bcfe6f1ca240cb8227593afcc68a14617a;oecd_us_cpi_index=c51e3cf6d34d5463d75bf3382688de72401e5b92f5e289391de8cc1c20f835f1
2012-03,90.65486482008251,-63.004419,96.78293,182.62519134314286,downloaded_2026-07-31_ex_post,,"https://www.eia.gov/opendata/bulk/INTL.zip;https://www.dallasfed.org/-/media/documents/research/igrea/igrea.xlsx;https://sdmx.oecd.org/public/rest/data/OECD.SDD.TPS,DSD_G20_PRICES@DF_G20_PRICES,1.0/USA.M...IX...?startPeriod=2010-01&endPeriod=2026-06&dimensionAtObservation=AllDimensions&format=csvfile",eia=eb3a40e41512132c339958d7282699cc8131fd5e63e3328c74f19b127e2757df;igrea=89c0901c6924f38f877ce54839dbc2bcfe6f1ca240cb8227593afcc68a14617a;oecd_us_cpi_index=c51e3cf6d34d5463d75bf3382688de72401e5b92f5e289391de8cc1c20f835f1
2012-04,91.04327682008251,-45.769029,97.07532,173.33202762384232,downloaded_2026-07-31_ex_post,,"https://www.eia.gov/opendata/bulk/INTL.zip;https://www.dallasfed.org/-/media/documents/research/igrea/igrea.xlsx;https://sdmx.oecd.org/public/rest/data/OECD.SDD.TPS,DSD_G20_PRICES@DF_G20_PRICES,1.0/USA.M...IX...?startPeriod=2010-01&endPeriod=2026-06&dimensionAtObservation=AllDimensions&format=csvfile",eia=eb3a40e41512132c339958d7282699cc8131fd5e63e3328c74f19b127e2757df;igrea=89c0901c6924f38f877ce54839dbc2bcfe6f1ca240cb8227593afcc68a14617a;oecd_us_cpi_index=c51e3cf6d34d5463d75bf3382688de72401e5b92f5e289391de8cc1c20f835f1
2012-05,90.64841082008252,-37.781638,96.9614,160.33810559420456,downloaded_2026-07-31_ex_post,,"https://www.eia.gov/opendata/bulk/INTL.zip;https://www.dallasfed.org/-/media/documents/research/igrea/igrea.xlsx;https://sdmx.oecd.org/public/rest/data/OECD.SDD.TPS,DSD_G20_PRICES@DF_G20_PRICES,1.0/USA.M...IX...?startPeriod=2010-01&endPeriod=2026-06&dimensionAtObservation=AllDimensions&format=csvfile",eia=eb3a40e41512132c339958d7282699cc8131fd5e63e3328c74f19b127e2757df;igrea=89c0901c6924f38f877ce54839dbc2bcfe6f1ca240cb8227593afcc68a14617a;oecd_us_cpi_index=c51e3cf6d34d5463d75bf3382688de72401e5b92f5e289391de8cc1c20f835f1
2012-06,90.35411982008252,-53.64234,96.81921,138.4770678861885,downloaded_2026-07-31_ex_post,,"https://www.eia.gov/opendata/bulk/INTL.zip;https://www.dallasfed.org/-/media/documents/research/igrea/igrea.xlsx;https://sdmx.oecd.org/public/rest/data/OECD.SDD.TPS,DSD_G20_PRICES@DF_G20_PRICES,1.0/USA.M...IX...?startPeriod=2010-01&endPeriod=2026-06&dimensionAtObservation=AllDimensions&format=csvfile",eia=eb3a40e41512132c339958d7282699cc8131fd5e63e3328c74f19b127e2757df;igrea=89c0901c6924f38f877ce54839dbc2bcfe6f1ca240cb8227593afcc68a14617a;oecd_us_cpi_index=c51e3cf6d34d5463d75bf3382688de72401e5b92f5e289391de8cc1c20f835f1
2012-07,90.84990782008252,-41.551535,96.66142,149.5813036399187,downloaded_2026-07-31_ex_post,,"https://www.eia.gov/opendata/bulk/INTL.zip;https://www.dallasfed.org/-/media/documents/research/igrea/igrea.xlsx;https://sdmx.oecd.org/public/rest/data/OECD.SDD.TPS,DSD_G20_PRICES@DF_G20_PRICES,1.0/USA.M...IX...?startPeriod=2010-01&endPeriod=2026-06&dimensionAtObservation=AllDimensions&format=csvfile",eia=eb3a40e41512132c339958d7282699cc8131fd5e63e3328c74f19b127e2757df;igrea=89c0901c6924f38f877ce54839dbc2bcfe6f1ca240cb8227593afcc68a14617a;oecd_us_cpi_index=c51e3cf6d34d5463d75bf3382688de72401e5b92f5e289391de8cc1c20f835f1
2012-08,90.93663782008251,-74.793193,97.19936,164.31831037150147,downloaded_2026-07-31_ex_post,,"https://www.eia.gov/opendata/bulk/INTL.zip;https://www.dallasfed.org/-/media/documents/research/igrea/igrea.xlsx;https://sdmx.oecd.org/public/rest/data/OECD.SDD.TPS,DSD_G20_PRICES@DF_G20_PRICES,1.0/USA.M...IX...?startPeriod=2010-01&endPeriod=2026-06&dimensionAtObservation=AllDimensions&format=csvfile",eia=eb3a40e41512132c339958d7282699cc8131fd5e63e3328c74f19b127e2757df;igrea=89c0901c6924f38f877ce54839dbc2bcfe6f1ca240cb8227593afcc68a14617a;oecd_us_cpi_index=c51e3cf6d34d5463d75bf3382688de72401e5b92f5e289391de8cc1c20f835f1
2012-09,90.20176582008251,-82.432932,97.63308,162.8777468817568,downloaded_2026-07-31_ex_post,,"https://www.eia.gov/opendata/bulk/INTL.zip;https://www.dallasfed.org/-/media/documents/research/igrea/igrea.xlsx;https://sdmx.oecd.org/public/rest/data/OECD.SDD.TPS,DSD_G20_PRICES@DF_G20_PRICES,1.0/USA.M...IX...?startPeriod=2010-01&endPeriod=2026-06&dimensionAtObservation=AllDimensions&format=csvfile",eia=eb3a40e41512132c339958d7282699cc8131fd5e63e3328c74f19b127e2757df;igrea=89c0901c6924f38f877ce54839dbc2bcfe6f1ca240cb8227593afcc68a14617a;oecd_us_cpi_index=c51e3cf6d34d5463d75bf3382688de72401e5b92f5e289391de8cc1c20f835f1
2012-10,90.9095878200825,-52.74467,97.59511,161.27679889815218,downloaded_2026-07-31_ex_post,,"https://www.eia.gov/opendata/bulk/INTL.zip;https://www.dallasfed.org/-/media/documents/research/igrea/igrea.xlsx;https://sdmx.oecd.org/public/rest/data/OECD.SDD.TPS,DSD_G20_PRICES@DF_G20_PRICES,1.0/USA.M...IX...?startPeriod=2010-01&endPeriod=2026-06&dimensionAtObservation=AllDimensions&format=csvfile",eia=eb3a40e41512132c339958d7282699cc8131fd5e63e3328c74f19b127e2757df;igrea=89c0901c6924f38f877ce54839dbc2bcfe6f1ca240cb8227593afcc68a14617a;oecd_us_cpi_index=c51e3cf6d34d5463d75bf3382688de72401e5b92f5e289391de8cc1c20f835f1
2012-11,91.4016478200825,-45.103897,97.1327,158.1972259731863,downloaded_2026-07-31_ex_post,,"https://www.eia.gov/opendata/bulk/INTL.zip;https://www.dallasfed.org/-/media/documents/research/igrea/igrea.xlsx;https://sdmx.oecd.org/public/rest/data/OECD.SDD.TPS,DSD_G20_PRICES@DF_G20_PRICES,1.0/USA.M...IX...?startPeriod=2010-01&endPeriod=2026-06&dimensionAtObservation=AllDimensions&format=csvfile",eia=eb3a40e41512132c339958d7282699cc8131fd5e63e3328c74f19b127e2757df;igrea=89c0901c6924f38f877ce54839dbc2bcfe6f1ca240cb8227593afcc68a14617a;oecd_us_cpi_index=c51e3cf6d34d5463d75bf3382688de72401e5b92f5e289391de8cc1c20f835f1
2012-12,91.07460482008251,-62.945015,96.87111,159.25774632498792,downloaded_2026-07-31_ex_post,,"https://www.eia.gov/opendata/bulk/INTL.zip;https://www.dallasfed.org/-/media/documents/research/igrea/igrea.xlsx;https://sdmx.oecd.org/public/rest/data/OECD.SDD.TPS,DSD_G20_PRICES@DF_G20_PRICES,1.0/USA.M...IX...?startPeriod=2010-01&endPeriod=2026-06&dimensionAtObservation=AllDimensions&format=csvfile",eia=eb3a40e41512132c339958d7282699cc8131fd5e63e3328c74f19b127e2757df;igrea=89c0901c6924f38f877ce54839dbc2bcfe6f1ca240cb8227593afcc68a14617a;oecd_us_cpi_index=c51e3cf6d34d5463d75bf3382688de72401e5b92f5e289391de8cc1c20f835f1
2013-01,90.26281386327216,-73.452104,97.15759,163.81454896112592,downloaded_2026-07-31_ex_post,,"https://www.eia.gov/opendata/bulk/INTL.zip;https://www.dallasfed.org/-/media/documents/research/igrea/igrea.xlsx;https://sdmx.oecd.org/public/rest/data/OECD.SDD.TPS,DSD_G20_PRICES@DF_G20_PRICES,1.0/USA.M...IX...?startPeriod=2010-01&endPeriod=2026-06&dimensionAtObservation=AllDimensions&format=csvfile",eia=eb3a40e41512132c339958d7282699cc8131fd5e63e3328c74f19b127e2757df;igrea=89c0901c6924f38f877ce54839dbc2bcfe6f1ca240cb8227593afcc68a14617a;oecd_us_cpi_index=c51e3cf6d34d5463d75bf3382688de72401e5b92f5e289391de8cc1c20f835f1
2013-02,90.03489586327215,-77.212126,97.95331,166.9292793861634,downloaded_2026-07-31_ex_post,,"https://www.eia.gov/opendata/bulk/INTL.zip;https://www.dallasfed.org/-/media/documents/research/igrea/igrea.xlsx;https://sdmx.oecd.org/public/rest/data/OECD.SDD.TPS,DSD_G20_PRICES@DF_G20_PRICES,1.0/USA.M...IX...?startPeriod=2010-01&endPeriod=2026-06&dimensionAtObservation=AllDimensions&format=csvfile",eia=eb3a40e41512132c339958d7282699cc8131fd5e63e3328c74f19b127e2757df;igrea=89c0901c6924f38f877ce54839dbc2bcfe6f1ca240cb8227593afcc68a14617a;oecd_us_cpi_index=c51e3cf6d34d5463d75bf3382688de72401e5b92f5e289391de8cc1c20f835f1
2013-03,90.28154286327215,-60.54867,98.20941,155.6241790333533,downloaded_2026-07-31_ex_post,,"https://www.eia.gov/opendata/bulk/INTL.zip;https://www.dallasfed.org/-/media/documents/research/igrea/igrea.xlsx;https://sdmx.oecd.org/public/rest/data/OECD.SDD.TPS,DSD_G20_PRICES@DF_G20_PRICES,1.0/USA.M...IX...?startPeriod=2010-01&endPeriod=2026-06&dimensionAtObservation=AllDimensions&format=csvfile",eia=eb3a40e41512132c339958d7282699cc8131fd5e63e3328c74f19b127e2757df;igrea=89c0901c6924f38f877ce54839dbc2bcfe6f1ca240cb8227593afcc68a14617a;oecd_us_cpi_index=c51e3cf6d34d5463d75bf3382688de72401e5b92f5e289391de8cc1c20f835f1
2013-04,91.17753486327214,-60.414085,98.10731,146.8448589304915,downloaded_2026-07-31_ex_post,,"https://www.eia.gov/opendata/bulk/INTL.zip;https://www.dallasfed.org/-/media/documents/research/igrea/igrea.xlsx;https://sdmx.oecd.org/public/rest/data/OECD.SDD.TPS,DSD_G20_PRICES@DF_G20_PRICES,1.0/USA.M...IX...?startPeriod=2010-01&endPeriod=2026-06&dimensionAtObservation=AllDimensions&format=csvfile",eia=eb3a40e41512132c339958d7282699cc8131fd5e63e3328c74f19b127e2757df;igrea=89c0901c6924f38f877ce54839dbc2bcfe6f1ca240cb8227593afcc68a14617a;oecd_us_cpi_index=c51e3cf6d34d5463d75bf3382688de72401e5b92f5e289391de8cc1c20f835f1
2013-05,91.31080786327215,-62.912007,98.28198,147.02895170101374,downloaded_2026-07-31_ex_post,,"https://www.eia.gov/opendata/bulk/INTL.zip;https://www.dallasfed.org/-/media/documents/research/igrea/igrea.xlsx;https://sdmx.oecd.org/public/rest/data/OECD.SDD.TPS,DSD_G20_PRICES@DF_G20_PRICES,1.0/USA.M...IX...?startPeriod=2010-01&endPeriod=2026-06&dimensionAtObservation=AllDimensions&format=csvfile",eia=eb3a40e41512132c339958d7282699cc8131fd5e63e3328c74f19b127e2757df;igrea=89c0901c6924f38f877ce54839dbc2bcfe6f1ca240cb8227593afcc68a14617a;oecd_us_cpi_index=c51e3cf6d34d5463d75bf3382688de72401e5b92f5e289391de8cc1c20f835f1
2013-06,91.40881486327214,-53.029014,98.51783,147.19306565166934,downloaded_2026-07-31_ex_post,,"https://www.eia.gov/opendata/bulk/INTL.zip;https://www.dallasfed.org/-/media/documents/research/igrea/igrea.xlsx;https://sdmx.oecd.org/public/rest/data/OECD.SDD.TPS,DSD_G20_PRICES@DF_G20_PRICES,1.0/USA.M...IX...?startPeriod=2010-01&endPeriod=2026-06&dimensionAtObservation=AllDimensions&format=csvfile",eia=eb3a40e41512132c339958d7282699cc8131fd5e63e3328c74f19b127e2757df;igrea=89c0901c6924f38f877ce54839dbc2bcfe6f1ca240cb8227593afcc68a14617a;oecd_us_cpi_index=c51e3cf6d34d5463d75bf3382688de72401e5b92f5e289391de8cc1c20f835f1
2013-07,92.27143586327215,-35.312668,98.55664,154.3027304755925,downloaded_2026-07-31_ex_post,,"https://www.eia.gov/opendata/bulk/INTL.zip;https://www.dallasfed.org/-/media/documents/research/igrea/igrea.xlsx;https://sdmx.oecd.org/public/rest/data/OECD.SDD.TPS,DSD_G20_PRICES@DF_G20_PRICES,1.0/USA.M...IX...?startPeriod=2010-01&endPeriod=2026-06&dimensionAtObservation=AllDimensions&format=csvfile",eia=eb3a40e41512132c339958d7282699cc8131fd5e63e3328c74f19b127e2757df;igrea=89c0901c6924f38f877ce54839dbc2bcfe6f1ca240cb8227593afcc68a14617a;oecd_us_cpi_index=c51e3cf6d34d5463d75bf3382688de72401e5b92f5e289391de8cc1c20f835f1
2013-08,92.09703286327215,-38.554672,98.6752,158.89688955786255,downloaded_2026-07-31_ex_post,,"https://www.eia.gov/opendata/bulk/INTL.zip;https://www.dallasfed.org/-/media/documents/research/igrea/igrea.xlsx;https://sdmx.oecd.org/public/rest/data/OECD.SDD.TPS,DSD_G20_PRICES@DF_G20_PRICES,1.0/USA.M...IX...?startPeriod=2010-01&endPeriod=2026-06&dimensionAtObservation=AllDimensions&format=csvfile",eia=eb3a40e41512132c339958d7282699cc8131fd5e63e3328c74f19b127e2757df;igrea=89c0901c6924f38f877ce54839dbc2bcfe6f1ca240cb8227593afcc68a14617a;oecd_us_cpi_index=c51e3cf6d34d5463d75bf3382688de72401e5b92f5e289391de8cc1c20f835f1
2013-09,91.47599686327214,5.0408811,98.78996,159.16306168511454,downloaded_2026-07-31_ex_post,,"https://www.eia.gov/opendata/bulk/INTL.zip;https://www.dallasfed.org/-/media/documents/research/igrea/igrea.xlsx;https://sdmx.oecd.org/public/rest/data/OECD.SDD.TPS,DSD_G20_PRICES@DF_G20_PRICES,1.0/USA.M...IX...?startPeriod=2010-01&endPeriod=2026-06&dimensionAtObservation=AllDimensions&format=csvfile",eia=eb3a40e41512132c339958d7282699cc8131fd5e63e3328c74f19b127e2757df;igrea=89c0901c6924f38f877ce54839dbc2bcfe6f1ca240cb8227593afcc68a14617a;oecd_us_cpi_index=c51e3cf6d34d5463d75bf3382688de72401e5b92f5e289391de8cc1c20f835f1
2013-10,91.74214086327214,16.538234,98.53555,155.9706405692953,downloaded_2026-07-31_ex_post,,"https://www.eia.gov/opendata/bulk/INTL.zip;https://www.dallasfed.org/-/media/documents/research/igrea/igrea.xlsx;https://sdmx.oecd.org/public/rest/data/OECD.SDD.TPS,DSD_G20_PRICES@DF_G20_PRICES,1.0/USA.M...IX...?startPeriod=2010-01&endPeriod=2026-06&dimensionAtObservation=AllDimensions&format=csvfile",eia=eb3a40e41512132c339958d7282699cc8131fd5e63e3328c74f19b127e2757df;igrea=89c0901c6924f38f877ce54839dbc2bcfe6f1ca240cb8227593afcc68a14617a;oecd_us_cpi_index=c51e3cf6d34d5463d75bf3382688de72401e5b92f5e289391de8cc1c20f835f1
2013-11,92.05907586327214,-2.3810558,98.3343,154.44932680458396,downloaded_2026-07-31_ex_post,,"https://www.eia.gov/opendata/bulk/INTL.zip;https://www.dallasfed.org/-/media/documents/research/igrea/igrea.xlsx;https://sdmx.oecd.org/public/rest/data/OECD.SDD.TPS,DSD_G20_PRICES@DF_G20_PRICES,1.0/USA.M...IX...?startPeriod=2010-01&endPeriod=2026-06&dimensionAtObservation=AllDimensions&format=csvfile",eia=eb3a40e41512132c339958d7282699cc8131fd5e63e3328c74f19b127e2757df;igrea=89c0901c6924f38f877ce54839dbc2bcfe6f1ca240cb8227593afcc68a14617a;oecd_us_cpi_index=c51e3cf6d34d5463d75bf3382688de72401e5b92f5e289391de8cc1c20f835f1
2013-12,92.21192786327214,30.968539,98.32586,158.7108594253163,downloaded_2026-07-31_ex_post,,"https://www.eia.gov/opendata/bulk/INTL.zip;https://www.dallasfed.org/-/media/documents/research/igrea/igrea.xlsx;https://sdmx.oecd.org/public/rest/data/OECD.SDD.TPS,DSD_G20_PRICES@DF_G20_PRICES,1.0/USA.M...IX...?startPeriod=2010-01&endPeriod=2026-06&dimensionAtObservation=AllDimensions&format=csvfile",eia=eb3a40e41512132c339958d7282699cc8131fd5e63e3328c74f19b127e2757df;igrea=89c0901c6924f38f877ce54839dbc2bcfe6f1ca240cb8227593afcc68a14617a;oecd_us_cpi_index=c51e3cf6d34d5463d75bf3382688de72401e5b92f5e289391de8cc1c20f835f1
2014-01,92.28532831350958,-8.2614442,98.69166,154.3550967275249,downloaded_2026-07-31_ex_post,,"https://www.eia.gov/opendata/bulk/INTL.zip;https://www.dallasfed.org/-/media/documents/research/igrea/igrea.xlsx;https://sdmx.oecd.org/public/rest/data/OECD.SDD.TPS,DSD_G20_PRICES@DF_G20_PRICES,1.0/USA.M...IX...?startPeriod=2010-01&endPeriod=2026-06&dimensionAtObservation=AllDimensions&format=csvfile",eia=eb3a40e41512132c339958d7282699cc8131fd5e63e3328c74f19b127e2757df;igrea=89c0901c6924f38f877ce54839dbc2bcfe6f1ca240cb8227593afcc68a14617a;oecd_us_cpi_index=c51e3cf6d34d5463d75bf3382688de72401e5b92f5e289391de8cc1c20f835f1
2014-02,92.8114393135096,-33.806229,99.05661,154.89986449959747,downloaded_2026-07-31_ex_post,,"https://www.eia.gov/opendata/bulk/INTL.zip;https://www.dallasfed.org/-/media/documents/research/igrea/igrea.xlsx;https://sdmx.oecd.org/public/rest/data/OECD.SDD.TPS,DSD_G20_PRICES@DF_G20_PRICES,1.0/USA.M...IX...?startPeriod=2010-01&endPeriod=2026-06&dimensionAtObservation=AllDimensions&format=csvfile",eia=eb3a40e41512132c339958d7282699cc8131fd5e63e3328c74f19b127e2757df;igrea=89c0901c6924f38f877ce54839dbc2bcfe6f1ca240cb8227593afcc68a14617a;oecd_us_cpi_index=c51e3cf6d34d5463d75bf3382688de72401e5b92f5e289391de8cc1c20f835f1
2014-03,92.16950631350959,-7.4505987,99.69453,151.9024211305895,downloaded_2026-07-31_ex_post,,"https://www.eia.gov/opendata/bulk/INTL.zip;https://www.dallasfed.org/-/media/documents/research/igrea/igrea.xlsx;https://sdmx.oecd.org/public/rest/data/OECD.SDD.TPS,DSD_G20_PRICES@DF_G20_PRICES,1.0/USA.M...IX...?startPeriod=2010-01&endPeriod=2026-06&dimensionAtObservation=AllDimensions&format=csvfile",eia=eb3a40e41512132c339958d7282699cc8131fd5e63e3328c74f19b127e2757df;igrea=89c0901c6924f38f877ce54839dbc2bcfe6f1ca240cb8227593afcc68a14617a;oecd_us_cpi_index=c51e3cf6d34d5463d75bf3382688de72401e5b92f5e289391de8cc1c20f835f1
2014-04,92.46559331350959,-42.519854,100.0232,151.78965241682977,downloaded_2026-07-31_ex_post,,"https://www.eia.gov/opendata/bulk/INTL.zip;https://www.dallasfed.org/-/media/documents/research/igrea/igrea.xlsx;https://sdmx.oecd.org/public/rest/data/OECD.SDD.TPS,DSD_G20_PRICES@DF_G20_PRICES,1.0/USA.M...IX...?startPeriod=2010-01&endPeriod=2026-06&dimensionAtObservation=AllDimensions&format=csvfile",eia=eb3a40e41512132c339958d7282699cc8131fd5e63e3328c74f19b127e2757df;igrea=89c0901c6924f38f877ce54839dbc2bcfe6f1ca240cb8227593afcc68a14617a;oecd_us_cpi_index=c51e3cf6d34d5463d75bf3382688de72401e5b92f5e289391de8cc1c20f835f1
2014-05,92.83521131350959,-47.838271,100.3725,153.76550227402925,downloaded_2026-07-31_ex_post,,"https://www.eia.gov/opendata/bulk/INTL.zip;https://www.dallasfed.org/-/media/documents/research/igrea/igrea.xlsx;https://sdmx.oecd.org/public/rest/data/OECD.SDD.TPS,DSD_G20_PRICES@DF_G20_PRICES,1.0/USA.M...IX...?startPeriod=2010-01&endPeriod=2026-06&dimensionAtObservation=AllDimensions&format=csvfile",eia=eb3a40e41512132c339958d7282699cc8131fd5e63e3328c74f19b127e2757df;igrea=89c0901c6924f38f877ce54839dbc2bcfe6f1ca240cb8227593afcc68a14617a;oecd_us_cpi_index=c51e3cf6d34d5463d75bf3382688de72401e5b92f5e289391de8cc1c20f835f1
2014-06,93.64086731350959,-56.204598,100.5595,156.6407378479313,downloaded_2026-07-31_ex_post,,"https://www.eia.gov/opendata/bulk/INTL.zip;https://www.dallasfed.org/-/media/documents/research/igrea/igrea.xlsx;https://sdmx.oecd.org/public/rest/data/OECD.SDD.TPS,DSD_G20_PRICES@DF_G20_PRICES,1.0/USA.M...IX...?startPeriod=2010-01&endPeriod=2026-06&dimensionAtObservation=AllDimensions&format=csvfile",eia=eb3a40e41512132c339958d7282699cc8131fd5e63e3328c74f19b127e2757df;igrea=89c0901c6924f38f877ce54839dbc2bcfe6f1ca240cb8227593afcc68a14617a;oecd_us_cpi_index=c51e3cf6d34d5463d75bf3382688de72401e5b92f5e289391de8cc1c20f835f1
2014-07,93.87976831350959,-69.763242,100.5202,149.6556175276213,downloaded_2026-07-31_ex_post,,"https://www.eia.gov/opendata/bulk/INTL.zip;https://www.dallasfed.org/-/media/documents/research/igrea/igrea.xlsx;https://sdmx.oecd.org/public/rest/data/OECD.SDD.TPS,DSD_G20_PRICES@DF_G20_PRICES,1.0/USA.M...IX...?startPeriod=2010-01&endPeriod=2026-06&dimensionAtObservation=AllDimensions&format=csvfile",eia=eb3a40e41512132c339958d7282699cc8131fd5e63e3328c74f19b127e2757df;igrea=89c0901c6924f38f877ce54839dbc2bcfe6f1ca240cb8227593afcc68a14617a;oecd_us_cpi_index=c51e3cf6d34d5463d75bf3382688de72401e5b92f5e289391de8cc1c20f835f1
2014-08,94.36554431350959,-53.207968,100.3523,142.66107744463872,downloaded_2026-07-31_ex_post,,"https://www.eia.gov/opendata/bulk/INTL.zip;https://www.dallasfed.org/-/media/documents/research/igrea/igrea.xlsx;https://sdmx.oecd.org/public/rest/data/OECD.SDD.TPS,DSD_G20_PRICES@DF_G20_PRICES,1.0/USA.M...IX...?startPeriod=2010-01&endPeriod=2026-06&dimensionAtObservation=AllDimensions&format=csvfile",eia=eb3a40e41512132c339958d7282699cc8131fd5e63e3328c74f19b127e2757df;igrea=89c0901c6924f38f877ce54839dbc2bcfe6f1ca240cb8227593afcc68a14617a;oecd_us_cpi_index=c51e3cf6d34d5463d75bf3382688de72401e5b92f5e289391de8cc1c20f835f1
2014-09,94.8574363135096,-34.976966,100.4278,136.21704740833002,downloaded_2026-07-31_ex_post,,"https://www.eia.gov/opendata/bulk/INTL.zip;https://www.dallasfed.org/-/media/documents/research/igrea/igrea.xlsx;https://sdmx.oecd.org/public/rest/data/OECD.SDD.TPS,DSD_G20_PRICES@DF_G20_PRICES,1.0/USA.M...IX...?startPeriod=2010-01&endPeriod=2026-06&dimensionAtObservation=AllDimensions&format=csvfile",eia=eb3a40e41512132c339958d7282699cc8131fd5e63e3328c74f19b127e2757df;igrea=89c0901c6924f38f877ce54839dbc2bcfe6f1ca240cb8227593afcc68a14617a;oecd_us_cpi_index=c51e3cf6d34d5463d75bf3382688de72401e5b92f5e289391de8cc1c20f835f1
2014-10,96.09837631350959,-36.74976,100.1755,122.96449269011146,downloaded_2026-07-31_ex_post,,"https://www.eia.gov/opendata/bulk/INTL.zip;https://www.dallasfed.org/-/media/documents/research/igrea/igrea.xlsx;https://sdmx.oecd.org/public/rest/data/OECD.SDD.TPS,DSD_G20_PRICES@DF_G20_PRICES,1.0/USA.M...IX...?startPeriod=2010-01&endPeriod=2026-06&dimensionAtObservation=AllDimensions&format=csvfile",eia=eb3a40e41512132c339958d7282699cc8131fd5e63e3328c74f19b127e2757df;igrea=89c0901c6924f38f877ce54839dbc2bcfe6f1ca240cb8227593afcc68a14617a;oecd_us_cpi_index=c51e3cf6d34d5463d75bf3382688de72401e5b92f5e289391de8cc1c20f835f1
2014-11,95.59371131350959,-17.334281,99.63463,112.33677034623508,downloaded_2026-07-31_ex_post,,"https://www.eia.gov/opendata/bulk/INTL.zip;https://www.dallasfed.org/-/media/documents/research/igrea/igrea.xlsx;https://sdmx.oecd.org/public/rest/data/OECD.SDD.TPS,DSD_G20_PRICES@DF_G20_PRICES,1.0/USA.M...IX...?startPeriod=2010-01&endPeriod=2026-06&dimensionAtObservation=AllDimensions&format=csvfile",eia=eb3a40e41512132c339958d7282699cc8131fd5e63e3328c74f19b127e2757df;igrea=89c0901c6924f38f877ce54839dbc2bcfe6f1ca240cb8227593afcc68a14617a;oecd_us_cpi_index=c51e3cf6d34d5463d75bf3382688de72401e5b92f5e289391de8cc1c20f835f1
2014-12,96.28008931350958,-55.013018,99.06969,88.65345794965141,downloaded_2026-07-31_ex_post,,"https://www.eia.gov/opendata/bulk/INTL.zip;https://www.dallasfed.org/-/media/documents/research/igrea/igrea.xlsx;https://sdmx.oecd.org/public/rest/data/OECD.SDD.TPS,DSD_G20_PRICES@DF_G20_PRICES,1.0/USA.M...IX...?startPeriod=2010-01&endPeriod=2026-06&dimensionAtObservation=AllDimensions&format=csvfile",eia=eb3a40e41512132c339958d7282699cc8131fd5e63e3328c74f19b127e2757df;igrea=89c0901c6924f38f877ce54839dbc2bcfe6f1ca240cb8227593afcc68a14617a;oecd_us_cpi_index=c51e3cf6d34d5463d75bf3382688de72401e5b92f5e289391de8cc1c20f835f1
2015-01,95.0864232271,-76.866676,98.60348,68.24519028182372,downloaded_2026-07-31_ex_post,,"https://www.eia.gov/opendata/bulk/INTL.zip;https://www.dallasfed.org/-/media/documents/research/igrea/igrea.xlsx;https://sdmx.oecd.org/public/rest/data/OECD.SDD.TPS,DSD_G20_PRICES@DF_G20_PRICES,1.0/USA.M...IX...?startPeriod=2010-01&endPeriod=2026-06&dimensionAtObservation=AllDimensions&format=csvfile",eia=eb3a40e41512132c339958d7282699cc8131fd5e63e3328c74f19b127e2757df;igrea=89c0901c6924f38f877ce54839dbc2bcfe6f1ca240cb8227593afcc68a14617a;oecd_us_cpi_index=c51e3cf6d34d5463d75bf3382688de72401e5b92f5e289391de8cc1c20f835f1
2015-02,94.9500572271,-106.55196,99.03172,82.65567789239648,downloaded_2026-07-31_ex_post,,"https://www.eia.gov/opendata/bulk/INTL.zip;https://www.dallasfed.org/-/media/documents/research/igrea/igrea.xlsx;https://sdmx.oecd.org/public/rest/data/OECD.SDD.TPS,DSD_G20_PRICES@DF_G20_PRICES,1.0/USA.M...IX...?startPeriod=2010-01&endPeriod=2026-06&dimensionAtObservation=AllDimensions&format=csvfile",eia=eb3a40e41512132c339958d7282699cc8131fd5e63e3328c74f19b127e2757df;igrea=89c0901c6924f38f877ce54839dbc2bcfe6f1ca240cb8227593afcc68a14617a;oecd_us_cpi_index=c51e3cf6d34d5463d75bf3382688de72401e5b92f5e289391de8cc1c20f835f1
2015-03,95.97336222710001,-100.0983,99.62112,79.04090202960977,downloaded_2026-07-31_ex_post,,"https://www.eia.gov/opendata/bulk/INTL.zip;https://www.dallasfed.org/-/media/documents/research/igrea/igrea.xlsx;https://sdmx.oecd.org/public/rest/data/OECD.SDD.TPS,DSD_G20_PRICES@DF_G20_PRICES,1.0/USA.M...IX...?startPeriod=2010-01&endPeriod=2026-06&dimensionAtObservation=AllDimensions&format=csvfile",eia=eb3a40e41512132c339958d7282699cc8131fd5e63e3328c74f19b127e2757df;igrea=89c0901c6924f38f877ce54839dbc2bcfe6f1ca240cb8227593afcc68a14617a;oecd_us_cpi_index=c51e3cf6d34d5463d75bf3382688de72401e5b92f5e289391de8cc1c20f835f1
2015-04,96.0494932271,-97.399011,99.82364,84.01664030827624,downloaded_2026-07-31_ex_post,,"https://www.eia.gov/opendata/bulk/INTL.zip;https://www.dallasfed.org/-/media/documents/research/igrea/igrea.xlsx;https://sdmx.oecd.org/public/rest/data/OECD.SDD.TPS,DSD_G20_PRICES@DF_G20_PRICES,1.0/USA.M...IX...?startPeriod=2010-01&endPeriod=2026-06&dimensionAtObservation=AllDimensions&format=csvfile",eia=eb3a40e41512132c339958d7282699cc8131fd5e63e3328c74f19b127e2757df;igrea=89c0901c6924f38f877ce54839dbc2bcfe6f1ca240cb8227593afcc68a14617a;oecd_us_cpi_index=c51e3cf6d34d5463d75bf3382688de72401e5b92f5e289391de8cc1c20f835f1
2015-05,96.2293292271,-96.611783,100.3325,89.98114212742631,downloaded_2026-07-31_ex_post,,"https://www.eia.gov/opendata/bulk/INTL.zip;https://www.dallasfed.org/-/media/documents/research/igrea/igrea.xlsx;https://sdmx.oecd.org/public/rest/data/OECD.SDD.TPS,DSD_G20_PRICES@DF_G20_PRICES,1.0/USA.M...IX...?startPeriod=2010-01&endPeriod=2026-06&dimensionAtObservation=AllDimensions&format=csvfile",eia=eb3a40e41512132c339958d7282699cc8131fd5e63e3328c74f19b127e2757df;igrea=89c0901c6924f38f877ce54839dbc2bcfe6f1ca240cb8227593afcc68a14617a;oecd_us_cpi_index=c51e3cf6d34d5463d75bf3382688de72401e5b92f5e289391de8cc1c20f835f1
2015-06,96.9118862271,-80.942772,100.6839,86.03245076422348,downloaded_2026-07-31_ex_post,,"https://www.eia.gov/opendata/bulk/INTL.zip;https://www.dallasfed.org/-/media/documents/research/igrea/igrea.xlsx;https://sdmx.oecd.org/public/rest/data/OECD.SDD.TPS,DSD_G20_PRICES@DF_G20_PRICES,1.0/USA.M...IX...?startPeriod=2010-01&endPeriod=2026-06&dimensionAtObservation=AllDimensions&format=csvfile",eia=eb3a40e41512132c339958d7282699cc8131fd5e63e3328c74f19b127e2757df;igrea=89c0901c6924f38f877ce54839dbc2bcfe6f1ca240cb8227593afcc68a14617a;oecd_us_cpi_index=c51e3cf6d34d5463d75bf3382688de72401e5b92f5e289391de8cc1c20f835f1
2015-07,97.4283222271,-47.627885,100.6907,79.14702156077537,downloaded_2026-07-31_ex_post,,"https://www.eia.gov/opendata/bulk/INTL.zip;https://www.dallasfed.org/-/media/documents/research/igrea/igrea.xlsx;https://sdmx.oecd.org/public/rest/data/OECD.SDD.TPS,DSD_G20_PRICES@DF_G20_PRICES,1.0/USA.M...IX...?startPeriod=2010-01&endPeriod=2026-06&dimensionAtObservation=AllDimensions&format=csvfile",eia=eb3a40e41512132c339958d7282699cc8131fd5e63e3328c74f19b127e2757df;igrea=89c0901c6924f38f877ce54839dbc2bcfe6f1ca240cb8227593afcc68a14617a;oecd_us_cpi_index=c51e3cf6d34d5463d75bf3382688de72401e5b92f5e289391de8cc1c20f835f1
2015-08,97.3895572271,-38.616688,100.5481,65.18139893742396,downloaded_2026-07-31_ex_post,,"https://www.eia.gov/opendata/bulk/INTL.zip;https://www.dallasfed.org/-/media/documents/research/igrea/igrea.xlsx;https://sdmx.oecd.org/public/rest/data/OECD.SDD.TPS,DSD_G20_PRICES@DF_G20_PRICES,1.0/USA.M...IX...?startPeriod=2010-01&endPeriod=2026-06&dimensionAtObservation=AllDimensions&format=csvfile",eia=eb3a40e41512132c339958d7282699cc8131fd5e63e3328c74f19b127e2757df;igrea=89c0901c6924f38f877ce54839dbc2bcfe6f1ca240cb8227593afcc68a14617a;oecd_us_cpi_index=c51e3cf6d34d5463d75bf3382688de72401e5b92f5e289391de8cc1c20f835f1
2015-09,97.0798952271,-56.376833,100.3915,66.83839079503743,downloaded_2026-07-31_ex_post,,"https://www.eia.gov/opendata/bulk/INTL.zip;https://www.dallasfed.org/-/media/documents/research/igrea/igrea.xlsx;https://sdmx.oecd.org/public/rest/data/OECD.SDD.TPS,DSD_G20_PRICES@DF_G20_PRICES,1.0/USA.M...IX...?startPeriod=2010-01&endPeriod=2026-06&dimensionAtObservation=AllDimensions&format=csvfile",eia=eb3a40e41512132c339958d7282699cc8131fd5e63e3328c74f19b127e2757df;igrea=89c0901c6924f38f877ce54839dbc2bcfe6f1ca240cb8227593afcc68a14617a;oecd_us_cpi_index=c51e3cf6d34d5463d75bf3382688de72401e5b92f5e289391de8cc1c20f835f1
2015-10,97.2420422271,-67.701782,100.3464,68.00129647899675,downloaded_2026-07-31_ex_post,,"https://www.eia.gov/opendata/bulk/INTL.zip;https://www.dallasfed.org/-/media/documents/research/igrea/igrea.xlsx;https://sdmx.oecd.org/public/rest/data/OECD.SDD.TPS,DSD_G20_PRICES@DF_G20_PRICES,1.0/USA.M...IX...?startPeriod=2010-01&endPeriod=2026-06&dimensionAtObservation=AllDimensions&format=csvfile",eia=eb3a40e41512132c339958d7282699cc8131fd5e63e3328c74f19b127e2757df;igrea=89c0901c6924f38f877ce54839dbc2bcfe6f1ca240cb8227593afcc68a14617a;oecd_us_cpi_index=c51e3cf6d34d5463d75bf3382688de72401e5b92f5e289391de8cc1c20f835f1
2015-11,97.6672212271,-98.549994,100.1346,62.28830555881307,downloaded_2026-07-31_ex_post,,"https://www.eia.gov/opendata/bulk/INTL.zip;https://www.dallasfed.org/-/media/documents/research/igrea/igrea.xlsx;https://sdmx.oecd.org/public/rest/data/OECD.SDD.TPS,DSD_G20_PRICES@DF_G20_PRICES,1.0/USA.M...IX...?startPeriod=2010-01&endPeriod=2026-06&dimensionAtObservation=AllDimensions&format=csvfile",eia=eb3a40e41512132c339958d7282699cc8131fd5e63e3328c74f19b127e2757df;igrea=89c0901c6924f38f877ce54839dbc2bcfe6f1ca240cb8227593afcc68a14617a;oecd_us_cpi_index=c51e3cf6d34d5463d75bf3382688de72401e5b92f5e289391de8cc1c20f835f1
2015-12,97.6579682271,-109.74228,99.79242,53.660275339549834,downloaded_2026-07-31_ex_post,,"https://www.eia.gov/opendata/bulk/INTL.zip;https://www.dallasfed.org/-/media/documents/research/igrea/igrea.xlsx;https://sdmx.oecd.org/public/rest/data/OECD.SDD.TPS,DSD_G20_PRICES@DF_G20_PRICES,1.0/USA.M...IX...?startPeriod=2010-01&endPeriod=2026-06&dimensionAtObservation=AllDimensions&format=csvfile",eia=eb3a40e41512132c339958d7282699cc8131fd5e63e3328c74f19b127e2757df;igrea=89c0901c6924f38f877ce54839dbc2bcfe6f1ca240cb8227593afcc68a14617a;oecd_us_cpi_index=c51e3cf6d34d5463d75bf3382688de72401e5b92f5e289391de8cc1c20f835f1
2016-01,97.33889767589,-139.09194,99.95739,43.27338960180933,downloaded_2026-07-31_ex_post,,"https://www.eia.gov/opendata/bulk/INTL.zip;https://www.dallasfed.org/-/media/documents/research/igrea/igrea.xlsx;https://sdmx.oecd.org/public/rest/data/OECD.SDD.TPS,DSD_G20_PRICES@DF_G20_PRICES,1.0/USA.M...IX...?startPeriod=2010-01&endPeriod=2026-06&dimensionAtObservation=AllDimensions&format=csvfile",eia=eb3a40e41512132c339958d7282699cc8131fd5e63e3328c74f19b127e2757df;igrea=89c0901c6924f38f877ce54839dbc2bcfe6f1ca240cb8227593afcc68a14617a;oecd_us_cpi_index=c51e3cf6d34d5463d75bf3382688de72401e5b92f5e289391de8cc1c20f835f1
2016-02,96.54725167589,-161.801,100.0397,45.32506363823562,downloaded_2026-07-31_ex_post,,"https://www.eia.gov/opendata/bulk/INTL.zip;https://www.dallasfed.org/-/media/documents/research/igrea/igrea.xlsx;https://sdmx.oecd.org/public/rest/data/OECD.SDD.TPS,DSD_G20_PRICES@DF_G20_PRICES,1.0/USA.M...IX...?startPeriod=2010-01&endPeriod=2026-06&dimensionAtObservation=AllDimensions&format=csvfile",eia=eb3a40e41512132c339958d7282699cc8131fd5e63e3328c74f19b127e2757df;igrea=89c0901c6924f38f877ce54839dbc2bcfe6f1ca240cb8227593afcc68a14617a;oecd_us_cpi_index=c51e3cf6d34d5463d75bf3382688de72401e5b92f5e289391de8cc1c20f835f1
2016-03,96.58664667589001,-139.71169,100.4704,53.58566108525496,downloaded_2026-07-31_ex_post,,"https://www.eia.gov/opendata/bulk/INTL.zip;https://www.dallasfed.org/-/media/documents/research/igrea/igrea.xlsx;https://sdmx.oecd.org/public/rest/data/OECD.SDD.TPS,DSD_G20_PRICES@DF_G20_PRICES,1.0/USA.M...IX...?startPeriod=2010-01&endPeriod=2026-06&dimensionAtObservation=AllDimensions&format=csvfile",eia=eb3a40e41512132c339958d7282699cc8131fd5e63e3328c74f19b127e2757df;igrea=89c0901c6924f38f877ce54839dbc2bcfe6f1ca240cb8227593afcc68a14617a;oecd_us_cpi_index=c51e3cf6d34d5463d75bf3382688de72401e5b92f5e289391de8cc1c20f835f1
2016-04,96.40881767588999,-93.887666,100.9468,58.040515812949664,downloaded_2026-07-31_ex_post,,"https://www.eia.gov/opendata/bulk/INTL.zip;https://www.dallasfed.org/-/media/documents/research/igrea/igrea.xlsx;https://sdmx.oecd.org/public/rest/data/OECD.SDD.TPS,DSD_G20_PRICES@DF_G20_PRICES,1.0/USA.M...IX...?startPeriod=2010-01&endPeriod=2026-06&dimensionAtObservation=AllDimensions&format=csvfile",eia=eb3a40e41512132c339958d7282699cc8131fd5e63e3328c74f19b127e2757df;igrea=89c0901c6924f38f877ce54839dbc2bcfe6f1ca240cb8227593afcc68a14617a;oecd_us_cpi_index=c51e3cf6d34d5463d75bf3382688de72401e5b92f5e289391de8cc1c20f835f1
2016-05,95.96971467589,-91.933723,101.3552,64.97844528145055,downloaded_2026-07-31_ex_post,,"https://www.eia.gov/opendata/bulk/INTL.zip;https://www.dallasfed.org/-/media/documents/research/igrea/igrea.xlsx;https://sdmx.oecd.org/public/rest/data/OECD.SDD.TPS,DSD_G20_PRICES@DF_G20_PRICES,1.0/USA.M...IX...?startPeriod=2010-01&endPeriod=2026-06&dimensionAtObservation=AllDimensions&format=csvfile",eia=eb3a40e41512132c339958d7282699cc8131fd5e63e3328c74f19b127e2757df;igrea=89c0901c6924f38f877ce54839dbc2bcfe6f1ca240cb8227593afcc68a14617a;oecd_us_cpi_index=c51e3cf6d34d5463d75bf3382688de72401e5b92f5e289391de8cc1c20f835f1
2016-06,96.48861567589,-94.006139,101.6881,66.8508843020963,downloaded_2026-07-31_ex_post,,"https://www.eia.gov/opendata/bulk/INTL.zip;https://www.dallasfed.org/-/media/documents/research/igrea/igrea.xlsx;https://sdmx.oecd.org/public/rest/data/OECD.SDD.TPS,DSD_G20_PRICES@DF_G20_PRICES,1.0/USA.M...IX...?startPeriod=2010-01&endPeriod=2026-06&dimensionAtObservation=AllDimensions&format=csvfile",eia=eb3a40e41512132c339958d7282699cc8131fd5e63e3328c74f19b127e2757df;igrea=89c0901c6924f38f877ce54839dbc2bcfe6f1ca240cb8227593afcc68a14617a;oecd_us_cpi_index=c51e3cf6d34d5463d75bf3382688de72401e5b92f5e289391de8cc1c20f835f1
2016-07,97.54989567589,-78.621593,101.5235,62.38584152390708,downloaded_2026-07-31_ex_post,,"https://www.eia.gov/opendata/bulk/INTL.zip;https://www.dallasfed.org/-/media/documents/research/igrea/igrea.xlsx;https://sdmx.oecd.org/public/rest/data/OECD.SDD.TPS,DSD_G20_PRICES@DF_G20_PRICES,1.0/USA.M...IX...?startPeriod=2010-01&endPeriod=2026-06&dimensionAtObservation=AllDimensions&format=csvfile",eia=eb3a40e41512132c339958d7282699cc8131fd5e63e3328c74f19b127e2757df;igrea=89c0901c6924f38f877ce54839dbc2bcfe6f1ca240cb8227593afcc68a14617a;oecd_us_cpi_index=c51e3cf6d34d5463d75bf3382688de72401e5b92f5e289391de8cc1c20f835f1
2016-08,96.53953267589,-83.643432,101.6168,63.564179896391664,downloaded_2026-07-31_ex_post,,"https://www.eia.gov/opendata/bulk/INTL.zip;https://www.dallasfed.org/-/media/documents/research/igrea/igrea.xlsx;https://sdmx.oecd.org/public/rest/data/OECD.SDD.TPS,DSD_G20_PRICES@DF_G20_PRICES,1.0/USA.M...IX...?startPeriod=2010-01&endPeriod=2026-06&dimensionAtObservation=AllDimensions&format=csvfile",eia=eb3a40e41512132c339958d7282699cc8131fd5e63e3328c74f19b127e2757df;igrea=89c0901c6924f38f877ce54839dbc2bcfe6f1ca240cb8227593afcc68a14617a;oecd_us_cpi_index=c51e3cf6d34d5463d75bf3382688de72401e5b92f5e289391de8cc1c20f835f1
2016-09,96.72720967589,-63.027016,101.861,64.41420151480939,downloaded_2026-07-31_ex_post,,"https://www.eia.gov/opendata/bulk/INTL.zip;https://www.dallasfed.org/-/media/documents/research/igrea/igrea.xlsx;https://sdmx.oecd.org/public/rest/data/OECD.SDD.TPS,DSD_G20_PRICES@DF_G20_PRICES,1.0/USA.M...IX...?startPeriod=2010-01&endPeriod=2026-06&dimensionAtObservation=AllDimensions&format=csvfile",eia=eb3a40e41512132c339958d7282699cc8131fd5e63e3328c74f19b127e2757df;igrea=89c0901c6924f38f877ce54839dbc2bcfe6f1ca240cb8227593afcc68a14617a;oecd_us_cpi_index=c51e3cf6d34d5463d75bf3382688de72401e5b92f5e289391de8cc1c20f835f1
2016-10,97.95634667589,-58.295302,101.988,68.41588695915674,downloaded_2026-07-31_ex_post,,"https://www.eia.gov/opendata/bulk/INTL.zip;https://www.dallasfed.org/-/media/documents/research/igrea/igrea.xlsx;https://sdmx.oecd.org/public/rest/data/OECD.SDD.TPS,DSD_G20_PRICES@DF_G20_PRICES,1.0/USA.M...IX...?startPeriod=2010-01&endPeriod=2026-06&dimensionAtObservation=AllDimensions&format=csvfile",eia=eb3a40e41512132c339958d7282699cc8131fd5e63e3328c74f19b127e2757df;igrea=89c0901c6924f38f877ce54839dbc2bcfe6f1ca240cb8227593afcc68a14617a;oecd_us_cpi_index=c51e3cf6d34d5463d75bf3382688de72401e5b92f5e289391de8cc1c20f835f1
2016-11,99.06600967589,-37.210418,101.8294,61.897050041540055,downloaded_2026-07-31_ex_post,,"https://www.eia.gov/opendata/bulk/INTL.zip;https://www.dallasfed.org/-/media/documents/research/igrea/igrea.xlsx;https://sdmx.oecd.org/public/rest/data/OECD.SDD.TPS,DSD_G20_PRICES@DF_G20_PRICES,1.0/USA.M...IX...?startPeriod=2010-01&endPeriod=2026-06&dimensionAtObservation=AllDimensions&format=csvfile",eia=eb3a40e41512132c339958d7282699cc8131fd5e63e3328c74f19b127e2757df;igrea=89c0901c6924f38f877ce54839dbc2bcfe6f1ca240cb8227593afcc68a14617a;oecd_us_cpi_index=c51e3cf6d34d5463d75bf3382688de72401e5b92f5e289391de8cc1c20f835f1
2016-12,97.92172067589,-39.398453,101.8627,73.73705686330717,downloaded_2026-07-31_ex_post,,"https://www.eia.gov/opendata/bulk/INTL.zip;https://www.dallasfed.org/-/media/documents/research/igrea/igrea.xlsx;https://sdmx.oecd.org/public/rest/data/OECD.SDD.TPS,DSD_G20_PRICES@DF_G20_PRICES,1.0/USA.M...IX...?startPeriod=2010-01&endPeriod=2026-06&dimensionAtObservation=AllDimensions&format=csvfile",eia=eb3a40e41512132c339958d7282699cc8131fd5e63e3328c74f19b127e2757df;igrea=89c0901c6924f38f877ce54839dbc2bcfe6f1ca240cb8227593afcc68a14617a;oecd_us_cpi_index=c51e3cf6d34d5463d75bf3382688de72401e5b92f5e289391de8cc1c20f835f1
2017-01,97.39495375334957,-54.216113,102.4564,75.0537567427055,downloaded_2026-07-31_ex_post,,"https://www.eia.gov/opendata/bulk/INTL.zip;https://www.dallasfed.org/-/media/documents/research/igrea/igrea.xlsx;https://sdmx.oecd.org/public/rest/data/OECD.SDD.TPS,DSD_G20_PRICES@DF_G20_PRICES,1.0/USA.M...IX...?startPeriod=2010-01&endPeriod=2026-06&dimensionAtObservation=AllDimensions&format=csvfile",eia=eb3a40e41512132c339958d7282699cc8131fd5e63e3328c74f19b127e2757df;igrea=89c0901c6924f38f877ce54839dbc2bcfe6f1ca240cb8227593afcc68a14617a;oecd_us_cpi_index=c51e3cf6d34d5463d75bf3382688de72401e5b92f5e289391de8cc1c20f835f1
2017-02,97.44447309827035,-71.980243,102.7787,75.21983955868288,downloaded_2026-07-31_ex_post,,"https://www.eia.gov/opendata/bulk/INTL.zip;https://www.dallasfed.org/-/media/documents/research/igrea/igrea.xlsx;https://sdmx.oecd.org/public/rest/data/OECD.SDD.TPS,DSD_G20_PRICES@DF_G20_PRICES,1.0/USA.M...IX...?startPeriod=2010-01&endPeriod=2026-06&dimensionAtObservation=AllDimensions&format=csvfile",eia=eb3a40e41512132c339958d7282699cc8131fd5e63e3328c74f19b127e2757df;igrea=89c0901c6924f38f877ce54839dbc2bcfe6f1ca240cb8227593afcc68a14617a;oecd_us_cpi_index=c51e3cf6d34d5463d75bf3382688de72401e5b92f5e289391de8cc1c20f835f1
2017-03,97.14922642167238,-31.027082,102.8622,70.6654158776203,downloaded_2026-07-31_ex_post,,"https://www.eia.gov/opendata/bulk/INTL.zip;https://www.dallasfed.org/-/media/documents/research/igrea/igrea.xlsx;https://sdmx.oecd.org/public/rest/data/OECD.SDD.TPS,DSD_G20_PRICES@DF_G20_PRICES,1.0/USA.M...IX...?startPeriod=2010-01&endPeriod=2026-06&dimensionAtObservation=AllDimensions&format=csvfile",eia=eb3a40e41512132c339958d7282699cc8131fd5e63e3328c74f19b127e2757df;igrea=89c0901c6924f38f877ce54839dbc2bcfe6f1ca240cb8227593afcc68a14617a;oecd_us_cpi_index=c51e3cf6d34d5463d75bf3382688de72401e5b92f5e289391de8cc1c20f835f1
2017-04,96.8378254922068,-24.174416,103.1673,71.43806731243433,downloaded_2026-07-31_ex_post,,"https://www.eia.gov/opendata/bulk/INTL.zip;https://www.dallasfed.org/-/media/documents/research/igrea/igrea.xlsx;https://sdmx.oecd.org/public/rest/data/OECD.SDD.TPS,DSD_G20_PRICES@DF_G20_PRICES,1.0/USA.M...IX...?startPeriod=2010-01&endPeriod=2026-06&dimensionAtObservation=AllDimensions&format=csvfile",eia=eb3a40e41512132c339958d7282699cc8131fd5e63e3328c74f19b127e2757df;igrea=89c0901c6924f38f877ce54839dbc2bcfe6f1ca240cb8227593afcc68a14617a;oecd_us_cpi_index=c51e3cf6d34d5463d75bf3382688de72401e5b92f5e289391de8cc1c20f835f1
2017-05,97.9584977187265,-46.689119,103.2555,68.67335132121607,downloaded_2026-07-31_ex_post,,"https://www.eia.gov/opendata/bulk/INTL.zip;https://www.dallasfed.org/-/media/documents/research/igrea/igrea.xlsx;https://sdmx.oecd.org/public/rest/data/OECD.SDD.TPS,DSD_G20_PRICES@DF_G20_PRICES,1.0/USA.M...IX...?startPeriod=2010-01&endPeriod=2026-06&dimensionAtObservation=AllDimensions&format=csvfile",eia=eb3a40e41512132c339958d7282699cc8131fd5e63e3328c74f19b127e2757df;igrea=89c0901c6924f38f877ce54839dbc2bcfe6f1ca240cb8227593afcc68a14617a;oecd_us_cpi_index=c51e3cf6d34d5463d75bf3382688de72401e5b92f5e289391de8cc1c20f835f1
2017-06,98.45540113885815,-58.922133,103.3491,63.21467187425918,downloaded_2026-07-31_ex_post,,"https://www.eia.gov/opendata/bulk/INTL.zip;https://www.dallasfed.org/-/media/documents/research/igrea/igrea.xlsx;https://sdmx.oecd.org/public/rest/data/OECD.SDD.TPS,DSD_G20_PRICES@DF_G20_PRICES,1.0/USA.M...IX...?startPeriod=2010-01&endPeriod=2026-06&dimensionAtObservation=AllDimensions&format=csvfile",eia=eb3a40e41512132c339958d7282699cc8131fd5e63e3328c74f19b127e2757df;igrea=89c0901c6924f38f877ce54839dbc2bcfe6f1ca240cb8227593afcc68a14617a;oecd_us_cpi_index=c51e3cf6d34d5463d75bf3382688de72401e5b92f5e289391de8cc1c20f835f1
2017-07,99.17441870943141,-53.599814,103.2778,66.13743620880493,downloaded_2026-07-31_ex_post,,"https://www.eia.gov/opendata/bulk/INTL.zip;https://www.dallasfed.org/-/media/documents/research/igrea/igrea.xlsx;https://sdmx.oecd.org/public/rest/data/OECD.SDD.TPS,DSD_G20_PRICES@DF_G20_PRICES,1.0/USA.M...IX...?startPeriod=2010-01&endPeriod=2026-06&dimensionAtObservation=AllDimensions&format=csvfile",eia=eb3a40e41512132c339958d7282699cc8131fd5e63e3328c74f19b127e2757df;igrea=89c0901c6924f38f877ce54839dbc2bcfe6f1ca240cb8227593afcc68a14617a;oecd_us_cpi_index=c51e3cf6d34d5463d75bf3382688de72401e5b92f5e289391de8cc1c20f835f1
2017-08,98.56410191064403,-30.693834,103.5871,70.32761829962628,downloaded_2026-07-31_ex_post,,"https://www.eia.gov/opendata/bulk/INTL.zip;https://www.dallasfed.org/-/media/documents/research/igrea/igrea.xlsx;https://sdmx.oecd.org/public/rest/data/OECD.SDD.TPS,DSD_G20_PRICES@DF_G20_PRICES,1.0/USA.M...IX...?startPeriod=2010-01&endPeriod=2026-06&dimensionAtObservation=AllDimensions&format=csvfile",eia=eb3a40e41512132c339958d7282699cc8131fd5e63e3328c74f19b127e2757df;igrea=89c0901c6924f38f877ce54839dbc2bcfe6f1ca240cb8227593afcc68a14617a;oecd_us_cpi_index=c51e3cf6d34d5463d75bf3382688de72401e5b92f5e289391de8cc1c20f835f1
2017-09,98.57370530264292,-13.288588,104.1356,75.97612776445877,downloaded_2026-07-31_ex_post,,"https://www.eia.gov/opendata/bulk/INTL.zip;https://www.dallasfed.org/-/media/documents/research/igrea/igrea.xlsx;https://sdmx.oecd.org/public/rest/data/OECD.SDD.TPS,DSD_G20_PRICES@DF_G20_PRICES,1.0/USA.M...IX...?startPeriod=2010-01&endPeriod=2026-06&dimensionAtObservation=AllDimensions&format=csvfile",eia=eb3a40e41512132c339958d7282699cc8131fd5e63e3328c74f19b127e2757df;igrea=89c0901c6924f38f877ce54839dbc2bcfe6f1ca240cb8227593afcc68a14617a;oecd_us_cpi_index=c51e3cf6d34d5463d75bf3382688de72401e5b92f5e289391de8cc1c20f835f1
2017-10,99.19718459433949,-4.7183188,104.0697,77.85856984790001,downloaded_2026-07-31_ex_post,,"https://www.eia.gov/opendata/bulk/INTL.zip;https://www.dallasfed.org/-/media/documents/research/igrea/igrea.xlsx;https://sdmx.oecd.org/public/rest/data/OECD.SDD.TPS,DSD_G20_PRICES@DF_G20_PRICES,1.0/USA.M...IX...?startPeriod=2010-01&endPeriod=2026-06&dimensionAtObservation=AllDimensions&format=csvfile",eia=eb3a40e41512132c339958d7282699cc8131fd5e63e3328c74f19b127e2757df;igrea=89c0901c6924f38f877ce54839dbc2bcfe6f1ca240cb8227593afcc68a14617a;oecd_us_cpi_index=c51e3cf6d34d5463d75bf3382688de72401e5b92f5e289391de8cc1c20f835f1
2017-11,99.59698419673208,-6.8861788,104.0723,84.90524096709692,downloaded_2026-07-31_ex_post,,"https://www.eia.gov/opendata/bulk/INTL.zip;https://www.dallasfed.org/-/media/documents/research/igrea/igrea.xlsx;https://sdmx.oecd.org/public/rest/data/OECD.SDD.TPS,DSD_G20_PRICES@DF_G20_PRICES,1.0/USA.M...IX...?startPeriod=2010-01&endPeriod=2026-06&dimensionAtObservation=AllDimensions&format=csvfile",eia=eb3a40e41512132c339958d7282699cc8131fd5e63e3328c74f19b127e2757df;igrea=89c0901c6924f38f877ce54839dbc2bcfe6f1ca240cb8227593afcc68a14617a;oecd_us_cpi_index=c51e3cf6d34d5463d75bf3382688de72401e5b92f5e289391de8cc1c20f835f1
2017-12,98.73026353728237,3.8080131,104.0111,87.20335541616534,downloaded_2026-07-31_ex_post,,"https://www.eia.gov/opendata/bulk/INTL.zip;https://www.dallasfed.org/-/media/documents/research/igrea/igrea.xlsx;https://sdmx.oecd.org/public/rest/data/OECD.SDD.TPS,DSD_G20_PRICES@DF_G20_PRICES,1.0/USA.M...IX...?startPeriod=2010-01&endPeriod=2026-06&dimensionAtObservation=AllDimensions&format=csvfile",eia=eb3a40e41512132c339958d7282699cc8131fd5e63e3328c74f19b127e2757df;igrea=89c0901c6924f38f877ce54839dbc2bcfe6f1ca240cb8227593afcc68a14617a;oecd_us_cpi_index=c51e3cf6d34d5463d75bf3382688de72401e5b92f5e289391de8cc1c20f835f1
2018-01,99.04195526221129,-22.94013,104.5777,93.06805050216252,downloaded_2026-07-31_ex_post,,"https://www.eia.gov/opendata/bulk/INTL.zip;https://www.dallasfed.org/-/media/documents/research/igrea/igrea.xlsx;https://sdmx.oecd.org/public/rest/data/OECD.SDD.TPS,DSD_G20_PRICES@DF_G20_PRICES,1.0/USA.M...IX...?startPeriod=2010-01&endPeriod=2026-06&dimensionAtObservation=AllDimensions&format=csvfile",eia=eb3a40e41512132c339958d7282699cc8131fd5e63e3328c74f19b127e2757df;igrea=89c0901c6924f38f877ce54839dbc2bcfe6f1ca240cb8227593afcc68a14617a;oecd_us_cpi_index=c51e3cf6d34d5463d75bf3382688de72401e5b92f5e289391de8cc1c20f835f1
2018-02,99.38107794696961,-32.972999,105.052,87.60517251694398,downloaded_2026-07-31_ex_post,,"https://www.eia.gov/opendata/bulk/INTL.zip;https://www.dallasfed.org/-/media/documents/research/igrea/igrea.xlsx;https://sdmx.oecd.org/public/rest/data/OECD.SDD.TPS,DSD_G20_PRICES@DF_G20_PRICES,1.0/USA.M...IX...?startPeriod=2010-01&endPeriod=2026-06&dimensionAtObservation=AllDimensions&format=csvfile",eia=eb3a40e41512132c339958d7282699cc8131fd5e63e3328c74f19b127e2757df;igrea=89c0901c6924f38f877ce54839dbc2bcfe6f1ca240cb8227593afcc68a14617a;oecd_us_cpi_index=c51e3cf6d34d5463d75bf3382688de72401e5b92f5e289391de8cc1c20f835f1
2018-03,99.67107821922299,-30.246003,105.2895,88.34318425230751,downloaded_2026-07-31_ex_post,,"https://www.eia.gov/opendata/bulk/INTL.zip;https://www.dallasfed.org/-/media/documents/research/igrea/igrea.xlsx;https://sdmx.oecd.org/public/rest/data/OECD.SDD.TPS,DSD_G20_PRICES@DF_G20_PRICES,1.0/USA.M...IX...?startPeriod=2010-01&endPeriod=2026-06&dimensionAtObservation=AllDimensions&format=csvfile",eia=eb3a40e41512132c339958d7282699cc8131fd5e63e3328c74f19b127e2757df;igrea=89c0901c6924f38f877ce54839dbc2bcfe6f1ca240cb8227593afcc68a14617a;oecd_us_cpi_index=c51e3cf6d34d5463d75bf3382688de72401e5b92f5e289391de8cc1c20f835f1
2018-04,99.86098802328053,-32.530739,105.708,96.10988740114279,downloaded_2026-07-31_ex_post,,"https://www.eia.gov/opendata/bulk/INTL.zip;https://www.dallasfed.org/-/media/documents/research/igrea/igrea.xlsx;https://sdmx.oecd.org/public/rest/data/OECD.SDD.TPS,DSD_G20_PRICES@DF_G20_PRICES,1.0/USA.M...IX...?startPeriod=2010-01&endPeriod=2026-06&dimensionAtObservation=AllDimensions&format=csvfile",eia=eb3a40e41512132c339958d7282699cc8131fd5e63e3328c74f19b127e2757df;igrea=89c0901c6924f38f877ce54839dbc2bcfe6f1ca240cb8227593afcc68a14617a;oecd_us_cpi_index=c51e3cf6d34d5463d75bf3382688de72401e5b92f5e289391de8cc1c20f835f1
2018-05,99.97134870436685,-19.027444,106.1477,102.17507679977095,downloaded_2026-07-31_ex_post,,"https://www.eia.gov/opendata/bulk/INTL.zip;https://www.dallasfed.org/-/media/documents/research/igrea/igrea.xlsx;https://sdmx.oecd.org/public/rest/data/OECD.SDD.TPS,DSD_G20_PRICES@DF_G20_PRICES,1.0/USA.M...IX...?startPeriod=2010-01&endPeriod=2026-06&dimensionAtObservation=AllDimensions&format=csvfile",eia=eb3a40e41512132c339958d7282699cc8131fd5e63e3328c74f19b127e2757df;igrea=89c0901c6924f38f877ce54839dbc2bcfe6f1ca240cb8227593afcc68a14617a;oecd_us_cpi_index=c51e3cf6d34d5463d75bf3382688de72401e5b92f5e289391de8cc1c20f835f1
2018-06,100.34814307345599,-14.489975,106.3168,98.60600302474256,downloaded_2026-07-31_ex_post,,"https://www.eia.gov/opendata/bulk/INTL.zip;https://www.dallasfed.org/-/media/documents/research/igrea/igrea.xlsx;https://sdmx.oecd.org/public/rest/data/OECD.SDD.TPS,DSD_G20_PRICES@DF_G20_PRICES,1.0/USA.M...IX...?startPeriod=2010-01&endPeriod=2026-06&dimensionAtObservation=AllDimensions&format=csvfile",eia=eb3a40e41512132c339958d7282699cc8131fd5e63e3328c74f19b127e2757df;igrea=89c0901c6924f38f877ce54839dbc2bcfe6f1ca240cb8227593afcc68a14617a;oecd_us_cpi_index=c51e3cf6d34d5463d75bf3382688de72401e5b92f5e289391de8cc1c20f835f1
2018-07,101.36873230174743,5.516559,106.324,98.39966024133778,downloaded_2026-07-31_ex_post,,"https://www.eia.gov/opendata/bulk/INTL.zip;https://www.dallasfed.org/-/media/documents/research/igrea/igrea.xlsx;https://sdmx.oecd.org/public/rest/data/OECD.SDD.TPS,DSD_G20_PRICES@DF_G20_PRICES,1.0/USA.M...IX...?startPeriod=2010-01&endPeriod=2026-06&dimensionAtObservation=AllDimensions&format=csvfile",eia=eb3a40e41512132c339958d7282699cc8131fd5e63e3328c74f19b127e2757df;igrea=89c0901c6924f38f877ce54839dbc2bcfe6f1ca240cb8227593afcc68a14617a;oecd_us_cpi_index=c51e3cf6d34d5463d75bf3382688de72401e5b92f5e289391de8cc1c20f835f1
2018-08,101.82508133859444,9.0753494,106.3831,96.05923917590212,downloaded_2026-07-31_ex_post,,"https://www.eia.gov/opendata/bulk/INTL.zip;https://www.dallasfed.org/-/media/documents/research/igrea/igrea.xlsx;https://sdmx.oecd.org/public/rest/data/OECD.SDD.TPS,DSD_G20_PRICES@DF_G20_PRICES,1.0/USA.M...IX...?startPeriod=2010-01&endPeriod=2026-06&dimensionAtObservation=AllDimensions&format=csvfile",eia=eb3a40e41512132c339958d7282699cc8131fd5e63e3328c74f19b127e2757df;igrea=89c0901c6924f38f877ce54839dbc2bcfe6f1ca240cb8227593afcc68a14617a;oecd_us_cpi_index=c51e3cf6d34d5463d75bf3382688de72401e5b92f5e289391de8cc1c20f835f1
2018-09,101.72358478466603,-7.6652041,106.5067,104.36504209500434,downloaded_2026-07-31_ex_post,,"https://www.eia.gov/opendata/bulk/INTL.zip;https://www.dallasfed.org/-/media/documents/research/igrea/igrea.xlsx;https://sdmx.oecd.org/public/rest/data/OECD.SDD.TPS,DSD_G20_PRICES@DF_G20_PRICES,1.0/USA.M...IX...?startPeriod=2010-01&endPeriod=2026-06&dimensionAtObservation=AllDimensions&format=csvfile",eia=eb3a40e41512132c339958d7282699cc8131fd5e63e3328c74f19b127e2757df;igrea=89c0901c6924f38f877ce54839dbc2bcfe6f1ca240cb8227593afcc68a14617a;oecd_us_cpi_index=c51e3cf6d34d5463d75bf3382688de72401e5b92f5e289391de8cc1c20f835f1
2018-10,102.41573173003592,-1.1801879,106.6949,107.00851809020496,downloaded_2026-07-31_ex_post,,"https://www.eia.gov/opendata/bulk/INTL.zip;https://www.dallasfed.org/-/media/documents/research/igrea/igrea.xlsx;https://sdmx.oecd.org/public/rest/data/OECD.SDD.TPS,DSD_G20_PRICES@DF_G20_PRICES,1.0/USA.M...IX...?startPeriod=2010-01&endPeriod=2026-06&dimensionAtObservation=AllDimensions&format=csvfile",eia=eb3a40e41512132c339958d7282699cc8131fd5e63e3328c74f19b127e2757df;igrea=89c0901c6924f38f877ce54839dbc2bcfe6f1ca240cb8227593afcc68a14617a;oecd_us_cpi_index=c51e3cf6d34d5463d75bf3382688de72401e5b92f5e289391de8cc1c20f835f1
2018-11,102.70563127900478,-26.883323,106.3375,85.79177474550369,downloaded_2026-07-31_ex_post,,"https://www.eia.gov/opendata/bulk/INTL.zip;https://www.dallasfed.org/-/media/documents/research/igrea/igrea.xlsx;https://sdmx.oecd.org/public/rest/data/OECD.SDD.TPS,DSD_G20_PRICES@DF_G20_PRICES,1.0/USA.M...IX...?startPeriod=2010-01&endPeriod=2026-06&dimensionAtObservation=AllDimensions&format=csvfile",eia=eb3a40e41512132c339958d7282699cc8131fd5e63e3328c74f19b127e2757df;igrea=89c0901c6924f38f877ce54839dbc2bcfe6f1ca240cb8227593afcc68a14617a;oecd_us_cpi_index=c51e3cf6d34d5463d75bf3382688de72401e5b92f5e289391de8cc1c20f835f1
2018-12,101.94322095310329,-15.456362,105.9979,76.24901123956784,downloaded_2026-07-31_ex_post,,"https://www.eia.gov/opendata/bulk/INTL.zip;https://www.dallasfed.org/-/media/documents/research/igrea/igrea.xlsx;https://sdmx.oecd.org/public/rest/data/OECD.SDD.TPS,DSD_G20_PRICES@DF_G20_PRICES,1.0/USA.M...IX...?startPeriod=2010-01&endPeriod=2026-06&dimensionAtObservation=AllDimensions&format=csvfile",eia=eb3a40e41512132c339958d7282699cc8131fd5e63e3328c74f19b127e2757df;igrea=89c0901c6924f38f877ce54839dbc2bcfe6f1ca240cb8227593afcc68a14617a;oecd_us_cpi_index=c51e3cf6d34d5463d75bf3382688de72401e5b92f5e289391de8cc1c20f835f1
2019-01,100.02506856476045,-37.992896,106.2,78.81996416666665,downloaded_2026-07-31_ex_post,,"https://www.eia.gov/opendata/bulk/INTL.zip;https://www.dallasfed.org/-/media/documents/research/igrea/igrea.xlsx;https://sdmx.oecd.org/public/rest/data/OECD.SDD.TPS,DSD_G20_PRICES@DF_G20_PRICES,1.0/USA.M...IX...?startPeriod=2010-01&endPeriod=2026-06&dimensionAtObservation=AllDimensions&format=csvfile",eia=eb3a40e41512132c339958d7282699cc8131fd5e63e3328c74f19b127e2757df;igrea=89c0901c6924f38f877ce54839dbc2bcfe6f1ca240cb8227593afcc68a14617a;oecd_us_cpi_index=c51e3cf6d34d5463d75bf3382688de72401e5b92f5e289391de8cc1c20f835f1
2019-02,100.0027769822094,-90.598929,106.6489,84.5006383839871,downloaded_2026-07-31_ex_post,,"https://www.eia.gov/opendata/bulk/INTL.zip;https://www.dallasfed.org/-/media/documents/research/igrea/igrea.xlsx;https://sdmx.oecd.org/public/rest/data/OECD.SDD.TPS,DSD_G20_PRICES@DF_G20_PRICES,1.0/USA.M...IX...?startPeriod=2010-01&endPeriod=2026-06&dimensionAtObservation=AllDimensions&format=csvfile",eia=eb3a40e41512132c339958d7282699cc8131fd5e63e3328c74f19b127e2757df;igrea=89c0901c6924f38f877ce54839dbc2bcfe6f1ca240cb8227593afcc68a14617a;oecd_us_cpi_index=c51e3cf6d34d5463d75bf3382688de72401e5b92f5e289391de8cc1c20f835f1
2019-03,99.85717605209118,-83.014687,107.2505,86.88804083231048,downloaded_2026-07-31_ex_post,,"https://www.eia.gov/opendata/bulk/INTL.zip;https://www.dallasfed.org/-/media/documents/research/igrea/igrea.xlsx;https://sdmx.oecd.org/public/rest/data/OECD.SDD.TPS,DSD_G20_PRICES@DF_G20_PRICES,1.0/USA.M...IX...?startPeriod=2010-01&endPeriod=2026-06&dimensionAtObservation=AllDimensions&format=csvfile",eia=eb3a40e41512132c339958d7282699cc8131fd5e63e3328c74f19b127e2757df;igrea=89c0901c6924f38f877ce54839dbc2bcfe6f1ca240cb8227593afcc68a14617a;oecd_us_cpi_index=c51e3cf6d34d5463d75bf3382688de72401e5b92f5e289391de8cc1c20f835f1
2019-04,100.20892307635972,-70.40577,107.8184,93.08825837395719,downloaded_2026-07-31_ex_post,,"https://www.eia.gov/opendata/bulk/INTL.zip;https://www.dallasfed.org/-/media/documents/research/igrea/igrea.xlsx;https://sdmx.oecd.org/public/rest/data/OECD.SDD.TPS,DSD_G20_PRICES@DF_G20_PRICES,1.0/USA.M...IX...?startPeriod=2010-01&endPeriod=2026-06&dimensionAtObservation=AllDimensions&format=csvfile",eia=eb3a40e41512132c339958d7282699cc8131fd5e63e3328c74f19b127e2757df;igrea=89c0901c6924f38f877ce54839dbc2bcfe6f1ca240cb8227593afcc68a14617a;oecd_us_cpi_index=c51e3cf6d34d5463d75bf3382688de72401e5b92f5e289391de8cc1c20f835f1
2019-05,100.15469774637316,-40.980558,108.0479,93.00058590217856,downloaded_2026-07-31_ex_post,,"https://www.eia.gov/opendata/bulk/INTL.zip;https://www.dallasfed.org/-/media/documents/research/igrea/igrea.xlsx;https://sdmx.oecd.org/public/rest/data/OECD.SDD.TPS,DSD_G20_PRICES@DF_G20_PRICES,1.0/USA.M...IX...?startPeriod=2010-01&endPeriod=2026-06&dimensionAtObservation=AllDimensions&format=csvfile",eia=eb3a40e41512132c339958d7282699cc8131fd5e63e3328c74f19b127e2757df;igrea=89c0901c6924f38f877ce54839dbc2bcfe6f1ca240cb8227593afcc68a14617a;oecd_us_cpi_index=c51e3cf6d34d5463d75bf3382688de72401e5b92f5e289391de8cc1c20f835f1
2019-06,100.26632151368558,-28.277529,108.0695,83.72883734032266,downloaded_2026-07-31_ex_post,,"https://www.eia.gov/opendata/bulk/INTL.zip;https://www.dallasfed.org/-/media/documents/research/igrea/igrea.xlsx;https://sdmx.oecd.org/public/rest/data/OECD.SDD.TPS,DSD_G20_PRICES@DF_G20_PRICES,1.0/USA.M...IX...?startPeriod=2010-01&endPeriod=2026-06&dimensionAtObservation=AllDimensions&format=csvfile",eia=eb3a40e41512132c339958d7282699cc8131fd5e63e3328c74f19b127e2757df;igrea=89c0901c6924f38f877ce54839dbc2bcfe6f1ca240cb8227593afcc68a14617a;oecd_us_cpi_index=c51e3cf6d34d5463d75bf3382688de72401e5b92f5e289391de8cc1c20f835f1
2019-07,99.8604758502827,18.209675,108.25,83.19696303082638,downloaded_2026-07-31_ex_post,,"https://www.eia.gov/opendata/bulk/INTL.zip;https://www.dallasfed.org/-/media/documents/research/igrea/igrea.xlsx;https://sdmx.oecd.org/public/rest/data/OECD.SDD.TPS,DSD_G20_PRICES@DF_G20_PRICES,1.0/USA.M...IX...?startPeriod=2010-01&endPeriod=2026-06&dimensionAtObservation=AllDimensions&format=csvfile",eia=eb3a40e41512132c339958d7282699cc8131fd5e63e3328c74f19b127e2757df;igrea=89c0901c6924f38f877ce54839dbc2bcfe6f1ca240cb8227593afcc68a14617a;oecd_us_cpi_index=c51e3cf6d34d5463d75bf3382688de72401e5b92f5e289391de8cc1c20f835f1
2019-08,101.01718483576555,24.100595,108.2446,76.85250066977937,downloaded_2026-07-31_ex_post,,"https://www.eia.gov/opendata/bulk/INTL.zip;https://www.dallasfed.org/-/media/documents/research/igrea/igrea.xlsx;https://sdmx.oecd.org/public/rest/data/OECD.SDD.TPS,DSD_G20_PRICES@DF_G20_PRICES,1.0/USA.M...IX...?startPeriod=2010-01&endPeriod=2026-06&dimensionAtObservation=AllDimensions&format=csvfile",eia=eb3a40e41512132c339958d7282699cc8131fd5e63e3328c74f19b127e2757df;igrea=89c0901c6924f38f877ce54839dbc2bcfe6f1ca240cb8227593afcc68a14617a;oecd_us_cpi_index=c51e3cf6d34d5463d75bf3382688de72401e5b92f5e289391de8cc1c20f835f1
2019-09,99.31522765846204,37.016737,108.3294,81.71507824591785,downloaded_2026-07-31_ex_post,,"https://www.eia.gov/opendata/bulk/INTL.zip;https://www.dallasfed.org/-/media/documents/research/igrea/igrea.xlsx;https://sdmx.oecd.org/public/rest/data/OECD.SDD.TPS,DSD_G20_PRICES@DF_G20_PRICES,1.0/USA.M...IX...?startPeriod=2010-01&endPeriod=2026-06&dimensionAtObservation=AllDimensions&format=csvfile",eia=eb3a40e41512132c339958d7282699cc8131fd5e63e3328c74f19b127e2757df;igrea=89c0901c6924f38f877ce54839dbc2bcfe6f1ca240cb8227593afcc68a14617a;oecd_us_cpi_index=c51e3cf6d34d5463d75bf3382688de72401e5b92f5e289391de8cc1c20f835f1
2019-10,101.17088158713145,15.797743,108.577,77.4882565248225,downloaded_2026-07-31_ex_post,,"https://www.eia.gov/opendata/bulk/INTL.zip;https://www.dallasfed.org/-/media/documents/research/igrea/igrea.xlsx;https://sdmx.oecd.org/public/rest/data/OECD.SDD.TPS,DSD_G20_PRICES@DF_G20_PRICES,1.0/USA.M...IX...?startPeriod=2010-01&endPeriod=2026-06&dimensionAtObservation=AllDimensions&format=csvfile",eia=eb3a40e41512132c339958d7282699cc8131fd5e63e3328c74f19b127e2757df;igrea=89c0901c6924f38f877ce54839dbc2bcfe6f1ca240cb8227593afcc68a14617a;oecd_us_cpi_index=c51e3cf6d34d5463d75bf3382688de72401e5b92f5e289391de8cc1c20f835f1
2019-11,101.76810283390398,-9.5353873,108.5188,82.07264212240074,downloaded_2026-07-31_ex_post,,"https://www.eia.gov/opendata/bulk/INTL.zip;https://www.dallasfed.org/-/media/documents/research/igrea/igrea.xlsx;https://sdmx.oecd.org/public/rest/data/OECD.SDD.TPS,DSD_G20_PRICES@DF_G20_PRICES,1.0/USA.M...IX...?startPeriod=2010-01&endPeriod=2026-06&dimensionAtObservation=AllDimensions&format=csvfile",eia=eb3a40e41512132c339958d7282699cc8131fd5e63e3328c74f19b127e2757df;igrea=89c0901c6924f38f877ce54839dbc2bcfe6f1ca240cb8227593afcc68a14617a;oecd_us_cpi_index=c51e3cf6d34d5463d75bf3382688de72401e5b92f5e289391de8cc1c20f835f1
2019-12,101.59696805475922,-12.375084,108.4201,87.35238459078555,downloaded_2026-07-31_ex_post,,"https://www.eia.gov/opendata/bulk/INTL.zip;https://www.dallasfed.org/-/media/documents/research/igrea/igrea.xlsx;https://sdmx.oecd.org/public/rest/data/OECD.SDD.TPS,DSD_G20_PRICES@DF_G20_PRICES,1.0/USA.M...IX...?startPeriod=2010-01&endPeriod=2026-06&dimensionAtObservation=AllDimensions&format=csvfile",eia=eb3a40e41512132c339958d7282699cc8131fd5e63e3328c74f19b127e2757df;igrea=89c0901c6924f38f877ce54839dbc2bcfe6f1ca240cb8227593afcc68a14617a;oecd_us_cpi_index=c51e3cf6d34d5463d75bf3382688de72401e5b92f5e289391de8cc1c20f835f1
2020-01,101.07383568888177,-80.207038,108.8407,82.39115413627438,downloaded_2026-07-31_ex_post,,"https://www.eia.gov/opendata/bulk/INTL.zip;https://www.dallasfed.org/-/media/documents/research/igrea/igrea.xlsx;https://sdmx.oecd.org/public/rest/data/OECD.SDD.TPS,DSD_G20_PRICES@DF_G20_PRICES,1.0/USA.M...IX...?startPeriod=2010-01&endPeriod=2026-06&dimensionAtObservation=AllDimensions&format=csvfile",eia=eb3a40e41512132c339958d7282699cc8131fd5e63e3328c74f19b127e2757df;igrea=89c0901c6924f38f877ce54839dbc2bcfe6f1ca240cb8227593afcc68a14617a;oecd_us_cpi_index=c51e3cf6d34d5463d75bf3382688de72401e5b92f5e289391de8cc1c20f835f1
2020-02,100.04638348632061,-121.99992,109.139,71.8529070295678,downloaded_2026-07-31_ex_post,,"https://www.eia.gov/opendata/bulk/INTL.zip;https://www.dallasfed.org/-/media/documents/research/igrea/igrea.xlsx;https://sdmx.oecd.org/public/rest/data/OECD.SDD.TPS,DSD_G20_PRICES@DF_G20_PRICES,1.0/USA.M...IX...?startPeriod=2010-01&endPeriod=2026-06&dimensionAtObservation=AllDimensions&format=csvfile",eia=eb3a40e41512132c339958d7282699cc8131fd5e63e3328c74f19b127e2757df;igrea=89c0901c6924f38f877ce54839dbc2bcfe6f1ca240cb8227593afcc68a14617a;oecd_us_cpi_index=c51e3cf6d34d5463d75bf3382688de72401e5b92f5e289391de8cc1c20f835f1
2020-03,100.22416289135197,-94.860806,108.9015,41.41663716753212,downloaded_2026-07-31_ex_post,,"https://www.eia.gov/opendata/bulk/INTL.zip;https://www.dallasfed.org/-/media/documents/research/igrea/igrea.xlsx;https://sdmx.oecd.org/public/rest/data/OECD.SDD.TPS,DSD_G20_PRICES@DF_G20_PRICES,1.0/USA.M...IX...?startPeriod=2010-01&endPeriod=2026-06&dimensionAtObservation=AllDimensions&format=csvfile",eia=eb3a40e41512132c339958d7282699cc8131fd5e63e3328c74f19b127e2757df;igrea=89c0901c6924f38f877ce54839dbc2bcfe6f1ca240cb8227593afcc68a14617a;oecd_us_cpi_index=c51e3cf6d34d5463d75bf3382688de72401e5b92f5e289391de8cc1c20f835f1
2020-04,99.79892852127435,-83.931362,108.1733,23.938366076933956,downloaded_2026-07-31_ex_post,,"https://www.eia.gov/opendata/bulk/INTL.zip;https://www.dallasfed.org/-/media/documents/research/igrea/igrea.xlsx;https://sdmx.oecd.org/public/rest/data/OECD.SDD.TPS,DSD_G20_PRICES@DF_G20_PRICES,1.0/USA.M...IX...?startPeriod=2010-01&endPeriod=2026-06&dimensionAtObservation=AllDimensions&format=csvfile",eia=eb3a40e41512132c339958d7282699cc8131fd5e63e3328c74f19b127e2757df;igrea=89c0901c6924f38f877ce54839dbc2bcfe6f1ca240cb8227593afcc68a14617a;oecd_us_cpi_index=c51e3cf6d34d5463d75bf3382688de72401e5b92f5e289391de8cc1c20f835f1
2020-05,88.65144925546002,-114.2679,108.1754,38.26592726646773,downloaded_2026-07-31_ex_post,,"https://www.eia.gov/opendata/bulk/INTL.zip;https://www.dallasfed.org/-/media/documents/research/igrea/igrea.xlsx;https://sdmx.oecd.org/public/rest/data/OECD.SDD.TPS,DSD_G20_PRICES@DF_G20_PRICES,1.0/USA.M...IX...?startPeriod=2010-01&endPeriod=2026-06&dimensionAtObservation=AllDimensions&format=csvfile",eia=eb3a40e41512132c339958d7282699cc8131fd5e63e3328c74f19b127e2757df;igrea=89c0901c6924f38f877ce54839dbc2bcfe6f1ca240cb8227593afcc68a14617a;oecd_us_cpi_index=c51e3cf6d34d5463d75bf3382688de72401e5b92f5e289391de8cc1c20f835f1
2020-06,88.3159433365449,-29.418884,108.7673,52.16191007315617,downloaded_2026-07-31_ex_post,,"https://www.eia.gov/opendata/bulk/INTL.zip;https://www.dallasfed.org/-/media/documents/research/igrea/igrea.xlsx;https://sdmx.oecd.org/public/rest/data/OECD.SDD.TPS,DSD_G20_PRICES@DF_G20_PRICES,1.0/USA.M...IX...?startPeriod=2010-01&endPeriod=2026-06&dimensionAtObservation=AllDimensions&format=csvfile",eia=eb3a40e41512132c339958d7282699cc8131fd5e63e3328c74f19b127e2757df;igrea=89c0901c6924f38f877ce54839dbc2bcfe6f1ca240cb8227593afcc68a14617a;oecd_us_cpi_index=c51e3cf6d34d5463d75bf3382688de72401e5b92f5e289391de8cc1c20f835f1
2020-07,90.25825718310905,5.6524402,109.3175,55.73427397976178,downloaded_2026-07-31_ex_post,,"https://www.eia.gov/opendata/bulk/INTL.zip;https://www.dallasfed.org/-/media/documents/research/igrea/igrea.xlsx;https://sdmx.oecd.org/public/rest/data/OECD.SDD.TPS,DSD_G20_PRICES@DF_G20_PRICES,1.0/USA.M...IX...?startPeriod=2010-01&endPeriod=2026-06&dimensionAtObservation=AllDimensions&format=csvfile",eia=eb3a40e41512132c339958d7282699cc8131fd5e63e3328c74f19b127e2757df;igrea=89c0901c6924f38f877ce54839dbc2bcfe6f1ca240cb8227593afcc68a14617a;oecd_us_cpi_index=c51e3cf6d34d5463d75bf3382688de72401e5b92f5e289391de8cc1c20f835f1
2020-08,91.19033553136225,-1.9887978,109.6622,57.47840599951488,downloaded_2026-07-31_ex_post,,"https://www.eia.gov/opendata/bulk/INTL.zip;https://www.dallasfed.org/-/media/documents/research/igrea/igrea.xlsx;https://sdmx.oecd.org/public/rest/data/OECD.SDD.TPS,DSD_G20_PRICES@DF_G20_PRICES,1.0/USA.M...IX...?startPeriod=2010-01&endPeriod=2026-06&dimensionAtObservation=AllDimensions&format=csvfile",eia=eb3a40e41512132c339958d7282699cc8131fd5e63e3328c74f19b127e2757df;igrea=89c0901c6924f38f877ce54839dbc2bcfe6f1ca240cb8227593afcc68a14617a;oecd_us_cpi_index=c51e3cf6d34d5463d75bf3382688de72401e5b92f5e289391de8cc1c20f835f1
2020-09,91.03785334129414,-9.2631743,109.8149,52.488952268772266,downloaded_2026-07-31_ex_post,,"https://www.eia.gov/opendata/bulk/INTL.zip;https://www.dallasfed.org/-/media/documents/research/igrea/igrea.xlsx;https://sdmx.oecd.org/public/rest/data/OECD.SDD.TPS,DSD_G20_PRICES@DF_G20_PRICES,1.0/USA.M...IX...?startPeriod=2010-01&endPeriod=2026-06&dimensionAtObservation=AllDimensions&format=csvfile",eia=eb3a40e41512132c339958d7282699cc8131fd5e63e3328c74f19b127e2757df;igrea=89c0901c6924f38f877ce54839dbc2bcfe6f1ca240cb8227593afcc68a14617a;oecd_us_cpi_index=c51e3cf6d34d5463d75bf3382688de72401e5b92f5e289391de8cc1c20f835f1
2020-10,91.47564897341859,5.2680745,109.8605,51.54375372859217,downloaded_2026-07-31_ex_post,,"https://www.eia.gov/opendata/bulk/INTL.zip;https://www.dallasfed.org/-/media/documents/research/igrea/igrea.xlsx;https://sdmx.oecd.org/public/rest/data/OECD.SDD.TPS,DSD_G20_PRICES@DF_G20_PRICES,1.0/USA.M...IX...?startPeriod=2010-01&endPeriod=2026-06&dimensionAtObservation=AllDimensions&format=csvfile",eia=eb3a40e41512132c339958d7282699cc8131fd5e63e3328c74f19b127e2757df;igrea=89c0901c6924f38f877ce54839dbc2bcfe6f1ca240cb8227593afcc68a14617a;oecd_us_cpi_index=c51e3cf6d34d5463d75bf3382688de72401e5b92f5e289391de8cc1c20f835f1
2020-11,92.99578901537703,-27.161414,109.7934,54.78714405593119,downloaded_2026-07-31_ex_post,,"https://www.eia.gov/opendata/bulk/INTL.zip;https://www.dallasfed.org/-/media/documents/research/igrea/igrea.xlsx;https://sdmx.oecd.org/public/rest/data/OECD.SDD.TPS,DSD_G20_PRICES@DF_G20_PRICES,1.0/USA.M...IX...?startPeriod=2010-01&endPeriod=2026-06&dimensionAtObservation=AllDimensions&format=csvfile",eia=eb3a40e41512132c339958d7282699cc8131fd5e63e3328c74f19b127e2757df;igrea=89c0901c6924f38f877ce54839dbc2bcfe6f1ca240cb8227593afcc68a14617a;oecd_us_cpi_index=c51e3cf6d34d5463d75bf3382688de72401e5b92f5e289391de8cc1c20f835f1
2020-12,93.10451446208549,-22.147793,109.8968,64.09648303681273,downloaded_2026-07-31_ex_post,,"https://www.eia.gov/opendata/bulk/INTL.zip;https://www.dallasfed.org/-/media/documents/research/igrea/igrea.xlsx;https://sdmx.oecd.org/public/rest/data/OECD.SDD.TPS,DSD_G20_PRICES@DF_G20_PRICES,1.0/USA.M...IX...?startPeriod=2010-01&endPeriod=2026-06&dimensionAtObservation=AllDimensions&format=csvfile",eia=eb3a40e41512132c339958d7282699cc8131fd5e63e3328c74f19b127e2757df;igrea=89c0901c6924f38f877ce54839dbc2bcfe6f1ca240cb8227593afcc68a14617a;oecd_us_cpi_index=c51e3cf6d34d5463d75bf3382688de72401e5b92f5e289391de8cc1c20f835f1
2021-01,93.79353945099211,6.501071,110.3642,69.92794379517996,downloaded_2026-07-31_ex_post,,"https://www.eia.gov/opendata/bulk/INTL.zip;https://www.dallasfed.org/-/media/documents/research/igrea/igrea.xlsx;https://sdmx.oecd.org/public/rest/data/OECD.SDD.TPS,DSD_G20_PRICES@DF_G20_PRICES,1.0/USA.M...IX...?startPeriod=2010-01&endPeriod=2026-06&dimensionAtObservation=AllDimensions&format=csvfile",eia=eb3a40e41512132c339958d7282699cc8131fd5e63e3328c74f19b127e2757df;igrea=89c0901c6924f38f877ce54839dbc2bcfe6f1ca240cb8227593afcc68a14617a;oecd_us_cpi_index=c51e3cf6d34d5463d75bf3382688de72401e5b92f5e289391de8cc1c20f835f1
2021-02,90.65498934560163,-3.6870616,110.9684,79.07321426054624,downloaded_2026-07-31_ex_post,,"https://www.eia.gov/opendata/bulk/INTL.zip;https://www.dallasfed.org/-/media/documents/research/igrea/igrea.xlsx;https://sdmx.oecd.org/public/rest/data/OECD.SDD.TPS,DSD_G20_PRICES@DF_G20_PRICES,1.0/USA.M...IX...?startPeriod=2010-01&endPeriod=2026-06&dimensionAtObservation=AllDimensions&format=csvfile",eia=eb3a40e41512132c339958d7282699cc8131fd5e63e3328c74f19b127e2757df;igrea=89c0901c6924f38f877ce54839dbc2bcfe6f1ca240cb8227593afcc68a14617a;oecd_us_cpi_index=c51e3cf6d34d5463d75bf3382688de72401e5b92f5e289391de8cc1c20f835f1
2021-03,93.87028287715468,25.619723,111.7544,82.46772958380161,downloaded_2026-07-31_ex_post,,"https://www.eia.gov/opendata/bulk/INTL.zip;https://www.dallasfed.org/-/media/documents/research/igrea/igrea.xlsx;https://sdmx.oecd.org/public/rest/data/OECD.SDD.TPS,DSD_G20_PRICES@DF_G20_PRICES,1.0/USA.M...IX...?startPeriod=2010-01&endPeriod=2026-06&dimensionAtObservation=AllDimensions&format=csvfile",eia=eb3a40e41512132c339958d7282699cc8131fd5e63e3328c74f19b127e2757df;igrea=89c0901c6924f38f877ce54839dbc2bcfe6f1ca240cb8227593afcc68a14617a;oecd_us_cpi_index=c51e3cf6d34d5463d75bf3382688de72401e5b92f5e289391de8cc1c20f835f1
2021-04,93.99327149527922,45.576698,112.6729,81.04078049246978,downloaded_2026-07-31_ex_post,,"https://www.eia.gov/opendata/bulk/INTL.zip;https://www.dallasfed.org/-/media/documents/research/igrea/igrea.xlsx;https://sdmx.oecd.org/public/rest/data/OECD.SDD.TPS,DSD_G20_PRICES@DF_G20_PRICES,1.0/USA.M...IX...?startPeriod=2010-01&endPeriod=2026-06&dimensionAtObservation=AllDimensions&format=csvfile",eia=eb3a40e41512132c339958d7282699cc8131fd5e63e3328c74f19b127e2757df;igrea=89c0901c6924f38f877ce54839dbc2bcfe6f1ca240cb8227593afcc68a14617a;oecd_us_cpi_index=c51e3cf6d34d5463d75bf3382688de72401e5b92f5e289391de8cc1c20f835f1
2021-05,94.95524180559114,63.144602,113.5762,85.02068515512748,downloaded_2026-07-31_ex_post,,"https://www.eia.gov/opendata/bulk/INTL.zip;https://www.dallasfed.org/-/media/documents/research/igrea/igrea.xlsx;https://sdmx.oecd.org/public/rest/data/OECD.SDD.TPS,DSD_G20_PRICES@DF_G20_PRICES,1.0/USA.M...IX...?startPeriod=2010-01&endPeriod=2026-06&dimensionAtObservation=AllDimensions&format=csvfile",eia=eb3a40e41512132c339958d7282699cc8131fd5e63e3328c74f19b127e2757df;igrea=89c0901c6924f38f877ce54839dbc2bcfe6f1ca240cb8227593afcc68a14617a;oecd_us_cpi_index=c51e3cf6d34d5463d75bf3382688de72401e5b92f5e289391de8cc1c20f835f1
2021-06,95.37356906209781,61.348313,114.6314,89.92882198507563,downloaded_2026-07-31_ex_post,,"https://www.eia.gov/opendata/bulk/INTL.zip;https://www.dallasfed.org/-/media/documents/research/igrea/igrea.xlsx;https://sdmx.oecd.org/public/rest/data/OECD.SDD.TPS,DSD_G20_PRICES@DF_G20_PRICES,1.0/USA.M...IX...?startPeriod=2010-01&endPeriod=2026-06&dimensionAtObservation=AllDimensions&format=csvfile",eia=eb3a40e41512132c339958d7282699cc8131fd5e63e3328c74f19b127e2757df;igrea=89c0901c6924f38f877ce54839dbc2bcfe6f1ca240cb8227593afcc68a14617a;oecd_us_cpi_index=c51e3cf6d34d5463d75bf3382688de72401e5b92f5e289391de8cc1c20f835f1
2021-07,97.00982815568332,69.424352,115.1829,91.94697079601227,downloaded_2026-07-31_ex_post,,"https://www.eia.gov/opendata/bulk/INTL.zip;https://www.dallasfed.org/-/media/documents/research/igrea/igrea.xlsx;https://sdmx.oecd.org/public/rest/data/OECD.SDD.TPS,DSD_G20_PRICES@DF_G20_PRICES,1.0/USA.M...IX...?startPeriod=2010-01&endPeriod=2026-06&dimensionAtObservation=AllDimensions&format=csvfile",eia=eb3a40e41512132c339958d7282699cc8131fd5e63e3328c74f19b127e2757df;igrea=89c0901c6924f38f877ce54839dbc2bcfe6f1ca240cb8227593afcc68a14617a;oecd_us_cpi_index=c51e3cf6d34d5463d75bf3382688de72401e5b92f5e289391de8cc1c20f835f1
2021-08,96.39754431998423,84.739008,115.4208,86.36332324478282,downloaded_2026-07-31_ex_post,,"https://www.eia.gov/opendata/bulk/INTL.zip;https://www.dallasfed.org/-/media/documents/research/igrea/igrea.xlsx;https://sdmx.oecd.org/public/rest/data/OECD.SDD.TPS,DSD_G20_PRICES@DF_G20_PRICES,1.0/USA.M...IX...?startPeriod=2010-01&endPeriod=2026-06&dimensionAtObservation=AllDimensions&format=csvfile",eia=eb3a40e41512132c339958d7282699cc8131fd5e63e3328c74f19b127e2757df;igrea=89c0901c6924f38f877ce54839dbc2bcfe6f1ca240cb8227593afcc68a14617a;oecd_us_cpi_index=c51e3cf6d34d5463d75bf3382688de72401e5b92f5e289391de8cc1c20f835f1
2021-09,96.68044211410148,98.662707,115.7343,90.68437306399225,downloaded_2026-07-31_ex_post,,"https://www.eia.gov/opendata/bulk/INTL.zip;https://www.dallasfed.org/-/media/documents/research/igrea/igrea.xlsx;https://sdmx.oecd.org/public/rest/data/OECD.SDD.TPS,DSD_G20_PRICES@DF_G20_PRICES,1.0/USA.M...IX...?startPeriod=2010-01&endPeriod=2026-06&dimensionAtObservation=AllDimensions&format=csvfile",eia=eb3a40e41512132c339958d7282699cc8131fd5e63e3328c74f19b127e2757df;igrea=89c0901c6924f38f877ce54839dbc2bcfe6f1ca240cb8227593afcc68a14617a;oecd_us_cpi_index=c51e3cf6d34d5463d75bf3382688de72401e5b92f5e289391de8cc1c20f835f1
2021-10,98.03513877627081,109.56441,116.6958,100.86346028775344,downloaded_2026-07-31_ex_post,,"https://www.eia.gov/opendata/bulk/INTL.zip;https://www.dallasfed.org/-/media/documents/research/igrea/igrea.xlsx;https://sdmx.oecd.org/public/rest/data/OECD.SDD.TPS,DSD_G20_PRICES@DF_G20_PRICES,1.0/USA.M...IX...?startPeriod=2010-01&endPeriod=2026-06&dimensionAtObservation=AllDimensions&format=csvfile",eia=eb3a40e41512132c339958d7282699cc8131fd5e63e3328c74f19b127e2757df;igrea=89c0901c6924f38f877ce54839dbc2bcfe6f1ca240cb8227593afcc68a14617a;oecd_us_cpi_index=c51e3cf6d34d5463d75bf3382688de72401e5b92f5e289391de8cc1c20f835f1
2021-11,98.89384864992716,53.844684,117.2692,97.380853583038,downloaded_2026-07-31_ex_post,,"https://www.eia.gov/opendata/bulk/INTL.zip;https://www.dallasfed.org/-/media/documents/research/igrea/igrea.xlsx;https://sdmx.oecd.org/public/rest/data/OECD.SDD.TPS,DSD_G20_PRICES@DF_G20_PRICES,1.0/USA.M...IX...?startPeriod=2010-01&endPeriod=2026-06&dimensionAtObservation=AllDimensions&format=csvfile",eia=eb3a40e41512132c339958d7282699cc8131fd5e63e3328c74f19b127e2757df;igrea=89c0901c6924f38f877ce54839dbc2bcfe6f1ca240cb8227593afcc68a14617a;oecd_us_cpi_index=c51e3cf6d34d5463d75bf3382688de72401e5b92f5e289391de8cc1c20f835f1
2021-12,98.26971657128972,55.175313,117.6295,88.84220656585377,downloaded_2026-07-31_ex_post,,"https://www.eia.gov/opendata/bulk/INTL.zip;https://www.dallasfed.org/-/media/documents/research/igrea/igrea.xlsx;https://sdmx.oecd.org/public/rest/data/OECD.SDD.TPS,DSD_G20_PRICES@DF_G20_PRICES,1.0/USA.M...IX...?startPeriod=2010-01&endPeriod=2026-06&dimensionAtObservation=AllDimensions&format=csvfile",eia=eb3a40e41512132c339958d7282699cc8131fd5e63e3328c74f19b127e2757df;igrea=89c0901c6924f38f877ce54839dbc2bcfe6f1ca240cb8227593afcc68a14617a;oecd_us_cpi_index=c51e3cf6d34d5463d75bf3382688de72401e5b92f5e289391de8cc1c20f835f1
2022-01,98.1763166414799,7.2279499,118.6193,102.7523041075023,downloaded_2026-07-31_ex_post,,"https://www.eia.gov/opendata/bulk/INTL.zip;https://www.dallasfed.org/-/media/documents/research/igrea/igrea.xlsx;https://sdmx.oecd.org/public/rest/data/OECD.SDD.TPS,DSD_G20_PRICES@DF_G20_PRICES,1.0/USA.M...IX...?startPeriod=2010-01&endPeriod=2026-06&dimensionAtObservation=AllDimensions&format=csvfile",eia=eb3a40e41512132c339958d7282699cc8131fd5e63e3328c74f19b127e2757df;igrea=89c0901c6924f38f877ce54839dbc2bcfe6f1ca240cb8227593afcc68a14617a;oecd_us_cpi_index=c51e3cf6d34d5463d75bf3382688de72401e5b92f5e289391de8cc1c20f835f1
2022-02,99.37075125319096,10.81952,119.7028,114.3270844884163,downloaded_2026-07-31_ex_post,,"https://www.eia.gov/opendata/bulk/INTL.zip;https://www.dallasfed.org/-/media/documents/research/igrea/igrea.xlsx;https://sdmx.oecd.org/public/rest/data/OECD.SDD.TPS,DSD_G20_PRICES@DF_G20_PRICES,1.0/USA.M...IX...?startPeriod=2010-01&endPeriod=2026-06&dimensionAtObservation=AllDimensions&format=csvfile",eia=eb3a40e41512132c339958d7282699cc8131fd5e63e3328c74f19b127e2757df;igrea=89c0901c6924f38f877ce54839dbc2bcfe6f1ca240cb8227593afcc68a14617a;oecd_us_cpi_index=c51e3cf6d34d5463d75bf3382688de72401e5b92f5e289391de8cc1c20f835f1
2022-03,99.87795390735386,39.349766,121.301,136.18688152181977,downloaded_2026-07-31_ex_post,,"https://www.eia.gov/opendata/bulk/INTL.zip;https://www.dallasfed.org/-/media/documents/research/igrea/igrea.xlsx;https://sdmx.oecd.org/public/rest/data/OECD.SDD.TPS,DSD_G20_PRICES@DF_G20_PRICES,1.0/USA.M...IX...?startPeriod=2010-01&endPeriod=2026-06&dimensionAtObservation=AllDimensions&format=csvfile",eia=eb3a40e41512132c339958d7282699cc8131fd5e63e3328c74f19b127e2757df;igrea=89c0901c6924f38f877ce54839dbc2bcfe6f1ca240cb8227593afcc68a14617a;oecd_us_cpi_index=c51e3cf6d34d5463d75bf3382688de72401e5b92f5e289391de8cc1c20f835f1
2022-04,99.28517684574804,28.779575,121.9782,120.79564193351545,downloaded_2026-07-31_ex_post,,"https://www.eia.gov/opendata/bulk/INTL.zip;https://www.dallasfed.org/-/media/documents/research/igrea/igrea.xlsx;https://sdmx.oecd.org/public/rest/data/OECD.SDD.TPS,DSD_G20_PRICES@DF_G20_PRICES,1.0/USA.M...IX...?startPeriod=2010-01&endPeriod=2026-06&dimensionAtObservation=AllDimensions&format=csvfile",eia=eb3a40e41512132c339958d7282699cc8131fd5e63e3328c74f19b127e2757df;igrea=89c0901c6924f38f877ce54839dbc2bcfe6f1ca240cb8227593afcc68a14617a;oecd_us_cpi_index=c51e3cf6d34d5463d75bf3382688de72401e5b92f5e289391de8cc1c20f835f1
2022-05,99.25937687551615,56.193328,123.3228,129.48970113239014,downloaded_2026-07-31_ex_post,,"https://www.eia.gov/opendata/bulk/INTL.zip;https://www.dallasfed.org/-/media/documents/research/igrea/igrea.xlsx;https://sdmx.oecd.org/public/rest/data/OECD.SDD.TPS,DSD_G20_PRICES@DF_G20_PRICES,1.0/USA.M...IX...?startPeriod=2010-01&endPeriod=2026-06&dimensionAtObservation=AllDimensions&format=csvfile",eia=eb3a40e41512132c339958d7282699cc8131fd5e63e3328c74f19b127e2757df;igrea=89c0901c6924f38f877ce54839dbc2bcfe6f1ca240cb8227593afcc68a14617a;oecd_us_cpi_index=c51e3cf6d34d5463d75bf3382688de72401e5b92f5e289391de8cc1c20f835f1
2022-06,99.7673808477434,34.255144,125.0168,138.29913657585374,downloaded_2026-07-31_ex_post,,"https://www.eia.gov/opendata/bulk/INTL.zip;https://www.dallasfed.org/-/media/documents/research/igrea/igrea.xlsx;https://sdmx.oecd.org/public/rest/data/OECD.SDD.TPS,DSD_G20_PRICES@DF_G20_PRICES,1.0/USA.M...IX...?startPeriod=2010-01&endPeriod=2026-06&dimensionAtObservation=AllDimensions&format=csvfile",eia=eb3a40e41512132c339958d7282699cc8131fd5e63e3328c74f19b127e2757df;igrea=89c0901c6924f38f877ce54839dbc2bcfe6f1ca240cb8227593afcc68a14617a;oecd_us_cpi_index=c51e3cf6d34d5463d75bf3382688de72401e5b92f5e289391de8cc1c20f835f1
2022-07,100.88992441261642,20.440585,125.002,126.15876625059714,downloaded_2026-07-31_ex_post,,"https://www.eia.gov/opendata/bulk/INTL.zip;https://www.dallasfed.org/-/media/documents/research/igrea/igrea.xlsx;https://sdmx.oecd.org/public/rest/data/OECD.SDD.TPS,DSD_G20_PRICES@DF_G20_PRICES,1.0/USA.M...IX...?startPeriod=2010-01&endPeriod=2026-06&dimensionAtObservation=AllDimensions&format=csvfile",eia=eb3a40e41512132c339958d7282699cc8131fd5e63e3328c74f19b127e2757df;igrea=89c0901c6924f38f877ce54839dbc2bcfe6f1ca240cb8227593afcc68a14617a;oecd_us_cpi_index=c51e3cf6d34d5463d75bf3382688de72401e5b92f5e289391de8cc1c20f835f1
2022-08,101.43204651074157,-18.047973,124.9577,113.2597807017895,downloaded_2026-07-31_ex_post,,"https://www.eia.gov/opendata/bulk/INTL.zip;https://www.dallasfed.org/-/media/documents/research/igrea/igrea.xlsx;https://sdmx.oecd.org/public/rest/data/OECD.SDD.TPS,DSD_G20_PRICES@DF_G20_PRICES,1.0/USA.M...IX...?startPeriod=2010-01&endPeriod=2026-06&dimensionAtObservation=AllDimensions&format=csvfile",eia=eb3a40e41512132c339958d7282699cc8131fd5e63e3328c74f19b127e2757df;igrea=89c0901c6924f38f877ce54839dbc2bcfe6f1ca240cb8227593afcc68a14617a;oecd_us_cpi_index=c51e3cf6d34d5463d75bf3382688de72401e5b92f5e289391de8cc1c20f835f1
2022-09,101.9642108012119,-13.130435,125.2265,100.99832261047742,downloaded_2026-07-31_ex_post,,"https://www.eia.gov/opendata/bulk/INTL.zip;https://www.dallasfed.org/-/media/documents/research/igrea/igrea.xlsx;https://sdmx.oecd.org/public/rest/data/OECD.SDD.TPS,DSD_G20_PRICES@DF_G20_PRICES,1.0/USA.M...IX...?startPeriod=2010-01&endPeriod=2026-06&dimensionAtObservation=AllDimensions&format=csvfile",eia=eb3a40e41512132c339958d7282699cc8131fd5e63e3328c74f19b127e2757df;igrea=89c0901c6924f38f877ce54839dbc2bcfe6f1ca240cb8227593afcc68a14617a;oecd_us_cpi_index=c51e3cf6d34d5463d75bf3382688de72401e5b92f5e289391de8cc1c20f835f1
2022-10,102.12453601789012,6.3545715,125.7344,104.58768152512266,downloaded_2026-07-31_ex_post,,"https://www.eia.gov/opendata/bulk/INTL.zip;https://www.dallasfed.org/-/media/documents/research/igrea/igrea.xlsx;https://sdmx.oecd.org/public/rest/data/OECD.SDD.TPS,DSD_G20_PRICES@DF_G20_PRICES,1.0/USA.M...IX...?startPeriod=2010-01&endPeriod=2026-06&dimensionAtObservation=AllDimensions&format=csvfile",eia=eb3a40e41512132c339958d7282699cc8131fd5e63e3328c74f19b127e2757df;igrea=89c0901c6924f38f877ce54839dbc2bcfe6f1ca240cb8227593afcc68a14617a;oecd_us_cpi_index=c51e3cf6d34d5463d75bf3382688de72401e5b92f5e289391de8cc1c20f835f1
2022-11,102.28578579525647,-27.134897,125.6074,102.54368431318537,downloaded_2026-07-31_ex_post,,"https://www.eia.gov/opendata/bulk/INTL.zip;https://www.dallasfed.org/-/media/documents/research/igrea/igrea.xlsx;https://sdmx.oecd.org/public/rest/data/OECD.SDD.TPS,DSD_G20_PRICES@DF_G20_PRICES,1.0/USA.M...IX...?startPeriod=2010-01&endPeriod=2026-06&dimensionAtObservation=AllDimensions&format=csvfile",eia=eb3a40e41512132c339958d7282699cc8131fd5e63e3328c74f19b127e2757df;igrea=89c0901c6924f38f877ce54839dbc2bcfe6f1ca240cb8227593afcc68a14617a;oecd_us_cpi_index=c51e3cf6d34d5463d75bf3382688de72401e5b92f5e289391de8cc1c20f835f1
2022-12,100.66020474727951,-15.781173,125.2218,91.0546059839421,downloaded_2026-07-31_ex_post,,"https://www.eia.gov/opendata/bulk/INTL.zip;https://www.dallasfed.org/-/media/documents/research/igrea/igrea.xlsx;https://sdmx.oecd.org/public/rest/data/OECD.SDD.TPS,DSD_G20_PRICES@DF_G20_PRICES,1.0/USA.M...IX...?startPeriod=2010-01&endPeriod=2026-06&dimensionAtObservation=AllDimensions&format=csvfile",eia=eb3a40e41512132c339958d7282699cc8131fd5e63e3328c74f19b127e2757df;igrea=89c0901c6924f38f877ce54839dbc2bcfe6f1ca240cb8227593afcc68a14617a;oecd_us_cpi_index=c51e3cf6d34d5463d75bf3382688de72401e5b92f5e289391de8cc1c20f835f1
2023-01,101.3949177476625,-63.04967,126.223,92.09318454413447,downloaded_2026-07-31_ex_post,,"https://www.eia.gov/opendata/bulk/INTL.zip;https://www.dallasfed.org/-/media/documents/research/igrea/igrea.xlsx;https://sdmx.oecd.org/public/rest/data/OECD.SDD.TPS,DSD_G20_PRICES@DF_G20_PRICES,1.0/USA.M...IX...?startPeriod=2010-01&endPeriod=2026-06&dimensionAtObservation=AllDimensions&format=csvfile",eia=eb3a40e41512132c339958d7282699cc8131fd5e63e3328c74f19b127e2757df;igrea=89c0901c6924f38f877ce54839dbc2bcfe6f1ca240cb8227593afcc68a14617a;oecd_us_cpi_index=c51e3cf6d34d5463d75bf3382688de72401e5b92f5e289391de8cc1c20f835f1
2023-02,101.98946041037281,-95.540399,126.9276,91.67472694276107,downloaded_2026-07-31_ex_post,,"https://www.eia.gov/opendata/bulk/INTL.zip;https://www.dallasfed.org/-/media/documents/research/igrea/igrea.xlsx;https://sdmx.oecd.org/public/rest/data/OECD.SDD.TPS,DSD_G20_PRICES@DF_G20_PRICES,1.0/USA.M...IX...?startPeriod=2010-01&endPeriod=2026-06&dimensionAtObservation=AllDimensions&format=csvfile",eia=eb3a40e41512132c339958d7282699cc8131fd5e63e3328c74f19b127e2757df;igrea=89c0901c6924f38f877ce54839dbc2bcfe6f1ca240cb8227593afcc68a14617a;oecd_us_cpi_index=c51e3cf6d34d5463d75bf3382688de72401e5b92f5e289391de8cc1c20f835f1
2023-03,102.34956022871015,-19.283835,127.3478,86.77994356058933,downloaded_2026-07-31_ex_post,,"https://www.eia.gov/opendata/bulk/INTL.zip;https://www.dallasfed.org/-/media/documents/research/igrea/igrea.xlsx;https://sdmx.oecd.org/public/rest/data/OECD.SDD.TPS,DSD_G20_PRICES@DF_G20_PRICES,1.0/USA.M...IX...?startPeriod=2010-01&endPeriod=2026-06&dimensionAtObservation=AllDimensions&format=csvfile",eia=eb3a40e41512132c339958d7282699cc8131fd5e63e3328c74f19b127e2757df;igrea=89c0901c6924f38f877ce54839dbc2bcfe6f1ca240cb8227593afcc68a14617a;oecd_us_cpi_index=c51e3cf6d34d5463d75bf3382688de72401e5b92f5e289391de8cc1c20f835f1
2023-04,102.11514057574209,-14.611742,127.9921,93.17265226655917,downloaded_2026-07-31_ex_post,,"https://www.eia.gov/opendata/bulk/INTL.zip;https://www.dallasfed.org/-/media/documents/research/igrea/igrea.xlsx;https://sdmx.oecd.org/public/rest/data/OECD.SDD.TPS,DSD_G20_PRICES@DF_G20_PRICES,1.0/USA.M...IX...?startPeriod=2010-01&endPeriod=2026-06&dimensionAtObservation=AllDimensions&format=csvfile",eia=eb3a40e41512132c339958d7282699cc8131fd5e63e3328c74f19b127e2757df;igrea=89c0901c6924f38f877ce54839dbc2bcfe6f1ca240cb8227593afcc68a14617a;oecd_us_cpi_index=c51e3cf6d34d5463d75bf3382688de72401e5b92f5e289391de8cc1c20f835f1
2023-05,101.63723658042723,-19.028135,128.3144,82.86677817454625,downloaded_2026-07-31_ex_post,,"https://www.eia.gov/opendata/bulk/INTL.zip;https://www.dallasfed.org/-/media/documents/research/igrea/igrea.xlsx;https://sdmx.oecd.org/public/rest/data/OECD.SDD.TPS,DSD_G20_PRICES@DF_G20_PRICES,1.0/USA.M...IX...?startPeriod=2010-01&endPeriod=2026-06&dimensionAtObservation=AllDimensions&format=csvfile",eia=eb3a40e41512132c339958d7282699cc8131fd5e63e3328c74f19b127e2757df;igrea=89c0901c6924f38f877ce54839dbc2bcfe6f1ca240cb8227593afcc68a14617a;oecd_us_cpi_index=c51e3cf6d34d5463d75bf3382688de72401e5b92f5e289391de8cc1c20f835f1
2023-06,102.50770667913328,-45.988986,128.7287,81.91390689877238,downloaded_2026-07-31_ex_post,,"https://www.eia.gov/opendata/bulk/INTL.zip;https://www.dallasfed.org/-/media/documents/research/igrea/igrea.xlsx;https://sdmx.oecd.org/public/rest/data/OECD.SDD.TPS,DSD_G20_PRICES@DF_G20_PRICES,1.0/USA.M...IX...?startPeriod=2010-01&endPeriod=2026-06&dimensionAtObservation=AllDimensions&format=csvfile",eia=eb3a40e41512132c339958d7282699cc8131fd5e63e3328c74f19b127e2757df;igrea=89c0901c6924f38f877ce54839dbc2bcfe6f1ca240cb8227593afcc68a14617a;oecd_us_cpi_index=c51e3cf6d34d5463d75bf3382688de72401e5b92f5e289391de8cc1c20f835f1
2023-07,102.00455318397213,-49.978002,128.9743,87.51404265848016,downloaded_2026-07-31_ex_post,,"https://www.eia.gov/opendata/bulk/INTL.zip;https://www.dallasfed.org/-/media/documents/research/igrea/igrea.xlsx;https://sdmx.oecd.org/public/rest/data/OECD.SDD.TPS,DSD_G20_PRICES@DF_G20_PRICES,1.0/USA.M...IX...?startPeriod=2010-01&endPeriod=2026-06&dimensionAtObservation=AllDimensions&format=csvfile",eia=eb3a40e41512132c339958d7282699cc8131fd5e63e3328c74f19b127e2757df;igrea=89c0901c6924f38f877ce54839dbc2bcfe6f1ca240cb8227593afcc68a14617a;oecd_us_cpi_index=c51e3cf6d34d5463d75bf3382688de72401e5b92f5e289391de8cc1c20f835f1
2023-08,101.75801231906297,-40.240729,129.5375,93.70285718421306,downloaded_2026-07-31_ex_post,,"https://www.eia.gov/opendata/bulk/INTL.zip;https://www.dallasfed.org/-/media/documents/research/igrea/igrea.xlsx;https://sdmx.oecd.org/public/rest/data/OECD.SDD.TPS,DSD_G20_PRICES@DF_G20_PRICES,1.0/USA.M...IX...?startPeriod=2010-01&endPeriod=2026-06&dimensionAtObservation=AllDimensions&format=csvfile",eia=eb3a40e41512132c339958d7282699cc8131fd5e63e3328c74f19b127e2757df;igrea=89c0901c6924f38f877ce54839dbc2bcfe6f1ca240cb8227593afcc68a14617a;oecd_us_cpi_index=c51e3cf6d34d5463d75bf3382688de72401e5b92f5e289391de8cc1c20f835f1
2023-09,102.83044486234341,-21.294732,129.8595,101.68903052291498,downloaded_2026-07-31_ex_post,,"https://www.eia.gov/opendata/bulk/INTL.zip;https://www.dallasfed.org/-/media/documents/research/igrea/igrea.xlsx;https://sdmx.oecd.org/public/rest/data/OECD.SDD.TPS,DSD_G20_PRICES@DF_G20_PRICES,1.0/USA.M...IX...?startPeriod=2010-01&endPeriod=2026-06&dimensionAtObservation=AllDimensions&format=csvfile",eia=eb3a40e41512132c339958d7282699cc8131fd5e63e3328c74f19b127e2757df;igrea=89c0901c6924f38f877ce54839dbc2bcfe6f1ca240cb8227593afcc68a14617a;oecd_us_cpi_index=c51e3cf6d34d5463d75bf3382688de72401e5b92f5e289391de8cc1c20f835f1
2023-10,103.10563323501286,8.0750954,129.8097,98.33451074534491,downloaded_2026-07-31_ex_post,,"https://www.eia.gov/opendata/bulk/INTL.zip;https://www.dallasfed.org/-/media/documents/research/igrea/igrea.xlsx;https://sdmx.oecd.org/public/rest/data/OECD.SDD.TPS,DSD_G20_PRICES@DF_G20_PRICES,1.0/USA.M...IX...?startPeriod=2010-01&endPeriod=2026-06&dimensionAtObservation=AllDimensions&format=csvfile",eia=eb3a40e41512132c339958d7282699cc8131fd5e63e3328c74f19b127e2757df;igrea=89c0901c6924f38f877ce54839dbc2bcfe6f1ca240cb8227593afcc68a14617a;oecd_us_cpi_index=c51e3cf6d34d5463d75bf3382688de72401e5b92f5e289391de8cc1c20f835f1
2023-11,103.89351074530335,6.0932522,129.5481,90.20643163427329,downloaded_2026-07-31_ex_post,,"https://www.eia.gov/opendata/bulk/INTL.zip;https://www.dallasfed.org/-/media/documents/research/igrea/igrea.xlsx;https://sdmx.oecd.org/public/rest/data/OECD.SDD.TPS,DSD_G20_PRICES@DF_G20_PRICES,1.0/USA.M...IX...?startPeriod=2010-01&endPeriod=2026-06&dimensionAtObservation=AllDimensions&format=csvfile",eia=eb3a40e41512132c339958d7282699cc8131fd5e63e3328c74f19b127e2757df;igrea=89c0901c6924f38f877ce54839dbc2bcfe6f1ca240cb8227593afcc68a14617a;oecd_us_cpi_index=c51e3cf6d34d5463d75bf3382688de72401e5b92f5e289391de8cc1c20f835f1
2023-12,103.88421275185723,38.717962,129.4194,84.51632669119891,downloaded_2026-07-31_ex_post,,"https://www.eia.gov/opendata/bulk/INTL.zip;https://www.dallasfed.org/-/media/documents/research/igrea/igrea.xlsx;https://sdmx.oecd.org/public/rest/data/OECD.SDD.TPS,DSD_G20_PRICES@DF_G20_PRICES,1.0/USA.M...IX...?startPeriod=2010-01&endPeriod=2026-06&dimensionAtObservation=AllDimensions&format=csvfile",eia=eb3a40e41512132c339958d7282699cc8131fd5e63e3328c74f19b127e2757df;igrea=89c0901c6924f38f877ce54839dbc2bcfe6f1ca240cb8227593afcc68a14617a;oecd_us_cpi_index=c51e3cf6d34d5463d75bf3382688de72401e5b92f5e289391de8cc1c20f835f1
2024-01,101.43039979734667,-6.5063512,130.1244,86.75787283937524,downloaded_2026-07-31_ex_post,,"https://www.eia.gov/opendata/bulk/INTL.zip;https://www.dallasfed.org/-/media/documents/research/igrea/igrea.xlsx;https://sdmx.oecd.org/public/rest/data/OECD.SDD.TPS,DSD_G20_PRICES@DF_G20_PRICES,1.0/USA.M...IX...?startPeriod=2010-01&endPeriod=2026-06&dimensionAtObservation=AllDimensions&format=csvfile",eia=eb3a40e41512132c339958d7282699cc8131fd5e63e3328c74f19b127e2757df;igrea=89c0901c6924f38f877ce54839dbc2bcfe6f1ca240cb8227593afcc68a14617a;oecd_us_cpi_index=c51e3cf6d34d5463d75bf3382688de72401e5b92f5e289391de8cc1c20f835f1
2024-02,102.6782331265946,19.909205,130.9299,89.83347818219993,downloaded_2026-07-31_ex_post,,"https://www.eia.gov/opendata/bulk/INTL.zip;https://www.dallasfed.org/-/media/documents/research/igrea/igrea.xlsx;https://sdmx.oecd.org/public/rest/data/OECD.SDD.TPS,DSD_G20_PRICES@DF_G20_PRICES,1.0/USA.M...IX...?startPeriod=2010-01&endPeriod=2026-06&dimensionAtObservation=AllDimensions&format=csvfile",eia=eb3a40e41512132c339958d7282699cc8131fd5e63e3328c74f19b127e2757df;igrea=89c0901c6924f38f877ce54839dbc2bcfe6f1ca240cb8227593afcc68a14617a;oecd_us_cpi_index=c51e3cf6d34d5463d75bf3382688de72401e5b92f5e289391de8cc1c20f835f1
2024-03,103.49306131452788,25.251026,131.7762,91.3205745206646,downloaded_2026-07-31_ex_post,,"https://www.eia.gov/opendata/bulk/INTL.zip;https://www.dallasfed.org/-/media/documents/research/igrea/igrea.xlsx;https://sdmx.oecd.org/public/rest/data/OECD.SDD.TPS,DSD_G20_PRICES@DF_G20_PRICES,1.0/USA.M...IX...?startPeriod=2010-01&endPeriod=2026-06&dimensionAtObservation=AllDimensions&format=csvfile",eia=eb3a40e41512132c339958d7282699cc8131fd5e63e3328c74f19b127e2757df;igrea=89c0901c6924f38f877ce54839dbc2bcfe6f1ca240cb8227593afcc68a14617a;oecd_us_cpi_index=c51e3cf6d34d5463d75bf3382688de72401e5b92f5e289391de8cc1c20f835f1
2024-04,103.3841557417334,-0.2649218,132.2892,95.7908033992769,downloaded_2026-07-31_ex_post,,"https://www.eia.gov/opendata/bulk/INTL.zip;https://www.dallasfed.org/-/media/documents/research/igrea/igrea.xlsx;https://sdmx.oecd.org/public/rest/data/OECD.SDD.TPS,DSD_G20_PRICES@DF_G20_PRICES,1.0/USA.M...IX...?startPeriod=2010-01&endPeriod=2026-06&dimensionAtObservation=AllDimensions&format=csvfile",eia=eb3a40e41512132c339958d7282699cc8131fd5e63e3328c74f19b127e2757df;igrea=89c0901c6924f38f877ce54839dbc2bcfe6f1ca240cb8227593afcc68a14617a;oecd_us_cpi_index=c51e3cf6d34d5463d75bf3382688de72401e5b92f5e289391de8cc1c20f835f1
2024-05,102.98551728685379,8.9040421,132.5091,86.92132518517776,downloaded_2026-07-31_ex_post,,"https://www.eia.gov/opendata/bulk/INTL.zip;https://www.dallasfed.org/-/media/documents/research/igrea/igrea.xlsx;https://sdmx.oecd.org/public/rest/data/OECD.SDD.TPS,DSD_G20_PRICES@DF_G20_PRICES,1.0/USA.M...IX...?startPeriod=2010-01&endPeriod=2026-06&dimensionAtObservation=AllDimensions&format=csvfile",eia=eb3a40e41512132c339958d7282699cc8131fd5e63e3328c74f19b127e2757df;igrea=89c0901c6924f38f877ce54839dbc2bcfe6f1ca240cb8227593afcc68a14617a;oecd_us_cpi_index=c51e3cf6d34d5463d75bf3382688de72401e5b92f5e289391de8cc1c20f835f1
2024-06,102.99288394009587,10.526182,132.5538,87.42328536337699,downloaded_2026-07-31_ex_post,,"https://www.eia.gov/opendata/bulk/INTL.zip;https://www.dallasfed.org/-/media/documents/research/igrea/igrea.xlsx;https://sdmx.oecd.org/public/rest/data/OECD.SDD.TPS,DSD_G20_PRICES@DF_G20_PRICES,1.0/USA.M...IX...?startPeriod=2010-01&endPeriod=2026-06&dimensionAtObservation=AllDimensions&format=csvfile",eia=eb3a40e41512132c339958d7282699cc8131fd5e63e3328c74f19b127e2757df;igrea=89c0901c6924f38f877ce54839dbc2bcfe6f1ca240cb8227593afcc68a14617a;oecd_us_cpi_index=c51e3cf6d34d5463d75bf3382688de72401e5b92f5e289391de8cc1c20f835f1
2024-07,103.10731525030586,10.680135,132.7078,90.40828801845598,downloaded_2026-07-31_ex_post,,"https://www.eia.gov/opendata/bulk/INTL.zip;https://www.dallasfed.org/-/media/documents/research/igrea/igrea.xlsx;https://sdmx.oecd.org/public/rest/data/OECD.SDD.TPS,DSD_G20_PRICES@DF_G20_PRICES,1.0/USA.M...IX...?startPeriod=2010-01&endPeriod=2026-06&dimensionAtObservation=AllDimensions&format=csvfile",eia=eb3a40e41512132c339958d7282699cc8131fd5e63e3328c74f19b127e2757df;igrea=89c0901c6924f38f877ce54839dbc2bcfe6f1ca240cb8227593afcc68a14617a;oecd_us_cpi_index=c51e3cf6d34d5463d75bf3382688de72401e5b92f5e289391de8cc1c20f835f1
2024-08,103.4712530585484,-0.80440555,132.8158,85.24501077145226,downloaded_2026-07-31_ex_post,,"https://www.eia.gov/opendata/bulk/INTL.zip;https://www.dallasfed.org/-/media/documents/research/igrea/igrea.xlsx;https://sdmx.oecd.org/public/rest/data/OECD.SDD.TPS,DSD_G20_PRICES@DF_G20_PRICES,1.0/USA.M...IX...?startPeriod=2010-01&endPeriod=2026-06&dimensionAtObservation=AllDimensions&format=csvfile",eia=eb3a40e41512132c339958d7282699cc8131fd5e63e3328c74f19b127e2757df;igrea=89c0901c6924f38f877ce54839dbc2bcfe6f1ca240cb8227593afcc68a14617a;oecd_us_cpi_index=c51e3cf6d34d5463d75bf3382688de72401e5b92f5e289391de8cc1c20f835f1
2024-09,102.3156796797047,12.697667,133.0289,78.39494198879592,downloaded_2026-07-31_ex_post,,"https://www.eia.gov/opendata/bulk/INTL.zip;https://www.dallasfed.org/-/media/documents/research/igrea/igrea.xlsx;https://sdmx.oecd.org/public/rest/data/OECD.SDD.TPS,DSD_G20_PRICES@DF_G20_PRICES,1.0/USA.M...IX...?startPeriod=2010-01&endPeriod=2026-06&dimensionAtObservation=AllDimensions&format=csvfile",eia=eb3a40e41512132c339958d7282699cc8131fd5e63e3328c74f19b127e2757df;igrea=89c0901c6924f38f877ce54839dbc2bcfe6f1ca240cb8227593afcc68a14617a;oecd_us_cpi_index=c51e3cf6d34d5463d75bf3382688de72401e5b92f5e289391de8cc1c20f835f1
2024-10,103.66501576044686,-3.8686751,133.182,80.01438435178274,downloaded_2026-07-31_ex_post,,"https://www.eia.gov/opendata/bulk/INTL.zip;https://www.dallasfed.org/-/media/documents/research/igrea/igrea.xlsx;https://sdmx.oecd.org/public/rest/data/OECD.SDD.TPS,DSD_G20_PRICES@DF_G20_PRICES,1.0/USA.M...IX...?startPeriod=2010-01&endPeriod=2026-06&dimensionAtObservation=AllDimensions&format=csvfile",eia=eb3a40e41512132c339958d7282699cc8131fd5e63e3328c74f19b127e2757df;igrea=89c0901c6924f38f877ce54839dbc2bcfe6f1ca240cb8227593afcc68a14617a;oecd_us_cpi_index=c51e3cf6d34d5463d75bf3382688de72401e5b92f5e289391de8cc1c20f835f1
2024-11,103.76108063935158,-11.911229,133.1099,78.69503262055676,downloaded_2026-07-31_ex_post,,"https://www.eia.gov/opendata/bulk/INTL.zip;https://www.dallasfed.org/-/media/documents/research/igrea/igrea.xlsx;https://sdmx.oecd.org/public/rest/data/OECD.SDD.TPS,DSD_G20_PRICES@DF_G20_PRICES,1.0/USA.M...IX...?startPeriod=2010-01&endPeriod=2026-06&dimensionAtObservation=AllDimensions&format=csvfile",eia=eb3a40e41512132c339958d7282699cc8131fd5e63e3328c74f19b127e2757df;igrea=89c0901c6924f38f877ce54839dbc2bcfe6f1ca240cb8227593afcc68a14617a;oecd_us_cpi_index=c51e3cf6d34d5463d75bf3382688de72401e5b92f5e289391de8cc1c20f835f1
2024-12,103.6664706067699,-45.82321,133.1571,78.15316228011874,downloaded_2026-07-31_ex_post,,"https://www.eia.gov/opendata/bulk/INTL.zip;https://www.dallasfed.org/-/media/documents/research/igrea/igrea.xlsx;https://sdmx.oecd.org/public/rest/data/OECD.SDD.TPS,DSD_G20_PRICES@DF_G20_PRICES,1.0/USA.M...IX...?startPeriod=2010-01&endPeriod=2026-06&dimensionAtObservation=AllDimensions&format=csvfile",eia=eb3a40e41512132c339958d7282699cc8131fd5e63e3328c74f19b127e2757df;igrea=89c0901c6924f38f877ce54839dbc2bcfe6f1ca240cb8227593afcc68a14617a;oecd_us_cpi_index=c51e3cf6d34d5463d75bf3382688de72401e5b92f5e289391de8cc1c20f835f1
2025-01,102.60335543544208,-62.781144,134.0288,83.33313867989565,downloaded_2026-07-31_ex_post,,"https://www.eia.gov/opendata/bulk/INTL.zip;https://www.dallasfed.org/-/media/documents/research/igrea/igrea.xlsx;https://sdmx.oecd.org/public/rest/data/OECD.SDD.TPS,DSD_G20_PRICES@DF_G20_PRICES,1.0/USA.M...IX...?startPeriod=2010-01&endPeriod=2026-06&dimensionAtObservation=AllDimensions&format=csvfile",eia=eb3a40e41512132c339958d7282699cc8131fd5e63e3328c74f19b127e2757df;igrea=89c0901c6924f38f877ce54839dbc2bcfe6f1ca240cb8227593afcc68a14617a;oecd_us_cpi_index=c51e3cf6d34d5463d75bf3382688de72401e5b92f5e289391de8cc1c20f835f1
2025-02,103.14200623968544,-67.012287,134.6241,78.95358840059099,downloaded_2026-07-31_ex_post,,"https://www.eia.gov/opendata/bulk/INTL.zip;https://www.dallasfed.org/-/media/documents/research/igrea/igrea.xlsx;https://sdmx.oecd.org/public/rest/data/OECD.SDD.TPS,DSD_G20_PRICES@DF_G20_PRICES,1.0/USA.M...IX...?startPeriod=2010-01&endPeriod=2026-06&dimensionAtObservation=AllDimensions&format=csvfile",eia=eb3a40e41512132c339958d7282699cc8131fd5e63e3328c74f19b127e2757df;igrea=89c0901c6924f38f877ce54839dbc2bcfe6f1ca240cb8227593afcc68a14617a;oecd_us_cpi_index=c51e3cf6d34d5463d75bf3382688de72401e5b92f5e289391de8cc1c20f835f1
2025-03,104.58456160849101,-12.793564,134.9266,75.9517162103586,downloaded_2026-07-31_ex_post,,"https://www.eia.gov/opendata/bulk/INTL.zip;https://www.dallasfed.org/-/media/documents/research/igrea/igrea.xlsx;https://sdmx.oecd.org/public/rest/data/OECD.SDD.TPS,DSD_G20_PRICES@DF_G20_PRICES,1.0/USA.M...IX...?startPeriod=2010-01&endPeriod=2026-06&dimensionAtObservation=AllDimensions&format=csvfile",eia=eb3a40e41512132c339958d7282699cc8131fd5e63e3328c74f19b127e2757df;igrea=89c0901c6924f38f877ce54839dbc2bcfe6f1ca240cb8227593afcc68a14617a;oecd_us_cpi_index=c51e3cf6d34d5463d75bf3382688de72401e5b92f5e289391de8cc1c20f835f1
2025-04,104.26607408087878,-24.478141,135.3468,70.92896150887941,downloaded_2026-07-31_ex_post,,"https://www.eia.gov/opendata/bulk/INTL.zip;https://www.dallasfed.org/-/media/documents/research/igrea/igrea.xlsx;https://sdmx.oecd.org/public/rest/data/OECD.SDD.TPS,DSD_G20_PRICES@DF_G20_PRICES,1.0/USA.M...IX...?startPeriod=2010-01&endPeriod=2026-06&dimensionAtObservation=AllDimensions&format=csvfile",eia=eb3a40e41512132c339958d7282699cc8131fd5e63e3328c74f19b127e2757df;igrea=89c0901c6924f38f877ce54839dbc2bcfe6f1ca240cb8227593afcc68a14617a;oecd_us_cpi_index=c51e3cf6d34d5463d75bf3382688de72401e5b92f5e289391de8cc1c20f835f1
2025-05,104.79058938697271,-25.96453,135.6295,66.95661599209612,downloaded_2026-07-31_ex_post,,"https://www.eia.gov/opendata/bulk/INTL.zip;https://www.dallasfed.org/-/media/documents/research/igrea/igrea.xlsx;https://sdmx.oecd.org/public/rest/data/OECD.SDD.TPS,DSD_G20_PRICES@DF_G20_PRICES,1.0/USA.M...IX...?startPeriod=2010-01&endPeriod=2026-06&dimensionAtObservation=AllDimensions&format=csvfile",eia=eb3a40e41512132c339958d7282699cc8131fd5e63e3328c74f19b127e2757df;igrea=89c0901c6924f38f877ce54839dbc2bcfe6f1ca240cb8227593afcc68a14617a;oecd_us_cpi_index=c51e3cf6d34d5463d75bf3382688de72401e5b92f5e289391de8cc1c20f835f1
2025-06,106.01800687956737,-3.2330659,136.0919,73.96778881315457,downloaded_2026-07-31_ex_post,,"https://www.eia.gov/opendata/bulk/INTL.zip;https://www.dallasfed.org/-/media/documents/research/igrea/igrea.xlsx;https://sdmx.oecd.org/public/rest/data/OECD.SDD.TPS,DSD_G20_PRICES@DF_G20_PRICES,1.0/USA.M...IX...?startPeriod=2010-01&endPeriod=2026-06&dimensionAtObservation=AllDimensions&format=csvfile",eia=eb3a40e41512132c339958d7282699cc8131fd5e63e3328c74f19b127e2757df;igrea=89c0901c6924f38f877ce54839dbc2bcfe6f1ca240cb8227593afcc68a14617a;oecd_us_cpi_index=c51e3cf6d34d5463d75bf3382688de72401e5b92f5e289391de8cc1c20f835f1
2025-07,107.03980504346062,4.297202,136.2974,73.43918956538836,downloaded_2026-07-31_ex_post,,"https://www.eia.gov/opendata/bulk/INTL.zip;https://www.dallasfed.org/-/media/documents/research/igrea/igrea.xlsx;https://sdmx.oecd.org/public/rest/data/OECD.SDD.TPS,DSD_G20_PRICES@DF_G20_PRICES,1.0/USA.M...IX...?startPeriod=2010-01&endPeriod=2026-06&dimensionAtObservation=AllDimensions&format=csvfile",eia=eb3a40e41512132c339958d7282699cc8131fd5e63e3328c74f19b127e2757df;igrea=89c0901c6924f38f877ce54839dbc2bcfe6f1ca240cb8227593afcc68a14617a;oecd_us_cpi_index=c51e3cf6d34d5463d75bf3382688de72401e5b92f5e289391de8cc1c20f835f1
2025-08,107.5715376069785,13.601125,136.6889,69.95989047391559,downloaded_2026-07-31_ex_post,,"https://www.eia.gov/opendata/bulk/INTL.zip;https://www.dallasfed.org/-/media/documents/research/igrea/igrea.xlsx;https://sdmx.oecd.org/public/rest/data/OECD.SDD.TPS,DSD_G20_PRICES@DF_G20_PRICES,1.0/USA.M...IX...?startPeriod=2010-01&endPeriod=2026-06&dimensionAtObservation=AllDimensions&format=csvfile",eia=eb3a40e41512132c339958d7282699cc8131fd5e63e3328c74f19b127e2757df;igrea=89c0901c6924f38f877ce54839dbc2bcfe6f1ca240cb8227593afcc68a14617a;oecd_us_cpi_index=c51e3cf6d34d5463d75bf3382688de72401e5b92f5e289391de8cc1c20f835f1
2025-09,108.69124297791089,19.487417,137.0366,69.90109048239667,downloaded_2026-07-31_ex_post,,"https://www.eia.gov/opendata/bulk/INTL.zip;https://www.dallasfed.org/-/media/documents/research/igrea/igrea.xlsx;https://sdmx.oecd.org/public/rest/data/OECD.SDD.TPS,DSD_G20_PRICES@DF_G20_PRICES,1.0/USA.M...IX...?startPeriod=2010-01&endPeriod=2026-06&dimensionAtObservation=AllDimensions&format=csvfile",eia=eb3a40e41512132c339958d7282699cc8131fd5e63e3328c74f19b127e2757df;igrea=89c0901c6924f38f877ce54839dbc2bcfe6f1ca240cb8227593afcc68a14617a;oecd_us_cpi_index=c51e3cf6d34d5463d75bf3382688de72401e5b92f5e289391de8cc1c20f835f1
2025-10,108.38707553362099,13.311319,,,downloaded_2026-07-31_ex_post,,"https://www.eia.gov/opendata/bulk/INTL.zip;https://www.dallasfed.org/-/media/documents/research/igrea/igrea.xlsx;https://sdmx.oecd.org/public/rest/data/OECD.SDD.TPS,DSD_G20_PRICES@DF_G20_PRICES,1.0/USA.M...IX...?startPeriod=2010-01&endPeriod=2026-06&dimensionAtObservation=AllDimensions&format=csvfile",eia=eb3a40e41512132c339958d7282699cc8131fd5e63e3328c74f19b127e2757df;igrea=89c0901c6924f38f877ce54839dbc2bcfe6f1ca240cb8227593afcc68a14617a;oecd_us_cpi_index=c51e3cf6d34d5463d75bf3382688de72401e5b92f5e289391de8cc1c20f835f1
2025-11,108.45803646160789,22.352261,136.7505,65.73184980164606,downloaded_2026-07-31_ex_post,,"https://www.eia.gov/opendata/bulk/INTL.zip;https://www.dallasfed.org/-/media/documents/research/igrea/igrea.xlsx;https://sdmx.oecd.org/public/rest/data/OECD.SDD.TPS,DSD_G20_PRICES@DF_G20_PRICES,1.0/USA.M...IX...?startPeriod=2010-01&endPeriod=2026-06&dimensionAtObservation=AllDimensions&format=csvfile",eia=eb3a40e41512132c339958d7282699cc8131fd5e63e3328c74f19b127e2757df;igrea=89c0901c6924f38f877ce54839dbc2bcfe6f1ca240cb8227593afcc68a14617a;oecd_us_cpi_index=c51e3cf6d34d5463d75bf3382688de72401e5b92f5e289391de8cc1c20f835f1
2025-12,107.79636920184352,29.077012,136.7218,64.4546700975474,downloaded_2026-07-31_ex_post,,"https://www.eia.gov/opendata/bulk/INTL.zip;https://www.dallasfed.org/-/media/documents/research/igrea/igrea.xlsx;https://sdmx.oecd.org/public/rest/data/OECD.SDD.TPS,DSD_G20_PRICES@DF_G20_PRICES,1.0/USA.M...IX...?startPeriod=2010-01&endPeriod=2026-06&dimensionAtObservation=AllDimensions&format=csvfile",eia=eb3a40e41512132c339958d7282699cc8131fd5e63e3328c74f19b127e2757df;igrea=89c0901c6924f38f877ce54839dbc2bcfe6f1ca240cb8227593afcc68a14617a;oecd_us_cpi_index=c51e3cf6d34d5463d75bf3382688de72401e5b92f5e289391de8cc1c20f835f1
2026-01,105.96873731980561,1.5921764,137.2273,68.38388288037784,downloaded_2026-07-31_ex_post,,"https://www.eia.gov/opendata/bulk/INTL.zip;https://www.dallasfed.org/-/media/documents/research/igrea/igrea.xlsx;https://sdmx.oecd.org/public/rest/data/OECD.SDD.TPS,DSD_G20_PRICES@DF_G20_PRICES,1.0/USA.M...IX...?startPeriod=2010-01&endPeriod=2026-06&dimensionAtObservation=AllDimensions&format=csvfile",eia=eb3a40e41512132c339958d7282699cc8131fd5e63e3328c74f19b127e2757df;igrea=89c0901c6924f38f877ce54839dbc2bcfe6f1ca240cb8227593afcc68a14617a;oecd_us_cpi_index=c51e3cf6d34d5463d75bf3382688de72401e5b92f5e289391de8cc1c20f835f1
2026-02,108.69197375194952,15.342417,137.8741,72.44166552891369,downloaded_2026-07-31_ex_post,,"https://www.eia.gov/opendata/bulk/INTL.zip;https://www.dallasfed.org/-/media/documents/research/igrea/igrea.xlsx;https://sdmx.oecd.org/public/rest/data/OECD.SDD.TPS,DSD_G20_PRICES@DF_G20_PRICES,1.0/USA.M...IX...?startPeriod=2010-01&endPeriod=2026-06&dimensionAtObservation=AllDimensions&format=csvfile",eia=eb3a40e41512132c339958d7282699cc8131fd5e63e3328c74f19b127e2757df;igrea=89c0901c6924f38f877ce54839dbc2bcfe6f1ca240cb8227593afcc68a14617a;oecd_us_cpi_index=c51e3cf6d34d5463d75bf3382688de72401e5b92f5e289391de8cc1c20f835f1
2026-03,97.37293687044087,14.940091,139.3204,104.30231948802903,downloaded_2026-07-31_ex_post,,"https://www.eia.gov/opendata/bulk/INTL.zip;https://www.dallasfed.org/-/media/documents/research/igrea/igrea.xlsx;https://sdmx.oecd.org/public/rest/data/OECD.SDD.TPS,DSD_G20_PRICES@DF_G20_PRICES,1.0/USA.M...IX...?startPeriod=2010-01&endPeriod=2026-06&dimensionAtObservation=AllDimensions&format=csvfile",eia=eb3a40e41512132c339958d7282699cc8131fd5e63e3328c74f19b127e2757df;igrea=89c0901c6924f38f877ce54839dbc2bcfe6f1ca240cb8227593afcc68a14617a;oecd_us_cpi_index=c51e3cf6d34d5463d75bf3382688de72401e5b92f5e289391de8cc1c20f835f1
2026-04,,32.152796,140.5047,117.61572706286691,downloaded_2026-07-31_ex_post,,"https://www.eia.gov/opendata/bulk/INTL.zip;https://www.dallasfed.org/-/media/documents/research/igrea/igrea.xlsx;https://sdmx.oecd.org/public/rest/data/OECD.SDD.TPS,DSD_G20_PRICES@DF_G20_PRICES,1.0/USA.M...IX...?startPeriod=2010-01&endPeriod=2026-06&dimensionAtObservation=AllDimensions&format=csvfile",eia=eb3a40e41512132c339958d7282699cc8131fd5e63e3328c74f19b127e2757df;igrea=89c0901c6924f38f877ce54839dbc2bcfe6f1ca240cb8227593afcc68a14617a;oecd_us_cpi_index=c51e3cf6d34d5463d75bf3382688de72401e5b92f5e289391de8cc1c20f835f1
2026-05,,54.005239,141.392,106.76507050759963,downloaded_2026-07-31_ex_post,,"https://www.eia.gov/opendata/bulk/INTL.zip;https://www.dallasfed.org/-/media/documents/research/igrea/igrea.xlsx;https://sdmx.oecd.org/public/rest/data/OECD.SDD.TPS,DSD_G20_PRICES@DF_G20_PRICES,1.0/USA.M...IX...?startPeriod=2010-01&endPeriod=2026-06&dimensionAtObservation=AllDimensions&format=csvfile",eia=eb3a40e41512132c339958d7282699cc8131fd5e63e3328c74f19b127e2757df;igrea=89c0901c6924f38f877ce54839dbc2bcfe6f1ca240cb8227593afcc68a14617a;oecd_us_cpi_index=c51e3cf6d34d5463d75bf3382688de72401e5b92f5e289391de8cc1c20f835f1
2026-06,,45.177878,140.8979,85.3990909090909,downloaded_2026-07-31_ex_post,,"https://www.eia.gov/opendata/bulk/INTL.zip;https://www.dallasfed.org/-/media/documents/research/igrea/igrea.xlsx;https://sdmx.oecd.org/public/rest/data/OECD.SDD.TPS,DSD_G20_PRICES@DF_G20_PRICES,1.0/USA.M...IX...?startPeriod=2010-01&endPeriod=2026-06&dimensionAtObservation=AllDimensions&format=csvfile",eia=eb3a40e41512132c339958d7282699cc8131fd5e63e3328c74f19b127e2757df;igrea=89c0901c6924f38f877ce54839dbc2bcfe6f1ca240cb8227593afcc68a14617a;oecd_us_cpi_index=c51e3cf6d34d5463d75bf3382688de72401e5b92f5e289391de8cc1c20f835f1
