date,brent_usd_bbl,wti_usd_bbl,usd_broad_index,cny_per_usd,jpy_per_usd,krw_per_usd,eur_per_usd,brent_usd_bbl_log_return,wti_usd_bbl_log_return,usd_broad_index_log_return,cny_per_usd_log_return,war_stage,war_on,stage_E1,stage_E2,stage_E3
2010-01-01,,,,,,,,,,,,prewar,0,0,0,0
2010-01-04,79.05,81.52,92.3566,6.8273,92.55,1149.0,0.6935293709688606,,,,,prewar,0,0,0,0
2010-01-05,79.27,81.74,92.2236,6.8258,91.48,1138.2,0.6943480072212194,0.002779183193583279,0.0026950892216621725,-0.001441108233903421,-0.00021973031854094494,prewar,0,0,0,0
2010-01-06,80.14,83.12,92.0941,6.8272,92.53,1130.0,0.6942515967786727,0.010915358358934313,0.016741868654840175,-0.0014051826960574942,0.00020508313263123412,prewar,0,0,0,0
2010-01-07,80.57,82.6,92.3684,6.828,93.31,1135.0,0.698616738857063,0.00535126658110574,-0.0062756662640390815,0.0029740484074656237,0.00011717148059564586,prewar,0,0,0,0
2010-01-08,80.06,82.74,92.1485,6.8274,92.7,1127.75,0.6965243435258063,-0.006350018224677179,0.0016934805063328895,-0.002383522637845914,-8.787732331327902e-05,prewar,0,0,0,0
2010-01-11,80.14,82.54,91.5997,6.8263,91.9,1120.0,0.6879471656576774,0.0009987516435714383,-0.002420136708829901,-0.005973409609874025,-0.00016112848566751659,prewar,0,0,0,0
2010-01-12,79.38,80.79,91.7005,6.8267,90.95,1120.25,0.6885629690835228,-0.009528657853079103,-0.021429828832818743,0.001099835244707137,5.85951805629481e-05,prewar,0,0,0,0
2010-01-13,77.57,79.66,91.7272,6.8295,91.38,1122.0,0.690035881865857,-0.023065692852139108,-0.014085617738119005,0.0002911228804434174,0.00041007015703309335,prewar,0,0,0,0
2010-01-14,77.61,79.35,91.5864,6.8265,91.03,1122.5,0.6907031357922365,0.0005155303632671249,-0.0038991307810798403,-0.0015361656493393383,-0.0004393673181402047,prewar,0,0,0,0
2010-01-15,76.85,77.96,91.7668,6.8269,90.79,1123.0,0.6956037840845855,-0.009840814881442839,-0.01767257233305841,0.0019677873984402794,5.859346391590137e-05,prewar,0,0,0,0
2010-01-18,,,,,,,,,,,,prewar,0,0,0,0
2010-01-19,75.18,78.98,91.9611,6.8268,91.13,1129.3,0.7008199593524423,,,,,prewar,0,0,0,0
2010-01-20,75.09,77.42,92.6766,6.8258,91.23,1133.5,0.7095217823187172,-0.0011978440242392807,-0.01994951070900175,0.007750351976311798,-0.00014649224349772005,prewar,0,0,0,0
2010-01-21,74.13,75.84,92.6627,6.8268,90.25,1141.0,0.7089181908407769,-0.012867085443164505,-0.020619287202735315,-0.00014999517130043216,0.00014649224349772005,prewar,0,0,0,0
2010-01-22,72.73,74.25,92.943,6.827,90.07,1153.0,0.7065140596297866,-0.019066354502179195,-0.021188080263957687,0.003020383674547489,2.9295873678281126e-05,prewar,0,0,0,0
2010-01-25,72.18,74.9,92.9099,6.8268,90.12,1146.0,0.7069136151562279,-0.0075909549518060615,0.00871611284036522,-0.00035619568325273576,-2.9295873678281126e-05,prewar,0,0,0,0
2010-01-26,72.63,74.67,93.3298,6.8263,89.63,1163.1,0.7110858280594468,0.006215060403433448,-0.0030754854755636885,0.004509250299449263,-7.324343925163568e-05,prewar,0,0,0,0
2010-01-27,72.75,73.64,93.2835,6.8268,89.41,1162.0,0.7115918309257809,0.0016508464335256434,-0.013890048682733358,-0.000496213302588977,7.324343925163568e-05,prewar,0,0,0,0
2010-01-28,70.65,73.62,93.2635,6.8267,90.08,1151.4,0.7146430358036161,-0.02929079692106562,-0.00027162841400230064,-0.00021442317567821334,-1.4648258688687577e-05,prewar,0,0,0,0
2010-01-29,71.2,72.85,93.7638,6.8268,90.38,1158.7,0.7209805335255948,0.007754709287393524,-0.010514195309661467,0.005350033854247371,1.4648258688687577e-05,prewar,0,0,0,0
2010-02-01,71.58,74.41,93.7321,6.826,90.8,1165.75,0.7192174913693901,0.005322886919949532,0.021187808767956007,-0.0003381407305660389,-0.00011719207794969044,prewar,0,0,0,0
2010-02-02,73.94,77.21,93.4136,6.827,90.39,1158.95,0.7165890361877464,0.0324382481706067,0.036938640911555076,-0.003403768374075078,0.00014648795162797157,prewar,0,0,0,0
2010-02-03,75.77,76.96,93.6268,6.826,91.11,1148.1,0.7190623427051125,0.024448482434795693,-0.0032431759632736146,0.0022797223737303085,-0.00014648795162797157,prewar,0,0,0,0
2010-02-04,71.3,73.13,94.1401,6.828,89.11,1145.9,0.726797005596337,-0.06080610852303181,-0.05104712707459136,0.005467430933395967,0.00029295444767885037,prewar,0,0,0,0
2010-02-05,70.11,71.15,94.6218,6.8275,89.25,1168.95,0.7348618459729571,-0.016830890201373627,-0.027448354746997694,0.005103795264179922,-7.323056647123849e-05,prewar,0,0,0,0
2010-02-08,69.62,71.87,,6.8265,89.32,1170.0,0.7299802905321557,-0.007013554835583413,0.010068606944489744,,-0.00014647722305372035,prewar,0,0,0,0
2010-02-09,70.4,73.71,,6.8267,89.45,1158.0,0.7249003262051468,0.011141380780704147,0.02527954372084551,,2.9297161107111336e-05,prewar,0,0,0,0
2010-02-10,70.4,74.48,,6.828,89.88,1161.0,0.7287567409998542,0.0,0.010392157767614485,,0.0001904106284178475,prewar,0,0,0,0
2010-02-11,72.35,75.23,,6.8328,89.82,1156.2,0.7331378299120234,0.027322189913495443,0.010019454603318323,,0.0007027407176063427,prewar,0,0,0,0
2010-02-12,71.49,74.11,93.9976,6.8326,90.0,1151.0,0.7339449541284403,-0.011957873298732657,-0.01499961160886265,,-2.9271005607567346e-05,prewar,0,0,0,0
2010-02-15,,,,,,,,,,,,prewar,0,0,0,0
2010-02-16,74.82,76.98,93.482,6.8326,90.46,1147.0,0.7276961141027506,,,,,prewar,0,0,0,0
2010-02-17,74.89,77.27,93.7171,6.8326,90.79,1144.0,0.7340527049842178,0.0009351413412757026,0.0037601340898927305,0.002511765533093957,0.0,prewar,0,0,0,0
2010-02-18,76.61,78.97,93.8752,6.833,91.43,1144.2,0.737300007373,0.022707246267454018,0.021762251563997026,0.0016855706490312983,5.854115444825503e-05,prewar,0,0,0,0
2010-02-19,76.88,79.77,93.9569,6.829,91.94,1153.0,0.7386615452799528,0.0035181481333070863,0.010079460413548347,0.0008699259088560396,-0.000585565819688938,prewar,0,0,0,0
2010-02-22,76.95,80.04,93.7402,6.8264,91.11,1149.2,0.7358351729212657,0.0009100956228511592,0.003379015792494222,-0.002309040430364284,-0.00038080173871435363,prewar,0,0,0,0
2010-02-23,76.44,78.61,93.9794,6.8267,90.04,1155.0,0.7387161113983897,-0.0066497409128158935,-0.018027591909866914,0.0025484832639994792,4.394606353841368e-05,prewar,0,0,0,0
2010-02-24,77.0,79.75,93.9775,6.8269,90.06,1156.0,0.7365939893930465,0.0072993024816119245,0.014397823859288117,-2.0217400904520844e-05,2.929630280879003e-05,prewar,0,0,0,0
2010-02-25,74.38,77.99,94.3797,6.8267,88.85,1166.2,0.7420599584446423,-0.03461833335676001,-0.022316128322547257,0.004270615737355321,-2.929630280879003e-05,prewar,0,0,0,0
2010-02-26,76.36,79.72,93.6602,6.8258,88.84,1159.0,0.7320644216691068,0.02627191036062282,0.02193988200218744,-0.007652668517230232,-0.00013184398480903248,prewar,0,0,0,0
2010-03-01,76.07,78.71,93.7979,6.8263,89.28,1153.0,0.7398638650488311,-0.0038050298483369716,-0.012750283190235301,0.0014691285654437891,7.324880424608438e-05,prewar,0,0,0,0
2010-03-02,77.5,79.62,93.488,6.8265,88.95,1147.0,0.7372456502506635,0.01862396735009142,0.011495105417813178,-0.0033093818897800276,2.9298019455836766e-05,prewar,0,0,0,0
2010-03-03,78.66,80.91,92.9861,6.8258,88.43,1141.0,0.728279076542131,0.014856830644362162,0.016072108247576544,-0.005383066195029151,-0.00010254682370192114,prewar,0,0,0,0
2010-03-04,77.88,80.21,93.4079,6.8258,89.02,1145.5,0.7368653746960431,-0.009965586499665058,-0.008689230440914741,0.004525904481965881,0.0,prewar,0,0,0,0
2010-03-05,79.2,81.5,93.2623,6.826,90.32,1139.5,0.7348618459729571,0.016807118316381597,0.015954824867983497,-0.0015599707883380276,2.930016554802961e-05,prewar,0,0,0,0
2010-03-08,78.94,81.85,93.2446,6.8261,90.3,1131.5,0.7345919341805627,-0.0032882285856787874,0.004285283570326648,-0.00018980531072188,1.46497608428664e-05,prewar,0,0,0,0
2010-03-09,78.77,81.5,93.1941,6.8263,89.89,1135.15,0.7360518180479906,-0.002155856519468813,-0.004285283570326648,-0.0005417330332706527,2.9298877855188366e-05,prewar,0,0,0,0
2010-03-10,80.29,82.07,93.0426,6.8259,90.62,1128.1,0.732171621027969,0.019112866481360236,0.006969521394803557,-0.0016269621768261189,-5.859861415968837e-05,prewar,0,0,0,0
2010-03-11,79.44,82.1,93.0533,6.8266,90.6,1133.43,0.7313149041977476,-0.010643060459675446,0.0003654748167623012,0.00011499447340579394,0.00010254532145959061,prewar,0,0,0,0
2010-03-12,79.38,81.26,92.6616,6.8254,90.46,1128.33,0.7271140841998109,-0.0007555723819976379,-0.01028412589880201,-0.004218299994533048,-0.00017579841826687037,prewar,0,0,0,0
2010-03-15,77.08,79.79,92.9642,6.8259,90.45,1134.5,0.732493407559332,-0.029402603808754257,-0.018255707239391405,0.003260325537140396,7.325309680727976e-05,prewar,0,0,0,0
2010-03-16,79.45,81.75,92.595,6.8257,90.43,1133.0,0.7268498328245385,0.030284049436559712,0.024267626457173286,-0.003979328291904949,-2.9300594803993718e-05,prewar,0,0,0,0
2010-03-17,80.28,82.93,92.4446,6.8259,90.42,1128.0,0.7278550112817527,0.010392630945412762,0.014331068685749848,-0.0016255983380881744,2.9300594803993718e-05,prewar,0,0,0,0
2010-03-18,80.09,82.16,92.7451,6.8261,90.46,1131.5,0.7351319561861354,-0.002369521592546775,-0.009328312842809439,0.0032453237274205904,2.92997363045e-05,prewar,0,0,0,0
2010-03-19,78.37,80.58,93.0407,6.8265,90.5,1133.58,0.7390983000739099,-0.02170980127081812,-0.019418085857101808,0.0031821619245482324,5.859689731102513e-05,prewar,0,0,0,0
2010-03-22,78.09,81.26,93.1333,6.8266,90.02,1135.5,0.7390436774813391,-0.003579193390189417,0.008403410796379518,0.0009947684170308335,1.4648687844065478e-05,prewar,0,0,0,0
2010-03-23,79.17,81.68,93.006,6.8263,90.24,1136.8,0.7388252678241596,0.013735431508759,0.0051552832968297935,-0.0013677930436681862,-4.3946707299902243e-05,prewar,0,0,0,0
2010-03-24,78.03,80.29,93.6468,6.8266,91.89,1137.0,0.749232037161909,-0.014504071054672885,-0.01716409365981786,0.006866251323985217,4.3946707299902243e-05,prewar,0,0,0,0
2010-03-25,78.64,80.25,93.5885,6.827,92.69,1142.3,0.749400479616307,0.007787107710241159,-0.0004983181864677277,-0.0006227458378216255,5.859260563001456e-05,prewar,0,0,0,0
2010-03-26,77.98,79.75,93.6873,6.8269,92.56,1138.0,0.7463800567248843,-0.00842809228445951,-0.006250020345171414,0.001055128416656892,-1.4647829558178671e-05,prewar,0,0,0,0
2010-03-29,79.89,81.92,93.2959,6.8264,92.65,1135.0,0.7426661715558857,0.024198304939499593,0.0268464196262439,-0.004186478482121281,-7.324236634720371e-05,prewar,0,0,0,0
2010-03-30,79.46,82.14,93.2627,6.8258,92.89,1131.0,0.7457677679170707,-0.005396938107498528,0.002681947237214821,-0.00035592034192521993,-8.78979212706188e-05,prewar,0,0,0,0
2010-03-31,80.37,83.45,92.8987,6.8258,93.4,1131.2,0.739316871211001,0.011387221838174533,0.01582254157943197,-0.003910590099546418,0.0,prewar,0,0,0,0
2010-04-01,82.63,84.53,92.6661,6.8263,93.83,1126.3,0.7369739848183359,0.027731838488466387,0.012858850832992097,-0.002506942284523639,7.324880424608438e-05,prewar,0,0,0,0
2010-04-02,,,92.9057,6.8255,94.51,1125.9,0.7414547341884777,,,0.002582290338749793,-0.00011720066231801773,prewar,0,0,0,0
2010-04-05,84.48,86.36,92.6644,6.8256,94.28,1122.8,0.7415097137772505,,,-0.0026006359429544545,1.4650833998874901e-05,prewar,0,0,0,0
2010-04-06,85.05,86.54,92.7373,6.825,93.81,1123.9,0.7474958887726117,0.006724498883919239,0.0020821291501320616,0.0007864005967253007,-8.790822387072517e-05,prewar,0,0,0,0
2010-04-07,84.49,85.64,92.7452,6.8254,93.59,1120.0,0.7482789583956899,-0.006606134677117126,-0.01045427107525665,8.518323836170794e-05,5.860634122289987e-05,prewar,0,0,0,0
2010-04-08,82.63,85.17,92.7211,6.824,93.16,1123.0,0.748502994011976,-0.022260373451659987,-0.0055032045684919595,-0.0002598854900925929,-0.0002051372228684123,prewar,0,0,0,0
2010-04-09,82.77,84.6,92.4772,6.8229,93.28,1117.0,0.7425007425007425,0.0016928661842108284,-0.0067149925408118705,-0.002633934987599673,-0.00016120877303738013,prewar,0,0,0,0
2010-04-12,85.21,84.07,92.243,6.8252,93.21,1114.0,0.7359976448075366,0.029053120942560184,-0.006284481464972735,-0.002535728366368062,0.00033704325463213003,prewar,0,0,0,0
2010-04-13,83.44,83.8,92.2689,6.8255,92.78,1123.7,0.7357268981753973,-0.020990987147347262,-0.0032167776591682795,0.00028074070203754076,4.3953789922612785e-05,prewar,0,0,0,0
2010-04-14,85.81,85.62,91.9297,6.8258,93.01,1111.5,0.7317430118542367,0.028007739126512554,0.021485893228763153,-0.00368298546698842,4.395185807193336e-05,prewar,0,0,0,0
2010-04-15,86.9,85.25,92.2029,6.826,93.04,1107.0,0.7385524372230428,0.012622482452316675,-0.0043307845531739275,0.002967428912369563,2.930016554802961e-05,prewar,0,0,0,0
2010-04-16,84.81,82.97,92.5253,6.8253,92.03,1110.0,0.7414547341884777,-0.02434457189773731,-0.027109019487432384,0.0034905372037341564,-0.00010255433557437854,prewar,0,0,0,0
2010-04-19,83.09,81.52,92.8577,6.8262,92.18,1118.1,0.7430524595036408,-0.020489102696719108,-0.017630707761724373,0.003586093182478045,0.00013185364264778343,prewar,0,0,0,0
2010-04-20,84.73,82.98,92.4338,6.8253,93.28,1117.8,0.7437156031533542,0.019545372533483096,0.017751225990252806,-0.0045755011917547606,-0.00013185364264778343,prewar,0,0,0,0
2010-04-21,84.55,82.78,92.4482,6.8275,93.24,1107.6,0.7472166180975864,-0.0021266548657834505,-0.002413128584136004,0.00015577503520169955,0.0003222782167819904,prewar,0,0,0,0
2010-04-22,84.58,82.89,92.7277,6.8263,93.01,1108.2,0.7519927808693037,0.00035475669975326696,0.0013279412828488546,0.0030187536526513625,-0.00017577524250955712,prewar,0,0,0,0
2010-04-23,86.09,84.34,92.6622,6.827,94.18,1108.5,0.748502994011976,0.01769542862552065,0.017341820714978695,-0.0007066188905158199,0.0001025393129299168,prewar,0,0,0,0
2010-04-26,86.72,84.2,92.5187,6.8266,94.06,1104.0,0.7498500299940013,0.007291277021472808,-0.0016613270701322236,-0.0015498361734263,-5.859260563001456e-05,prewar,0,0,0,0
2010-04-27,85.59,82.43,93.0956,6.8256,93.01,1110.0,0.7558578987150416,-0.013116083797817701,-0.021245472923145492,0.006216135907991749,-0.00014649653561904508,prewar,0,0,0,0
2010-04-28,84.59,83.22,93.4856,6.8245,94.07,1118.0,0.7616146230007617,-0.011752397577595275,0.009538255229658787,0.004180491582071788,-0.00016117098078116676,prewar,0,0,0,0
2010-04-29,86.82,85.17,92.9013,6.8259,94.16,1114.8,0.7551159102922298,0.02602095355552425,0.023161555598194994,-0.006269774475262224,0.00020512219494062123,prewar,0,0,0,0
2010-04-30,86.19,86.07,92.8423,6.8247,94.24,1108.0,0.7517666516313336,-0.007282848212139648,0.010511659508392945,-0.0006352843595616164,-0.00017581644808140062,prewar,0,0,0,0
2010-05-03,88.09,86.19,93.235,6.8245,94.68,1118.4,0.758552681483729,0.021804857462396576,0.0013932429979250927,0.004220832772291239,-2.9305746859220605e-05,prewar,0,0,0,0
2010-05-04,85.39,82.73,93.8137,6.826,94.58,1115.0,0.7670476336580501,-0.03113002120218944,-0.04097186845721623,0.006187713108166015,0.00021977217040225483,prewar,0,0,0,0
2010-05-05,82.31,80.0,94.3968,6.8263,94.3,1115.0,0.7757951900698216,-0.03673639093496206,-0.03355565852821041,0.006196273487587334,4.3948638698054765e-05,prewar,0,0,0,0
2010-05-06,80.21,77.18,95.3032,6.8265,92.22,1140.9,0.7880841673890772,-0.025844411605719486,-0.035886278564408514,0.009556213998799024,2.9298019455836766e-05,prewar,0,0,0,0
2010-05-07,76.48,75.1,95.2952,6.8254,91.67,1155.3,0.7861017215627703,-0.04761892663568723,-0.027319797339383278,-8.394614020534874e-05,-0.0001611497304228049,prewar,0,0,0,0
2010-05-10,78.08,76.89,94.3096,6.8263,93.39,1131.8,0.7775445144234507,0.020704673361691128,0.023555270273999618,-0.010396454915382769,0.00013185171096696813,prewar,0,0,0,0
2010-05-11,79.0,76.37,94.4305,6.8285,92.83,1133.75,0.7864726700747149,0.011713910362184166,-0.006785880143795886,0.0012811269733985498,0.000322231013128782,prewar,0,0,0,0
2010-05-12,78.7,75.65,94.5515,6.827,92.93,1144.02,0.7910140800506249,-0.0038046970436642624,-0.009472508665927748,0.0012805454120989879,-0.0002196917001988652,prewar,0,0,0,0
2010-05-13,79.41,74.38,94.5071,6.8278,92.7,1129.2,0.795671546785487,0.008981149483762607,-0.016930351737441285,-0.00046969564797727514,0.00011717491298512961,prewar,0,0,0,0
2010-05-14,76.43,71.61,95.3746,6.8263,91.94,1130.0,0.8071025020177562,-0.03824901565232697,-0.037952359478075515,0.009137331672119053,-0.0002197142259150464,prewar,0,0,0,0
2010-05-17,73.87,70.08,95.9795,6.8274,92.08,1152.75,0.8130742336775347,-0.03406849771414677,-0.021597282390712458,0.006322331373241674,0.00016112848566751659,prewar,0,0,0,0
2010-05-18,75.12,69.38,95.6212,6.8273,92.52,1146.0,0.8091924259588931,0.01678004335936123,-0.01003880508653232,-0.0037400742028905754,-1.4646971372656026e-05,prewar,0,0,0,0
2010-05-19,71.86,69.91,96.5083,6.8269,91.16,1163.9,0.8118860112040269,-0.044367053214634744,0.007610058982289836,0.009234462213944639,-5.859003092312243e-05,prewar,0,0,0,0
2010-05-20,69.56,68.28,96.9483,6.8277,90.07,1193.5,0.8084074373484236,-0.03253009219929037,-0.02359180259765381,0.004548831714210166,0.00011717662925536665,prewar,0,0,0,0
2010-05-21,70.45,68.03,96.2911,6.8262,90.21,1193.0,0.7952286282306162,0.012713548858607204,-0.003668113569270659,-0.006801951712358978,-0.00021971744425175466,prewar,0,0,0,0
2010-05-24,69.62,68.23,96.6433,6.8286,90.49,1213.65,0.8060615831049492,-0.011851355961396415,0.0029355664703629714,0.0036509859436835157,0.00035152474217325924,prewar,0,0,0,0
2010-05-25,67.18,64.78,97.5487,6.831,89.89,1250.0,0.8143985666585227,-0.03567629819914586,-0.05188743708414911,0.00932485952659956,0.0003514012159502311,prewar,0,0,0,0
2010-05-26,70.59,71.52,97.1879,6.8292,90.28,1253.2,0.8180628272251309,0.04951290722323343,0.09898021712207594,-0.0037055223603799092,-0.000263539334770746,prewar,0,0,0,0
2010-05-27,73.56,74.56,96.3611,6.8296,90.71,1222.95,0.8084074373484236,0.04121290832874003,0.04162703951207636,-0.008543624914081782,5.8570299018123606e-05,prewar,0,0,0,0
2010-05-28,73.0,74.0,96.3062,6.8305,90.81,1194.5,0.8084727948904519,-0.007641958587729647,-0.007539077173165154,-0.0005698943358405373,0.00013177063144520496,prewar,0,0,0,0
2010-05-31,,,,,,,,,,,,prewar,0,0,0,0
2010-06-01,73.08,72.7,96.6123,6.8275,91.16,1216.0,0.8152616990053808,,,,,prewar,0,0,0,0
2010-06-02,72.78,72.88,96.615,6.8296,92.21,1216.5,0.8192692118630183,-0.004113539325792281,0.0024728684122292677,2.794636161862485e-05,0.000307532348236661,prewar,0,0,0,0
2010-06-03,73.12,74.62,96.461,6.8283,92.33,1198.5,0.8201427048306404,0.004660734961881019,0.023594314841309583,-0.0015952270883756725,-0.000190366015848209,prewar,0,0,0,0
2010-06-04,71.84,71.43,97.1688,6.8268,91.83,1201.5,0.833472245374229,-0.017660503151950557,-0.04369061862613055,0.007310890705920059,-0.00021969813564637342,prewar,0,0,0,0
2010-06-07,71.09,71.55,97.503,6.8322,92.0,1235.61,0.8361903169161301,-0.010494744052552463,0.001678556835578604,0.003433474476699061,0.0007906875000123215,prewar,0,0,0,0
2010-06-08,71.43,71.88,97.3425,6.8294,91.3,1233.99,0.8336807002917882,0.00477126922548976,0.004601555912898014,-0.0016474595133209036,-0.00040990806921681333,prewar,0,0,0,0
2010-06-09,73.68,74.38,96.8938,6.8285,91.54,1247.3,0.8302200083022001,0.031013442780169598,0.03418902658156586,-0.004620153886328637,-0.00013179185691836182,prewar,0,0,0,0
2010-06-10,74.33,75.48,96.4877,6.8305,91.04,1250.4,0.825695648583932,0.008783246790151189,0.014680632003425842,-0.004199994280375208,0.00029284720906264106,prewar,0,0,0,0
2010-06-11,73.28,73.89,96.5616,6.832,91.72,1245.9,0.8280202036929701,-0.01422691837132728,-0.021290219699793944,0.0007656075790976047,0.0002195791408639014,prewar,0,0,0,0
2010-06-14,75.11,74.99,95.8082,6.8323,91.8,1221.2,0.8145312372729494,0.024665985332045004,0.01477727051274158,-0.007832870356946131,4.391004296566692e-05,prewar,0,0,0,0
2010-06-15,75.29,76.84,95.7049,6.8323,91.25,1229.0,0.8112273870365864,0.0023936181641106558,0.024370566587058384,-0.0010787774832952124,0.0,prewar,0,0,0,0
2010-06-16,76.12,77.67,95.5668,6.8323,91.39,1211.0,0.8114907084313885,0.010963718565918157,0.010743744531199972,-0.0014440194131912776,0.0,prewar,0,0,0,0
2010-06-17,77.52,76.82,95.4973,6.829,90.92,1212.8,0.8087343307723414,0.018224925154561866,-0.011004059513797237,-0.0007275045711399031,-0.0004831165502821033,prewar,0,0,0,0
2010-06-18,77.05,77.18,95.2981,6.8267,90.79,1202.55,0.8090614886731392,-0.006081405816385832,0.004675333191713982,-0.0020881014152198674,-0.00033685567517593995,prewar,0,0,0,0
2010-06-21,78.53,77.84,94.8505,6.7968,91.18,1173.6,0.8074283407347599,0.019026155620657903,0.008515081768276644,-0.004707905572072235,-0.0043894811184030935,prewar,0,0,0,0
2010-06-22,78.08,77.15,95.1165,6.8127,90.59,1182.95,0.8128098837681866,-0.00574677528194556,-0.008903859068579045,0.002800488230557896,0.0023366041712227226,prewar,0,0,0,0
2010-06-23,75.22,75.9,95.4853,6.8124,89.82,1187.1,0.8123476848090982,-0.037316789062646905,-0.016334894407585843,0.0038698528582097325,-4.4036374052147664e-05,prewar,0,0,0,0
2010-06-24,75.17,75.96,95.6194,6.8001,89.4,1188.9,0.8138020833333334,-0.0006649378528127414,0.0007902015425003128,0.0014034194031875558,-0.0018071630262603833,prewar,0,0,0,0
2010-06-25,76.21,78.45,95.4582,6.7911,89.35,1215.1,0.810898475510866,0.013740472488648514,0.03225459323495716,-0.001687273005765988,-0.0013243865612306838,prewar,0,0,0,0
2010-06-28,76.66,78.26,95.2696,6.796,89.23,1202.85,0.8119519324455992,0.0058873722743824075,-0.002424862396775751,-0.0019776882182016564,0.0007212724146328231,prewar,0,0,0,0
2010-06-29,74.21,75.93,96.0199,6.7977,88.39,1216.85,0.8205464839583163,-0.032481147970366386,-0.03022475355712384,0.007844694536150776,0.000250115863799083,prewar,0,0,0,0
2010-06-30,74.94,75.59,95.9934,6.7815,88.49,1220.85,0.8136034496786266,0.009788881383498982,-0.004487863921056601,-0.0002760225481068801,-0.002386003252852209,prewar,0,0,0,0
2010-07-01,71.73,72.95,95.8018,6.7807,87.42,1227.0,0.8023106546854942,-0.04377872322719778,-0.03554972433529091,-0.0019979651600960935,-0.00011797495995158336,prewar,0,0,0,0
2010-07-02,71.75,72.06,95.6345,6.7709,87.69,1228.5,0.7951021706289257,0.0002787845013871859,-0.012275169648847672,-0.0017478403269493015,-0.0014463239334612243,prewar,0,0,0,0
2010-07-05,,,,,,,,,,,,prewar,0,0,0,0
2010-07-06,73.08,71.96,95.1069,6.7801,87.55,1222.0,0.7907638779060573,,,,,prewar,0,0,0,0
2010-07-07,72.97,74.05,95.1795,6.777,87.16,1221.55,0.7940289026520565,-0.0015063337322773762,0.02863013163147521,0.0007630603503212541,-0.0004573249520958278,prewar,0,0,0,0
2010-07-08,74.56,75.46,94.7734,6.7763,88.44,1209.4,0.7884569896712135,0.021555772599806566,0.018862173822356887,-0.0042758033039760335,-0.00010329587637292192,prewar,0,0,0,0
2010-07-09,75.2,76.08,94.683,6.772,88.48,1197.5,0.7912018355882585,0.008547060578458776,0.008182703700970073,-0.0009543093488595389,-0.0006347660067140826,prewar,0,0,0,0
2010-07-12,74.35,74.93,94.9598,6.7709,88.53,1203.35,0.7953551260637874,-0.01136755804963041,-0.0152310738609156,0.002919174327359997,-0.0001624467436693866,prewar,0,0,0,0
2010-07-13,76.45,77.16,94.3856,6.772,88.24,1212.5,0.7862253321802029,0.027853259468908043,0.029326843661309,-0.00606512500643408,0.0001624467436693866,prewar,0,0,0,0
2010-07-14,76.63,77.02,94.3247,6.7714,88.59,1201.55,0.7840062720501764,0.0023517126072407635,-0.001816059650765034,-0.0006454337904626684,-8.860404335586658e-05,prewar,0,0,0,0
2010-07-15,75.52,76.67,94.1988,6.7774,87.41,1201.5,0.7756146746296441,-0.01459112314506772,-0.004554630815960081,-0.0013356427046655739,0.0008856873512370633,prewar,0,0,0,0
2010-07-16,75.55,75.96,94.5061,6.775,86.4,1202.5,0.7740537193281214,0.0003971668815037077,-0.009303611626718222,0.003256940033294242,-0.0003541808130056445,prewar,0,0,0,0
2010-07-19,76.29,76.53,94.602,6.778,86.77,1216.0,0.7714263673532361,0.00974717938338987,0.007475934877745338,0.0010142348024313463,0.0004427064190950514,prewar,0,0,0,0
2010-07-20,76.31,77.32,94.542,6.7781,87.22,1206.4,0.7748934521503293,0.00026212319940377427,0.010269833518299798,-0.0006344372754361061,1.4753505802156397e-05,prewar,0,0,0,0
2010-07-21,75.75,76.27,94.4496,6.7769,87.3,1203.5,0.7801529099703541,-0.007365546912063259,-0.013672978163982386,-0.0009778213144100434,-0.00017705643720189457,prewar,0,0,0,0
2010-07-22,77.59,79.01,94.1135,6.7795,87.0,1202.95,0.7750135627373479,0.024000108516379015,0.03529475055849485,-0.003564858192677711,0.00038358266676685737,prewar,0,0,0,0
2010-07-23,77.27,78.68,94.1431,6.7803,87.31,1198.5,0.7767593599502873,-0.004132770960365129,-0.004185433213783618,0.00031446440915150475,0.0001179958407837578,prewar,0,0,0,0
2010-07-26,77.9,78.93,93.7556,6.7788,87.2,1191.0,0.7702380035430948,0.008120170931209536,0.0031723901994524795,-0.004124568710138554,-0.00022125362393077275,prewar,0,0,0,0
2010-07-27,75.52,77.46,93.7583,6.7781,87.88,1181.95,0.7702380035430948,-0.031028431039457516,-0.01879970963370514,2.879786512099969e-05,-0.00010326844641794786,prewar,0,0,0,0
2010-07-28,76.66,77.06,93.7506,6.778,87.62,1185.0,0.7693491306354824,0.014982538115163813,-0.005177334888594842,-8.212943496932468e-05,-1.4753505802156397e-05,prewar,0,0,0,0
2010-07-29,78.6,78.3,93.6004,6.776,86.87,1185.35,0.7654623392529087,0.02499163948275207,0.015963263798746574,-0.0016034078513520456,-0.0002951158351063299,prewar,0,0,0,0
2010-07-30,77.5,78.85,93.2793,6.7735,86.43,1182.0,0.7651694850409366,-0.0140937630758593,0.006999710412289417,-0.0034364386928276147,-0.0003690173110992845,prewar,0,0,0,0
2010-08-02,81.93,81.25,92.7916,6.774,86.42,1172.5,0.7590708972218005,0.055587287794422124,0.02998350780079928,-0.005242099832018177,7.381435692588312e-05,prewar,0,0,0,0
2010-08-03,83.6,82.52,92.6258,6.7728,85.88,1167.2,0.7553440592189742,0.020178295936932322,0.015509866993204113,-0.0017883978978323611,-0.00017716361105768463,prewar,0,0,0,0
2010-08-04,83.76,82.49,92.731,6.772,86.26,1167.25,0.7599939200486395,0.0019120464716255725,-0.0003636143304106554,0.0011351081945267794,-0.00011812651363318771,prewar,0,0,0,0
2010-08-05,82.9,82.0,92.6401,6.7705,85.83,1166.0,0.7600516835144789,-0.010320504421032162,-0.005957826608386618,-0.000980735479111594,-0.00022152483014736823,prewar,0,0,0,0
2010-08-06,81.28,80.67,92.5915,6.768,85.25,1161.0,0.7528986598403855,-0.01973507831107746,-0.016352488315370728,-0.0005247484890826826,-0.0003693171368195358,prewar,0,0,0,0
2010-08-09,81.54,81.46,92.6726,6.767,85.88,1160.0,0.7552299675251114,0.0031937135609352296,0.009745343271383433,0.000875506967408235,-0.00014776505383351513,prewar,0,0,0,0
2010-08-10,79.89,80.24,93.2197,6.772,85.88,1168.6,0.7636502481863306,-0.020443008897156112,-0.015089958566585793,0.005886220996145219,0.0007386070208004192,prewar,0,0,0,0
2010-08-11,77.83,78.09,93.7778,6.7745,85.36,1182.0,0.7752538956508256,-0.026123727522653795,-0.027160135979096722,0.005969081480638572,0.00036909903345971884,prewar,0,0,0,0
2010-08-12,76.63,75.68,93.8905,6.7843,85.83,1185.9,0.77724234416291,-0.015538315988984586,-0.03134808293096025,0.001201055410506413,0.0014455559056159029,prewar,0,0,0,0
2010-08-13,75.14,75.39,94.0457,6.7957,86.2,1183.7,0.7832693663350827,-0.019635604836489406,-0.003839284520013031,0.0016516247032809517,0.0016789400114725073,prewar,0,0,0,0
2010-08-16,74.56,75.17,93.7902,6.8038,85.33,1186.9,0.7789375292101574,-0.007748869768487765,-0.0029224250342325675,-0.0027204613982494408,0.0011912204063131426,prewar,0,0,0,0
2010-08-17,76.74,75.76,93.4239,6.792,85.51,1176.0,0.7757951900698216,0.02881891444147122,0.00781823368844492,-0.003913171790228986,-0.0017358306187040817,prewar,0,0,0,0
2010-08-18,75.1,75.39,93.3719,6.7911,85.31,1174.0,0.7768800497203232,-0.021602526048717152,-0.0048958086542123525,-0.0005567577145013658,-0.00013251761399346584,prewar,0,0,0,0
2010-08-19,74.84,74.45,93.7141,6.7897,85.27,1172.15,0.7789982083041208,-0.0034680573642003054,-0.012546881093592255,0.0036582147421526656,-0.0002061734220308864,prewar,0,0,0,0
2010-08-20,73.48,73.45,94.2087,6.79,85.63,1183.2,0.7882084023015685,-0.018339241058964006,-0.013522856510131298,0.005263875826104325,4.418359758284751e-05,prewar,0,0,0,0
2010-08-23,73.08,72.71,94.3295,6.7995,85.16,1181.6,0.7897022822395957,-0.005458528837118948,-0.010125975957921085,0.001281438101459642,0.0013981384962720167,prewar,0,0,0,0
2010-08-24,70.61,71.24,94.4362,6.7966,84.16,1191.0,0.7889546351084812,-0.03438295398155056,-0.020424468240504368,0.0011305021130834092,-0.00042659292649793734,prewar,0,0,0,0
2010-08-25,70.74,72.07,94.7372,6.7995,84.56,1196.15,0.7903888713246917,0.0018394062490791896,0.011583410514888648,0.003182268268314914,0.00042659292649793734,prewar,0,0,0,0
2010-08-26,74.5,73.36,94.3523,6.7998,84.61,1190.1,0.7863489816780687,0.05178794160817901,0.017740959011859125,-0.004071093652525448,4.41199179439522e-05,prewar,0,0,0,0
2010-08-27,75.16,75.17,94.3462,6.7977,85.1,1195.1,0.7833920877399139,0.008820049159750987,0.024373387241168665,-6.465340214223403e-05,-0.0003088803113360239,prewar,0,0,0,0
2010-08-30,76.05,74.69,94.5922,6.8029,84.67,1191.0,0.7882705344474223,0.011771844160037404,-0.0064060008204025465,0.0026040247933645233,0.0007646721840772752,prewar,0,0,0,0
2010-08-31,75.51,71.93,94.7204,6.8069,84.1,1198.0,0.7871536523929471,-0.007125920889968107,-0.0376527904897106,0.0013543738725978471,0.00058781174082978,prewar,0,0,0,0
2010-09-01,75.53,73.97,94.1148,6.8102,84.48,1184.0,0.7804573480059314,0.0002648305100221293,0.027966181720511685,-0.006414080385636289,0.00048468470740514746,prewar,0,0,0,0
2010-09-02,74.93,74.99,94.0852,6.807,84.15,1178.0,0.7797878976918279,-0.00797558394913711,0.013695165713521362,-0.0003145589824020689,-0.0004699938399823633,prewar,0,0,0,0
2010-09-03,75.03,74.52,93.6952,6.8014,84.45,1173.0,0.7760962359332557,0.001333689181418407,-0.006287225579909794,-0.004153794120739462,-0.0008230211216753158,prewar,0,0,0,0
2010-09-06,,,,,,,,,,,,prewar,0,0,0,0
2010-09-07,75.78,73.98,94.042,6.7906,83.75,1177.0,0.7859781498074354,,,,,prewar,0,0,0,0
2010-09-08,77.48,74.65,93.7785,6.794,83.85,1171.5,0.7857311228097745,0.022185432948340633,0.009015737580891248,-0.0028058723395600893,0.0005005668287609844,prewar,0,0,0,0
2010-09-09,77.87,74.25,93.7033,6.782,83.83,1166.75,0.7869058860560277,0.005020931050099264,-0.005372746302390041,-0.0008022112443217821,-0.0017678260349451858,prewar,0,0,0,0
2010-09-10,77.54,76.4,93.6768,6.769,84.13,1164.85,0.7854842510407667,-0.004246837346111754,0.028544918489665783,-0.0002828475401246422,-0.0019186781769762185,prewar,0,0,0,0
2010-09-13,78.52,77.17,93.0767,6.7595,83.53,1159.0,0.7757951900698216,0.012559437165477583,0.010028084297037054,-0.00642667543527331,-0.0014044427041475238,prewar,0,0,0,0
2010-09-14,78.89,76.78,92.6182,6.743,83.05,1159.5,0.7684032580298141,0.004701107698737772,-0.005066590896860568,-0.004938217815867674,-0.002443993069878081,prewar,0,0,0,0
2010-09-15,78.46,75.92,92.9313,6.738,85.63,1158.0,0.7687576875768758,-0.005465536325591991,-0.011264035270978745,0.003374843879103473,-0.0007417847680837308,prewar,0,0,0,0
2010-09-16,78.89,74.58,92.9108,6.725,85.72,1161.0,0.7645844483523204,0.005465536325591991,-0.017807779550997438,-0.000220617395984668,-0.0019312194964584695,prewar,0,0,0,0
2010-09-17,77.43,73.63,92.9418,6.723,85.77,1160.0,0.7665184730952016,-0.018680174708365804,-0.012819823370049832,0.00033359770363716734,-0.0002974420010031231,prewar,0,0,0,0
2010-09-20,79.42,74.81,92.7496,6.7135,85.74,1160.5,0.764876854826373,0.025375923304473247,0.015899014503688136,-0.002070101993269624,-0.0014140589562738892,prewar,0,0,0,0
2010-09-21,78.76,72.96,92.6684,6.7059,85.36,1160.0,0.761266747868453,-0.008344971932181089,-0.025040220118237144,-0.0008758589262196637,-0.0011326886168616657,prewar,0,0,0,0
2010-09-22,77.29,72.98,92.0647,6.7035,84.37,1150.0,0.7471049682480388,-0.01884067265214462,0.00027408524222582997,-0.006535939137004121,-0.0003579578542853845,prewar,0,0,0,0
2010-09-23,77.69,73.4,92.0233,6.7046,84.32,1150.65,0.749400479616307,0.0051619678435494976,0.005738504612168072,-0.00044978489307290204,0.0001640799222064615,prewar,0,0,0,0
2010-09-24,78.73,74.63,91.5996,6.7035,84.24,1154.2,0.7420599584446423,0.013297728234046069,0.01661863552282572,-0.004614900995162152,-0.0001640799222064615,prewar,0,0,0,0
2010-09-27,77.71,76.51,91.4803,6.6911,84.17,1146.0,0.7421150278293136,-0.013040327975224919,0.024878880100464684,-0.0013032563037853606,-0.0018514929213702125,prewar,0,0,0,0
2010-09-28,79.14,76.15,91.3493,6.6904,83.82,1145.5,0.7362143856290951,0.018234486736127486,-0.004716371902589778,-0.0014330285951302812,-0.00010462205292949278,prewar,0,0,0,0
2010-09-29,78.79,77.85,91.1632,6.6869,83.61,1139.0,0.7332453438920663,-0.004432350699681287,0.022078818938836342,-0.002039313082621952,-0.0005232745142687012,prewar,0,0,0,0
2010-09-30,80.77,79.95,91.3415,6.6905,83.53,1140.1,0.7352400558782441,0.024819524196607823,0.026617540999955835,0.0019539229041916073,0.0005382211919962021,prewar,0,0,0,0
2010-10-01,82.69,81.57,90.836,6.6895,83.3,1130.25,0.7270612185546024,0.02349306627987069,0.020060108032526003,-0.005549546978554254,-0.00014947683136967704,prewar,0,0,0,0
2010-10-04,83.42,81.43,91.0015,6.6912,83.33,1122.25,0.7305669199298656,0.008789413034723914,-0.0017177918334487785,0.0018203070950590927,0.00025409732064063384,prewar,0,0,0,0
2010-10-05,83.35,82.83,90.5622,6.6906,83.17,1129.85,0.7228567297961545,-0.000839479571996371,0.017046559131132177,-0.004839082451466581,-8.967403494342108e-05,prewar,0,0,0,0
2010-10-06,85.01,83.21,90.1411,6.6893,82.8,1117.4,0.7181844297615627,0.0197202874324649,0.004577218302165953,-0.0046606870185668114,-0.00019432133335683943,prewar,0,0,0,0
2010-10-07,83.67,81.34,90.286,6.6903,82.35,1114.0,0.7183391997701315,-0.015888406321760584,-0.02272963243325954,0.001606189216050602,0.00014948130016767536,prewar,0,0,0,0
2010-10-08,83.88,82.66,90.1133,6.671,81.86,1120.7,0.7182360123536594,0.002506715726211972,0.016097908604507438,-0.0019146421605604758,-0.002888942456666488,prewar,0,0,0,0
2010-10-11,83.08,82.18,,,,,,-0.009583207025807283,-0.005823845628322388,,,prewar,0,0,0,0
2010-10-12,82.99,81.67,90.2203,6.6733,81.74,1130.15,0.7222302470027444,-0.001083880397555248,-0.00622522608507925,,,prewar,0,0,0,0
2010-10-13,84.01,83.03,89.7779,6.6634,81.81,1119.0,0.7161271841879118,0.012215720766398874,0.01651525090375472,-0.004915614609688035,-0.0014846254048441754,prewar,0,0,0,0
2010-10-14,83.55,82.71,89.5228,6.6505,81.44,1110.4,0.7109341674960898,-0.005490584335352544,-0.0038614745701242015,-0.002845501128841299,-0.0019378249854367091,prewar,0,0,0,0
2010-10-15,81.94,81.23,89.6815,6.6397,81.32,1109.6,0.7143877696813831,-0.01945798292267753,-0.018055876640952206,0.0017711633201553667,-0.0016252580664426475,prewar,0,0,0,0
2010-10-18,82.3,83.06,89.8484,6.644,81.16,1115.0,0.7154099298898269,0.004383835564298444,0.022278601139744225,0.0018593008527387767,0.0006474100062772159,prewar,0,0,0,0
2010-10-19,81.12,79.57,90.5499,6.6444,81.6,1126.7,0.723222680263253,-0.014441567840150604,-0.042926100813163615,0.0077772743524411325,6.0202883736204527e-05,prewar,0,0,0,0
2010-10-20,81.68,81.93,90.1446,6.6518,81.14,1124.9,0.7168972686214066,0.006879634013537306,0.029228086764280015,-0.004486032277731589,0.001113100098380837,prewar,0,0,0,0
2010-10-21,81.28,80.03,90.138,6.6502,81.16,1128.4,0.7156659271452086,-0.004909190026238797,-0.023463659774768608,-7.321838050788898e-05,-0.00024056532968219635,prewar,0,0,0,0
2010-10-22,80.75,81.15,90.4063,6.6583,81.48,1125.6,0.7192174913693901,-0.006542021727406144,0.013897729581645812,0.0029721259270214517,0.0012172673103916232,prewar,0,0,0,0
2010-10-25,81.91,82.0,89.9328,6.6579,80.61,1115.6,0.7150007150007149,0.014263121424744618,0.01041995330365264,-0.00525123046615672,-6.007719921896637e-05,prewar,0,0,0,0
2010-10-26,82.62,82.6,90.2818,6.6625,81.28,1122.0,0.7208246233691343,0.008630698441108642,0.007290433262679308,0.003873164952127084,0.0006906699773068237,prewar,0,0,0,0
2010-10-27,81.27,81.9,90.8038,6.6805,81.55,1130.0,0.725268349289237,-0.016474837203505288,-0.0085106896679088,0.005765245230482385,0.0026980455548488713,prewar,0,0,0,0
2010-10-28,82.97,82.2,90.2407,6.6867,80.99,1123.0,0.7179266278986287,0.020702151911080158,0.003656311203110718,-0.006220590139954574,0.0009276438513081686,prewar,0,0,0,0
2010-10-29,82.47,81.45,90.0935,6.6707,80.48,1124.0,0.7197351374694113,-0.006044505830929303,-0.009165967014080678,-0.0016325248643065393,-0.002395676950956993,prewar,0,0,0,0
2010-11-01,84.06,82.94,90.0307,6.6892,80.66,1116.73,0.7200460829493087,0.019096238731706627,0.01812811977018125,-0.000697296671347658,0.0027694835776677085,prewar,0,0,0,0
2010-11-02,84.71,83.91,89.6847,6.6775,80.8,1111.0,0.7129616426636247,0.0077028288664884315,0.011627341063743302,-0.003850537321801184,-0.0017506195228516042,prewar,0,0,0,0
2010-11-03,85.33,84.45,89.7079,6.6758,81.41,1109.8,0.7135721421435707,0.007292434105034218,0.006414847371830845,0.0002586505812312012,-0.0002546187098597663,prewar,0,0,0,0
2010-11-04,86.83,86.49,88.9831,6.6609,80.61,1106.53,0.7030371203599549,0.017426091524059828,0.023869157064611457,-0.008112372474887941,-0.0022344367346160965,prewar,0,0,0,0
2010-11-05,87.05,86.85,89.2441,6.655,81.35,1107.7,0.7126060001425212,0.002530482141644086,0.004153692368693562,0.002928847971294779,-0.0008861587104280755,prewar,0,0,0,0
2010-11-08,87.15,87.07,89.5711,6.6791,81.14,1114.0,0.7180297264306742,0.001148105751832773,0.002529900153409592,0.00365741127727226,0.0036147960855827943,prewar,0,0,0,0
2010-11-09,87.93,87.04,89.558,6.6424,81.15,1111.4,0.7212405337179949,0.0089102714248801,-0.00034460973289096586,-0.00014626322605693076,-0.005509903966973928,prewar,0,0,0,0
2010-11-10,87.92,87.77,89.9056,6.6335,82.53,1109.6,0.7284382284382285,-0.00011373329554498213,0.00835197349639305,0.003873770889211592,-0.0013407755908494412,prewar,0,0,0,0
2010-11-11,88.08,87.77,,,,,,0.0018181823190586144,0.0,,,prewar,0,0,0,0
2010-11-12,86.07,84.89,90.1701,6.6368,82.44,1127.2,0.7299270072992701,-0.023084573753041404,-0.03336345585414957,,,prewar,0,0,0,0
2010-11-15,85.49,84.88,90.4331,6.6418,82.9,1134.7,0.7344840249724569,-0.006761508623240431,-0.00011780644414915997,0.0029124642963909153,0.0007530914759554808,prewar,0,0,0,0
2010-11-16,83.98,82.33,91.1102,6.6378,83.41,1129.8,0.7398091292446549,-0.017820734782095116,-0.030502932995392307,0.007459412048184788,-0.0006024278021887763,prewar,0,0,0,0
2010-11-17,83.36,80.43,90.9282,6.6415,83.15,1143.75,0.7377351530800443,-0.0074100972509905105,-0.023348320394357636,-0.0019995787772364437,0.000557258303637731,prewar,0,0,0,0
2010-11-18,83.7,81.88,90.649,6.633,83.64,1129.9,0.7343222205903951,0.0040703994903728,0.017867519877110993,-0.0030752783944318907,-0.001280651047002035,prewar,0,0,0,0
2010-11-19,83.17,81.65,90.6986,6.6398,83.49,1131.15,0.7323861139592793,-0.006352271614833427,-0.002812941376614475,0.0005470157998983538,0.001024652009365079,prewar,0,0,0,0
2010-11-22,82.34,81.24,90.7023,6.6414,83.46,1126.0,0.7346459006758742,-0.010029689538836983,-0.005034082704289844,4.079362341080639e-05,0.00024094208471225897,prewar,0,0,0,0
2010-11-23,82.37,80.79,91.4318,6.6433,82.86,1162.0,0.7469375560203168,0.00036427661139804,-0.0055545412205670885,0.008010624051213,0.000286043345044229,prewar,0,0,0,0
2010-11-24,84.53,83.21,91.2179,6.6529,83.38,1146.0,0.7490636704119851,0.025885207987679237,0.029514337420721404,-0.0023421894236372864,0.0014440218510791691,prewar,0,0,0,0
2010-11-25,,,,,,,,,,,,prewar,0,0,0,0
2010-11-26,84.78,83.87,91.8152,6.6675,84.08,1153.95,0.7551159102922298,,,,,prewar,0,0,0,0
2010-11-29,85.9,85.73,92.1997,6.66,84.34,1164.05,0.7638252367858235,0.01312416306571862,0.021934841694344342,0.00417901549908084,-0.0011254925217345502,prewar,0,0,0,0
2010-11-30,86.02,84.12,92.1494,6.667,83.56,1157.2,0.7671064743786437,0.00139599836538018,-0.018958471856165282,-0.0005457037896929862,0.0010504990836253114,prewar,0,0,0,0
2010-12-01,88.56,86.75,91.6799,6.663,84.0,1149.0,0.7605141075366948,0.02910046104479136,0.030786067992469413,-0.005108010756067927,-0.0006001500555228301,prewar,0,0,0,0
2010-12-02,89.37,87.98,91.2651,6.6609,83.53,1148.0,0.7559721802237678,0.009104766992919622,0.014079097093604886,-0.004534703990956679,-0.00031522302289710424,prewar,0,0,0,0
2010-12-03,90.65,89.18,90.8788,6.6628,82.73,1136.5,0.7481110196753198,0.014220881807559316,0.013547283278756872,-0.004241707564128561,0.0002852060633125042,prewar,0,0,0,0
2010-12-06,91.25,89.33,91.0167,6.6483,82.7,1136.7,0.7532956685499059,0.006597055261740259,0.0016805785144171637,0.0015162555029641922,-0.002178633732041302,prewar,0,0,0,0
2010-12-07,90.78,88.69,90.9732,6.6455,83.04,1130.0,0.750581700818134,-0.005163995434281254,-0.0071902343253862355,-0.00047804851619215327,-0.0004212490095238941,prewar,0,0,0,0
2010-12-08,89.74,88.3,91.3376,6.6616,84.16,1142.5,0.7551729346020238,-0.011522396480482477,-0.0044070357784464775,0.003997574310216301,0.002419762060221986,prewar,0,0,0,0
2010-12-09,89.93,88.35,91.3923,6.6549,83.85,1140.0,0.7572315614114796,0.0021149893785876728,0.0005660911557905379,0.0005986978774012996,-0.0010062705013114126,prewar,0,0,0,0
2010-12-10,89.54,87.81,91.2831,6.655,83.87,1143.0,0.7551729346020238,-0.004346137113604875,-0.006130809393800618,-0.0011955634202234222,1.5026408914042833e-05,prewar,0,0,0,0
2010-12-13,90.4,88.62,90.8837,6.6652,83.57,1144.9,0.7468817686160281,0.009558814585311382,0.00918217639943908,-0.004384999242221355,0.0015315088352563233,prewar,0,0,0,0
2010-12-14,90.63,88.33,90.764,6.6563,83.52,1139.0,0.7465472191116088,0.002541016668558882,-0.0032777650143032133,-0.0013179359532342616,-0.001336186063756628,prewar,0,0,0,0
2010-12-15,91.33,88.66,91.094,6.6541,84.04,1154.95,0.7515406583496167,0.0076940366368978275,0.0037290285598672313,0.0036292091874630117,-0.00033056858096425223,prewar,0,0,0,0
2010-12-16,91.09,87.71,91.3773,6.6635,84.23,1155.0,0.7572315614114796,-0.0026312919468693963,-0.010772911353617687,0.003105148345303732,0.001411666000034062,prewar,0,0,0,0
2010-12-17,91.11,88.02,91.5555,6.6545,84.15,1155.05,0.7601672367920943,0.0002195389690484717,0.0035281434196550165,0.0019482570251616593,-0.0013515544931708146,prewar,0,0,0,0
2010-12-20,91.31,88.68,91.6398,6.6745,83.72,1154.1,0.7619628162145687,0.0021927429024817258,0.007470323365165399,0.0009203293528843304,0.0030009775691763885,prewar,0,0,0,0
2010-12-21,93.11,89.3,91.519,6.658,83.76,1155.15,0.7615566217348261,0.019521279272189496,0.006967103134343233,-0.0013190741314703658,-0.0024751559608169327,prewar,0,0,0,0
2010-12-22,93.55,89.83,91.429,6.645,83.56,1153.9,0.7640003056001222,0.004714462819660703,0.005917507358661922,-0.0009838862109479152,-0.0019544469876244808,prewar,0,0,0,0
2010-12-23,93.63,90.84,91.3013,6.645,82.97,1151.9,0.7633005114113426,0.0008547922306991751,0.011180721996241871,-0.0013976885145901008,0.0,prewar,0,0,0,0
2010-12-24,,,,,,,,,,,,prewar,0,0,0,0
2010-12-27,93.08,90.99,91.1963,6.6306,82.91,1148.9,0.7606876616461281,,,,,prewar,0,0,0,0
2010-12-28,93.52,91.48,90.9848,6.6247,82.21,1143.0,0.7620789513793629,0.004715978729722181,0.0053707587859808115,-0.0023218664835971126,-0.0008902100125434131,prewar,0,0,0,0
2010-12-29,93.52,91.13,90.7669,6.62,81.9,1143.0,0.758552681483729,0.0,-0.0038333106465451294,-0.0023977778958705898,-0.0007097178791941605,prewar,0,0,0,0
2010-12-30,92.5,89.85,90.5146,6.6,81.67,1130.6,0.7536362951239732,-0.010966672645433384,-0.014145445278467506,-0.0027835180412907334,-0.003025720916537189,prewar,0,0,0,0
2010-12-31,93.23,91.38,,,,,,0.007860913790222135,0.01688502290555771,,,prewar,0,0,0,0
2011-01-03,95.82,91.59,89.9524,6.5895,81.56,1124.3,0.747887218607434,0.0274018731463741,0.0022954592797708173,,,prewar,0,0,0,0
2011-01-04,93.52,89.39,90.3277,6.6065,81.96,1124.2,0.7515406583496167,-0.02429611429116285,-0.024313276315135468,0.004163527113093757,0.0025765397703274573,prewar,0,0,0,0
2011-01-05,95.07,90.3,90.5715,6.585,83.22,1127.3,0.7592437931819908,0.016438145207125388,0.010128641323178478,0.00269542538172729,-0.0032596776768900604,prewar,0,0,0,0
2011-01-06,94.95,88.37,90.9125,6.626,83.15,1121.0,0.7676364473785215,-0.0012630251126433123,-0.021604914893026184,0.0037579114555237325,0.006206968682459957,prewar,0,0,0,0
2011-01-07,94.25,88.07,91.0001,6.6276,83.04,1120.2,0.7725587144622992,-0.007399610930175271,-0.003400592712544892,0.0009630999366860848,0.00024144383530089186,prewar,0,0,0,0
2011-01-10,95.05,89.24,91.03,6.6364,82.78,1128.1,0.772499034376207,0.008452242606318272,0.013197416746963064,0.00032851709985237676,0.0013269000740581127,prewar,0,0,0,0
2011-01-11,96.8,91.11,90.8431,6.6185,83.36,1124.0,0.7705347511172753,0.01824392534809327,0.020738198161435406,-0.0020552799264050847,-0.0027008896153748463,prewar,0,0,0,0
2011-01-12,97.86,91.85,90.4111,6.6037,83.29,1111.6,0.765345170671973,0.010890891578445583,0.008089243935367918,-0.004766795119823364,-0.002238660159575856,prewar,0,0,0,0
2011-01-13,97.86,91.39,89.9019,6.6044,82.72,1111.2,0.7482789583956899,0.0,-0.0050207483770243755,-0.005647971622733117,0.00010599556342771876,prewar,0,0,0,0
2011-01-14,97.86,91.53,90.0461,6.5876,82.99,1114.55,0.7503001200480193,0.0,0.0015307241125777082,0.0016026855632294001,-0.0025469995576239413,prewar,0,0,0,0
2011-01-17,,,,,,,,,,,,prewar,0,0,0,0
2011-01-18,97.83,91.38,89.821,6.5828,82.66,1111.0,0.7463243525636241,,,,,prewar,0,0,0,0
2011-01-19,98.42,90.85,89.6948,6.5823,82.03,1113.2,0.7410151908114117,0.006012756968494237,-0.005816841292945796,-0.0014060046056094677,-7.595840521390507e-05,prewar,0,0,0,0
2011-01-20,96.27,88.56,90.1316,6.5852,83.02,1124.1,0.7438815740534107,-0.022087291647957308,-0.02552950644179841,0.0048580281766819056,0.00044047845785288864,prewar,0,0,0,0
2011-01-21,96.84,88.22,89.7204,6.5831,82.63,1118.0,0.7363228039172373,0.005903388279983268,-0.0038465937235878656,-0.00457265658972883,-0.0003189477788023698,prewar,0,0,0,0
2011-01-24,96.76,86.74,89.5375,6.5809,82.44,1118.0,0.7324397568300007,-0.000826446328031416,-0.01691855626957306,-0.0020406360162565917,-0.0003342449134735581,prewar,0,0,0,0
2011-01-25,96.76,85.08,89.7279,6.5824,82.35,1121.6,0.732922896511287,0.0,-0.019323148075184093,0.0021242255515643294,0.0002279063770471712,prewar,0,0,0,0
2011-01-26,96.04,86.15,89.5091,6.5814,82.27,1116.0,0.7305669199298656,-0.00746891438877384,0.012497972641901889,-0.002441461402322709,-0.00015193181329453687,prewar,0,0,0,0
2011-01-27,96.48,84.45,89.5728,6.5814,83.03,1114.3,0.7305669199298656,0.0045709616258227115,-0.01993031972012904,0.0007114063753679289,0.0,prewar,0,0,0,0
2011-01-28,97.06,88.15,89.8189,6.5819,82.03,1115.6,0.7349158521349305,0.005993610998194399,0.04288026559007019,0.0027437184037673035,7.596879205684637e-05,prewar,0,0,0,0
2011-01-31,98.97,90.99,89.694,6.6017,81.97,1119.1,0.7291286912139993,0.019487429931530187,0.0317097015247203,-0.0013915436735141284,0.0030037341677522367,prewar,0,0,0,0
2011-02-01,100.4,89.54,89.1436,6.5937,81.48,1113.6,0.7250054375407816,0.014345433349029157,-0.016064157555780056,-0.006155324582707067,-0.0012125439138146454,prewar,0,0,0,0
2011-02-02,101.3,89.78,89.0737,6.556,81.82,1113.6,0.7257420712678715,0.008924203997008107,0.002676780540966206,-0.0007844356702113586,-0.00573398682761761,prewar,0,0,0,0
2011-02-03,101.69,89.42,89.2522,6.556,81.48,1113.6,0.7323861139592793,0.003842558548408981,-0.004017862547951445,0.0020019532733757117,0.0,prewar,0,0,0,0
2011-02-04,99.43,87.87,89.391,6.556,81.99,1113.6,0.7361601884570083,-0.02247509081106447,-0.017485921298082907,0.0015539357549592125,0.0,prewar,0,0,0,0
2011-02-07,99.44,86.3,89.3556,6.56,82.4,1103.6,0.7376263185070444,0.00010056821047399467,-0.01802885141836974,-0.0003960914553093886,0.000609942074414338,prewar,0,0,0,0
2011-02-08,99.25,85.85,89.1241,6.552,81.92,1100.9,0.7306202966318405,-0.001912527635155925,-0.0052280107458972935,-0.002594134008784721,-0.0012202564052292697,prewar,0,0,0,0
2011-02-09,100.16,85.59,89.4166,6.5914,82.47,1107.4,0.7305669199298656,0.009126987784488172,-0.00303313344996603,0.0032765667625058725,0.005995422496408054,prewar,0,0,0,0
2011-02-10,100.74,85.44,89.6266,6.5864,83.11,1120.9,0.7332991127080737,0.005774032965716103,-0.0017540786816336862,0.0023458036529611093,-0.0007588520450969582,prewar,0,0,0,0
2011-02-11,99.93,84.39,89.8784,6.5917,83.52,1126.3,0.7396449704142012,-0.008072999443806239,-0.012365464042009222,0.0028054947233293603,0.0008043648607551912,prewar,0,0,0,0
2011-02-14,103.12,83.66,89.8543,6.5965,83.32,1125.9,0.742170105388155,0.03142341775723434,-0.008687945155823051,-0.0002681760207741135,0.0007279234788597488,prewar,0,0,0,0
2011-02-15,102.48,83.13,89.8871,6.5884,83.79,1121.3,0.7410701052319549,-0.0062257010424531245,-0.00635531847105586,0.00036496878698066837,-0.0012286784153106023,prewar,0,0,0,0
2011-02-16,102.78,83.8,89.7059,6.5884,83.73,1115.3,0.7381708127260648,0.002923123975604014,0.008027359945040224,-0.0020178967051700525,0.0,prewar,0,0,0,0
2011-02-17,103.45,85.05,89.4102,6.585,83.25,1114.5,0.7346459006758742,0.006497622627469113,0.014806311353833479,-0.0033017720756083335,-0.0005161917311393704,prewar,0,0,0,0
2011-02-18,102.2,85.03,89.1974,6.5731,83.22,1111.0,0.731368390258173,-0.012156726421948427,-0.00023518344416917358,-0.0023828784518888924,-0.0018087722763002745,prewar,0,0,0,0
2011-02-21,,,,,,,,,,,,prewar,0,0,0,0
2011-02-22,106.82,92.65,89.4617,6.5795,82.94,1125.35,0.7320108337603396,,,,,prewar,0,0,0,0
2011-02-23,109.77,96.04,89.4186,6.5741,82.39,1125.2,0.7268498328245385,0.027242092787600924,0.0359358186216836,-0.0004818864998998862,-0.0008210680427214179,prewar,0,0,0,0
2011-02-24,113.91,95.83,89.2346,6.572,81.67,1130.55,0.724952878062926,0.037021395212596175,-0.002188982997381572,-0.002059857478729832,-0.00031948639031531556,prewar,0,0,0,0
2011-02-25,111.47,96.52,89.1664,6.5749,81.76,1125.0,0.7269026677327907,-0.021653166510288813,0.007174452401160103,-0.0007645697425724407,0.0004411686476715193,prewar,0,0,0,0
2011-02-28,112.27,97.1,88.9391,6.5713,81.94,1123.7,0.7250054375407816,0.007151188069156156,0.005991134540447973,-0.0025524211593932478,-0.0005476867977041167,prewar,0,0,0,0
2011-03-01,113.34,99.63,88.831,6.57,81.86,1123.5,0.7239556939115326,0.009485466270784393,0.02572194875948597,-0.0012161776735695184,-0.00019784952846979564,prewar,0,0,0,0
2011-03-02,116.89,102.27,88.7317,6.5723,81.62,1121.0,0.7210325185665873,0.03084117087820637,0.026153050761156038,-0.0011184782654458658,0.00035001484115881887,prewar,0,0,0,0
2011-03-03,114.42,101.92,88.637,6.5717,82.41,1115.4,0.7170000717000071,-0.021357432779296026,-0.0034281829940683295,-0.0010678322499817483,-9.129640907135084e-05,prewar,0,0,0,0
2011-03-04,115.71,104.34,88.4898,6.567,82.35,1117.5,0.7151541157119359,0.011211172047863371,0.023466605770393834,-0.001662086526567741,-0.0007154437197709473,prewar,0,0,0,0
2011-03-07,116.58,105.37,88.5207,6.554,82.12,1115.35,0.7155123068116772,0.007490671729157405,0.00982316801718941,0.0003491318347093042,-0.0019815569322128024,prewar,0,0,0,0
2011-03-08,112.32,105.06,88.6454,6.5684,82.69,1115.0,0.718803910293272,-0.03722579233990331,-0.002946350085620608,0.001407718751982756,0.0021947213589224024,prewar,0,0,0,0
2011-03-09,115.19,104.39,88.5328,6.558,82.78,1114.45,0.7191140514885661,0.025230998660914494,-0.006397730105608623,-0.0012710369013690936,-0.0015845932130889029,prewar,0,0,0,0
2011-03-10,114.07,102.73,88.8698,6.5731,82.98,1123.7,0.7234319612240468,-0.00977064389860871,-0.01602969819203448,0.003799272449986013,0.0022998844964876586,prewar,0,0,0,0
2011-03-11,114.07,101.14,88.691,6.5742,81.77,1126.0,0.7212925562608193,0.0,-0.01559849157633586,-0.0020139587165051154,0.000167334738321534,prewar,0,0,0,0
2011-03-14,112.95,101.2,88.5191,6.5696,81.65,1127.0,0.7155635062611807,-0.009867052125794196,0.0005930612015285774,-0.0019400706158112513,-0.0006999498147881589,prewar,0,0,0,0
2011-03-15,111.11,97.23,88.7845,6.573,80.82,1135.6,0.715922107674685,-0.01642454131809501,-0.04001945103179949,0.0029937372757213865,0.0005174014389617287,prewar,0,0,0,0
2011-03-16,110.96,97.99,88.9785,6.5713,80.17,1132.6,0.7182876023559833,-0.0013509255893406902,0.007786126826161421,0.002182682301937078,-0.0002586672564501846,prewar,0,0,0,0
2011-03-17,114.18,101.47,88.6549,6.5743,78.74,1133.1,0.7132158904500393,0.02860637452953707,0.03489775564326436,-0.003643462974617151,0.00045642649283128556,prewar,0,0,0,0
2011-03-18,114.13,101.06,88.5221,6.5689,81.14,1126.0,0.7071635669330316,-0.0004380009706048682,-0.004048788427229333,-0.0014990661865699195,-0.0008217177405576148,prewar,0,0,0,0
2011-03-21,114.92,102.36,88.2032,6.5635,81.11,1121.5,0.7050197405527354,0.006898084545579941,0.012781611427826078,-0.0036089948200421773,-0.0008223935159374918,prewar,0,0,0,0
2011-03-22,115.63,104.53,88.0665,6.551,81.0,1120.6,0.7036307345904869,0.006159204029781762,0.0209781002530276,-0.0015510326210907976,-0.0019062875115858358,prewar,0,0,0,0
2011-03-23,115.65,105.21,88.3328,6.5591,80.94,1124.1,0.7080147267063155,0.0001729505365775097,0.006484241275580338,0.0030192886513900064,0.0012356886721955895,prewar,0,0,0,0
2011-03-24,115.41,105.04,88.0592,6.558,80.82,1118.6,0.7042253521126761,-0.002077383245134179,-0.0016171228256558479,-0.0031021839926621553,-0.00016771999947851057,prewar,0,0,0,0
2011-03-25,115.45,104.89,88.1716,6.5568,81.12,1110.7,0.7070135746606334,0.0003465303681906562,-0.0014290480210279455,0.0012756001248481752,-0.00018299936001286987,prewar,0,0,0,0
2011-03-28,115.95,103.54,88.3058,6.5643,81.67,1111.5,0.7090187180941576,0.004321527901036681,-0.012954170499757112,0.001520874920728943,0.0011431969601347625,prewar,0,0,0,0
2011-03-29,115.58,104.34,88.3991,6.56,82.38,1112.2,0.7097232079488999,-0.0031961328119090027,0.007696786120491517,0.001055997979344525,-0.0006552730665807527,prewar,0,0,0,0
2011-03-30,115.35,103.8,88.2298,6.5558,82.98,1100.5,0.7094714437743881,-0.001991946269869871,-0.005188826862458917,-0.0019170141675264318,-0.0006404489460896112,prewar,0,0,0,0
2011-03-31,116.94,106.19,88.0299,6.5483,82.76,1097.25,0.7050694493407601,0.01368999812776206,0.02276397168396649,-0.0022682449329716192,-0.0011446800343299923,prewar,0,0,0,0
2011-04-01,118.63,107.55,87.7993,6.5477,84.05,1086.7,0.7034822370735139,0.014348422925487547,0.012725913297984448,-0.002623001551657289,-9.163103244036463e-05,prewar,0,0,0,0
2011-04-04,120.07,108.14,87.8406,6.5385,83.98,1086.45,0.7031854299978905,0.012065500369614846,0.005470828240119907,0.0004702803948442025,-0.0014060615787176989,prewar,0,0,0,0
2011-04-05,122.87,107.82,87.7483,6.539,84.65,1086.5,0.7027406886858749,0.023051979836853143,-0.0029635139303358926,-0.0010513194000463244,7.646721471910034e-05,prewar,0,0,0,0
2011-04-06,123.01,108.38,87.4913,6.544,85.26,1084.0,0.6976906439684644,0.0011387670012137363,0.005180400114444872,-0.0029331290901462026,0.0007643507213068723,prewar,0,0,0,0
2011-04-07,122.9,109.82,87.532,6.542,84.98,1088.6,0.6999370056694897,-0.000894636308704122,0.01319909171275846,0.0004650809433206504,-0.000305670184253648,prewar,0,0,0,0
2011-04-08,126.3,112.27,87.1493,6.535,84.99,1082.0,0.6926646810279143,0.027289012784455835,0.02206402261996221,-0.004381700986854753,-0.0010705820400069843,prewar,0,0,0,0
2011-04-11,126.46,109.5,87.094,6.5381,84.58,1085.5,0.6918500069185001,0.0012660232740220323,-0.02498213521413284,-0.0006347446571171034,0.0004742563061714833,prewar,0,0,0,0
2011-04-12,121.33,105.75,87.2943,6.5402,83.79,1091.8,0.6918021445866482,-0.041411946566685565,-0.03484673133016791,0.002297173469573366,0.00032114265891558524,prewar,0,0,0,0
2011-04-13,122.7,106.6,87.2093,6.5333,83.59,1086.3,0.6907508461697865,0.011228245653083668,0.008005693805356096,-0.0009741920134880289,-0.001055570526742322,prewar,0,0,0,0
2011-04-14,122.74,107.73,87.0802,6.531,83.23,1086.55,0.6913716814159292,0.0003259452440858013,0.010544585174357302,-0.0014814435018859484,-0.00035210459400980554,prewar,0,0,0,0
2011-04-15,124.63,109.17,87.005,6.5317,83.13,1087.0,0.6923769300006924,0.015281050877334224,0.013278203386077436,-0.00086394483479868,0.00010717539263249698,prewar,0,0,0,0
2011-04-18,121.69,106.7,87.5081,6.5286,82.43,1088.0,0.7036802476954471,-0.023872520489576665,-0.02288514198447089,0.005765772240128086,-0.00047472111026825026,prewar,0,0,0,0
2011-04-19,121.35,107.18,87.0791,6.5303,82.41,1085.7,0.6983727913960472,-0.0027978951760987414,0.00448850575899673,-0.004914459518573722,0.00026035883720720854,prewar,0,0,0,0
2011-04-20,124.26,110.84,86.5642,6.5254,82.58,1076.5,0.68903741473162,0.02369721246293821,0.03357805592807317,-0.005930565811111066,-0.0007506300282746903,prewar,0,0,0,0
2011-04-21,123.64,111.72,86.2256,6.492,81.81,1079.5,0.6856359273225917,-0.005002027371632245,0.00790802108219868,-0.003919217840584466,-0.0051316043594720195,prewar,0,0,0,0
2011-04-22,,,86.3742,6.5067,81.92,1080.8,0.6875214850464078,,,0.0017219027683230692,0.0022617656021892696,prewar,0,0,0,0
2011-04-25,,111.68,86.4026,6.5277,81.93,1081.1,0.686059275521405,,,0.0003287478441054148,0.0032222454689150304,prewar,0,0,0,0
2011-04-26,124.55,111.72,86.2576,6.527,81.93,1083.6,0.6837606837606838,,0.0003581020629139786,-0.0016795999783125737,-0.00010724107036885755,prewar,0,0,0,0
2011-04-27,124.94,112.31,86.2519,6.5112,82.6,1078.8,0.6821747731768879,0.0031263803572345594,0.005267163897968885,-6.608331717483651e-05,-0.0024236486223856435,prewar,0,0,0,0
2011-04-28,126.59,112.38,85.8419,6.501,81.57,1072.9,0.6763611768684478,0.013119895583312946,0.0006230807091069934,-0.0047648523736878445,-0.0015677598083629896,prewar,0,0,0,0
2011-04-29,,113.39,85.5999,6.49,81.31,1068.4,0.6747183051076175,,0.00894721829969658,-0.0028231173579387203,-0.0016934805063331115,prewar,0,0,0,0
2011-05-02,126.64,113.03,85.5199,6.492,81.23,1065.5,0.6724949562878278,,-0.0031799337811087014,-0.0009350175237274883,0.00030811893634630216,prewar,0,0,0,0
2011-05-03,124.01,110.6,85.6352,6.4955,81.02,1071.3,0.6722689075630252,-0.020986208058075384,-0.021733181114405475,0.001347316176282476,0.0005389798013055724,prewar,0,0,0,0
2011-05-04,121.55,108.79,85.8917,6.4925,80.69,1076.3,0.672992798977051,-0.020036506752548533,-0.016500670655243077,0.002990786765168174,-0.00046196489888394865,prewar,0,0,0,0
2011-05-05,111.93,99.89,86.508,6.4931,80.12,1081.3,0.6857299595419324,-0.08245202486095682,-0.08534983788893324,0.007149694870003387,9.241005427962357e-05,prewar,0,0,0,0
2011-05-06,113.69,96.87,86.4575,6.4925,80.51,1085.1,0.689893066574681,0.015601770239839219,-0.030699707105764418,-0.0005839314942566176,-9.241005427962357e-05,prewar,0,0,0,0
2011-05-09,113.21,100.32,86.8346,6.4937,80.66,1081.0,0.6992518005733865,-0.004230945050997192,0.034995203446317014,0.004352196034786537,0.00018481156973004786,prewar,0,0,0,0
2011-05-10,117.82,103.39,86.6518,6.4915,80.75,1082.2,0.6964758322886196,0.03991353500352357,0.03014316871399103,-0.0021073705794965036,-0.000338847306325496,prewar,0,0,0,0
2011-05-11,115.66,97.88,86.7195,6.4915,80.78,1076.0,0.7008199593524423,-0.018503183363469233,-0.05476600702413048,0.0007809828205820324,0.0,prewar,0,0,0,0
2011-05-12,112.87,98.53,87.0767,6.4986,80.75,1088.0,0.7027900766041183,-0.02441813876253729,0.006618831759912069,0.004110567468797122,0.0010931402694382975,prewar,0,0,0,0
2011-05-13,113.08,99.21,87.4176,6.4977,80.76,1086.8,0.7071635669330316,0.0018588188578547715,0.006877745327427576,0.003907295925526633,-0.00013850095818623842,prewar,0,0,0,0
2011-05-16,113.72,96.91,87.3311,6.5073,80.82,1091.7,0.703284337857796,0.005643753957409459,-0.02345610291535216,-0.0009899931394601325,0.0014763555161398934,prewar,0,0,0,0
2011-05-17,109.39,96.4,87.6307,6.5057,81.39,1088.3,0.7064641469445426,-0.03881980865110002,-0.005276511129959083,0.0034247509208515936,-0.0002459079394547814,prewar,0,0,0,0
2011-05-18,112.54,99.52,87.295,6.5029,81.37,1087.6,0.7007708479327259,0.02838923587343345,0.03185242737436944,-0.0038382057310348827,-0.0004304844553972842,prewar,0,0,0,0
2011-05-19,113.2,97.99,87.2638,6.5042,81.78,1086.0,0.7015574575557738,0.005847451763949962,-0.015493196343141946,-0.00035747267204211397,0.00019989082952065473,prewar,0,0,0,0
2011-05-20,111.25,99.15,87.3044,6.4917,81.64,1082.7,0.7056167090036692,-0.017376244722733247,0.011768422318078287,0.0004651477271577775,-0.0019236842165224477,prewar,0,0,0,0
2011-05-23,110.13,97.06,87.8941,6.505,81.81,1097.8,0.7135212272565109,-0.01011843486949715,-0.021304510988735537,0.00673181821727642,0.002046674100759427,prewar,0,0,0,0
2011-05-24,112.52,99.13,87.662,6.499,82.12,1093.2,0.7088679379031686,0.021469497444804198,0.02110277606773625,-0.002644170555508474,-0.0009227930522568428,prewar,0,0,0,0
2011-05-25,114.47,100.78,87.6136,6.493,81.96,1101.6,0.7091192738618636,0.01718179630872818,0.016507803207646,-0.0005522731199345543,-0.000923645385861871,prewar,0,0,0,0
2011-05-26,115.06,100.18,87.5588,6.4913,81.44,1089.0,0.7098239636570131,0.005140951504762903,-0.005971355322981431,-0.0006256693610140474,-0.00026185470294359803,prewar,0,0,0,0
2011-05-27,114.85,100.58,86.9525,6.492,80.75,1082.2,0.6999370056694897,-0.0018268023000400646,0.003984862814347956,-0.0069485751293045794,0.0001078308289386154,prewar,0,0,0,0
2011-05-30,,,,,,,,,,,,prewar,0,0,0,0
2011-05-31,117.18,102.7,86.656,6.4786,81.29,1078.0,0.6956037840845855,,,,,prewar,0,0,0,0
2011-06-01,116.15,100.3,86.5964,6.478,80.82,1076.2,0.692952671332548,-0.00882875490022439,-0.02364642196662281,-0.0006880135842388668,-9.261689029971265e-05,prewar,0,0,0,0
2011-06-02,114.3,100.41,86.8435,6.4824,80.98,1081.4,0.6931928462498267,-0.016055888415652753,0.0010961089234546861,0.0028494039397601867,0.0006789914152409704,prewar,0,0,0,0
2011-06-03,115.09,100.28,86.4234,6.4796,80.38,1077.0,0.6847439057792386,0.006887860179634053,-0.0012955306012516488,-0.004849175730659461,-0.00043203210053288643,prewar,0,0,0,0
2011-06-06,115.4,99.07,86.4669,6.4796,80.19,1078.55,0.6839945280437757,0.002689923093599944,-0.01213960230515454,0.000503209271056626,0.0,prewar,0,0,0,0
2011-06-07,116.14,99.18,86.3627,6.481,80.21,1081.8,0.6814310051107325,0.006392005869904516,0.0011097100760490974,-0.0012058121134970179,0.0002160393817332018,prewar,0,0,0,0
2011-06-08,118.43,100.77,86.5714,6.4754,79.87,1080.0,0.6855419208884623,0.019525708789499774,0.015904311231323298,0.0024136373487664287,-0.0008644377062636543,prewar,0,0,0,0
2011-06-09,119.95,101.95,86.5913,6.4757,80.07,1082.8,0.6880418329434429,0.01275292055230004,0.01164180472815346,0.00022984164704809018,4.632811113380875e-05,prewar,0,0,0,0
2011-06-10,118.71,99.3,87.042,6.4801,80.26,1084.0,0.6961364427427775,-0.01039144522026092,-0.026336925969337344,0.0051914121568295,0.0006792324934261629,prewar,0,0,0,0
2011-06-13,120.49,97.2,87.0579,6.483,80.16,1085.2,0.6959910913140311,0.014883217869742005,-0.02137485958473384,0.00018265375274939544,0.00044742384898333043,prewar,0,0,0,0
2011-06-14,120.35,99.37,86.6771,6.4794,80.5,1082.4,0.6909417536101706,-0.0011625977061040516,0.02207954577687854,-0.004383694820413453,-0.0005554527082265448,prewar,0,0,0,0
2011-06-15,114.67,94.83,87.3342,6.482,80.71,1083.0,0.7031854299978905,-0.048345726178867565,-0.04676444234763544,0.007552418990713683,0.0004011912347237079,prewar,0,0,0,0
2011-06-16,114.69,94.95,87.6917,6.4746,80.7,1091.15,0.7064641469445426,0.00017439832621768403,0.001264622362659118,0.004085115370561887,-0.001142275103749757,prewar,0,0,0,0
2011-06-17,113.74,93.02,87.2179,6.47,80.1,1085.8,0.6980315510261064,-0.008317694497777417,-0.020535913462344624,-0.005417669000217451,-0.0007107211027967963,prewar,0,0,0,0
2011-06-20,112.21,93.23,87.1908,6.472,80.26,1082.25,0.6983240223463687,-0.013543026201878305,0.0022550345126512994,-0.00031076431643750624,0.00030907124338153125,prewar,0,0,0,0
2011-06-21,112.02,93.7,86.857,6.465,80.15,1078.45,0.6944926731022988,-0.0016946888950890582,0.005028630935774103,-0.003835732589117846,-0.0010821675323697821,prewar,0,0,0,0
2011-06-22,113.59,94.96,86.8067,6.4628,80.06,1073.85,0.6942997986530585,0.013918047461643823,0.013357561057036449,-0.0005792805451756422,-0.0003403518032825126,prewar,0,0,0,0
2011-06-23,108.27,90.7,87.455,6.4676,80.45,1082.85,0.7059155724975292,-0.04796736692052317,-0.045898393180321406,0.007440567731542558,0.0007424364629842195,prewar,0,0,0,0
2011-06-24,104.79,90.89,87.5014,6.4737,80.32,1078.7,0.7047713017125943,-0.032669759835956214,0.0020926270095875665,0.0005304178765443979,0.0009427183438703857,prewar,0,0,0,0
2011-06-27,104.57,90.65,87.5225,6.4815,80.89,1084.95,0.7001820473323065,-0.00210164387635281,-0.0026440469298183444,0.00024110992958270572,0.0012041498305674914,prewar,0,0,0,0
2011-06-28,107.57,92.9,87.2178,6.4699,80.85,1080.3,0.6959910913140311,0.028285094833416125,0.024517708618932765,-0.003487464641227511,-0.0017913126151367642,prewar,0,0,0,0
2011-06-29,111.49,94.85,86.8014,6.4633,80.8,1073.0,0.6930967563071805,0.03579310233556665,0.020773050561230022,-0.004785687955434881,-0.0010206291672478773,prewar,0,0,0,0
2011-06-30,111.71,95.3,86.4786,6.4635,80.64,1066.3,0.6885629690835228,0.0019713268032761633,0.004733114279133588,-0.0037257660827298977,3.09434662895125e-05,prewar,0,0,0,0
2011-07-01,109.82,94.81,86.3613,6.4645,80.81,1065.05,0.6892748828232699,-0.017063565732030384,-0.005154921730288642,-0.0013573256870529349,0.00015470297060549143,prewar,0,0,0,0
2011-07-04,,,,,,,,,,,,prewar,0,0,0,0
2011-07-05,113.21,96.92,86.4253,6.466,81.14,1065.0,0.691085003455425,,,,,prewar,0,0,0,0
2011-07-06,113.55,96.67,86.6825,6.467,80.9,1066.5,0.6978854072161351,0.0029987674615492566,-0.0025827794718109587,0.0029715609494207484,0.00015464316121427402,prewar,0,0,0,0
2011-07-07,117.4,98.7,86.4825,6.4655,81.26,1063.9,0.6969126768415917,0.03334363884242908,0.020781829962921883,-0.0023099366376593267,-0.0002319737106866171,prewar,0,0,0,0
2011-07-08,117.4,96.2,86.615,6.4645,80.64,1056.9,0.7017051434987018,0.0,-0.025655588767775406,0.0015309293996601525,-0.00015467904129828902,prewar,0,0,0,0
2011-07-11,117.35,95.16,87.1013,6.4671,80.37,1057.6,0.7125552230297848,-0.00042598509696389897,-0.010869672236903938,0.005598798389304882,0.00040211575288995327,prewar,0,0,0,0
2011-07-12,117.36,97.41,87.1701,6.472,79.53,1064.05,0.7135721421435707,8.521153769347478e-05,0.02336918934810761,0.0007895730862816919,0.0007573942908298825,prewar,0,0,0,0
2011-07-13,118.46,98.04,86.5697,6.4675,78.99,1055.1,0.7058657443354274,0.00932921701409306,0.006446683877047832,-0.0069115123885321594,-0.0006955446781433672,prewar,0,0,0,0
2011-07-14,117.38,95.75,86.5234,6.459,79.11,1055.55,0.7051191651389085,-0.009158815718630642,-0.023634930599156334,-0.0005349722329111017,-0.0013151280277117205,prewar,0,0,0,0
2011-07-15,118.06,97.24,86.5169,6.461,79.03,1058.0,0.7064142413111049,0.005776434682355003,0.015441521387166368,-7.51270080208144e-05,0.0003095975256928174,prewar,0,0,0,0
2011-07-18,117.05,95.94,86.9549,6.4688,79.1,1061.85,0.7121492664862555,-0.00859177587562332,-0.013459153374004273,0.0050498228619924035,0.0012065153283409291,prewar,0,0,0,0
2011-07-19,118.18,97.49,86.4386,6.4631,78.91,1059.6,0.7064142413111049,0.009607691980608735,0.01602681256726246,-0.005955258136953745,-0.0008815410526108458,prewar,0,0,0,0
2011-07-20,118.52,98.11,86.2794,6.4581,78.76,1053.95,0.70482097547223,0.0028728367878354533,0.006339489534119558,-0.0018434679082099947,-0.0007739219653848384,prewar,0,0,0,0
2011-07-21,118.25,98.96,85.8378,6.4535,78.47,1054.5,0.6957973838018369,-0.0022806953333214253,0.00862642990893292,-0.005131398477195681,-0.0007125375932683919,prewar,0,0,0,0
2011-07-22,118.99,99.53,85.8623,6.4464,78.44,1050.25,0.6960879855213699,0.006238428595019663,0.005743378173739266,0.00028538131505229103,-0.0011007838381595914,prewar,0,0,0,0
2011-07-25,118.27,98.97,85.8006,6.445,78.31,1053.45,0.6965243435258063,-0.0060693097040367405,-0.005642332349371948,-0.0007188507552529089,-0.00021719906379491505,prewar,0,0,0,0
2011-07-26,118.14,99.61,85.4692,6.4411,78.04,1049.2,0.689893066574681,-0.0010997843839364307,0.006445787248473778,-0.0038699223516971415,-0.0006053034074045005,prewar,0,0,0,0
2011-07-27,117.99,97.4,85.7126,6.4428,77.99,1052.5,0.6957489737702637,-0.0012704867672610476,-0.022436350508584724,0.0028437621760133425,0.0002638952506408554,prewar,0,0,0,0
2011-07-28,118.16,97.48,85.8245,6.4418,77.87,1051.55,0.699154023631406,0.0014397631112963438,0.0008210181085166468,0.0013046742176801018,-0.00015522406625101404,prewar,0,0,0,0
2011-07-29,115.93,95.68,85.7282,6.436,77.18,1054.0,0.6950236308034473,-0.0190530775408142,-0.018637938554683764,-0.001122687198918726,-0.0009007750379992352,prewar,0,0,0,0
2011-08-01,116.37,94.98,86.0391,6.4337,76.87,1051.3,0.7041261794113506,0.0037882094376753273,-0.007342947081346196,0.003620017774237816,-0.00035742869289667745,prewar,0,0,0,0
2011-08-02,116.02,93.78,86.0533,6.4379,77.13,1052.4,0.7026419336706015,-0.003012180082067495,-0.012714729459535334,0.0001650276250693139,0.0006525995445880728,prewar,0,0,0,0
2011-08-03,113.74,91.87,86.0706,6.434,76.87,1058.85,0.6983240223463687,-0.019847448159264758,-0.0205770793780653,0.00020101798830118867,-0.0006059711649935018,prewar,0,0,0,0
2011-08-04,110.22,86.75,86.9299,6.4377,79.01,1061.5,0.7063144511936714,-0.03143677342356366,-0.05734411545640672,0.009934157032309265,0.000574904651585717,prewar,0,0,0,0
2011-08-05,106.92,86.89,87.1084,6.4401,78.48,1067.2,0.7063144511936714,-0.0303974771843718,0.0016125320241462404,0.0020512733414417283,0.0003727344775950048,prewar,0,0,0,0
2011-08-08,103.06,81.27,87.1873,6.4342,77.53,1082.9,0.7021978793624044,-0.03676954837064006,-0.06686600608600113,0.0009053580253475246,-0.000916554750632903,prewar,0,0,0,0
2011-08-09,103.63,79.32,87.3919,6.4304,77.16,1087.45,0.7021485746383935,0.00551552029604796,-0.024286641113518748,0.0023439229148980445,-0.0005907684825829929,prewar,0,0,0,0
2011-08-10,103.84,83.05,87.3792,6.4172,76.41,1080.1,0.7045726766715986,0.0020243897596543547,0.0459525324077088,-0.0001453329529006453,-0.0020548592180158476,prewar,0,0,0,0
2011-08-11,107.82,85.48,87.3215,6.3935,76.68,1078.2,0.7027406886858749,0.037611917067742695,0.028839594391643075,-0.0006605583388967773,-0.0037000362256978114,prewar,0,0,0,0
2011-08-12,108.17,85.19,87.177,6.3892,76.79,1078.9,0.7022965095863474,0.003240893618674967,-0.00339837439619739,-0.001656175073473598,-0.0006727843354215057,prewar,0,0,0,0
2011-08-15,108.89,87.88,86.7515,6.3902,76.73,1078.8,0.691945751453086,0.0066341347157719,0.03108819146166031,-0.004892824912108296,0.0001565018705169674,prewar,0,0,0,0
2011-08-16,109.69,86.65,86.7115,6.3818,76.76,1068.05,0.693433187712364,0.007320007065272804,-0.01409523135479418,-0.0004611934615335045,-0.0013153775776939547,prewar,0,0,0,0
2011-08-17,111.37,87.58,86.5518,6.3839,76.46,1068.55,0.6927126627874758,0.015199785981766745,0.010675645211636997,-0.001843437649233337,0.00032900663793489215,prewar,0,0,0,0
2011-08-18,108.36,82.38,87.1271,6.3873,76.52,1076.75,0.6983240223463687,-0.027398974188114877,-0.06120997236531789,0.006624893457069625,0.0005324480205972648,prewar,0,0,0,0
2011-08-19,109.37,82.33,86.8286,6.391,76.46,1087.2,0.6940588561910049,0.00927761213023981,-0.0006071276975996298,-0.003431911607129301,0.0005791067831251162,prewar,0,0,0,0
2011-08-22,108.83,84.42,87.0753,6.4004,76.77,1083.15,0.6952169076751947,-0.004949597639163805,0.02506877904401783,0.002837201068965456,0.0014697377444379267,prewar,0,0,0,0
2011-08-23,110.35,85.35,86.9001,6.3975,76.59,1077.2,0.692952671332548,0.013870100994775036,0.010956108886096771,-0.0020140785332305455,-0.00045319936077570233,prewar,0,0,0,0
2011-08-24,111.91,84.99,87.1316,6.388,76.78,1083.65,0.6943480072212194,0.014037844127190446,-0.004226846729914691,0.0026604364210074394,-0.0014860586990408375,prewar,0,0,0,0
2011-08-25,111.91,85.15,87.2306,6.39,77.38,1088.25,0.6954102920723227,0.0,0.0018808045981622001,0.0011355673493271823,0.00031303803667737107,prewar,0,0,0,0
2011-08-26,112.29,85.37,87.0751,6.386,76.62,1079.5,0.6914194842010648,0.0033898337545110735,0.002580343913518135,-0.0017842221023425253,-0.0006261740968531715,prewar,0,0,0,0
2011-08-29,,87.27,86.8433,6.3809,76.96,1073.45,0.6891798759476223,,0.022012010153004802,-0.0026656194773533315,-0.000798941054019453,prewar,0,0,0,0
2011-08-30,115.59,88.9,87.001,6.3802,76.75,1072.15,0.6927606511950121,,0.01850538134463875,0.0018142676320893614,-0.00010970841082680316,prewar,0,0,0,0
2011-08-31,116.48,88.81,86.7739,6.3778,76.5,1063.9,0.6941552131056504,0.007670137142199884,-0.0010128862494456214,-0.00261372763601031,-0.00037623452395552093,prewar,0,0,0,0
2011-09-01,116.43,88.93,86.8512,6.3812,76.81,1061.4,0.7001330252748023,-0.00042935039945124487,0.0013502871411352757,0.0008904243120069211,0.0005329571409169453,prewar,0,0,0,0
2011-09-02,115.92,86.45,87.1797,6.3821,76.79,1064.85,0.7040766035344646,-0.0043899360364978435,-0.028283331282248803,0.0037751961307019855,0.0001410293578449906,prewar,0,0,0,0
2011-09-05,,,,,,,,,,,,prewar,0,0,0,0
2011-09-06,113.29,85.99,88.1645,6.3901,77.48,1076.9,0.7143367383384528,,,,,prewar,0,0,0,0
2011-09-07,117.5,89.34,87.9699,6.394,77.39,1070.65,0.7113387395077536,0.036487430698816326,0.038218305501168004,-0.0022096771463235854,0.0006101329183885174,prewar,0,0,0,0
2011-09-08,117.99,89.05,88.1162,6.3833,77.43,1075.3,0.7170000717000071,0.0041615415276146095,-0.003251306188301939,0.0016616874774753043,-0.0016748456248536492,prewar,0,0,0,0
2011-09-09,115.1,87.24,88.9514,6.388,77.31,1077.1,0.7317430118542367,-0.024798559383991226,-0.02053506840224273,0.009433755177052028,0.0007360253399699701,prewar,0,0,0,0
2011-09-12,114.75,88.19,89.2192,6.3877,77.15,1076.75,0.7334066740007334,-0.003045466787182427,0.010830636566661056,0.003006109893202158,-4.6964158528339794e-05,prewar,0,0,0,0
2011-09-13,114.08,90.21,89.2653,6.397,76.88,1076.75,0.7309941520467835,-0.005855892274668761,0.022646707768458008,0.000516571478477168,0.0014548642737628459,prewar,0,0,0,0
2011-09-14,113.1,88.91,89.419,6.391,76.71,1107.45,0.7293946024799417,-0.00862757354391075,-0.014515663535499712,0.0017203530238276699,-0.0009383797998558929,prewar,0,0,0,0
2011-09-15,116.71,89.4,89.0647,6.3904,76.7,1113.25,0.7216048491845866,0.03141984230218764,0.005496060046421114,-0.003970115650533401,-9.38864287856056e-05,prewar,0,0,0,0
2011-09-16,116.26,87.96,89.1108,6.3833,76.89,1112.4,0.725531451788435,-0.0038631631510579467,-0.016238516492908417,0.0005174673401073804,-0.0011116592265629777,prewar,0,0,0,0
2011-09-19,112.89,85.7,89.9336,6.3864,76.48,1139.4,0.7333528894103843,-0.029415168999749497,-0.026029340082826202,0.00919108100814725,0.0004855243366559403,prewar,0,0,0,0
2011-09-20,114.39,86.92,89.8777,6.3837,76.52,1140.0,0.7300868803387603,0.013199769264127248,0.014135329784495276,-0.0006217629459426277,-0.00042286278732861504,prewar,0,0,0,0
2011-09-21,114.26,85.77,90.3453,6.3811,76.38,1152.4,0.728650539201399,-0.0011371092412657546,-0.013318860385899356,0.005189138448046471,-0.000407370273871388,prewar,0,0,0,0
2011-09-22,109.21,80.29,92.075,6.3879,76.31,1179.7,0.7437156031533542,-0.045203919086679534,-0.06602421480573728,0.01896446656849804,0.0010650795900735144,prewar,0,0,0,0
2011-09-23,109.17,79.58,91.6904,6.3877,76.3,1164.9,0.7397544015386892,-0.00036633391745866106,-0.008882275197810152,-0.004185777752932829,-3.130968408782131e-05,prewar,0,0,0,0
2011-09-26,107.9,79.97,91.7724,6.3975,76.35,1181.0,0.7398638650488311,-0.011701428028089822,0.0048887593450155364,0.000893914248123906,0.0015330228575691773,prewar,0,0,0,0
2011-09-27,109.54,84.18,90.8985,6.3975,76.6,1164.5,0.7349698662354843,0.015084907091486244,0.05130579899862653,-0.009568099429206,0.0,prewar,0,0,0,0
2011-09-28,108.52,80.94,91.0227,6.3933,76.51,1171.9,0.7337833871441151,-0.009355291564843604,-0.03924922389470531,0.0013654265615707928,-0.0006567220425539588,prewar,0,0,0,0
2011-09-29,107.08,81.87,91.3033,6.3964,76.68,1172.6,0.7331915829606277,-0.013358269138579182,0.011424483940637664,0.003078005567351383,0.0004847650938970549,prewar,0,0,0,0
2011-09-30,105.42,78.93,91.9998,6.378,77.04,1180.9,0.743549706297866,-0.01562384722509158,-0.03657123966804576,0.00759947160759733,-0.0028807635152841016,prewar,0,0,0,0
2011-10-03,103.61,77.34,92.5128,6.3745,76.66,1180.0,0.7529553497477599,-0.017318521163399936,-0.020350097541160572,0.005560610189719206,-0.000548911991826051,prewar,0,0,0,0
2011-10-04,101.84,75.4,92.9508,6.3745,76.86,1197.5,0.7522190461862495,-0.017230896014509334,-0.02540401116524027,0.004723307584900027,0.0,prewar,0,0,0,0
2011-10-05,103.77,79.41,92.3008,6.3745,76.86,1186.5,0.7503001200480193,0.018773957368035887,0.051817029893209465,-0.007017512048059338,0.0,prewar,0,0,0,0
2011-10-06,104.38,82.32,91.9661,6.378,76.64,1184.0,0.7458233890214797,0.005861174598080332,0.035989786618674025,-0.003632777976818602,0.000548911991826051,prewar,0,0,0,0
2011-10-07,106.56,82.7,91.2469,6.3745,76.77,1170.5,0.7400828892835998,0.020670120576811613,0.004605510503851384,-0.007851011600595648,-0.000548911991826051,prewar,0,0,0,0
2011-10-10,109.49,85.14,,,,,,0.027125014093254407,0.02907735837036096,,,prewar,0,0,0,0
2011-10-11,109.22,85.54,90.9162,6.3745,76.66,1171.15,0.7322252324815114,-0.0024690241613258834,0.00468714239875645,,,prewar,0,0,0,0
2011-10-12,112.44,85.3,90.3378,6.358,77.3,1164.5,0.7243752263672583,0.029055549314323414,-0.002809648301129286,-0.006382225642687089,-0.0025917941074289352,prewar,0,0,0,0
2011-10-13,112.45,83.96,90.6603,6.382,76.88,1157.75,0.7283321194464676,8.893236699325513e-05,-0.01583395954520128,0.003563577090452519,0.0037676653674407756,prewar,0,0,0,0
2011-10-14,114.33,86.8,90.2116,6.378,77.36,1156.0,0.7214486689272058,0.016580325148554564,0.033266126713872524,-0.004961532669950586,-0.0006269592681857894,prewar,0,0,0,0
2011-10-17,112.92,86.38,90.266,6.3695,76.8,1148.35,0.7262164124909223,-0.0124094001685906,-0.0048504541337495155,0.0006028449142441161,-0.0013335950201613933,prewar,0,0,0,0
2011-10-18,112.08,88.34,90.5907,6.3804,76.75,1149.5,0.7289161017566879,-0.007466701356536376,0.022436838635825573,0.0035906919551766947,0.0017098177484515809,prewar,0,0,0,0
2011-10-19,111.76,86.11,90.3317,6.3769,76.79,1133.5,0.7259528130671506,-0.002859187080045622,-0.025567457460306642,-0.002863107906228457,-0.0005487054608444009,prewar,0,0,0,0
2011-10-20,109.0,86.07,91.1026,6.3825,76.91,1147.0,0.7314218841427735,-0.025005832719562804,-0.0004646300466912834,0.008497893057200834,0.0008777842781901857,prewar,0,0,0,0
2011-10-21,111.6,87.19,90.279,6.3823,76.1,1147.2,0.7208246233691343,0.023573167718066834,0.012928726778341115,-0.009081468686946259,-3.133617448236592e-05,prewar,0,0,0,0
2011-10-24,111.67,91.12,89.8558,6.3744,76.1,1133.2,0.7177720356014929,0.0006270435104900329,0.0440876736992033,-0.004698712060229759,-0.0012385649909321117,prewar,0,0,0,0
2011-10-25,112.11,92.98,89.9525,6.3605,75.88,1131.25,0.7188555819135936,0.003932438707801467,0.020207097123511986,0.0010755900514345385,-0.0021829783539588643,prewar,0,0,0,0
2011-10-26,110.43,90.2,90.0836,6.3534,76.05,1134.65,0.7226477814713109,-0.015098696106462306,-0.030354989193861037,0.0014563748400711063,-0.0011168879318019798,prewar,0,0,0,0
2011-10-27,112.45,93.96,88.7882,6.359,75.8,1106.6,0.7056167090036692,0.01812684234628481,0.040839732722133704,-0.014484369783314577,0.0008810296029442277,prewar,0,0,0,0
2011-10-28,110.01,93.32,88.6382,6.357,75.72,1102.5,0.7060152499293985,-0.021937407653980223,-0.006834712637482809,-0.001690842351948163,-0.00031456433099896763,prewar,0,0,0,0
2011-10-31,108.43,93.19,89.2053,6.3547,77.97,1112.05,0.7170000717000071,-0.014466467267253869,-0.0013940273556647398,0.006377538927618609,-0.00036187135081844346,prewar,0,0,0,0
2011-11-01,106.97,92.19,90.7296,6.3547,78.28,1122.05,0.7312079555425564,-0.01355638216605115,-0.010788754987061111,0.016943199625510275,0.0,prewar,0,0,0,0
2011-11-02,110.82,92.51,90.244,6.355,78.04,1120.65,0.7244801854669274,0.03535884212116436,0.0034650819727239934,-0.0053665414782049226,4.7208037964097116e-05,prewar,0,0,0,0
2011-11-03,110.76,94.07,90.2961,6.3513,77.96,1127.4,0.7275902211874272,-0.0005415651364426566,0.016722439200632877,0.0005771571129766784,-0.000582388280550461,prewar,0,0,0,0
2011-11-04,112.22,94.26,90.3154,6.34,78.17,1110.6,0.7266913741733885,0.013095532020065193,0.002017735511724794,0.00021371839637485124,-0.0017807479117324387,prewar,0,0,0,0
2011-11-07,114.75,95.52,90.3832,6.3481,78.06,1117.3,0.7275902211874272,0.022294618617828554,0.01327872814870723,0.0007504209017854535,0.0012767870840195705,prewar,0,0,0,0
2011-11-08,115.61,96.8,90.172,6.3462,77.79,1118.1,0.7254261878853826,0.007466608746575787,0.013311344638239575,-0.0023394518277557452,-0.0002993469532290849,prewar,0,0,0,0
2011-11-09,115.29,95.74,90.6991,6.3401,77.77,1118.85,0.7355104442483084,-0.002771764442368152,-0.011010810318168751,0.0058284766574816516,-0.0009616673845185275,prewar,0,0,0,0
2011-11-10,113.32,97.78,90.8588,6.3454,77.58,1131.85,0.7352941176470588,-0.017235018282546477,0.021083873186136692,0.0017592188628237082,0.0008355997490652189,prewar,0,0,0,0
2011-11-11,114.43,98.99,,,,,,0.00974760736730751,0.012298777781216685,,,prewar,0,0,0,0
2011-11-14,112.57,98.14,90.7215,6.3536,77.02,1126.05,0.7339449541284403,-0.01638803196291061,-0.008623804269959123,,,prewar,0,0,0,0
2011-11-15,111.9,99.37,91.1081,6.3464,76.99,1128.5,0.7394262052647146,-0.005969635048832522,0.012455226581514545,0.0042523393611837434,-0.001133858389193998,prewar,0,0,0,0
2011-11-16,111.91,102.59,91.1237,6.3445,77.02,1134.15,0.7404664938911514,8.936151205585219e-05,0.03189020485634941,0.00017121051362156692,-0.00029942715082387217,prewar,0,0,0,0
2011-11-17,109.25,98.82,91.1822,6.3505,76.98,1132.15,0.7395355716609968,-0.02405614285423674,-0.037440448682017013,0.0006417784833940843,0.0009452541074048693,prewar,0,0,0,0
2011-11-18,107.82,97.67,91.3676,6.3565,76.93,1138.5,0.7395902669920863,-0.013175663952176286,-0.01170556395821798,0.0020312272458795633,0.0009443614458028993,prewar,0,0,0,0
2011-11-21,105.98,96.73,91.9978,6.3603,76.97,1143.0,0.7393715341959335,-0.01721277295890644,-0.00967085726493,0.006873733881276323,0.0005976346428508972,prewar,0,0,0,0
2011-11-22,107.77,97.76,92.0193,6.3605,77.07,1146.65,0.7407407407407407,0.016748929544124103,0.010591903228829302,0.00023367393680118198,3.144456323767031e-05,prewar,0,0,0,0
2011-11-23,106.83,96.16,92.7463,6.3576,77.41,1159.7,0.749232037161909,-0.008760540650944115,-0.016502024636388057,0.007869470852100768,-0.00045604297029600005,prewar,0,0,0,0
2011-11-24,,,,,,,,,,,,prewar,0,0,0,0
2011-11-25,106.08,96.91,93.1455,6.3802,77.66,1162.0,0.7550588945937783,,,,,prewar,0,0,0,0
2011-11-28,109.38,98.21,92.4983,6.3839,78.05,1152.5,0.7499625018749063,0.030634531481074312,0.013325330423223924,-0.00697252073081156,0.0005797510366782888,prewar,0,0,0,0
2011-11-29,111.25,99.79,92.2163,6.3769,77.86,1139.5,0.7494566439331485,0.016951863127722788,0.01595993472653845,-0.003053361446153424,-0.0010971100091106134,prewar,0,0,0,0
2011-11-30,111.22,100.36,91.4728,6.3765,77.58,1140.05,0.7433286255853713,-0.00026969928693176826,0.005695743602000647,-0.008095244195868823,-6.272837049414726e-05,prewar,0,0,0,0
2011-12-01,108.83,100.2,91.227,6.3655,77.6,1126.55,0.7414547341884777,-0.021723190051447183,-0.0015955328474577257,-0.002690754432162379,-0.001726573965254552,prewar,0,0,0,0
2011-12-02,109.59,100.97,91.3532,6.3596,77.88,1128.0,0.7470491558344539,0.006959097767330391,0.007655254365465325,0.0013824064175400608,-0.0009273012271460157,prewar,0,0,0,0
2011-12-05,110.18,100.94,91.1087,6.3629,77.77,1124.5,0.7427764985515858,0.005369262569269395,-0.00029716210411301347,-0.0026800131571889096,0.0005187659774426034,prewar,0,0,0,0
2011-12-06,110.16,101.25,91.2817,6.3645,77.73,1128.5,0.7464357692020602,-0.00018153762417050245,0.003066425074532475,0.0018970302371350556,0.00025142605849248767,prewar,0,0,0,0
2011-12-07,110.07,100.45,91.2331,6.3642,77.69,1129.05,0.7470491558344539,-0.0008173273850990981,-0.007932614725705278,-0.0005325595639220637,-4.713757100960336e-05,prewar,0,0,0,0
2011-12-08,108.23,98.35,91.668,6.3618,77.67,1133.55,0.7505253677574302,-0.016857934728245816,-0.02112754642587511,0.004755584516726863,-0.00037718057967195406,prewar,0,0,0,0
2011-12-09,107.91,99.4,91.6122,6.3641,77.58,1146.6,0.7480550568521843,-0.0029610459314124427,0.010619568827459958,-0.0006089037629166683,0.00036146756222232845,prewar,0,0,0,0
2011-12-12,107.82,97.77,92.3375,6.3604,77.87,1149.2,0.7582650894752806,-0.0008343763521194703,-0.016534332144948927,0.00788589227054981,-0.0005815552837880045,prewar,0,0,0,0
2011-12-13,109.25,100.24,92.5456,6.3648,77.86,1157.0,0.7637085688101422,0.013175663952176286,0.02494952907023329,0.0022511531652407157,0.0006915412214112404,prewar,0,0,0,0
2011-12-14,105.72,94.92,93.2176,6.371,78.08,1158.3,0.7708911501695961,-0.032844744239611146,-0.0545328790202495,0.007235049044910902,0.000973633456835099,prewar,0,0,0,0
2011-12-15,104.52,93.84,92.8858,6.3733,77.87,1156.95,0.7684623069238454,-0.011415649083676094,-0.011443227222343033,-0.0035657634579546738,0.0003609456815942824,prewar,0,0,0,0
2011-12-16,104.0,93.55,92.8252,6.3479,77.65,1158.5,0.7677543186180422,-0.004987541511039417,-0.0030951516251214173,-0.0006526269542561636,-0.003993339268931084,prewar,0,0,0,0
2011-12-19,104.55,93.86,92.8685,6.3376,77.96,1175.5,0.7682261657832066,0.005274526733270335,0.0033082576461724855,0.00046635939490435874,-0.001623901661499172,prewar,0,0,0,0
2011-12-20,107.8,97.16,92.432,6.3459,77.76,1157.0,0.7647598654022636,0.030612232600254252,0.03455479376770043,-0.004711275008791205,0.0013087871935619777,prewar,0,0,0,0
2011-12-21,108.0,98.54,92.5262,6.3386,78.0,1150.8,0.7668711656441718,0.0018535686493228454,0.014103452981845344,0.0010186086169188258,-0.0011510112035848508,prewar,0,0,0,0
2011-12-22,108.98,99.42,92.3883,6.3392,78.13,1154.0,0.7665772326561902,0.009033152030732516,0.008890743550709068,-0.00149150040223045,9.465364660243836e-05,prewar,0,0,0,0
2011-12-23,109.28,99.72,92.3897,6.3364,78.13,1149.0,0.7668711656441718,0.0027490166675274708,0.0030129579888313884,1.5153319118610398e-05,-0.00044179368953622955,prewar,0,0,0,0
2011-12-26,,,,,,,,,,,,prewar,0,0,0,0
2011-12-27,,101.29,92.4137,6.321,77.83,1155.65,0.764876854826373,,,,,prewar,0,0,0,0
2011-12-28,107.54,99.44,92.8374,6.3211,77.98,1157.0,0.7736345350456445,,-0.01843324249624967,0.0045743397886646164,1.5820156461732182e-05,prewar,0,0,0,0
2011-12-29,106.89,99.68,92.7398,6.3187,77.71,1156.5,0.7720815318097591,-0.006062603095678298,0.0024106078366870065,-0.0010518534496553045,-0.00037975284875435555,prewar,0,0,0,0
2011-12-30,108.09,98.83,92.4262,6.2939,76.98,1158.5,0.7708317274339013,0.011163945142257603,-0.008563852651050752,-0.003387234155697527,-0.00393258042931377,prewar,0,0,0,0
2012-01-02,,,,,,,,,,,,prewar,0,0,0,0
2012-01-03,111.12,102.96,91.7551,6.294,76.67,1143.7,0.7656381594058648,,,,,prewar,0,0,0,0
2012-01-04,113.37,103.22,92.0345,6.2941,76.68,1147.35,0.7733952049497294,0.020046107583418404,0.002522069432710161,0.0030404355332063204,1.588802122687305e-05,prewar,0,0,0,0
2012-01-05,113.59,101.81,92.5773,6.3013,77.18,1155.55,0.7822889775483064,0.001938668213822936,-0.013754301601476726,0.00588046445743462,0.0011432746533253102,prewar,0,0,0,0
2012-01-06,111.96,101.56,92.7183,6.3088,77.06,1160.0,0.7859781498074354,-0.014453809596076894,-0.0024585742826275236,0.0015218928805094123,0.0011895228244584999,prewar,0,0,0,0
2012-01-09,111.07,101.31,92.7418,6.3143,76.88,1158.8,0.7846214201647705,-0.007981031468224487,-0.0024646337708915667,0.0002534237836151476,0.0008714183279929788,prewar,0,0,0,0
2012-01-10,113.3,102.24,92.2461,6.3141,76.84,1153.55,0.7823501799405413,0.019878534854932184,0.009137867563638657,-0.005359282271473198,-3.167463811992732e-05,prewar,0,0,0,0
2012-01-11,111.66,100.89,92.554,6.3149,76.9,1159.55,0.7882705344474223,-0.014580628151746211,-0.01329217620893619,0.003332252362500121,0.0001266925332283897,prewar,0,0,0,0
2012-01-12,112.97,99.03,92.2274,6.3177,76.76,1151.25,0.7801529099703541,0.011663756856623131,-0.01860797988707663,-0.0035349915100093554,0.0004432975073782597,prewar,0,0,0,0
2012-01-13,109.88,98.69,92.5385,6.3065,76.9,1150.35,0.7885191610156127,-0.02773343551176488,-0.0034392103492955073,0.003367507683963211,-0.0017743703265946653,prewar,0,0,0,0
2012-01-16,,,,,,,,,,,,prewar,0,0,0,0
2012-01-17,110.55,100.7,92.0142,6.3136,76.8,1142.85,0.7849293563579278,,,,,prewar,0,0,0,0
2012-01-18,109.81,100.61,91.6943,6.3109,76.81,1139.0,0.7797270955165693,-0.0067163076938330235,-0.0008941434205578247,-0.0034826948491026855,-0.00042773971898557583,prewar,0,0,0,0
2012-01-19,109.54,100.32,91.3316,6.3162,77.23,1133.6,0.7729767334003246,-0.0024618202540471756,-0.002886579419348223,-0.003963378677940277,0.0008394643760234466,prewar,0,0,0,0
2012-01-20,108.5,98.15,91.3661,6.333,76.97,1133.0,0.7723200494284832,-0.009539606375060572,-0.02186815616214055,0.00037767306769698195,0.0026562960310962946,prewar,0,0,0,0
2012-01-23,109.46,99.47,90.986,6.333,76.92,1125.4,0.7671653241273494,0.008809012735257582,0.013359170441852086,-0.0041688639779104975,0.0,prewar,0,0,0,0
2012-01-24,108.38,98.84,91.181,6.333,77.78,1129.25,0.7689941556444171,-0.009915615577804182,-0.006353710043913274,0.0021408935150786235,0.0,prewar,0,0,0,0
2012-01-25,108.48,99.23,91.277,6.333,78.13,1129.05,0.7705347511172753,0.0009222540541173885,0.003938006805741523,0.0010522970640760576,0.0,prewar,0,0,0,0
2012-01-26,109.08,99.76,90.3962,6.333,77.47,1120.1,0.7603406326034063,0.005515733785302679,0.00532691344563041,-0.00969660799023675,0.0,prewar,0,0,0,0
2012-01-27,110.5,99.47,90.2559,6.333,76.68,1120.5,0.7580351728320195,0.012933962980420155,-0.0029112102074586588,-0.0015532620789633356,0.0,prewar,0,0,0,0
2012-01-30,110.24,98.75,90.4762,6.331,76.28,1128.0,0.7620208793720947,-0.00235571369245946,-0.007264687383091051,0.002437863656836292,-0.00031585597230376905,prewar,0,0,0,0
2012-01-31,110.26,98.46,90.5538,6.308,76.34,1125.7,0.7661074082586379,0.00018140589618909075,-0.002941029451176469,0.0008573165193936916,-0.0036395324611977475,prewar,0,0,0,0
2012-02-01,111.96,97.63,90.0963,6.3076,76.11,1126.35,0.758782912208817,0.01530045148571535,-0.008465551092474932,-0.005065050925369796,-6.341355149719341e-05,prewar,0,0,0,0
2012-02-02,110.96,96.36,89.8765,6.3017,76.13,1115.65,0.75947444368497,-0.00897188864067644,-0.01309364549090919,-0.0024425925393387615,-0.0009358172825737476,prewar,0,0,0,0
2012-02-03,112.56,97.8,89.8491,6.3027,76.54,1116.0,0.7630093087135663,0.014316636799557081,0.014833399294101213,-0.0003049092640363682,0.00015867474883335397,prewar,0,0,0,0
2012-02-06,115.47,96.89,89.7907,6.312,76.54,1121.0,0.7616146230007617,0.02552434315763108,-0.009348262643858796,-0.0006501900142108497,0.0014744705280189674,prewar,0,0,0,0
2012-02-07,116.86,98.55,89.5968,6.3046,76.88,1117.0,0.7550588945937783,0.01196588116252606,0.016987719201815743,-0.002161801413299358,-0.0011730578521271795,prewar,0,0,0,0
2012-02-08,117.18,98.8,89.6555,6.2938,76.9,1116.4,0.7545461404964914,0.0027345769903517336,0.0025335711550935613,0.0006549428051778605,-0.0017145038489920772,prewar,0,0,0,0
2012-02-09,118.4,99.88,89.6246,6.2947,77.42,1118.55,0.7520493344363389,0.010357508333262544,0.010871860657750254,-0.000344711993198743,0.00014298764769948846,prewar,0,0,0,0
2012-02-10,118.13,98.68,90.1024,6.2991,77.57,1123.0,0.758322590429969,-0.002283009489476129,-0.012087173750416902,0.005316965460075096,0.000698756559422975,prewar,0,0,0,0
2012-02-13,118.73,100.39,89.8895,6.2972,77.52,1119.95,0.7569449701006737,0.005066294717272157,0.017180309042279518,-0.0023656631136041995,-0.00030167589123952787,prewar,0,0,0,0
2012-02-14,118.3,100.82,90.1919,6.2995,78.39,1126.55,0.7605141075366948,-0.0036282366933599874,0.004274147951049301,0.0033584843769673967,0.0003651750102104945,prewar,0,0,0,0
2012-02-15,120.25,101.82,90.1932,6.2998,78.22,1124.65,0.7641170627340108,0.016349138001529262,0.009869799819705705,1.4413607332564027e-05,4.76216932776552e-05,prewar,0,0,0,0
2012-02-16,121.0,102.33,90.3109,6.3014,78.77,1128.65,0.7627765064836003,0.006217636610871047,0.0049963366244734075,0.0013041256866905826,0.0002539440701836426,prewar,0,0,0,0
2012-02-17,120.69,103.27,90.23,6.2985,79.33,1126.25,0.7605141075366948,-0.0025652709669348184,0.009144032584648798,-0.0008961958804309944,-0.0004603211217881764,prewar,0,0,0,0
2012-02-20,,,,,,,,,,,,prewar,0,0,0,0
2012-02-21,120.85,105.88,90.0117,6.296,79.73,1124.25,0.7544322897019993,,,,,prewar,0,0,0,0
2012-02-22,123.07,105.99,90.2472,6.296,80.3,1126.45,0.7546600256584409,0.01820319203475318,0.0010383726802629667,0.002612909919961659,0.0,prewar,0,0,0,0
2012-02-23,124.53,107.44,90.1108,6.298,80.21,1128.9,0.7514277126540427,0.011793351548812225,0.013587802175818453,-0.001512547555469368,0.0003176115637308907,prewar,0,0,0,0
2012-02-24,124.89,109.39,89.9104,6.2976,80.88,1124.0,0.7427764985515858,0.0028866991419365107,0.017986925916717134,-0.002226405365366446,-6.351424309047893e-05,prewar,0,0,0,0
2012-02-27,126.46,108.49,89.9635,6.3012,80.42,1127.25,0.7457121551081283,0.012492702755473317,-0.008261475297340226,0.0005904136346908118,0.0005714830139342819,prewar,0,0,0,0
2012-02-28,124.02,106.59,89.8103,6.2989,80.44,1125.85,0.7433838834374071,-0.01948320970873585,-0.01766830413331366,-0.001704364452277396,-0.00036507647170180846,prewar,0,0,0,0
2012-02-29,122.23,107.08,89.7487,6.2935,81.1,1117.1,0.7485590238790328,-0.014538327132560092,0.0045865199511068155,-0.0006861254787180471,-0.0008576602285523816,prewar,0,0,0,0
2012-03-01,125.76,108.76,89.7817,6.3001,81.16,1116.0,0.7507507507507507,0.02847081289172504,0.01556740111211763,0.0003676257655707005,0.0010481515379623385,prewar,0,0,0,0
2012-03-02,125.93,106.68,90.135,6.2982,81.56,1116.5,0.7574609907589759,0.0013508683368588237,-0.019309920450456097,0.003927378104611634,-0.000301627999715004,prewar,0,0,0,0
2012-03-05,126.68,106.7,90.2748,6.3066,81.43,1116.0,0.7560864962951762,0.005938024652683893,0.00018745899389394083,0.0015498052542834984,0.0013328257875568905,prewar,0,0,0,0
2012-03-06,125.03,104.71,90.8237,6.3082,80.86,1122.64,0.7625438462711607,-0.013110513163530513,-0.018826534008336893,0.006061913056798929,0.00025367029339817826,prewar,0,0,0,0
2012-03-07,125.37,106.16,90.6837,6.3097,81.06,1123.7,0.7605141075366948,0.002715656621025353,0.013752765724581728,-0.0015426371350537593,0.0002377574726484255,prewar,0,0,0,0
2012-03-08,127.96,106.65,90.2598,6.3159,81.5,1117.2,0.7543753771876887,0.020448349953383627,0.004605054893406901,-0.004685449054591118,0.0009821316212088593,prewar,0,0,0,0
2012-03-09,128.08,107.4,90.4341,6.3109,82.59,1116.0,0.7628928898382668,0.0009373536071421995,0.007007737157405103,0.0019292300853654964,-0.000791966335308647,prewar,0,0,0,0
2012-03-12,127.27,106.34,90.6643,6.3258,82.21,1124.15,0.7609770945894528,-0.006344254684504058,-0.00991867399857238,0.002542265685219647,0.002358211701648294,prewar,0,0,0,0
2012-03-13,128.14,106.7,90.5363,6.3266,82.66,1123.45,0.7628346937218705,0.006812602206919927,0.0033796502315155408,-0.0014127990888628261,0.00012645822153367625,prewar,0,0,0,0
2012-03-14,126.98,105.49,90.9325,6.3315,83.78,1126.1,0.7677543186180422,-0.009093822468571489,-0.011404996613990193,0.004366597779171144,0.0007742078581705059,prewar,0,0,0,0
2012-03-15,123.63,105.19,90.7866,6.3282,83.28,1124.85,0.7651109410864576,-0.02673635972346844,-0.002847922942534886,-0.0016057754121661105,-0.0005213393800396204,prewar,0,0,0,0
2012-03-16,125.09,107.03,90.5245,6.3222,83.34,1125.7,0.7592437931819908,0.011740244207814499,0.017340930245101305,-0.00289116532380973,-0.000948586677086638,prewar,0,0,0,0
2012-03-19,125.76,108.09,90.292,6.3191,83.31,1120.35,0.7551729346020238,0.0053418504542461775,0.009855044431827942,-0.0025716693790247547,-0.0004904558964886618,prewar,0,0,0,0
2012-03-20,124.38,105.68,90.6065,6.3203,83.62,1128.05,0.7563152321887763,-0.011033933005153429,-0.022548553214042144,0.003477091483489403,0.00018988243169859587,prewar,0,0,0,0
2012-03-21,123.89,106.87,90.6761,6.3226,83.62,1130.25,0.7581501137225171,-0.003947320548095767,0.011197482322735652,0.0007678619284998689,0.000363840578565533,prewar,0,0,0,0
2012-03-22,122.49,104.98,90.8225,6.299,82.5,1134.6,0.757920266787934,-0.011364681128053,-0.017843286712651896,0.0016132359340614855,-0.003739625325383189,prewar,0,0,0,0
2012-03-23,125.21,106.43,90.6156,6.3021,82.35,1135.0,0.7539772298876574,0.021962933681262342,0.013717636228800067,-0.0022806686101946028,0.0004920205478153861,prewar,0,0,0,0
2012-03-26,125.85,107.07,90.3266,6.3139,82.84,1133.35,0.7503001200480193,0.005098393900468068,0.005995334117224971,-0.003194392969134263,0.0018706410020570274,prewar,0,0,0,0
2012-03-27,125.25,107.32,90.2796,6.3061,83.15,1134.4,0.7498500299940013,-0.004778981616350819,0.0023321993872444935,-0.0005204694087019845,-0.0012361332794321722,prewar,0,0,0,0
2012-03-28,124.41,105.4,90.603,6.3044,82.74,1136.3,0.7518796992481203,-0.006729177038574008,-0.018052389450160966,0.0035758038041544538,-0.0002696165909834569,prewar,0,0,0,0
2012-03-29,123.23,102.79,90.7285,6.3057,82.28,1139.75,0.7538635506973238,-0.009530034976368285,-0.025074564082431472,0.0013842053922061837,0.0002061839326579218,prewar,0,0,0,0
2012-03-30,123.41,103.03,90.4593,6.2975,82.41,1131.4,0.7499625018749063,0.0014596175150609625,0.0023321359321464286,-0.0029715046827956115,-0.0013012570072785667,prewar,0,0,0,0
2012-04-02,124.44,105.25,90.247,6.2979,82.16,1125.75,0.7504690431519699,0.008311526564344085,0.021318264605514337,-0.00234967012965015,6.35152516210713e-05,prewar,0,0,0,0
2012-04-03,,104.02,90.1921,6.2975,82.18,1122.35,0.7497938067031565,,-0.011755284217564999,-0.0006085155788753127,-6.35152516210713e-05,prewar,0,0,0,0
2012-04-04,123.04,101.53,90.8284,6.2975,82.62,1131.25,0.7618467164406522,,-0.02422886703179472,0.007030171949246267,0.0,prewar,0,0,0,0
2012-04-05,123.58,103.29,90.8781,6.3123,82.33,1129.5,0.7654623392529087,0.004379213875499666,0.017186244705410303,0.0005470360305155353,0.002347381686610861,prewar,0,0,0,0
2012-04-06,,,90.9375,6.3052,81.56,1131.75,0.7640003056001222,,,0.0006534093016590248,-0.0011254211609887932,prewar,0,0,0,0
2012-04-09,,102.45,90.9624,6.31,81.36,1138.1,0.7641170627340108,,,0.0002737769526595102,0.0007609867828715089,prewar,0,0,0,0
2012-04-10,121.89,101.12,91.2728,6.3105,80.94,1139.5,0.7652280379553107,,-0.013066944286361348,0.0034065899472643935,7.923616342653261e-05,prewar,0,0,0,0
2012-04-11,120.41,102.66,91.1768,6.3076,80.88,1143.35,0.7631257631257631,-0.012216412763617512,0.015114626733609526,-0.0010523455119599845,-0.0004596571672537131,prewar,0,0,0,0
2012-04-12,120.57,103.69,90.7694,6.3069,80.87,1137.4,0.7592437931819908,0.0013279112250916825,0.009983121438029485,-0.004478254350559929,-0.00011098339224191456,prewar,0,0,0,0
2012-04-13,120.62,102.84,91.0558,6.3022,80.99,1134.2,0.7644091117566121,0.000414610893621159,-0.008231296172497515,0.0031502810046042384,-0.0007454933687056631,prewar,0,0,0,0
2012-04-16,118.23,102.92,91.2355,6.315,80.46,1138.0,0.7652865998316369,-0.020013228147818474,0.0007776050158545544,0.001971570318596072,0.002028977014107536,prewar,0,0,0,0
2012-04-17,117.41,104.23,90.7661,6.3015,80.72,1134.75,0.7620208793720947,-0.006959797232902076,0.012648008337687422,-0.005158207848512397,-0.002140055507045213,prewar,0,0,0,0
2012-04-18,115.18,102.65,90.9326,6.3026,81.29,1139.35,0.7620789513793629,-0.01917596056359372,-0.015274852286288443,0.0018327048746460406,0.0001745463782090173,prewar,0,0,0,0
2012-04-19,117.0,102.38,91.0833,6.3029,81.57,1138.2,0.7614986293024673,0.015677812719229856,-0.0026337624355052824,0.0016558996706885765,4.7598270605186954e-05,prewar,0,0,0,0
2012-04-20,118.08,103.58,90.8066,6.308,81.6,1138.1,0.7568876778686043,0.009188426054405952,0.011652879966308483,-0.00304250223290925,0.0008088241565682441,prewar,0,0,0,0
2012-04-23,116.66,102.68,91.079,6.3084,81.16,1142.5,0.7616726331022926,-0.012098639526670674,-0.008726904992806261,0.002995291586130655,6.340953047367925e-05,prewar,0,0,0,0
2012-04-24,117.74,103.1,90.8153,6.3073,81.21,1138.4,0.7571742257893541,0.009215082274623754,0.004082035019974839,-0.0028994881614705648,-0.0001743858846972035,prewar,0,0,0,0
2012-04-25,117.45,103.72,90.756,6.3039,81.33,1139.0,0.757002271006813,-0.0024660924951938057,0.005995569647549104,-0.0006531869530963519,-0.0005392032609705666,prewar,0,0,0,0
2012-04-26,119.33,104.56,90.6428,6.3054,80.78,1133.0,0.7557436517533254,0.01588005327664277,0.008066108645502723,-0.0012480789806144088,0.0002379196318709198,prewar,0,0,0,0
2012-04-27,119.3,104.86,90.3269,6.3093,80.48,1131.0,0.7548309178743962,-0.00025143527769433405,0.00286505782842017,-0.003491195717965745,0.0006183262581365145,prewar,0,0,0,0
2012-04-30,118.66,104.89,90.3634,6.279,79.81,1130.05,0.7559150351500492,-0.0053790682733732,0.00028605482912613667,0.00040400619730451837,-0.004814003243632792,prewar,0,0,0,0
2012-05-01,119.57,106.17,90.3227,6.3089,80.17,1128.35,0.7560864962951762,0.007639713100991763,0.012129401051969246,-0.00045050505476940117,0.004750602758597955,prewar,0,0,0,0
2012-05-02,117.57,105.25,90.6144,6.307,80.19,1129.1,0.7602250266078759,-0.016868073051838905,-0.008703110462990438,0.00322432771075043,-0.0003012072090560203,prewar,0,0,0,0
2012-05-03,115.91,102.56,90.6839,6.3052,80.36,1130.4,0.7606298014756219,-0.014219872978996406,-0.02589047939013156,0.0007666922790168229,-0.0002854379112640082,prewar,0,0,0,0
2012-05-04,111.66,98.49,91.0497,6.3059,79.84,1134.25,0.7638835841417768,-0.0373554880184388,-0.04049297299074883,0.00402567817965771,0.00011101331378204904,prewar,0,0,0,0
2012-05-07,,97.86,91.0747,6.3074,79.88,1138.0,0.7661661048115231,,-0.006417134320633622,0.000274537625458926,0.00023784418147054787,prewar,0,0,0,0
2012-05-08,110.48,97.13,91.4107,6.3076,79.79,1138.46,0.768344218209758,,-0.007487598446737742,0.0036824905411663167,3.170828379173152e-05,prewar,0,0,0,0
2012-05-09,111.89,96.8,91.7632,6.3096,79.64,1143.95,0.771962328238382,0.012681736718592518,-0.0034032931317078408,0.0038488063544086515,0.0003170275523494137,prewar,0,0,0,0
2012-05-10,112.24,97.1,91.7077,6.314,79.91,1142.15,0.7716644802839725,0.003123189974576057,0.0030943810147476825,-0.0006050005934765679,0.0006971070341559304,prewar,0,0,0,0
2012-05-11,112.5,96.03,91.7306,6.3097,79.86,1146.15,0.7729767334003246,0.002313785850269312,-0.011080732647397618,0.0002496752326957008,-0.0006812582945265877,prewar,0,0,0,0
2012-05-14,110.79,94.75,92.2491,6.321,79.83,1153.5,0.7783918424534911,-0.015316704111893564,-0.01341879868734619,0.0056365063399592685,0.0017892916488881916,prewar,0,0,0,0
2012-05-15,111.4,93.97,92.5235,6.3176,80.09,1156.1,0.783146683373796,0.005490809960602583,-0.008266261567562161,0.0029701395306824807,-0.0005380342889274026,prewar,0,0,0,0
2012-05-16,109.8,92.78,92.903,6.3227,80.32,1166.25,0.7855459544383347,-0.014466798417753779,-0.012744483071375434,0.004093271780168273,0.0008069429169785813,prewar,0,0,0,0
2012-05-17,109.31,92.53,92.9632,6.3247,79.26,1165.75,0.7868439688409788,-0.004472646769685618,-0.0026981830626588987,0.0006477778327109718,0.0003162705404542443,prewar,0,0,0,0
2012-05-18,108.03,91.51,93.1395,6.3245,79.14,1170.0,0.7861017215627703,-0.011778915976850435,-0.011084660333652074,0.0018946533579446978,-3.162255320754426e-05,prewar,0,0,0,0
2012-05-21,109.02,92.57,93.0945,6.3277,79.31,1167.0,0.783146683373796,0.009122385307240855,0.011516859151832648,-0.0004832630011248895,0.0005058408922136159,prewar,0,0,0,0
2012-05-22,109.76,91.44,93.1113,6.3223,79.98,1165.0,0.7852375343541421,0.0067648123414407735,-0.01228209559256399,0.00018044550755735855,-0.0008537549925695664,prewar,0,0,0,0
2012-05-23,106.88,89.4,93.8855,6.3343,79.33,1174.85,0.7956082425013924,-0.026589454189240413,-0.0225623373070869,0.00828040291154597,0.0018962444251602317,prewar,0,0,0,0
2012-05-24,107.2,90.36,93.8027,6.3449,79.47,1176.72,0.7947230390209012,0.00298953884836628,0.010681009420333787,-0.0008823144488729895,0.0016720301705979157,prewar,0,0,0,0
2012-05-25,107.86,90.64,93.9488,6.3439,79.64,1185.0,0.7988496564946477,0.006137841272379596,0.0030939251199484374,0.0015563127803419619,-0.00015761931815005958,prewar,0,0,0,0
2012-05-28,,,,,,,,,,,,prewar,0,0,0,0
2012-05-29,107.55,90.75,93.875,6.3478,79.44,1175.82,0.800768737988469,,,,,prewar,0,0,0,0
2012-05-30,103.85,87.79,94.302,6.3574,78.93,1180.41,0.8061265618702137,-0.035008305391617256,-0.03316087420684344,0.004538288237948329,0.0015111925553257244,prewar,0,0,0,0
2012-05-31,103.86,86.52,94.6856,6.3684,78.29,1180.0,0.8087997411840828,9.628809405093364e-05,-0.0145719978532588,0.004059531173514763,0.0017287719026857218,prewar,0,0,0,0
2012-06-01,98.63,83.17,94.6979,6.3692,78.21,1182.0,0.8051529790660226,-0.05166836345027015,-0.03948889520426224,0.00012989516000416756,0.00012561236042119006,prewar,0,0,0,0
2012-06-04,97.74,83.95,94.5184,6.3641,78.3,1178.99,0.8003201280512204,-0.009064583123893577,0.009334677642954148,-0.0018973001146962432,-0.0008010492602410491,prewar,0,0,0,0
2012-06-05,98.65,84.31,94.6184,6.367,78.57,1177.08,0.804052424218059,0.009267340626615272,0.004279098411034354,0.0010574357747206165,0.0004555772949954573,prewar,0,0,0,0
2012-06-06,101.14,85.05,94.0362,6.3634,79.11,1173.89,0.7977662544874351,0.024927463183212595,0.00873883690728583,-0.006172145797238571,-0.00056557533085555,prewar,0,0,0,0
2012-06-07,100.05,84.78,93.774,6.3634,79.67,1162.75,0.795671546785487,-0.010835634622094581,-0.0031796529173790944,-0.0027921824304408815,0.0,prewar,0,0,0,0
2012-06-08,97.57,84.08,94.2024,6.37,79.47,1173.59,0.801153661272232,-0.0250999919098831,-0.008290939355795501,0.004558026876661181,0.001036643880039323,prewar,0,0,0,0
2012-06-11,98.6,82.58,94.0369,6.369,79.5,1171.0,0.799744081893794,0.010501192488730382,-0.01800120611075151,-0.0017584005321253926,-0.00015699819484327193,prewar,0,0,0,0
2012-06-12,96.59,83.35,94.0693,6.3703,79.44,1168.5,0.8014747134727899,-0.0205960454173848,0.009281088738858578,0.0003444862563855011,0.0002040928472542003,prewar,0,0,0,0
2012-06-13,97.29,82.56,93.8309,6.3685,79.35,1166.23,0.7939028262940616,0.007220992796131753,-0.009523307463550346,-0.002537518618090928,-0.0002826011888059643,prewar,0,0,0,0
2012-06-14,96.46,83.83,93.8152,6.3702,79.29,1163.78,0.7931472081218275,-0.00856779434651056,0.015265636916513614,-0.0001673362786291932,0.0002669032177682329,prewar,0,0,0,0
2012-06-15,97.13,84.03,93.5203,6.3649,78.65,1164.25,0.7915776141850708,0.0069218727734137175,0.0023829392903609303,-0.0031483647636703083,-0.0008323452985821156,prewar,0,0,0,0
2012-06-18,95.21,83.26,93.6431,6.3539,78.95,1157.0,0.7950389569088885,-0.01996530911663985,-0.009205636173297727,0.0013122225565584955,-0.0017297233611053286,prewar,0,0,0,0
2012-06-19,95.14,83.99,93.0524,6.3542,78.92,1153.0,0.7878978884336589,-0.0007354872934639545,0.008729502370706577,-0.006327972244932312,4.721398164253543e-05,prewar,0,0,0,0
2012-06-20,93.5,81.06,93.1602,6.3597,79.54,1151.37,0.7872156183578682,-0.017388054709494227,-0.035508122937373265,0.0011578165177068556,0.0008651948407791821,prewar,0,0,0,0
2012-06-21,89.22,77.91,93.6378,6.3644,80.18,1153.75,0.794533608771651,-0.04685620659452283,-0.039635306857396024,0.0051135562555071346,0.0007387556233848791,prewar,0,0,0,0
2012-06-22,89.22,79.33,93.9205,6.3644,80.52,1158.34,0.7971303308090874,0.0,0.01806205297114527,0.0030145316318606064,0.0,prewar,0,0,0,0
2012-06-25,88.69,78.76,94.1757,6.3631,79.5,1163.25,0.8012820512820513,-0.005958086311757427,-0.007211113542987313,0.0027135067756711706,-0.0002042820671019907,prewar,0,0,0,0
2012-06-26,90.19,79.34,93.9859,6.3626,79.46,1157.6,0.8018603159329644,0.016771412789255535,0.007337161315259522,-0.0020174155021353,-7.858113899561481e-05,prewar,0,0,0,0
2012-06-27,92.06,80.27,93.8728,6.3561,79.83,1156.01,0.8027614995584812,0.02052198221147883,0.011653537057301655,-0.0012040966286344101,-0.001022117129249267,prewar,0,0,0,0
2012-06-28,91.02,77.72,94.0203,6.357,79.35,1157.61,0.804311107536395,-0.01136127580060009,-0.03228332763424646,0.0015700420111155466,0.00014158623805426984,prewar,0,0,0,0
2012-06-29,94.17,85.04,92.9096,6.353,79.81,1141.17,0.7893905904641617,0.03402239693347653,0.09000910952445285,-0.011883738999038052,-0.0006294256698755607,prewar,0,0,0,0
2012-07-02,95.28,83.72,92.951,6.3487,79.42,1143.4,0.7946598855689765,0.011718265525072269,-0.015643836455892846,0.00044549517955605467,-0.0006770747481472661,prewar,0,0,0,0
2012-07-03,99.89,87.74,92.6508,6.3519,79.77,1133.0,0.7923930269413629,0.047249655497013876,0.04689999816026891,-0.0032348852412686924,0.0005039132116142486,prewar,0,0,0,0
2012-07-04,,,,,,,,,,,,prewar,0,0,0,0
2012-07-05,101.54,87.11,93.2211,6.3557,79.95,1133.54,0.8074935400516796,,,,,prewar,0,0,0,0
2012-07-06,98.5,84.37,93.7087,6.364,79.61,1140.3,0.8141333550435562,-0.03039626134120521,-0.03195979965326501,0.005216943535986118,0.001305062411540936,prewar,0,0,0,0
2012-07-09,99.94,85.93,93.6974,6.3709,79.66,1141.88,0.8130742336775347,0.01451345773801549,0.018321123147596374,-0.00012059372681694214,0.0010836364125674791,prewar,0,0,0,0
2012-07-10,99.15,83.92,93.5552,6.3654,79.44,1140.63,0.8159934720522236,-0.007936150950253129,-0.023669047237090624,-0.0015188043032265952,-0.0008636731769642303,prewar,0,0,0,0
2012-07-11,99.23,85.88,93.5981,6.3682,79.7,1140.5,0.8167265599477296,0.0008065329603450522,0.023087008922538566,0.00045844770839043036,0.0004397813729233313,prewar,0,0,0,0
2012-07-12,99.18,86.02,93.9298,6.3732,79.29,1154.04,0.8197393228953193,-0.0005040068651629426,0.0016288543450100335,0.0035376106267577256,0.0007848431501495945,prewar,0,0,0,0
2012-07-13,101.91,87.15,93.5515,6.3789,79.2,1147.53,0.8175277959450621,0.027153689779614965,0.013050944610440318,-0.004035607961116128,0.000893970464411753,prewar,0,0,0,0
2012-07-16,102.1,88.41,93.3746,6.3784,78.8,1146.18,0.8151952392598028,0.0018626543300168663,0.014354313451682366,-0.001892727155927254,-7.838649247982055e-05,prewar,0,0,0,0
2012-07-17,104.21,89.07,93.3479,6.3725,79.04,1144.83,0.8173941474579042,0.02045536883371657,0.007437492026065584,-0.000285985890098317,-0.0009254249380152846,prewar,0,0,0,0
2012-07-18,105.92,89.88,93.0973,6.369,78.79,1141.34,0.8155941603458119,0.016275998184362095,0.009052869873349856,-0.0026881909634646206,-0.0005493858789045181,prewar,0,0,0,0
2012-07-19,107.79,92.78,93.0438,6.3724,78.6,1138.3,0.8158603247124092,0.017500797604839136,0.03175565200646968,-0.0005748327636743156,0.000533693327373852,prewar,0,0,0,0
2012-07-20,106.98,91.56,93.3653,6.3734,78.49,1142.0,0.8212877792378449,-0.007542988690433461,-0.013236604239232008,0.003449405836709829,0.00015691443488097256,prewar,0,0,0,0
2012-07-23,103.91,87.77,93.9297,6.3856,78.38,1151.03,0.8246742536698005,-0.029116761238548783,-0.04227473848033991,0.006026874272145655,0.0019123761608488277,prewar,0,0,0,0
2012-07-24,103.57,88.28,94.2635,6.3857,78.19,1148.78,0.8290499088045101,-0.0032774272637672297,0.005793824784509738,0.0035474220115343513,1.5660112909765544e-05,prewar,0,0,0,0
2012-07-25,102.35,88.8,94.0564,6.3879,78.21,1148.89,0.8242664029014177,-0.011849400493488815,0.005873068609588472,-0.0021994498031121523,0.0003444604530833395,prewar,0,0,0,0
2012-07-26,104.77,89.4,93.3595,6.3839,78.24,1146.17,0.8143322475570033,0.02336915925757488,0.006734032181344496,-0.007436969990695097,-0.0006263800139032494,prewar,0,0,0,0
2012-07-27,106.3,90.13,92.9333,6.3807,78.55,1138.01,0.8084074373484236,0.014497813983028074,0.008132390388849942,-0.0045756008131387915,-0.0005013866579504089,prewar,0,0,0,0
2012-07-30,106.54,89.8,93.0524,6.3792,78.2,1137.22,0.8163265306122448,0.002255216140951255,-0.0036680972601645934,0.0012807438021305018,-0.00023511156151845292,prewar,0,0,0,0
2012-07-31,105.93,88.08,92.8422,6.361,78.1,1130.27,0.8120178643930166,-0.00574200288044846,-0.019339482893729887,-0.002261497532329848,-0.0028570999482862014,prewar,0,0,0,0
2012-08-01,106.78,88.99,92.8905,6.368,78.19,1126.56,0.8130742336775347,0.007992144463635498,0.010278511454346884,0.0005201022877372452,0.0010998508454147515,prewar,0,0,0,0
2012-08-02,107.55,87.22,93.4269,6.3671,78.22,1131.58,0.823113013416742,0.0071852126416986906,-0.020090341454150895,0.005757932237926866,-0.00014134164655144055,prewar,0,0,0,0
2012-08-03,109.57,91.4,92.6048,6.3721,78.6,1134.25,0.8071025020177562,0.01860775870356335,0.046811816045484456,-0.008838336171768546,0.0007849786888887156,prewar,0,0,0,0
2012-08-06,110.01,92.3,92.4339,6.3738,78.17,1127.93,0.8050233456770246,0.004007656334041876,0.009798663048702139,-0.0018471816824670029,0.000266752447466434,prewar,0,0,0,0
2012-08-07,112.39,93.68,92.5128,6.3664,78.71,1128.7,0.8050233456770246,0.021403694778832083,0.01484057778065484,0.0008532188439858146,-0.0011616773413585246,prewar,0,0,0,0
2012-08-08,113.42,93.39,92.5407,6.361,78.44,1129.77,0.8087997411840828,0.009122777055705633,-0.0031004461678350026,0.0003015344234116313,-0.0008485629938599359,prewar,0,0,0,0
2012-08-09,113.52,93.39,92.6057,6.3579,78.64,1126.0,0.8144648965629582,0.0008812902659052213,0.0,0.0007021470865273827,-0.0004874635481662004,prewar,0,0,0,0
2012-08-10,113.13,92.94,92.5129,6.3599,78.24,1130.75,0.813140348024069,-0.0034414329134113686,-0.004830149464794431,-0.0010026005790191306,0.00031451980947760916,prewar,0,0,0,0
2012-08-13,114.48,92.76,92.5955,6.3611,78.34,1128.73,0.8104384471999352,0.011862535309820288,-0.0019386112695007895,0.0008924501047209432,0.00018866441373477372,prewar,0,0,0,0
2012-08-14,113.9,93.4,92.6152,6.3586,78.82,1130.24,0.8110957904128477,-0.005079264795059046,0.006875832847465624,0.00021273069076777062,-0.0003930910370830709,prewar,0,0,0,0
2012-08-15,115.51,94.35,92.6838,6.3619,78.89,1130.08,0.8138020833333334,0.014036235847451728,0.010119926579761795,0.0007404249686615572,0.0005188475412178928,prewar,0,0,0,0
2012-08-16,116.12,95.66,92.5737,6.3659,79.25,1133.19,0.8093234056328908,0.005267032855840625,0.013788966437592087,-0.0011886159854528344,0.0006285454095271703,prewar,0,0,0,0
2012-08-17,115.2,96.0,92.711,6.358,79.5,1134.72,0.8120178643930166,-0.00795439089463823,0.00354795321568524,0.0014820438506912836,-0.0012417577967644977,prewar,0,0,0,0
2012-08-20,115.5,96.03,92.6263,6.3592,79.41,1134.93,0.8101758081503687,0.0026007817000568423,0.0003124511820455922,-0.000914009278182526,0.0001887207881550168,prewar,0,0,0,0
2012-08-21,116.03,96.55,92.3053,6.3559,79.43,1130.37,0.8017960230917254,0.004578248397606011,0.005400366224641573,-0.0034715572934329586,-0.000519067891576741,prewar,0,0,0,0
2012-08-22,115.77,96.89,92.4362,6.3515,79.19,1135.56,0.8017960230917254,-0.0022433141418165548,0.0035153055223897667,0.001417115503622668,-0.0006925099038108673,prewar,0,0,0,0
2012-08-23,117.45,95.87,92.1057,6.3535,78.46,1131.35,0.7947230390209012,0.01440724688728423,-0.010583207308007658,-0.0035818462186538724,0.00031483668107368246,prewar,0,0,0,0
2012-08-24,115.76,95.78,92.2785,6.3542,78.65,1134.15,0.7978935609989627,-0.014493628781693246,-0.000939212174442261,0.001874347699962975,0.00011016942494834758,prewar,0,0,0,0
2012-08-27,113.74,95.54,92.3135,6.3558,78.67,1134.49,0.799105002397315,-0.017603940444574917,-0.0025088869526470603,0.00037921470507384925,0.0002517702609681205,prewar,0,0,0,0
2012-08-28,112.62,96.3,92.2033,6.3525,78.5,1134.45,0.795924864692773,-0.009895822052181202,0.007923310842263831,-0.001194471322963686,-0.0005193456361862747,prewar,0,0,0,0
2012-08-29,112.53,95.5,92.3823,6.3513,78.72,1134.97,0.7975753708725475,-0.0007994670645663504,-0.008342071317395394,0.001939480177330033,-0.00018891985131519462,prewar,0,0,0,0
2012-08-30,112.28,94.61,92.6239,6.3494,78.55,1134.18,0.8001920460910619,-0.0022241012682240324,-0.009363068770331218,0.0026118058458601823,-0.0002991961095333284,prewar,0,0,0,0
2012-08-31,113.93,96.47,92.1677,6.3484,78.3,1133.2,0.7950389569088885,0.01458847321634238,0.019468900466108607,-0.004937463897610961,-0.00015750760006727482,prewar,0,0,0,0
2012-09-03,,,,,,,,,,,,prewar,0,0,0,0
2012-09-04,114.98,95.34,92.1582,6.3465,78.35,1133.23,0.7957981855801369,,,,,prewar,0,0,0,0
2012-09-05,113.32,95.37,92.1262,6.3489,78.34,1135.96,0.7934618741569468,-0.014542525232829284,0.00031461381414121803,-0.0003472893019873524,0.0003780897062859445,prewar,0,0,0,0
2012-09-06,114.5,95.58,91.8973,6.3428,78.96,1133.45,0.7920164739426581,0.010359148031978904,0.0021995295591912267,-0.002487727035417997,-0.0009612582191051988,prewar,0,0,0,0
2012-09-07,113.64,96.41,91.3469,6.3428,78.14,1129.85,0.7814942169427945,-0.007539266008307344,0.00864633752627686,-0.006007302334487541,0.0,prewar,0,0,0,0
2012-09-10,113.84,96.52,91.3102,6.3375,78.24,1128.55,0.7815552950371238,0.001758396795609407,0.0011403100805420507,-0.0004018458685033366,-0.0008359424159738449,prewar,0,0,0,0
2012-09-11,114.86,97.03,91.0575,6.3349,77.78,1127.94,0.7777259293824855,0.008920041654553401,0.005269968280376958,-0.0027713258623442982,-0.00041034058844147125,prewar,0,0,0,0
2012-09-12,114.86,97.02,91.0477,6.3261,77.86,1126.6,0.7755545214828602,0.0,-0.00010306622013800393,-0.00010763009523540035,-0.0013900957929180446,prewar,0,0,0,0
2012-09-13,116.0,98.3,90.9632,6.3294,77.41,1128.49,0.7744733581164809,0.009876195670214472,0.013106884336050229,-0.0009285158863665544,0.0005215123977388991,prewar,0,0,0,0
2012-09-14,117.48,98.94,90.1436,6.3145,78.22,1116.65,0.7609191903819814,0.012677915224054814,0.006489578646442062,-0.009051074783076984,-0.002356868829593406,prewar,0,0,0,0
2012-09-17,116.7,96.51,90.2837,6.317,78.68,1116.39,0.7619047619047619,-0.006661567037909322,-0.024866975880518005,0.0015529803766627381,0.0003958358124758199,prewar,0,0,0,0
2012-09-18,113.29,95.25,90.5029,6.3187,78.59,1117.95,0.7662248103593595,-0.029655636407112773,-0.013141615912234172,0.002424959675284555,0.00026907888130556223,prewar,0,0,0,0
2012-09-19,108.49,91.97,90.4646,6.3091,78.4,1115.74,0.7654037504783774,-0.04329290005103825,-0.03504257709220404,-0.00042328042960093626,-0.0015204551623286822,prewar,0,0,0,0
2012-09-20,109.41,92.14,90.7631,6.3036,78.3,1121.25,0.7723200494284832,0.008444290654339603,0.0018467225931644293,0.0032942013824328598,-0.0008721368697610643,prewar,0,0,0,0
2012-09-21,111.27,92.64,90.5342,6.3051,78.17,1118.7,0.7698229407236336,0.016857386680910302,0.005411854316914599,-0.0025251354722666264,0.00023793095356006155,prewar,0,0,0,0
2012-09-24,109.2,91.68,90.8263,6.309,77.9,1120.34,0.7746533426291735,-0.01877861685880422,-0.010416760858255714,0.0032212113726419744,0.0006183556693331038,prewar,0,0,0,0
2012-09-25,110.77,91.07,90.6074,6.3057,77.91,1119.3,0.772499034376207,0.014274916218036893,-0.006675811386702257,-0.0024130038268932452,-0.0005231991367655731,prewar,0,0,0,0
2012-09-26,108.99,89.92,91.0028,6.3015,77.78,1119.2,0.7780890133831311,-0.016199844627621474,-0.012708055434346832,0.004354387856571051,-0.0006662859564974255,prewar,0,0,0,0
2012-09-27,111.45,91.89,90.7538,6.3021,77.62,1116.03,0.7767593599502873,0.02231992493065782,0.021671823367412912,-0.002739929727720636,9.521089219810541e-05,prewar,0,0,0,0
2012-09-28,111.36,92.18,90.8342,6.2848,77.92,1111.21,0.7778469197261978,-0.0008078632457682033,0.003150977779569075,0.000885521127538702,-0.002748891449652513,prewar,0,0,0,0
2012-10-01,112.58,92.44,90.7011,6.284,78.0,1112.29,0.7751937984496123,0.010895883449770771,0.0028165981138172924,-0.0014663817323699035,-0.00012729934458022285,prewar,0,0,0,0
2012-10-02,112.49,91.88,90.644,6.284,78.01,1112.5,0.7721411474017451,-0.000799751231146395,-0.006076407585282162,-0.0006297385690263724,0.0,prewar,0,0,0,0
2012-10-03,109.32,88.19,90.8726,6.284,78.57,1112.88,0.7746533426291735,-0.02858496774486685,-0.04098979992080842,0.0025187792285432664,0.0,prewar,0,0,0,0
2012-10-04,110.48,91.69,90.4932,6.284,78.44,1111.6,0.7691716021844474,0.010555148041169637,0.03891974416171973,-0.004183815839898131,0.0,prewar,0,0,0,0
2012-10-05,112.17,89.87,90.2851,6.284,78.66,1107.0,0.7657554177195803,0.015181068556095134,-0.020049140391527054,-0.002302268490393722,0.0,prewar,0,0,0,0
2012-10-08,112.6,89.43,,,,,,0.0038261380484581053,-0.004907985312192054,,,prewar,0,0,0,0
2012-10-09,114.32,92.42,90.8703,6.2877,78.23,1111.22,0.7766387076731904,0.015159817916021723,0.032887209084030644,,,prewar,0,0,0,0
2012-10-10,116.11,91.24,90.883,6.2831,78.26,1114.61,0.7759155803848542,0.015536484017302676,-0.012850008025933057,0.000139749869968675,-0.0007318548072225983,prewar,0,0,0,0
2012-10-11,116.18,92.19,90.7437,6.2765,78.44,1112.07,0.7735148514851485,0.000602694925471603,0.010358267394315668,-0.0015339157438107875,-0.0010509889817378326,prewar,0,0,0,0
2012-10-12,115.17,91.83,90.6833,6.267,78.31,1110.5,0.7724393635099644,-0.00873141488357021,-0.003912623185072128,-0.0006658325633059903,-0.0015147290335877361,prewar,0,0,0,0
2012-10-15,115.0,91.84,90.6409,6.27,78.76,1110.24,0.7722007722007722,-0.0014771693175656964,0.00010889094582555714,-0.00046767062281638516,0.0004785834022908997,prewar,0,0,0,0
2012-10-16,115.0,92.07,90.5583,6.2637,78.92,1106.1,0.7671064743786437,0.0,0.002501224728497675,-0.0009117038675823252,-0.0010052898235268781,prewar,0,0,0,0
2012-10-17,113.49,92.04,90.2309,6.254,78.74,1104.74,0.7614406457016676,-0.01321740105020286,-0.0003258921325892672,-0.0036219017276186705,-0.0015498057856531133,prewar,0,0,0,0
2012-10-18,112.58,92.0,90.3804,6.2501,79.24,1104.66,0.7630093087135663,-0.008050647277166867,-0.00043468811812452657,0.001655489265000476,-0.0006237954153378578,prewar,0,0,0,0
2012-10-19,111.89,90.0,90.8107,6.2533,79.26,1105.51,0.7679311933650744,-0.006147834216251091,-0.02197890671877545,0.004749690342934265,0.0005118607850451706,prewar,0,0,0,0
2012-10-22,109.62,88.3,90.7911,6.2543,79.84,1103.98,0.7655209369976269,-0.0204964062016586,-0.01906956272035032,-0.0002158568921242221,0.0001599027794509933,prewar,0,0,0,0
2012-10-23,107.53,86.65,91.0945,6.2478,79.79,1103.1,0.7709505820676895,-0.019249961215535905,-0.01886309144829923,0.0033361660450692554,-0.001039825403039485,prewar,0,0,0,0
2012-10-24,107.66,85.39,91.1275,6.2478,79.82,1103.12,0.7724393635099644,0.0012082347303765673,-0.014648018242100491,0.0003621955676127442,0.0,prewar,0,0,0,0
2012-10-25,107.64,85.59,91.02,6.2416,80.04,1098.0,0.7717240314863405,-0.00018578727410645257,0.0023394559740035348,-0.0011803622062478425,-0.000992842011513062,prewar,0,0,0,0
2012-10-26,108.9,85.84,91.1411,6.248,79.63,1097.03,0.7729169887154119,0.011637704080209588,0.0029166444289243643,0.0013295925182736923,0.0010248527671297136,prewar,0,0,0,0
2012-10-29,109.33,85.52,,6.2384,79.81,1095.76,0.7748334108166745,0.003940801507479108,-0.003734831605653355,,-0.0015376732911889235,prewar,0,0,0,0
2012-10-30,109.4,85.65,,6.2396,79.58,1091.33,0.7704753833115031,0.0006400585414869653,0.0015189580533396807,,0.00019233851638067456,prewar,0,0,0,0
2012-10-31,109.89,86.23,91.1609,6.2372,79.94,1090.17,0.7717240314863405,0.004468975470952152,0.006748920194104002,,-0.00038471403398321335,prewar,0,0,0,0
2012-11-01,108.84,87.05,91.1217,6.2393,80.14,1090.27,0.7729767334003246,-0.009600951543787595,0.009464521249964442,-0.0004301013986447444,0.0003366328729741408,prewar,0,0,0,0
2012-11-02,106.79,84.9,91.281,6.2411,80.53,1090.7,0.7783312577833126,-0.019014624731591212,-0.025008572896895842,0.001746685114867752,0.00028845229519580684,prewar,0,0,0,0
2012-11-05,105.59,85.64,91.4778,6.2452,80.17,1091.0,0.7818608287724785,-0.011300619365030684,0.008678370404179958,0.0021536590967681235,0.0006567197884648213,prewar,0,0,0,0
2012-11-06,109.27,88.62,91.2908,6.2454,80.28,1090.19,0.7801529099703541,0.03425821376423066,0.034205102049861935,-0.0020463040725049453,3.202408211255836e-05,prewar,0,0,0,0
2012-11-07,108.21,84.5,91.4514,6.2435,79.85,1086.5,0.7837604827964574,-0.009748099999097093,-0.04760603140821562,0.0017576678112272148,-0.00030427019427792246,prewar,0,0,0,0
2012-11-08,107.23,85.07,91.5375,6.2427,79.74,1089.23,0.7849293563579278,-0.009097723351502829,0.006722912624664623,0.0009410407555199285,-0.00012814146835626872,prewar,0,0,0,0
2012-11-09,108.61,86.08,91.6871,6.245,79.46,1087.76,0.7864726700747149,0.01278742405989064,0.011802649425681544,0.0016329688616423255,0.00036836247283456025,prewar,0,0,0,0
2012-11-12,110.23,85.56,,,,,,0.014805607683279653,-0.006059212199269304,,,prewar,0,0,0,0
2012-11-13,108.82,85.38,91.7356,6.226,79.42,1089.44,0.786410821012897,-0.012873950917445143,-0.002106002884389113,,,prewar,0,0,0,0
2012-11-14,109.66,86.32,91.7942,6.225,80.2,1086.0,0.7849293563579278,0.007689528918123578,0.010949439620063117,0.0006385884144304299,-0.00016062966864516248,prewar,0,0,0,0
2012-11-15,110.07,85.45,91.8837,6.2329,81.16,1088.5,0.7822889775483064,0.003731857059397825,-0.010129911388278678,0.0009745321248040284,0.0012682717085443773,prewar,0,0,0,0
2012-11-16,106.81,86.62,92.0095,6.2354,81.28,1091.77,0.7864726700747149,-0.030064971933696505,0.013599326224880137,0.0013681856601994724,0.0004010169844330669,prewar,0,0,0,0
2012-11-19,110.06,89.05,91.5653,6.2343,81.18,1085.97,0.7808839606434484,0.02997411653000892,0.02766727394919055,-0.0048394536389695375,-0.00017642766110714803,prewar,0,0,0,0
2012-11-20,110.01,86.46,91.556,6.2324,81.72,1082.58,0.7803964413922272,-0.00045440088026893477,-0.02951613049618551,-0.00010157201819716022,-0.00030481202157917053,prewar,0,0,0,0
2012-11-21,110.81,87.08,91.6645,6.23,82.36,1082.0,0.780274656679151,0.007245752196889832,0.0071453571268609295,0.0011843654250798252,-0.00038515856170073803,prewar,0,0,0,0
2012-11-22,,,,,,,,,,,,prewar,0,0,0,0
2012-11-23,110.14,87.01,91.2616,6.2275,82.34,1085.0,0.7716644802839725,,,,,prewar,0,0,0,0
2012-11-26,110.18,87.28,91.2789,6.2253,82.11,1085.62,0.7712478790683326,0.0003631082102346639,0.0030982869468818564,0.00018954697781303764,-0.00035333419357708173,prewar,0,0,0,0
2012-11-27,109.33,86.81,91.2608,6.2221,82.23,1086.25,0.7727975270479134,-0.00774456059817652,-0.005399519121098706,-0.00019831302515882498,-0.000514163611757823,prewar,0,0,0,0
2012-11-28,108.26,86.1,91.33,6.2273,81.84,1085.35,0.773814129846011,-0.009835090077562114,-0.00821241097003167,0.0007579790801415243,0.0008353816733990271,prewar,0,0,0,0
2012-11-29,110.47,87.64,91.2104,6.2281,82.06,1083.17,0.7720219254226821,0.020208249515352605,0.017728103293580766,-0.0013103950370894069,0.0001284583395315675,prewar,0,0,0,0
2012-11-30,110.84,88.54,91.1038,6.2265,82.54,1081.75,0.7686395080707149,0.0033437291105933298,0.01021691257672952,-0.001169409866571769,-0.00025693318272801413,prewar,0,0,0,0
2012-12-03,111.27,88.69,91.0084,6.2277,82.24,1082.65,0.765345170671973,0.0038719601748313792,0.0016927160843662747,-0.0010477058508620019,0.00019270607565524678,prewar,0,0,0,0
2012-12-04,109.99,88.04,90.9748,6.2254,81.86,1083.69,0.7644675483525724,-0.011570227600583571,-0.007355886730100458,-0.0003692648594135761,-0.00036938594023205873,prewar,0,0,0,0
2012-12-05,108.96,87.36,90.9423,6.2251,82.4,1081.99,0.7647013841095052,-0.009408610167823461,-0.007753744661665785,-0.0003573056116845663,-4.819083571860894e-05,prewar,0,0,0,0
2012-12-06,108.01,85.47,91.0629,6.2282,82.29,1083.3,0.7711289327575571,-0.008757026970818593,-0.021872074818668708,0.0013252370553180626,0.000497860015262086,prewar,0,0,0,0
2012-12-07,107.16,85.45,91.0437,6.2299,82.37,1081.56,0.7726781023025807,-0.00790077075397555,-0.00023402761632596025,-0.0002108655048322916,0.0002729148121385361,prewar,0,0,0,0
2012-12-10,108.25,85.14,90.9631,6.2296,82.37,1077.43,0.7733952049497294,0.01012032220619119,-0.0036344491615940555,-0.0008856812522255453,-4.815602553209786e-05,prewar,0,0,0,0
2012-12-11,107.6,85.36,90.8403,6.246,82.42,1074.85,0.769704433497537,-0.006022719154914924,0.0025806465934916645,-0.0013509100344144542,0.0026291335802477445,prewar,0,0,0,0
2012-12-12,110.17,86.35,90.7708,6.2502,83.1,1073.35,0.7669888019634913,0.023603979624289728,0.01153119759919008,-0.0007653717574838126,0.0006722043754341378,prewar,0,0,0,0
2012-12-13,110.18,85.39,90.776,6.2316,83.54,1073.9,0.7647013841095052,9.07646925965011e-05,-0.011179806673172976,5.728550435968316e-05,-0.0029803415801845645,prewar,0,0,0,0
2012-12-14,109.28,86.32,90.7156,6.241,83.52,1074.74,0.7613826709304097,-0.00820199622209028,0.010832323030363966,-0.0006655955672858482,0.001507304295769396,prewar,0,0,0,0
2012-12-17,109.35,86.71,90.6193,6.236,83.7,1072.3,0.7593591009188245,0.0006403513002970485,0.004507896439189807,-0.0010621232763590172,-0.0008014747563758196,prewar,0,0,0,0
2012-12-18,109.96,87.46,90.5161,6.2322,84.0,1072.75,0.7562008469449486,0.005562916174268295,0.008612328595705598,-0.0011394792091037331,-0.000609550715846563,prewar,0,0,0,0
2012-12-19,109.95,89.09,90.4896,6.2293,84.32,1071.4,0.7541478129713424,-9.094629627526274e-05,0.018465548747777838,-0.00029280846060952825,-0.00046543354369066314,prewar,0,0,0,0
2012-12-20,110.57,89.76,90.6002,6.2297,84.33,1074.3,0.7562008469449486,0.005623087553540351,0.007492347041834435,0.0012214935766854396,6.421061082551027e-05,prewar,0,0,0,0
2012-12-21,109.13,88.2,90.9597,6.2284,84.1,1075.4,0.7595321282090233,-0.013108972429312082,-0.0175324787616411,0.0039601307317918,-0.00020869956168589887,prewar,0,0,0,0
2012-12-24,108.44,88.29,91.0354,6.2335,84.81,1073.24,0.758782912208817,-0.006342807494533531,0.0010198879007452533,0.0008318905768964768,0.0008184948177600848,prewar,0,0,0,0
2012-12-25,,,,,,,,,,,,prewar,0,0,0,0
2012-12-26,110.72,90.71,91.0606,6.2351,85.62,1072.29,0.7559721802237678,,,,,prewar,0,0,0,0
2012-12-27,110.04,90.91,91.1037,6.2358,86.06,1071.67,0.7559721802237678,-0.006160555812985358,0.0022024015069135316,0.0004731992031832277,0.00011226134452768655,prewar,0,0,0,0
2012-12-28,110.05,90.66,91.0419,6.2315,86.12,1070.4,0.75642965204236,9.08719160968019e-05,-0.0027537606210632504,-0.0006785780427458477,-0.0006898045559993182,prewar,0,0,0,0
2012-12-31,110.8,91.83,91.0834,6.2301,86.64,1063.24,0.7583801001061732,0.006791966340712996,0.01282279611272763,0.0004557302112146999,-0.0002246902493885372,prewar,0,0,0,0
2013-01-01,,,,,,,,,,,,prewar,0,0,0,0
2013-01-02,112.98,93.14,90.6941,6.2301,87.1,1063.3,0.7578628268283442,,,,,prewar,0,0,0,0
2013-01-03,113.03,92.97,90.8097,6.2301,86.92,1062.95,0.7627765064836003,0.0004424583055238074,-0.0018268770864642292,0.0012738027041949707,0.0,prewar,0,0,0,0
2013-01-04,112.58,93.12,91.1025,6.2303,88.14,1062.0,0.7664597225415805,-0.003989190166759471,0.001612123515361219,0.003219138165043489,3.210169818257391e-05,prewar,0,0,0,0
2013-01-07,112.49,93.2,90.9852,6.2294,87.68,1062.5,0.7634170547370028,-0.000799751231146395,0.0008587377084179337,-0.0012883903330758173,-0.00014446575785376226,prewar,0,0,0,0
2013-01-08,113.03,93.21,91.057,6.2235,87.31,1063.5,0.7652280379553107,0.004788941397905866,0.00010729038151957582,0.0007888281258203733,-0.0009475705163397574,prewar,0,0,0,0
2013-01-09,113.07,93.08,91.0088,6.226,87.9,1060.1,0.7646429117602079,0.00035382574451414683,-0.001395673638974415,-0.0005294789150527279,0.00040162256052145295,prewar,0,0,0,0
2013-01-10,112.97,93.81,90.6425,6.223,88.16,1058.12,0.75642965204236,-0.0008847992083165224,0.007812121703768327,-0.00403300715704713,-0.0004819664323356676,prewar,0,0,0,0
2013-01-11,110.3,93.6,90.5352,6.2156,89.22,1056.09,0.7488953793155096,-0.023918370479380613,-0.0022410766543128346,-0.0011844726204710554,-0.0011898446566387388,prewar,0,0,0,0
2013-01-14,111.32,94.27,90.4935,6.219,89.34,1056.0,0.7479991024010771,0.009205010398233071,0.00713262192451225,-0.000460700438521755,0.0005468611913101995,prewar,0,0,0,0
2013-01-15,111.72,93.26,90.5191,6.2134,88.65,1057.62,0.749512816669165,0.0035868044192861603,-0.010771714027884016,0.0002828532397263217,-0.000900871976244888,prewar,0,0,0,0
2013-01-16,110.97,94.28,90.596,6.216,88.64,1058.35,0.7515971439308531,-0.006735846564503767,0.01087778668775563,0.0008491838021367215,0.0004183629198388772,prewar,0,0,0,0
2013-01-17,111.01,95.49,90.5401,6.2158,89.41,1057.82,0.7487271638215035,0.00036039283208300077,0.012752451894180616,-0.0006172154725057055,-3.217554980250448e-05,prewar,0,0,0,0
2013-01-18,111.71,95.61,90.8697,6.2152,89.9,1058.4,0.7517101405697962,0.006285940238201171,0.0012558871352439382,0.0036337657907870025,-9.65328614697114e-05,prewar,0,0,0,0
2013-01-21,,,,,,,,,,,,prewar,0,0,0,0
2013-01-22,112.72,96.09,90.7892,6.2196,88.62,1062.95,0.751653638003608,,,,,prewar,0,0,0,0
2013-01-23,113.68,95.06,90.8376,6.2178,88.44,1067.02,0.7514277126540427,0.008480616198419888,-0.010776981103313155,0.0005329610073587787,-0.00028944956543419664,prewar,0,0,0,0
2013-01-24,114.59,95.35,90.9112,6.2179,90.04,1067.95,0.7474958887726117,0.007973056649511534,0.003046060860564914,0.0008099091055697727,1.6082729560995546e-05,prewar,0,0,0,0
2013-01-25,113.88,95.15,91.0868,6.2203,91.04,1075.33,0.7431629013079668,-0.0062152780285194,-0.0020997383042695716,0.001929692133872507,0.0003859079335892801,prewar,0,0,0,0
2013-01-28,113.92,95.95,91.2354,6.224,90.73,1091.22,0.7429972509101715,0.00035118525382848986,0.008372628711549979,0.0016300816127117201,0.000594649776850309,prewar,0,0,0,0
2013-01-29,115.22,97.62,90.9406,6.2259,90.65,1082.4,0.7416196974191634,0.011346896640571202,0.01725516800529281,-0.00323643352937264,0.0003052233374969404,prewar,0,0,0,0
2013-01-30,115.42,97.98,90.8836,6.2204,91.05,1085.85,0.7372456502506635,0.0017343049785836229,0.0036809857514272792,-0.0006269792675261954,-0.0008837968485420067,prewar,0,0,0,0
2013-01-31,115.55,97.65,90.798,6.2186,91.28,1087.46,0.7361601884570083,0.001125687437569134,-0.0033737188877402957,-0.0009423079313926053,-0.0002894123342009891,prewar,0,0,0,0
2013-02-01,115.55,97.46,90.6923,6.2265,92.54,1094.79,0.7303534910896874,0.0,-0.0019476199073285017,-0.0011648006747551065,0.0012695761482217627,prewar,0,0,0,0
2013-02-04,116.06,96.21,90.9774,6.2326,92.57,1089.35,0.7392622163081245,0.004403962042072607,-0.012908735042186592,0.003138665765932025,0.0009792040335834251,prewar,0,0,0,0
2013-02-05,117.03,96.68,90.881,6.2292,93.34,1086.17,0.7369739848183359,0.00832301342421271,0.004873253462108984,-0.00106016559069122,-0.0005456675736030814,prewar,0,0,0,0
2013-02-06,116.61,96.44,91.0176,6.2315,93.56,1089.0,0.7392075694855116,-0.0035952786544335424,-0.0024855025223118332,0.0015019359761829776,0.0003691606452480567,prewar,0,0,0,0
2013-02-07,117.17,95.84,91.2912,6.2323,93.24,1090.15,0.7472724555372888,0.0047908381478229956,-0.006240918945831453,0.003001503003757122,0.00012837176480662293,prewar,0,0,0,0
2013-02-08,118.9,95.71,91.3056,6.2323,92.72,1095.65,0.7481669908723627,0.014656932016672286,-0.00135734815932409,0.00015772456066986962,0.0,prewar,0,0,0,0
2013-02-11,118.29,97.01,91.4451,6.2323,93.44,1095.5,0.7454897867899211,-0.005143567139090699,0.013491279765377229,0.0015266702354033157,0.0,prewar,0,0,0,0
2013-02-12,117.89,97.48,91.2779,6.2323,93.14,1093.13,0.7434944237918216,-0.0033872502536098636,0.004833162783813627,-0.0018300930552372918,0.0,prewar,0,0,0,0
2013-02-13,118.43,97.03,91.2709,6.2323,93.39,1085.72,0.74360499702558,0.004570082429367517,-0.004627019719797509,-7.669182162128863e-05,0.0,prewar,0,0,0,0
2013-02-14,118.48,97.3,91.366,6.2323,93.1,1085.14,0.7499625018749063,0.00042210122613983714,0.0027787801547507485,0.0010414106743485974,0.0,prewar,0,0,0,0
2013-02-15,117.4,95.95,91.4551,6.2323,93.64,1078.22,0.74839095943721,-0.009157262565547164,-0.013971766738250402,0.0009747234542878402,0.0,prewar,0,0,0,0
2013-02-18,,,,,,,,,,,,prewar,0,0,0,0
2013-02-19,117.04,96.69,91.5073,6.2438,93.54,1079.65,0.7469933517591694,,,,,prewar,0,0,0,0
2013-02-20,116.23,94.92,91.6689,6.2371,93.53,1079.85,0.7490636704119851,-0.006944770056252381,-0.01847555292789327,0.0017644218181640525,-0.0010736406258513576,prewar,0,0,0,0
2013-02-21,114.19,92.79,92.0394,6.2403,92.96,1086.8,0.7573462587094819,-0.01770725894205949,-0.022695556202474876,0.004033573903056364,0.0005129273839357129,prewar,0,0,0,0
2013-02-22,113.74,93.12,92.1197,6.2346,93.35,1085.03,0.7595321282090233,-0.00394858583490354,0.0035501086180396157,0.0008720720842907426,-0.0009138350442361443,prewar,0,0,0,0
2013-02-25,114.55,92.74,92.1975,6.2337,93.35,1086.0,0.7591861524445794,0.007096267020851421,-0.004089105019812855,0.000844196902084704,-0.00014436611271206878,prewar,0,0,0,0
2013-02-26,112.96,92.63,92.4247,6.2293,91.38,1089.82,0.7660487206986365,-0.013977635154573065,-0.0011868156973786625,0.0024612437149249544,-0.0007060900558140126,prewar,0,0,0,0
2013-02-27,112.24,92.84,92.234,6.2271,91.88,1084.99,0.7631257631257631,-0.006394337950726303,0.0022645181402998205,-0.0020654327989317878,-0.00035323207714510474,prewar,0,0,0,0
2013-02-28,112.2,92.03,92.295,6.2213,92.36,1083.9,0.7645844483523204,-0.00035644270560908353,-0.008762970555470595,0.0006611427171012707,-0.0009318467304548772,prewar,0,0,0,0
2013-03-01,110.14,90.71,92.6177,6.2226,93.38,1083.9,0.769941484447182,-0.018530709254260813,-0.014447006223912595,0.0034902992341718786,0.0002089377132135084,prewar,0,0,0,0
2013-03-04,109.9,90.13,92.6316,6.2246,93.32,1090.8,0.7694675284702985,-0.0021814224247593827,-0.006414532058534483,0.00015006804372319493,0.00032135741648109395,prewar,0,0,0,0
2013-03-05,110.42,90.88,92.4965,6.2208,93.39,1086.58,0.7681081496274675,0.004720415446322512,0.0082868824045228,-0.0014595301737854172,-0.0006106674141594937,prewar,0,0,0,0
2013-03-06,110.27,90.47,,6.2173,93.64,1084.36,0.7698229407236336,-0.0013593730853118657,-0.0045216509351915235,,-0.0005627869356861215,prewar,0,0,0,0
2013-03-07,110.42,91.53,92.5462,6.22,95.0,1087.49,0.7634753397465261,0.0013593730853118657,0.01164848335903823,,0.00043417784284605077,prewar,0,0,0,0
2013-03-08,108.91,92.01,92.6252,6.2145,96.0,1089.15,0.769704433497537,-0.013769423768303923,0.005230479397582144,0.000853263568704854,-0.0008846355476588297,prewar,0,0,0,0
2013-03-11,108.64,92.07,92.5351,6.2179,96.12,1093.9,0.7684032580298141,-0.0024821892772086684,0.0006518905054839763,-0.0009732108568778486,0.0005469579622217058,prewar,0,0,0,0
2013-03-12,108.48,92.44,92.3853,6.216,95.96,1095.28,0.7678722260615833,-0.0014738396183009428,0.004010628106425607,-0.001620156919059923,-0.000305616100304551,prewar,0,0,0,0
2013-03-13,107.51,92.47,92.4709,6.2137,96.0,1098.42,0.7722604062089737,-0.008981957694948584,0.0003244821833670031,0.0009261253462780061,-0.0003700813416656068,prewar,0,0,0,0
2013-03-14,108.1,93.03,92.4695,6.2145,96.16,1107.49,0.7707723138584861,0.005472858148025672,0.006037754190920452,-1.5140012674663694e-05,0.000128739479748452,prewar,0,0,0,0
2013-03-15,109.32,93.49,92.128,6.2133,95.26,1110.62,0.7647598654022636,0.011222636414705,0.004932456922756678,-0.003699945986084252,-0.0001931154353511655,prewar,0,0,0,0
2013-03-18,108.54,93.71,92.3377,6.2156,94.92,1114.19,0.7718431614695893,-0.007160592424608758,0.0023504284325079894,0.0022735943899849786,0.0003701051623641316,prewar,0,0,0,0
2013-03-19,106.91,92.44,92.526,6.2154,94.85,1112.93,0.7759155803848542,-0.015131409609850266,-0.013645121729552123,0.002037177283823688,-3.2177620467921386e-05,prewar,0,0,0,0
2013-03-20,108.27,93.21,92.4141,6.2117,95.51,1115.62,0.7722007722007722,0.012640748297398474,0.008295226666885647,-0.001210121695137012,-0.0005954728149495381,prewar,0,0,0,0
2013-03-21,106.41,92.46,92.3322,6.2141,95.06,1115.41,0.7735148514851485,-0.01732854986916621,-0.008078893512986518,-0.0008866213327696215,0.00038629304026205347,prewar,0,0,0,0
2013-03-22,106.51,93.41,92.2051,6.212,94.48,1119.2,0.7694675284702985,0.0009393200014340408,0.010222287324678447,-0.001377499509288782,-0.0003379982488460609,prewar,0,0,0,0
2013-03-25,106.66,94.55,92.3081,6.2105,94.34,1110.88,0.7763372408974458,0.0014073277173816123,0.012130389219708881,0.0011164514050898688,-0.00024149728432920625,prewar,0,0,0,0
2013-03-26,107.1,95.99,92.232,6.2108,94.22,1107.36,0.7777259293824855,0.004116772281246739,0.015115224270979333,-0.0008247530408160841,4.830412276612961e-05,prewar,0,0,0,0
2013-03-27,108.51,96.53,92.446,6.2138,94.38,1111.09,0.7823501799405413,0.013079357178413353,0.005609821485077937,0.00231754833584219,0.00048291294018354414,prewar,0,0,0,0
2013-03-28,108.46,97.24,92.2544,6.2143,94.02,1113.14,0.778694907335306,-0.00046089321920206316,0.007328308587398524,-0.002074712006334245,8.046282219620338e-05,prewar,0,0,0,0
2013-03-29,,,92.302,6.2108,94.16,1112.48,0.780274656679151,,,0.0005158314862612201,-0.0005633757623797475,prewar,0,0,0,0
2013-04-01,108.76,97.1,92.1687,6.2078,93.3,1114.38,0.7777864198491093,,,-0.001445216212672129,-0.00048314625776768594,prewar,0,0,0,0
2013-04-02,109.66,97.23,92.1432,6.1992,93.43,1117.87,0.779058896852602,0.008241050211633016,0.0013379305242864348,-0.00027670486998054855,-0.0013863143995065386,prewar,0,0,0,0
2013-04-03,107.82,95.02,92.104,6.1962,92.96,1116.68,0.7783918424534911,-0.016921499952379904,-0.022991910062790666,-0.00042551529240597574,-0.00048405054432709704,prewar,0,0,0,0
2013-04-04,105.09,93.26,92.3896,6.2005,96.12,1123.57,0.7779679477205539,-0.025646044146017566,-0.018696104378600253,0.0030960448290322518,0.000693733037413713,prewar,0,0,0,0
2013-04-05,103.98,92.76,92.1043,6.2005,96.86,1136.82,0.7676364473785215,-0.010618552921935809,-0.005375778992843472,-0.003092787646809647,0.0,prewar,0,0,0,0
2013-04-08,103.16,93.36,92.2317,6.2031,98.9,1140.34,0.7687576875768758,-0.007917391942425134,0.006447475590968921,0.001382258704589745,0.00041923313200697976,prewar,0,0,0,0
2013-04-09,104.08,94.18,91.9669,6.2022,99.02,1139.19,0.7638252367858235,0.008878653191105812,0.008744856837108017,-0.0028751595551215203,-0.00014509927233974373,prewar,0,0,0,0
2013-04-10,104.8,94.59,91.9598,6.1938,99.61,1135.35,0.7656967840735068,0.006893937682691309,0.004343917409670439,-7.72046690720174e-05,-0.0013552761028947646,prewar,0,0,0,0
2013-04-11,103.62,93.44,91.6972,6.1961,99.42,1128.85,0.7619628162145687,-0.011323410500299502,-0.012232243145161803,-0.002859680588890079,0.00037127015172355726,prewar,0,0,0,0
2013-04-12,100.58,91.23,91.7967,6.1914,98.98,1129.24,0.7637085688101422,-0.029776930642823274,-0.02393572872253369,0.001084504822800092,-0.0007588295015994451,prewar,0,0,0,0
2013-04-15,99.32,88.75,91.9457,6.1866,98.0,1119.0,0.7644091117566121,-0.01260647010385263,-0.027560362001858074,0.0016218361429940487,-0.0007755695977706978,prewar,0,0,0,0
2013-04-16,97.88,88.73,91.8451,6.1824,97.86,1114.0,0.7609770945894528,-0.01460472206549479,-0.00022537750827833491,-0.0010947230225530902,-0.000679117173808752,prewar,0,0,0,0
2013-04-17,96.84,86.65,92.1372,6.172,97.74,1121.0,0.766342248448157,-0.010682106504613209,-0.02372103468563136,0.003175308118517961,-0.0016836110950926297,prewar,0,0,0,0
2013-04-18,97.48,87.83,92.176,6.1811,98.22,1119.48,0.7649938800489596,0.006587096687147742,0.013526111767410143,0.0004210224831764364,0.001473314657224556,prewar,0,0,0,0
2013-04-19,98.94,88.04,92.2166,6.1772,99.28,1119.03,0.765345170671973,0.014866377042556778,0.002388128729235106,0.0004403647506041608,-0.0006311547914301663,prewar,0,0,0,0
2013-04-22,99.07,88.81,92.3591,6.1823,99.29,1119.51,0.7662835249042146,0.0013130651853758835,0.008707999612152406,0.0015440822200565307,0.0008252761502420825,prewar,0,0,0,0
2013-04-23,99.25,89.21,92.3836,6.179,99.43,1119.53,0.7685213648939441,0.001815248582361484,0.00449388465527889,0.00026523375639353475,-0.0005339244381084018,prewar,0,0,0,0
2013-04-24,100.71,91.07,92.4581,6.1782,99.39,1117.94,0.7694083249980764,0.014603180092753298,0.020635300654035404,0.0008060952050765735,-0.00012947917021932653,prewar,0,0,0,0
2013-04-25,101.62,93.27,92.0394,6.1707,99.42,1111.35,0.7689941556444171,0.00899526650553284,0.023870071159044493,-0.004538822681064758,-0.0012146832385329098,prewar,0,0,0,0
2013-04-26,102.39,92.63,91.9012,6.1647,97.84,1111.1,0.7678132678132679,0.0075486854211392895,-0.006885449472835425,-0.0015026592933207183,-0.0009728100382930815,prewar,0,0,0,0
2013-04-29,102.88,94.09,91.6539,6.1647,98.09,1104.0,0.7639419404125287,0.00477420890258351,0.015638707752738235,-0.0026945603759305214,0.0,prewar,0,0,0,0
2013-04-30,101.53,93.22,91.3741,6.1647,97.52,1101.52,0.7594167679222358,-0.013208939176177381,-0.009289480074079925,-0.003057458071610064,0.0,prewar,0,0,0,0
2013-05-01,98.34,90.74,91.4331,6.1647,97.28,1100.35,0.7580351728320195,-0.031923459329338044,-0.026964016708777017,0.0006454888215401411,0.0,prewar,0,0,0,0
2013-05-02,100.32,93.7,91.6174,6.156,97.96,1101.4,0.765345170671973,0.01993421490081726,0.032099915008558355,0.002013652650770581,-0.001412257655164506,prewar,0,0,0,0
2013-05-03,104.6,95.25,91.5087,6.1555,99.1,1096.67,0.762660158633313,0.04177847474621199,0.01640682476243427,-0.0011871602438571216,-8.122487110018284e-05,prewar,0,0,0,0
2013-05-06,105.0,95.8,91.6387,6.1665,99.35,1094.34,0.7652865998316369,0.00381679852670036,0.005757670970004014,0.0014196218109860936,0.0017854249183733018,prewar,0,0,0,0
2013-05-07,105.18,95.28,91.5201,6.1539,99.0,1090.0,0.7642338555598013,0.001712818003674954,-0.005442759929770169,-0.0012950512514384727,-0.002045388849841956,prewar,0,0,0,0
2013-05-08,103.79,96.24,91.1848,6.141,98.9,1086.0,0.7588980799878576,-0.013303541184000345,0.010025146619379477,-0.0036704037650467924,-0.0020984318268018054,prewar,0,0,0,0
2013-05-09,103.59,96.09,91.3036,6.1306,99.29,1091.12,0.7630675314765357,-0.0019288269071866537,-0.0015598193772472513,0.001302000749445753,-0.0016949709067877183,prewar,0,0,0,0
2013-05-10,101.31,95.81,92.2527,6.1415,101.74,1106.0,0.7719027402547278,-0.022255677004425323,-0.002918188626394702,0.01034133351237898,0.0017763875565375287,prewar,0,0,0,0
2013-05-13,102.17,94.76,92.2711,6.1465,101.84,1113.12,0.77035667514059,0.008452969537746213,-0.011019684372197247,0.00019943226901908417,0.0008138021282466656,prewar,0,0,0,0
2013-05-14,102.7,93.96,92.3697,6.1426,102.18,1109.62,0.7710694733595498,0.00517402433118086,-0.008478219499872708,0.0010680197374846045,-0.0006347088282994129,prewar,0,0,0,0
2013-05-15,101.57,93.95,92.7691,6.1454,102.44,1114.62,0.7777864198491093,-0.01106390098310328,-0.00010643393123732636,0.0043146074145115065,0.00045572917455416473,prewar,0,0,0,0
2013-05-16,104.27,94.85,92.6602,6.1487,102.22,1117.54,0.7753140021708792,0.0262354728500922,0.009533970521548696,-0.0011745717911892939,0.0005368428887442267,prewar,0,0,0,0
2013-05-17,103.83,95.72,93.1617,6.141,102.98,1117.3,0.7801529099703541,-0.004228742486139581,0.009130566659149686,0.005397654609989644,-0.0012530820129954545,prewar,0,0,0,0
2013-05-20,104.55,96.29,93.0359,6.1386,102.54,1118.19,0.777302759424796,0.006910479559280702,0.005937208212019485,-0.0013512528533272672,-0.00039089221644972305,prewar,0,0,0,0
2013-05-21,103.1,95.55,92.9662,6.1353,102.36,1110.62,0.774593338497289,-0.013966034851728537,-0.007714800565910451,-0.0007494539390942023,-0.0005377264079904354,prewar,0,0,0,0
2013-05-22,102.14,93.98,93.3104,6.1309,103.52,1113.85,0.777363184079602,-0.009354969803416324,-0.016567677011612325,0.0036955837903196453,-0.0007174186282172812,prewar,0,0,0,0
2013-05-23,100.46,94.12,93.2113,6.1337,101.66,1128.35,0.7725587144622992,-0.016584782897599126,0.0014885701844917776,-0.0010626110455227433,0.0004565986740123762,prewar,0,0,0,0
2013-05-24,101.24,93.84,93.2768,6.1311,100.98,1126.4,0.7739938080495355,0.007734297355024289,-0.0029793595139411266,0.000702457719214955,-0.00042397756815404364,prewar,0,0,0,0
2013-05-27,,,,,,,,,,,,prewar,0,0,0,0
2013-05-28,103.77,94.65,93.5853,6.1213,102.07,1128.07,0.7770007770007771,,,,,prewar,0,0,0,0
2013-05-29,102.14,93.13,93.531,6.1264,100.91,1132.08,0.7725587144622992,-0.015832490397689192,-0.01618951112176603,-0.0005803877216923325,0.000832809473577667,prewar,0,0,0,0
2013-05-30,101.79,93.57,93.4219,6.1307,101.06,1127.9,0.7667535654040791,-0.0034325537552497565,0.004713452754255165,-0.0011671390214837984,0.0007016341836820761,prewar,0,0,0,0
2013-05-31,100.43,91.93,93.6076,6.134,100.83,1129.34,0.769941484447182,-0.013450900059000404,-0.017682401412158377,0.0019857836440042576,0.0005381297674846852,prewar,0,0,0,0
2013-06-03,101.63,93.41,93.163,6.1312,99.18,1127.18,0.7634753397465261,0.011877799744427264,0.015970988009094356,-0.0047609296087465225,-0.000456576337710235,prewar,0,0,0,0
2013-06-04,102.04,93.36,93.3067,6.1285,100.15,1122.31,0.7648183556405354,0.004026126123935825,-0.0005354179064571696,0.0015412694764531665,-0.00044046755526672143,prewar,0,0,0,0
2013-06-05,103.51,93.66,93.275,6.1276,99.16,1118.55,0.7640586797066015,0.014303333122048123,0.0032082157770956243,-0.0003397975289640698,-0.0001468656426788506,prewar,0,0,0,0
2013-06-06,103.37,94.71,92.809,6.1359,97.76,1118.9,0.7548309178743962,-0.0013534418152651995,0.011148387482614375,-0.005008501258970455,0.0013536105136893184,prewar,0,0,0,0
2013-06-07,104.07,96.11,92.6056,6.1333,97.2,1117.17,0.7551729346020238,0.006748965069373725,0.014673777597182358,-0.002194002862679234,-0.0004238255206401309,prewar,0,0,0,0
2013-06-10,103.87,95.82,92.973,6.1333,98.88,1127.38,0.7556294393229561,-0.00192363241004756,-0.0030219373802164995,0.003959513435279227,0.0,prewar,0,0,0,0
2013-06-11,101.5,95.5,92.7996,6.1333,96.82,1133.0,0.7531254707034192,-0.023081318757878222,-0.003345183968291643,-0.0018667989828138332,0.0,prewar,0,0,0,0
2013-06-12,103.11,95.98,92.4775,6.1333,95.36,1127.76,0.7488392990864161,0.015737581048010263,0.0050135889434148595,-0.00347695775133694,0.0,prewar,0,0,0,0
2013-06-13,103.38,96.66,92.3449,6.1341,94.29,1129.07,0.751089079164789,0.0026151402380412136,0.007059829986838295,-0.0014348912550756765,0.00013042698552800935,prewar,0,0,0,0
2013-06-14,105.1,97.83,92.1886,6.1306,94.34,1127.2,0.7501875468867217,0.016500758115012282,0.01203161205240022,-0.0016940017652844475,-0.0005707436945068256,prewar,0,0,0,0
2013-06-17,105.8,97.86,92.3332,6.1248,94.87,1127.0,0.7495689978262499,0.006638241541293333,0.00030660739163934636,0.0015672948085247995,-0.0009465216040309699,prewar,0,0,0,0
2013-06-18,105.21,98.46,92.5432,6.1283,95.2,1134.24,0.7458790184232118,-0.005592166604002635,0.006112488469077526,0.0022717890473620272,0.0005712840171370193,prewar,0,0,0,0
2013-06-19,105.56,98.24,92.4755,6.1264,95.22,1130.25,0.7460459564309161,0.0033211588149271165,-0.002236909931222719,-0.0007318179516060397,-0.00031008511268737493,prewar,0,0,0,0
2013-06-20,102.72,94.89,94.125,6.1277,98.18,1145.9,0.7567731194187983,-0.02727267169347236,-0.03469513841316463,0.017679941549435974,0.0002121738854550248,prewar,0,0,0,0
2013-06-21,100.36,93.81,94.4243,6.1328,97.48,1156.0,0.7626019980172348,-0.02324311844342919,-0.011446865847807963,0.0031747691600134686,0.0008319400178053993,prewar,0,0,0,0
2013-06-24,99.8,95.07,94.5714,6.1441,97.7,1161.34,0.7638835841417768,-0.005595538180803494,0.013342002233079242,0.0015566494867744751,0.001840856110430833,prewar,0,0,0,0
2013-06-25,101.51,95.25,94.3285,6.1448,97.87,1152.78,0.764525993883792,0.016989132478921753,0.0018915516358717355,-0.002571733853480751,0.00011392394775078252,prewar,0,0,0,0
2013-06-26,100.62,95.47,94.3807,6.1468,97.43,1155.0,0.7688759034291865,-0.00880627073316731,0.0023070480031313068,0.0005532321829715414,0.0003254254967051118,prewar,0,0,0,0
2013-06-27,102.74,97.0,94.2429,6.1488,98.4,1147.69,0.7682851874615857,0.02085047997594902,0.015898916493441106,-0.0014611111707676372,0.0003253196294021876,prewar,0,0,0,0
2013-06-28,102.49,96.36,94.3047,6.1374,99.21,1141.45,0.7686395080707149,-0.002436292195650225,-0.006619800756712202,0.0006555374050174478,-0.0018557411195625484,prewar,0,0,0,0
2013-07-01,103.19,97.94,94.0998,6.1325,99.62,1135.27,0.7656967840735068,0.006806716284151193,0.016263868527500946,-0.0021751081400225303,-0.0007987025583724439,prewar,0,0,0,0
2013-07-02,103.96,99.65,94.4051,6.1327,100.43,1133.8,0.7682261657832066,0.007434260645666768,0.0173090003846319,0.0032391759252998753,3.261259498699154e-05,prewar,0,0,0,0
2013-07-03,106.12,101.92,94.4767,6.1301,99.82,1140.95,0.7689350249903883,0.02056431949624926,0.022524145165049525,0.0007581461361505504,-0.00042404671673024197,prewar,0,0,0,0
2013-07-04,,,,,,,,,,,,prewar,0,0,0,0
2013-07-05,107.46,103.09,95.0639,6.1324,100.94,1141.65,0.7793624814901411,,,,,prewar,0,0,0,0
2013-07-08,107.75,103.03,94.9954,6.1337,101.07,1147.94,0.7774236181295188,0.0026950436831825186,-0.0005821851513161391,-0.0007208276886840892,0.00021196631445485892,prewar,0,0,0,0
2013-07-09,107.9,103.46,94.9467,6.1293,101.08,1141.25,0.7828401440425864,0.0013911432802311552,0.004164856618392498,-0.0005127878555324372,-0.0007176058368780769,prewar,0,0,0,0
2013-07-10,108.43,106.41,94.7595,6.1336,100.1,1134.66,0.7784524365561264,0.004899931220001541,0.028114492878271058,-0.0019735787313459596,0.000701302330808673,prewar,0,0,0,0
2013-07-11,108.18,104.77,93.949,6.135,98.8,1124.21,0.7665184730952016,-0.0023082970408090375,-0.015532086088766661,-0.008590020945420385,0.00022822490032714526,prewar,0,0,0,0
2013-07-12,109.03,105.85,94.0029,6.1373,99.39,1123.85,0.7664009809932557,0.007826567275008856,0.010255526216000455,0.0005735510146758216,0.00037482786876585905,prewar,0,0,0,0
2013-07-15,109.05,106.2,93.9729,6.1373,100.04,1121.06,0.7669299792928905,0.0001834189293479227,0.003301111226964082,-0.0003191900261070302,0.0,prewar,0,0,0,0
2013-07-16,109.29,105.88,93.5232,6.1345,99.37,1114.65,0.7608034083992696,0.0021984070409439838,-0.0030177314489376883,-0.004796908973700553,-0.00045633078254003756,prewar,0,0,0,0
2013-07-17,109.67,106.39,93.5498,6.1351,99.7,1116.86,0.7637085688101422,0.0034709570835351755,0.0048052101693736304,0.0002843809654970997,9.780269943249209e-05,prewar,0,0,0,0
2013-07-18,109.71,107.94,93.681,6.1408,100.6,1124.08,0.7646429117602079,0.00036466405728230455,0.014463929662222874,0.0014014790459118132,0.0009286488827104922,prewar,0,0,0,0
2013-07-19,109.34,108.0,93.4759,6.1377,100.3,1120.43,0.7609191903819814,-0.0033782273625462267,0.0005557099337227811,-0.0021917448098793813,-0.0005049476834901867,prewar,0,0,0,0
2013-07-22,108.82,106.61,93.2253,6.1404,99.6,1118.46,0.7579777154551657,-0.004767152409073994,-0.012953911161836196,-0.002684504979047375,0.0004398074691560616,prewar,0,0,0,0
2013-07-23,109.27,107.13,93.1631,6.1369,99.76,1116.66,0.7568876778686043,0.004126742524874771,0.0048657343120828145,-0.0006674235339643175,-0.0005701579491932396,prewar,0,0,0,0
2013-07-24,108.23,105.41,93.3124,6.1358,100.21,1115.52,0.7559721802237678,-0.009563291275599184,-0.01618554200736888,0.0016012830843923354,-0.0001792596580940664,prewar,0,0,0,0
2013-07-25,108.1,105.47,93.2862,6.1346,99.56,1116.15,0.7556294393229561,-0.0012018676618925639,0.0005690440214252135,-0.00028081668535762105,-0.00019559264634017026,prewar,0,0,0,0
2013-07-26,107.57,104.76,93.1695,6.1316,98.24,1112.55,0.7536362951239732,-0.0049149262012484485,-0.006754532649011935,-0.0012517720320532888,-0.0004891490534666421,prewar,0,0,0,0
2013-07-29,108.1,104.61,93.1663,6.1323,97.8,1112.21,0.7540340823405217,0.0049149262012484485,-0.0014328702838417584,-3.4346593626111144e-05,0.00011415618208898692,prewar,0,0,0,0
2013-07-30,107.47,103.14,93.3976,6.1315,98.02,1115.79,0.7538067239559777,-0.0058449857921001325,-0.01415186073285657,0.002479580653158564,-0.00013046527196070024,prewar,0,0,0,0
2013-07-31,107.89,105.1,93.5703,6.1284,98.35,1122.66,0.7528986598403855,0.0039004507101862984,0.018824989260092906,0.0018473764653279545,-0.0005057137604820294,prewar,0,0,0,0
2013-08-01,109.94,107.93,93.7972,6.1302,99.3,1122.99,0.7566013467503971,0.01882257286926592,0.026570590954349882,0.0024219793818662794,0.00029367138383440405,prewar,0,0,0,0
2013-08-02,109.63,106.94,93.5789,6.1293,99.04,1123.85,0.753693096171239,-0.0028237027460660258,-0.009214939316669835,-0.0023300740998131175,-0.00014682491155704191,prewar,0,0,0,0
2013-08-05,109.81,106.61,93.507,6.1245,98.54,1113.5,0.75431847325941,0.0016405399231738116,-0.003090613558201838,-0.0007686309180954254,-0.0007834304861358277,prewar,0,0,0,0
2013-08-06,108.77,105.32,93.3199,6.1215,97.85,1113.81,0.7521058965102287,-0.009516038503862845,-0.012173981334274941,-0.002002924231458536,-0.0004899559137701015,prewar,0,0,0,0
2013-08-07,108.39,104.41,93.2652,6.119,96.72,1117.05,0.7502438292445045,-0.0034997272781005506,-0.008677878326089683,-0.0005863276496045344,-0.00040848005142946064,prewar,0,0,0,0
2013-08-08,107.32,103.45,92.8483,6.1207,96.03,1112.25,0.7467144563918757,-0.009920808270235781,-0.00923705211046677,-0.004480069390995212,0.00027778458800975514,prewar,0,0,0,0
2013-08-09,108.49,106.04,92.8394,6.1217,96.24,1111.16,0.7497375918428549,0.010842977276936061,0.024727977229272113,-9.585987662941164e-05,0.0001633666604952122,prewar,0,0,0,0
2013-08-12,109.28,106.19,92.9178,6.1218,96.44,1113.97,0.7512019230769231,0.007255392988120946,0.0014135609949299521,0.0008441126874778604,1.6335198268935258e-05,prewar,0,0,0,0
2013-08-13,110.69,106.78,93.476,6.1217,98.06,1118.22,0.7548878991469766,0.01282010557505231,0.0055407006562857575,0.005989487512310987,-1.6335198268935258e-05,prewar,0,0,0,0
2013-08-14,110.26,106.89,93.382,6.1191,98.15,1117.9,0.7543753771876887,-0.0038922882359946342,0.0010296252138140005,-0.001006111677630983,-0.0004248088424121388,prewar,0,0,0,0
2013-08-15,111.58,107.43,93.5059,6.1123,97.81,1118.0,0.7539772298876574,0.011900609255844685,0.005039204392597085,0.001325928732167192,-0.0011118924572122157,prewar,0,0,0,0
2013-08-16,111.82,107.58,93.4255,6.1145,97.6,1113.04,0.7506943923128894,0.0021486131811165876,0.0013952841666453608,-0.000860208664330564,0.00035986521800324134,prewar,0,0,0,0
2013-08-19,111.41,107.14,93.6623,6.1227,97.94,1117.88,0.7491759065028468,-0.003673345527273497,-0.004098366392282671,0.0025314331180785743,0.0013401760578100053,prewar,0,0,0,0
2013-08-20,110.74,104.9,93.5536,6.1241,97.12,1120.6,0.7448234768359898,-0.006031978676404037,-0.021128875050562712,-0.0011612262870261958,0.000228631153623704,prewar,0,0,0,0
2013-08-21,110.82,103.93,94.0362,6.1229,97.66,1116.86,0.7480550568521843,0.000722152044382085,-0.009289919801920732,0.005145280443733746,-0.00019596635973573306,prewar,0,0,0,0
2013-08-22,110.51,104.93,94.2804,6.1206,98.53,1120.92,0.74839095943721,-0.0028012488385122936,0.009575865569488862,0.002593506221752584,-0.00037570956459420657,prewar,0,0,0,0
2013-08-23,112.12,106.48,93.9466,6.12,98.57,1113.48,0.7467144563918757,0.014463711695896109,0.014663712917037053,-0.0035467849981651867,-9.803441015643344e-05,prewar,0,0,0,0
2013-08-26,112.23,105.88,94.1853,6.1202,98.64,1112.6,0.7479991024010771,0.0009806107315775137,-0.005650796727955765,0.0025375827075464485,3.267920459104623e-05,prewar,0,0,0,0
2013-08-27,115.21,109.11,94.3934,6.1212,97.3,1116.78,0.7469933517591694,0.02620621302179771,0.030050170308106416,0.002207037003346457,0.00016338000591842317,prewar,0,0,0,0
2013-08-28,116.27,110.17,94.4127,6.1202,97.65,1114.25,0.75041272699985,0.009158522630554167,0.009668079684966635,0.00020444254785445537,-0.00016338000591842317,prewar,0,0,0,0
2013-08-29,116.91,108.51,94.6398,6.1203,98.46,1112.19,0.7559721802237678,0.005489335338211276,-0.015182292719857493,0.0024025083956669135,1.6339201830417593e-05,prewar,0,0,0,0
2013-08-30,115.97,107.98,94.7541,6.1193,98.22,1109.42,0.7578053955744164,-0.008072871050115893,-0.0048963098419756435,0.001207008397595466,-0.00016340403317527397,prewar,0,0,0,0
2013-09-02,,,,,,,,,,,,prewar,0,0,0,0
2013-09-03,115.49,108.67,94.9574,6.1204,99.43,1097.75,0.7596475235490732,,,,,prewar,0,0,0,0
2013-09-04,115.65,107.29,94.5739,6.1199,99.61,1093.77,0.7568876778686043,0.001384442550452114,-0.012780318426105275,-0.0040468305063736665,-8.169734406471285e-05,prewar,0,0,0,0
2013-09-05,115.81,108.5,94.8891,6.1194,100.08,1096.8,0.7621951219512195,0.001382528518838022,0.011214724331859216,0.0033273018034822854,-8.170401906615332e-05,prewar,0,0,0,0
2013-09-06,117.15,110.62,94.2487,6.1202,99.04,1091.9,0.7595321282090233,0.011504247757518904,0.019350731586017744,-0.006771808144685032,0.0001307232264353697,prewar,0,0,0,0
2013-09-09,115.2,109.62,94.0009,6.1209,99.55,1086.8,0.7541478129713424,-0.016785416692013833,-0.009081064948561313,-0.0026326764372921474,0.00011436880684945194,prewar,0,0,0,0
2013-09-10,112.1,107.48,93.938,6.1195,100.22,1085.43,0.7541478129713424,-0.027278418183676933,-0.01971505587068023,-0.0006693665052690534,-0.00022875069541905546,prewar,0,0,0,0
2013-09-11,112.37,107.65,93.7112,6.1183,100.08,1085.76,0.7518231711901361,0.0024056678416970456,0.0015804400630816673,-0.0024172776695774445,-0.00019611368119210049,prewar,0,0,0,0
2013-09-12,113.11,108.72,93.5903,6.1178,99.24,1082.77,0.7510326699211416,0.006563798623478334,0.00989054603251649,-0.0012909668827107978,-8.1725386402276e-05,prewar,0,0,0,0
2013-09-13,113.31,108.31,93.6666,6.1186,99.38,1085.88,0.7532389273877674,0.0017666288491859916,-0.003778283995242937,0.0008149232869136824,0.0001307574124971289,prewar,0,0,0,0
2013-09-16,110.86,106.54,93.2875,6.1198,98.98,1081.34,0.7490636704119851,-0.0218592814008165,-0.016476984358792635,-0.00405554646410522,0.00019610406651926482,prewar,0,0,0,0
2013-09-17,109.05,105.36,93.2231,6.1213,99.16,1082.15,0.748671108781912,-0.016461651344021,-0.011137444053827217,-0.0006905773994541065,0.00024507601563716896,prewar,0,0,0,0
2013-09-18,109.09,108.23,93.2569,6.121,99.04,1081.4,0.7490075649764063,0.00036673696202704775,0.026875534872028872,0.0003625053664748634,-4.901039838256516e-05,prewar,0,0,0,0
2013-09-19,110.66,106.26,92.4082,6.121,99.33,1070.88,0.7392622163081245,0.014289207860298525,-0.01836967128425737,-0.0091423311257115,0.0,prewar,0,0,0,0
2013-09-20,110.22,104.7,92.6049,6.121,99.38,1076.02,0.7395355716609968,-0.003984069014873803,-0.01478980314630629,0.0021263367200674566,0.0,prewar,0,0,0,0
2013-09-23,108.56,103.62,92.613,6.1201,98.76,1073.9,0.7396449704142012,-0.015175352928475938,-0.01036875648984914,8.746454856911612e-05,-0.00014704560891121154,prewar,0,0,0,0
2013-09-24,107.68,103.22,92.7691,6.1208,98.76,1074.35,0.7412898443291327,-0.00813914963019613,-0.0038677286660604437,0.0016840896385748039,0.00011437067548358826,prewar,0,0,0,0
2013-09-25,109.46,102.68,92.7675,6.119,98.62,1076.42,0.7387706855791962,0.01639531981935427,-0.005245276717642078,-1.7247270888809396e-05,-0.0002941224551016308,prewar,0,0,0,0
2013-09-26,108.86,103.1,93.0096,6.1194,98.95,1075.2,0.7416196974191634,-0.0054965327097180605,0.004082035019974839,0.0026063506971532036,6.536802198686686e-05,prewar,0,0,0,0
2013-09-27,109.45,102.86,92.9747,6.1179,98.3,1074.38,0.7387161113983897,0.005405170962817785,-0.002330550676144405,-0.00037530050019984884,-0.00024515211811637627,prewar,0,0,0,0
2013-09-30,107.85,102.36,92.9207,6.12,98.29,1073.33,0.7388252678241596,-0.014726451133705964,-0.0048728290551816045,-0.000580971896225968,0.00034319613996069975,prewar,0,0,0,0
2013-10-01,107.32,102.09,92.9515,6.12,98.05,1072.9,0.7388798581350673,-0.004926347277742771,-0.0026412341106638593,0.00033141050982177234,0.0,prewar,0,0,0,0
2013-10-02,109.09,104.15,92.772,6.12,97.36,1074.02,0.7357268981753973,0.016358204052242087,0.019977390526056737,-0.0019329816193485172,0.0,prewar,0,0,0,0
2013-10-03,109.49,103.29,92.7461,6.12,97.08,1074.02,0.7330303474563846,0.003659991275668517,-0.008291601688439343,-0.00027921804037767117,0.0,prewar,0,0,0,0
2013-10-04,109.42,103.83,92.6469,6.12,97.2,1070.0,0.7362685907819172,-0.0006395322496537403,0.005214380296820309,-0.0010701591696262724,0.0,prewar,0,0,0,0
2013-10-07,109.66,103.07,92.6725,6.12,97.02,1071.29,0.7369739848183359,0.002190981340222997,-0.007346577266661214,0.00027627976523536546,0.0,prewar,0,0,0,0
2013-10-08,110.56,103.54,92.7558,6.1206,96.94,1074.15,0.7362685907819172,0.008173690043457249,0.004549642425054401,0.0008984605435475856,9.803441015643344e-05,prewar,0,0,0,0
2013-10-09,109.02,101.63,93.0829,6.1209,97.23,1075.48,0.7400281210686006,-0.014027008383225237,-0.018619244324080242,0.0035202607184787738,4.9013601284064734e-05,prewar,0,0,0,0
2013-10-10,111.63,103.08,92.8579,6.1156,98.09,1071.19,0.7388252678241596,0.023658479390506137,0.01416661863448887,-0.0024201262963146064,-0.0008662608313536602,prewar,0,0,0,0
2013-10-11,110.65,102.17,92.854,6.1204,98.42,1071.55,0.7375175160410059,-0.008817764529582384,-0.008867293180832014,-4.200053955205618e-05,0.0007845701611997047,prewar,0,0,0,0
2013-10-14,110.13,102.46,,,,,,-0.004710580320206326,0.002834385907724446,,,prewar,0,0,0,0
2013-10-15,110.67,101.15,92.7642,6.1026,98.58,1064.33,0.7410701052319549,0.0048913140998418925,-0.01286791489730188,,,prewar,0,0,0,0
2013-10-16,110.79,102.34,92.6819,6.0996,98.9,1066.0,0.7412898443291327,0.0010837172558870733,0.011696039763191557,-0.0008875894980064913,-0.0004917146187484178,prewar,0,0,0,0
2013-10-17,109.55,100.72,92.0246,6.098,97.85,1062.38,0.7318501170960187,-0.011255451491106072,-0.015956213640854422,-0.007117267390723825,-0.0002623466926570117,prewar,0,0,0,0
2013-10-18,109.4,100.87,91.9989,6.0966,97.77,1060.02,0.7303001533630322,-0.001370176053594463,0.0014881693306527666,-0.0002793121548831934,-0.00022960982830944054,prewar,0,0,0,0
2013-10-21,109.47,99.28,92.2498,6.0924,98.14,1060.93,0.7314218841427735,0.0006396491285851624,-0.01588841817039288,0.0027234944407839023,-0.0006891459785416387,prewar,0,0,0,0
2013-10-22,109.57,97.63,91.9563,6.0925,98.18,1057.5,0.7257947452460445,0.0009130753008363968,-0.0167593176587717,-0.0031866506958024843,1.6413758012312485e-05,prewar,0,0,0,0
2013-10-23,107.74,96.9,92.0947,6.0833,97.28,1057.45,0.7253735673872044,-0.01684269716491471,-0.007505304340859276,0.0015039312591209608,-0.0015111946239003693,prewar,0,0,0,0
2013-10-24,106.63,96.65,92.1867,6.0815,97.36,1061.5,0.724112961622013,-0.010356019222299118,-0.0025833132423809246,0.0009984730704593048,-0.00029593581696985005,prewar,0,0,0,0
2013-10-25,105.7,97.4,92.1623,6.0838,97.46,1062.3,0.724952878062926,-0.008760005153896522,0.007730004994149553,-0.0002647152969910138,0.00037812467056363985,prewar,0,0,0,0
2013-10-28,108.29,98.74,92.1872,6.0853,97.7,1060.7,0.7253735673872044,0.024207920764096613,0.013663922182227672,0.00027013905816364314,0.00024652603850694454,prewar,0,0,0,0
2013-10-29,108.04,98.29,92.301,6.0897,98.09,1061.92,0.7262164124909223,-0.002311284715873718,-0.004567840252178712,0.0012336833947470538,0.000722792639270109,prewar,0,0,0,0
2013-10-30,108.41,96.81,92.3057,6.0936,98.14,1058.4,0.7261636772928618,0.0034188067487859186,-0.015171997846557872,5.09190619952804e-05,0.0006402206517466258,prewar,0,0,0,0
2013-10-31,107.53,96.29,92.731,6.0943,98.1,1060.83,0.7356186552890982,-0.008150457270765799,-0.005385823479787888,0.004596934002238484,0.00011486802497051585,prewar,0,0,0,0
2013-11-01,105.78,94.56,93.155,6.0993,98.78,1060.91,0.741399762752076,-0.016408412764601366,-0.018129917594404077,0.004561943721780537,0.0008201023947378427,prewar,0,0,0,0
2013-11-04,104.85,94.58,92.9359,6.098,98.62,1062.38,0.7398638650488311,-0.00883070828990462,0.0002114835579414276,-0.0023547642710193273,-0.0002131619300866916,prewar,0,0,0,0
2013-11-05,105.01,93.4,93.2112,6.0966,98.6,1061.03,0.7423904974016333,0.0015248263699731979,-0.01255469198093273,0.0029578779440297964,-0.00022960982830944054,prewar,0,0,0,0
2013-11-06,105.46,94.74,93.0943,6.0925,98.6,1059.77,0.7390983000739099,0.004276150384421307,0.014244952260808574,-0.0012549282263982775,-0.0006727322205293262,prewar,0,0,0,0
2013-11-07,103.08,94.25,93.4003,6.0906,98.56,1062.78,0.7468259895444361,-0.02282634831815944,-0.005185471167485467,0.0032815993021433343,-0.00031190748092080334,prewar,0,0,0,0
2013-11-08,104.29,94.56,93.6619,6.0903,99.03,1062.12,0.748671108781912,0.011670094348957605,0.0032837273296681957,0.002796932469924407,-4.9257444041161946e-05,prewar,0,0,0,0
2013-11-11,105.76,95.13,,,,,,0.013996895970254997,0.006009823560577665,,,prewar,0,0,0,0
2013-11-12,106.29,93.12,93.7651,6.0917,99.65,1072.65,0.7447125409591897,0.004998831442113882,-0.02135539323523794,,,prewar,0,0,0,0
2013-11-13,106.9,93.91,93.4848,6.0926,99.31,1070.56,0.7431629013079668,0.005722610485508817,0.0084478928333942,-0.0029938623130441044,0.00014773109684385055,prewar,0,0,0,0
2013-11-14,108.29,93.76,93.4328,6.092,99.93,1068.21,0.7425007425007425,0.012918995609289219,-0.0015985509878193582,-0.0005563949177771477,-9.848497291420344e-05,prewar,0,0,0,0
2013-11-15,108.25,93.8,93.2854,6.092,100.17,1062.35,0.7418397626112759,-0.00036944675768957325,0.00042653018347582616,-0.0015788501669300459,0.0,prewar,0,0,0,0
2013-11-18,108.8,93.03,92.9824,6.0918,100.04,1054.84,0.7396449704142012,0.005067967539243767,-0.008242834231711349,-0.003253383217696637,-3.283047982050036e-05,prewar,0,0,0,0
2013-11-19,108.29,93.35,93.0649,6.0924,100.14,1054.86,0.7391529307413703,-0.004698520781554194,0.003433848207264667,0.0008868713000129702,9.848820611702003e-05,prewar,0,0,0,0
2013-11-20,108.27,93.34,93.2501,6.0925,100.02,1056.28,0.743439149505613,-0.00018470631748179756,-0.00010712946606261653,0.001988031677499613,1.6413758012312485e-05,prewar,0,0,0,0
2013-11-21,109.9,95.35,93.5638,6.0914,100.95,1061.9,0.7423904974016333,0.014942754086769483,0.02130559152475886,0.0033584256294894033,-0.00018056615746830929,prewar,0,0,0,0
2013-11-22,111.36,94.53,93.4198,6.0935,101.29,1060.99,0.7381708127260648,0.013197335176533542,-0.008637087609135286,-0.001540242336420583,0.0003446889216640603,prewar,0,0,0,0
2013-11-25,110.83,93.86,93.5539,6.0916,101.7,1059.35,0.7406310176270182,-0.0047707007985478,-0.007112934071021648,0.001434426585059434,-0.00031185628602115045,prewar,0,0,0,0
2013-11-26,112.04,93.41,93.5226,6.0925,101.38,1060.07,0.7377351530800443,0.01085845460434598,-0.004805904481513856,-0.00033462247040194626,0.00014773352182539945,prewar,0,0,0,0
2013-11-27,111.32,92.05,93.6864,6.0922,102.18,1060.9,0.737300007373,-0.006447013734217855,-0.014666498205670564,0.0017499163159797604,-4.9242082293510236e-05,prewar,0,0,0,0
2013-11-28,,,,,,,,,,,,prewar,0,0,0,0
2013-11-29,111.07,92.55,93.6291,6.0922,102.45,1057.76,0.7349698662354843,,,,,prewar,0,0,0,0
2013-12-02,111.49,93.61,93.8856,6.0927,103.04,1058.0,0.7378984651711925,0.0037742676004519637,0.011388176364146574,0.0027357872207556255,8.206879010597135e-05,prewar,0,0,0,0
2013-12-03,113.06,95.83,93.8251,6.0914,102.36,1059.97,0.7350779182593354,0.013983750467664535,0.0234385729720179,-0.000644608987073525,-0.0002133928652807704,prewar,0,0,0,0
2013-12-04,113.27,96.97,93.8997,6.0913,102.48,1061.02,0.7377351530800443,0.0018556979654773542,0.011825863960783778,0.0007947804864025798,-1.641672207330913e-05,prewar,0,0,0,0
2013-12-05,112.07,97.14,93.4954,6.0903,101.82,1058.27,0.7318501170960187,-0.010650673148686174,0.0017515846011439962,-0.00431495409751026,-0.00016418204542034687,prewar,0,0,0,0
2013-12-06,111.5,97.48,93.4045,6.0815,102.88,1056.0,0.7304601899196493,-0.005099085163762673,0.003493991839406796,-0.000972713277719528,-0.001445965515908254,prewar,0,0,0,0
2013-12-09,110.07,97.1,93.1444,6.0643,103.22,1050.05,0.7285443683520326,-0.012908063864872865,-0.0039058534597264938,-0.0027885467943757902,-0.002832256664482502,prewar,0,0,0,0
2013-12-10,108.91,98.32,,6.0705,102.8,1052.0,0.726480203414457,-0.010594673947705857,0.01248608996050038,,0.0010218545900213538,prewar,0,0,0,0
2013-12-11,109.47,97.25,93.0842,6.0712,102.38,1051.5,0.7247427163357009,0.005128686028871066,-0.010942482759223715,,0.00011530510567325791,prewar,0,0,0,0
2013-12-12,108.99,97.21,93.4292,6.071,103.11,1050.75,0.7271669575334497,-0.0043944042152457286,-0.00041139566557824025,0.0036994703166062237,-3.294295926914437e-05,prewar,0,0,0,0
2013-12-13,108.08,96.27,93.3568,6.071,103.28,1052.9,0.728650539201399,-0.00838444124927662,-0.00971684304310294,-0.000775218738296779,0.0,prewar,0,0,0,0
2013-12-16,110.3,97.18,93.2175,6.0713,102.91,1052.6,0.7269026677327907,0.02033223260751349,0.009408185187882445,-0.001493239164063631,4.941403194802518e-05,prewar,0,0,0,0
2013-12-17,108.91,96.99,93.302,6.0707,102.63,1050.65,0.7273785277858598,-0.012682073171862207,-0.0019570485723061637,0.000906071545130338,-9.883050576320329e-05,prewar,0,0,0,0
2013-12-18,109.56,97.59,93.4207,6.0713,103.18,1051.75,0.726427429899753,0.005950491307282313,0.006167148747918461,0.001271404237295215,9.883050576320329e-05,prewar,0,0,0,0
2013-12-19,110.78,98.4,93.7368,6.0711,104.16,1059.28,0.7317430118542367,0.01107390821008103,0.00826577490483782,0.0033779068492050257,-3.294241665852127e-05,prewar,0,0,0,0
2013-12-20,112.15,99.11,93.7211,6.0711,104.07,1061.35,0.731368390258173,0.012291008361259514,0.007189540360410085,-0.00016750427735168216,0.0,prewar,0,0,0,0
2013-12-23,111.58,98.62,93.572,6.0697,104.06,1060.4,0.7298737318443909,-0.005095438548835318,-0.004956263622637458,-0.0015921572283970065,-0.0002306273072953946,prewar,0,0,0,0
2013-12-24,111.57,98.87,93.6734,6.0712,104.26,1059.25,0.7312079555425564,-8.962581229354782e-05,0.002531775113062018,0.0010830707714282184,0.00024709865127503505,prewar,0,0,0,0
2013-12-25,,,,,,,,,,,,prewar,0,0,0,0
2013-12-26,111.65,99.18,93.766,6.0744,104.72,1059.1,0.7304601899196493,,,,,prewar,0,0,0,0
2013-12-27,112.06,99.94,93.7018,6.0684,105.05,1053.72,0.726427429899753,0.003665463850971662,0.0076336248550710195,-0.0006849176499619247,-0.000988240025086462,prewar,0,0,0,0
2013-12-30,110.47,98.9,93.4866,6.0617,105.0,1054.52,0.7237984944991315,-0.014290451252954028,-0.010460767287391981,-0.002299288789354925,-0.001104690098409078,prewar,0,0,0,0
2013-12-31,109.95,98.17,93.5576,6.0537,105.25,1055.25,0.7257420712678715,-0.00471827388341417,-0.007408568924236469,0.0007591788829603985,-0.0013206334355804206,prewar,0,0,0,0
2014-01-01,,,,,,,,,,,,prewar,0,0,0,0
2014-01-02,107.94,95.14,93.8192,6.0504,104.84,1050.3,0.731528895391368,,,,,prewar,0,0,0,0
2014-01-03,106.57,93.66,93.853,6.0505,104.46,1055.0,0.7349698662354843,-0.01277347095763215,-0.015678287248739764,0.0003602025272302356,1.6527696287571558e-05,prewar,0,0,0,0
2014-01-06,106.71,93.12,93.9109,6.0524,104.38,1065.01,0.7333528894103843,0.001312828395608534,-0.005782219772267894,0.0006167319898580104,0.00031397433930835383,prewar,0,0,0,0
2014-01-07,107.01,93.31,94.0398,6.0507,104.54,1068.5,0.7343222205903951,0.0028074134104363324,0.002038299262802745,0.0013716365005205233,-0.0002809197662052565,prewar,0,0,0,0
2014-01-08,107.42,91.9,94.2181,6.051,104.87,1065.45,0.7360518180479906,0.003824096438403757,-0.015226253884288887,0.0018942105835906276,4.9579811111089e-05,prewar,0,0,0,0
2014-01-09,107.49,91.36,94.3299,6.054,104.74,1062.89,0.7357810315650063,0.0006514355076587819,-0.005893283453941578,0.0011859050544442695,0.0004956629593424466,prewar,0,0,0,0
2014-01-10,106.44,92.39,94.0045,6.0519,104.06,1061.32,0.7318501170960187,-0.009816373875484175,0.011211001774953822,-0.0034555590884837173,-0.0003469382732492754,prewar,0,0,0,0
2014-01-13,108.02,91.45,93.899,6.0432,103.31,1056.7,0.7327617791455997,0.014734949055256408,-0.01022637284577943,-0.0011229169343387468,-0.0014385993502223915,prewar,0,0,0,0
2014-01-14,107.12,92.15,94.0303,6.0402,103.8,1059.43,0.730887297178775,-0.008366693781827195,0.007625309278957992,0.0013973342247757259,-0.0004965489947597046,prewar,0,0,0,0
2014-01-15,108.09,93.78,94.341,6.0459,104.42,1062.6,0.7350779182593354,0.009014512045194323,0.01753392954560784,0.003298807002513726,0.000943232378120662,prewar,0,0,0,0
2014-01-16,107.46,93.54,94.5507,6.0555,104.32,1063.0,0.7352941176470588,-0.005845528127436772,-0.002562461363700308,0.0022203208097417715,0.0015865936195520458,prewar,0,0,0,0
2014-01-17,108.45,93.96,94.5846,6.05,104.32,1060.8,0.7377895824110964,0.009170551972208507,0.004480007492971616,0.0003584735410360196,-0.0009086779362181829,prewar,0,0,0,0
2014-01-20,108.01,,,,,,,-0.00406542184250025,,,,prewar,0,0,0,0
2014-01-21,109.17,94.51,94.679,6.0503,104.14,1065.05,0.7374631268436578,0.010682484861795238,,,,prewar,0,0,0,0
2014-01-22,109.69,96.35,94.8479,6.0508,104.36,1067.3,0.7382253063635021,0.004751905131064049,0.01928174585341047,0.0017823332172079986,8.263711568101684e-05,prewar,0,0,0,0
2014-01-23,109.69,97.23,94.8415,6.0515,103.65,1073.1,0.7309941520467835,0.0,0.009091910961190663,-6.747873104639979e-05,0.00011568049061438934,prewar,0,0,0,0
2014-01-24,109.14,96.66,94.8555,6.0486,102.41,1080.1,0.7309941520467835,-0.005026743665156985,-0.005879639404628101,0.00014760381055545224,-0.0004793348907075057,prewar,0,0,0,0
2014-01-27,108.72,95.82,94.9059,6.0478,102.26,1083.7,0.7310475911981871,-0.003855691915196857,-0.008728234961961512,0.0005311933953384695,-0.00013227075843524894,prewar,0,0,0,0
2014-01-28,109.1,97.49,94.88,6.0506,102.8,1079.14,0.7319572536963841,0.003489122996136018,0.017278377186204175,-0.0002729391399549641,0.00046287113171872285,prewar,0,0,0,0
2014-01-29,108.83,97.34,94.8621,6.0554,102.2,1069.8,0.7319036814755178,-0.002477861131054304,-0.0015398042358718556,-0.0001886771576060653,0.0007929952505427718,prewar,0,0,0,0
2014-01-30,109.36,98.25,95.1294,6.06,102.83,1080.11,0.738061849582995,0.004858160707724046,0.009305246344061935,0.0028138119480409785,0.000759364151582842,prewar,0,0,0,0
2014-01-31,108.16,97.55,95.1774,6.059,102.28,1080.36,0.7407407407407407,-0.011033580121040387,-0.007150183680249889,0.0005044486168426232,-0.00016503011837110115,prewar,0,0,0,0
2014-02-03,106.55,96.44,95.2469,6.06,101.11,1084.25,0.7394808844191377,-0.01499725375002825,-0.011444013756150007,0.0007299488887282379,0.00016503011837110115,prewar,0,0,0,0
2014-02-04,107.04,97.24,95.0438,6.06,101.62,1083.7,0.7403568520026653,0.00458823783529283,0.008261096134951629,-0.0021346295654085523,0.0,prewar,0,0,0,0
2014-02-05,106.81,97.4,95.0285,6.06,101.38,1077.6,0.7396996819291367,-0.0021510412783145583,0.0016440612005670374,-0.00016099137047387302,0.0,prewar,0,0,0,0
2014-02-06,108.15,97.84,94.7177,6.06,101.84,1078.8,0.7350779182593354,0.01246759729746394,0.00450728073042761,-0.003275957863253076,0.0,prewar,0,0,0,0
2014-02-07,110.12,99.98,94.7457,6.0629,102.32,1073.83,0.7345379756133392,0.018051527875338813,0.021636674606507533,0.0002955716006773912,0.00047843338727826534,prewar,0,0,0,0
2014-02-10,110.18,100.12,94.7189,6.0591,102.14,1072.3,0.732922896511287,0.000544711770163353,0.0013993005781491874,-0.00028290245437645467,-0.0006269592681860114,prewar,0,0,0,0
2014-02-11,109.21,99.96,94.6377,6.0601,102.63,1070.8,0.7323861139592793,-0.008842757834933046,-0.001599360596822308,-0.0008576411382250626,0.0001650273949220793,prewar,0,0,0,0
2014-02-12,108.62,100.38,94.6209,6.0614,102.48,1062.14,0.7357268981753973,-0.00541708160293819,0.004192878260036004,-0.0001775348654611264,0.00021449490656832992,prewar,0,0,0,0
2014-02-13,108.98,100.27,,6.0631,102.2,1066.2,0.7315824127587973,0.003308826548253485,-0.001096436690953162,,0.0002804239368454642,prewar,0,0,0,0
2014-02-14,108.63,100.31,94.2711,6.0666,101.82,1062.9,0.7304601899196493,-0.0032167667092926067,0.0003988433595596419,,0.000577095904620295,prewar,0,0,0,0
2014-02-17,,,,,,,,,,,,prewar,0,0,0,0
2014-02-18,110.14,102.54,94.1934,6.0671,102.31,1065.54,0.7268498328245385,,,,,prewar,0,0,0,0
2014-02-19,110.37,103.46,94.38,6.0762,102.3,1065.25,0.7266385699752942,0.0020860739504575676,0.00893209821981511,0.0019790708647668964,0.001498769148987611,prewar,0,0,0,0
2014-02-20,109.42,103.2,94.6571,6.0832,102.32,1072.0,0.7304601899196493,-0.008644669149113327,-0.002516211527907153,0.0029317017502910048,0.001151372727815625,prewar,0,0,0,0
2014-02-21,109.03,102.53,,6.0912,102.71,1072.15,0.7287567409998542,-0.0035706149173897472,-0.006513414365461934,,0.0013142333341229495,prewar,0,0,0,0
2014-02-24,109.76,103.17,94.4042,6.0982,102.44,1074.0,0.7275902211874272,0.00667309025928553,0.006222674430284236,,0.0011485390207066626,prewar,0,0,0,0
2014-02-25,109.19,102.2,94.4735,6.1243,102.2,1072.78,0.7273256236817223,-0.0052066799516010676,-0.009446435342680637,0.0007338082061538742,0.004270818518592678,prewar,0,0,0,0
2014-02-26,109.39,102.93,94.7754,6.1243,102.36,1065.72,0.7316359379572724,0.0018299941057247082,0.0071174677688645716,0.0031905100224678407,0.0,prewar,0,0,0,0
2014-02-27,108.54,102.68,94.6722,6.1279,102.12,1068.85,0.728650539201399,-0.007800709496440739,-0.0024317895355290275,-0.001089483426635951,0.000587649581887284,prewar,0,0,0,0
2014-02-28,108.98,102.88,94.3879,6.1448,102.08,1066.01,0.7243227582210633,0.004045610519693987,0.001945904486369443,-0.003007511519289352,0.0027540819350526657,prewar,0,0,0,0
2014-03-03,111.26,105.34,,6.146,101.36,1069.9,0.7265857734505557,0.020705425492194784,0.023629953565934336,,0.00019526800595781602,prewar,0,0,0,0
2014-03-04,109.17,103.64,94.6568,6.143,102.18,1071.2,0.728279076542131,-0.01896350435496874,-0.01626985836133432,,-0.00048824152650261965,prewar,0,0,0,0
2014-03-05,108.15,101.75,94.4679,6.128,102.32,1070.85,0.72811999417504,-0.009387147893110459,-0.018404531371204236,-0.0019976244543116195,-0.002444789743500042,prewar,0,0,0,0
2014-03-06,107.99,101.82,93.9858,6.1183,103.03,1064.1,0.7221259387637203,-0.0014805221543996439,0.000687724151485547,-0.005116387225905683,-0.0015841522792261475,prewar,0,0,0,0
2014-03-07,109.14,102.82,94.2532,6.1258,103.38,1064.2,0.7210845111047015,0.010592831513417167,0.00977333815316861,0.002841070977471105,0.0012250799875879181,prewar,0,0,0,0
2014-03-10,108.27,101.39,94.3731,6.1383,103.23,1066.5,0.7204610951008646,-0.008003354435278887,-0.014005419662870722,0.0012712969097989912,0.0020384707118341616,prewar,0,0,0,0
2014-03-11,108.35,100.29,94.387,6.1397,103.18,1065.13,0.7211365111415591,0.0007386206595612066,-0.01090847786437088,0.00014727688770221903,0.0002280501720259842,prewar,0,0,0,0
2014-03-12,107.88,98.29,94.462,6.1448,102.74,1070.2,0.7192174913693901,-0.004347229710838896,-0.020143696521579102,0.0007942854232005914,0.0008303146718229293,prewar,0,0,0,0
2014-03-13,107.48,98.57,94.1872,6.1359,102.12,1068.35,0.7180297264306742,-0.0037147145242384383,0.0028446630988092636,-0.0029133459814900675,-0.0014494290322417669,prewar,0,0,0,0
2014-03-14,108.08,99.23,94.243,6.15,101.46,1071.33,0.7181844297615627,0.005566909904652917,0.006673432248803124,0.0005922617672871056,0.0022953151483333656,prewar,0,0,0,0
2014-03-17,106.99,98.43,,6.1779,101.62,1067.15,0.7180297264306742,-0.010136321501428291,-0.008094752285030538,,0.004526326078848397,prewar,0,0,0,0
2014-03-18,106.79,100.08,94.2631,6.1918,101.37,1068.5,0.718752246100769,-0.0018710829670611773,0.01662423051753592,,0.00224742812690093,prewar,0,0,0,0
2014-03-19,105.95,100.71,94.3752,6.1934,101.54,1070.53,0.7189072609633357,-0.007897004469145763,0.006275233501397359,0.001188518060180499,0.0002583728981204736,prewar,0,0,0,0
2014-03-20,105.73,99.68,94.9986,6.2273,102.39,1076.28,0.7254788160185722,-0.0020786099698728577,-0.010280044620910367,0.006583827877605586,0.005458643099966132,prewar,0,0,0,0
2014-03-21,107.2,99.97,94.8547,6.2248,102.38,1079.6,0.725531451788435,0.013807573892266056,0.002905085939946872,-0.0015159075723891746,-0.0004015387016791383,prewar,0,0,0,0
2014-03-24,106.59,100.05,94.759,6.1956,102.21,1077.7,0.7254788160185722,-0.005706549935656113,0.0007999200506523252,-0.0010094208184954212,-0.0047019506291168245,prewar,0,0,0,0
2014-03-25,107.01,99.66,94.6379,6.201,102.32,1078.67,0.7258474268708718,0.003932589337864556,-0.0039056681764835233,-0.0012787961841311812,0.000871206676274161,prewar,0,0,0,0
2014-03-26,105.9,100.61,94.5281,6.2084,102.3,1074.97,0.7253735673872044,-0.010427035431549214,0.00948726345070039,-0.001160885278866708,0.0011926444271517234,prewar,0,0,0,0
2014-03-27,106.58,101.25,94.3315,6.2123,102.1,1071.65,0.7271669575334497,0.006400624261275745,0.006341049682689892,-0.0020819706386667747,0.0006279839506899698,prewar,0,0,0,0
2014-03-28,106.64,101.73,94.3683,6.2117,102.92,1068.85,0.7271140841998109,0.0005627990018171047,0.004729538819008283,0.0003900375142587009,-9.658725055783357e-05,prewar,0,0,0,0
2014-03-31,105.95,101.57,94.2432,6.2164,102.98,1064.65,0.7258474268708718,-0.006491391156145276,-0.0015740288542476222,-0.0013265364873813468,0.0007563505642951274,prewar,0,0,0,0
2014-04-01,105.7,99.69,94.1244,6.2064,103.52,1058.3,0.7244277021153288,-0.0023623918381163733,-0.01868284491679706,-0.0012613635864271444,-0.001609943355754151,prewar,0,0,0,0
2014-04-02,103.37,99.6,94.3103,6.2054,103.82,1057.2,0.7266913741733885,-0.022290108295798028,-0.0009032064440601673,0.001973097951819547,-0.0001611369828975473,prewar,0,0,0,0
2014-04-03,104.88,100.29,94.512,6.2102,103.94,1057.5,0.7295010213014298,0.014502054875050518,0.006903824509564949,0.002136401015311762,0.0007732208252761996,prewar,0,0,0,0
2014-04-04,106.41,101.16,94.2191,6.2118,103.39,1053.85,0.7297139521307647,0.014482717998196115,0.008637432701647185,-0.003103889450684072,0.00025760747204106593,prewar,0,0,0,0
2014-04-07,104.89,100.43,94.0881,6.2118,103.04,1055.17,0.7275372862859221,-0.014387375480128028,-0.007242454396516607,-0.0013913437312318422,0.0,prewar,0,0,0,0
2014-04-08,105.83,102.57,93.6579,6.1966,102.12,1052.1,0.7245326764237067,0.008921851132120295,0.021084524914071423,-0.004582795403597295,-0.0024499544829121866,prewar,0,0,0,0
2014-04-09,107.39,103.55,93.6716,6.2003,101.85,1041.25,0.7237984944991315,0.014633034764492514,0.00950909552227408,0.00014626633845082893,0.0005969234421292491,prewar,0,0,0,0
2014-04-10,107.1,103.37,93.5123,6.2123,101.43,1039.9,0.7198387561186295,-0.002704090416422389,-0.0017398032611994907,-0.001702069873084966,0.0019335197683800764,prewar,0,0,0,0
2014-04-11,107.34,103.68,93.6395,6.2111,101.56,1035.4,0.7195279896387969,0.002238389294979548,0.0029944480235704063,0.0013593245652598895,-0.00019318383111421866,prewar,0,0,0,0
2014-04-14,107.68,104.05,93.8046,6.2186,101.81,1039.29,0.7233796296296295,0.0031624991477352538,0.0035623202356793726,0.0017615923114675525,0.001206787116376118,prewar,0,0,0,0
2014-04-15,109.1,103.7,93.9486,6.2215,101.6,1041.07,0.7243227582210633,0.013101026942607064,-0.0033694376041619734,0.0015339288836111464,0.0004662342027044186,prewar,0,0,0,0
2014-04-16,109.71,103.71,93.9461,6.2204,102.3,1038.2,0.7235890014471781,0.005575627990374699,9.64273661612225e-05,-2.6610649476843662e-05,-0.0001768218685034295,prewar,0,0,0,0
2014-04-17,109.79,104.33,93.8936,6.2188,102.22,1038.0,0.7229612492770388,0.0007289294172414529,0.005960409878235318,-0.000558987278695966,-0.0002572512715968145,prewar,0,0,0,0
2014-04-18,,,93.9629,6.224,102.43,1037.35,0.7237984944991315,,,0.0007377972350557371,0.0008358247826418808,prewar,0,0,0,0
2014-04-21,109.69,104.35,94.0337,6.2269,102.56,1038.56,0.7251631617113851,,,0.0007532051467649126,0.0004658297877970785,prewar,0,0,0,0
2014-04-22,108.54,101.69,94.0802,6.2373,102.6,1037.45,0.7244277021153288,-0.01053943678798408,-0.025821663720162924,0.0004943813396787178,0.0016687797714278751,prewar,0,0,0,0
2014-04-23,108.48,101.47,94.149,6.2374,102.26,1039.35,0.7239032865209208,-0.000552944443173331,-0.0021657815120548207,0.0007310236994459984,1.6032449678515803e-05,prewar,0,0,0,0
2014-04-24,109.79,102.2,94.1294,6.2484,102.34,1039.5,0.7231703789412786,0.012003626054555738,0.007168489478612372,-0.00020820232242080294,0.0017620020897228805,prewar,0,0,0,0
2014-04-25,109.53,100.85,94.1623,6.2534,102.12,1040.95,0.7226477814713109,-0.002370965910985845,-0.013297413369382838,0.00034945778634831726,0.0007998848592345453,prewar,0,0,0,0
2014-04-28,109.12,101.13,94.1374,6.252,102.46,1034.9,0.722334585379948,-0.003750290240502885,0.002772553513858078,-0.0002644720107909393,-0.0002239032747211045,prewar,0,0,0,0
2014-04-29,109.89,101.56,94.0295,6.2578,102.57,1029.83,0.7242178447276941,0.007031671363680658,0.004242938922398132,-0.0011468543280086507,0.0009272730843956634,prewar,0,0,0,0
2014-04-30,108.63,100.07,93.8896,6.2591,102.14,1032.85,0.7209805335255948,-0.011532253013172955,-0.014779815734113022,-0.0014889388662018277,0.00020771916443762528,prewar,0,0,0,0
2014-05-01,108.63,99.69,93.8707,6.2591,102.3,1032.75,0.7211365111415591,0.0,-0.0038045700677518113,-0.00020132051412247165,0.0,prewar,0,0,0,0
2014-05-02,109.48,100.09,93.8182,6.2591,102.34,1029.55,0.7212925562608193,0.007794271726818458,0.004004410196315256,-0.0005594364010788055,0.0,prewar,0,0,0,0
2014-05-05,109.48,99.74,93.7334,6.2453,102.06,1029.5,0.7202535292422932,0.0,-0.003502981112950998,-0.0009042845358671059,-0.0022072239535864124,prewar,0,0,0,0
2014-05-06,108.3,99.81,93.4324,6.2255,101.57,1029.5,0.7181844297615627,-0.010836730165533659,0.000701578580518003,-0.003216402350142644,-0.0031754204441469813,prewar,0,0,0,0
2014-05-07,108.17,101.06,93.4337,6.2349,101.72,1022.46,0.7185456635769203,-0.001201090364746804,0.012446021165267496,1.3913706124135672e-05,0.0015087801006699042,prewar,0,0,0,0
2014-05-08,108.19,100.52,93.3686,6.2272,101.66,1022.6,0.7212925562608193,0.00018487705728453818,-0.005357687188371152,-0.0006969935877174649,-0.0012357469415058553,prewar,0,0,0,0
2014-05-09,108.26,100.32,93.6614,6.227,101.74,1024.23,0.7265857734505557,0.0006468006693491901,-0.0019916357907803217,0.0031310510528239632,-3.211767917910002e-05,prewar,0,0,0,0
2014-05-12,108.37,100.89,93.6537,6.2364,102.1,1024.29,0.7267441860465117,0.0010155565660721066,0.005665737535677451,-8.22144077474718e-05,0.0015084169299444117,prewar,0,0,0,0
2014-05-13,108.78,102.01,93.6755,6.2283,102.2,1021.85,0.7293414047115455,0.0037761960599107525,0.011040033274139383,0.0002327453498809362,-0.0012996704517833635,prewar,0,0,0,0
2014-05-14,109.87,102.63,93.5968,6.2282,101.75,1027.5,0.7289692374981777,0.009970354717975027,0.006059439963195246,-0.0008404874039884547,-1.605587444331036e-05,prewar,0,0,0,0
2014-05-15,109.74,101.74,93.7065,6.2291,101.44,1025.1,0.7292882147024504,-0.0011839170819598621,-0.00870974826300408,0.0011713623042757249,0.00014449359035517695,prewar,0,0,0,0
2014-05-16,110.9,102.31,93.6073,6.2327,101.5,1023.42,0.7295010213014298,0.010514962725491905,0.005586880496229796,-0.0010591852738475183,0.0005777656679042398,prewar,0,0,0,0
2014-05-19,110.84,102.95,93.502,6.2368,101.26,1021.87,0.7290755322251385,-0.0005411743615439946,0.006236013582950228,-0.0011255454551601929,0.0006576045788122542,prewar,0,0,0,0
2014-05-20,110.35,102.8,93.6699,6.2377,101.26,1025.0,0.7298204641658151,-0.004430587292032051,-0.0014580804527337676,0.0017940732026007211,0.0001442943607459224,prewar,0,0,0,0
2014-05-21,111.32,104.31,93.7629,6.2335,101.44,1026.7,0.7322252324815114,0.00875180395494457,0.014581881666814844,0.0009923557417055306,-0.0006735518889577907,prewar,0,0,0,0
2014-05-22,110.89,104.03,93.6944,6.2348,101.76,1024.3,0.732493407559332,-0.0038702176925653475,-0.0026879156050760855,-0.0007308331342539276,0.00020852882986632792,prewar,0,0,0,0
2014-05-23,110.19,105.01,93.7042,6.2363,101.88,1024.45,0.7337833871441151,-0.0063325704654388915,0.00937626463509833,0.00010458989564376964,0.00024055616701534888,prewar,0,0,0,0
2014-05-26,110.01,,,,,,,-0.001634877748341701,,,,prewar,0,0,0,0
2014-05-27,109.81,104.78,93.8418,6.2471,102.14,1022.95,0.7343222205903951,-0.0018196711417219902,,,,prewar,0,0,0,0
2014-05-28,109.09,103.37,93.8793,6.2535,101.78,1021.7,0.7355104442483084,-0.00657836999995709,-0.013548129399679532,0.00039952888086425276,0.0010239509398246582,prewar,0,0,0,0
2014-05-29,109.98,104.26,93.6973,6.2375,101.58,1020.5,0.7348618459729571,0.008125301470003343,0.0085729947595663,-0.0019405411667881012,-0.0025618459291871787,prewar,0,0,0,0
2014-05-30,109.21,103.4,93.7606,6.2471,101.77,1020.3,0.7331378299120234,-0.00702589687003119,-0.008282817265631515,0.0006753516646238467,0.0015378949893625204,prewar,0,0,0,0
2014-06-02,109.34,103.07,94.0006,6.2471,102.3,1024.0,0.7349698662354843,0.0011896592572160358,-0.003196593025627692,0.0025564401027224903,0.0,prewar,0,0,0,0
2014-06-03,108.87,103.34,94.0536,6.2536,102.42,1023.0,0.733998825601879,-0.004307783573764823,0.0026161538103375293,0.000563667298079551,0.0010399418569841945,prewar,0,0,0,0
2014-06-04,109.07,103.27,94.1239,6.2494,102.69,1023.0,0.7342683016374183,0.001835368047562902,-0.0006776051757260149,0.0007471669383480872,-0.0006718387839685924,prewar,0,0,0,0
2014-06-05,108.43,103.17,93.9732,6.2548,102.44,1019.7,0.7343222205903951,-0.005885074456561057,-0.0009688045710278814,-0.0016023642283098383,0.0008637098472030758,prewar,0,0,0,0
2014-06-06,109.21,103.32,93.9069,6.2498,102.5,1019.7,0.7331915829606277,0.007167830725546942,0.0014528551153549785,-0.0007057692938428062,-0.0007997057509190331,prewar,0,0,0,0
2014-06-09,110.55,105.09,93.9628,6.2397,102.52,1016.35,0.7358893222459342,0.01219527309381796,0.016986157649865774,0.00059509331893004,-0.0016173589337720173,prewar,0,0,0,0
2014-06-10,109.18,105.02,94.0638,6.224,102.37,1016.95,0.7383888355608063,-0.012470010949843235,-0.0006663176677923488,0.00107431618413667,-0.002519317426436629,prewar,0,0,0,0
2014-06-11,109.83,105.04,93.9744,6.2277,101.94,1015.6,0.7389890629618682,0.005935819446643009,0.00019042178482742145,-0.0009508706926135702,0.0005942963786309541,prewar,0,0,0,0
2014-06-12,112.18,107.2,93.8155,6.2175,101.83,1017.6,0.737680731779286,0.021171008279935677,0.02035501864216105,-0.001692317189831094,-0.0016391865592986221,prewar,0,0,0,0
2014-06-13,113.15,107.49,93.9168,6.209,102.06,1017.8,0.7395355716609968,0.008609647999356262,0.0027015713482709813,0.0010791963858292064,-0.0013680443126671271,prewar,0,0,0,0
2014-06-16,113.42,107.52,93.8639,6.225,101.82,1020.0,0.7364854912358227,0.0023833705063349697,0.0002790567898669494,-0.000563423199502644,0.0025735899680157104,prewar,0,0,0,0
2014-06-17,114.02,106.95,94.0829,6.2263,102.18,1022.3,0.7383888355608063,0.005276129017554254,-0.00531544124642469,0.0023304477555941006,0.00020881353830093374,prewar,0,0,0,0
2014-06-18,114.25,106.64,94.0525,6.2309,102.16,1021.85,0.7370826269624825,0.002015158170878273,-0.0029027596579611625,-0.0003231715058902296,0.0007385287559129594,prewar,0,0,0,0
2014-06-19,115.19,107.08,93.752,6.2287,101.84,1018.37,0.7342143906020557,0.008193909164100788,0.004117542781698624,-0.0032001390429821086,-0.00035314135652231293,prewar,0,0,0,0
2014-06-20,114.55,107.95,93.7591,6.224,102.14,1020.81,0.7360518180479906,-0.005571530038910311,0.008091938308663948,7.5728850221779e-05,-0.0007548564123724955,prewar,0,0,0,0
2014-06-23,113.62,106.83,93.628,6.225,101.9,1018.1,0.7356727727506805,-0.008151861770524071,-0.01042937100301966,-0.001399242758864716,0.00016065547468091523,prewar,0,0,0,0
2014-06-24,113.74,106.64,93.7093,6.2308,102.13,1018.05,0.7359434795407712,0.0010555947496726503,-0.001780110087342912,0.0008679532063702311,0.0009312931195424312,prewar,0,0,0,0
2014-06-25,112.84,107.04,93.5851,6.2343,101.75,1019.55,0.7332453438920663,-0.007944255744857465,0.0037439205094651484,-0.0013262544764298667,0.000561567912327865,prewar,0,0,0,0
2014-06-26,112.61,106.49,93.5471,6.2235,101.66,1016.0,0.7347538574577517,-0.0020403644248618846,-0.005151512352626675,-0.0004061300035198556,-0.0017338539237465866,prewar,0,0,0,0
2014-06-27,112.62,106.46,93.3983,6.218,101.39,1013.3,0.7336218912772358,8.879811753814693e-05,-0.00028175628268112263,-0.0015919089897238337,-0.0008841378223329865,prewar,0,0,0,0
2014-06-30,111.03,106.07,93.2058,6.2036,101.28,1011.6,0.7304601899196493,-0.014218884760297534,-0.0036700742272319786,-0.0020631922694684945,-0.0023185429334013907,prewar,0,0,0,0
2014-07-01,110.84,106.06,93.1365,6.1995,101.51,1010.7,0.7309407207075506,-0.0017127150713971417,-9.428180839510247e-05,-0.0007437925065314488,-0.0006611250654011691,prewar,0,0,0,0
2014-07-02,110.18,105.18,93.2478,6.2101,101.76,1009.1,0.7322788517867604,-0.005972327950207301,-0.008331803547785732,0.0011943067439652566,0.0017083552375563027,prewar,0,0,0,0
2014-07-03,108.98,104.76,93.3149,6.2115,102.19,1008.85,0.7347538574577517,-0.01095101288961775,-0.004001148521687092,0.0007193292431262321,0.00022541379627871727,prewar,0,0,0,0
2014-07-04,,,,,,,,,,,,prewar,0,0,0,0
2014-07-07,108.7,104.19,93.3803,6.2036,101.84,1011.1,0.7350779182593354,,,,,prewar,0,0,0,0
2014-07-08,107.65,104.06,93.323,6.201,101.53,1011.5,0.7345379756133392,-0.009706570316791563,-0.001248499561934402,-0.0006138081308586507,-0.0004191993354198953,prewar,0,0,0,0
2014-07-09,106.84,102.93,93.228,6.1994,101.7,1012.1,0.7336757153338225,-0.007552835568612082,-0.01091851032368929,-0.0010184883298620662,-0.00025805619316776607,prewar,0,0,0,0
2014-07-10,106.2,103.61,93.3152,6.2023,101.26,1013.1,0.7352941176470588,-0.006008279433921793,0.006584704725192125,0.0009349041546551362,0.0004676778268879467,prewar,0,0,0,0
2014-07-11,105.77,101.48,93.4171,6.2034,101.33,1018.6,0.7354022650389763,-0.004057183467876868,-0.020772115532579072,0.0010914020778942657,0.00017733783710438544,prewar,0,0,0,0
2014-07-14,104.73,101.73,93.4101,6.2059,101.58,1018.95,0.7342143906020557,-0.009881315554906678,0.002460510074575595,-7.493555545767805e-05,0.00040292361919247455,prewar,0,0,0,0
2014-07-15,104.73,100.56,93.5796,6.2075,101.62,1026.75,0.7367567965814484,0.0,-0.011567680523665302,0.0018129345779485107,0.0002577859424266471,prewar,0,0,0,0
2014-07-16,105.41,101.88,93.5991,6.2035,101.69,1031.9,0.7390983000739099,0.0064718984820428815,0.013041085829263999,0.00020835704137844857,-0.0006445894993953871,prewar,0,0,0,0
2014-07-17,106.04,103.84,93.6586,6.2033,101.3,1028.95,0.7390983000739099,0.005958873153726785,0.019055602844524344,0.0006354879078660503,-3.224038430826859e-05,prewar,0,0,0,0
2014-07-18,106.03,103.83,93.6608,6.2075,101.37,1029.1,0.7399186089530152,-9.430848311797746e-05,-9.630664041804238e-05,2.3489291552714064e-05,0.0006768298837036557,prewar,0,0,0,0
2014-07-21,105.71,105.34,93.6069,6.2088,101.34,1026.65,0.7394262052647146,-0.0030225771571350535,0.014438267739881105,-0.0005756465368920161,0.0002094021576075633,prewar,0,0,0,0
2014-07-22,106.48,104.59,93.6306,6.2025,101.54,1024.2,0.7423904974016333,0.007257678306284987,-0.007145269289066114,0.00025315441753459567,-0.0010152039739730334,prewar,0,0,0,0
2014-07-23,106.85,103.81,93.5951,6.1982,101.5,1023.5,0.7428316743425939,0.0034688076783000454,-0.007485639561022772,-0.00037922144689961357,-0.0006935092651774166,prewar,0,0,0,0
2014-07-24,105.78,102.76,93.6836,6.1944,101.82,1029.05,0.7425007425007425,-0.010064516127322953,-0.010166132963471242,0.0009451155586583937,-0.0006132692282647678,prewar,0,0,0,0
2014-07-25,106.89,105.23,93.8294,6.1913,101.81,1025.6,0.7445461990916536,0.010438802648020662,0.02375225851103746,0.0015550924936666988,-0.0005005772890886995,prewar,0,0,0,0
2014-07-28,106.7,105.68,93.83,6.187,101.82,1026.1,0.744047619047619,-0.0017791099781465647,0.0042672294613490536,6.394563768274963e-06,-0.0006947642524364195,prewar,0,0,0,0
2014-07-29,106.98,104.91,94.0443,6.18,102.12,1024.65,0.7457121551081283,0.002620742795396147,-0.007312820470675163,0.0022813135478534363,-0.0011320450792522418,prewar,0,0,0,0
2014-07-30,106.47,104.29,94.3473,6.1712,102.9,1024.55,0.7474958887726117,-0.004778645776588597,-0.005927359610272909,0.0032167067031316776,-0.0014249629977731715,prewar,0,0,0,0
2014-07-31,104.94,98.23,94.4467,6.1737,102.75,1027.75,0.7468259895444361,-0.014474497067949343,-0.05986381244634309,0.0010529996629617955,0.00040502556264954137,prewar,0,0,0,0
2014-08-01,103.45,97.86,94.4754,6.1793,102.45,1036.85,0.7442691277165824,-0.014300354067013465,-0.0037737818258012368,0.00030382893500302544,0.0009066624113360788,prewar,0,0,0,0
2014-08-04,103.63,98.26,94.448,6.178,102.47,1032.95,0.7454897867899211,0.0017384590045734782,0.0040791408795248785,-0.00029006465257452874,-0.00021040194942201218,prewar,0,0,0,0
2014-08-05,102.82,97.34,94.6754,6.1705,102.77,1027.9,0.7481669908723627,-0.007846976568766983,-0.009407022335193638,0.0024047802607949365,-0.0012147225852887633,prewar,0,0,0,0
2014-08-06,104.17,96.93,94.6092,6.1625,102.34,1033.75,0.7487832272557096,0.013044293368998261,-0.004220935900791645,-0.0006994758443008564,-0.0012973325422926951,prewar,0,0,0,0
2014-08-07,104.02,97.34,94.6364,6.1618,102.06,1036.75,0.74839095943721,-0.0014409916514308563,0.004220935900791645,0.0002874571476141341,-0.00011359671555410955,prewar,0,0,0,0
2014-08-08,103.36,97.61,94.6027,6.1557,101.91,1036.4,0.7456009543692216,-0.006365148310634616,0.0027699427815655042,-0.0003561631856863201,-0.0009904608075796961,prewar,0,0,0,0
2014-08-11,103.47,98.09,94.4767,6.1528,102.14,1029.8,0.7471049682480388,0.0010636755825679245,0.00490547738935021,-0.0013327736247417121,-0.0004712190849676112,prewar,0,0,0,0
2014-08-12,101.68,97.36,94.5211,6.1575,102.22,1026.9,0.748671108781912,-0.017451088735660925,-0.007469975896952086,0.0004698467475998669,0.0007635882518488568,prewar,0,0,0,0
2014-08-13,102.27,97.57,94.4681,6.1531,102.48,1029.35,0.7481110196753198,0.005785747936722707,0.0021546204405868963,-0.000560878625756267,-0.000714831151586548,prewar,0,0,0,0
2014-08-14,101.15,95.54,94.3508,6.1575,102.44,1026.9,0.7476076555023924,-0.011011811204166833,-0.021025061158042924,-0.0012424605279424128,0.000714831151586548,prewar,0,0,0,0
2014-08-15,101.13,97.3,94.2941,6.147,102.19,1020.95,0.7467144563918757,-0.0001977456996753446,0.01825398123014299,-0.0006011294416907731,-0.001706693087683453,prewar,0,0,0,0
2014-08-18,99.37,96.44,94.2519,6.1425,102.54,1017.35,0.7486150621350501,-0.017556560670807464,-0.008877935878988552,-0.00044763612810339026,-0.0007323325116752599,prewar,0,0,0,0
2014-08-19,99.74,94.35,94.4356,6.1425,102.86,1017.35,0.7507507507507507,0.00371654287470502,-0.021909781498411718,0.0019471354280389264,0.0,prewar,0,0,0,0
2014-08-20,99.92,96.4,94.5937,6.1395,103.36,1022.6,0.7527853056308341,0.0018030656993452965,0.0214949298019409,0.0016727569415451171,-0.0004885197947668285,prewar,0,0,0,0
2014-08-21,100.28,93.97,94.673,6.151,103.78,1023.4,0.7527853056308341,0.0035964074727710127,-0.02553061922152633,0.0008379710180426159,0.0018713646078007962,prewar,0,0,0,0
2014-08-22,100.09,93.61,94.8012,6.151,103.97,1017.8,0.7554581853894387,-0.0018964920591653112,-0.0038383670113200097,0.0013532187449616373,0.0,prewar,0,0,0,0
2014-08-25,100.49,95.39,94.9159,6.154,103.96,1019.65,0.7572315614114796,0.003988438829939156,0.018836535773463225,0.0012091689570965514,0.0004876066736190232,prewar,0,0,0,0
2014-08-26,100.5,95.78,94.8617,6.1522,104.12,1016.25,0.7582075972401243,9.950743826347974e-05,0.004080143757346555,-0.0005711949299982422,-0.00029253547201202323,prewar,0,0,0,0
2014-08-27,100.4,95.82,94.6863,6.143,103.98,1013.95,0.7580351728320195,-0.0009955202415010689,0.00041753654051301936,-0.0018507190797523165,-0.0014965192460478782,prewar,0,0,0,0
2014-08-28,100.71,96.44,94.6947,6.1423,103.78,1014.85,0.7588404917286385,0.0030828924024239868,0.006449621857994359,8.87100607291913e-05,-0.00011395733124253127,prewar,0,0,0,0
2014-08-29,101.12,97.86,94.7251,6.143,104.0,1013.85,0.7604562737642586,0.0040628307384942275,0.01461683254800672,0.00032098017483939145,0.00011395733124253127,prewar,0,0,0,0
2014-09-01,,,,,,,,,,,,prewar,0,0,0,0
2014-09-02,100.21,92.92,95.063,6.148,105.1,1018.2,0.7619628162145687,,,,,prewar,0,0,0,0
2014-09-03,100.88,95.5,94.8709,6.1408,104.88,1019.55,0.761266747868453,0.006663707586427314,0.027387339584476145,-0.002022809677495019,-0.0011717988451058758,prewar,0,0,0,0
2014-09-04,101.21,94.51,95.2641,6.1383,105.22,1018.7,0.7736345350456445,0.0032658745441453974,-0.010420598479719878,0.00413601452154122,-0.0004071959727574015,prewar,0,0,0,0
2014-09-05,99.51,93.32,95.2203,6.14,104.94,1024.25,0.7718431614695893,-0.01693942457373865,-0.012671201853735603,-0.0004598801872699454,0.0002769113005649526,prewar,0,0,0,0
2014-09-08,99.53,92.64,95.4167,6.14,105.65,1024.0,0.7723200494284832,0.00020096463090091277,-0.007313433328543617,0.0020604611852341748,0.0,prewar,0,0,0,0
2014-09-09,98.08,92.73,95.8811,6.1362,106.32,1034.05,0.7746533426291735,-0.014675634070070664,0.0009710309874488843,0.004855266629292032,-0.0006190841011661785,prewar,0,0,0,0
2014-09-10,96.26,91.71,95.8641,6.1284,106.76,1034.2,0.7747133560582585,-0.01873060831293838,-0.01106062024128196,-0.00017731865042325268,-0.0012719535984233588,prewar,0,0,0,0
2014-09-11,96.42,92.89,95.9184,6.1295,106.87,1035.9,0.7730364873222015,0.001660785102512996,0.012784572828577367,0.0005662664888719249,0.0001794760934503703,prewar,0,0,0,0
2014-09-12,96.31,92.18,96.0748,6.1344,107.24,1034.9,0.7719027402547278,-0.0011414934047033753,-0.007672810107067107,0.0016292247287434947,0.000799093316276478,prewar,0,0,0,0
2014-09-15,96.43,92.86,96.1195,6.1415,107.18,1037.8,0.7721411474017451,0.0012452009495200755,0.007349795299413486,0.0004651542819527066,0.0011567381278234645,prewar,0,0,0,0
2014-09-16,97.39,94.91,95.8483,6.1459,106.91,1035.95,0.7706535141800246,0.009906179450815067,0.02183609155062438,-0.0028254757352312865,0.0007161808337108333,prewar,0,0,0,0
2014-09-17,97.7,94.33,95.9106,6.1385,107.58,1034.55,0.7717240314863405,0.0031780230756295325,-0.006129801480638797,0.0006497742967024323,-0.0012047801919652379,prewar,0,0,0,0
2014-09-18,96.82,93.07,96.1284,6.14,108.69,1043.3,0.7744133818632387,-0.009047974537189418,-0.01344737446414257,0.0022682902263007065,0.0002443295202936291,prewar,0,0,0,0
2014-09-19,96.75,92.43,96.3417,6.1403,108.96,1043.55,0.7791195948578106,-0.000723252601656732,-0.00690029692093308,0.002216449072581561,4.885874124571643e-05,prewar,0,0,0,0
2014-09-22,95.37,91.46,96.4625,6.14,108.88,1040.75,0.7794839816041781,-0.014366268319069952,-0.010549883046777175,0.0012530848996741284,-4.885874124571643e-05,prewar,0,0,0,0
2014-09-23,94.87,91.55,96.5112,6.1368,108.82,1039.9,0.7777259293824855,-0.005256530186035668,0.00098355289061125,0.0005047320026916324,-0.0005213084961015468,prewar,0,0,0,0
2014-09-24,94.53,93.6,96.6574,6.1346,108.92,1039.77,0.781983109164842,-0.003590288967492583,0.02214511236302652,0.0015137038619696952,-0.00035855729966760563,prewar,0,0,0,0
2014-09-25,95.2,93.59,96.8988,6.1355,108.7,1042.6,0.7844367743959837,0.007062697360026959,-0.00010684331438159944,0.0024943672707280484,0.0001466980711835042,prewar,0,0,0,0
2014-09-26,95.08,95.55,97.208,6.1266,109.32,1044.1,0.7882705344474223,-0.0012612993053267019,0.020726130517116914,0.0031858776871995786,-0.0014516276270553075,prewar,0,0,0,0
2014-09-29,95.7,94.53,97.3523,6.1495,109.34,1053.15,0.7872156183578682,0.006499655966915263,-0.010732426248988958,0.001483345024229088,0.0037308308929180356,prewar,0,0,0,0
2014-09-30,94.67,91.17,97.5261,6.138,109.66,1054.55,0.7918910357934749,-0.010821138318108936,-0.036191348840481474,0.0017836768577614848,-0.0018718215027837548,prewar,0,0,0,0
2014-10-01,94.57,90.74,97.5387,6.138,109.3,1062.7,0.7925186241876684,-0.0010568591133788274,-0.0047276213609936946,0.0001291878392972734,0.0,prewar,0,0,0,0
2014-10-02,91.29,91.02,97.3062,6.138,108.1,1061.1,0.7892659826361484,-0.035299048450431414,0.0030809883526776716,-0.0023865147134909392,0.0,prewar,0,0,0,0
2014-10-03,90.8,89.76,97.9846,6.1385,109.7,1061.1,0.7989134776703682,-0.00538196696974147,-0.013939820814108828,0.006947615851089495,8.145644121304585e-05,prewar,0,0,0,0
2014-10-06,90.65,90.33,97.5513,6.1385,109.08,1068.75,0.7941550190597204,-0.0016533484063874226,0.006330189387365515,-0.004431929985642569,0.0,prewar,0,0,0,0
2014-10-07,90.9,88.89,97.4459,6.1385,108.3,1069.4,0.7920164739426581,0.0027540639825724966,-0.0160699809081688,-0.0010810412689474802,0.0,prewar,0,0,0,0
2014-10-08,90.25,87.29,97.4945,6.1385,108.41,1074.4,0.7884569896712135,-0.00717640397044228,-0.01816374150632516,0.0004986139456661931,0.0,prewar,0,0,0,0
2014-10-09,90.47,85.76,97.1711,6.1299,108.0,1062.6,0.7884569896712135,0.002434706824659294,-0.017683211424766476,-0.0033226240026325016,-0.0014019760374024415,prewar,0,0,0,0
2014-10-10,88.66,85.87,97.4144,6.1308,107.83,1073.1,0.7913896802785692,-0.020209474720742193,0.0012818273619012999,0.002500701509515757,0.0001468105412605336,prewar,0,0,0,0
2014-10-13,87.82,85.73,,,,,,-0.009519564183336549,-0.0016317019937286403,,,prewar,0,0,0,0
2014-10-14,86.36,81.72,97.3943,6.125,107.15,1064.62,0.7898894154818326,-0.016764659486964817,-0.04790405274124332,,,prewar,0,0,0,0
2014-10-15,84.02,81.82,97.3532,6.1249,106.06,1058.9,0.7825950853028643,-0.027469739905370716,0.0012229425518315296,-0.0004220850137768295,-1.6326663891508275e-05,prewar,0,0,0,0
2014-10-16,84.02,82.33,97.2869,6.123,105.98,1060.16,0.7805182641273807,0.0,0.0062138488090823785,-0.0006812573828742785,-0.0003102572710818041,prewar,0,0,0,0
2014-10-17,85.27,82.8,97.3067,6.1238,106.72,1063.62,0.7840062720501764,0.014767827012722279,0.005692500080878737,0.00020350104081856557,0.00013064637311588356,prewar,0,0,0,0
2014-10-20,84.42,82.76,97.2874,6.1233,106.87,1057.58,0.7822889775483064,-0.010018352399605135,-0.00048320851387106956,-0.0001983616159302315,-8.165198296361531e-05,prewar,0,0,0,0
2014-10-21,85.17,83.25,97.2488,6.1205,106.7,1054.69,0.7859163784973279,0.008844918798637025,0.005903275983210499,-0.00039684131289252633,-0.0004573743525395635,prewar,0,0,0,0
2014-10-22,86.38,80.52,97.459,6.118,107.32,1052.47,0.7900142202559646,0.014106908379565297,-0.0333425280889621,0.0021591336521717963,-0.00040854680471835714,prewar,0,0,0,0
2014-10-23,85.94,82.81,97.6047,6.119,108.16,1057.87,0.7900142202559646,-0.005106789185705729,0.028043226274017563,0.0014938712543237642,0.00016343875169178013,prewar,0,0,0,0
2014-10-24,86.0,81.27,97.4772,6.1168,108.06,1055.58,0.7889546351084812,0.0006979179066579633,-0.018771882280494978,-0.0013071434936211546,-0.0003596005203923003,prewar,0,0,0,0
2014-10-27,85.64,81.26,97.5423,6.116,107.71,1050.99,0.7866582756450597,-0.004194832532025572,-0.0001230542055328243,0.0006676255699353817,-0.00013079589319531237,prewar,0,0,0,0
2014-10-28,85.57,81.36,97.2173,6.113,108.0,1047.0,0.7844983133286264,-0.0008177092915184758,0.001229861180723546,-0.003337450905318562,-0.0004906370202275578,prewar,0,0,0,0
2014-10-29,86.91,82.25,97.0145,6.1107,108.1,1043.89,0.7835762419683435,0.015538346019405402,0.010879637905176764,-0.0020882273005318197,-0.00037631814052097035,prewar,0,0,0,0
2014-10-30,85.5,81.06,97.456,6.114,108.94,1053.8,0.7922674694977024,-0.01635672450665382,-0.014573768445318436,0.004540542226362909,0.000539890562575307,prewar,0,0,0,0
2014-10-31,84.17,80.53,98.1163,6.1124,112.09,1073.07,0.7980845969672786,-0.015677812719229856,-0.00655983539270899,0.006752515657317382,-0.0002617287196775564,prewar,0,0,0,0
2014-11-03,84.9,78.77,98.5336,6.1178,113.92,1077.63,0.8008328661808282,0.00863553009381679,-0.022097572092221185,0.004244097010775327,0.0008830600236966468,prewar,0,0,0,0
2014-11-04,82.12,77.15,98.5576,6.115,113.44,1076.99,0.7965588657001752,-0.03329250116656901,-0.02078063490606219,0.00024354207715582277,-0.0004577856335261643,prewar,0,0,0,0
2014-11-05,82.88,78.71,98.8086,6.1135,114.62,1089.38,0.800768737988469,0.009212186360439745,0.020018633345188164,0.0025434966607020826,-0.00024532853702785573,prewar,0,0,0,0
2014-11-06,82.08,77.87,99.1325,6.1117,114.87,1084.0,0.8055421298533912,-0.009699397088713368,-0.01072944256546382,0.0032726936355800262,-0.00029447371216950735,prewar,0,0,0,0
2014-11-07,83.2,78.71,99.0236,6.1225,114.73,1086.5,0.8050233456770246,0.013552966404703604,0.01072944256546382,-0.0010991335715981876,0.0017655429542473566,prewar,0,0,0,0
2014-11-10,82.9,77.43,98.9305,6.119,114.78,1089.28,0.8048289738430584,-0.003612285685913541,-0.016395909755726024,-0.0009406221630605671,-0.0005718253637820858,prewar,0,0,0,0
2014-11-11,80.94,77.85,,,,,,-0.023926922693529917,0.005409595881374685,,,prewar,0,0,0,0
2014-11-12,80.42,77.16,98.8897,6.1257,115.42,1093.62,0.8028259473346179,-0.006445237978591756,-0.008902710242479017,,,prewar,0,0,0,0
2014-11-13,77.74,74.13,99.1045,6.1243,115.63,1093.61,0.8015389547932029,-0.033892976045050816,-0.040060879368899904,0.002169761379582802,-0.00022857142956667076,prewar,0,0,0,0
2014-11-14,77.51,75.91,99.0917,6.129,116.52,1102.23,0.800384184408516,-0.002962965130656414,0.02372811936004826,-0.00012916493875980706,0.0007671403181994663,prewar,0,0,0,0
2014-11-17,76.86,75.64,99.2188,6.1242,116.44,1098.12,0.8034064433196755,-0.00842137515672281,-0.0035631842384198364,0.0012818284196045582,-0.0007834688482240004,prewar,0,0,0,0
2014-11-18,77.23,74.55,99.0185,6.1208,116.76,1096.64,0.7978299026647518,0.004802397444475304,-0.014515202579509001,-0.0020208111002659734,-0.0005553287198654111,prewar,0,0,0,0
2014-11-19,77.21,74.55,99.2424,6.119,117.7,1112.04,0.7969397513547977,-0.0002590002604483388,0.0,0.002258640964352132,-0.0002941224551016308,prewar,0,0,0,0
2014-11-20,77.61,75.63,99.2554,6.123,118.14,1111.96,0.7983394539358135,0.00516730254532316,0.014382988657190232,0.00013098381965548356,0.0006534880154138722,prewar,0,0,0,0
2014-11-21,79.2,76.52,99.2894,6.1244,117.74,1111.05,0.8068420203324189,0.020280013954332432,0.011699114704113889,0.0003424919749335231,0.0002286199529855093,prewar,0,0,0,0
2014-11-24,79.62,75.74,99.4227,6.1412,118.39,1114.66,0.8046994447573832,0.005289018751791552,-0.010245722098402688,0.001341639688725138,0.002739370353804116,prewar,0,0,0,0
2014-11-25,77.62,74.04,99.2837,6.1355,117.99,1108.68,0.8017960230917254,-0.025440191631411757,-0.022700934768352,-0.001399049277452491,-0.0009285883681415807,prewar,0,0,0,0
2014-11-26,77.39,73.7,99.1893,6.1386,117.6,1103.26,0.7998080460689435,-0.002967552658391881,-0.00460268851000567,-0.0009512629639143455,0.0005051286963468904,prewar,0,0,0,0
2014-11-27,,,,,,,,,,,,prewar,0,0,0,0
2014-11-28,71.89,65.94,100.0719,6.1429,118.7,1112.06,0.8039877793857533,,,,,prewar,0,0,0,0
2014-12-01,70.87,68.98,99.8964,6.1515,118.14,1108.36,0.8006405124099278,-0.014289960173615945,0.04507136986511018,-0.0017552786622641037,0.001399011159988861,prewar,0,0,0,0
2014-12-02,71.13,66.99,100.4478,6.149,119.1,1115.35,0.8071025020177562,0.003661975923259675,-0.029273252988518905,0.0055045406084408555,-0.00040648754675398635,prewar,0,0,0,0
2014-12-03,70.13,67.3,100.5696,6.1499,119.82,1114.57,0.8127438231469442,-0.014158526196604626,0.004616882130505928,0.001211835541656825,0.00014635455229417005,prewar,0,0,0,0
2014-12-04,68.48,66.73,100.3931,6.1541,119.67,1110.89,0.8043758043758044,-0.023808930715333076,-0.008505609735166786,-0.0017565453229071437,0.0006827048379600686,prewar,0,0,0,0
2014-12-05,68.0,65.89,101.0989,6.1497,121.38,1117.74,0.8127438231469442,-0.0070340266573794,-0.012667941989787046,0.007005765854366963,-0.000715226220772136,prewar,0,0,0,0
2014-12-08,65.64,63.13,101.31,6.1725,120.89,1112.52,0.8135372600065083,-0.03532243895421683,-0.04279059254619355,0.0020858774148697634,0.003700642096382767,prewar,0,0,0,0
2014-12-09,66.11,63.74,100.8095,6.1855,118.87,1102.31,0.8054772452678212,0.0071347551235962925,0.009616216609655837,-0.0049525258374494285,0.00210390108355174,prewar,0,0,0,0
2014-12-10,63.32,60.99,101.0212,6.1763,118.5,1103.75,0.8048289738430584,-0.043118786332675185,-0.044102392680825275,0.002097798577091581,-0.001488456648474079,prewar,0,0,0,0
2014-12-11,63.65,60.01,101.4448,6.1881,119.4,1101.83,0.8066467693796886,0.005198089990604338,-0.01619870130694334,0.004184412376185165,0.0019087062182459036,prewar,0,0,0,0
2014-12-12,61.67,57.81,101.3735,6.1864,118.22,1103.01,0.8010253123998718,-0.031601736000014036,-0.037349443907037205,-0.000703092402778438,-0.00027475857783265667,prewar,0,0,0,0
2014-12-15,61.09,55.96,101.674,6.19,117.75,1098.24,0.8019246190858058,-0.009449402341726199,-0.032524621297103984,0.0029599007068821237,0.000581752383816303,prewar,0,0,0,0
2014-12-16,60.26,55.97,101.526,6.189,117.28,1080.83,0.799744081893794,-0.013679652959520006,0.00017868310598778692,-0.0014566931709723008,-0.00016156393928046242,prewar,0,0,0,0
2014-12-17,59.84,56.43,101.5527,6.1957,117.64,1094.59,0.8060615831049492,-0.006994200035933318,0.008185099077780755,0.0002629522461381484,0.0010819802907831022,prewar,0,0,0,0
2014-12-18,58.81,54.18,101.7531,6.2139,118.84,1101.75,0.8136034496786266,-0.017362425194357378,-0.040689095324100144,0.0019714151283842796,0.0029332150994423323,prewar,0,0,0,0
2014-12-19,58.87,56.91,102.0483,6.2196,119.56,1099.21,0.8173273395995095,0.0010197145683052966,0.04915923595808369,0.0028969399272975593,0.0009168778540742384,prewar,0,0,0,0
2014-12-22,58.31,55.25,101.9942,6.2213,119.84,1097.77,0.8161932745674175,-0.009558017806105212,-0.029602732217170136,-0.0005302816939387611,0.0002732921268688848,prewar,0,0,0,0
2014-12-23,59.07,56.78,102.348,6.2256,120.68,1104.84,0.8210180623973727,0.012949576085079073,0.027315810646962646,0.003462822202546789,0.0006909351197590397,prewar,0,0,0,0
2014-12-24,58.67,55.7,102.3028,6.2148,120.45,1103.22,0.8204791598293403,-0.006794658381375385,-0.019204004111586848,-0.00044172806297293477,-0.0017362790124428873,prewar,0,0,0,0
2014-12-25,,,,,,,,,,,,prewar,0,0,0,0
2014-12-26,58.72,54.59,,,,,,,,,,prewar,0,0,0,0
2014-12-29,57.86,53.46,102.3767,6.2222,120.57,1097.34,0.8210854749979473,-0.014754084758271446,-0.020917005082893514,,,prewar,0,0,0,0
2014-12-30,55.6,54.14,102.1019,6.2015,119.34,1096.06,0.8214227041235419,-0.039843098291452606,0.01263957347538236,-0.002687813447836085,-0.0033323436907335413,prewar,0,0,0,0
2014-12-31,55.27,53.45,102.2843,6.2046,119.85,1090.89,0.8263779852904719,-0.00595293541136499,-0.012826646715101031,0.0017848567899676482,0.0004997541636000413,prewar,0,0,0,0
2015-01-01,,,,,,,,,,,,prewar,0,0,0,0
2015-01-02,55.38,52.72,102.9027,6.2046,120.2,1103.73,0.8322929671244278,,,,,prewar,0,0,0,0
2015-01-05,51.08,50.05,103.4976,6.2201,119.64,1109.07,0.8390669575432119,-0.08082548657847788,-0.05197238443302199,0.005764542467950662,0.0024950313554226167,prewar,0,0,0,0
2015-01-06,50.12,47.98,103.2938,6.2125,118.26,1098.14,0.8378016085790885,-0.018972901136470988,-0.04223824834968104,-0.001971069067496778,-0.0012225923695226015,prewar,0,0,0,0
2015-01-07,49.06,48.69,103.6316,6.2127,119.52,1101.51,0.8460236886632826,-0.02137609119752426,0.014689412783060796,0.0032649476581960712,3.219264076492756e-05,prewar,0,0,0,0
2015-01-08,49.43,48.8,103.2799,6.2143,119.51,1096.19,0.8466683600033866,0.007513488488524622,0.0022566426644923254,-0.0033995243252258334,0.00025750382374511993,prewar,0,0,0,0
2015-01-09,47.64,48.35,103.1213,6.2085,118.66,1086.14,0.8453085376162299,-0.03688478283176844,-0.009264090959798299,-0.0015368130729385143,-0.0009337670124975883,prewar,0,0,0,0
2015-01-12,46.9,46.06,103.2372,6.2027,118.32,1083.25,0.8451656524678837,-0.015655069034865576,-0.04852132750676397,0.0011232879884923719,-0.0009346397483267488,prewar,0,0,0,0
2015-01-13,45.13,45.92,103.27,6.197,118.16,1080.42,0.8489685032685288,-0.03847046161332379,-0.0030441423812281876,0.00031766447151326815,-0.0009193771464626188,prewar,0,0,0,0
2015-01-14,45.82,48.49,103.0903,6.1957,116.78,1080.45,0.8470269354565475,0.01517346318643975,0.05445683910594967,-0.0017416145006814432,-0.00020980093196287797,prewar,0,0,0,0
2015-01-15,47.66,46.37,103.0829,6.187,116.95,1077.94,0.8622176237282291,0.039371794645246094,-0.04470489271389155,-7.178430565346616e-05,-0.001405186499155775,prewar,0,0,0,0
2015-01-16,47.38,48.49,103.2189,6.2065,117.45,1076.68,0.8682816705739342,-0.0058922729399562,0.04470489271389155,0.001318456937370982,0.0031468134250138835,prewar,0,0,0,0
2015-01-19,,,,,,,,,,,,prewar,0,0,0,0
2015-01-20,46.49,46.79,103.5233,6.2137,118.48,1087.17,0.8651267410675665,,,,,prewar,0,0,0,0
2015-01-21,46.5,47.85,103.7858,6.2112,117.86,1081.94,0.8632596685082872,0.000215076890817123,0.02240161302083843,0.002532451689686077,-0.00040241773112659196,prewar,0,0,0,0
2015-01-22,46.09,45.93,103.9271,6.2085,117.92,1081.75,0.8761170492377782,-0.008856305860893254,-0.04095261956126128,0.001360531982328439,-0.00043479311779437424,prewar,0,0,0,0
2015-01-23,46.69,45.26,104.3676,6.2279,117.8,1075.75,0.8866034222892101,0.01293400225042829,-0.014694858132310973,0.0042295906395235505,0.003119876449138248,prewar,0,0,0,0
2015-01-26,46.07,44.8,104.4818,6.2535,118.38,1079.42,0.8857395925597874,-0.013368030035019629,-0.01021550078445177,0.001093611103329728,0.004102109682926125,prewar,0,0,0,0
2015-01-27,46.55,45.84,104.1646,6.243,117.62,1075.31,0.8795074758135444,0.010365024775250031,0.02294893298554479,-0.0030405532458281925,-0.0016804709272169038,prewar,0,0,0,0
2015-01-28,47.07,44.08,104.4737,6.2475,117.74,1084.84,0.881678716275789,0.011108851689975108,-0.03915090756182549,0.0029630247768084317,0.0007205476473630679,prewar,0,0,0,0
2015-01-29,46.61,44.12,105.2763,6.2463,118.31,1098.6,0.8843296781039971,-0.009820745028401578,0.000907029540643034,0.007652957494189927,-0.00019209527984909158,prewar,0,0,0,0
2015-01-30,47.52,47.79,105.5884,6.2495,117.44,1104.3,0.8857395925597874,0.01933556466974018,0.0799032182047652,0.0029601941709964663,0.0005121721010183933,prewar,0,0,0,0
2015-02-02,51.74,49.25,105.2058,6.2594,117.33,1099.61,0.8820675663755845,0.08508050170349346,0.030092955028030666,-0.0036300848898411786,0.0015828733249170224,prewar,0,0,0,0
2015-02-03,54.41,53.04,104.6063,6.2573,117.48,1096.06,0.8724480893386842,0.05031678373995074,0.07413697825950916,-0.0057146526010756205,-0.00033555170607346696,prewar,0,0,0,0
2015-02-04,55.07,48.45,104.785,6.2472,117.58,1086.79,0.8758101243650377,0.01205714277655634,-0.09051400754083172,0.001706852609296483,-0.0016154188006547443,prewar,0,0,0,0
2015-02-05,55.98,50.48,104.4915,6.2516,117.4,1087.05,0.8747375787263821,0.01638938081291741,0.04104487989618244,-0.0028049034882124957,0.0007040676195730899,prewar,0,0,0,0
2015-02-06,55.88,51.66,105.1283,6.2417,119.16,1097.26,0.8826125330979699,-0.0017879496985466758,0.02310656943473699,0.00607578061767633,-0.0015848498110495601,prewar,0,0,0,0
2015-02-09,57.0,52.99,104.9889,6.2467,118.7,1096.4,0.8837044892188053,0.01984473344578941,0.02541942883697601,-0.0013268787177098673,0.000800743132372661,prewar,0,0,0,0
2015-02-10,55.79,50.06,105.2897,6.2405,119.32,1098.61,0.8837044892188053,-0.021456625977113397,-0.05688093050104248,0.0028609683075133674,-0.0009930169308531855,prewar,0,0,0,0
2015-02-11,53.48,48.8,105.7901,6.2422,120.38,1108.19,0.8849557522123894,-0.042286889623694535,-0.025491973144526447,0.0047413436759917715,0.0002723769714101376,prewar,0,0,0,0
2015-02-12,56.23,51.17,104.9385,6.244,118.72,1100.87,0.8764241893076249,0.05014267007036821,0.047423109957899,-0.00808247799297579,0.00028831830540410053,prewar,0,0,0,0
2015-02-13,60.33,52.66,104.8452,6.2399,118.7,1097.2,0.876577840112202,0.07037907014855982,0.02870273125116274,-0.0008894876594469636,-0.0006568460412870181,prewar,0,0,0,0
2015-02-16,61.57,,,,,,,0.02034524647044833,,,,prewar,0,0,0,0
2015-02-17,60.78,53.56,,6.2546,118.99,1107.33,0.8775778850372971,-0.012913951434471826,,,,prewar,0,0,0,0
2015-02-18,60.72,52.13,105.2514,6.2546,119.19,1112.82,0.881678716275789,-0.0009876544012721311,-0.027061922042956876,,0.0,prewar,0,0,0,0
2015-02-19,58.78,51.12,105.1407,6.2546,118.84,1110.69,0.877808988764045,-0.032471472096603726,-0.019564788710735304,-0.0010523209779798037,0.0,prewar,0,0,0,0
2015-02-20,60.99,49.95,105.3387,6.2546,118.68,1110.06,0.8793527963418923,0.03690825531759412,-0.023153304974716793,0.0018814198292638196,0.0,prewar,0,0,0,0
2015-02-23,59.78,49.56,105.5359,6.2546,118.88,1108.25,0.8813678829543451,-0.020038759452573274,-0.007838448333620907,0.0018703064047018714,0.0,prewar,0,0,0,0
2015-02-24,60.33,48.48,105.5472,6.2546,119.13,1108.05,0.8844078889183691,0.009158335596878509,-0.022032714999882685,0.00010706683776096071,0.0,prewar,0,0,0,0
2015-02-25,59.77,50.25,105.0503,6.2591,118.88,1101.53,0.8800492827598345,-0.009325629616507847,0.03585920517812591,-0.004718963160587286,0.000719211774930617,prewar,0,0,0,0
2015-02-26,61.39,47.65,105.5021,6.2584,119.36,1100.33,0.8919015340706387,0.026743092603242147,-0.053127916838974,0.004291574861393421,-0.00011184341932968245,prewar,0,0,0,0
2015-02-27,61.89,49.84,105.5981,6.2695,119.72,1100.65,0.8930963650977941,0.008111660311865165,0.044935244378986994,0.0009095207547673567,0.001772045259721633,prewar,0,0,0,0
2015-03-02,60.75,49.59,105.8151,6.272,120.06,1101.46,0.8936550491510277,-0.01859153353061238,-0.005028673978155318,0.0020528526715164475,0.00039867639965129875,prewar,0,0,0,0
2015-03-03,61.18,50.43,105.5562,6.2741,119.47,1095.65,0.8919015340706387,0.007053256502099536,0.01679703558759149,-0.0024497188546810378,0.00033476538838539405,prewar,0,0,0,0
2015-03-04,59.18,51.53,106.1333,6.2701,119.76,1100.2,0.903342366757001,-0.03323669175069366,0.02157792625149879,0.005452338728828998,-0.0006377449555288184,prewar,0,0,0,0
2015-03-05,60.33,50.76,,6.2658,120.22,1100.11,0.908595311648192,0.019245845480607038,-0.015055519493945901,,-0.0006860297495425716,prewar,0,0,0,0
2015-03-06,59.15,49.61,107.4337,6.262,120.93,1110.36,0.921234454168586,-0.019752902028274733,-0.022916216533229505,,-0.0006066508272069004,prewar,0,0,0,0
2015-03-09,58.67,49.95,107.5199,6.2635,121.17,1114.18,0.9219988936013276,-0.00814806748662722,0.006830078781605131,0.0008020335981413496,0.00023951139789568643,prewar,0,0,0,0
2015-03-10,55.95,48.42,108.1165,6.2615,121.2,1123.32,0.933968431867003,-0.04747008817983378,-0.03110955358464995,0.005533402730256043,-0.0003193612801595247,prewar,0,0,0,0
2015-03-11,56.46,48.06,108.5235,6.2613,121.5,1131.33,0.94553706505295,0.009073988067408223,-0.007462721201589861,0.0037573899449281356,-3.194173827192337e-05,prewar,0,0,0,0
2015-03-12,56.66,47.12,108.1741,6.2614,121.28,1120.13,0.9420631182289212,0.0035360715770274,-0.019752690964991437,-0.0032247731658205936,1.5970996670278126e-05,prewar,0,0,0,0
2015-03-13,54.8,44.88,108.9174,6.2585,121.17,1135.7,0.9502090459901178,-0.03337830044840029,-0.04870527812889058,0.0068478305655901295,-0.0004632624944072017,prewar,0,0,0,0
2015-03-16,52.0,43.93,108.6422,6.262,121.3,1129.62,0.9456264775413712,-0.052446475372542434,-0.02139480322675258,-0.00252988281629829,0.0005590831182726852,prewar,0,0,0,0
2015-03-17,52.17,43.39,108.5805,6.249,121.28,1127.69,0.9429514380009428,0.0032638984528738924,-0.01236845817742882,-0.0005680806072225764,-0.002078171957269337,prewar,0,0,0,0
2015-03-18,52.59,44.63,108.408,6.2289,120.92,1127.09,0.939584703561026,0.00801837056695165,0.02817727883091914,-0.0015899463459030372,-0.00322169874504441,prewar,0,0,0,0
2015-03-19,52.96,44.02,108.1826,6.1955,120.9,1121.21,0.9415309292910272,0.007010924027499588,-0.013762202542862756,-0.0020813468485663122,-0.005376530127489509,prewar,0,0,0,0
2015-03-20,53.88,46.0,107.1671,6.2037,120.28,1113.87,0.926612305411416,0.017222439913410437,0.043997320390779304,-0.009431241624578313,0.0013226661712779642,prewar,0,0,0,0
2015-03-23,53.82,47.4,106.5022,6.2135,119.74,1106.68,0.9150805270863837,-0.001114206243403526,0.029980832211935926,-0.006223656334151784,0.0015784560182237062,prewar,0,0,0,0
2015-03-24,53.61,47.03,106.4401,6.2046,119.9,1104.2,0.9167583425009168,-0.003909527459313278,-0.007836532744074365,-0.0005832566076398038,-0.0014333918270650337,prewar,0,0,0,0
2015-03-25,54.18,48.75,106.2636,6.2116,119.37,1099.72,0.9102494083378846,0.010576218817502703,0.035919501486899374,-0.0016595859922512446,0.0011275592760497943,prewar,0,0,0,0
2015-03-26,57.02,51.41,106.5582,6.2103,119.01,1103.59,0.9158347834050736,0.051090246827577346,0.05312750862355742,0.0027685151442922162,-0.0002093077556164502,prewar,0,0,0,0
2015-03-27,56.44,48.83,106.8916,6.2145,119.15,1103.6,0.918189330639978,-0.010223956499912923,-0.05148782799384444,0.0031239220756766883,0.0006760672461485484,prewar,0,0,0,0
2015-03-30,53.99,48.66,107.3941,6.2065,120.11,1106.39,0.924385283786282,-0.044379282754417826,-0.003487540718192683,0.004690008909506105,-0.0012881412295635553,prewar,0,0,0,0
2015-03-31,53.69,47.72,107.4396,6.199,119.96,1107.71,0.9310120100549296,-0.0055720797957174995,-0.019506740125661004,0.0004235834571604258,-0.0012091412540833346,prewar,0,0,0,0
2015-04-01,55.73,50.12,107.06,6.1976,119.62,1098.1,0.9286775631500744,0.037291837146967044,0.04906953279815207,-0.0035394042346252874,-0.0002258683842264464,prewar,0,0,0,0
2015-04-02,55.73,49.13,106.6738,6.1968,119.74,1089.49,0.9196247930844216,0.0,-0.019950283847310235,-0.00361384507560647,-0.00012909055720511375,prewar,0,0,0,0
2015-04-03,,,105.8861,6.193,118.96,1085.65,0.9099181073703368,,,-0.007411591798872408,-0.0006134078224269146,prewar,0,0,0,0
2015-04-06,55.73,52.08,105.7876,6.193,119.05,1083.38,0.9084302325581396,,,-0.0009306778037112551,0.0,prewar,0,0,0,0
2015-04-07,57.55,53.95,106.4488,6.1955,120.36,1093.76,0.9216589861751152,0.032135533586446385,0.03527669380383003,0.006230808090829321,0.0004036001184868354,prewar,0,0,0,0
2015-04-08,56.42,50.44,106.4231,6.202,119.96,1093.77,0.924385283786282,-0.01983042959404102,-0.06727318060742515,-0.0002414597711100086,0.001048598603846651,prewar,0,0,0,0
2015-04-09,56.04,50.79,107.0335,6.205,120.32,1093.8,0.93711929528629,-0.006757984105044024,0.006914973716435124,0.0057192109666877045,0.0004835979783133215,prewar,0,0,0,0
2015-04-10,56.82,51.63,107.4526,6.2082,120.29,1093.13,0.9435742592942064,0.013822654957235336,0.016403414078403955,0.003907950523386994,0.0005155802002523302,prewar,0,0,0,0
2015-04-13,57.14,51.95,107.7508,6.2152,120.32,1100.41,0.945000945000945,0.005616020376585595,0.006178818653678864,0.002771333453423175,0.0011269057972511654,prewar,0,0,0,0
2015-04-14,57.69,53.3,107.0547,6.2113,119.26,1090.76,0.9370314842578712,0.009579451466170674,0.025654613626562295,-0.006481234760933319,-0.0006276908426425809,prewar,0,0,0,0
2015-04-15,59.32,56.25,107.1855,6.2037,119.23,1095.07,0.9437523593808984,0.027862669000933593,0.053869709912730546,0.0012210595047221773,-0.001224325565742923,prewar,0,0,0,0
2015-04-16,60.13,56.69,106.2761,6.1947,119.18,1086.89,0.9309253397877488,0.013562367781745799,0.007791787251682614,-0.008520553597000102,-0.0014518004872876578,prewar,0,0,0,0
2015-04-17,61.31,55.71,106.329,6.1976,119.02,1081.99,0.927643784786642,0.01943407672311892,-0.017438164303487547,0.0004976362381867716,0.00046803257715488655,prewar,0,0,0,0
2015-04-20,61.2,56.37,106.4902,6.2014,119.27,1081.27,0.92910898448388,-0.0017957722563162193,0.011777438060759593,0.001514901200911467,0.0006129526766633919,prewar,0,0,0,0
2015-04-21,60.12,55.58,106.5582,6.201,119.45,1081.54,0.9295408068414204,-0.017804624633506627,-0.0141136777791262,0.0006383526213680213,-6.450364447840862e-05,prewar,0,0,0,0
2015-04-22,60.12,56.17,106.5815,6.1927,119.9,1080.64,0.9320533134495294,0.0,0.010559382229983427,0.0002186359471538779,-0.0013393903742748847,prewar,0,0,0,0
2015-04-23,62.66,56.59,106.1658,6.1975,119.69,1080.0,0.9256687957048968,0.041380720639272006,0.007449484610090984,-0.0039079276591893475,0.0007748059337426838,prewar,0,0,0,0
2015-04-24,62.96,55.98,105.905,6.193,118.98,1075.85,0.9194556822361164,0.0047763185851019685,-0.010837807067124672,-0.0024595571995202903,-0.0007263629712848108,prewar,0,0,0,0
2015-04-27,62.86,55.56,105.6891,6.2185,119.12,1071.01,0.9181050312155712,-0.0015895727397259307,-0.007530966201164446,-0.002040700330733003,0.004109098155734792,prewar,0,0,0,0
2015-04-28,62.61,57.05,105.1234,6.2035,118.8,1063.03,0.91082976591675,-0.0039850216122028215,0.026464558421941398,-0.005366867314160473,-0.0024150712108694794,prewar,0,0,0,0
2015-04-29,63.97,58.55,104.5634,6.1989,118.83,1066.48,0.8949346697691068,0.021489213704827037,0.025953013735641406,-0.005341312198779313,-0.000741791945257475,prewar,0,0,0,0
2015-04-30,63.9,59.62,105.312,6.2018,119.86,1076.74,0.8958967926894821,-0.001094862078557135,0.018109998206199407,0.0071337867586400705,0.0004677155407142308,prewar,0,0,0,0
2015-05-01,64.13,59.1,105.6382,6.2018,120.21,1080.22,0.8933357155619082,0.0035929117772823815,-0.008760163837872703,0.003092675522458066,0.0,prewar,0,0,0,0
2015-05-04,64.62,58.92,105.6679,6.2085,120.25,1081.19,0.8972633467922835,0.007611687235581144,-0.003050332817623236,0.0002811087819578617,0.0010797483785138784,prewar,0,0,0,0
2015-05-05,65.44,60.38,105.2396,6.2058,119.87,1080.46,0.8949346697691068,0.012609731898139742,0.02447733268426333,-0.004061501736660311,-0.00043498224508375927,prewar,0,0,0,0
2015-05-06,66.22,60.93,104.6935,6.2001,119.42,1077.23,0.881445570736007,0.011848839824608604,0.00906773998171051,-0.0052026215188156755,-0.0009189176764434759,prewar,0,0,0,0
2015-05-07,64.93,58.99,105.1941,6.2063,119.74,1093.55,0.8862891075068686,-0.019672765598705233,-0.03235772624541955,0.00477018127080342,0.0009994842204239518,prewar,0,0,0,0
2015-05-08,63.82,59.41,104.8424,6.2084,119.78,1087.28,0.8896005693443643,-0.01724314567029772,0.007094624352665946,-0.0033489448615409145,0.00033830862123607197,prewar,0,0,0,0
2015-05-11,62.82,59.23,105.3075,6.2086,120.05,1095.39,0.8975049362771494,-0.015793126739596985,-0.0030343920787760936,0.004426371455638289,3.2213900300614995e-05,prewar,0,0,0,0
2015-05-12,65.09,60.72,104.8924,6.2086,119.8,1093.81,0.889679715302491,0.03549743347379497,0.024844962798501236,-0.003949578849478996,0.0,prewar,0,0,0,0
2015-05-13,66.33,60.5,104.3608,6.2043,119.09,1089.72,0.8793527963418923,0.018871355953169022,-0.0036297680505787966,-0.005080936813818937,-0.0006928276505897557,prewar,0,0,0,0
2015-05-14,65.58,59.89,104.2359,6.2013,119.2,1089.46,0.8796622097114708,-0.011371512120962102,-0.010133818760424518,-0.0011975262784718055,-0.0004836525534404057,prewar,0,0,0,0
2015-05-15,64.69,59.73,104.0202,6.2051,119.36,1083.05,0.8750437521876093,-0.013664141360608895,-0.0026751395321564786,-0.0020714886827502,0.0006125870710009806,prewar,0,0,0,0
2015-05-18,65.15,59.44,104.6068,6.2041,119.82,1088.19,0.8807468733485997,0.007085673514960256,-0.004867006334711377,0.005623448027772149,-0.00016117074463539716,prewar,0,0,0,0
2015-05-19,63.48,57.3,105.3448,6.2064,120.58,1093.94,0.896780557797507,-0.025967407912645513,-0.03666677668880958,0.007030220675371623,0.0003706538860370756,prewar,0,0,0,0
2015-05-20,63.52,58.96,105.5605,6.2036,121.28,1097.62,0.9026085386767758,0.0006299212806721854,0.028558624160386792,0.002045468513179216,-0.00045124900040494076,prewar,0,0,0,0
2015-05-21,64.7,60.18,105.3808,6.1958,121.06,1092.41,0.8987956138774043,0.0184063845679745,0.020480823320818686,-0.0017037919408959823,-0.0012581255591193052,prewar,0,0,0,0
2015-05-22,64.7,58.88,105.8487,6.1972,121.45,1093.46,0.9063717937097798,0.0,-0.02183859678127842,0.004430259649311097,0.0002259339959582718,prewar,0,0,0,0
2015-05-25,,,,,,,,,,,,prewar,0,0,0,0
2015-05-26,61.65,57.29,106.7294,6.2038,123.08,1106.06,0.9194556822361164,,,,,prewar,0,0,0,0
2015-05-27,61.35,57.51,106.908,6.2011,123.76,1107.84,0.9184423218221895,-0.004878058453432033,0.00383275730517596,0.0016719922785730645,-0.00043531185944845063,prewar,0,0,0,0
2015-05-28,60.12,57.69,106.92,6.2002,124.18,1109.86,0.9162543522081732,-0.02025260627214731,0.0031250025431353023,0.00011223974421081806,-0.00014514607365057053,prewar,0,0,0,0
2015-05-29,63.16,60.25,106.7388,6.198,123.98,1111.99,0.909587047480444,0.049328624502667395,0.0434187241019659,-0.0016961626990523726,-0.00035489022972523543,prewar,0,0,0,0
2015-06-01,62.87,60.24,107.2238,6.1985,124.64,1115.61,0.9163383121048292,-0.0046020869924712215,-0.00016598887912611104,0.004533510348743164,8.066793050809373e-05,prewar,0,0,0,0
2015-06-02,63.14,61.3,106.4507,6.198,124.19,1109.34,0.8984725965858041,0.004285380734875943,0.017443259450527826,-0.007236271745330924,-8.066793050809373e-05,prewar,0,0,0,0
2015-06-03,62.78,59.67,106.1443,6.1976,124.06,1104.33,0.8861320336730172,-0.005717931716038294,-0.02695046140817503,-0.0028824780653193827,-6.453903000069872e-05,prewar,0,0,0,0
2015-06-04,60.34,58.0,106.4725,6.2006,124.56,1112.56,0.8872327211427558,-0.03964131768289203,-0.028386370987571574,0.0030872467337985654,0.000483941226718132,prewar,0,0,0,0
2015-06-05,60.36,59.11,107.1336,6.2024,125.58,1121.18,0.9002520705797623,0.00033140016873289824,0.01895710428985886,0.006189917898790753,0.0002902523603383056,prewar,0,0,0,0
2015-06-08,61.33,58.15,106.7693,6.2053,125.08,1121.95,0.8903133903133903,0.015942485738244194,-0.016374235871604803,-0.0034062217223596036,0.00046745167159212286,prewar,0,0,0,0
2015-06-09,63.23,60.15,106.2238,6.2047,124.16,1119.38,0.8862105636299185,0.030509752432629433,0.033815563456014885,-0.005122242858633719,-9.669621280705698e-05,prewar,0,0,0,0
2015-06-10,64.68,61.36,105.8037,6.2055,122.72,1110.32,0.8844078889183691,0.022673162638384703,0.01991671463831235,-0.003962698704036427,0.00012892620604154637,prewar,0,0,0,0
2015-06-11,63.76,60.74,106.0934,6.2065,123.62,1113.24,0.8899964400142399,-0.014326000226946967,-0.010155697441397216,0.002734347761237821,0.00016113438642673117,prewar,0,0,0,0
2015-06-12,63.19,59.96,105.9015,6.2081,123.23,1111.63,0.8866820358219543,-0.008979973696595422,-0.012924786383206488,-0.0018104214055592038,0.00025776102473829,prewar,0,0,0,0
2015-06-15,60.99,59.53,105.9989,6.208,123.38,1114.94,0.8876264867743653,-0.035436144476999054,-0.0071972860690978635,0.0009192998867346702,-1.6108117686153278e-05,prewar,0,0,0,0
2015-06-16,60.75,60.01,106.0473,6.2085,123.39,1118.08,0.8898380494749957,-0.003942834087707681,0.008030827836122967,0.00045650429803067993,8.053799384200033e-05,prewar,0,0,0,0
2015-06-17,60.75,59.89,106.058,6.2086,124.25,1122.83,0.8893632159373888,0.0,-0.002001668725050365,0.0001008932828092668,1.6106820433403612e-05,prewar,0,0,0,0
2015-06-18,61.37,60.41,105.102,6.2075,122.87,1101.55,0.876885303402315,0.010154034180348326,0.008645107874277969,-0.009054807083005656,-0.00017718929500865066,prewar,0,0,0,0
2015-06-19,59.41,59.62,105.4496,6.2085,122.7,1102.64,0.882223202470225,-0.03245855403335618,-0.013163565900724095,0.003301806453072764,0.00016108247457524705,prewar,0,0,0,0
2015-06-22,60.54,60.01,105.3846,6.2085,123.28,1098.85,0.8788890841975743,0.018841741225923414,0.006520126751496491,-0.0006165982754167132,0.0,prewar,0,0,0,0
2015-06-23,61.67,61.05,105.9678,6.2066,123.71,1104.54,0.8936550491510277,0.01849328540982853,0.01718198555529149,0.005518759003398266,-0.00030607889019562684,prewar,0,0,0,0
2015-06-24,61.63,60.01,106.2522,6.2061,124.24,1110.67,0.8946144211844695,-0.0006488240292501501,-0.01718198555529149,0.0026802390938955867,-8.056264958788972e-05,prewar,0,0,0,0
2015-06-25,60.24,59.59,106.1515,6.2084,123.63,1111.05,0.8931761343336907,-0.022812181482513516,-0.007023440242534207,-0.0009481944763178873,0.0003705344599163052,prewar,0,0,0,0
2015-06-26,60.14,59.41,106.4116,6.208,123.92,1122.31,0.8963786303334529,-0.0016614059312551888,-0.003025212391237986,0.002447274525210652,-6.443091397478895e-05,prewar,0,0,0,0
2015-06-29,59.03,58.34,106.3785,6.2085,122.5,1119.09,0.8944543828264757,-0.018629388307784822,-0.0181745979280743,-0.0003111047014590085,8.053799384200033e-05,prewar,0,0,0,0
2015-06-30,60.31,59.48,106.5191,6.2,122.1,1117.34,0.8965393580778197,0.021452138210297456,0.0193521571523787,0.0013208229725512055,-0.0013700288237137315,prewar,0,0,0,0
2015-07-01,61.65,56.94,107.0101,6.2008,123.02,1123.89,0.9022013713460844,0.021975302147457576,-0.043642039742062266,0.0045989107380766114,0.0001290239341187327,prewar,0,0,0,0
2015-07-02,61.73,56.93,106.9106,6.2044,123.14,1119.95,0.9017132551848512,0.0012968067954517437,-0.0001756388869011971,-0.0009302513237416932,0.0005804017832939934,prewar,0,0,0,0
2015-07-03,59.06,,,,,,,-0.044216160090027934,,,,prewar,0,0,0,0
2015-07-06,57.19,52.48,107.1343,6.2089,122.53,1125.58,0.902853015529072,-0.03217481838855196,,,,prewar,0,0,0,0
2015-07-07,54.72,52.33,107.785,6.2097,122.16,1133.75,0.9130752373995618,-0.044149784612930176,-0.0028623242517169523,0.006055314606532747,0.00012883899974336366,prewar,0,0,0,0
2015-07-08,55.7,51.61,107.4734,6.2087,120.54,1131.75,0.9031791907514451,0.017750873618943785,-0.01385436822348085,-0.0028951271369326292,-0.0001610513435161831,prewar,0,0,0,0
2015-07-09,57.83,52.76,107.5595,6.2086,121.22,1133.69,0.9070294784580498,0.037527525236888515,0.02203787568847826,0.000800807733154052,-1.6106561008033538e-05,prewar,0,0,0,0
2015-07-10,57.72,52.74,107.213,6.2092,122.75,1127.29,0.8968609865470852,-0.0019039382644567837,-0.0003791469239731171,-0.003226672880649595,9.663547495808444e-05,prewar,0,0,0,0
2015-07-13,57.63,52.19,107.5849,6.2081,123.35,1133.93,0.9074410163339384,-0.001560468457094899,-0.010483275269819181,0.003462793366407091,-0.0001771721715473351,prewar,0,0,0,0
2015-07-14,57.2,53.05,107.4843,6.2088,123.39,1142.75,0.9078529278256924,-0.007489367062823327,0.016343959404670372,-0.0009355129171160215,0.00011274955918816332,prewar,0,0,0,0
2015-07-15,57.34,51.4,108.0149,6.2082,123.89,1146.42,0.9119927040583676,0.0024445620694724113,-0.03159669259887243,0.004924390180908844,-9.66417009691245e-05,prewar,0,0,0,0
2015-07-16,57.31,50.9,108.1726,6.2094,124.04,1145.24,0.9175995595522112,-0.0005233318915784935,-0.009775248904642542,0.0014589190214167047,0.0001932740632222263,prewar,0,0,0,0
2015-07-17,56.38,50.88,108.5374,6.2085,124.0,1148.48,0.9218289085545724,-0.0163606428776788,-0.00039300452461032975,0.0033667144532039117,-0.00014495204528541805,prewar,0,0,0,0
2015-07-20,56.42,50.11,108.6944,6.2095,124.24,1156.38,0.9216589861751152,0.0007092198878835276,-0.015249330060233657,0.0014454608149980785,0.00016105653119047325,prewar,0,0,0,0
2015-07-21,55.94,50.59,108.3893,6.2095,123.93,1148.33,0.9151642719868216,-0.008544017800036663,0.009533339332211899,-0.002810899214329865,0.0,prewar,0,0,0,0
2015-07-22,56.36,49.27,108.7817,6.2093,124.08,1156.49,0.9187798603454612,0.00747999925666587,-0.02643855174797327,0.0036137460990142145,-3.2209231168423e-05,prewar,0,0,0,0
2015-07-23,55.76,48.11,108.7565,6.2091,123.88,1160.64,0.9110787172011664,-0.010702920578211206,-0.023825320844509168,-0.00023168344789770146,-3.221026863631238e-05,prewar,0,0,0,0
2015-07-24,54.29,47.98,109.0174,6.2095,123.74,1169.02,0.9110787172011664,-0.026716718534908868,-0.0027057982998139885,0.002396064219096772,6.441949980473538e-05,prewar,0,0,0,0
2015-07-27,54.07,47.17,108.6924,6.2091,123.24,1167.75,0.8999280057595392,-0.004060544523446286,-0.017026160115378275,-0.0029856280371403088,-6.441949980473538e-05,prewar,0,0,0,0
2015-07-28,54.3,47.97,108.6881,6.2084,123.52,1161.09,0.9045680687471732,0.004244723545976381,0.016817718217802202,-3.95619662345581e-05,-0.00011274411125294925,prewar,0,0,0,0
2015-07-29,54.73,48.77,108.604,6.2089,123.86,1158.49,0.9069472156720478,0.00788777821593678,0.016539554207988694,-0.0007740732792340665,8.053280508146798e-05,prewar,0,0,0,0
2015-07-30,54.29,48.53,109.4328,6.2096,124.38,1173.42,0.9162543522081732,-0.008071957238466876,-0.00493320630483618,0.007602423002271763,0.0001127350325307308,prewar,0,0,0,0
2015-07-31,53.29,47.11,108.7819,6.2097,123.94,1159.7,0.9067827348567284,-0.01859135160866865,-0.029696870705175016,-0.00596570194801771,1.6103967212632853e-05,prewar,0,0,0,0
2015-08-03,49.49,45.25,109.214,6.2087,123.98,1168.63,0.9122422915526364,-0.0739780673448962,-0.04028262256601467,0.0039642999331190865,-0.0001610513435161831,prewar,0,0,0,0
2015-08-04,49.08,45.75,109.2244,6.2086,124.0,1161.2,0.912991874372318,-0.008319009121084076,0.01098912157559484,9.522135309403268e-05,-1.6106561008033538e-05,prewar,0,0,0,0
2015-08-05,49.04,45.13,109.842,6.2096,124.84,1174.4,0.9201324990798676,-0.0008153282147547181,-0.01364457788262019,0.005638488022404076,0.0001610539373115838,prewar,0,0,0,0
2015-08-06,47.8,44.69,109.722,6.2096,124.6,1163.25,0.9155832265152902,-0.02561065213054592,-0.009797450893549886,-0.001093075476382488,0.0,prewar,0,0,0,0
2015-08-07,47.54,43.87,109.4376,6.2087,124.27,1164.0,0.9125752874612154,-0.0054541775653622615,-0.018519047767237673,-0.0025953703113339444,-0.00014494737630355026,prewar,0,0,0,0
2015-08-10,48.3,44.94,109.1931,6.2094,124.55,1161.69,0.909587047480444,0.015860098726478977,0.024097551579060905,-0.002236649307969074,0.0001127386638439809,prewar,0,0,0,0
2015-08-11,47.33,43.11,109.9464,6.3232,124.9,1181.36,0.9056330374932076,-0.020287216740370262,-0.041573277998140146,0.00687509980796186,0.01816113621131188,prewar,0,0,0,0
2015-08-12,48.29,43.22,109.4655,6.3845,123.87,1175.03,0.8930166101089481,0.020080155967293845,0.0025483623196969063,-0.004383543190310313,0.009647768751241736,prewar,0,0,0,0
2015-08-13,48.01,42.27,109.9025,6.3982,124.32,1176.02,0.8973438621679827,-0.0058151773426016184,-0.02222573650004156,0.003984177984630577,0.002143522924828778,prewar,0,0,0,0
2015-08-14,47.79,42.45,109.9174,6.3908,124.27,1177.62,0.9000900090009001,-0.004592909952781721,0.004249298178657934,0.0001355655245296461,-0.0011572446361480804,prewar,0,0,0,0
2015-08-17,47.77,41.93,110.1435,6.3937,124.33,1181.53,0.9026900162484204,-0.00041858518819637425,-0.012325351574685062,0.002054886438799919,0.00045367437909016317,prewar,0,0,0,0
2015-08-18,47.0,42.58,110.2504,6.3928,124.39,1185.85,0.9067827348567284,-0.016250225691812226,0.015383098282661933,0.0009700813714283996,-0.00014077347225360803,prewar,0,0,0,0
2015-08-19,45.75,40.75,110.4333,6.3956,124.1,1184.35,0.9040773890245004,-0.026955809988528312,-0.04392881977846175,0.0016575763581760938,0.0004378968510121428,prewar,0,0,0,0
2015-08-20,45.63,41.0,110.1077,6.3875,123.54,1185.63,0.8928571428571428,-0.002626396782218876,0.006116227017436415,-0.0029527410918319674,-0.0012672983993053943,prewar,0,0,0,0
2015-08-21,43.84,40.45,110.1443,6.3887,122.11,1194.6,0.8805917576611484,-0.040018752299550986,-0.013505423199807076,0.0003323465878803944,0.00018784928281156965,prewar,0,0,0,0
2015-08-24,41.59,38.22,109.9306,6.4029,118.56,1191.13,0.8635578583765113,-0.052686888884939886,-0.05670770469237407,-0.0019420666978957613,0.0022202079228605953,prewar,0,0,0,0
2015-08-25,41.86,39.15,110.3394,6.4122,119.91,1195.25,0.8764241893076249,0.0064709632630330916,0.024041483624685167,0.0037118124969826027,0.0014514130412741633,prewar,0,0,0,0
2015-08-26,41.76,38.5,110.5807,6.4083,119.07,1185.52,0.8779631255487269,-0.002391773443470413,-0.016742181143073243,0.0021845010567886902,-0.0006084006271673825,prewar,0,0,0,0
2015-08-27,44.46,42.47,110.4834,6.4053,120.89,1170.49,0.8897588753447816,0.06265096496166755,0.09813970303144126,-0.0008802877200162484,-0.0004682524902939189,prewar,0,0,0,0
2015-08-28,47.97,45.29,110.6714,6.389,121.32,1180.93,0.8950948800572861,0.07598590697792185,0.0642883132429426,0.0017001669896883342,-0.0025480110391016275,prewar,0,0,0,0
2015-08-31,,49.2,110.5621,6.376,121.26,1182.54,0.8933357155619082,,0.08280736593013982,-0.000988096367799507,-0.0020368201322922275,prewar,0,0,0,0
2015-09-01,48.8,45.38,110.4506,6.363,119.94,1179.78,0.8878629139660835,,-0.08082214414656663,-0.001008991876570775,-0.002040977237258712,prewar,0,0,0,0
2015-09-02,47.67,46.3,110.7979,6.3544,120.0,1183.46,0.8895214374666429,-0.023428043642367502,0.02007048174049242,0.003139458891290303,-0.0013524779138700538,prewar,0,0,0,0
2015-09-03,50.41,46.75,110.8566,6.3549,120.2,1188.07,0.9005763688760806,0.055887298877805414,0.00967229464250785,0.0005296531437197771,7.868253959819604e-05,prewar,0,0,0,0
2015-09-04,48.59,46.02,111.1018,6.3549,119.05,1196.4,0.8995232526760818,-0.03677181967672771,-0.015738171127475997,0.002209423925801701,0.0,prewar,0,0,0,0
2015-09-07,46.42,,,,,,,-0.04568734757152093,,,,prewar,0,0,0,0
2015-09-08,48.88,45.92,110.7942,6.3657,119.72,1195.57,0.8942944017170452,0.05163791401704909,,,,prewar,0,0,0,0
2015-09-09,48.04,44.13,110.9225,6.3768,120.94,1186.52,0.8956560680698611,-0.01733431765155702,-0.03976092872985548,0.0011573328876046673,0.001742201735549731,prewar,0,0,0,0
2015-09-10,47.77,45.85,110.6331,6.377,120.71,1184.87,0.8879417510211329,-0.005636169809912328,0.03823537542101807,-0.002612438273663642,3.136320155827654e-05,prewar,0,0,0,0
2015-09-11,46.87,44.75,110.6109,6.3735,120.66,1182.25,0.8819897689186806,-0.019020015467255735,-0.024283753981609202,-0.00020068340903645066,-0.0005489980922956939,prewar,0,0,0,0
2015-09-14,45.87,44.07,110.5005,6.3664,119.92,1181.17,0.8844078889183691,-0.02156650332553456,-0.015312165866968819,-0.0009985917431132307,-0.0011146085503117575,prewar,0,0,0,0
2015-09-15,45.91,44.58,110.6394,6.3685,120.3,1178.69,0.8880994671403198,0.0008716496520504435,0.01150604910382702,0.0012562185138573767,0.0003298023571498554,prewar,0,0,0,0
2015-09-16,49.35,47.12,110.1021,6.3694,120.62,1169.77,0.8846426043878273,0.07225480761835978,0.05541221138560859,-0.004868147232087949,0.00014131057733179908,prewar,0,0,0,0
2015-09-17,48.27,46.93,110.1212,6.3645,120.9,1163.11,0.884016973125884,-0.02212751620708886,-0.004040409537005019,0.00017346030186615735,-0.0007695992966567644,prewar,0,0,0,0
2015-09-18,47.28,44.71,109.8165,6.3628,119.85,1164.13,0.8804366966015145,-0.020722876574558846,-0.04845993956043726,-0.0027707864085000367,-0.00026714228628366143,prewar,0,0,0,0
2015-09-21,47.64,46.67,110.6414,6.3676,120.46,1179.24,0.8925383791503034,0.007585371389256412,0.04290436971583533,0.007483549918344323,0.0007541004567754861,prewar,0,0,0,0
2015-09-22,46.69,46.17,111.1967,6.375,120.04,1186.1,0.898230485942693,-0.020142735504253828,-0.01077132344282683,0.005006364189211965,0.001161458545645866,prewar,0,0,0,0
2015-09-23,48.0,44.53,111.6287,6.3836,120.12,1193.96,0.8960573476702508,0.02767100192504568,-0.036167117185286646,0.00387748022671186,0.0013481104984045533,prewar,0,0,0,0
2015-09-24,47.06,44.94,111.4454,6.3818,119.54,1195.48,0.8887308922858159,-0.01977762760867474,0.009165147423572328,-0.0016434004777261535,-0.00028201231640689883,prewar,0,0,0,0
2015-09-25,47.28,45.55,111.3725,6.3737,120.74,1190.14,0.8934953538241601,0.004663989798626478,0.01348235694878408,-0.0006543460161969605,-0.0012700405454550978,prewar,0,0,0,0
2015-09-28,46.04,44.4,111.3914,6.3685,119.82,1193.32,0.8899964400142399,-0.02657678924416107,-0.02557115426778811,0.0001696863813691607,-0.0008161856333552819,prewar,0,0,0,0
2015-09-29,47.58,45.24,111.5219,6.3621,119.76,1194.28,0.8892050506846878,0.032901921021129876,0.018742181809740632,0.0011708589385079904,-0.0010054515166864064,prewar,0,0,0,0
2015-09-30,47.29,45.06,111.3311,6.3556,119.81,1184.62,0.8958967926894821,-0.006113648219027379,-0.003986716243821409,-0.0017123399426566266,-0.0010221974989157445,prewar,0,0,0,0
2015-10-01,47.48,44.75,111.0439,6.3559,119.58,1180.04,0.8928571428571428,0.0040097130856828755,-0.006903490283233893,-0.0025830256070484836,4.720135311431228e-05,prewar,0,0,0,0
2015-10-02,46.55,45.54,110.7006,6.3559,119.42,1175.48,0.8868393047179851,-0.019781566018391317,0.017499615914728928,-0.0030963588659975727,0.0,prewar,0,0,0,0
2015-10-05,49.45,46.28,110.4445,6.3559,120.36,1158.54,0.8928571428571428,0.060435054345645334,0.016118841689882313,-0.002316127415766367,0.0,prewar,0,0,0,0
2015-10-06,51.34,48.53,110.1371,6.3559,120.18,1160.7,0.8876264867743653,0.037508117374273287,0.04747226109164915,-0.0027871789759403853,0.0,prewar,0,0,0,0
2015-10-07,51.66,47.86,109.8162,6.3559,119.9,1153.72,0.8889679082585119,0.006213612224700071,-0.013902080936897931,-0.002917894186460046,0.0,prewar,0,0,0,0
2015-10-08,52.13,49.46,109.6452,6.3529,119.94,1155.57,0.8863676653075695,0.009056811112320151,0.03288417961304324,-0.0015583609200158222,-0.00047211381967193766,prewar,0,0,0,0
2015-10-09,52.08,49.67,109.0782,6.345,120.3,1145.67,0.8800492827598345,-0.0009596008797010391,0.004236867025988911,-0.005184642064851808,-0.0012443003991662316,prewar,0,0,0,0
2015-10-12,50.95,47.09,,,,,,-0.021936238231579974,-0.053340464863795845,,,prewar,0,0,0,0
2015-10-13,48.94,46.7,109.4119,6.3417,119.8,1147.42,0.8785802143735723,-0.04024970165420827,-0.008316499580611758,,,prewar,0,0,0,0
2015-10-14,48.25,46.63,109.1244,6.3462,119.21,1140.39,0.8743551630672379,-0.014199230229530624,-0.001500053854622152,-0.002631143346542686,0.0007093372723119273,prewar,0,0,0,0
2015-10-15,47.87,46.38,108.6671,6.3459,118.26,1120.9,0.8758101243650377,-0.007906824380577326,-0.005375778992843916,-0.004199435442155064,-4.7273500847877514e-05,prewar,0,0,0,0
2015-10-16,48.96,47.3,108.9956,6.3523,119.6,1130.73,0.8802816901408451,0.02251463479965299,0.01964196367050164,0.00301843402118962,0.0010080169696364827,prewar,0,0,0,0
2015-10-19,47.51,45.91,109.3858,6.3591,119.5,1130.57,0.88339222614841,-0.03006342300524034,-0.029827337236756346,0.0035735682182682638,0.0010699058559502372,prewar,0,0,0,0
2015-10-20,46.93,45.84,109.3368,6.348,119.79,1128.64,0.8803591865481117,-0.012283085392503779,-0.0015258858546465248,-0.00044805612972531605,-0.0017470552405012274,prewar,0,0,0,0
2015-10-21,46.72,45.22,109.7746,6.3487,119.91,1137.09,0.881445570736007,-0.004484791286354817,-0.013617605556660362,0.00399614609380361,0.00011026487208631863,prewar,0,0,0,0
2015-10-22,46.59,44.9,110.0342,6.3577,120.5,1131.48,0.8976660682226211,-0.0027864126912660048,-0.007101672101615275,0.0023620539368645055,0.0014166091898706323,prewar,0,0,0,0
2015-10-23,46.3,43.91,110.4329,6.3488,121.2,1135.0,0.907770515613653,-0.006243964736517338,-0.022295710174582428,0.003616870132923111,-0.0014008580577578034,prewar,0,0,0,0
2015-10-26,46.57,43.19,110.2089,6.3517,120.87,1127.47,0.904895484571532,0.005814595902097874,-0.01653309760101651,-0.002030440985859805,0.0004566749419945282,prewar,0,0,0,0
2015-10-27,45.54,43.21,110.4875,6.3517,120.29,1134.57,0.9048136083966704,-0.02236549635869256,0.0004629629712322725,0.0025247366788940795,0.0,prewar,0,0,0,0
2015-10-28,47.6,45.93,110.2334,6.3581,120.56,1130.31,0.9036688957166096,0.04424170060178101,0.061046548393860256,-0.0023024562898674716,0.0010070969709878863,prewar,0,0,0,0
2015-10-29,48.04,46.02,110.8083,6.3552,121.14,1142.39,0.9121590805436468,0.009201235974408473,0.001957586269517808,0.005201745157681792,-0.00045621515268257085,prewar,0,0,0,0
2015-10-30,48.0,46.6,110.2079,6.318,120.7,1140.5,0.9056330374932076,-0.0008329863038918361,0.012524456524380057,-0.00543309926522717,-0.005870673048768316,prewar,0,0,0,0
2015-11-02,47.91,46.12,110.2188,6.318,120.7,1140.5,0.9069472156720478,-0.0018767600128604123,-0.010353845730741718,9.889908989180185e-05,0.0,prewar,0,0,0,0
2015-11-03,48.0,47.88,110.244,6.318,121.2,1140.5,0.913575735428467,0.0018767600128604123,0.03745118528891389,0.00022860999778462343,0.0,prewar,0,0,0,0
2015-11-04,46.96,46.32,110.7139,6.3357,121.52,1136.45,0.9207255317189944,-0.021904835388049992,-0.03312404742503228,0.00425330534366708,0.0027976025264080384,prewar,0,0,0,0
2015-11-05,47.19,45.27,110.8302,6.318,121.71,1140.5,0.9200478424878094,0.004885830218455123,-0.022929271816872543,0.001049903930486984,-0.0027976025264080384,prewar,0,0,0,0
2015-11-06,46.09,44.32,111.7603,6.318,123.2,1140.5,0.9305788200260562,-0.0235859990058791,-0.021208519008839133,0.008357098917169736,0.0,prewar,0,0,0,0
2015-11-09,45.38,43.87,111.9112,6.3619,123.04,1160.42,0.9287638153617536,-0.015524527380721409,-0.01020532726090595,0.001349300406124243,0.0069243724959549,prewar,0,0,0,0
2015-11-10,46.44,44.23,111.9919,6.3603,123.22,1158.34,0.9358038555118848,0.02308967747799473,0.0081725767021128,0.0007208475764244326,-0.00025152882495738105,prewar,0,0,0,0
2015-11-11,44.98,42.95,,,,,,-0.031943210298520874,-0.029366643449970642,,,prewar,0,0,0,0
2015-11-12,44.98,41.74,111.7965,6.369,122.84,1158.6,0.9286775631500744,0.0,-0.028576746781209916,,,prewar,0,0,0,0
2015-11-13,41.98,40.69,112.0264,6.3735,122.93,1169.79,0.9326618168252192,-0.06902463213868293,-0.025477539635456292,0.002054303477001085,0.0007062978516101381,prewar,0,0,0,0
2015-11-16,40.28,41.68,112.2199,6.37,123.11,1172.67,0.9338812103100486,-0.041338246542125034,0.02403903543151298,0.0017257814111131253,-0.0005492996567668662,prewar,0,0,0,0
2015-11-17,41.28,40.73,112.3141,6.3771,123.48,1169.08,0.940379913485048,0.024523053322945465,-0.023056475784790198,0.0008390711921286709,0.0011139789809804235,prewar,0,0,0,0
2015-11-18,41.45,40.75,112.3663,6.3834,123.51,1167.89,0.9400263207369806,0.00410976040799671,0.0004909180265504354,0.00046466003210987594,0.000987422203185817,prewar,0,0,0,0
2015-11-19,42.22,40.55,111.5749,6.3825,122.71,1156.08,0.9305788200260562,0.01840616083887081,-0.004920059125449683,-0.007067956183103519,-0.00014100063473643232,prewar,0,0,0,0
2015-11-20,42.49,39.39,111.7799,6.3835,122.8,1151.63,0.9380863039399624,0.006374711706545799,-0.029023803578607232,0.0018356449699217237,0.0001566661447665041,prewar,0,0,0,0
2015-11-23,43.7,39.27,112.1125,6.389,123.02,1159.14,0.9432182607055272,0.02807934797482403,-0.003051108392896129,0.002971072217390791,0.0008612253419377769,prewar,0,0,0,0
2015-11-24,44.38,40.89,111.7638,6.3883,122.47,1149.39,0.938790837401427,0.015440815402903318,0.040424665786632286,-0.003115115641811883,-0.0001095693144403942,prewar,0,0,0,0
2015-11-25,43.56,41.22,111.8936,6.3877,122.7,1140.67,0.9419743782969102,-0.018649619439687903,0.008038041085762337,0.0011607039567893551,-9.392611152803099e-05,prewar,0,0,0,0
2015-11-26,43.55,,,,,,,-0.00022959476624828667,,,,prewar,0,0,0,0
2015-11-27,43.07,40.57,112.2824,6.3945,122.84,1154.43,0.9437523593808984,-0.01108300423249231,,,,prewar,0,0,0,0
2015-11-30,43.73,40.43,112.34,6.3883,123.22,1149.39,0.946790380609733,0.015207666358809657,-0.00345679356567663,0.0005128607054549761,-0.000970053585471975,prewar,0,0,0,0
2015-12-01,42.97,40.58,112.1134,6.3883,122.88,1149.39,0.9416195856873822,-0.017532167637925422,0.0037032507449894503,-0.0020191280415895463,0.0,prewar,0,0,0,0
2015-12-02,41.92,39.93,112.3715,6.3883,123.52,1149.39,0.9458053532582996,-0.024739157774116727,-0.016147413322538995,0.0022994875265851533,0.0,prewar,0,0,0,0
2015-12-03,42.0,41.08,111.6407,6.3883,123.06,1149.39,0.91726288754357,0.0019065782705816048,0.028393463985227463,-0.00652466778675187,0.0,prewar,0,0,0,0
2015-12-04,41.44,40.0,111.5463,6.3883,123.1,1149.39,0.9187798603454612,-0.013423020332140823,-0.026641930946420977,-0.0008459274566110508,0.0,prewar,0,0,0,0
2015-12-07,39.69,37.64,112.3056,6.4081,123.31,1172.68,0.9225092250922508,-0.0431473311562538,-0.06081213939675756,0.006783975584396806,0.0030946228316615088,prewar,0,0,0,0
2015-12-08,39.44,37.46,112.5485,6.4162,123.0,1179.6,0.9194556822361164,-0.0063187370605390925,-0.004793617701236208,0.0021605129235746645,0.0012632270107726384,prewar,0,0,0,0
2015-12-09,39.04,37.16,112.1918,6.427,121.86,1181.75,0.9104151493080844,-0.010193768189542762,-0.008040783070304869,-0.003174333215010705,0.0016818242409490924,prewar,0,0,0,0
2015-12-10,38.65,36.76,112.2672,6.4363,121.44,1176.39,0.9134088417975886,-0.010039986511460874,-0.010822616458151302,0.0006718376437220286,0.001445974457628063,prewar,0,0,0,0
2015-12-11,36.99,35.65,112.7147,6.4538,120.94,1188.0,0.9089256498818395,-0.04389916918906822,-0.030661150627181222,0.003978103039860237,0.002715263768596099,prewar,0,0,0,0
2015-12-14,36.51,36.31,112.7521,6.4588,120.57,1186.2,0.9070294784580498,-0.01306141017681739,0.018344038565939247,0.000331756164039021,0.0007744374099558637,prewar,0,0,0,0
2015-12-15,37.66,37.32,112.8609,6.46,121.66,1176.66,0.9165062780680048,0.031012327561460662,0.027436190552898587,0.0009644835043554068,0.0001857757691814399,prewar,0,0,0,0
2015-12-16,36.96,35.55,112.9864,6.4723,121.88,1177.19,0.9143275121148396,-0.018762276455522642,-0.04858921972989316,0.001111370496061248,0.0019022144102565086,prewar,0,0,0,0
2015-12-17,36.29,34.98,113.8177,6.4822,122.75,1187.7,0.9255831173639392,-0.018294025548504678,-0.016163686658793974,0.007330588138958483,0.0015284267130761808,prewar,0,0,0,0
2015-12-18,36.76,34.72,113.2837,6.48,121.2,1178.04,0.9219138932423712,0.012868076262507522,-0.007460579798306277,-0.004702753784493474,-0.00033944855365986015,prewar,0,0,0,0
2015-12-21,35.34,34.55,113.4144,6.4793,120.99,1173.87,0.9157509157509156,-0.03939483059593574,-0.0049083395784705885,0.001153075517451363,-0.00010803052644514644,prewar,0,0,0,0
2015-12-22,35.26,36.12,113.211,6.4778,120.94,1169.26,0.9109127345600292,-0.0022662899218266475,0.04443917833510547,-0.0017950331658793672,-0.00023153329166269998,prewar,0,0,0,0
2015-12-23,35.79,36.76,113.1847,6.4763,120.94,1140.67,0.9195402298850576,0.014919347808210581,0.017563568938701923,-0.0002323365692751267,-0.00023158691174285373,prewar,0,0,0,0
2015-12-24,37.22,37.62,113.0496,6.4758,120.32,1167.94,0.9128251939753538,0.039177726436170346,0.023125526385397777,-0.0011943371633691413,-7.720755711404514e-05,prewar,0,0,0,0
2015-12-25,,,,,,,,,,,,prewar,0,0,0,0
2015-12-28,37.08,36.36,113.0461,6.4778,120.3,1169.26,0.9104980424292088,,,,,prewar,0,0,0,0
2015-12-29,36.85,37.88,113.1664,6.4778,120.44,1169.26,0.9160864785635764,-0.006222122062308877,0.04095399900859942,0.0010636018022065485,0.0,prewar,0,0,0,0
2015-12-30,35.65,36.59,113.4707,6.4896,120.6,1177.53,0.9164222873900294,-0.03310647177504045,-0.034648289286762335,0.002685351893947363,0.0018199489885422082,prewar,0,0,0,0
2015-12-31,36.61,37.13,113.3429,6.4778,120.27,1169.26,0.9208951100469656,0.026572280271839777,0.014650289157873253,-0.00112691667100151,-0.0018199489885422082,prewar,0,0,0,0
2016-01-01,,,,,,,,,,,,prewar,0,0,0,0
2016-01-04,36.28,36.81,114.1595,6.5338,119.3,1191.46,0.9256687957048968,,,,,prewar,0,0,0,0
2016-01-05,35.56,35.97,114.2649,6.5219,118.95,1190.43,0.930838685655776,-0.020045214601231987,-0.023084289683397596,0.0009228436846520083,-0.001822959059335938,prewar,0,0,0,0
2016-01-06,33.89,33.97,114.6177,6.5554,118.54,1200.16,0.929195316855603,-0.04810142502674397,-0.0572074755350398,0.0030828055903633356,0.005123392944852423,prewar,0,0,0,0
2016-01-07,33.57,33.29,114.6516,6.5926,118.0,1193.05,0.9208103130755064,-0.009487174627016426,-0.020220730585558844,0.00029572210712114355,0.005658670408222433,prewar,0,0,0,0
2016-01-08,31.67,33.2,115.0095,6.5932,117.74,1206.97,0.9186954524575104,-0.0582629504413954,-0.0027071756644905243,0.0031167689236646368,9.100699243358434e-05,prewar,0,0,0,0
2016-01-11,30.14,31.42,115.0139,6.5675,117.48,1206.55,0.9192866335723476,-0.04951666735219895,-0.05510524309496789,3.8256977338946285e-05,-0.003905572297506099,prewar,0,0,0,0
2016-01-12,29.14,30.42,115.3128,6.57,117.78,1208.95,0.9227646027498384,-0.033741392431290596,-0.03234434599632863,0.0025954452331475864,0.0003805899189612827,prewar,0,0,0,0
2016-01-13,28.58,30.42,115.1425,6.57,118.06,1208.95,0.9206407659731172,-0.019404628265337287,0.0,-0.0014779441479459976,0.0,prewar,0,0,0,0
2016-01-14,28.84,31.22,115.3846,6.5891,118.03,1211.28,0.9206407659731172,0.00905613991502685,0.02595862825613926,0.0021004045858905585,0.0029029361298316125,prewar,0,0,0,0
2016-01-15,28.8,29.45,115.7404,6.584,116.78,1216.95,0.912075884713608,-0.0013879252748481008,-0.05836500498969022,0.003078855866416319,-0.0007743052515820636,prewar,0,0,0,0
2016-01-18,27.36,,,,,,,-0.05129329438755059,,,,prewar,0,0,0,0
2016-01-19,27.36,28.47,115.8155,6.5783,117.66,1205.61,0.9169264624977076,0.0,,,,prewar,0,0,0,0
2016-01-20,26.01,26.68,116.3498,6.5781,116.38,1215.4,0.9167583425009168,-0.05060101329378952,-0.06493668024252353,0.004602763145749478,-3.040345383475973e-05,prewar,0,0,0,0
2016-01-21,27.59,29.55,115.9833,6.5794,117.61,1204.31,0.9231053263177328,0.05897230876863446,0.10216952280468439,-0.003154955570290774,0.00019760592882089867,prewar,0,0,0,0
2016-01-22,30.46,32.07,,6.5788,118.37,1195.66,0.9247272054743852,0.09896095923782111,0.08183726985295614,,-9.119788427236486e-05,prewar,0,0,0,0
2016-01-25,29.82,30.31,,6.579,118.55,1194.3,0.9231905465288036,-0.021235038130423156,-0.05644332263535157,,3.0400218884008012e-05,prewar,0,0,0,0
2016-01-26,30.94,29.54,,6.5814,118.5,1199.64,0.9219988936013276,0.03687053580832744,-0.025732413966478074,,0.00036473055934549414,prewar,0,0,0,0
2016-01-27,31.83,32.32,115.5087,6.5773,118.9,1199.25,0.9202171712524156,0.02835939614908156,0.08994095654966072,,-0.0006231618826599838,prewar,0,0,0,0
2016-01-28,33.01,33.21,115.2224,6.5744,118.61,1204.08,0.9130752373995618,0.036401304571100024,0.027164801735760857,-0.0024816779960481483,-0.00044100763353815964,prewar,0,0,0,0
2016-01-29,33.14,33.66,115.5731,6.5752,121.05,1210.04,0.9231905465288036,0.003930466133315491,0.013459153374004718,0.003039056393371098,0.00012167670514484641,prewar,0,0,0,0
2016-02-01,32.45,31.62,115.3331,6.5778,121.06,1203.19,0.9184423218221895,-0.021040568848317953,-0.06252035698133396,-0.002078766931554732,0.00039534707425925575,prewar,0,0,0,0
2016-02-02,30.98,29.9,115.553,6.5795,120.27,1212.01,0.9167583425009168,-0.04635860816137649,-0.055931351384685524,0.0019048359038542628,0.00025841168164597583,prewar,0,0,0,0
2016-02-03,32.38,32.29,114.6144,6.5765,117.92,1211.33,0.904895484571532,0.04419911326076642,0.07689910437354319,-0.008155848332992655,-0.00045606568136191683,prewar,0,0,0,0
2016-02-04,32.76,31.63,113.6012,6.5638,116.75,1186.11,0.892936869363336,0.011667310735379743,-0.020651547452626318,-0.008879381225501248,-0.0019329853891298932,prewar,0,0,0,0
2016-02-05,32.35,30.86,114.2935,6.571,116.99,1204.69,0.8983918785374181,-0.012594238037959116,-0.024645190382542648,0.00607563168067049,0.001096324378164315,prewar,0,0,0,0
2016-02-08,31.64,29.71,114.4351,6.571,115.7,1205.1,0.8952551477170994,-0.02219187804745637,-0.03797715746049857,0.001238148776231185,0.0,prewar,0,0,0,0
2016-02-09,30.15,27.96,114.127,6.571,114.8,1200.39,0.8849557522123894,-0.04823721972625883,-0.06070877210890657,-0.0026959866628342155,0.0,prewar,0,0,0,0
2016-02-10,29.64,27.54,114.2877,6.571,114.03,1189.69,0.8911067545891997,-0.017060122745308437,-0.015135424065100711,0.001407090056061655,0.0,prewar,0,0,0,0
2016-02-11,28.82,26.19,114.1845,6.571,111.72,1196.89,0.880126738250308,-0.02805520985651011,-0.050261834780888304,-0.0009033922465713218,0.0,prewar,0,0,0,0
2016-02-12,31.8,29.32,114.2992,6.571,112.96,1205.13,0.8900756564307967,0.09839669921475513,0.11289221849883013,0.0010040104360626856,0.0,prewar,0,0,0,0
2016-02-15,,,,,,,,,,,,prewar,0,0,0,0
2016-02-16,31.09,29.05,114.4905,6.5154,113.9,1219.44,0.8976660682226211,,,,,prewar,0,0,0,0
2016-02-17,33.21,30.68,113.8634,6.527,114.14,1222.32,0.8976660682226211,0.06596481131799292,0.05459249320113502,-0.005492365809635302,0.0017788141843075866,prewar,0,0,0,0
2016-02-18,33.2,30.77,113.8897,6.5163,113.62,1231.15,0.9015506671474938,-0.00030115946621211975,0.002929212834895001,0.0002309518519565401,-0.0016406894574598763,prewar,0,0,0,0
2016-02-19,31.66,29.59,113.9558,6.5202,112.42,1231.09,0.8987148377819718,-0.04749582146957687,-0.03910372292183206,0.0005802177515414897,0.0005983201191033238,prewar,0,0,0,0
2016-02-22,33.59,31.37,113.8232,6.5197,113.12,1223.32,0.907605736068252,0.05917434917133502,0.05841555579046842,-0.001164286567058248,-7.668770469781983e-05,prewar,0,0,0,0
2016-02-23,31.9,31.84,114.177,6.5263,112.17,1230.05,0.907770515613653,-0.05162239383340239,0.014871338773595255,0.003103508540575284,0.0010118044708051777,prewar,0,0,0,0
2016-02-24,31.5,30.35,114.1716,6.529,111.36,1234.6,0.9073586788857636,-0.012618463959211734,-0.04792684347067455,-4.729610780174198e-05,0.00041362512366527326,prewar,0,0,0,0
2016-02-25,32.83,31.4,113.9222,6.532,112.7,1237.39,0.9069472156720478,0.0413551856819141,0.03401137540870014,-0.0021868205044563993,0.00045938290372227186,prewar,0,0,0,0
2016-02-26,35.76,31.65,114.3708,6.539,113.78,1242.59,0.9147457006952068,0.08548721879181187,0.007930255675977715,0.003930042335017703,0.0010710734709202807,prewar,0,0,0,0
2016-02-29,35.92,32.74,114.2418,6.5525,112.9,1238.09,0.9201324990798676,0.004464293128685792,0.033859423352803564,-0.0011285468402997267,0.0020624076362854016,prewar,0,0,0,0
2016-03-01,35.73,34.39,113.9265,6.55,113.94,1229.56,0.9219138932423712,-0.005303571398680429,0.04916825250118606,-0.002763751149452709,-0.0003816065682638037,prewar,0,0,0,0
2016-03-02,36.38,34.57,113.7965,6.5499,113.81,1227.59,0.9220839096357768,0.01802850105465792,0.0052204294893583025,-0.0011417381127243331,-1.5267292116982745e-05,prewar,0,0,0,0
2016-03-03,35.75,34.56,113.2482,6.5312,113.53,1209.55,0.9134088417975886,-0.017468903949959813,-0.00028930999767817767,-0.004829895310392018,-0.0028590887216548566,prewar,0,0,0,0
2016-03-04,37.61,35.91,112.6387,6.5064,113.91,1195.09,0.9082652134423252,0.05071970334222842,0.03831886430213638,-0.005396519047146775,-0.0038043857629601607,prewar,0,0,0,0
2016-03-07,39.02,37.9,112.6219,6.5155,113.6,1200.08,0.9087604507451836,0.03680436271272036,0.05393530385038936,-0.00014916057252012394,0.001397645732395203,prewar,0,0,0,0
2016-03-08,39.16,36.67,112.8465,6.5044,112.58,1206.19,0.9067827348567284,0.0035814824673443546,-0.032992130005146336,0.001992297583973013,-0.0017050826333933067,prewar,0,0,0,0
2016-03-09,40.26,37.62,112.4268,6.5105,113.06,1206.82,0.9072763563781528,0.02770260254933543,0.025576841789649585,-0.0037261449590193507,0.0009373872172155906,prewar,0,0,0,0
2016-03-10,38.63,37.77,112.4191,6.507,113.1,1204.09,0.8958967926894821,-0.04132924353345535,0.0039793128514813425,-6.849135343767188e-05,-0.0005377376737991657,prewar,0,0,0,0
2016-03-11,39.41,38.51,111.741,6.494,113.66,1184.56,0.8944543828264757,0.01999041452872241,0.019402811102452233,-0.006050158511291315,-0.0019998468321926754,prewar,0,0,0,0
2016-03-14,38.06,37.2,112.1688,6.4984,113.59,1187.39,0.9003331232556046,-0.03485572933890868,-0.0346091865477165,0.0038211862146466657,0.0006773190739528534,prewar,0,0,0,0
2016-03-15,37.49,36.32,112.5545,6.511,112.88,1194.99,0.8999280057595392,-0.015089631120182911,-0.023940207546008452,0.0034326692312918183,0.0019370615001179647,prewar,0,0,0,0
2016-03-16,38.38,38.43,112.7759,6.5189,113.69,1190.59,0.9029345372460498,0.023462259831733334,0.05646985084365985,0.001965114971152815,0.0012125957939825849,prewar,0,0,0,0
2016-03-17,39.29,40.17,110.445,6.4745,111.3,1155.83,0.8837044892188053,0.02343354299081435,0.04428204379443823,-0.020885004265956297,-0.006834265521949989,prewar,0,0,0,0
2016-03-18,39.26,39.47,110.4002,6.4682,111.38,1160.11,0.8855827134254339,-0.000763844722053264,-0.017579558696434905,-0.0004057140532331971,-0.0009735218304627313,prewar,0,0,0,0
2016-03-21,39.91,39.91,110.737,6.4812,111.62,1157.33,0.8880994671403198,0.01642073021232715,0.01108602938588632,0.0030460751100997996,0.002007815708413796,prewar,0,0,0,0
2016-03-22,40.54,41.45,110.7877,6.4876,111.82,1154.58,0.8906305664410402,0.015662221963211653,0.03786096252066162,0.00045773677504357124,0.0009869842266887474,prewar,0,0,0,0
2016-03-23,38.84,38.28,111.5473,6.5035,112.63,1166.59,0.8949346697691068,-0.042838497600729664,-0.07956031499655047,0.006832958872261763,0.0024478308902609047,prewar,0,0,0,0
2016-03-24,38.33,38.14,111.816,6.5124,112.64,1168.09,0.8958165367732688,-0.01321776403066055,-0.003663966412480235,0.0024059469896435814,0.0013675583535641689,prewar,0,0,0,0
2016-03-25,,,111.7698,6.5131,113.05,1168.19,0.8957362952346829,,,-0.00041326417561027284,0.00010748147874140024,prewar,0,0,0,0
2016-03-28,38.33,37.99,111.3578,6.5051,113.29,1163.39,0.8920606601248885,,,-0.0036929583631595264,-0.0012290487174939635,prewar,0,0,0,0
2016-03-29,36.75,36.91,111.3736,6.5063,113.33,1164.69,0.8925383791503034,-0.04209465373361798,-0.028840450157627373,0.00014187492222905718,0.00018445363349095523,prewar,0,0,0,0
2016-03-30,36.75,36.91,110.2301,6.4648,112.6,1142.02,0.8826125330979699,0.0,0.0,-0.010320316397203655,-0.0063988623328599115,prewar,0,0,0,0
2016-03-31,36.75,36.94,109.9191,6.448,112.42,1138.86,0.8779631255487269,0.0,0.0008124577291868107,-0.0028253585012674165,-0.0026020707327736314,prewar,0,0,0,0
2016-04-01,36.42,35.36,110.2977,6.4776,112.06,1147.15,0.8783487044356609,-0.009020151359383721,-0.043713737001651154,0.0034384331532377743,0.004580066185440268,prewar,0,0,0,0
2016-04-04,36.05,34.3,110.3987,6.4776,111.18,1151.35,0.8782715615668364,-0.010211210568503937,-0.030435883597548674,0.0009152845905147089,0.0,prewar,0,0,0,0
2016-04-05,35.88,34.52,110.9478,6.476,110.26,1158.39,0.8791981712678038,-0.004726826540362605,0.0063935120433331605,0.004961462018974849,-0.00024703557437888435,prewar,0,0,0,0
2016-04-06,37.77,37.74,110.5347,6.478,109.63,1155.28,0.8748906386701663,0.05133509953377002,0.08918167372517694,-0.0037303216193977917,0.0003087849337488624,prewar,0,0,0,0
2016-04-07,37.15,37.3,110.8876,6.4599,107.98,1156.81,0.8782715615668364,-0.01655136556059711,-0.01172721329063453,0.003187576850278262,-0.002797982950602629,prewar,0,0,0,0
2016-04-08,40.71,39.74,110.4213,6.4628,108.36,1148.89,0.8767315448009819,0.09150999135111926,0.06336491047390114,-0.004214025645119079,0.0004488226220034086,prewar,0,0,0,0
2016-04-11,41.58,40.46,109.9758,6.458,107.96,1141.97,0.8762705923589205,0.02114551991497926,0.01795559461592866,-0.004042708427215658,-0.000742988084454943,prewar,0,0,0,0
2016-04-12,43.02,42.12,109.816,6.4639,108.54,1144.53,0.8775778850372971,0.03404584140971734,0.04020885552617548,-0.001454103639508375,0.0009131784660147968,prewar,0,0,0,0
2016-04-13,42.81,41.7,110.1436,6.4768,109.21,1146.29,0.8864462370357237,-0.0048934036827295024,-0.01002155846101882,0.0029787310235924735,0.0019937104288016982,prewar,0,0,0,0
2016-04-14,43.02,41.45,110.1691,6.481,109.2,1151.99,0.8879417510211329,0.0048934036827295024,-0.0060132472234522005,0.0002314891525898588,0.000648258214678954,prewar,0,0,0,0
2016-04-15,41.32,40.4,110.1933,6.473,108.76,1144.83,0.8853474988933157,-0.04031847958814616,-0.025658096614199266,0.0002196381968726513,-0.0012351398822056936,prewar,0,0,0,0
2016-04-18,41.64,39.74,109.9892,6.4717,108.85,1144.48,0.8832361773538243,0.0077145994953302655,-0.016471547843433854,-0.0018539171683293887,-0.00020085440440809066,prewar,0,0,0,0
2016-04-19,43.02,40.88,109.2782,6.4571,109.16,1126.01,0.8791208791208791,0.032603880092815896,0.02828270877177852,-0.0064852549167468965,-0.0022585245662607445,prewar,0,0,0,0
2016-04-20,43.09,42.72,109.3926,6.4675,109.51,1130.48,0.8826125330979699,0.0016258277881626704,0.044026248756490194,0.0010463217808407421,0.0016093344853429503,prewar,0,0,0,0
2016-04-21,43.48,43.18,109.8533,6.481,109.41,1135.49,0.8848774444739402,0.009010110625261802,0.010710230434721968,0.004202593326173343,0.0020851843675315784,prewar,0,0,0,0
2016-04-22,43.97,42.76,110.2331,6.5004,111.5,1147.85,0.8897588753447816,0.011206520939710085,-0.009774338929816828,0.003451375250941524,0.0029888940241376005,prewar,0,0,0,0
2016-04-25,42.97,41.67,110.1865,6.49,111.08,1147.76,0.8869966294128082,-0.023005385405815204,-0.025821640722482275,-0.00042282991797737424,-0.0016011827537179002,prewar,0,0,0,0
2016-04-26,43.94,42.52,109.7496,6.4905,111.23,1146.66,0.8835483300936562,0.022322869169560722,0.0201931080393849,-0.003972977375600983,7.703863491359542e-05,prewar,0,0,0,0
2016-04-27,44.17,45.29,109.8483,6.494,111.26,1151.5,0.8832361773538243,0.005220758651971025,0.06311170409437539,0.0008989157605441278,0.0005391043297420239,prewar,0,0,0,0
2016-04-28,45.6,46.03,109.2148,6.4735,108.55,1139.93,0.8830022075055187,0.03186189091190528,0.016207100261027563,-0.00578373779943675,-0.003161753164089287,prewar,0,0,0,0
2016-04-29,45.64,45.98,108.8274,6.4738,106.9,1144.09,0.87404947120007,0.0008768084735342185,-0.001086838494114506,-0.003553444311610754,4.634170831807616e-05,prewar,0,0,0,0
2016-05-02,45.82,44.75,108.671,6.4738,106.48,1138.45,0.868357068426537,0.003936152031474904,-0.027115074614171064,-0.0014381717470781652,0.0,prewar,0,0,0,0
2016-05-03,43.09,43.65,109.3613,6.49,106.34,1148.69,0.8689607229753215,-0.06142972539760283,-0.02488816243525349,0.006332110485457676,0.0024992684911155916,prewar,0,0,0,0
2016-05-04,43.08,43.77,109.9952,6.4945,107.12,1164.59,0.8706251088281386,-0.0002320993395592552,0.002745368917192792,0.0057796487870955815,0.000693134149203134,prewar,0,0,0,0
2016-05-05,44.39,44.33,110.2417,6.5032,107.32,1165.93,0.876885303402315,0.029955366557756324,0.012712997554158445,0.0022384995696160814,0.0013386985850236677,prewar,0,0,0,0
2016-05-06,44.6,44.58,110.3801,6.497,106.66,1167.29,0.8755800717975659,0.004719640180074425,0.005623679200760456,0.0012546359258678308,-0.0009538315518313745,prewar,0,0,0,0
2016-05-09,42.43,43.45,110.9466,6.514,108.39,1174.25,0.8770391159445711,-0.049878199811784985,-0.025674476246321465,0.005119140502452879,0.0026131749556477235,prewar,0,0,0,0
2016-05-10,44.01,44.68,110.8225,6.515,109.22,1169.89,0.8782715615668364,0.036561221608766736,0.0279151224895986,-0.0011191821850173866,0.00015350372276667912,prewar,0,0,0,0
2016-05-11,46.08,46.21,110.2806,6.491,108.48,1162.47,0.8738203425375742,0.0459621355646358,0.03367025068117524,-0.004901795452401103,-0.0036906085254768684,prewar,0,0,0,0
2016-05-12,46.43,46.64,110.6935,6.514,108.73,1168.7,0.8787346221441126,0.007566785644194329,0.009262317160061873,0.0037370938996224012,0.0035371048027101892,prewar,0,0,0,0
2016-05-13,47.05,46.22,111.2521,6.5285,109.14,1176.85,0.8854258898530193,0.01326506399955818,-0.009045937196002551,0.0050336765358602875,0.002223501011914486,prewar,0,0,0,0
2016-05-16,48.49,47.72,111.1217,6.5184,108.89,1177.21,0.8827683615819208,0.03014672508587246,0.03193799238348083,-0.0011728001675255229,-0.0015482608156065503,prewar,0,0,0,0
2016-05-17,48.71,48.29,111.0867,6.517,109.02,1173.67,0.8820675663755845,0.004526756701190404,0.011873902655735069,-0.00031501959682422864,-0.000214799700106294,prewar,0,0,0,0
2016-05-18,48.93,48.12,111.4995,6.537,109.65,1185.77,0.8868393047179851,0.0045063574825809916,-0.0035266087789724843,0.0037091290768493934,0.0030641972803491235,prewar,0,0,0,0
2016-05-19,47.01,48.16,112.2331,6.544,109.81,1189.25,0.8917424647761727,-0.04003036026499318,0.0008309098940877391,0.006557851909492207,0.0010702546698533322,prewar,0,0,0,0
2016-05-20,48.54,47.67,112.1822,6.5485,110.52,1186.93,0.892299455697332,0.03202785526241625,-0.010226531783831483,-0.0004536232678677976,0.000687416486874648,prewar,0,0,0,0
2016-05-23,47.77,48.12,112.284,6.5533,109.47,1183.39,0.8934953538241601,-0.01599037289658467,0.009395621889743744,0.0009070408549654019,0.0007327237806644682,prewar,0,0,0,0
2016-05-24,48.42,48.04,112.2912,6.5552,110.0,1186.39,0.8972633467922835,0.01351512410804201,-0.0016638938946949011,6.412106058384381e-05,0.0002898882424846594,prewar,0,0,0,0
2016-05-25,48.87,49.1,112.2001,6.5538,110.22,1182.21,0.8965393580778197,0.00925075977215073,0.02182503758869192,-0.0008116127885644531,-0.00021359371505424996,prewar,0,0,0,0
2016-05-26,49.52,49.0,111.8979,6.554,109.74,1178.09,0.8941344778254648,0.013212917094277188,-0.0020387366898484416,-0.0026970359680458245,3.0516181207529414e-05,prewar,0,0,0,0
2016-05-27,49.09,49.36,112.0822,6.5615,109.86,1180.59,0.8976660682226211,-0.00872128030637942,0.0073200814865059805,0.0016456822869042043,0.0011436850775814467,prewar,0,0,0,0
2016-05-30,,,,,,,,,,,,prewar,0,0,0,0
2016-05-31,49.26,49.1,112.4276,6.5798,110.75,1188.99,0.898069151324652,,,,,prewar,0,0,0,0
2016-06-01,48.81,49.07,112.462,6.5748,109.55,1192.09,0.8956560680698611,-0.009177182793335792,-0.0006111846986627256,0.0003059278887800332,-0.0007601903882727967,prewar,0,0,0,0
2016-06-02,49.05,49.14,112.4564,6.5815,108.75,1186.69,0.8962982880702699,0.004904976112316106,0.0014255169912207322,-4.9795837078647764e-05,0.0010185235330919529,prewar,0,0,0,0
2016-06-03,48.5,48.69,111.4451,6.5638,106.88,1167.79,0.8826125330979699,-0.01127638806793474,-0.009199696898423593,-0.009033498008498952,-0.0026929793457588502,prewar,0,0,0,0
2016-06-06,48.94,49.71,111.2295,6.5611,107.33,1162.28,0.8807468733485997,0.00903126007108801,0.020732449911971873,-0.0019364585576688853,-0.0004114317119501276,prewar,0,0,0,0
2016-06-07,49.76,50.37,110.8378,6.571,107.3,1154.8,0.8810572687224669,0.01661639041639873,0.01318963965097808,-0.0035277630360628365,0.0015077560901144427,prewar,0,0,0,0
2016-06-08,50.73,51.23,110.1916,6.56,106.68,1153.83,0.8771929824561404,0.01930600314767439,0.016929538193551696,-0.005847202599459145,-0.0016754249597332738,prewar,0,0,0,0
2016-06-09,50.59,50.52,110.6168,6.559,106.54,1159.29,0.8826904404625298,-0.0027635232747535987,-0.013956000468820395,0.0038513075188015833,-0.0001524506443990603,prewar,0,0,0,0
2016-06-10,49.7,49.09,111.1027,6.559,107.06,1167.61,0.8864462370357237,-0.01774899520126194,-0.02871394941232941,0.0043830224935605955,0.0,prewar,0,0,0,0
2016-06-13,49.36,48.89,111.5036,6.5823,106.07,1169.74,0.8863676653075695,-0.006864553505450566,-0.0040824714794069905,0.0036018785939475606,0.0035460760222782994,prewar,0,0,0,0
2016-06-14,47.88,48.49,111.9826,6.593,106.02,1176.78,0.892379082634303,-0.03044249890736017,-0.00821528547329331,0.004286624708591091,0.0016242517972857584,prewar,0,0,0,0
2016-06-15,47.47,47.92,111.7671,6.5785,105.87,1167.53,0.8897588753447816,-0.00859994812654552,-0.011824637310066777,-0.0019262601615466224,-0.002201724307406616,prewar,0,0,0,0
2016-06-16,45.66,46.14,112.2347,6.5899,104.05,1176.49,0.8962179602079227,-0.03887529146157753,-0.03785270106158656,0.00417497251543697,0.0017314180686973657,prewar,0,0,0,0
2016-06-17,46.57,48.0,111.5332,6.5849,104.2,1171.77,0.8884150675195451,0.019733915892636844,0.03952075816228362,-0.006269910010320068,-0.0007590248413711365,prewar,0,0,0,0
2016-06-20,48.68,49.4,110.8693,6.5768,104.32,1156.8,0.8835483300936562,0.044311711125040176,0.028749413285985792,-0.005970274363038541,-0.0012308441952955107,prewar,0,0,0,0
2016-06-21,48.18,48.95,111.0077,6.5893,104.56,1154.35,0.8879417510211329,-0.01032427093260102,-0.009151055217357484,0.001247538212161281,0.001898816468921316,prewar,0,0,0,0
2016-06-22,48.43,49.16,110.7681,6.575,104.56,1147.99,0.886053517632465,0.00517545922841256,0.004280915721314393,-0.0021607415526885276,-0.002172543260879678,prewar,0,0,0,0
2016-06-23,48.63,49.34,110.262,6.574,105.9,1143.27,0.8792754770069463,0.004121168000556619,0.0036548264033768874,-0.004579474781729154,-0.00015210282180055934,prewar,0,0,0,0
2016-06-24,46.69,46.7,112.1355,6.615,102.26,1167.56,0.8987956138774043,-0.04071061543284893,-0.054990946426359155,0.016848609538103076,0.006217322324891361,prewar,0,0,0,0
2016-06-27,45.07,45.8,113.1301,6.6481,101.66,1181.24,0.90711175616836,-0.03531317228028863,-0.019460073554712576,0.008830522397371254,0.00499130199102682,prewar,0,0,0,0
2016-06-28,46.29,47.93,112.7545,6.645,102.71,1169.31,0.904649900488511,0.026709118340622506,0.04545752205140108,-0.0033255949822601494,-0.00046640739273717813,prewar,0,0,0,0
2016-06-29,48.4,49.85,111.8597,6.635,102.68,1153.09,0.8995232526760818,0.04457385867940644,0.03927688323630729,-0.007967481428543977,-0.0015060243810378626,prewar,0,0,0,0
2016-06-30,48.05,48.27,112.1618,6.6459,102.77,1154.15,0.9064539521392314,-0.007257678306284543,-0.032208246735445645,0.002697064193632137,0.0016414553904315898,prewar,0,0,0,0
2016-07-01,47.65,49.02,111.6509,6.6547,102.55,1146.49,0.8972633467922835,-0.00835950531609031,0.015418128427564959,-0.004565432501354216,0.0013232487683347838,prewar,0,0,0,0
2016-07-04,48.02,,,,,,,0.007734960692896475,,,,prewar,0,0,0,0
2016-07-05,45.64,46.73,112.4231,6.677,101.58,1156.79,0.9025270758122744,-0.050833065799232635,,,,prewar,0,0,0,0
2016-07-06,45.7,47.37,112.5438,6.69,101.12,1160.59,0.9027715085311908,0.0013137729062844272,0.013602760223325294,0.0010730468489494882,0.0019450892644052864,prewar,0,0,0,0
2016-07-07,45.93,45.22,112.5775,6.679,100.74,1154.89,0.903750564844103,0.005020200437543032,-0.046449650085836236,0.0002993941510798237,-0.0016455983966381371,prewar,0,0,0,0
2016-07-08,44.53,45.37,112.3963,6.6878,100.65,1148.71,0.905961224859576,-0.030955379004091288,0.003311626826048464,-0.0016108545900221927,0.0013166952855387937,prewar,0,0,0,0
2016-07-11,44.04,44.73,112.5254,6.6917,102.66,1148.97,0.9053870529651424,-0.011064807479131744,-0.014206676231115711,0.0011479551699764556,0.00058298144332114,prewar,0,0,0,0
2016-07-12,46.72,46.82,112.1102,6.686,104.72,1146.47,0.9030160736861116,0.05907402666549233,0.04566604461800816,-0.003696657812195525,-0.0008521644744519108,prewar,0,0,0,0
2016-07-13,44.67,44.87,112.0266,6.6832,104.1,1145.01,0.8999280057595392,-0.04487020315594403,-0.04254104207487286,-0.0007459730296561773,-0.0004188732371330772,prewar,0,0,0,0
2016-07-14,46.01,45.64,111.7692,6.6801,105.4,1130.65,0.9001710324961743,0.02955662880334975,0.0170151050059828,-0.002300312280224759,-0.0004639572643894141,prewar,0,0,0,0
2016-07-15,46.25,45.93,112.2833,6.6865,105.64,1135.49,0.9042408897730354,0.0052026997910568085,0.006333973343827459,0.004589111054262851,0.0009576108343296585,prewar,0,0,0,0
2016-07-18,45.35,45.23,112.2463,6.7013,106.0,1134.39,0.902853015529072,-0.019651287397288275,-0.015357914847950571,-0.00032957792945698117,0.002210969095595594,prewar,0,0,0,0
2016-07-19,45.7,44.64,112.638,6.6931,106.13,1140.56,0.9079353550027238,0.007688121339013421,-0.01313026541669604,0.003483572629264131,-0.0012243924363031233,prewar,0,0,0,0
2016-07-20,45.82,44.96,112.6743,6.676,106.65,1142.33,0.9085127646043428,0.002622379125190477,0.007142887512380014,0.0003222194288916569,-0.0025581391904179185,prewar,0,0,0,0
2016-07-21,44.99,43.96,112.6239,6.6735,105.98,1137.31,0.907770515613653,-0.018280434172268656,-0.02249307605001505,-0.00044740704400414444,-0.0003745458675195046,prewar,0,0,0,0
2016-07-22,44.24,43.41,112.989,6.676,106.22,1137.49,0.9117432530999272,-0.016810885639001683,-0.012590300223918494,0.0032365198860846434,0.0003745458675195046,prewar,0,0,0,0
2016-07-25,43.76,42.4,113.1784,6.6783,106.02,1140.8,0.9107468123861566,-0.010909199100353817,-0.02354146707358984,0.0016748659999192839,0.0003444583426674974,prewar,0,0,0,0
2016-07-26,43.56,42.16,113.0593,6.669,104.83,1137.59,0.9104151493080844,-0.004580860048965629,-0.005676458004805429,-0.001052875015988164,-0.0013935404920870642,prewar,0,0,0,0
2016-07-27,42.78,41.9,113.217,6.668,105.65,1135.09,0.9100837277029488,-0.01806859441050035,-0.006186077305014859,0.0013938713469556774,-0.0001499587616216047,prewar,0,0,0,0
2016-07-28,41.87,41.13,112.7393,6.6538,104.86,1124.79,0.9013881377321076,-0.02150112362320744,-0.018548044685759102,-0.004228257514391487,-0.002131844852492515,prewar,0,0,0,0
2016-07-29,40.76,41.54,111.874,6.6371,102.32,1112.89,0.8954154727793696,-0.026868371676528113,0.00991903620563317,-0.007704835650162778,-0.0025129989374086392,prewar,0,0,0,0
2016-08-01,40.17,40.05,111.9757,6.6421,102.26,1106.15,0.894774516821761,-0.014580759983333191,-0.036528144933597684,0.0009086454616404893,0.000753057448685146,prewar,0,0,0,0
2016-08-02,40.0,39.5,111.7124,6.6239,100.82,1108.35,0.8908685968819599,-0.004240994257254549,-0.01382800160729225,-0.0023541719170889763,-0.0027438581966854336,prewar,0,0,0,0
2016-08-03,40.45,40.8,111.9419,6.632,101.34,1116.21,0.8952551477170994,0.011187189390564622,0.032381409503039915,0.0020522751456271138,0.001222097482347806,prewar,0,0,0,0
2016-08-04,41.33,41.92,111.9149,6.6388,101.08,1111.99,0.8981498113885397,0.021521985019139933,0.02708095860267079,-0.00024122564184736461,0.0010248064314328786,prewar,0,0,0,0
2016-08-05,42.47,41.83,112.3589,6.653,101.74,1114.54,0.9025270758122744,0.02720931580153918,-0.0021492545586796474,0.0039594511713652025,0.0021366564953235745,prewar,0,0,0,0
2016-08-08,43.24,43.06,112.1456,6.6597,102.53,1108.24,0.9026900162484204,0.017968048445827556,0.02898070648210993,-0.001900185200566007,0.0010065577329438913,prewar,0,0,0,0
2016-08-09,43.37,42.78,111.722,6.653,101.96,1101.45,0.9000900090009001,0.0030019650762671546,-0.006523788281957543,-0.003784384212375258,-0.0010065577329438913,prewar,0,0,0,0
2016-08-10,42.19,41.75,111.3238,6.6345,101.27,1095.84,0.8951750067138126,-0.027584731711027377,-0.0243712523573949,-0.003570570914614102,-0.0027845737653962033,prewar,0,0,0,0
2016-08-11,44.23,43.51,111.1954,6.6274,101.46,1097.39,0.8954154727793696,0.04722006574398785,0.041291345435724214,-0.0011540578453521633,-0.0010707365729394347,prewar,0,0,0,0
2016-08-12,45.12,44.47,111.1787,6.6324,101.01,1100.79,0.8950948800572861,0.01992231530956845,0.021824007790016253,-0.0001501973479056673,0.0007541592236657291,prewar,0,0,0,0
2016-08-15,47.31,45.72,110.9212,6.637,101.02,1095.83,0.892936869363336,0.04739608245325311,0.02772103440400464,-0.002318777409405115,0.0006933245187075165,prewar,0,0,0,0
2016-08-16,48.27,46.57,110.4295,6.624,100.28,1093.95,0.8867606632969762,0.020088560029345004,0.01842071806767631,-0.004442731003412526,-0.001960637080829386,prewar,0,0,0,0
2016-08-17,48.58,46.81,110.9459,6.6328,100.24,1114.25,0.8878629139660835,0.006401673901624605,0.005140298317693137,0.0046653868194574954,0.001327620736913282,prewar,0,0,0,0
2016-08-18,49.46,48.2,110.3134,6.6297,100.07,1107.41,0.8823010411152286,0.017952338519243938,0.02926216574457552,-0.005717289378546653,-0.00046748351463987703,prewar,0,0,0,0
2016-08-19,49.39,48.48,110.8163,6.6515,100.24,1116.37,0.8829242450997704,-0.0014162875407368603,0.005792320704504306,0.004548469672083222,0.0032828388365915284,prewar,0,0,0,0
2016-08-22,48.1,46.8,110.9997,6.6475,100.25,1120.93,0.8838607035531201,-0.026465797440817784,-0.03526813883745783,0.0016536231993349304,-0.0006015490067856621,prewar,0,0,0,0
2016-08-23,48.7,47.54,110.9414,6.6378,100.2,1116.91,0.8843296781039971,0.012396852976828576,0.015688259008446614,-0.0005253646245870769,-0.0014602608482545687,prewar,0,0,0,0
2016-08-24,47.56,46.29,111.2958,6.6562,100.5,1121.34,0.8884150675195451,-0.02368695826596312,-0.026645506888868464,0.003189387739035432,0.002768167857613024,prewar,0,0,0,0
2016-08-25,49.25,46.97,111.1726,6.656,100.58,1115.23,0.8869966294128082,0.03491729579551661,0.014583144995724329,-0.0011075731438197067,-3.004762548886042e-05,prewar,0,0,0,0
2016-08-26,49.66,47.64,111.2035,6.669,101.2,1111.47,0.8899172376968942,0.008290412461922969,0.014163644448195623,0.0002779075646959228,0.0019512201312616995,prewar,0,0,0,0
2016-08-29,49.66,46.97,111.8775,6.6775,102.13,1121.53,0.8942944017170452,0.0,-0.014163644448195623,0.006042666572754207,0.0012737423518098812,prewar,0,0,0,0
2016-08-30,47.94,46.32,112.2928,6.6778,102.92,1118.27,0.8968609865470852,-0.03524955107378247,-0.01393526677416368,0.003705222994541124,4.492598444816309e-05,prewar,0,0,0,0
2016-08-31,47.94,44.68,112.4036,6.6776,103.38,1115.98,0.897182845863987,0.0,-0.036047859063740084,0.0009862197078422952,-2.995043203735115e-05,prewar,0,0,0,0
2016-09-01,45.05,43.17,112.1733,6.6713,103.22,1116.89,0.8933357155619082,-0.062177244951891364,-0.03438016463361393,-0.0020509685611411754,-0.0009438980691660603,prewar,0,0,0,0
2016-09-02,45.96,44.39,112.0009,6.679,104.18,1114.87,0.8962179602079227,0.019998468926208268,0.027868409278557937,-0.0015380898782062502,0.0011535322582751917,prewar,0,0,0,0
2016-09-05,46.72,,,,,,,0.016400885539416432,,,,prewar,0,0,0,0
2016-09-06,46.21,44.85,110.9613,6.6722,102.28,1093.04,0.8899172376968942,-0.01097611363779638,,,,prewar,0,0,0,0
2016-09-07,47.0,45.47,110.9717,6.66,101.72,1090.03,0.8898380494749957,0.01695137682788328,0.01372917933211415,9.372197922452585e-05,-0.0018301560740607847,prewar,0,0,0,0
2016-09-08,49.23,47.63,111.2609,6.664,102.28,1095.27,0.8884150675195451,0.04635559206005091,0.04641004697584972,0.0026026799241156695,0.0006004203122438323,prewar,0,0,0,0
2016-09-09,48.37,45.88,111.9879,6.6778,102.86,1106.83,0.8917424647761727,-0.017623406935217467,-0.03743352255159893,0.006512935969575473,0.0020686871218855707,prewar,0,0,0,0
2016-09-12,47.82,46.28,112.1516,6.6788,101.96,1112.03,0.8904719501335708,-0.011435824804713057,0.00868061006430576,0.0014606977271425237,0.00014973870623791186,prewar,0,0,0,0
2016-09-13,46.48,44.91,112.5207,6.6782,102.14,1124.61,0.8895214374666429,-0.028421849486523154,-0.030049415225829268,0.003285677246878116,-8.984053311422713e-05,prewar,0,0,0,0
2016-09-14,45.65,43.62,112.4678,6.6707,102.33,1123.81,0.8872327211427558,-0.01801850550267803,-0.029144726326163717,-0.00047024626569669437,-0.0011236882123879521,prewar,0,0,0,0
2016-09-15,45.83,43.85,112.4753,6.6707,102.24,1122.83,0.8892050506846878,0.003935291480055003,0.005258958044709328,6.668353021588302e-05,0.0,prewar,0,0,0,0
2016-09-16,45.26,43.04,113.1765,6.6707,102.36,1127.37,0.8960573476702508,-0.012515258315641375,-0.01864480296466331,0.0062149050615918355,0.0,prewar,0,0,0,0
2016-09-19,46.04,43.34,112.903,6.665,101.82,1117.44,0.894534394847482,0.017086943648290553,0.00694608025468435,-0.0024195040543029123,-0.0008548483164909637,prewar,0,0,0,0
2016-09-20,45.24,43.85,113.1848,6.67,101.66,1117.34,0.8950948800572861,-0.017528932605761938,0.01169872270997896,0.002492838144570797,0.0007499062968603365,prewar,0,0,0,0
2016-09-21,45.99,45.33,112.9842,6.6695,100.62,1112.17,0.8956560680698611,0.016442330303912733,0.033194346134565844,-0.001773895207587195,-7.496532857054206e-05,prewar,0,0,0,0
2016-09-22,47.21,46.1,112.2592,6.663,100.8,1100.59,0.890551251224508,0.02618175300636283,0.016843885049844687,-0.006437502752596025,-0.000975061018561485,prewar,0,0,0,0
2016-09-23,46.71,44.36,112.7166,6.669,101.04,1102.21,0.8910273545397843,-0.010647460044178825,-0.038474787520436315,0.004066220724420866,0.0009000900697688774,prewar,0,0,0,0
2016-09-26,46.61,45.6,112.7112,6.6683,100.34,1106.99,0.8873114463176575,-0.0021431641293672143,0.027569554038174182,-4.790890920336466e-05,-0.00010496877188659326,prewar,0,0,0,0
2016-09-27,44.95,44.65,112.5515,6.6691,100.36,1099.22,0.8922198429693077,-0.03626434946701984,-0.021053409197832718,-0.0014179003159915382,0.00011996341130338095,prewar,0,0,0,0
2016-09-28,45.49,47.07,112.6283,6.673,100.57,1096.73,0.8928571428571428,0.011941760664283319,0.05278154809054314,0.0006821216021846155,0.0005846156318836115,prewar,0,0,0,0
2016-09-29,48.43,47.72,112.2879,6.665,101.48,1097.39,0.8893632159373888,0.0626269348332249,0.013714741816664322,-0.003026907442862381,-0.001199580290797586,prewar,0,0,0,0
2016-09-30,48.24,47.72,112.2795,6.6685,101.21,1097.98,0.8898380494749957,-0.0039309039962076575,0.0,-7.481050236091136e-05,0.0005249934496402986,prewar,0,0,0,0
2016-10-03,48.61,48.8,112.5077,6.6685,101.54,1104.79,0.8920606601248885,0.007640718638433963,0.022379715629386343,0.0020303654157709516,0.0,prewar,0,0,0,0
2016-10-04,48.81,48.67,112.6579,6.6685,102.66,1110.77,0.8919015340706387,0.0041059388416919695,-0.0026674890137385887,0.0013341293899111761,0.0,prewar,0,0,0,0
2016-10-05,49.57,49.75,112.7946,6.6685,103.53,1114.53,0.8931761343336907,0.015450602133426639,0.021947639759238857,0.0012126724409995404,0.0,prewar,0,0,0,0
2016-10-06,50.14,50.44,113.0066,6.6685,104.02,1114.53,0.8962179602079227,0.011433280697664472,0.013774047492116637,0.001877758508744165,0.0,prewar,0,0,0,0
2016-10-07,50.49,49.76,113.2915,6.6685,103.42,1115.95,0.8963786303334529,0.0069562041406769914,-0.013573062665794389,0.002517919067991592,0.0,prewar,0,0,0,0
2016-10-10,51.54,49.76,,,,,,0.020582908353394824,0.0,,,prewar,0,0,0,0
2016-10-11,50.48,50.72,113.4461,6.719,103.36,1124.21,0.903995660820828,-0.020780986991261408,0.019108861698046375,,,prewar,0,0,0,0
2016-10-12,49.53,50.14,113.7442,6.718,104.48,1127.23,0.9079353550027238,-0.018998671632811437,-0.011501217398823371,0.002624233262375597,-0.00014884274791193697,prewar,0,0,0,0
2016-10-13,49.29,50.47,113.6238,6.7248,103.62,1133.31,0.905961224859576,-0.004857325882859698,0.0065600076220238,-0.0010590761343181043,0.0010116940786142337,prewar,0,0,0,0
2016-10-14,48.87,50.35,113.7119,6.7277,104.1,1133.13,0.9103322712790168,-0.008557509435223043,-0.0023804811875995924,0.0007750652837223981,0.0004311466336996972,prewar,0,0,0,0
2016-10-17,49.31,49.97,113.5488,6.735,103.96,1137.61,0.9090909090909092,0.00896318895397119,-0.0075757938084577425,-0.001435356205469418,0.0010844779599124,prewar,0,0,0,0
2016-10-18,49.81,50.3,113.1393,6.7401,103.8,1123.75,0.9093389106119852,0.01008886684915744,0.006582251749579715,-0.0036128975930767027,0.000756951747076462,prewar,0,0,0,0
2016-10-19,51.85,51.59,113.0547,6.737,103.3,1120.01,0.9119095385737734,0.040139167590344194,0.025322778150865144,-0.0007480304866156473,-0.00046003963088092625,prewar,0,0,0,0
2016-10-20,50.42,50.31,113.4033,6.7439,103.92,1128.39,0.9145783793671118,-0.027967012915762535,-0.02512399075333116,0.003078719015010556,0.0010236706158406328,prewar,0,0,0,0
2016-10-21,50.28,50.61,113.9015,6.7654,103.96,1137.17,0.9203018590097553,-0.0027805380377268207,0.0059453207227591065,0.0043835484139638226,0.00318299514441045,prewar,0,0,0,0
2016-10-24,49.8,50.18,113.8571,6.7728,104.2,1135.4,0.9184423218221895,-0.009592399691439546,-0.008532644287710056,-0.00038988649001581166,0.0010932030457482256,prewar,0,0,0,0
2016-10-25,49.08,49.45,113.6801,6.778,104.25,1129.89,0.9182736455463728,-0.01456336418789661,-0.014654482869555174,-0.0015557898726195063,0.0007674824003374159,prewar,0,0,0,0
2016-10-26,48.98,48.75,113.8131,6.7706,104.42,1134.94,0.9160864785635764,-0.0020395683186889,-0.014256860624865197,0.001169265851928003,-0.0010923638952871073,prewar,0,0,0,0
2016-10-27,49.13,49.71,114.1998,6.7819,105.14,1145.85,0.917094644167278,0.0030577946565353287,0.019500922662725184,0.003391916604294387,0.00166758939216205,prewar,0,0,0,0
2016-10-28,47.78,48.72,114.0931,6.776,105.4,1146.49,0.9145783793671118,-0.027862704282893613,-0.020116496704939646,-0.0009347641365051729,-0.0008703413319812725,prewar,0,0,0,0
2016-10-31,46.2,46.83,114.0188,6.7735,105.07,1145.37,0.9122422915526364,-0.033627343809970345,-0.03956560020619104,-0.0006514346917239067,-0.0003690173110992845,prewar,0,0,0,0
2016-11-01,45.77,46.66,113.9915,6.763,104.59,1142.68,0.9056330374932076,-0.009350943422142599,-0.0036367566021664466,-0.0002394628675146393,-0.0015513614458511071,prewar,0,0,0,0
2016-11-02,44.26,45.32,113.9206,6.7606,103.22,1148.39,0.8993614533681086,-0.03354752004264716,-0.029138830433478535,-0.0006221697074186849,-0.00035493508018502595,prewar,0,0,0,0
2016-11-03,43.84,44.66,113.7664,6.7612,103.17,1142.68,0.9013881377321076,-0.009534691983143162,-0.01467018974779366,-0.0013544912408276488,8.874558126770182e-05,prewar,0,0,0,0
2016-11-04,43.06,44.07,113.5828,6.7534,103.02,1142.68,0.899199712256092,-0.017952150703543168,-0.013298967558116104,-0.0016151368899706142,-0.0011543073218704958,prewar,0,0,0,0
2016-11-07,42.83,44.88,113.5443,6.774,104.6,1141.27,0.905961224859576,-0.0053557003089377275,0.018212982360545027,-0.0003390172319264195,0.00304567262356481,prewar,0,0,0,0
2016-11-08,43.47,44.96,113.3017,6.784,104.98,1131.39,0.9062896501721952,0.014832253373421533,0.0017809443709948525,-0.002138896806545887,0.0014751440940219407,prewar,0,0,0,0
2016-11-09,43.88,45.2,114.6956,6.7769,104.84,1150.64,0.9130752373995618,0.009387590406328528,0.005323881252750073,0.012227490123480678,-0.0010471282361419476,prewar,0,0,0,0
2016-11-10,43.67,44.62,115.9375,6.7987,106.56,1162.11,0.9189487226612756,-0.00479726790955981,-0.012914897833799177,0.010769590343815416,0.0032116471814620517,prewar,0,0,0,0
2016-11-11,41.61,43.39,,,,,,-0.04832084450261975,-0.027953189194127148,,,prewar,0,0,0,0
2016-11-14,41.83,43.29,117.2245,6.8447,108.3,1171.25,0.9325748391308404,0.0052732624592573,-0.002307338356370092,,,prewar,0,0,0,0
2016-11-15,44.15,45.86,116.7724,6.8556,108.94,1170.21,0.9323140033563304,0.0539791415958617,0.057671615975869006,-0.0038641585640881715,0.00159120636772081,prewar,0,0,0,0
2016-11-16,45.07,45.56,116.8062,6.877,109.16,1172.41,0.9346667912889054,0.02062390965258798,-0.006563138850776973,0.00028941007640170824,0.003116673801419001,prewar,0,0,0,0
2016-11-17,44.57,45.37,116.8952,6.8674,109.64,1176.03,0.9384384384384384,-0.01115584974409245,-0.004179044903108942,0.000761655722238963,-0.0013969327960676736,prewar,0,0,0,0
2016-11-18,44.41,45.69,117.5936,6.8873,110.51,1177.71,0.9433962264150942,-0.0035963176544537845,0.007028361899307889,0.0059568053155647505,0.002893558403264551,prewar,0,0,0,0
2016-11-21,45.96,47.48,117.4762,6.8918,111.12,1178.51,0.9436633009342266,0.034306783676544494,0.038429114166286915,-0.000998852338844891,0.000653163147082747,prewar,0,0,0,0
2016-11-22,46.1,48.07,117.4508,6.888,110.98,1173.25,0.9417969485778864,0.00304149702204759,0.01234971216440206,-0.0002162373852216959,-0.0005515319665490015,prewar,0,0,0,0
2016-11-23,46.54,46.72,118.0356,6.9195,112.58,1181.57,0.9469696969696968,0.009499207871543014,-0.028485943385897716,0.004966751389324564,0.004562745558418291,prewar,0,0,0,0
2016-11-24,47.54,,,,,,,0.021259304057902106,,,,prewar,0,0,0,0
2016-11-25,46.32,46.72,118.02,6.9176,113.17,1174.99,0.9438414346389804,-0.025997628667307815,,,,prewar,0,0,0,0
2016-11-28,46.64,45.66,117.7278,6.9055,112.36,1170.53,0.94553706505295,0.006884708777497028,-0.022949697418322312,-0.00247892153930529,-0.0017506931282371685,prewar,0,0,0,0
2016-11-29,44.68,45.29,117.644,6.8933,112.78,1169.99,0.9410878976096368,-0.04293256784123711,-0.008136383533526637,-0.0007120649418563829,-0.0017682701653611854,prewar,0,0,0,0
2016-11-30,47.95,49.41,117.7636,6.8837,114.34,1175.87,0.9453582907922102,0.07063282712844732,0.0870665752895361,0.0010161100176064863,-0.0013936272851502451,prewar,0,0,0,0
2016-12-01,52.28,51.08,117.6642,6.883,114.34,1167.31,0.940379913485048,0.08645508742657393,0.03324019830667968,-0.0008444202928155065,-0.00010169466910792124,prewar,0,0,0,0
2016-12-02,52.35,51.7,117.3116,6.883,113.76,1167.7,0.9375585974123384,0.0013380485605245518,0.012064750350045284,-0.0030011623720813674,0.0,prewar,0,0,0,0
2016-12-05,53.3,51.72,117.1008,6.8775,114.1,1168.11,0.9325748391308404,0.017984393855253078,0.00038677238927320445,-0.0017985401525155709,-0.0007993895996343259,prewar,0,0,0,0
2016-12-06,52.31,50.95,116.9225,6.879,113.98,1171.5,0.9330969487729774,-0.01874877378927886,-0.014999794234923147,-0.001523780191969415,0.00021807872728429878,prewar,0,0,0,0
2016-12-07,51.9,49.85,116.672,6.878,113.5,1161.67,0.9295408068414204,-0.007868767210676975,-0.021826263260886325,-0.0021447430998877692,-0.00014538053380253046,prewar,0,0,0,0
2016-12-08,51.6,50.84,117.0327,6.8771,114.16,1162.49,0.9411764705882352,-0.00579711768432567,0.019664949913405838,0.0030868038717795088,-0.00013086055372690808,prewar,0,0,0,0
2016-12-09,52.19,51.51,117.2834,6.9042,115.17,1171.88,0.948676596148373,0.01136923316780436,0.013092517256240388,0.0021398452403538215,0.003932870618983397,prewar,0,0,0,0
2016-12-12,53.99,52.74,116.9161,6.9045,115.34,1164.37,0.9428625306430324,0.03390793857487395,0.02359821734764722,-0.0031366446225655764,4.3450867937666615e-05,prewar,0,0,0,0
2016-12-13,53.28,52.99,116.8029,6.8984,115.26,1164.65,0.9402914903620124,-0.013237817998061896,0.00472903557952975,-0.0009686846927445814,-0.0008838722872910321,prewar,0,0,0,0
2016-12-14,53.15,51.01,116.7332,6.9025,115.06,1165.13,0.9384384384384384,-0.0024429214441767932,-0.0380815245698356,-0.0005969098744857959,0.0005941641661948438,prewar,0,0,0,0
2016-12-15,51.72,50.9,118.8072,6.941,118.32,1185.35,0.9638554216867468,-0.027273550884300057,-0.0021587683783579337,0.01761102217414212,0.0055621915352741524,prewar,0,0,0,0
2016-12-16,54.15,51.93,118.3584,6.958,117.74,1183.72,0.9563886763580718,0.045913419543342826,0.020033734299750527,-0.0037847017924708126,0.002446220372303687,prewar,0,0,0,0
2016-12-19,53.53,52.13,118.3875,6.9506,116.6,1187.71,0.9574875526618154,-0.011515729041709832,0.003843940923787148,0.00024583319201365583,-0.0010640899440985674,prewar,0,0,0,0
2016-12-20,54.56,52.22,118.63,6.947,117.86,1192.13,0.9624639076034648,0.019058769129916886,0.0017249644909682615,0.0020462631207918136,-0.0005180750749078644,prewar,0,0,0,0
2016-12-21,53.01,51.44,118.581,6.939,117.79,1193.91,0.9592326139088728,-0.028820438535491988,-0.015049483341619041,-0.0004131343040327806,-0.0011522397933321216,prewar,0,0,0,0
2016-12-22,54.04,51.98,118.8209,6.9473,117.48,1204.65,0.9567546880979718,0.019243938092283308,0.010442949283980152,0.002021046012340655,0.0011954229691735208,prewar,0,0,0,0
2016-12-23,53.93,52.01,118.7856,6.9432,117.22,1201.51,0.9570293808019906,-0.002037603742862437,0.0005769785716371878,-0.00029712992076991185,-0.000590331538687261,prewar,0,0,0,0
2016-12-26,,,,,,,,,,,,prewar,0,0,0,0
2016-12-27,,52.82,118.9506,6.9491,117.52,1207.68,0.956205775482884,,,,,prewar,0,0,0,0
2016-12-28,54.95,54.01,119.2305,6.9559,117.66,1212.22,0.962556550197324,,0.022279307735813436,0.0023503135122533436,0.00097806552205415,prewar,0,0,0,0
2016-12-29,54.97,53.8,118.6637,6.9535,116.32,1207.05,0.9536524890329964,0.0003639010229381512,-0.0038957474370611145,-0.004765152513273918,-0.00034509037396546205,prewar,0,0,0,0
2016-12-30,54.96,53.75,118.3466,6.943,116.78,1203.73,0.9476876421531464,-0.00018193395847454497,-0.0009298001599664651,-0.002675834672209554,-0.001511172165392205,prewar,0,0,0,0
2017-01-02,,,,,,,,,,,,prewar,0,0,0,0
2017-01-03,55.05,52.36,119.0903,6.9575,117.68,1207.23,0.9600614439324116,,,,,prewar,0,0,0,0
2017-01-04,54.57,53.26,118.8803,6.9322,117.38,1198.07,0.9545628102329132,-0.008757581970548767,0.017042639344087007,-0.0017649243605033504,-0.0036429912785009844,prewar,0,0,0,0
2017-01-05,54.99,53.77,117.9999,6.887,115.46,1182.46,0.9435742592942064,0.007667069321582343,0.00953011043580032,-0.007433327511749077,-0.006541646576846416,prewar,0,0,0,0
2017-01-06,55.9,53.98,118.3495,6.9176,116.85,1198.85,0.9469696969696968,0.01641302964133029,0.003897916768271781,0.002958334186313749,0.004433312101522313,prewar,0,0,0,0
2017-01-09,54.39,51.95,118.4111,6.935,116.07,1200.51,0.94553706505295,-0.027384066726183764,-0.0383318900446219,0.0005203568616565235,0.00251216510271135,prewar,0,0,0,0
2017-01-10,53.2,50.82,118.5386,6.918,115.74,1196.96,0.9458948164964056,-0.022121917087270848,-0.021991739653218545,0.001076177874928419,-0.0024543432518178143,prewar,0,0,0,0
2017-01-11,53.61,52.19,119.0219,6.9365,116.26,1197.59,0.95229025807066,0.0076772214918476855,0.026600927763303694,0.00406886386228944,0.0026706140236660847,prewar,0,0,0,0
2017-01-12,54.51,53.01,117.8001,6.889,113.87,1170.93,0.9375585974123384,0.01664855323674308,0.015589669344393098,-0.010318389679306428,-0.006871387927584349,prewar,0,0,0,0
2017-01-13,54.37,52.36,117.9884,6.8985,115.03,1177.81,0.9411764705882352,-0.00257163991836018,-0.01233763395801546,0.0015971944350967604,0.0013780600548922717,prewar,0,0,0,0
2017-01-16,54.3,,,,,,,-0.0012883042179394621,,,,prewar,0,0,0,0
2017-01-17,54.68,52.45,117.2656,6.852,112.96,1161.61,0.9350163627863488,0.006973784915859316,,,,prewar,0,0,0,0
2017-01-18,53.77,51.12,117.7242,6.836,113.4,1170.73,0.9361542782250516,-0.01678232103416244,-0.02568452477302685,0.0039031530918842705,-0.0023378152085291592,prewar,0,0,0,0
2017-01-19,53.18,51.39,118.3182,6.868,115.3,1177.03,0.9407337723424272,-0.011033305006713068,0.005267790934858851,0.00503300469653567,0.004670177781884721,prewar,0,0,0,0
2017-01-20,55.04,52.33,,,,,,0.03437780781021438,0.01812621937997827,,,prewar,0,0,0,0
2017-01-23,54.8,52.77,117.2479,6.8514,112.9,1165.82,0.9310986964618247,-0.004369999671117952,0.008373027033460101,,,prewar,0,0,0,0
2017-01-24,54.7,52.38,117.0516,6.8555,113.63,1165.25,0.9303190994511118,-0.0018264845260347329,-0.007418008338010651,-0.001675633502675744,0.0005982388610523692,prewar,0,0,0,0
2017-01-25,54.34,52.14,116.9355,6.8812,113.6,1164.13,0.930838685655776,-0.0066031054297335245,-0.004592430574210216,-0.0009923624809040632,0.0037418055261744243,prewar,0,0,0,0
2017-01-26,55.89,53.24,117.2766,6.8768,114.7,1169.61,0.9372071227741332,0.028124869283405296,0.020877585021555234,0.0029127465332514646,-0.0006396278746927386,prewar,0,0,0,0
2017-01-27,54.8,53.18,117.0735,6.8768,115.16,1175.73,0.9354536950420954,-0.01969527932763704,-0.0011276077120374595,-0.0017333045801857239,0.0,prewar,0,0,0,0
2017-01-30,54.77,52.63,116.7325,6.8768,113.86,1171.27,0.9362419249133976,-0.0005475951583395755,-0.010396086449186104,-0.0029169503073998015,0.0,prewar,0,0,0,0
2017-01-31,55.25,52.75,116.2241,6.8768,112.72,1151.45,0.9264406151565684,0.008725741602232162,0.002277472990488416,-0.004364768434427013,0.0,prewar,0,0,0,0
2017-02-01,55.79,53.9,116.3914,6.8768,113.29,1154.45,0.9295408068414204,0.009726301459574316,0.02156670555877538,0.00143842546043782,0.0,prewar,0,0,0,0
2017-02-02,55.94,53.55,115.903,6.8768,112.48,1139.9,0.925754489909276,0.0026850459163769713,-0.006514681021193347,-0.004205015012530566,0.0,prewar,0,0,0,0
2017-02-03,55.92,53.81,115.6259,6.865,112.42,1134.65,0.926612305411416,-0.00035758984825928763,0.004843526607570592,-0.00239365480772058,-0.0017173882461198886,prewar,0,0,0,0
2017-02-06,55.02,53.01,116.0504,6.86,112.32,1134.87,0.9318796011555308,-0.01622534242912632,-0.014978748501613737,0.0036645999186033507,-0.0007285974821404917,prewar,0,0,0,0
2017-02-07,53.79,52.19,116.4082,6.8821,112.14,1142.89,0.9354536950420954,-0.02260917921127703,-0.015589669344393098,0.00307840004679516,0.003216396191617621,prewar,0,0,0,0
2017-02-08,54.42,52.37,116.1382,6.87,111.74,1143.25,0.9338812103100486,0.011644157069949035,0.0034430026360747767,-0.002322118263927031,-0.0017597316951536435,prewar,0,0,0,0
2017-02-09,53.98,52.99,116.306,6.866,113.24,1149.88,0.9382623381497466,-0.008118125765241846,0.011769308213274154,0.0014437876199844268,-0.0005824111987575709,prewar,0,0,0,0
2017-02-10,55.2,53.84,116.148,6.8775,113.22,1146.78,0.9389671361502347,0.02234934569319158,0.01591346883180167,-0.001359408952583685,0.0016735187810923424,prewar,0,0,0,0
2017-02-13,54.15,52.96,116.3427,6.8776,113.79,1150.16,0.943129303027445,-0.019204979836050295,-0.01647977370771958,0.0016749060974587948,1.4540061504586532e-05,prewar,0,0,0,0
2017-02-14,54.96,53.21,116.3949,6.8649,114.34,1139.33,0.9454476694714948,0.014847674467094674,0.0047094369795250834,0.0004485738520569882,-0.0018482814066465014,prewar,0,0,0,0
2017-02-15,54.57,53.11,116.2162,6.8685,114.17,1136.46,0.9436633009342266,-0.007121366715953759,-0.0018811141739698556,-0.001536470401931389,0.0005242693116720432,prewar,0,0,0,0
2017-02-16,54.16,53.41,116.0067,6.8517,113.36,1140.57,0.9380863039399624,-0.0075416525941212065,0.005632759917371111,-0.0018043014434470095,-0.0024489451168736576,prewar,0,0,0,0
2017-02-17,54.48,53.41,116.4035,6.864,112.86,1150.73,0.9421518748822312,0.005891033237237497,0.0,0.0034146555147156477,0.0017935655194118993,prewar,0,0,0,0
2017-02-20,55.25,,,,,,,0.014034678556605673,,,,prewar,0,0,0,0
2017-02-21,56.34,54.02,116.5921,6.881,113.48,1143.63,0.9477774618519572,0.01953642205036399,,,,prewar,0,0,0,0
2017-02-22,54.9,53.61,116.2136,6.8765,113.46,1142.15,0.9474182851729036,-0.02589141393274197,-0.007618730525023487,-0.003251641463206667,-0.0006541886477173797,prewar,0,0,0,0
2017-02-23,55.82,54.48,115.6527,6.8622,112.68,1129.84,0.9446438692612884,0.01661887959269137,0.016098044001810585,-0.0048381424477028645,-0.0020817115395366237,prewar,0,0,0,0
2017-02-24,54.69,53.99,115.8143,6.8645,112.26,1130.41,0.9451795841209828,-0.02045135074949478,-0.009034817611061285,0.0013963115801027826,0.00033511332243363334,prewar,0,0,0,0
2017-02-27,54.65,54.04,115.6764,6.8675,112.01,1130.14,0.9412650602409638,-0.0007316627361335648,0.0009256688618024533,-0.0011914086942752533,0.0004369356317692752,prewar,0,0,0,0
2017-02-28,53.36,54.0,116.0032,6.8665,112.06,1129.17,0.9417969485778864,-0.023887813015179393,-0.0007404665277235267,0.0028211393385122463,-0.000145623999092237,prewar,0,0,0,0
2017-03-01,55.72,53.82,116.438,6.8794,113.66,1140.75,0.946611132146914,0.0432777473042365,-0.0033389012655149486,0.003741165569040028,0.0018769238517748477,prewar,0,0,0,0
2017-03-02,54.16,52.63,116.8429,6.8868,114.45,1146.9,0.9511128019783148,-0.028396520307585327,-0.022358845933072136,0.0034713549767451113,0.0010750970802058113,prewar,0,0,0,0
2017-03-03,54.12,53.33,116.6438,6.8954,114.6,1156.77,0.9476876421531464,-0.000738825301432211,0.013212725246823265,-0.0017054508737146534,0.0012479866953298835,prewar,0,0,0,0
2017-03-06,54.73,53.19,116.4313,6.8955,113.92,1154.36,0.9446438692612884,0.011208201853239341,-0.0026286158582844443,-0.001823447111076959,1.4502316745268473e-05,prewar,0,0,0,0
2017-03-07,54.61,52.68,116.4303,6.9,113.99,1149.87,0.945000945000945,-0.0021949889917642906,-0.009634531879145758,-8.588792656638589e-06,0.0006523866709584603,prewar,0,0,0,0
2017-03-08,53.3,49.83,116.875,6.9113,114.58,1154.69,0.948136910969944,-0.024280684992263435,-0.05561866458176734,0.0038121769077452683,0.0016363416219209448,prewar,0,0,0,0
2017-03-09,50.65,48.75,116.9959,6.9086,114.71,1158.12,0.9446438692612884,-0.05099710047710637,-0.02191201484945715,0.0010339038398514688,-0.0003907408931109746,prewar,0,0,0,0
2017-03-10,50.63,48.05,116.616,6.905,115.02,1150.37,0.9374707040404988,-0.00039494471287460087,-0.014463062027554763,-0.0032524056769913656,-0.0005212254707682717,prewar,0,0,0,0
2017-03-13,50.1,47.95,116.4004,6.905,114.61,1150.37,0.9372071227741332,-0.010523277890998717,-0.0020833340868540162,-0.0018505140541611453,0.0,prewar,0,0,0,0
2017-03-14,49.6,47.24,116.5646,6.913,114.63,1148.54,0.9394081728511038,-0.010030174359937138,-0.01491781000028558,0.0014096540440879934,0.0011579101018726057,prewar,0,0,0,0
2017-03-15,50.63,48.34,116.3584,6.9132,114.66,1144.16,0.9407337723424272,0.020553452250935855,0.02301838394617528,-0.0017705426588765505,2.8930581072561523e-05,prewar,0,0,0,0
2017-03-16,50.56,48.3,115.4456,6.913,113.02,1148.54,0.9312721177127956,-0.0013835361432157356,-0.0008278146168101408,-0.007875659765210763,-2.8930581072561523e-05,prewar,0,0,0,0
2017-03-17,50.58,48.34,115.2783,6.9,112.67,1128.67,0.9309253397877488,0.0003954914032169299,0.0008278146168101408,-0.0014502184586957512,-0.0018822853599143041,prewar,0,0,0,0
2017-03-20,50.67,47.79,115.0426,6.905,112.59,1112.29,0.9298865538404316,0.0017777782459993396,-0.011442962685269897,-0.002046710327021195,0.0007243752580416984,prewar,0,0,0,0
2017-03-21,50.14,47.02,114.8119,6.883,111.9,1118.23,0.9250693802035151,-0.010514926757671184,-0.01624336947814342,-0.002007357501957685,-0.003191183445028445,prewar,0,0,0,0
2017-03-22,49.56,47.29,114.7937,6.8785,111.06,1117.91,0.9259259259259258,-0.011635035969205454,0.005725813543860703,-0.00015853271904564536,-0.0006539984973137347,prewar,0,0,0,0
2017-03-23,50.17,47.0,114.7899,6.8843,111.12,1117.91,0.9270418095856124,0.012233181735219922,-0.006151254945725881,-3.310340982842774e-05,0.0008428517951810655,prewar,0,0,0,0
2017-03-24,49.97,47.3,114.6372,6.8803,111.03,1116.69,0.9254118082546732,-0.003994413140048003,0.0063626937878287215,-0.001331141984080908,-0.0005812010683343694,prewar,0,0,0,0
2017-03-27,50.12,47.02,114.2347,6.8687,110.48,1108.3,0.9189487226612756,0.002997304671753742,-0.005937252385963543,-0.0035172549792843455,-0.0016873958473191397,prewar,0,0,0,0
2017-03-28,50.72,48.36,114.419,6.8779,110.56,1111.51,0.9214891264283082,0.011900180101103164,0.028099982634668397,0.0016120451137382474,0.0013385129957332875,prewar,0,0,0,0
2017-03-29,51.36,49.47,114.7167,6.8879,111.05,1112.28,0.9297136481963556,0.012539349252735033,0.02269339949302518,0.002598461675818342,0.0014528762235455073,prewar,0,0,0,0
2017-03-30,52.25,50.3,114.5245,6.887,111.36,1114.11,0.9323140033563304,0.017180231463215012,0.01663865186607616,-0.001676836842900542,-0.0001306724551584093,prewar,0,0,0,0
2017-03-31,52.2,50.54,114.7938,6.8832,111.41,1117.48,0.9347541596560104,-0.0009573959563273782,0.004760024854354672,0.002348701554103272,-0.0005519164712872726,prewar,0,0,0,0
2017-04-03,52.04,50.25,114.8734,6.8832,110.96,1117.65,0.938526513374003,-0.0030698412442888845,-0.005754555020863084,0.0006931769376494756,0.0,prewar,0,0,0,0
2017-04-04,53.08,50.99,115.0038,6.8832,110.74,1122.61,0.937734433608402,0.019787555819702263,0.01461898812787954,0.0011345188995415256,0.0,prewar,0,0,0,0
2017-04-05,53.41,51.14,114.9494,6.892,111.2,1126.58,0.937998311603039,0.0061977848876724195,0.0029374347959763014,-0.00047313976074114805,0.0012776585744092017,prewar,0,0,0,0
2017-04-06,53.62,51.69,115.0181,6.8955,111.02,1131.21,0.9388789784996716,0.003924138456134152,0.01069736934490706,0.0005974757480400328,0.0005077062665721499,prewar,0,0,0,0
2017-04-07,54.24,52.25,115.0547,6.8978,110.76,1133.89,0.9419743782969102,0.011496510824327011,0.010775551636972747,0.00031816016764008026,0.00033349525078363307,prewar,0,0,0,0
2017-04-10,54.79,53.06,115.11,6.8988,110.95,1141.24,0.9428625306430324,0.010089051918183767,0.015383457864673211,0.0004805254764441713,0.00014496325206958538,prewar,0,0,0,0
2017-04-11,54.73,53.38,115.009,6.8893,109.74,1147.77,0.9421518748822312,-0.0010956903944974172,0.006012795266784554,-0.0008778067563772751,-0.0013780000875078802,prewar,0,0,0,0
2017-04-12,54.75,53.12,114.9162,6.889,109.54,1138.83,0.9424182452172276,0.0003653635407836475,-0.004882638808199946,-0.0008072190872425722,-4.354673654183294e-05,prewar,0,0,0,0
2017-04-13,55.05,53.19,114.5059,6.8865,109.23,1133.32,0.9407337723424272,0.0054644944720791955,0.0013169035860478573,-0.003576817032318047,-0.0003629632358095325,prewar,0,0,0,0
2017-04-14,,,114.5368,6.8835,108.63,1136.67,0.9411764705882352,,,0.0002698186861005425,-0.0004357298543884447,prewar,0,0,0,0
2017-04-17,54.79,52.62,114.3283,6.88,108.46,1134.25,0.9380863039399624,,,-0.001822034531972605,-0.0005085915756086745,prewar,0,0,0,0
2017-04-18,52.6,52.46,114.2575,6.8778,108.4,1143.89,0.9340556697179152,-0.04079157580665971,-0.003045301173418835,-0.0006194610711958148,-0.00031981857837037886,prewar,0,0,0,0
2017-04-19,52.43,50.49,114.7923,6.886,109.06,1142.37,0.933968431867003,-0.0032371731592228947,-0.03827567756790362,0.004669735331264135,0.0011915315494501755,prewar,0,0,0,0
2017-04-20,50.66,50.26,114.6205,6.88,109.34,1136.29,0.9295408068414204,-0.03434230201091237,-0.004565764755378066,-0.0014977371107054438,-0.0008717129710797966,prewar,0,0,0,0
2017-04-21,49.93,49.64,114.8128,6.8845,109.08,1134.22,0.935103796521414,-0.014514620061011119,-0.012412571779039538,0.0016763045733139137,0.0006538559570379299,prewar,0,0,0,0
2017-04-24,49.45,48.9,114.3659,6.884,109.74,1132.19,0.9219988936013276,-0.00965996644379663,-0.01501956385558012,-0.0039000183389727994,-7.26295529971388e-05,prewar,0,0,0,0
2017-04-25,49.37,49.22,114.5111,6.8824,110.88,1126.54,0.9139932364500504,-0.0016191057979497714,0.006522648482083504,0.0012688039381796301,-0.00023245002429161943,prewar,0,0,0,0
2017-04-26,49.99,49.22,114.9479,6.8918,111.52,1133.17,0.919793966151582,0.01248003315470747,0.0,0.00380722070274242,0.001364870766977333,prewar,0,0,0,0
2017-04-27,49.46,48.96,114.9946,6.8958,111.13,1133.83,0.9204712812960236,-0.01065872333220863,-0.005296406758839467,0.00040618850923301864,0.0005802315286522752,prewar,0,0,0,0
2017-04-28,49.46,49.31,114.7877,6.89,111.44,1136.99,0.9178522257916476,0.0,0.007123262031964117,-0.0018008354509024826,-0.0008414455950638278,prewar,0,0,0,0
2017-05-01,50.41,48.83,114.5921,6.89,111.78,1134.87,0.9164222873900294,0.019025306001269282,-0.009782022162465598,-0.001705468811207922,0.0,prewar,0,0,0,0
2017-05-02,49.31,47.65,114.6792,6.8949,112.06,1129.16,0.9165902841429882,-0.02206266785850497,-0.024462247973358053,0.0007597985808969199,0.0007109228512904853,prewar,0,0,0,0
2017-05-03,48.82,47.79,114.6637,6.8968,112.34,1131.25,0.9157509157509156,-0.009986835271220684,0.002933782489856096,-0.00013516878022912238,0.0002755280367205959,prewar,0,0,0,0
2017-05-04,47.53,45.55,114.9076,6.8959,112.7,1134.2,0.911826388255676,-0.026778974338895978,-0.048005788884099676,0.0021248308631394153,-0.00013050381742196748,prewar,0,0,0,0
2017-05-05,47.45,46.23,114.7725,6.9021,112.63,1136.49,0.9094216078574028,-0.001684565569981089,0.01481831429416669,-0.0011764189895524524,0.0008986810287396896,prewar,0,0,0,0
2017-05-08,46.61,46.46,115.0895,6.904,112.84,1132.91,0.9150805270863837,-0.017861414671287434,0.004962789342128904,0.002758178393697186,0.0002752406562309684,prewar,0,0,0,0
2017-05-09,47.06,45.84,115.3933,6.906,114.19,1134.84,0.9195402298850576,0.009608272914567006,-0.013434654935778667,0.0026362069181766756,0.00028964518667362604,prewar,0,0,0,0
2017-05-10,48.09,47.28,115.1145,6.9011,114.02,1132.13,0.9197093718384992,0.02165087199035476,0.030930300691358603,-0.0024190082587409734,-0.0007097797807957829,prewar,0,0,0,0
2017-05-11,49.18,47.81,115.0669,6.9033,113.77,1127.51,0.9200478424878094,0.022412781498475365,0.01114744954016933,-0.00041358685522396854,0.00031873895549616726,prewar,0,0,0,0
2017-05-12,49.08,47.83,114.7479,6.8972,113.3,1121.68,0.9152480322167308,-0.0020354169453358217,0.00041823505419325,-0.0027761502294723073,-0.0008840259986615528,prewar,0,0,0,0
2017-05-15,51.29,48.86,114.3504,6.89,113.54,1115.01,0.91082976591675,0.044044181558466455,0.021306008137389032,-0.003470129624571605,-0.0010444471182722292,prewar,0,0,0,0
2017-05-16,51.21,48.64,113.9923,6.884,113.24,1115.0,0.9031791907514451,-0.0015609759267181111,-0.004512828171682859,-0.0031365162413719005,-0.000871206676274161,prewar,0,0,0,0
2017-05-17,51.76,49.04,113.7506,6.8773,111.46,1118.67,0.8981498113885397,0.010682824718185824,0.008190053970044353,-0.0021225697112337016,-0.0009737452899654109,prewar,0,0,0,0
2017-05-18,51.71,49.36,114.2683,6.888,110.82,1129.17,0.8984725965858041,-0.000966463784514815,0.006504087969176453,0.004540859459940982,0.001554634066102123,prewar,0,0,0,0
2017-05-19,52.78,50.32,113.7001,6.883,111.47,1116.71,0.8936550491510277,0.020481144667047868,0.01926223279505246,-0.004984911738784348,-0.000726163709202643,prewar,0,0,0,0
2017-05-22,53.35,50.81,113.5442,6.8828,111.15,1114.71,0.8899964400142399,0.01074164667258426,0.009690573213455789,-0.0013720918364823476,-2.9057519361552764e-05,prewar,0,0,0,0
2017-05-23,53.19,51.12,113.6862,6.888,111.64,1125.02,0.8930166101089481,-0.003003568993535932,0.0060826244636387194,0.00124983293155001,0.0007552212285641957,prewar,0,0,0,0
2017-05-24,53.29,50.99,113.675,6.8883,112.02,1122.83,0.894854586129754,0.0018782875544647304,-0.002546275002214937,-9.85216475735129e-05,4.35530585203292e-05,prewar,0,0,0,0
2017-05-25,52.25,48.57,113.3719,6.8672,111.7,1119.71,0.8914244963451596,-0.019708805463770407,-0.04862347870941086,-0.0026699345382406037,-0.00306786616976229,prewar,0,0,0,0
2017-05-26,50.84,49.58,113.4839,6.8525,111.3,1118.67,0.8952551477170994,-0.027356444523667367,0.020581470249390943,0.0009874114666654776,-0.0021429048193839506,prewar,0,0,0,0
2017-05-29,52.25,,,,,,,0.027356444523667367,,,,prewar,0,0,0,0
2017-05-30,50.65,49.63,113.5552,6.8525,110.68,1122.87,0.8942144326209425,-0.031100660150228165,,,,prewar,0,0,0,0
2017-05-31,49.4,48.29,113.2956,6.8098,110.71,1119.58,0.8899964400142399,-0.024988806500815475,-0.027370989713899174,-0.0022887299786606974,-0.006250798040271954,prewar,0,0,0,0
2017-06-01,50.41,48.32,113.3017,6.8029,111.24,1120.85,0.8917424647761727,0.020239143900662615,0.000621053741109101,5.3840006049910016e-05,-0.001013759296969896,prewar,0,0,0,0
2017-06-02,48.46,47.68,113.1908,6.8085,110.49,1117.49,0.8873114463176575,-0.03945085270615989,-0.013333530869465093,-0.0009792819529357288,0.0008228397249310238,prewar,0,0,0,0
2017-06-05,48.25,47.4,112.9755,6.803,110.49,1118.44,0.8888888888888888,-0.00434288760338486,-0.00588979405606338,-0.0019039093360611048,-0.0008081402195692089,prewar,0,0,0,0
2017-06-06,48.11,48.13,112.7095,6.7945,109.34,1118.53,0.8876264867743653,-0.0029057720736322956,0.015283454613987058,-0.002357268964919612,-0.0012502299845085219,prewar,0,0,0,0
2017-06-07,47.08,45.8,112.8191,6.7935,109.54,1124.16,0.8899964400142399,-0.021641773319286628,-0.04962159219487905,0.0009719388904816384,-0.0001471886961739166,prewar,0,0,0,0
2017-06-08,46.3,45.68,112.8351,6.799,110.1,1122.73,0.8915039671926541,-0.016706321299887694,-0.0026235257723841166,0.00014180990229206714,0.0008092698620814076,prewar,0,0,0,0
2017-06-09,46.64,45.82,112.9562,6.797,110.61,1123.51,0.8936550491510277,0.007316580950048834,0.00306011167759479,0.0010726720791431887,-0.00029420417982151115,prewar,0,0,0,0
2017-06-12,47.18,46.1,112.9837,6.7974,109.72,1130.55,0.8925383791503034,0.011511531937292041,0.00609227297725301,0.00024342756755935113,5.8847760859626064e-05,prewar,0,0,0,0
2017-06-13,46.95,46.41,112.6271,6.7981,110.12,1127.79,0.8933357155619082,-0.004886868325256977,0.006702003250481869,-0.003161198816403754,0.00010297524925428903,prewar,0,0,0,0
2017-06-14,45.47,44.79,112.0734,6.7888,109.16,1116.45,0.8867606632969762,-0.03203043781735282,-0.03553005303387602,-0.0049283479183763745,-0.0013689659086917327,prewar,0,0,0,0
2017-06-15,45.61,44.47,112.8708,6.8061,110.66,1129.91,0.896700143472023,0.0030742228866897925,-0.007170095696603429,0.007089787957303528,0.0025450734228642524,prewar,0,0,0,0
2017-06-16,45.7,44.73,112.6155,6.8097,110.84,1133.2,0.8933357155619082,0.001971307176550141,0.005829612922151561,-0.002264440093181719,0.0005287974388414884,prewar,0,0,0,0
2017-06-19,45.93,44.24,112.7576,6.818,111.34,1134.69,0.8960573476702508,0.005020200437543032,-0.011015060230677332,0.0012610202267282489,0.0012181073880821458,prewar,0,0,0,0
2017-06-20,43.98,43.34,113.2698,6.8285,111.46,1141.33,0.8989572096368212,-0.043383513211087354,-0.02055336110586614,0.004532201642382994,0.0015388564206308963,prewar,0,0,0,0
2017-06-21,44.62,42.48,113.3327,6.8275,111.58,1143.01,0.8974243919949744,0.014447203877771653,-0.020042619174529985,0.000555157172718701,-0.00014645577061922488,prewar,0,0,0,0
2017-06-22,44.46,42.53,113.1654,6.8275,111.36,1143.01,0.897021887334051,-0.003592280468335929,0.0011763323318589869,-0.0014772753539702421,0.0,prewar,0,0,0,0
2017-06-23,44.14,42.86,112.8665,6.8345,111.26,1132.99,0.8931761343336907,-0.007223507707460275,0.007729280779888548,-0.002644760976019178,0.0010247402448477771,prewar,0,0,0,0
2017-06-26,44.09,43.24,112.7633,6.8382,111.48,1132.48,0.8931761343336907,-0.0011334014587438546,0.008827002725576794,-0.0009147728464640181,0.0005412244970368629,prewar,0,0,0,0
2017-06-27,46.17,44.25,112.55,6.81,112.42,1137.77,0.8849557522123894,0.04609723714905112,0.023089378682930928,-0.001893364161994704,-0.004132418946186656,prewar,0,0,0,0
2017-06-28,46.45,44.74,112.0747,6.7984,112.18,1141.91,0.8799718409010912,0.006046228740950177,0.011012584608045106,-0.00423195409376298,-0.0017048297830108972,prewar,0,0,0,0
2017-06-29,47.02,44.88,111.998,6.784,112.32,1144.07,0.8756567425569177,0.01219657785207584,0.0031243051524572074,-0.0006845992661812517,-0.002120391888808193,prewar,0,0,0,0
2017-06-30,47.08,46.02,111.9896,6.7793,112.4,1143.75,0.8763473841030585,0.0012752392801522738,0.02508382339277926,-7.500415205097255e-05,-0.0006930467051708966,prewar,0,0,0,0
2017-07-03,49.13,,112.4268,6.7984,113.32,1149.26,0.8797395970792645,0.042621563788481254,,0.0038963333616379714,0.0028134385939790896,prewar,0,0,0,0
2017-07-04,49.15,,,,,,,0.0004070004126184301,,,,prewar,0,0,0,0
2017-07-05,47.58,45.11,112.6534,6.7995,113.2,1153.06,0.8821453775582216,-0.032464341718363876,,,,prewar,0,0,0,0
2017-07-06,48.53,45.52,112.4199,6.799,113.28,1156.55,0.8765010079761592,0.019769658542313273,0.009047838397771013,-0.002074880350273922,-7.353752255401247e-05,prewar,0,0,0,0
2017-07-07,46.47,44.25,112.3137,6.8039,114.1,1153.85,0.8775008775008776,-0.04337522032023822,-0.02829641836413721,-0.0009451190912725949,0.0007204346443676624,prewar,0,0,0,0
2017-07-10,46.57,44.4,112.1587,6.8026,114.08,1149.35,0.8775008775008776,0.002149613897399316,0.003384097984240775,-0.001381016326592821,-0.0001910851437114669,prewar,0,0,0,0
2017-07-11,46.68,45.06,112.1434,6.801,114.2,1149.83,0.8748906386701663,0.002359250424069259,0.014755465565919224,-0.00013642315452067066,-0.0002352318514773355,prewar,0,0,0,0
2017-07-12,46.73,45.48,111.5904,6.7865,113.19,1138.32,0.8763473841030585,0.0010705492939795391,0.009277733878236827,-0.0049433847379374285,-0.0021343154376187723,prewar,0,0,0,0
2017-07-13,47.65,46.06,111.5365,6.7825,113.39,1137.22,0.8783487044356609,0.019496273387876073,0.012672225510204083,-0.0004831331502241909,-0.0005895792049330772,prewar,0,0,0,0
2017-07-14,47.89,46.53,110.9075,6.7741,112.66,1127.79,0.8732099196646874,0.005024084254307226,0.010152371464017929,-0.005655371027791567,-0.0012392489377892613,prewar,0,0,0,0
2017-07-17,47.66,46.02,110.9304,6.769,112.76,1127.74,0.8718395815170008,-0.004814242683922387,-0.011021181249337264,0.00020645705789146263,-0.0007531510866898294,prewar,0,0,0,0
2017-07-18,47.92,46.4,110.4356,6.7451,111.89,1123.69,0.8637070305752289,0.0054404821365983125,0.008223374624989344,-0.004470431990803547,-0.0035370501797657994,prewar,0,0,0,0
2017-07-19,48.34,47.1,110.4339,6.7511,111.77,1122.92,0.8682062858135093,0.008726421468142842,0.014973541790162859,-1.5393705333544005e-05,0.0008891392236753948,prewar,0,0,0,0
2017-07-20,48.54,46.73,110.2512,6.757,111.68,1120.77,0.8595495960116899,0.004128825023118399,-0.007886644310037383,-0.001655753304047991,0.0008735499996572749,prewar,0,0,0,0
2017-07-21,47.47,45.78,110.191,6.7663,111.18,1117.47,0.858000858000858,-0.022290267735228575,-0.020539042187914358,-0.0005461749292692275,0.0013754041492972657,prewar,0,0,0,0
2017-07-24,47.81,46.21,110.2004,6.7488,111.1,1113.82,0.8589589417625838,0.0071368900747854624,0.009348910357754647,8.530278409857317e-05,-0.0025896974170163123,prewar,0,0,0,0
2017-07-25,49.19,47.77,110.2835,6.7495,111.57,1117.02,0.8579272477693892,0.028455528169236022,0.033201602519695506,0.0007537965714030648,0.00010371676442622046,prewar,0,0,0,0
2017-07-26,50.08,48.58,110.3811,6.753,112.1,1117.76,0.859697386519945,0.017931375984594933,0.01681409617215568,0.000884600487477627,0.0005184225259602382,prewar,0,0,0,0
2017-07-27,50.67,49.05,110.216,6.741,111.62,1115.15,0.8579272477693892,0.01171229269597518,0.009628262437345825,-0.001496846792874429,-0.0017785687214031398,prewar,0,0,0,0
2017-07-28,52.0,49.72,109.92,6.7362,110.87,1121.49,0.8507742045261187,0.025909699093609184,0.013567080631138317,-0.0026892482682594476,-0.000712314160649985,prewar,0,0,0,0
2017-07-31,51.99,50.21,109.8177,6.724,110.38,1121.86,0.8455944529003889,-0.00019232618580300453,0.009806943404103485,-0.0009311102044922137,-0.0018127521642825606,prewar,0,0,0,0
2017-08-01,50.77,49.19,109.8495,6.717,110.33,1121.09,0.8475294516484448,-0.02374576343632162,-0.020523859239365727,0.00028952888935762644,-0.0010415892616417732,prewar,0,0,0,0
2017-08-02,52.09,49.6,109.7503,6.72,110.43,1121.55,0.8430992327796982,0.025667362797797466,0.008300482923633723,-0.0009034617221654884,0.0004465282503307577,prewar,0,0,0,0
2017-08-03,52.88,49.03,109.8332,6.715,110.12,1127.73,0.8417508417508418,0.01505220378633032,-0.011558478067740019,0.0007550658764303719,-0.0007443245598572901,prewar,0,0,0,0
2017-08-04,52.48,49.57,110.2808,6.7272,110.76,1128.02,0.8507742045261187,-0.00759305090759721,0.010953456369340753,0.004066989077993632,0.0018151795613501331,prewar,0,0,0,0
2017-08-07,51.42,49.37,110.373,6.7207,110.76,1127.39,0.848320325755005,-0.02040494279808991,-0.004042859761711259,0.0008356983234909521,-0.000966693759796744,prewar,0,0,0,0
2017-08-08,52.18,49.07,110.396,6.7049,110.74,1125.6,0.8529512111907198,0.014672077870838685,-0.006095102168959254,0.00020836258789280748,-0.002353713397432955,prewar,0,0,0,0
2017-08-09,52.16,49.59,110.3671,6.672,110.04,1138.69,0.8512087163772557,-0.00038336209018474676,0.010541350399230431,-0.0002618191189114327,-0.004918937322875738,prewar,0,0,0,0
2017-08-10,52.59,48.54,110.1886,6.646,109.37,1144.36,0.8509914049868096,0.008210069982855561,-0.021401000202587284,-0.001618639091825358,-0.003904495124043006,prewar,0,0,0,0
2017-08-11,51.47,48.81,110.0422,6.6612,109.06,1141.57,0.8466683600033866,-0.02152687393658992,0.0055470096006007275,-0.001329514505371776,0.0022844785695763647,prewar,0,0,0,0
2017-08-14,51.29,47.59,110.095,6.6695,109.48,1137.22,0.8484642796538265,-0.0035033122634859915,-0.02531255476603711,0.0004797008503105715,0.0012452460969827328,prewar,0,0,0,0
2017-08-15,49.9,47.57,110.4846,6.6845,110.42,1135.47,0.8520790729379687,-0.02747479864370428,-0.0004203446888286777,0.003532515292806515,0.002246518842078382,prewar,0,0,0,0
2017-08-16,50.39,46.8,110.4394,6.69,110.8,1137.75,0.8544817568144921,0.009771739935033885,-0.01631910752058907,-0.00040919049655663287,0.0008224606990969718,prewar,0,0,0,0
2017-08-17,50.37,47.07,110.1673,6.673,109.88,1138.23,0.8520790729379687,-0.0003969829349474985,0.005752652489449783,-0.0024668347605363294,-0.0025443402186675623,prewar,0,0,0,0
2017-08-18,50.96,48.59,110.041,6.67,109.32,1139.83,0.8512087163772557,0.011645251506348764,0.031781893004760864,-0.0011470958528727593,-0.0004496739939372496,prewar,0,0,0,0
2017-08-21,51.94,47.39,109.7349,6.663,108.89,1137.14,0.8464533604198409,0.019048194970694432,-0.025006512438314754,-0.0027855665514628924,-0.001050026347132027,prewar,0,0,0,0
2017-08-22,52.29,47.65,109.8386,6.66,109.4,1131.79,0.8501955449753444,0.006715941965436567,0.005471394120713846,0.0009445584982703537,-0.00045034902810248134,prewar,0,0,0,0
2017-08-23,52.31,48.45,109.8095,6.6569,109.14,1128.59,0.8473140145738011,0.00038240918248089173,0.016649708236564198,-0.0002649692865110964,-0.0004655738281424959,prewar,0,0,0,0
2017-08-24,51.73,47.24,109.7524,6.66,109.34,1127.8,0.8473858147614609,-0.01114967336709638,-0.025291347007613485,-0.0005201266821543982,0.0004655738281424959,prewar,0,0,0,0
2017-08-25,51.87,47.65,109.3415,6.6465,109.24,1121.73,0.8421761832575375,0.00270270434788511,0.008641638771049287,-0.003750907549287419,-0.0020290842267809417,prewar,0,0,0,0
2017-08-28,51.87,46.4,109.1815,6.6084,109.22,1117.75,0.8352125615969264,0.0,-0.02658317086800155,-0.0014643770092117592,-0.005748833251217889,prewar,0,0,0,0
2017-08-29,51.64,46.46,109.0946,6.5945,109.02,1122.5,0.8316008316008316,-0.0044440223848667415,0.0012922681100535627,-0.0007962393005120916,-0.0021055987904965434,prewar,0,0,0,0
2017-08-30,51.91,45.96,109.4052,6.5918,110.2,1122.05,0.8384338056510438,0.005214883860695796,-0.010820274361707849,0.002843025112238884,-0.00040951594271820824,prewar,0,0,0,0
2017-08-31,52.69,47.26,109.3686,6.5888,110.06,1122.36,0.8407600470825626,0.014914234382056524,0.027892818778206596,-0.0003345921709225763,-0.0004552144897509436,prewar,0,0,0,0
2017-09-01,53.15,47.32,109.0504,6.5552,110.09,1119.12,0.8418925745074929,0.00869242056676267,0.001268767351424227,-0.002913667996943481,-0.005112610040863608,prewar,0,0,0,0
2017-09-04,52.6,,,,,,,-0.010401985044292683,,,,prewar,0,0,0,0
2017-09-05,53.63,48.63,108.8664,6.5345,108.94,1130.01,0.8395600705230459,0.01939249325116954,,,,prewar,0,0,0,0
2017-09-06,54.48,49.13,108.4897,6.5221,108.75,1132.49,0.8373105584861426,0.015725048846423118,0.01022922176486274,-0.00346620478705173,-0.0018994230853466298,prewar,0,0,0,0
2017-09-07,54.16,49.1,107.9224,6.483,108.26,1125.49,0.8313934153641502,-0.005891033237237497,-0.0006108113800822323,-0.005242787251163783,-0.0060130437767484946,prewar,0,0,0,0
2017-09-08,54.55,47.44,107.808,6.4773,107.72,1133.08,0.8304958059961798,0.0071750836750603675,-0.03439328011100473,-0.001060583123411618,-0.0008796093250176273,prewar,0,0,0,0
2017-09-11,54.2,48.06,108.153,6.5254,109.03,1129.75,0.8358408559010365,-0.006436803833479221,0.012984475618852631,0.0031950240412399467,0.007398497143976002,prewar,0,0,0,0
2017-09-12,55.06,48.21,108.3239,6.5334,110.01,1126.56,0.8355614973262031,0.015742591268860906,0.003116238109208247,0.0015789216817534424,0.0012252275861164286,prewar,0,0,0,0
2017-09-13,55.52,49.3,108.6628,6.54,110.58,1129.37,0.8404773911581779,0.008319816484087639,0.022357612631113355,0.003123696296293055,0.0010096838711739498,prewar,0,0,0,0
2017-09-14,56.76,49.86,108.618,6.552,110.66,1132.59,0.8413259296651522,0.022088536093292532,0.011294997046767286,-0.0004123696215669881,0.0018331810816609728,prewar,0,0,0,0
2017-09-15,56.18,49.9,108.3147,6.55,110.84,1130.68,0.8361903169161301,-0.010271030615744081,0.0008019246620611931,-0.0027962607539304685,-0.0003052969036076991,prewar,0,0,0,0
2017-09-18,55.5,49.88,108.6401,6.5725,111.48,1127.07,0.8376612497905848,-0.012177800923709015,-0.0004008819456369217,0.0029997054133126255,0.003429227974738547,prewar,0,0,0,0
2017-09-19,56.58,49.54,108.6142,6.58,111.49,1128.83,0.8347245409015025,0.019272545121032714,-0.006839696750622348,-0.00023843026465009132,0.0011404677153268317,prewar,0,0,0,0
2017-09-20,57.2,50.29,108.4329,6.57,111.5,1125.53,0.833472245374229,0.010898332512330633,0.01502582612265968,-0.0016706055244801732,-0.0015209128407067674,prewar,0,0,0,0
2017-09-21,57.73,50.58,108.9267,6.5861,112.3,1130.87,0.8371002846140967,0.009223070687090384,0.005749991057945714,0.004543630458686998,0.002447535065430717,prewar,0,0,0,0
2017-09-22,58.16,50.33,108.7542,6.5899,112.01,1130.39,0.8354916868577157,0.00742086415242138,-0.004954920453550393,-0.0015848890381118252,0.0005768063305033877,prewar,0,0,0,0
2017-09-25,59.42,51.85,109.3302,6.6189,111.64,1134.59,0.8437394532568343,0.02143303680919839,0.029753613887267605,0.005282370856096286,0.00439101910784534,prewar,0,0,0,0
2017-09-26,59.77,51.59,109.7769,6.6371,112.16,1136.29,0.8494733265375467,0.005872992801700505,-0.005027079418977731,0.004077463659478475,0.0027459280983477274,prewar,0,0,0,0
2017-09-27,58.74,52.14,110.0722,6.64,112.76,1141.62,0.8512811781731505,-0.01738293706568861,0.010604553248797277,0.002686389688115298,0.00043684238969610156,prewar,0,0,0,0
2017-09-28,58.8,51.62,110.2415,6.6591,112.66,1145.08,0.8491847826086957,0.001020929134107007,-0.010023214214887943,0.0015368997327422917,0.0028723767972451686,prewar,0,0,0,0
2017-09-29,57.02,51.67,110.0867,6.6533,112.64,1142.57,0.8465250148141877,-0.030739771420054574,0.0009681480086256578,-0.0014051766906941765,-0.0008713681029697273,prewar,0,0,0,0
2017-10-02,55.67,50.59,110.3686,6.6533,112.6,1146.18,0.8514261387824605,-0.02396068128911022,-0.02112341399524853,0.002557435939591457,0.0,prewar,0,0,0,0
2017-10-03,56.12,50.44,110.3281,6.6533,112.8,1140.5,0.8504124500382686,0.008050853038843897,-0.0029694172071264013,-0.00036701953816820065,0.0,prewar,0,0,0,0
2017-10-04,56.0,50.0,110.2425,6.6533,112.84,1140.44,0.8503401360544218,-0.0021405644991103756,-0.008761505668572589,-0.0007761687577350074,0.0,prewar,0,0,0,0
2017-10-05,57.09,50.79,110.5823,6.6533,112.74,1139.03,0.8542627712284298,0.01927727924101852,0.015676479385007713,0.003077555312600566,0.0,prewar,0,0,0,0
2017-10-06,55.5,49.34,110.7841,6.6533,112.68,1143.46,0.8523695874531196,-0.028245949223779654,-0.028964373711942937,0.0018232220960445744,0.0,prewar,0,0,0,0
2017-10-09,55.29,49.58,,,,,,-0.0037909604025472277,0.004852415505833818,,,prewar,0,0,0,0
2017-10-10,56.62,50.93,110.3034,6.5712,112.15,1132.08,0.8471704506946799,0.023770219333912657,0.026864614289468847,,,prewar,0,0,0,0
2017-10-11,56.13,51.3,110.3037,6.587,112.35,1131.04,0.8440955516164429,-0.008691850729645623,0.007238611280210527,2.7197674059564747e-06,0.0024015454383987667,prewar,0,0,0,0
2017-10-12,56.13,50.61,110.3152,6.5855,112.38,1129.71,0.8445945945945946,0.0,-0.013541566950737494,0.00010425217431908607,-0.00022774720159168815,prewar,0,0,0,0
2017-10-13,56.86,51.43,110.2669,6.5785,111.94,1125.01,0.8448086508405847,0.01292167726874549,0.01607247456083849,-0.0004379321873528852,-0.001063506633208311,prewar,0,0,0,0
2017-10-16,57.49,51.86,110.5432,6.5885,111.72,1127.72,0.8467400508044031,0.011018913412345732,0.008326120323693509,0.0025026042215117172,0.0015189491794138643,prewar,0,0,0,0
2017-10-17,57.63,51.87,110.9141,6.622,112.32,1129.86,0.8507742045261187,0.002432245813375644,0.00019280825279022196,0.0033496330605737867,0.0050717341218846634,prewar,0,0,0,0
2017-10-18,58.05,52.05,110.7214,6.625,112.94,1130.94,0.8492569002123143,0.007261442695325471,0.0034642066976693364,-0.0017388915454095155,0.0004529327472315714,prewar,0,0,0,0
2017-10-19,57.82,51.29,110.4577,6.6126,112.54,1129.06,0.8444519506840061,-0.003969971555700447,-0.014708993659800829,-0.002384494058848219,-0.0018734519288718943,prewar,0,0,0,0
2017-10-20,57.89,51.63,111.0375,6.6185,113.5,1130.69,0.8496176720475785,0.0012099215027134846,0.006607097490380465,0.005235339856578314,0.000891838228274322,prewar,0,0,0,0
2017-10-23,57.69,51.91,111.2134,6.638,113.66,1129.73,0.8501955449753444,-0.003460809822115607,0.005408550947580082,0.0015828960578101459,0.00294195512609452,prewar,0,0,0,0
2017-10-24,57.84,52.32,111.4027,6.6335,113.92,1128.36,0.8499065102838687,0.002596729581711088,0.007867257309805531,0.0017006860296859827,-0.000678144922948487,prewar,0,0,0,0
2017-10-25,58.45,51.97,111.3904,6.635,113.7,1126.49,0.8473140145738011,0.010491110067568421,-0.006712078128592758,-0.00011041634604058714,0.00022609940933637773,prewar,0,0,0,0
2017-10-26,58.75,52.41,111.6418,6.6392,113.72,1123.0,0.8547008547008548,0.005119465106190546,0.008430783793724306,0.0022543839541828703,0.0006328065179304065,prewar,0,0,0,0
2017-10-27,60.15,53.92,112.1495,6.6498,113.82,1124.79,0.8635578583765113,0.0235502893964199,0.028404053789977013,0.004537270850065056,0.0015953047254240182,prewar,0,0,0,0
2017-10-30,60.65,54.11,111.901,6.6498,113.26,1124.79,0.860141063134354,0.008278192969370934,0.003517545050592208,-0.0022182508130823564,0.0,prewar,0,0,0,0
2017-10-31,61.35,54.36,111.8052,6.6328,113.63,1115.68,0.8585164835164835,0.011475535766861888,0.004609577628298833,-0.000856480561166606,-0.0025597412076534543,prewar,0,0,0,0
2017-11-01,60.98,54.32,111.7942,6.6018,114.04,1110.03,0.8607333448097779,-0.006049229596811756,-0.0007361060325021818,-9.839024620728054e-05,-0.004684698698086853,prewar,0,0,0,0
2017-11-02,60.79,54.55,111.5474,6.6068,113.84,1111.54,0.8567511994516792,-0.0031206397994782975,0.004225229028639088,-0.0022100683478205596,0.00075708254301321,prewar,0,0,0,0
2017-11-03,61.42,55.63,111.9383,6.636,114.25,1114.86,0.8608815426997245,0.010310213252045841,0.019604911808122072,0.003498213967484176,0.004409950663399886,prewar,0,0,0,0
2017-11-06,64.27,57.34,111.7197,6.6311,113.9,1110.09,0.8620689655172414,0.04535744437051825,0.030275836368022446,-0.0019547708519995766,-0.0007386693735329519,prewar,0,0,0,0
2017-11-07,64.36,57.19,111.9446,6.638,113.9,1113.1,0.8637816360024186,0.0013993627409876197,-0.002619402527999526,0.0020110502730865676,0.0010400103431178476,prewar,0,0,0,0
2017-11-08,63.96,56.82,111.6935,6.6249,113.62,1111.14,0.862738331464067,-0.006234434158429281,-0.006490681501182927,-0.002245593264459167,-0.001975435879040255,prewar,0,0,0,0
2017-11-09,64.49,57.16,111.5626,6.6378,113.4,1118.13,0.8585164835164835,0.008252285056532749,0.0059659766356245925,-0.0011726444652575552,0.0019453058680405366,prewar,0,0,0,0
2017-11-10,64.35,56.75,,,,,,-0.002173238980150316,-0.007198696700154272,,,prewar,0,0,0,0
2017-11-13,62.94,56.77,111.7833,6.6385,113.62,1119.96,0.8579272477693892,-0.02215504240587496,0.00035236082112266587,,,prewar,0,0,0,0
2017-11-14,60.91,55.67,111.5097,6.635,113.5,1113.65,0.8500510030601837,-0.03278452678786792,-0.019566614987218678,-0.002450593049698746,-0.0005273665696488017,prewar,0,0,0,0
2017-11-15,61.25,55.28,111.4809,6.62,113.15,1103.9,0.8478887569950823,0.00556648457644382,-0.007030222736001512,-0.00025830685383265717,-0.002263297835253919,prewar,0,0,0,0
2017-11-16,61.18,55.14,111.2568,6.6273,112.89,1094.49,0.8494733265375467,-0.001143510702079631,-0.0025357738637641347,-0.0020122330042608993,0.001102111485195012,prewar,0,0,0,0
2017-11-17,61.34,56.21,111.0016,6.6245,111.98,1093.15,0.8475294516484448,0.002611819963348694,0.019219271418332795,-0.0022964271510224066,-0.00042258410807116675,prewar,0,0,0,0
2017-11-20,61.34,56.21,111.2599,6.6245,112.49,1093.15,0.8517162081594414,0.0,0.0,0.0023242902282669675,0.0,prewar,0,0,0,0
2017-11-21,62.28,56.84,110.9828,6.6265,112.46,1088.1,0.8517162081594414,0.015208188279691726,0.011145626214916327,-0.00249367150050972,0.00030186401255560824,prewar,0,0,0,0
2017-11-22,62.92,57.88,110.5632,6.6086,111.62,1085.66,0.8482483671218932,0.010223731224280108,0.018131598534383286,-0.00378793119005838,-0.0027049302104249495,prewar,0,0,0,0
2017-11-23,63.27,,,,,,,0.0055472049687157465,,,,prewar,0,0,0,0
2017-11-24,63.58,58.94,110.0253,6.5998,111.54,1082.59,0.8378016085790885,0.004887672323863335,,,,prewar,0,0,0,0
2017-11-27,63.25,58.1,110.1136,6.5967,111.0,1088.36,0.8395600705230459,-0.005203827875027045,-0.014354313451682366,0.0008022208227220773,-0.000469821552233185,prewar,0,0,0,0
2017-11-28,63.56,57.96,110.3018,6.6044,111.13,1079.87,0.8418925745074929,0.004889214060885827,-0.0024125464053845747,0.0017076850867550064,0.001166569584842625,prewar,0,0,0,0
2017-11-29,63.74,57.25,110.3265,6.6091,111.75,1079.33,0.8433125316242199,0.002827967320675029,-0.012325475018132082,0.00022390600030153252,0.0007113936804352683,prewar,0,0,0,0
2017-11-30,63.53,57.4,110.4648,6.609,112.3,1084.79,0.8404773911581779,-0.0033000737107489186,0.0026166608911717404,0.0012527669168811428,-1.5130767659687905e-05,prewar,0,0,0,0
2017-12-01,64.57,58.35,110.1413,6.6137,111.88,1082.36,0.8396305625524769,0.016237671359934147,0.016415055407043688,-0.002932831248837253,0.0007108987117514509,prewar,0,0,0,0
2017-12-04,63.45,57.48,110.397,6.6185,112.8,1082.36,0.8440243079000674,-0.01749771247797849,-0.015022297521740668,0.002318872636440261,0.0007255029716211059,prewar,0,0,0,0
2017-12-05,63.45,57.66,110.4905,6.617,112.76,1086.85,0.8460236886632826,0.0,0.0031266309994322228,0.0008465848505174733,-0.00022666314176600366,prewar,0,0,0,0
2017-12-06,62.25,55.79,110.8711,6.6136,112.32,1094.55,0.848320325755005,-0.01909365881558056,-0.032969050352819274,0.0034387208535102687,-0.0005139600735937222,prewar,0,0,0,0
2017-12-07,62.37,56.5,111.0178,6.6173,112.7,1090.68,0.8481764206955046,0.0019258551932148649,0.01264599629495855,0.001322283551584924,0.0005592968122276609,prewar,0,0,0,0
2017-12-08,63.86,57.15,111.2273,6.6199,113.55,1092.03,0.8502678343678259,0.023608796748604277,0.011438752088424486,0.0018853064661810137,0.00039283232608644525,prewar,0,0,0,0
2017-12-11,65.62,57.84,111.0827,6.6175,113.34,1092.03,0.8473140145738011,0.027187340246319636,0.012001187609689268,-0.0013008863334285081,-0.0003626089755235373,prewar,0,0,0,0
2017-12-12,64.96,57.12,111.5214,6.621,113.62,1090.09,0.8528784648187633,-0.010108831679533026,-0.012526259819180652,0.003941531786325392,0.000528760823589769,prewar,0,0,0,0
2017-12-13,63.66,56.59,111.2759,6.6171,113.19,1088.01,0.8501955449753444,-0.02021527399947587,-0.009322026876896317,-0.00220379779611779,-0.0005892084381942109,prewar,0,0,0,0
2017-12-14,63.72,57.0,111.0893,6.6091,112.56,1088.09,0.8490405841399219,0.0009420631879013541,0.007218976680118061,-0.0016783205627559639,-0.00120972024853927,prewar,0,0,0,0
2017-12-15,63.81,57.29,111.1286,6.6088,112.68,1086.39,0.8490405841399219,0.0014114328384078334,0.005074820585936557,0.0003537068832866197,-4.539298981720563e-05,prewar,0,0,0,0
2017-12-18,64.45,57.17,110.9086,6.6088,112.4,1084.28,0.8471704506946799,0.009979811504940983,-0.002096803144606696,-0.001981650570209048,0.0,prewar,0,0,0,0
2017-12-19,63.69,57.49,111.1255,6.6088,112.98,1084.29,0.845880561664693,-0.011862165001922165,0.005581734359319412,0.001953754571888844,0.0,prewar,0,0,0,0
2017-12-20,64.43,58.09,110.8361,6.5771,113.29,1078.14,0.8416799932665601,0.011551798767277077,0.010382512369242036,-0.002607659739258139,-0.004808175561999528,prewar,0,0,0,0
2017-12-21,64.64,58.34,110.8786,6.5833,113.42,1078.08,0.8423180592991913,0.0032540510622887098,0.0042944324351337215,0.0003833755769964142,0.0009422206709046588,prewar,0,0,0,0
2017-12-22,64.61,58.25,111.0997,6.575,113.3,1076.87,0.8446659346228567,-0.00046421664276596886,-0.0015438719937650447,0.0019920872726562067,-0.0012615613112352264,prewar,0,0,0,0
2017-12-25,,,,,,,,,,,,prewar,0,0,0,0
2017-12-26,,59.55,110.9758,6.5429,113.2,1073.75,0.8426729586247577,,,,,prewar,0,0,0,0
2017-12-27,66.03,59.67,110.8553,6.556,113.28,1073.13,0.8401949252226517,,0.002013085732681219,-0.0010864122465434889,0.0020001686198691804,prewar,0,0,0,0
2017-12-28,66.8,59.84,110.5154,6.5322,112.85,1068.64,0.8366800535475234,0.011593896336120402,0.0028449521322313487,-0.003070869515355845,-0.003636867748531003,prewar,0,0,0,0
2017-12-29,66.73,60.46,110.0783,6.5063,112.69,1067.42,0.8318083513558476,-0.0010484536270851663,0.010307655685090289,-0.003962947011203255,-0.003972854863091291,prewar,0,0,0,0
2018-01-01,,,,,,,,,,,,prewar,0,0,0,0
2018-01-02,66.65,60.37,109.6445,6.491,112.18,1059.39,0.8298755186721991,,,,,prewar,0,0,0,0
2018-01-03,67.85,61.61,109.6751,6.501,112.28,1063.11,0.8312551953449708,0.01784433965616028,0.020331902218144293,0.0002790448295417747,0.00153940917100015,prewar,0,0,0,0
2018-01-04,68.73,61.98,109.4777,6.4915,112.78,1061.5,0.8289124668435014,0.012886398852636205,0.00598755733312295,-0.0018014832882435883,-0.0014623824041606337,prewar,0,0,0,0
2018-01-05,68.01,61.49,109.3496,6.4875,113.18,1060.07,0.8306337735692333,-0.010531031945967051,-0.00793719239422419,-0.0011707864113175148,-0.0006163803261640677,prewar,0,0,0,0
2018-01-08,68.48,61.73,109.5681,6.497,113.08,1066.26,0.8352125615969264,0.006886978645939124,0.0038954764404266484,0.0019961846169200825,0.001463283406387017,prewar,0,0,0,0
2018-01-09,69.08,62.92,109.9025,6.5263,112.57,1068.8,0.8387854386847845,0.008723521444991889,0.019094041784272875,0.003047335349489977,0.004499635182437123,prewar,0,0,0,0
2018-01-10,69.79,63.6,109.628,6.5055,111.48,1067.55,0.8362602441879913,0.010225479750582522,0.010749392155998905,-0.0025007927651001793,-0.003192194119437719,prewar,0,0,0,0
2018-01-11,70.36,63.81,109.4888,6.4956,111.35,1062.67,0.8309098462816784,0.00813418684029621,0.0032964475341792365,-0.0012705554181700052,-0.0015229483525980303,prewar,0,0,0,0
2018-01-12,69.64,64.22,108.901,6.4607,111.23,1062.09,0.8244023083264632,-0.010285804969369039,0.006404770781112568,-0.005383048287050052,-0.005387353551584706,prewar,0,0,0,0
2018-01-15,70.31,,,,,,,0.009574921311082285,,,,prewar,0,0,0,0
2018-01-16,69.4,63.82,108.3218,6.4395,110.74,1064.19,0.8167265599477296,-0.013027168698311442,,,,prewar,0,0,0,0
2018-01-17,69.19,63.92,108.1526,6.433,110.81,1066.72,0.8177283506419167,-0.003030524002038959,0.0015656806079213936,-0.0015632336614039843,-0.0010099049217247025,prewar,0,0,0,0
2018-01-18,69.48,63.96,108.0655,6.4175,110.88,1069.35,0.8171269815329302,0.004182597862184778,0.0006255865077342548,-0.000805668024197459,-0.0024123586657047724,prewar,0,0,0,0
2018-01-19,68.56,63.38,107.9455,6.399,110.56,1065.81,0.8171269815329302,-0.013329667083380237,-0.00910953370297829,-0.0011110546439248026,-0.002886905605835377,prewar,0,0,0,0
2018-01-22,69.32,63.66,108.107,6.4035,111.15,1068.06,0.8176614881439084,0.011024190557880509,0.004408067591171516,0.0014950072790638202,0.0007029877266662155,prewar,0,0,0,0
2018-01-23,69.81,64.45,107.9979,6.4,110.46,1072.59,0.8145312372729494,0.007043801134905436,0.01233330753125017,-0.0010096949145417256,-0.0005467255183631003,prewar,0,0,0,0
2018-01-24,69.91,65.69,107.0802,6.365,109.15,1065.39,0.8071025020177562,0.001431434541583343,0.01905697751918467,-0.008533696077901887,-0.005483758356256363,prewar,0,0,0,0
2018-01-25,71.08,65.62,106.5052,6.3189,108.7,1057.57,0.800768737988469,0.01659730276255722,-0.001066179371425946,-0.005384276164233093,-0.007269089632084391,prewar,0,0,0,0
2018-01-26,70.08,66.27,106.6911,6.3199,108.38,1064.12,0.8050233456770246,-0.014168556658314735,0.009856778567179703,0.0017439331462592023,0.00015824287148880067,prewar,0,0,0,0
2018-01-29,68.41,65.71,107.1142,6.3328,109.12,1071.28,0.8095854922279793,-0.024118433855229604,-0.008486185190358597,0.003957811637933517,0.0020390911773351394,prewar,0,0,0,0
2018-01-30,67.78,64.64,107.1064,6.3199,108.9,1073.61,0.8071025020177562,-0.009251846594001023,-0.016417706696936207,-7.282212824932799e-05,-0.0020390911773351394,prewar,0,0,0,0
2018-01-31,67.78,64.82,106.7696,6.2841,109.31,1068.33,0.804634695848085,0.0,0.0027807835005608794,-0.0031494910920484287,-0.005680751551081276,prewar,0,0,0,0
2018-02-01,68.6,65.92,106.4877,6.2969,109.5,1069.33,0.801153661272232,0.012025368552934346,0.0168276878878153,-0.002643756290582111,0.002034815104761778,prewar,0,0,0,0
2018-02-02,67.45,65.5,107.1151,6.2984,110.4,1086.21,0.8034709946970915,-0.01690595207807455,-0.006391742960009772,0.005874471722902896,0.00023818408566556037,prewar,0,0,0,0
2018-02-05,67.69,64.18,107.33,6.285,110.09,1086.79,0.8052826542116283,0.0035518758667505423,-0.020358506959495593,0.0020042432486224726,-0.002129790845909696,prewar,0,0,0,0
2018-02-06,66.75,63.48,107.5204,6.283,109.18,1081.2,0.80768920119538,-0.013984161240157,-0.01096674002350273,0.0017723965125817642,-0.0003182686214007191,prewar,0,0,0,0
2018-02-07,65.74,61.91,107.7175,6.2649,109.53,1082.56,0.814265939255761,-0.0152467290442857,-0.02504317812706791,0.0018314623502053706,-0.002884946892106832,prewar,0,0,0,0
2018-02-08,64.26,61.3,108.3025,6.3222,109.0,1093.04,0.8171269815329302,-0.022770214548360812,-0.009901874588974735,0.005416178410146522,0.00910462232269671,prewar,0,0,0,0
2018-02-09,63.04,59.2,108.2582,6.2966,108.44,1087.99,0.8179290037624735,-0.019167908138088663,-0.03485830105220522,-0.00040912317533070564,-0.004057443674633898,prewar,0,0,0,0
2018-02-12,62.2,59.41,108.0332,6.325,108.72,1082.27,0.8151952392598028,-0.01341444580449025,0.0035410204776891163,-0.0020805272993849044,0.004500229436817937,prewar,0,0,0,0
2018-02-13,61.94,59.33,107.7574,6.338,107.59,1083.07,0.8088651621774651,-0.0041888252000763515,-0.0013474820970973411,-0.00255618317178552,0.0020532266551451794,prewar,0,0,0,0
2018-02-14,62.29,60.7,107.4691,6.3438,107.0,1076.71,0.8067118425298483,0.005634724720996687,0.022828617794900197,-0.002679039731942723,0.0009146967156696828,prewar,0,0,0,0
2018-02-15,62.86,61.48,106.9867,6.3438,106.36,1065.69,0.801153661272232,0.009109132103367834,0.012768220604942648,-0.0044988367172065225,0.0,prewar,0,0,0,0
2018-02-16,64.3,61.89,107.0359,6.3438,106.1,1065.27,0.8037293039704227,0.022649599874152493,0.0066466970808747305,0.00045976453763962866,0.0,prewar,0,0,0,0
2018-02-19,64.95,,,,,,,0.010058111873034292,,,,prewar,0,0,0,0
2018-02-20,64.68,61.91,107.6249,6.3351,107.23,1072.85,0.8098477486232589,-0.004165708407701807,,,,prewar,0,0,0,0
2018-02-21,64.81,61.73,107.8679,6.3351,107.64,1076.11,0.8120838070488874,0.0020078777307181994,-0.0029116811253357966,0.002255296724520406,0.0,prewar,0,0,0,0
2018-02-22,66.12,62.72,107.8668,6.3471,106.96,1077.61,0.8112932013629727,0.020011360513199072,0.01591033963634736,-1.0197710428982987e-05,0.0018924167070761833,prewar,0,0,0,0
2018-02-23,67.04,63.52,107.6804,6.3329,106.64,1075.77,0.813140348024069,0.013818183221004254,0.012674440896728534,-0.0017295520096354267,-0.0022397485703722353,prewar,0,0,0,0
2018-02-26,67.96,63.81,107.7347,6.3115,106.96,1069.0,0.8132726089785296,0.013629840629903356,0.004555100941375123,0.0005041429421623889,-0.003384900894092935,prewar,0,0,0,0
2018-02-27,67.59,62.94,108.1731,6.3169,107.47,1077.43,0.8170602173380178,-0.005459253691468824,-0.01372802624399494,0.0040609982825712265,0.0008552152812908442,prewar,0,0,0,0
2018-02-28,66.08,61.43,108.3903,6.328,106.62,1082.12,0.8189337482597657,-0.022593913899539686,-0.024283576460424783,0.0020058797823301333,0.0017556489732826197,prewar,0,0,0,0
2018-03-01,64.23,60.98,108.5358,6.3565,106.91,1081.33,0.8185985592665357,-0.02839573794302197,-0.007352373615726826,0.0013414708679082565,0.004493680942687206,prewar,0,0,0,0
2018-03-02,64.26,61.19,,6.3428,105.65,1080.25,0.8120838070488874,0.00046696241801136296,0.003437835914340326,,-0.0021576000747645097,prewar,0,0,0,0
2018-03-05,65.78,62.49,108.3614,6.3491,105.97,1076.75,0.8110300081103,0.023378487073198784,0.02102276646654122,,0.0009927592428911058,prewar,0,0,0,0
2018-03-06,65.67,62.54,107.7969,6.3093,106.03,1061.53,0.8054772452678212,-0.0016736405580299873,0.0007998080887041681,-0.005223035925994601,-0.006288335200561379,prewar,0,0,0,0
2018-03-07,65.09,61.09,108.0911,6.3225,105.94,1067.93,0.8066467693796886,-0.008871272618585557,-0.02345816536801948,0.0027254889768482116,0.0020899641863778573,prewar,0,0,0,0
2018-03-08,63.87,60.13,108.2671,6.3389,106.08,1074.21,0.8120838070488874,-0.018921160010798133,-0.015839301610197865,0.0016269319935302562,0.0025905522567246653,prewar,0,0,0,0
2018-03-09,65.19,62.02,107.923,6.3285,106.74,1066.59,0.8112932013629727,0.020456315362950228,0.03094802862082524,-0.0031833121921618357,-0.0016420105683416786,prewar,0,0,0,0
2018-03-12,64.53,61.35,107.9438,6.327,106.52,1063.7,0.8118201006656924,-0.010175850988699331,-0.010861742515381856,0.00019271143190469076,-0.000237051085618889,prewar,0,0,0,0
2018-03-13,64.2,60.69,107.7384,6.318,106.64,1062.14,0.8065817067268914,-0.005127021251833064,-0.010816231309156876,-0.001904654738261513,-0.0014234877848537941,prewar,0,0,0,0
2018-03-14,63.61,60.89,107.8623,6.314,106.17,1063.38,0.8089305937550558,-0.00923252000520236,0.0032900177727190894,0.0011493470442287546,-0.0006333122440933536,prewar,0,0,0,0
2018-03-15,63.67,61.16,108.2032,6.3202,106.07,1065.89,0.8116224332440549,0.0009428033382210543,0.004424423440378078,0.00315552721625334,0.000981463091875856,prewar,0,0,0,0
2018-03-16,64.68,62.29,108.4332,6.33,106.1,1068.4,0.8143322475570033,0.0157385406799726,0.018307518205192608,0.002123374339835671,0.0015493829284090044,prewar,0,0,0,0
2018-03-19,64.82,62.01,108.3145,6.3291,105.83,1072.29,0.8110957904128477,0.002162163004494566,-0.004505236904266852,-0.001095282781469642,-0.00014219020333450239,prewar,0,0,0,0
2018-03-20,66.0,63.37,108.4953,6.3328,106.42,1070.61,0.8149295085975062,0.018040544313024043,0.02169490097363891,0.0016678216751264685,0.0005844304733590988,prewar,0,0,0,0
2018-03-21,68.15,65.1,,6.32,106.3,1070.51,0.8151287903488752,0.03205641611611654,0.02693398587909801,,-0.0020232682673433366,prewar,0,0,0,0
2018-03-22,68.98,64.25,107.9935,6.331,105.34,1079.51,0.8123476848090982,0.01210544936615321,-0.013142825439194539,,0.0017389934032234766,prewar,0,0,0,0
2018-03-23,69.03,65.8,107.7495,6.311,104.83,1081.29,0.8090614886731392,0.0007245852066892766,0.02383811455594209,-0.0022619515259725276,-0.0031640589598871394,prewar,0,0,0,0
2018-03-26,68.81,65.49,107.1819,6.2685,105.0,1076.87,0.8038585209003215,-0.003192109500995244,-0.004722379101309571,-0.005281697504372573,-0.0067570510281596,prewar,0,0,0,0
2018-03-27,68.63,65.21,107.3359,6.2781,105.72,1071.21,0.8058017727639,-0.0026193262938454254,-0.004284627824850951,0.001435778536376553,0.0015302953586537882,prewar,0,0,0,0
2018-03-28,68.13,64.3,107.5733,6.2946,106.3,1063.03,0.8096510404015869,-0.007312112134966853,-0.014053200161536772,0.0022093060377414986,0.0026247360507611894,prewar,0,0,0,0
2018-03-29,69.02,64.87,107.665,6.2876,106.27,1060.31,0.813206473123526,0.012978672884280229,0.008825635981390079,0.0008520788869654794,-0.001112683111411883,prewar,0,0,0,0
2018-03-30,,,107.4784,6.2726,106.2,1060.99,0.8116883116883117,,,-0.0017346574125962633,-0.0023884981339714617,prewar,0,0,0,0
2018-04-02,,63.05,107.7033,6.2785,105.99,1056.03,0.8138020833333334,,,0.0020903272154759733,0.000940156708907125,prewar,0,0,0,0
2018-04-03,69.02,63.41,107.5624,6.2881,106.45,1054.63,0.8155941603458119,,0.005693515301011587,-0.001309080082164904,0.0015278598614556493,prewar,0,0,0,0
2018-04-04,66.04,63.35,107.6361,6.3045,106.56,1059.5,0.8135372600065083,-0.04413569861792954,-0.0009466709447920607,0.0006849490389697621,0.0026047058228066966,prewar,0,0,0,0
2018-04-05,66.54,63.53,107.7281,6.3045,107.48,1061.56,0.8176614881439084,0.007542651538403611,0.002837328511293258,0.0008543667480136463,0.0,prewar,0,0,0,0
2018-04-06,66.51,62.03,107.7886,6.3045,107.03,1068.73,0.814730324262669,-0.0004509582940013246,-0.023894096293415323,0.0005614414250887378,0.0,prewar,0,0,0,0
2018-04-09,68.19,63.4,107.5316,6.3035,107.06,1067.11,0.8116883116883117,0.024945614236231428,0.021845722458153638,-0.0023871436311306837,-0.00015862944195688122,prewar,0,0,0,0
2018-04-10,70.67,65.48,107.3659,6.2798,107.3,1064.53,0.8105041335710812,0.03572322817020179,0.03228089105975407,-0.0015421308562322267,-0.003766901849968418,prewar,0,0,0,0
2018-04-11,72.74,66.81,107.1224,6.2655,106.78,1066.76,0.8074935400516796,0.028870284856080453,0.020108017434451675,-0.002270521092375688,-0.0022797392160158747,prewar,0,0,0,0
2018-04-12,71.44,67.07,107.2905,6.2876,107.3,1069.84,0.8116883116883117,-0.01803350299059936,0.0038840801742603404,0.0015680029927427341,0.003521046248743165,prewar,0,0,0,0
2018-04-13,73.18,67.35,107.2368,6.2725,107.52,1070.55,0.8115565654926149,0.02406422302281719,0.0041660527447273665,-0.0005006355938990126,-0.002404440613505754,prewar,0,0,0,0
2018-04-16,72.05,66.23,107.0595,6.2752,107.26,1071.59,0.8082114281095935,-0.015561837145529722,-0.016769370359485336,-0.0016547186344828546,0.00043035776144995097,prewar,0,0,0,0
2018-04-17,71.71,66.5,107.0344,6.2804,107.09,1066.56,0.8100445524503849,-0.0047301145510481035,0.0040684151649204026,-0.0002344765555202244,0.0008283156993393881,prewar,0,0,0,0
2018-04-18,73.73,68.44,107.1096,6.2722,107.26,1064.51,0.8077544426494346,0.027779564107075494,0.028755501362184077,0.0007023311705314228,-0.0013065024244245382,prewar,0,0,0,0
2018-04-19,74.85,68.3,107.5197,6.2765,107.42,1065.68,0.8106355382619974,0.015076338864078664,-0.002047682447248178,0.0038214773013836023,0.0006853299813212033,prewar,0,0,0,0
2018-04-20,74.62,68.26,108.1787,6.2945,107.6,1071.0,0.8141996417521576,-0.0030775430726253106,-0.0005858230981834467,0.006110402770011625,0.002863735948050783,prewar,0,0,0,0
2018-04-23,74.54,67.61,108.9332,6.3158,108.62,1077.72,0.8185985592665357,-0.0010726737418993437,-0.009568042375974528,0.006950360964394164,0.003378194056706363,prewar,0,0,0,0
2018-04-24,75.86,67.66,108.7906,6.3035,109.03,1074.8,0.8179290037624735,0.01755364220963962,0.0007392622499757806,-0.0013099166962033948,-0.001949395591696268,prewar,0,0,0,0
2018-04-25,73.79,68.0,109.3447,6.3236,109.33,1082.99,0.8211528986697323,-0.027666315190477242,0.005012541823544936,0.005080344096269229,0.0031836315507085544,prewar,0,0,0,0
2018-04-26,75.39,68.18,109.3646,6.334,109.3,1078.2,0.825559316436886,0.02145141915333504,0.002643561533649752,0.00018197671571229534,0.0016432818765523827,prewar,0,0,0,0
2018-04-27,75.33,68.11,109.1735,6.3325,109.12,1067.59,0.8259002312520647,-0.0007961783860066518,-0.001027221456530114,-0.0017488945745265383,-0.00023684522275480013,prewar,0,0,0,0
2018-04-30,75.92,68.56,109.3363,6.3325,109.28,1069.07,0.8282259400364419,0.007801692464068921,0.006585229036297768,0.001490093626218325,0.0,prewar,0,0,0,0
2018-05-01,74.85,67.28,109.7445,6.3325,109.69,1071.91,0.8333333333333334,-0.014194043436035031,-0.01884625862483169,0.0037264833100696393,0.0,prewar,0,0,0,0
2018-05-02,73.14,67.91,110.1625,6.361,109.89,1076.52,0.8355614973262031,-0.023110698144402697,0.009320283461007328,0.0038016116214576456,0.004490494802974032,prewar,0,0,0,0
2018-05-03,73.45,68.45,110.1803,6.352,109.06,1078.33,0.835421888053467,0.004229489898651906,0.007920252608758283,0.00016156643229336964,-0.001415873751832608,prewar,0,0,0,0
2018-05-04,74.75,69.71,110.25,6.3589,109.16,1074.09,0.8371002846140967,0.017544309650909362,0.01824022776384915,0.0006323994688832713,0.0010856824737439652,prewar,0,0,0,0
2018-05-07,,70.74,110.5721,6.364,109.14,1079.72,0.8384338056510438,,0.014667404279027352,0.0029172825404435443,0.0008017040569618938,prewar,0,0,0,0
2018-05-08,74.16,68.83,111.063,6.369,109.16,1078.35,0.8429570934839418,,-0.027371487367061853,0.004429811006949613,0.0007853609136883044,prewar,0,0,0,0
2018-05-09,77.6,71.16,110.8818,6.3585,109.68,1078.22,0.8437394532568343,0.04534250593157374,0.03329116638736185,-0.0016328387982875725,-0.0016499709105644023,prewar,0,0,0,0
2018-05-10,77.59,71.36,110.405,6.344,109.53,1065.41,0.8406186953597848,-0.00012887428331520567,0.002806625474119251,-0.0043093464035477425,-0.002283016146117589,prewar,0,0,0,0
2018-05-11,77.37,70.69,110.2847,6.3333,109.26,1067.14,0.8367500627562546,-0.0028394443444943462,-0.009433368088891392,-0.0010902186365333577,-0.0016880570059611966,prewar,0,0,0,0
2018-05-14,78.17,71.01,110.408,6.336,109.52,1068.83,0.8350033400133601,0.01028683367087524,0.004516592011139409,0.0011173909497594892,0.00042622718553908534,prewar,0,0,0,0
2018-05-15,78.94,71.34,111.2292,6.376,110.25,1076.46,0.8428860418071478,0.009802128002462496,0.0046364677367431995,0.007410342288099336,0.006293286975789236,prewar,0,0,0,0
2018-05-16,78.19,71.43,111.3068,6.3706,110.22,1076.66,0.848320325755005,-0.009546308098278722,0.0012607692361363831,0.0006974152779353204,-0.0008472848168219471,prewar,0,0,0,0
2018-05-17,80.09,71.47,111.3547,6.3645,110.76,1082.37,0.8476012883539583,0.024009240199168502,0.000559832065006205,0.00043024951092984765,-0.0009579823427399159,prewar,0,0,0,0
2018-05-18,78.38,71.23,111.7171,6.3768,110.71,1080.91,0.8492569002123143,-0.02158220956410606,-0.00336370324162516,0.0032491809258425874,0.0019307298032242848,prewar,0,0,0,0
2018-05-21,78.34,72.26,111.6394,6.3815,111.08,1079.33,0.849762066621346,-0.0005104645338001035,0.014356647729231398,-0.0006957487526388917,0.000736775309031934,prewar,0,0,0,0
2018-05-22,80.42,72.09,111.1945,6.366,110.94,1073.3,0.8486803021301876,0.02620457323144265,-0.002355387303007106,-0.003993114074287263,-0.0024318505807072732,prewar,0,0,0,0
2018-05-23,78.69,71.85,111.6933,6.3875,110.05,1078.88,0.8552125203112974,-0.021746818922235178,-0.0033347258914533384,0.004475802019640263,0.0033716266699217456,prewar,0,0,0,0
2018-05-24,78.9,70.77,111.4885,6.3757,109.3,1082.77,0.8525876033762468,0.002665145304936445,-0.015145430437340401,-0.0018352756137334225,-0.0018490665917736404,prewar,0,0,0,0
2018-05-25,76.6,67.92,111.5843,6.3903,109.35,1076.35,0.8571918395336876,-0.029584151105283674,-0.04110464008460113,0.0008589124795985725,0.0022873267061622737,prewar,0,0,0,0
2018-05-28,,,,,,,,,,,,prewar,0,0,0,0
2018-05-29,74.51,66.8,112.2127,6.4162,108.62,1082.59,0.8657259111765215,,,,,prewar,0,0,0,0
2018-05-30,75.89,68.24,111.6731,6.4175,109.04,1077.62,0.8573388203017832,0.018351578850185568,0.021327822640823335,-0.004820323976095331,0.00020259161495861377,prewar,0,0,0,0
2018-05-31,76.45,66.98,111.9894,6.4096,108.73,1080.75,0.856898029134533,0.007352008959250256,-0.018636835817365416,0.0028283705212830412,-0.0012317672737964802,prewar,0,0,0,0
2018-06-01,74.54,65.81,111.8265,6.418,109.49,1071.27,0.8562376915831835,-0.025301038323958913,-0.01762226489803087,-0.0014556609138560717,0.0013096761983031335,prewar,0,0,0,0
2018-06-04,73.41,64.76,111.8247,6.405,109.66,1070.13,0.8549931600547196,-0.015275727928423244,-0.01608367365859298,-1.609649311085093e-05,-0.002027607338967563,prewar,0,0,0,0
2018-06-05,72.91,65.51,112.264,6.4042,109.63,1071.86,0.8567511994516792,-0.0068343623043505275,0.011514673934351016,0.003920773896767038,-0.0001249102209412989,prewar,0,0,0,0
2018-06-06,73.23,64.75,111.7525,6.385,110.0,1065.9,0.8490405841399219,0.0043793692546394425,-0.011669102164137968,-0.004566635840737909,-0.003002535643253701,prewar,0,0,0,0
2018-06-07,75.23,65.96,112.0725,6.389,109.92,1071.11,0.8463817181548878,0.026944914499151373,0.018514797111750525,0.0028593786934250076,0.0006262721357035428,prewar,0,0,0,0
2018-06-08,75.11,65.77,112.1066,6.4031,109.45,1075.0,0.8494011721736175,-0.0015963818742097402,-0.0028846903781385436,0.0003042210470374229,0.002204486473717182,prewar,0,0,0,0
2018-06-11,74.58,66.1,112.1106,6.4,109.94,1075.08,0.8473140145738011,-0.007081330947245057,0.005004939544381415,3.567968916229347e-05,-0.00048425772829707725,prewar,0,0,0,0
2018-06-12,74.86,66.38,112.2138,6.3992,110.22,1077.14,0.8480325644504749,0.0037473277256081516,0.004227059434187552,0.0009200961400592789,-0.00012500781315116782,prewar,0,0,0,0
2018-06-13,75.07,66.63,112.2577,6.3944,110.41,1082.59,0.8486082824168365,0.0028013091086274144,0.0037591202826172676,0.0003911409738845961,-0.0007503752228028571,prewar,0,0,0,0
2018-06-14,74.77,66.91,112.8593,6.398,110.44,1084.06,0.8595495960116899,-0.0040042765730863294,0.004193506220279808,0.005344788995470751,0.0005628341976540163,prewar,0,0,0,0
2018-06-15,72.02,65.01,113.3379,6.4379,110.58,1101.89,0.8608815426997245,-0.03747287679109501,-0.028807328578348113,0.004231712100822627,0.006216958454501986,prewar,0,0,0,0
2018-06-18,74.87,65.91,113.4899,6.4379,110.44,1105.07,0.8616232982939858,0.03880941802186477,0.013749070848251499,0.0013402239297990448,0.0,prewar,0,0,0,0
2018-06-19,74.92,65.09,113.639,6.4802,110.02,1110.64,0.8637816360024186,0.000667601333293355,-0.012519247480333284,0.001312911051103427,0.00654897410359645,prewar,0,0,0,0
2018-06-20,74.25,65.92,113.4784,6.4713,110.14,1107.42,0.862663906142167,-0.008983099893078439,0.012670958016920864,-0.001414246788383089,-0.0013743583987808616,prewar,0,0,0,0
2018-06-21,72.87,65.68,113.6109,6.49,110.05,1110.01,0.8620689655172414,-0.018760746000618056,-0.00364742045704336,0.001166941947824185,0.002885515029354746,prewar,0,0,0,0
2018-06-22,73.67,69.02,113.3047,6.5027,109.98,1114.49,0.8598452278589853,0.010918629012531156,0.04960185252568383,-0.002698802425673108,0.0019549445526714226,prewar,0,0,0,0
2018-06-25,72.82,69.91,113.286,6.536,109.62,1114.4,0.8551393877201984,-0.011605017947434959,0.012812382854036741,-0.0001650553181784531,0.0051078822890318065,prewar,0,0,0,0
2018-06-26,73.58,75.23,113.3016,6.5759,109.92,1118.08,0.8565310492505354,0.010382606929341343,0.07334138704823623,0.00013769509032801608,0.006086093267900106,prewar,0,0,0,0
2018-06-27,76.09,77.41,113.8971,6.5992,110.34,1121.57,0.8629616845012081,0.03354360051180283,0.028565883644492196,0.005242119463582107,0.003536978738782892,prewar,0,0,0,0
2018-06-28,76.26,73.45,113.8405,6.6235,110.38,1121.96,0.8634087376964256,0.0022317042409865095,-0.05251106859673538,-0.0004970632971046385,0.0036755015777942823,prewar,0,0,0,0
2018-06-29,77.44,74.13,113.2586,6.6171,110.71,1111.79,0.8563843452941681,0.015354888538904099,0.009215406048741492,-0.005124646231425167,-0.0009667236376642574,prewar,0,0,0,0
2018-07-02,76.71,73.89,114.1673,6.6632,110.73,1119.31,0.8617718028266115,-0.009471364997117426,-0.003242807868072184,0.007991216794208,0.006942642134478927,prewar,0,0,0,0
2018-07-03,75.87,74.19,113.3222,6.6368,110.54,1114.41,0.8581481163648845,-0.011010728621220878,0.004051869400878871,-0.007429827641461273,-0.003969930025977231,prewar,0,0,0,0
2018-07-04,76.99,,,,,,,0.01465419393997447,,,,prewar,0,0,0,0
2018-07-05,77.09,73.05,112.9759,6.6341,110.59,1118.2,0.8549200649739249,0.0012980271812130795,,,,prewar,0,0,0,0
2018-07-06,74.98,73.78,112.6428,6.6396,110.48,1114.98,0.8519338899301414,-0.027752159163405565,0.009943553971821117,-0.0029527715745283345,0.000828706436752702,prewar,0,0,0,0
2018-07-09,77.08,73.93,112.6425,6.6123,110.78,1111.38,0.8514986376021798,0.027622432238399774,0.0020310074004790124,-2.663289615512099e-06,-0.0041201697296131545,prewar,0,0,0,0
2018-07-10,77.8,74.11,112.5794,6.6296,111.24,1113.81,0.8526603001364256,0.009297587638180893,0.0024317763942587334,-0.000560336287465546,0.0026129195723814114,prewar,0,0,0,0
2018-07-11,75.35,70.47,112.8582,6.6764,111.52,1122.1,0.8530967411704488,-0.03199750611184182,-0.0503633886243362,0.0024734129722476794,0.00703444956942989,prewar,0,0,0,0
2018-07-12,72.11,70.28,112.779,6.663,112.41,1121.38,0.8552856654122477,-0.04395119414383597,-0.002699824020034214,-0.0007020119311231809,-0.002009086541725269,prewar,0,0,0,0
2018-07-13,74.11,71.03,113.0705,6.69,112.38,1130.3,0.8571183680466272,0.027357745034598757,0.01061505969082166,0.002581366457453882,0.004044040559736839,prewar,0,0,0,0
2018-07-16,71.03,68.22,112.8437,6.6866,112.29,1127.81,0.8539709649871904,-0.04244815295354876,-0.04036454601921857,-0.002007842589744513,-0.0005083504138896355,prewar,0,0,0,0
2018-07-17,70.87,68.03,113.1504,6.7018,112.79,1125.63,0.8573388203017832,-0.002255110187554088,-0.002788992633530718,0.002714231816579371,0.00227062330533756,prewar,0,0,0,0
2018-07-18,70.52,68.78,113.3348,6.7161,112.82,1130.76,0.8587376556462,-0.004950855292494616,0.010964220647150746,0.0016283628311759557,0.00213148188822343,prewar,0,0,0,0
2018-07-19,71.94,69.42,113.9463,6.7701,112.98,1136.38,0.8617718028266115,0.01993608073780795,0.009262005429520492,0.005381014747940505,0.008008228944028861,prewar,0,0,0,0
2018-07-20,71.99,70.31,113.3213,6.7659,111.74,1128.16,0.8541168431841476,0.0006947822137339799,0.012739025777429802,-0.0055001379483838875,-0.000620567395801741,prewar,0,0,0,0
2018-07-23,73.45,67.9,113.4246,6.7927,111.36,1134.45,0.8545547769612033,0.020077682138675,-0.034878001646419854,0.0009111521500200226,0.003953215656827602,prewar,0,0,0,0
2018-07-24,73.53,70.77,113.2045,6.7912,111.27,1127.39,0.8558712769599451,0.001088583588244596,0.041399147523042856,-0.0019423813552652547,-0.00022084968324209697,prewar,0,0,0,0
2018-07-25,73.67,71.13,112.9221,6.7658,111.02,1122.59,0.8563843452941681,0.001902174486590802,0.005074006657730834,-0.002497717179799075,-0.0037471460825153624,prewar,0,0,0,0
2018-07-26,74.51,71.59,112.9179,6.7865,111.2,1121.72,0.8580744808649391,0.011337683870913828,0.006446210662669927,-3.71944739683272e-05,0.0030548343967771174,prewar,0,0,0,0
2018-07-27,74.84,68.66,112.8125,6.8097,110.94,1115.77,0.8576329331046313,0.00441915684025318,-0.04178861137854817,-0.0009338574481754236,0.0034127215717463244,prewar,0,0,0,0
2018-07-30,74.99,71.19,112.6044,6.8102,110.98,1116.98,0.8533879501621437,0.0020022699074084827,0.03618557108623577,-0.0018463572085174462,7.342197816773144e-05,prewar,0,0,0,0
2018-07-31,74.16,69.88,112.7299,6.8038,111.88,1112.75,0.8542627712284298,-0.01112985005569822,-0.018572873849925564,0.0011139006620508596,-0.0009402086780465613,prewar,0,0,0,0
2018-08-01,72.28,68.8,112.8899,6.8154,111.72,1118.15,0.8571918395336876,-0.025677455533571703,-0.015575740326558396,0.0014183154742761772,0.0017034778555435892,prewar,0,0,0,0
2018-08-02,72.95,68.95,113.1679,6.838,111.48,1126.91,0.861178091629349,0.009226809244767153,0.0021778593000130186,0.0024595491962147165,0.003310533733815735,prewar,0,0,0,0
2018-08-03,72.48,68.49,113.012,6.8309,111.12,1122.68,0.8622919720617401,-0.006463613234070742,-0.006693855029497264,-0.001378548886875386,-0.0010388547196247266,prewar,0,0,0,0
2018-08-06,72.51,69.01,113.229,6.85,111.43,1125.9,0.8647526807333102,0.0004138216487774571,0.007563672422697287,0.0019183089408638665,0.0027922157766488986,prewar,0,0,0,0
2018-08-07,72.31,69.17,112.9759,6.828,111.19,1118.0,0.8622919720617401,-0.002762051196641302,0.002315820979982952,-0.0022377950753611486,-0.0032168473419396104,prewar,0,0,0,0
2018-08-08,70.71,66.92,113.1411,6.8344,110.96,1119.01,0.8622176237282291,-0.022375426570710566,-0.033069366493870156,0.0014611907056334417,0.000936877923077617,prewar,0,0,0,0
2018-08-09,70.55,66.81,113.3806,6.8199,110.9,1119.0,0.8646031471554556,-0.0022653273173265376,-0.0016451061812379209,0.002114588485283342,-0.0021238738639985932,prewar,0,0,0,0
2018-08-10,71.0,67.61,114.3005,6.8458,110.66,1130.19,0.8772699359592947,0.006358198742492327,0.011903131165200698,0.008080644423621663,0.0037905165503355764,prewar,0,0,0,0
2018-08-13,70.62,67.25,114.851,6.888,110.65,1133.19,0.8775008775008776,-0.00536648654107541,-0.005338882620637975,0.004804690861953453,0.00614544158382091,prewar,0,0,0,0
2018-08-14,70.77,67.04,114.658,6.8809,110.92,1128.9,0.8809796493700995,0.002121791587453181,-0.0031275623081201687,-0.001681851652821642,-0.0010313097820882078,prewar,0,0,0,0
2018-08-15,68.38,65.07,115.1526,6.933,110.62,1135.3,0.8824567596187787,-0.034354797876537724,-0.02982584266693511,0.004304420802728082,0.007543162617011934,prewar,0,0,0,0
2018-08-16,69.21,65.44,114.6416,6.8792,110.89,1125.35,0.8781173164734808,0.012064976642616188,0.005670078787598953,-0.004447465099604031,-0.007790253845803674,prewar,0,0,0,0
2018-08-17,70.14,65.93,114.5339,6.874,110.54,1123.2,0.8764241893076249,0.0133478838582608,0.007459880830716692,-0.0009398911133908783,-0.0007561876869075501,prewar,0,0,0,0
2018-08-20,71.11,66.5,114.3504,6.8546,110.38,1121.3,0.8742787200559539,0.013734729183394023,0.008608374536599683,-0.0016034305482266475,-0.002826218684081949,prewar,0,0,0,0
2018-08-21,71.65,67.32,113.8604,6.8444,110.48,1117.41,0.8670019074041964,0.007565180378754199,0.012255421660796628,-0.00429428189201797,-0.0014891600678819117,prewar,0,0,0,0
2018-08-22,72.96,67.85,113.663,6.84,110.54,1117.0,0.8624407072013799,0.01811819149189553,0.007842016958273135,-0.001735206572422321,-0.0006430680412192746,prewar,0,0,0,0
2018-08-23,73.73,69.13,114.0932,6.8748,111.14,1123.37,0.864528399757932,0.010498426235482583,0.018689403676295235,0.0037777282166056025,0.005074820585936335,prewar,0,0,0,0
2018-08-24,74.41,69.71,113.5985,6.803,111.22,1113.3,0.8602150537634408,0.009180569407610584,0.008354989541134117,-0.00434535627267163,-0.010498860857471648,prewar,0,0,0,0
2018-08-27,74.41,69.97,113.2721,6.8145,111.09,1107.69,0.8564576909900651,0.0,0.003722799259497478,-0.0028774131615341147,0.0016890035225067823,prewar,0,0,0,0
2018-08-28,75.91,68.54,113.3444,6.8018,111.04,1105.14,0.8532423208191127,0.019958086619507043,-0.020649062311342448,0.000638082420769237,-0.0018654118494372263,prewar,0,0,0,0
2018-08-29,76.07,69.68,113.6461,6.819,111.8,1109.2,0.8547739123001966,0.0021055409805335046,0.016495816097784832,0.0026582625938971205,0.0025255505025225666,prewar,0,0,0,0
2018-08-30,77.05,70.25,114.0899,6.8415,111.17,1113.13,0.858663918942126,0.01280059275691503,0.008146975669608203,0.003897500279231636,0.003294172299211917,prewar,0,0,0,0
2018-08-31,76.94,69.84,114.2755,6.83,110.98,1116.5,0.8623663332183512,-0.0014286644419758687,-0.005853396682508283,0.0016254655115446326,-0.0016823322550290065,prewar,0,0,0,0
2018-09-03,77.81,,,,,,,0.011244060304689718,,,,prewar,0,0,0,0
2018-09-04,77.51,69.82,114.8584,6.8427,111.44,1117.5,0.8646031471554556,-0.0038629973354185054,,,,prewar,0,0,0,0
2018-09-05,76.68,68.69,114.7477,6.827,111.47,1121.0,0.8605851979345955,-0.01076604211597676,-0.016316873451099667,-0.00096426017059148,-0.0022970521523300036,prewar,0,0,0,0
2018-09-06,75.67,67.81,114.6479,6.8322,110.87,1122.4,0.8602890571231934,-0.013259137471012927,-0.012893951530039693,-0.0008701126464192299,0.0007613916263340403,prewar,0,0,0,0
2018-09-07,75.55,67.73,114.5816,6.8419,111.18,1123.5,0.8641548565502938,-0.0015870919876821432,-0.0011804634689385196,-0.0005784595948492566,0.0014187407766557136,prewar,0,0,0,0
2018-09-10,76.77,67.55,114.6802,6.8545,111.09,1127.9,0.8617718028266115,0.01601925012105898,-0.002661148820604531,0.0008601520713806821,0.0018399000546849287,prewar,0,0,0,0
2018-09-11,78.22,69.29,114.7051,6.8704,111.54,1126.17,0.862738331464067,0.018711430487560854,0.025432531233081868,0.00021710196858926167,0.0023169578085069364,prewar,0,0,0,0
2018-09-12,80.02,70.37,114.2192,6.8574,111.29,1121.62,0.860141063134354,0.02275123410172064,0.015466440339167775,-0.004245077780622886,-0.0018939675528546474,prewar,0,0,0,0
2018-09-13,77.66,68.6,113.9268,6.8407,111.92,1120.9,0.8567511994516792,-0.029936279125568177,-0.025474501246617542,-0.0025632722914084027,-0.002438295570021287,prewar,0,0,0,0
2018-09-14,77.87,68.98,114.0657,6.8673,112.09,1119.0,0.8579272477693892,0.0027004452853738314,0.005524072776855071,0.0012184612843384457,0.0038809503044829885,prewar,0,0,0,0
2018-09-17,78.22,68.86,113.9158,6.854,111.97,1124.71,0.8556515786771626,0.004484599738473705,-0.001741149598316838,-0.0013150191713062753,-0.0019385924315149516,prewar,0,0,0,0
2018-09-18,79.25,69.87,113.7739,6.8591,112.3,1122.18,0.8552125203112974,0.013082043430022061,0.01456091465398135,-0.0012464333553188212,0.0007438143432390021,prewar,0,0,0,0
2018-09-19,79.43,71.08,113.6532,6.8466,112.21,1120.61,0.8557980316645271,0.0022687178876505953,0.017169630722091433,-0.0010614391278105373,-0.0018240591091041036,prewar,0,0,0,0
2018-09-20,79.03,70.77,113.4989,6.8455,112.58,1119.58,0.8514986376021798,-0.005048603428156717,-0.004370821198757646,-0.0013585612788302726,-0.000160676594878284,prewar,0,0,0,0
2018-09-21,78.9,70.8,113.5099,6.8559,112.62,1114.3,0.851861316977596,-0.001646299365055448,0.00042381861198048654,9.691254267352178e-05,0.0015180933331377933,prewar,0,0,0,0
2018-09-24,80.89,73.23,113.5301,6.8559,112.62,1119.28,0.8494011721736175,0.02490897917803281,0.033746172373304795,0.00017794221329570092,0.0,prewar,0,0,0,0
2018-09-25,82.21,73.4,113.7202,6.8632,112.88,1118.12,0.8496176720475785,0.016186742134180143,0.0023187625474916373,0.0016730454863393973,0.0010642098518069965,prewar,0,0,0,0
2018-09-26,81.87,72.22,113.6739,6.8763,112.92,1114.64,0.8504847763225039,-0.004144325775684798,-0.01620691977115829,-0.0004072225325097989,0.001906911309674797,prewar,0,0,0,0
2018-09-27,81.54,72.18,113.9784,6.888,113.38,1113.41,0.856898029134533,-0.004038925997249976,-0.000554016634668919,0.002675133803542451,0.0017000505391364662,prewar,0,0,0,0
2018-09-28,82.72,73.16,113.8077,6.868,113.48,1109.76,0.8604371020478404,0.01436771336901188,0.013485824308022032,-0.001498774788751156,-0.002907824090200517,prewar,0,0,0,0
2018-10-01,84.94,75.37,113.8235,6.868,113.96,1112.53,0.864528399757932,0.026483714125006053,0.029760494332713883,0.0001388210405730561,0.0,prewar,0,0,0,0
2018-10-02,85.63,75.16,113.8954,6.868,113.66,1112.43,0.8650519031141869,0.008090564152976043,-0.0027901433101140682,0.0006314803241123101,0.0,prewar,0,0,0,0
2018-10-03,85.45,76.4,114.1569,6.868,114.19,1121.42,0.8676789587852494,-0.0021042794765007145,0.016363521627209998,0.0022933345957110163,0.0,prewar,0,0,0,0
2018-10-04,86.07,74.44,114.6867,6.868,113.79,1130.78,0.8689607229753215,0.007229509099782483,-0.02598926439842497,0.0046302448181982925,0.0,prewar,0,0,0,0
2018-10-05,85.12,74.26,114.561,6.868,113.56,1131.25,0.8694140149539211,-0.011098893068048454,-0.0024209830251153974,-0.0010966305232047446,0.0,prewar,0,0,0,0
2018-10-08,84.22,74.27,,,,,,-0.010629602859552278,0.0001346529322709955,,,prewar,0,0,0,0
2018-10-09,85.16,74.95,114.6583,6.9217,113.13,1132.87,0.8709284096847238,0.011099417291497105,0.009114122867400987,,,prewar,0,0,0,0
2018-10-10,83.82,73.18,114.6072,6.9224,112.71,1138.9,0.8664760419374405,-0.01586019752835366,-0.023899064957545235,-0.00044577139470369787,0.0001011261115704265,prewar,0,0,0,0
2018-10-11,81.35,70.97,114.4074,6.888,112.26,1134.16,0.8646779074794638,-0.02991080883187891,-0.030664907054169355,-0.0017448673638442713,-0.00498176318496224,prewar,0,0,0,0
2018-10-12,80.71,71.41,114.3691,6.9182,112.02,1130.82,0.8651267410675665,-0.007898350328765957,0.006180663024126787,-0.00033482460268263736,0.0043748530612799374,prewar,0,0,0,0
2018-10-15,80.91,71.84,114.045,6.9131,111.82,1129.3,0.8625150940141453,0.0024749424834675793,0.0060035084329257415,-0.002837830217186088,-0.0007374578284229383,prewar,0,0,0,0
2018-10-16,80.53,71.93,113.8963,6.9102,112.16,1123.88,0.8625894936599672,-0.004707640012294512,0.0012519998853202097,-0.0013047220586557273,-0.0004195814375069773,prewar,0,0,0,0
2018-10-17,79.91,69.63,114.1755,6.9263,112.21,1126.2,0.8665511265164645,-0.007728784421082047,-0.032497914924809024,0.00244835301401114,0.002327179166139892,prewar,0,0,0,0
2018-10-18,80.3,68.63,114.8164,6.9367,112.11,1138.06,0.8700191404210893,0.004868619566344101,-0.014465752033911983,0.0055975925213482824,0.0015003970209959139,prewar,0,0,0,0
2018-10-19,80.38,69.16,114.8567,6.9291,112.52,1131.13,0.8685833405715279,0.0009957680683392311,0.007692903894546355,0.00035093356961368727,-0.0010962224698292111,prewar,0,0,0,0
2018-10-22,80.45,69.25,115.1782,6.9446,112.78,1132.7,0.8720676724513822,0.0008704844173372805,0.0013004842523578475,0.0027952298484406057,0.002234444517174028,prewar,0,0,0,0
2018-10-23,78.67,66.49,115.1651,6.9373,112.12,1137.53,0.8710801393728224,-0.02237398509724109,-0.04067158465308385,-0.000113743269408495,-0.0010517293270950745,prewar,0,0,0,0
2018-10-24,77.34,66.56,115.3755,6.942,112.58,1136.66,0.8780402142418122,-0.017050602162000494,0.0010522360985891765,0.0018252755342409444,0.0006772676114292775,prewar,0,0,0,0
2018-10-25,77.3,67.25,115.4831,6.9477,112.54,1134.9,0.8791981712678038,-0.0005173305857741894,0.010313221968995201,0.0009321724015611821,0.0008207521141532226,prewar,0,0,0,0
2018-10-26,77.4,67.58,115.473,6.9425,111.65,1141.74,0.8781173164734808,0.001292825002304987,0.004895062804195938,-8.746250916402687e-05,-0.0007487293549301999,prewar,0,0,0,0
2018-10-29,77.56,67.0,115.8936,6.9605,112.49,1139.81,0.8779631255487269,0.0020650497787695343,-0.008619461895178482,0.0036357924032710542,0.0025893706476673994,prewar,0,0,0,0
2018-10-30,75.68,66.18,116.2357,6.9663,112.76,1137.68,0.8799718409010912,-0.024537905630827694,-0.012314316897499289,0.00294749734456623,0.0008329264921331792,prewar,0,0,0,0
2018-10-31,74.84,65.31,116.5281,6.9737,112.86,1140.78,0.8824567596187787,-0.011161423337734178,-0.01323313857890085,0.0025124194897010454,0.0010616930695985793,prewar,0,0,0,0
2018-11-01,71.25,63.67,115.8657,6.9205,112.79,1126.19,0.8775008775008776,-0.04915768225712913,-0.025431669885631614,-0.005700683872610135,-0.0076579090535970895,prewar,0,0,0,0
2018-11-02,71.11,63.12,115.643,6.8894,113.09,1117.72,0.8788890841975743,-0.00196684525333346,-0.008675817491314852,-0.0019239023733614857,-0.004504022849565414,prewar,0,0,0,0
2018-11-05,72.68,63.12,115.703,6.9249,113.22,1122.13,0.8776549060909251,0.02183826963254365,0.0,0.0005187035984652866,0.00513961303087096,prewar,0,0,0,0
2018-11-06,70.64,62.16,115.5622,6.9172,113.38,1121.31,0.8762705923589205,-0.028469687232265173,-0.015325970478227369,-0.0012176498443920991,-0.001112548066295016,prewar,0,0,0,0
2018-11-07,70.1,61.69,115.2519,6.9174,113.32,1117.52,0.8726764988218868,-0.00767376225516081,-0.00758986283784413,-0.0026887455050532694,2.8913015195808356e-05,prewar,0,0,0,0
2018-11-08,69.29,60.71,115.6478,6.9318,113.87,1118.99,0.8759635599159076,-0.011622198401254558,-0.016013414079204757,0.0034291979414620144,0.0020795432500648747,prewar,0,0,0,0
2018-11-09,69.01,60.19,116.4778,6.9553,113.77,1131.4,0.8830022075055187,-0.004049174006778955,-0.008602203582663392,0.0071513313248239285,0.003384439145910134,prewar,0,0,0,0
2018-11-12,69.81,59.85,,,,,,0.011525844349799641,-0.005664793555697045,,,prewar,0,0,0,0
2018-11-13,65.45,55.63,116.6694,6.9546,113.97,1132.29,0.885896527285613,-0.06449077362640132,-0.0731188079167806,,,prewar,0,0,0,0
2018-11-14,64.88,56.16,116.498,6.95,113.7,1132.1,0.884016973125884,-0.00874708254875145,0.009482135630353383,-0.0014701886359134164,-0.0006616515639163989,prewar,0,0,0,0
2018-11-15,65.61,56.45,116.3861,6.938,113.46,1127.2,0.8830801836806782,0.011188713549628915,0.005150530878116122,-0.0009609931172773756,-0.0017281110291429425,prewar,0,0,0,0
2018-11-16,65.29,56.49,115.9258,6.9367,112.76,1124.81,0.8770391159445711,-0.004889238158244602,0.0007083407414993914,-0.003962781091843226,-0.00018739143964241478,prewar,0,0,0,0
2018-11-19,64.14,57.16,115.9859,6.9398,112.54,1126.08,0.8735150244584207,-0.017770690933533118,0.01179072172449569,0.0005183007269184969,0.0004467985517342399,prewar,0,0,0,0
2018-11-20,61.5,53.39,116.2367,6.9448,112.66,1128.53,0.8778860503906593,-0.04203101945253618,-0.06823089054957165,0.002159997325934526,0.0007202224358113796,prewar,0,0,0,0
2018-11-21,61.65,54.41,116.092,6.9248,113.06,1127.3,0.8777319406653208,0.002436054797880338,0.01892449798573903,-0.0012456491058596697,-0.0028840073055451665,prewar,0,0,0,0
2018-11-22,61.11,,,,,,,-0.008797710703528416,,,,prewar,0,0,0,0
2018-11-23,57.69,,116.4713,6.9477,112.83,1130.9,0.8824567596187787,-0.05759167063802639,,,,prewar,0,0,0,0
2018-11-26,59.7,51.46,116.6208,6.9397,113.58,1126.69,0.8821453775582216,0.03424817212975828,,0.0012827549324896381,-0.0011521236350831021,prewar,0,0,0,0
2018-11-27,59.58,51.31,116.9001,6.9498,113.84,1129.41,0.8864462370357237,-0.0020120731134198877,-0.002919141899724753,0.0023920782523569883,0.0014543362655536907,prewar,0,0,0,0
2018-11-28,57.97,50.06,116.8343,6.9534,113.96,1127.81,0.886053517632465,-0.027394311933495175,-0.024663378950245285,-0.0005630322429066581,0.0005178664020448753,prewar,0,0,0,0
2018-11-29,58.29,51.46,116.1961,6.9419,113.42,1119.91,0.8785802143735723,0.005504916705817209,0.027582520849970038,-0.0054774106348958185,-0.0016552363210073917,prewar,0,0,0,0
2018-11-30,57.71,50.78,116.413,6.9558,113.54,1118.61,0.8831581736288968,-0.010000083334583465,-0.01330223057706581,0.001864931878110987,0.002000331657017851,prewar,0,0,0,0
2018-12-03,60.17,52.98,115.9057,6.8798,113.54,1110.2,0.8805917576611484,0.041743420509384954,0.04241190756739144,-0.004367283445696479,-0.010986262166997163,prewar,0,0,0,0
2018-12-04,61.22,53.21,116.0028,6.8343,112.93,1108.82,0.881445570736007,0.017300044285006422,0.004331864764353988,0.0008373992818215825,-0.0066355308693948345,prewar,0,0,0,0
2018-12-05,61.4,52.64,,,,,,0.0029359016358299073,-0.010770061591216074,,,prewar,0,0,0,0
2018-12-06,57.83,51.54,116.3991,6.8816,112.46,1122.07,0.8791981712678038,-0.059902162982969465,-0.02111808179284269,,,prewar,0,0,0,0
2018-12-07,61.71,52.76,116.0847,6.8733,112.6,1121.8,0.8779631255487269,0.06493832016284884,0.02339512262489496,-0.0027047062347094197,-0.0012068427989138097,prewar,0,0,0,0
2018-12-10,60.29,51.07,116.6746,6.9077,112.96,1128.3,0.8796622097114708,-0.023279739831661317,-0.03255608718956138,0.005068766429480398,0.004992391183322287,prewar,0,0,0,0
2018-12-11,59.73,51.65,116.7564,6.8968,113.41,1128.6,0.8838607035531201,-0.009331845757099444,0.011292954906095165,0.0007008495302534001,-0.0015791955181649886,prewar,0,0,0,0
2018-12-12,59.94,51.04,116.2214,6.8778,113.28,1124.51,0.880126738250308,0.0035096551443025703,-0.011880556529113129,-0.004592720339872791,-0.002758702546696412,prewar,0,0,0,0
2018-12-13,59.03,52.69,116.3974,6.8798,113.66,1124.73,0.8804366966015145,-0.015298272635919652,0.031816045184659636,0.0015132055842741465,0.0002907483883947126,prewar,0,0,0,0
2018-12-14,58.56,51.26,116.79,6.905,113.35,1133.2,0.8849557522123894,-0.007993919599541321,-0.027514963285269367,0.0033672520123655403,0.0036562051059789713,prewar,0,0,0,0
2018-12-17,57.59,49.8,116.4532,6.8962,112.96,1130.17,0.8819119851838787,-0.016702928134475492,-0.02889573690531755,-0.002887974732701082,-0.001275251600237004,prewar,0,0,0,0
2018-12-18,55.26,46.12,116.4127,6.8939,112.54,1127.76,0.8799718409010912,-0.04129962202331061,-0.07676828862974894,-0.00034783968291041134,-0.00033357263853450725,prewar,0,0,0,0
2018-12-19,55.6,47.96,116.0676,6.8918,112.15,1120.96,0.8755034144633164,0.006133881761265947,0.039120634758455175,-0.002968855885672639,-0.00030466353050528916,prewar,0,0,0,0
2018-12-20,52.84,45.64,116.0183,6.8834,111.34,1123.87,0.8747375787263821,-0.05091472160241173,-0.04958280516543878,-0.00042484270471820906,-0.0012195831699239879,prewar,0,0,0,0
2018-12-21,51.93,45.38,116.2227,6.9048,111.14,1125.3,0.8770391159445711,-0.01737182179789709,-0.005713045642179004,0.0017602408943888648,0.0031041060012559907,prewar,0,0,0,0
2018-12-24,,,116.2182,,,,,,,-3.8719519676710945e-05,,prewar,0,0,0,0
2018-12-25,,,,,,,,,,,,prewar,0,0,0,0
2018-12-26,,46.04,116.1162,6.8847,110.45,1124.23,0.876577840112202,,,,,prewar,0,0,0,0
2018-12-27,51.49,44.48,115.9927,6.8649,110.78,1121.37,0.8762705923589205,,-0.03447093391135514,-0.0010641557618393804,-0.002880085775087693,prewar,0,0,0,0
2018-12-28,50.57,45.15,115.7232,6.8755,110.34,1114.9,0.873743993010048,-0.01802909896615823,0.014950629920667868,-0.00232612541063304,0.0015428957094114626,prewar,0,0,0,0
2018-12-31,,,115.5674,6.8755,109.7,1112.85,0.8729050279329609,,,-0.0013472231345756924,0.0,prewar,0,0,0,0
2019-01-01,,,,,,,,,,,,prewar,0,0,0,0
2019-01-02,54.06,46.31,115.7689,6.8597,109.22,1119.11,0.880514220304658,,,,,prewar,0,0,0,0
2019-01-03,53.23,46.92,115.4622,6.8708,108.07,1124.64,0.8772699359592947,-0.015472393663635842,0.013086103292614393,-0.002652758905331787,0.0016168387776271942,prewar,0,0,0,0
2019-01-04,55.64,47.76,114.9821,6.8663,108.29,1116.73,0.8764241893076249,0.044280219870576065,0.01774444529907182,-0.004166739594889002,-0.0006551601372870586,prewar,0,0,0,0
2019-01-07,57.1,48.27,114.5628,6.8501,108.62,1117.5,0.8719916288803627,0.025901749606722646,0.010621780588055074,-0.0036533198198469563,-0.0023621369357240685,prewar,0,0,0,0
2019-01-08,56.91,49.58,114.7281,6.8519,108.57,1122.93,0.8738203425375742,-0.00333304404693191,0.026777276934642824,0.0014418367989019742,0.00026273536861110003,prewar,0,0,0,0
2019-01-09,59.46,52.19,114.1406,6.8117,108.38,1117.7,0.8677542519958347,0.04383274495491918,0.05130337904827709,-0.005133959256293785,-0.005884264175213705,prewar,0,0,0,0
2019-01-10,60.47,52.42,114.0496,6.7875,108.29,1116.1,0.8682816705739342,0.016843556715169683,0.004397292239938455,-0.0007975803064645959,-0.003559036641065827,prewar,0,0,0,0
2019-01-11,59.24,51.44,114.0404,6.7596,108.34,1117.18,0.8711560240439064,-0.02055038488552352,-0.018872117965896162,-8.06699110436071e-05,-0.00411896855352234,prewar,0,0,0,0
2019-01-14,58.8,50.31,,,,,,-0.007455134495017113,-0.022212215426136606,,,prewar,0,0,0,0
2019-01-15,58.65,51.8,114.3402,6.7595,108.72,1122.59,0.877808988764045,-0.002554279805096371,0.02918628476220997,,,prewar,0,0,0,0
2019-01-16,59.81,52.08,114.137,6.7532,108.84,1119.1,0.876577840112202,0.019585295956980886,0.005390848634876377,-0.0017787337517720658,-0.0009324562014216831,prewar,0,0,0,0
2019-01-17,59.85,51.83,114.4115,6.7735,109.01,1123.34,0.8782715615668364,0.000668560947516994,-0.004811865698698625,0.002402117117307867,0.003001473417752587,prewar,0,0,0,0
2019-01-18,62.04,53.6,114.558,6.7765,109.79,1122.8,0.880126738250308,0.03593790630435567,0.03357993587514141,0.0012796465904072463,0.0004428044352795535,prewar,0,0,0,0
2019-01-21,62.18,,,,,,,0.0022540663222692103,,,,prewar,0,0,0,0
2019-01-22,60.9,52.59,114.7541,6.8072,109.34,1129.52,0.8803591865481117,-0.020800229914756052,,,,prewar,0,0,0,0
2019-01-23,61.05,52.44,114.5759,6.7897,109.44,1127.89,0.8779631255487269,0.0024600258408620235,-0.002856328705754141,-0.0015540926687807044,-0.002574117580188773,prewar,0,0,0,0
2019-01-24,61.09,52.94,114.617,6.7835,109.72,1126.33,0.8832361773538243,0.0006549861049620631,0.009489537903456302,0.0003586498573087127,-0.00091356502979556,prewar,0,0,0,0
2019-01-25,61.49,53.53,114.0197,6.7448,109.6,1117.58,0.8766546857192952,0.006526373303702648,0.011083047606334606,-0.005224894855754059,-0.005721355316897547,prewar,0,0,0,0
2019-01-28,59.71,51.79,114.0522,6.7437,109.2,1118.7,0.8742787200559539,-0.02937504940647706,-0.03304516396948998,0.00028499784690705354,-0.00016310190198143282,prewar,0,0,0,0
2019-01-29,60.98,53.07,114.026,6.7304,109.36,1117.75,0.8753501400560223,0.021046431001208177,0.024414716404003833,-0.00022974576364820365,-0.0019741584698804715,prewar,0,0,0,0
2019-01-30,61.89,54.18,114.0731,6.7115,109.57,1117.29,0.8758101243650377,0.014812674191160724,0.0207000398171453,0.00041297839990939167,-0.0028121043089130993,prewar,0,0,0,0
2019-01-31,62.46,53.84,113.5504,6.6958,108.84,1111.82,0.8730574471800244,0.00916773610366306,-0.006295151320476755,-0.0045926797431974364,-0.002342008782709959,prewar,0,0,0,0
2019-02-01,61.86,55.29,113.7548,6.7426,109.55,1118.31,0.8715356458079135,-0.009652584598009106,0.02657537501336904,0.0017984635203580623,0.006965143052952039,prewar,0,0,0,0
2019-02-04,62.26,54.57,113.8766,6.7426,109.96,1119.15,0.8742787200559539,0.006445397756538185,-0.013107779151700694,0.0010701512324224893,0.0,prewar,0,0,0,0
2019-02-05,61.67,53.69,114.0431,6.7426,109.99,1117.2,0.8767315448009819,-0.009521576010060429,-0.016257516763662494,0.0014610411440356685,0.0,prewar,0,0,0,0
2019-02-06,62.22,53.94,114.2305,6.7426,109.75,1119.35,0.8787346221441126,0.008878902466089578,0.004645553277105918,0.0016418897507151087,0.0,prewar,0,0,0,0
2019-02-07,61.01,52.68,114.4339,6.7426,109.7,1124.11,0.880514220304658,-0.019638706305729947,-0.023636440836503514,0.001779026850227794,0.0,prewar,0,0,0,0
2019-02-08,61.37,52.75,114.5003,6.7426,109.76,1123.14,0.8829242450997704,0.0058833312372446045,0.0013278954810953536,0.0005800793578414343,0.0,prewar,0,0,0,0
2019-02-11,61.3,52.43,115.031,6.7907,110.4,1126.05,0.8867606632969762,-0.0011412734588400753,-0.0060848257717345255,0.00462421417626846,0.0071084218246182385,prewar,0,0,0,0
2019-02-12,62.58,53.14,114.7297,6.7726,110.5,1122.27,0.8837044892188053,0.020665895298570547,0.013450993747226025,-0.002622730281663266,-0.002668968576150288,prewar,0,0,0,0
2019-02-13,63.27,53.84,114.9407,6.7598,110.86,1123.32,0.885896527285613,0.010965544918057013,0.01308674500480489,0.0018374162222301038,-0.0018917566458760415,prewar,0,0,0,0
2019-02-14,64.0,54.4,115.1007,6.7711,110.68,1128.0,0.8862105636299185,0.011471800200878235,0.010347468525424564,0.0013910541824246891,0.0016702514432898052,prewar,0,0,0,0
2019-02-15,65.65,55.58,114.9923,6.768,110.54,1125.59,0.8874689385871495,0.025454517389134068,0.021459270452460988,-0.0009422277776351962,-0.00045793295775542475,prewar,0,0,0,0
2019-02-18,66.41,,,,,,,0.011510046803816287,,,,prewar,0,0,0,0
2019-02-19,65.86,56.12,114.57,6.756,110.68,1124.54,0.8827683615819208,-0.008316370604403822,,,,prewar,0,0,0,0
2019-02-20,66.82,56.9,,,,,,0.014471159980391946,0.013803085898024925,,,prewar,0,0,0,0
2019-02-21,66.91,56.95,114.5091,6.7195,110.72,1125.53,0.8819897689186806,0.0013459958661155014,0.0008783487609065332,,,prewar,0,0,0,0
2019-02-22,66.91,57.01,114.2716,6.7112,110.7,1121.07,0.881678716275789,0.0,0.0010530011502991599,-0.0020762248329173616,-0.0012359744550338725,prewar,0,0,0,0
2019-02-25,64.02,55.32,114.1457,6.6844,111.07,1116.1,0.881445570736007,-0.04415289825300839,-0.03009218424693305,-0.0011023684523863153,-0.004001319202857401,prewar,0,0,0,0
2019-02-26,64.51,55.4,114.0687,6.698,110.76,1116.88,0.8791981712678038,0.007624716002433196,0.0014450869566804414,-0.0006748040695230273,0.0020325210249223513,prewar,0,0,0,0
2019-02-27,65.55,56.92,114.0363,6.6822,110.92,1117.74,0.8795074758135444,0.01599295966555836,0.027067179468413194,-0.0002840797020491337,-0.0023616997270403672,prewar,0,0,0,0
2019-02-28,65.03,57.21,114.1991,6.6912,111.38,1124.65,0.8788118463836894,-0.007964508328647923,0.005081935058786513,0.0014265975182699009,0.0013459556072050738,prewar,0,0,0,0
2019-03-01,63.71,55.76,114.537,6.7048,111.89,1126.76,0.8790436005625879,-0.020507165752664314,-0.02567194182816923,0.002954498619113899,0.0020304575503817812,prewar,0,0,0,0
2019-03-04,64.44,56.6,114.6925,6.7045,111.68,1126.73,0.8827683615819208,0.011393022180377521,0.014952218756868696,0.0013567191295384973,-4.474506499962949e-05,prewar,0,0,0,0
2019-03-05,64.24,56.55,114.804,6.706,111.98,1126.46,0.8849557522123894,-0.003108488670267917,-0.0008837826470076138,0.000971692455205897,0.00022370530647730646,prewar,0,0,0,0
2019-03-06,64.51,56.22,114.9714,6.7099,111.66,1127.18,0.88339222614841,0.004194180905644274,-0.00585263708374395,0.001457075297153665,0.000581399698843521,prewar,0,0,0,0
2019-03-07,64.82,56.6,115.4919,6.7132,111.6,1133.18,0.8917424647761727,0.004793947169250856,0.006736419730751564,0.004516995851319372,0.000491689709006593,prewar,0,0,0,0
2019-03-08,65.66,55.77,115.3599,6.7201,111.11,1131.74,0.8894423196655696,0.012875714360045087,-0.014772894807674852,-0.001143590947835449,0.0010272979248318048,prewar,0,0,0,0
2019-03-11,65.06,56.79,115.2967,6.7215,111.21,1133.05,0.8907892392659896,-0.009179991028240408,0.018124163487878597,-0.0005480008079681298,0.00020830853545139583,prewar,0,0,0,0
2019-03-12,65.33,56.89,114.939,6.707,111.38,1127.89,0.8868393047179851,0.004141427807453191,0.0017593248732152844,-0.0031072530263562825,-0.0021595867945700675,prewar,0,0,0,0
2019-03-13,65.89,58.27,114.7372,6.7064,111.23,1130.47,0.8841732979664014,0.00853533607306911,0.023967802392427018,-0.0017572569724597642,-8.946277608967712e-05,prewar,0,0,0,0
2019-03-14,66.18,58.59,114.79,6.7209,111.71,1135.05,0.8846426043878273,0.004391617567738315,0.0054766524017138,0.00046007619952082024,0.002159779797345829,prewar,0,0,0,0
2019-03-15,66.11,58.51,114.5815,6.7129,111.57,1134.44,0.8829242450997704,-0.0010582811479800114,-0.00136635375655203,-0.0018180118927348943,-0.001191025762732112,prewar,0,0,0,0
2019-03-18,66.65,59.09,114.4375,6.7121,111.41,1131.74,0.8820675663755845,0.008135025279231378,0.00986402555743826,-0.0012575377499404183,-0.00011918063328808515,prewar,0,0,0,0
2019-03-19,67.13,59.12,114.2324,6.7106,111.38,1129.0,0.8813678829543451,0.007175991325942377,0.0005075712823634504,-0.0017938526670926436,-0.00022350197892295753,prewar,0,0,0,0
2019-03-20,68.35,60.12,114.1509,6.6916,111.41,1128.25,0.8809020436927414,0.01801052521929858,0.016773288244826823,-0.0007137124602332179,-0.0028353572889245893,prewar,0,0,0,0
2019-03-21,68.3,59.98,114.1684,6.6952,110.86,1128.4,0.8802042073761112,-0.0007317965932145398,-0.002331391563910934,0.00015329409326536592,0.0005378432615386064,prewar,0,0,0,0
2019-03-22,66.29,58.87,114.6856,6.7162,109.76,1136.8,0.8863676653075695,-0.02987071032344435,-0.01867955028069268,0.004519919953496654,0.003131666666095212,prewar,0,0,0,0
2019-03-25,67.37,58.71,114.4171,6.7079,110.09,1131.88,0.8830801836806782,0.01616075871926892,-0.002721552964075613,-0.002343928054346023,-0.0012365821258260024,prewar,0,0,0,0
2019-03-26,67.51,59.87,114.6414,6.7145,110.5,1133.55,0.8865248226950355,0.0020759200812108247,0.019565474861166443,0.001958452287887269,0.0009834307622964555,prewar,0,0,0,0
2019-03-27,67.35,59.39,115.1243,6.7262,110.38,1138.09,0.8888888888888888,-0.0023728321974063604,-0.008049682909492262,0.004203418621830046,0.0017409811922355356,prewar,0,0,0,0
2019-03-28,66.08,59.29,115.2581,6.7381,110.54,1136.65,0.8899964400142399,-0.019036773643650307,-0.001685204308492061,0.0011615471932184818,0.0017676378420721228,prewar,0,0,0,0
2019-03-29,67.93,60.19,115.1371,6.7112,110.68,1136.3,0.8906305664410402,0.027611633990487938,0.015065567840403027,-0.0010503692014820487,-0.0040002135234527,prewar,0,0,0,0
2019-04-01,69.08,61.59,114.9362,6.7102,111.29,1133.0,0.8920606601248885,0.016787490075267364,0.022993294139272535,-0.0017464003955325325,-0.00014901575124071087,prewar,0,0,0,0
2019-04-02,69.68,62.53,115.1173,6.7223,111.32,1137.16,0.8939746111210441,0.008648079265769049,0.01514692188025446,0.001574416710974802,0.0018016010828683093,prewar,0,0,0,0
2019-04-03,69.21,62.46,114.7211,6.7098,111.48,1134.29,0.8895214374666429,-0.006767971690475605,-0.0011200897242735763,-0.003447643147916679,-0.0018612136015148106,prewar,0,0,0,0
2019-04-04,69.8,62.12,114.9697,6.7167,111.55,1136.05,0.891583452211127,0.008488648914554808,-0.005458353574447017,0.0021646500170859895,0.0010278182113634404,prewar,0,0,0,0
2019-04-05,69.93,63.1,114.9726,6.7182,111.71,1136.87,0.8915039671926541,0.001860731947449068,0.015652771266681853,2.5223719169353842e-05,0.0002232990206452179,prewar,0,0,0,0
2019-04-08,71.12,64.37,114.6893,6.7158,111.47,1143.25,0.8879417510211329,0.01687384948987347,0.019926916517357007,-0.0024671061564394137,-0.0003573023709295686,prewar,0,0,0,0
2019-04-09,71.02,64.05,114.5321,6.7111,111.08,1140.25,0.8866820358219543,-0.0014070636907073109,-0.004983657721781221,-0.0013715998998771184,-0.0007000871670994613,prewar,0,0,0,0
2019-04-10,71.63,64.62,114.4269,6.7153,110.92,1137.26,0.8876264867743653,0.008552453111418501,0.008859932053608688,-0.0009189418839445906,0.0006256331015008776,prewar,0,0,0,0
2019-04-11,71.3,63.61,114.6303,6.7188,111.48,1140.73,0.8879417510211329,-0.004617653206110184,-0.015753269705639283,0.001775976074638308,0.0005210620851696657,prewar,0,0,0,0
2019-04-12,71.57,63.86,114.3531,6.7039,112.0,1133.0,0.8846426043878273,0.003779664330256338,0.003922496595922809,-0.0024211373873388453,-0.002220120559961014,prewar,0,0,0,0
2019-04-15,70.9,63.43,114.495,6.7072,112.0,1133.6,0.8846426043878273,-0.009405558212424836,-0.006756251640830158,0.0012401240664505764,0.0004921296637268036,prewar,0,0,0,0
2019-04-16,70.74,64.01,114.6756,6.7112,111.95,1136.13,0.8855042946958293,-0.002259249760746762,0.009102385508106714,0.0015761187288987344,0.000596196285471251,prewar,0,0,0,0
2019-04-17,71.14,63.74,114.5141,6.687,112.0,1131.7,0.8851907586084802,0.00563858274297413,-0.004227012164721877,-0.0014093131299572903,-0.0036124294781063604,prewar,0,0,0,0
2019-04-18,70.71,64.02,114.7073,6.7081,111.94,1136.2,0.8896005693443643,-0.006062760904159248,0.004383225552526682,0.001685706882079252,0.0031504083510511816,prewar,0,0,0,0
2019-04-19,,,114.6977,6.7032,111.92,1135.4,0.8892050506846878,,,-8.369477566461114e-05,-0.0007307271059531217,prewar,0,0,0,0
2019-04-22,70.71,65.66,114.7694,6.7112,111.94,1140.52,0.8882572392965004,,,0.0006249262080135765,0.0011927482330083006,prewar,0,0,0,0
2019-04-23,74.39,66.24,115.1578,6.7249,111.86,1143.22,0.8918219923303309,0.05073451858710065,0.008794598003557752,0.003378463874075699,0.002039282938921305,prewar,0,0,0,0
2019-04-24,73.59,65.96,115.4187,6.7207,111.81,1155.65,0.8934953538241601,-0.0108123772647426,-0.004236012385606003,0.002263024300786398,-0.0006247397121148524,prewar,0,0,0,0
2019-04-25,74.94,65.23,115.7709,6.7418,111.59,1160.15,0.8976660682226211,0.018178646427033485,-0.011129011883393325,0.0030468522153679345,0.003134635807209296,prewar,0,0,0,0
2019-04-26,71.03,63.29,115.4767,6.7282,111.6,1158.1,0.8965393580778197,-0.05358547035582273,-0.03019214702079065,-0.002544460212583033,-0.002019302839088466,prewar,0,0,0,0
2019-04-29,71.22,63.39,115.5227,6.7332,111.8,1160.0,0.8955758552749418,0.0026713548399133202,0.0015787815088605939,0.0003982694379986995,0.0007428648179144126,prewar,0,0,0,0
2019-04-30,72.19,63.83,115.3281,6.7347,111.4,1165.1,0.8927774305865547,0.013527854301437436,0.006917178971891147,-0.001685937809996929,0.00022275187760567583,prewar,0,0,0,0
2019-05-01,72.01,63.55,115.0022,6.7319,111.18,1161.61,0.8892050506846878,-0.002496533890293584,-0.004396301632502819,-0.002829851022513985,-0.0004158436487828876,prewar,0,0,0,0
2019-05-02,70.56,61.75,115.5617,6.7337,111.39,1166.62,0.8941344778254648,-0.020341586562239833,-0.028733022127376273,0.004853327847436084,0.00026734791033766747,prewar,0,0,0,0
2019-05-03,71.95,61.98,115.2646,6.7337,111.28,1165.95,0.8939746111210441,0.019508021634840667,0.0037177768515155307,-0.002574231481119682,0.0,prewar,0,0,0,0
2019-05-06,71.95,62.3,115.3811,6.7602,110.86,1169.2,0.8930963650977941,0.0,0.005149673433805013,0.0010102075166154023,0.003927705714088292,prewar,0,0,0,0
2019-05-07,70.98,61.41,115.6116,6.7755,110.34,1172.5,0.8946144211844695,-0.013573286115025951,-0.014388737452099676,0.0019957347267336445,0.002260689364593116,prewar,0,0,0,0
2019-05-08,71.09,62.13,115.5171,6.7818,110.12,1170.2,0.892379082634303,0.0015485327230413404,0.011656275734295285,-0.0008177262734214708,0.0009293886619718972,prewar,0,0,0,0
2019-05-09,70.61,61.58,115.8421,6.8256,109.55,1183.1,0.8906305664410402,-0.0067749024131362745,-0.008891821579248393,0.002809485974834658,0.0064376958522909256,prewar,0,0,0,0
2019-05-10,71.63,61.65,115.5334,6.8217,109.56,1176.62,0.8896005693443643,0.014342203098104633,0.0011360871139984852,-0.002668391278851878,-0.0005715416391760542,prewar,0,0,0,0
2019-05-13,72.35,60.97,115.915,6.8765,109.18,1186.94,0.8903133903133903,0.010001472451132365,-0.011091289690628336,0.0032974982395819197,0.008001093916907287,prewar,0,0,0,0
2019-05-14,72.53,61.82,115.9425,6.8737,109.68,1186.94,0.892299455697332,0.002484816297828374,0.013844996784246,0.0002372146696050237,-0.00040726680902136714,prewar,0,0,0,0
2019-05-15,73.09,62.03,115.8565,6.8742,109.58,1188.74,0.8922198429693077,0.007691289116979583,0.0033912022810556053,-0.0007420222170582136,7.273838189414406e-05,prewar,0,0,0,0
2019-05-16,74.7,62.93,116.0346,6.8832,109.89,1190.52,0.8946144211844695,0.02178853364647093,0.014404858553816347,0.001536066153629001,0.0013083869457757302,prewar,0,0,0,0
2019-05-17,73.94,62.77,116.448,6.9182,109.9,1195.07,0.8955758552749418,-0.01022613863028532,-0.002545745209402206,0.003556398936717109,0.005071960095435646,prewar,0,0,0,0
2019-05-20,73.21,63.12,116.3119,6.9111,109.96,1193.81,0.8952551477170994,-0.009921929849935118,0.005560424208178816,-0.0011694455575117502,-0.0010268054961293238,prewar,0,0,0,0
2019-05-21,72.94,63.02,116.2844,6.9007,110.6,1194.31,0.8962179602079227,-0.0036948382780170874,-0.0015855402084907766,-0.00023646120018305794,-0.001505958957634057,prewar,0,0,0,0
2019-05-22,71.94,61.42,116.2412,6.9054,110.28,1194.36,0.8963786303334529,-0.013804747113056237,-0.025716621316451693,-0.00037157199462800605,0.0006808584874171686,prewar,0,0,0,0
2019-05-23,68.37,57.65,116.2368,6.9087,109.58,1189.31,0.8950948800572861,-0.05089830634177517,-0.063345268297609,-3.78530441640379e-05,0.00047777271957971656,prewar,0,0,0,0
2019-05-24,67.98,58.4,116.0806,6.8997,109.38,1186.2,0.8930963650977941,-0.005720587657732423,0.012925643119113595,-0.0013447122216190266,-0.0013035545428059514,prewar,0,0,0,0
2019-05-27,,,,,,,,,,,,prewar,0,0,0,0
2019-05-28,70.19,58.91,116.3174,6.9078,109.49,1186.66,0.8946944618412813,,,,,prewar,0,0,0,0
2019-05-29,70.64,58.84,116.5535,6.9138,109.24,1186.66,0.8979885057471265,0.006390705553374509,-0.0011889598003591573,0.0020277336575569294,0.0008682063403500084,prewar,0,0,0,0
2019-05-30,69.55,56.47,116.3989,6.9011,109.67,1189.14,0.8976660682226211,-0.01555063792625333,-0.04111237204849161,-0.0013273099800414911,-0.001838595078881955,prewar,0,0,0,0
2019-05-31,66.78,53.49,116.7273,6.9027,108.66,1190.5,0.896941429724639,-0.040642283853943084,-0.054214803141586554,0.002817360015505699,0.0002318202244548928,prewar,0,0,0,0
2019-06-03,63.16,53.25,116.4764,6.9028,108.39,1180.97,0.892379082634303,-0.05573244512806763,-0.004496915953624114,-0.0021517677190177054,1.4486979827088575e-05,prewar,0,0,0,0
2019-06-04,63.56,53.5,116.091,6.9072,108.3,1180.58,0.8899964400142399,0.00631315228107443,0.004683849312426158,-0.003314311058132624,0.0006372194277892707,prewar,0,0,0,0
2019-06-05,62.14,51.57,116.03,6.9084,108.2,1178.24,0.8895214374666429,-0.022594437703614467,-0.03674154583909317,-0.0005255879597640956,0.0001737166685511493,prewar,0,0,0,0
2019-06-06,62.77,52.59,115.9771,6.9082,108.08,1179.51,0.8854258898530193,0.010087348364539395,0.01958587953838542,-0.0004560205348607127,-2.8950682514405912e-05,prewar,0,0,0,0
2019-06-07,64.1,53.95,115.7368,6.9057,108.15,1181.27,0.8830801836806782,0.020967111597183674,0.02553170410289063,-0.0020741102380670284,-0.00036195426741070236,prewar,0,0,0,0
2019-06-10,64.31,53.33,115.5001,6.9298,108.56,1185.01,0.8840951286358413,0.0032707762201482637,-0.011558667091633001,-0.0020472518241865245,0.0034837952187911636,prewar,0,0,0,0
2019-06-11,63.56,53.3,115.3794,6.9107,108.52,1178.88,0.8837044892188053,-0.011730798478256865,-0.0005626934407119144,-0.0010455671551259371,-0.0027600176474598115,prewar,0,0,0,0
2019-06-12,61.66,51.13,115.438,6.9161,108.42,1182.82,0.8841732979664014,-0.030348919210511305,-0.04156492207989082,0.0005077606909971166,0.0007810918324626659,prewar,0,0,0,0
2019-06-13,63.28,52.38,115.6275,6.9212,108.44,1183.23,0.8869179600886918,0.025933901001394588,0.024153429987658015,0.0016402279222562655,0.0007371380588601095,prewar,0,0,0,0
2019-06-14,63.13,52.47,115.9057,6.9247,108.44,1184.7,0.8915039671926541,-0.002373231079864091,0.0017167386190544143,0.002403112243794858,0.0005055648350122954,prewar,0,0,0,0
2019-06-17,62.56,51.94,115.9684,6.9251,108.56,1186.53,0.8900756564307967,-0.009069996142478942,-0.010152371464017929,0.0005408107376219107,5.776256698464266e-05,prewar,0,0,0,0
2019-06-18,63.35,53.86,115.8797,6.9002,108.39,1185.37,0.8931761343336907,0.012548810530092602,0.03629888114885027,-0.0007651561891384162,-0.0036020957119646813,prewar,0,0,0,0
2019-06-19,62.85,53.74,115.7889,6.8996,108.36,1185.37,0.8917424647761727,-0.007923971730892099,-0.002230484196107607,-0.0007838783905071978,-8.69577820516998e-05,prewar,0,0,0,0
2019-06-20,65.44,56.88,114.8046,6.851,107.52,1159.05,0.8862105636299185,0.04038275725823581,0.056786182307640765,-0.008537152853129726,-0.0070688118875748,prewar,0,0,0,0
2019-06-21,65.99,57.35,114.8377,6.8686,107.55,1163.25,0.8827683615819208,0.008369523100838272,0.00822905808039387,0.00028827441833900735,0.0025656738760022613,prewar,0,0,0,0
2019-06-24,65.16,57.73,114.6559,6.8758,107.36,1156.14,0.8777319406653208,-0.01265743166148603,0.006604125497462476,-0.0015843582394401423,0.0010476995225117136,prewar,0,0,0,0
2019-06-25,66.24,57.63,114.6363,6.8791,106.92,1155.97,0.8782715615668364,0.016438726343159793,-0.0017337036242670578,-0.0001709608966002918,0.00047982901559651125,prewar,0,0,0,0
2019-06-26,66.85,59.17,114.5608,6.8781,107.64,1156.36,0.8779631255487269,0.009166793470948065,0.026371391240027187,-0.0006588216232303878,-0.00014537842028339298,prewar,0,0,0,0
2019-06-27,66.78,59.18,114.665,6.8762,107.73,1157.86,0.8793527963418923,-0.0010476690324434657,0.0001689902834609569,0.0009091472877589268,-0.000276277238694167,prewar,0,0,0,0
2019-06-28,67.52,58.2,114.5821,6.865,107.84,1154.58,0.8791981712678038,0.011020215772193254,-0.01669829223467101,-0.0007232370975565061,-0.0016301345559603941,prewar,0,0,0,0
2019-07-01,65.1,58.91,114.7239,6.8487,108.42,1158.5,0.8844078889183691,-0.036499301073178,0.01212550079620378,0.0012367754709856627,-0.002377185978395202,prewar,0,0,0,0
2019-07-02,62.72,56.0,114.8258,6.8717,107.98,1166.31,0.8848774444739402,-0.03724417317237183,-0.050659164798446454,0.0008878252221062866,0.0033526750742183253,prewar,0,0,0,0
2019-07-03,63.53,57.06,114.8135,6.8806,107.84,1171.14,0.8869179600886918,0.012831859236289489,0.018751655050204263,-0.00010712452103600612,0.0012943291293101566,prewar,0,0,0,0
2019-07-04,63.62,,,,,,,0.0014156510425564761,,,,prewar,0,0,0,0
2019-07-05,64.23,,115.1132,6.8925,108.55,1170.26,0.891583452211127,0.009542504948703012,,,,prewar,0,0,0,0
2019-07-08,64.89,57.35,115.0254,6.8808,108.72,1181.31,0.8922198429693077,0.010223137363376544,,-0.0007630184963298703,-0.0016989396606821305,prewar,0,0,0,0
2019-07-09,64.3,57.57,115.1017,6.8866,108.78,1180.2,0.8920606601248885,-0.009133897389503431,0.003828755112338378,0.0006631118438100714,0.0008425701792831308,prewar,0,0,0,0
2019-07-10,66.41,60.28,115.0879,6.8705,108.44,1181.58,0.8880994671403198,0.03228801630904776,0.04599877507057659,-0.00011990115988336214,-0.002340610644723684,prewar,0,0,0,0
2019-07-11,67.64,59.93,114.8361,6.8682,108.29,1173.35,0.8880206020779682,0.018351876477757934,-0.005823159288200763,-0.0021902898406844784,-0.00033482061934342333,prewar,0,0,0,0
2019-07-12,66.65,59.99,114.7685,6.8796,108.0,1178.71,0.888572951839346,-0.014744477405661982,0.0010006671949076562,-0.0005888383939458564,0.0016584475498517826,prewar,0,0,0,0
2019-07-15,66.86,59.3,114.6819,6.8769,107.89,1179.04,0.8880994671403198,0.003145834367234812,-0.011568575661321745,-0.0007548472707998855,-0.0003925417125969499,prewar,0,0,0,0
2019-07-16,65.87,57.44,115.0111,6.8753,108.35,1177.31,0.8919015340706387,-0.014917778339350818,-0.0318683812637115,0.00286643672558462,-0.00023269004337045374,prewar,0,0,0,0
2019-07-17,63.67,56.5,114.8819,6.8731,108.1,1181.09,0.8903133903133903,-0.033969608623667824,-0.016500286587572965,-0.0011240012840962876,-0.0003200372434288834,prewar,0,0,0,0
2019-07-18,60.7,55.08,114.8744,6.8788,107.74,1178.29,0.8906305664410402,-0.04776979596348152,-0.025453964291941134,-6.528656670301558e-05,0.0008289764071032213,prewar,0,0,0,0
2019-07-19,61.04,55.42,114.8695,6.8812,107.78,1173.92,0.89126559714795,0.005585688910748843,0.006153865574377804,-4.265619240140239e-05,0.00034883721283973657,prewar,0,0,0,0
2019-07-22,61.96,55.87,115.0018,6.8803,107.91,1178.17,0.8917424647761727,0.014959628572466244,0.008087024036225188,0.0011510790134128257,-0.00013079969498708266,prewar,0,0,0,0
2019-07-23,62.28,56.58,115.2995,6.8787,108.06,1178.72,0.8963786303334529,0.005151331417129867,0.012628002402363947,0.0025853103374977593,-0.00023257504283913377,prewar,0,0,0,0
2019-07-24,63.83,55.9,115.2436,6.8717,108.08,1177.54,0.8975854950184005,0.024582952302168337,-0.012091185712368002,-0.00048494187069980654,-0.0010181522871632875,prewar,0,0,0,0
2019-07-25,63.47,55.88,115.2982,6.8714,108.58,1181.17,0.8963786303334529,-0.005655945949587071,-0.00035784577229236447,0.0004736668232903085,-4.3658272157909295e-05,prewar,0,0,0,0
2019-07-26,62.46,56.04,115.5449,6.8785,108.69,1184.51,0.899199712256092,-0.01604100146344578,0.002859187080045622,0.002137383304233964,0.0010327348753136345,prewar,0,0,0,0
2019-07-29,62.29,56.85,115.5885,6.8927,108.86,1183.36,0.8975049362771494,-0.0027254525888791292,0.014350498727738525,0.00037727131186748863,0.0020622756234305317,prewar,0,0,0,0
2019-07-30,62.55,58.04,115.6211,6.8833,108.66,1181.94,0.897021887334051,0.0041653376468664405,0.020716207819441834,0.0002819952131405401,-0.0013646924301493613,prewar,0,0,0,0
2019-07-31,64.07,58.53,115.4946,6.8833,108.58,1182.74,0.8984725965858041,0.02400999873801002,0.008407015287142272,-0.0010946899118717823,0.0,prewar,0,0,0,0
2019-08-01,62.9,53.64,116.0499,6.8972,108.28,1187.0,0.903995660820828,-0.018430071944535165,-0.08724438488965136,0.004796495400402279,0.0020173440316448854,prewar,0,0,0,0
2019-08-02,61.12,55.67,116.1864,6.9387,106.64,1196.59,0.8999280057595392,-0.028707018848129984,0.037146343781938373,0.001175526958694384,0.00599890494358668,prewar,0,0,0,0
2019-08-05,59.32,54.63,116.5851,7.0481,106.02,1215.5,0.8930963650977941,-0.029892627588533394,-0.018858219787789565,0.003425680462640912,0.015643639868045067,prewar,0,0,0,0
2019-08-06,58.63,53.6,116.6904,7.0192,106.45,1214.83,0.8931761343336907,-0.011700006293607679,-0.0190341143308701,0.0009027952541265094,-0.004108825525658721,prewar,0,0,0,0
2019-08-07,55.03,51.14,116.7987,7.0592,105.62,1214.46,0.8899964400142399,-0.0633680199044564,-0.046982098213715684,0.0009276664972075466,0.005682479207179236,prewar,0,0,0,0
2019-08-08,56.29,52.6,116.474,7.044,106.04,1208.77,0.8920606601248885,0.02263840840426745,0.028149149880623447,-0.0027838680625711376,-0.002155540003031975,prewar,0,0,0,0
2019-08-09,57.37,54.41,116.4419,7.0613,105.3,1214.15,0.8911067545891997,0.01900461913784479,0.03383184075416956,-0.00027563597163826614,0.0024529798975798656,prewar,0,0,0,0
2019-08-12,57.13,54.98,116.7548,7.0578,105.38,1215.7,0.8919015340706387,-0.004192145877408571,0.010421522239266068,0.00268357303324418,-0.0004957823192259792,prewar,0,0,0,0
2019-08-13,59.9,57.05,116.7267,7.0423,106.6,1220.7,0.8942944017170452,0.047347132385032076,0.03695859357098463,-0.00024070429679134975,-0.0021985668532171765,prewar,0,0,0,0
2019-08-14,57.86,55.16,117.0913,7.0224,105.79,1212.44,0.8973438621679827,-0.03465020557341436,-0.03369002338298355,0.0031186674722292196,-0.002829781407263754,prewar,0,0,0,0
2019-08-15,57.37,54.51,117.2239,7.0327,106.12,1214.34,0.9004141905276427,-0.008504780934209144,-0.011853881848911563,0.001131808898056974,0.0014656604142035956,prewar,0,0,0,0
2019-08-16,59.0,54.83,117.0786,7.0413,106.34,1205.75,0.901631953836444,0.028015925291939858,0.005853318339767988,-0.0012402771513420063,0.0012221118474324832,prewar,0,0,0,0
2019-08-19,59.79,56.24,117.3886,7.0499,106.5,1210.6,0.9012256669069936,0.01330097898709326,0.02539075808645208,0.0026442946444893423,0.0012206201129458805,prewar,0,0,0,0
2019-08-20,59.03,56.18,117.3726,7.0597,106.35,1207.93,0.9015506671474938,-0.0127926336402151,-0.0010674258263119185,-0.0001363087258434703,0.001389125358039589,prewar,0,0,0,0
2019-08-21,60.6,55.65,117.1764,7.0623,106.52,1202.0,0.901063254640476,0.026249103822671316,-0.009478743954543845,-0.001672998356525568,0.00036821980305568047,prewar,0,0,0,0
2019-08-22,59.81,55.33,117.3558,7.0829,106.44,1206.96,0.9017945711966814,-0.013122022018803747,-0.005766820811535567,0.0015298541947741384,0.002912650872861633,prewar,0,0,0,0
2019-08-23,58.64,54.08,117.3009,7.0928,105.3,1210.5,0.897021887334051,-0.01975581347806976,-0.022850825175309453,-0.00046791760901498947,0.0013967566482806504,prewar,0,0,0,0
2019-08-26,58.64,53.54,117.6658,7.1503,106.0,1217.51,0.8999280057595392,0.0,-0.010035393642502388,0.0031059745347015166,0.008074128859008045,prewar,0,0,0,0
2019-08-27,58.44,54.99,117.75,7.1603,105.8,1211.38,0.9013881377321076,-0.0034164706958970115,0.02672231242751666,0.0007153300975586419,0.0013975656684779292,prewar,0,0,0,0
2019-08-28,60.42,55.76,117.8767,7.1628,105.86,1213.75,0.9022013713460844,0.03331958907602761,0.013905415932545573,0.0010754300103616998,0.00034908644432940505,prewar,0,0,0,0
2019-08-29,60.59,56.67,118.0625,7.1434,106.5,1216.14,0.9042408897730354,0.0028096869983711414,0.016188203729259776,0.0015749823548398822,-0.002712112495488528,prewar,0,0,0,0
2019-08-30,61.04,55.07,118.1575,7.1543,106.3,1211.32,0.91000091000091,0.0073995240193038825,-0.028639866907138156,0.0008043349853670279,0.0015247210546689427,prewar,0,0,0,0
2019-09-02,58.55,,,,,,,-0.041648296932475404,,,,prewar,0,0,0,0
2019-09-03,57.93,53.91,118.3113,7.1786,105.88,1212.44,0.9117432530999272,-0.010645704935193123,,,,prewar,0,0,0,0
2019-09-04,60.68,56.22,117.6729,7.144,106.28,1207.84,0.9070294784580498,0.04637876937179897,0.04195657601480818,-0.00541054492102333,-0.004831534401255944,prewar,0,0,0,0
2019-09-05,62.7,56.33,117.4776,7.1468,106.96,1200.18,0.905961224859576,0.0327472931585433,0.001954687428236568,-0.00166106425378576,0.0003918605026771438,prewar,0,0,0,0
2019-09-06,61.28,56.45,117.1292,7.1131,106.8,1196.81,0.9056330374932076,-0.022907922206539588,0.0021280376890491226,-0.0029700780720212094,-0.004726549658679913,prewar,0,0,0,0
2019-09-09,63.99,57.88,117.0601,7.121,107.14,1192.33,0.9044862518089726,0.04327329571903338,0.025016611167611558,-0.0005901209150485087,0.0011100105817927197,prewar,0,0,0,0
2019-09-10,64.67,57.37,117.0887,7.1121,107.34,1191.22,0.9056330374932076,0.010570594307132808,-0.008850383149503038,0.0002442891028460181,-0.0012506061448285255,prewar,0,0,0,0
2019-09-11,63.02,55.66,117.3125,7.1153,107.73,1191.51,0.9090082719752748,-0.02584527912937329,-0.030259762516035238,0.001909547118400745,0.0004498362390825683,prewar,0,0,0,0
2019-09-12,60.76,55.13,116.8375,7.0787,107.97,1180.7,0.9030160736861116,-0.03652045860155617,-0.009567723496152425,-0.004057233838025809,-0.005157120067270871,prewar,0,0,0,0
2019-09-13,61.25,54.76,116.7677,7.0754,108.12,1176.62,0.9030160736861116,0.008032171697264445,-0.006734032181344496,-0.0005975894550056537,-0.0004662959933579014,prewar,0,0,0,0
2019-09-16,68.42,63.1,117.0251,7.0659,107.94,1182.96,0.908595311648192,0.11070133012462247,0.14176076912692004,0.002201950650338347,-0.001343582475320959,prewar,0,0,0,0
2019-09-17,65.59,59.26,116.9826,7.0905,108.12,1186.1,0.9039139473922082,-0.042241934243814505,-0.062786227401749,-0.00036323591460707405,0.003475463360971487,prewar,0,0,0,0
2019-09-18,64.29,58.19,116.9766,7.0849,108.17,1191.51,0.9040773890245004,-0.02001914715204922,-0.018221023476840514,-5.129099433887063e-05,-0.0007901012022688558,prewar,0,0,0,0
2019-09-19,64.25,58.19,117.0861,7.0959,108.0,1193.87,0.9053050878145936,-0.0006223743782660662,0.0,0.0009356467988137496,0.0015513937445355008,prewar,0,0,0,0
2019-09-20,65.23,57.92,117.1819,7.0909,107.95,1188.16,0.9087604507451836,0.015137762032675361,-0.0046507705911169595,0.0008178667623415237,-0.0007048806224128068,prewar,0,0,0,0
2019-09-23,64.66,58.69,117.2986,7.1168,107.47,1195.48,0.909835319807115,-0.008776713510717293,0.013206606492781603,0.0009953920230945101,0.003645914354899249,prewar,0,0,0,0
2019-09-24,64.13,57.22,117.2227,7.1138,107.32,1196.52,0.9091735612328392,-0.0082304991365163,-0.02536586694827836,-0.0006472759843134668,-0.00042162664180578346,prewar,0,0,0,0
2019-09-25,62.41,56.38,117.6527,7.1313,107.78,1200.17,0.9133254178463788,-0.027186754214819864,-0.014789001935997526,0.0036615199412768362,0.0024569864449726087,prewar,0,0,0,0
2019-09-26,62.08,56.24,117.7267,7.13,107.67,1201.99,0.91424392027793,-0.005301643070987794,-0.002486238183557532,0.0006287721222673071,-0.00018231157097892137,prewar,0,0,0,0
2019-09-27,62.48,55.95,117.7218,7.1218,108.05,1200.03,0.9139097057210748,0.006422629656467116,-0.005169812744474811,-4.1622690318376954e-05,-0.0011507319643635494,prewar,0,0,0,0
2019-09-30,60.99,54.09,117.9461,7.1477,108.11,1195.85,0.9170105456212746,-0.024136589223065386,-0.03380910887459887,0.0019035266807883033,0.003630124172827598,prewar,0,0,0,0
2019-10-01,60.06,53.6,117.9595,7.1473,107.7,1198.96,0.9147457006952068,-0.015365853753181113,-0.009100257806579304,0.00011360476406174769,-5.596362365922758e-05,prewar,0,0,0,0
2019-10-02,57.92,52.67,117.9671,7.1473,107.21,1205.47,0.9131586156515388,-0.03628131447772276,-0.017503034581458632,6.44268175147289e-05,0.0,prewar,0,0,0,0
2019-10-03,58.01,52.41,117.6608,7.1473,106.76,1204.67,0.909835319807115,0.001552661400511468,-0.004948620681223037,-0.0025998633653383507,0.0,prewar,0,0,0,0
2019-10-04,59.13,52.84,117.5288,7.1473,106.91,1192.93,0.911244760342628,0.01912300035476555,0.008171066840049868,-0.0011224987317470791,0.0,prewar,0,0,0,0
2019-10-07,59.46,52.76,117.5533,7.1473,107.06,1196.49,0.9104151493080844,0.00556540773721359,-0.0015151518050107171,0.00020843781886181745,0.0,prewar,0,0,0,0
2019-10-08,58.14,52.64,117.7407,7.1422,107.06,1193.24,0.9133254178463788,-0.022449922439221837,-0.0022770408320522684,0.0015929011332609377,-0.0007138108704363155,prewar,0,0,0,0
2019-10-09,59.7,52.63,117.6835,7.1316,107.43,1197.29,0.9109127345600292,0.026478125267826336,-0.0001899876513742349,-0.00048593136241414925,-0.001485238962094959,prewar,0,0,0,0
2019-10-10,59.08,53.57,117.2801,7.1153,107.91,1190.06,0.907605736068252,-0.010439562735377272,0.017702910527181537,-0.003433726724960451,-0.002288218084236293,prewar,0,0,0,0
2019-10-11,60.59,54.76,116.8239,7.0868,108.52,1195.61,0.9058791557206268,0.025237405293718318,0.021970790527378714,-0.003897418048969925,-0.004013496350096624,prewar,0,0,0,0
2019-10-14,58.81,53.57,,,,,,-0.02981795448503277,-0.021970790527378714,,,prewar,0,0,0,0
2019-10-15,59.19,52.81,116.8111,7.0814,108.83,1184.67,0.9061254077564336,0.006440700230768925,-0.014288643174027005,,,prewar,0,0,0,0
2019-10-16,59.3,53.42,116.6425,7.092,108.71,1186.38,0.9029345372460498,0.0018566973010463172,0.011484640962972748,-0.0014443986240717521,0.001495759941337882,prewar,0,0,0,0
2019-10-17,59.35,53.89,116.2615,7.0766,108.51,1179.05,0.8985533291400845,0.0008428150519970146,0.00875972426359084,-0.00327173719524243,-0.002173821840462997,prewar,0,0,0,0
2019-10-18,59.96,53.75,116.1344,7.0805,108.44,1181.06,0.8964589870013447,0.010225552178719788,-0.002601264937633463,-0.0010938231928561137,0.000550960309477988,prewar,0,0,0,0
2019-10-21,58.95,53.28,116.0436,7.0748,108.57,1172.57,0.8972633467922835,-0.016988046251016797,-0.008782640775638395,-0.0007821585561860189,-0.0008053521024748989,prewar,0,0,0,0
2019-10-22,60.5,54.21,115.9851,7.0761,108.56,1170.49,0.8978272580355541,0.025953738053416053,0.017304367040113178,-0.000504247976561345,0.000183733897300975,prewar,0,0,0,0
2019-10-23,60.52,55.9,116.0586,7.0624,108.64,1172.07,0.8994423457456378,0.0003305238833588575,0.030698986888806346,0.0006335013832146075,-0.0019379713955220979,prewar,0,0,0,0
2019-10-24,61.71,56.11,116.1278,7.0684,108.62,1173.19,0.901063254640476,0.019472103412820907,0.0037496696018273212,0.000596072828114913,0.0008492088714830981,prewar,0,0,0,0
2019-10-25,62.06,56.52,116.0774,7.0647,108.75,1171.58,0.902445627650934,0.005655666687258254,0.007280508053446155,-0.00043409881252820526,-0.0005235935618554954,prewar,0,0,0,0
2019-10-28,60.39,55.6,116.0222,7.067,109.02,1170.17,0.9013881377321076,-0.02727813070042373,-0.016411356559790313,-0.00047565787309178376,0.0003255093188092584,prewar,0,0,0,0
2019-10-29,61.05,55.34,115.9797,7.0655,108.83,1163.03,0.8995232526760818,0.01086967223690305,-0.004687226897756247,-0.00036637631394764725,-0.00021227666805345713,prewar,0,0,0,0
2019-10-30,60.22,54.85,116.1636,7.0541,108.88,1167.76,0.8990380293086397,-0.013688677503125746,-0.008893787637540562,0.0015843665397108353,-0.0016147769734451423,prewar,0,0,0,0
2019-10-31,59.3,54.02,115.9125,7.0379,108.09,1169.1,0.8964589870013447,-0.01539521704990765,-0.015247838356769794,-0.002163946205445022,-0.0022991778507515104,prewar,0,0,0,0
2019-11-01,60.17,56.04,115.7312,7.0368,108.16,1165.45,0.8953353030710001,0.014564583228580119,0.0367113731043367,-0.001565335357875064,-0.00015630883816197816,prewar,0,0,0,0
2019-11-04,62.52,56.33,115.8624,7.03,108.56,1159.29,0.8973438621679827,0.0383126163210159,0.005161531437815725,0.001133019341082786,-0.0009668155557316371,prewar,0,0,0,0
2019-11-05,62.72,57.04,116.1138,7.0082,109.13,1157.64,0.903342366757001,0.003193870488876094,0.012525523199418132,0.002167464579737377,-0.0031058137829218513,prewar,0,0,0,0
2019-11-06,62.11,56.15,116.1004,6.9968,108.86,1156.73,0.902853015529072,-0.009773369470940096,-0.01572609492158783,-0.00011541068560738665,-0.0016279903631324366,prewar,0,0,0,0
2019-11-07,62.6,56.91,116.1172,6.9766,109.42,1154.44,0.9053870529651424,0.007858271534840533,0.013444391430580183,0.00014469187545884665,-0.0028912095941056037,prewar,0,0,0,0
2019-11-08,62.0,57.02,116.3436,6.9954,109.14,1157.14,0.9075233687267448,-0.009630893060960766,0.0019310108694936545,0.0019478559101822057,0.0026910981027501446,prewar,0,0,0,0
2019-11-11,62.58,,,,,,,0.009311353195644578,,,,prewar,0,0,0,0
2019-11-12,62.19,56.67,116.5837,7.0066,109.09,1160.8,0.9076881183625308,-0.006251523124938707,,,,prewar,0,0,0,0
2019-11-13,62.27,56.88,116.8397,7.0223,108.83,1167.76,0.9087604507451836,0.0012855537685627638,0.003698815313457615,0.0021934399262324433,0.002238237717050895,prewar,0,0,0,0
2019-11-14,62.46,56.57,116.8022,7.0195,108.33,1169.82,0.907770515613653,0.0030465829705725866,-0.005464976139921696,-0.00032100406923607494,-0.0003988092747528871,prewar,0,0,0,0
2019-11-15,63.32,57.54,116.4401,7.0075,108.8,1166.98,0.9053050878145936,0.013674883157878348,0.017001548768337926,-0.0031049281447179666,-0.0017109863730624397,prewar,0,0,0,0
2019-11-18,62.82,56.82,116.3625,7.0246,108.61,1163.76,0.9026085386767758,-0.007927740902310632,-0.01259198169736031,-0.0006666592458506315,0.002437270040108963,prewar,0,0,0,0
2019-11-19,62.37,54.93,116.5391,7.0263,108.59,1167.13,0.9029345372460498,-0.007189103572469158,-0.03382872907151313,0.0015165205721725528,0.00024197738341236175,prewar,0,0,0,0
2019-11-20,63.8,56.71,116.828,7.0344,108.67,1169.8,0.9039139473922082,0.022668799812712415,0.0318909146714077,0.0024759286770503763,0.0011521476023277355,prewar,0,0,0,0
2019-11-21,64.99,58.36,116.7435,7.0285,108.53,1175.71,0.9035872413481522,0.018480221555513765,0.028680161628648726,-0.0007235472109092811,-0.0008390872929717741,prewar,0,0,0,0
2019-11-22,64.83,57.68,116.9137,7.0389,108.67,1179.33,0.9067005168192946,-0.0024649527193529863,-0.011720230677891408,0.001456835313461191,0.0014785961719645524,prewar,0,0,0,0
2019-11-25,64.67,57.79,117.0098,7.0349,108.95,1173.09,0.9083477155054956,-0.0024710437284030107,0.0019052573529929617,0.000821636179403562,-0.0005684321374050949,prewar,0,0,0,0
2019-11-26,64.82,58.25,117.0513,7.0319,109.11,1175.59,0.9081002542680712,0.0023167822548995076,0.007928342116123588,0.0003546082662593264,-0.00042653624782929,prewar,0,0,0,0
2019-11-27,65.03,58.12,117.1273,7.028,109.38,1176.89,0.9089256498818395,0.00323450416765958,-0.0022342537437278764,0.0006490772655425303,-0.0005547692515630587,prewar,0,0,0,0
2019-11-28,64.68,,,,,,,-0.005396667172154146,,,,prewar,0,0,0,0
2019-11-29,64.5,58.12,117.1204,7.0308,109.47,1181.33,0.9075233687267448,-0.0027868109071800262,,,,prewar,0,0,0,0
2019-12-02,63.2,55.97,116.9647,7.038,109.09,1182.84,0.9029345372460498,-0.02036092264891476,-0.03769400579881399,-0.0013302856351069536,0.0010235415427872763,prewar,0,0,0,0
2019-12-03,62.95,56.15,116.8898,7.0609,108.53,1190.31,0.9017945711966814,-0.003963540662455856,0.00321084828118412,-0.0006405692647453165,0.0032484832345724968,prewar,0,0,0,0
2019-12-04,65.25,58.46,116.692,7.0489,108.87,1194.45,0.902853015529072,0.03588528571244698,0.04031607849864738,-0.0016936255074684325,-0.0017009458522754262,prewar,0,0,0,0
2019-12-05,65.67,58.42,116.3838,7.0445,108.69,1189.23,0.9005763688760806,0.0064161540000782225,-0.0006844627235045309,-0.0026446347465647335,-0.0006244057704962724,prewar,0,0,0,0
2019-12-06,66.5,59.2,116.5381,7.0348,108.66,1189.86,0.9048136083966704,0.012559747458927184,0.013263244930365126,0.001324907813059717,-0.001377909631122387,prewar,0,0,0,0
2019-12-09,66.44,58.99,116.3283,7.0389,108.59,1189.45,0.9035872413481522,-0.0009026629167143696,-0.0035536038749768295,-0.0018018920442379738,0.000582647081576182,prewar,0,0,0,0
2019-12-10,66.57,59.22,116.2542,7.0328,108.73,1191.01,0.9017132551848512,0.0019547408675180122,0.0038913846584618383,-0.0006371932755655507,-0.0008669884068164269,prewar,0,0,0,0
2019-12-11,65.37,58.74,116.1478,7.0384,108.67,1192.2,0.9015506671474938,-0.018190587987973572,-0.008138396902971579,-0.000915654834589219,0.0007959520574865042,prewar,0,0,0,0
2019-12-12,66.67,59.18,115.8741,6.9925,109.16,1186.41,0.899685110211426,0.01969163900533033,0.007462721201589417,-0.002359261146932745,-0.006542725518340564,prewar,0,0,0,0
2019-12-13,67.44,60.11,115.6967,6.9925,109.28,1171.97,0.8986340762041697,0.01148323706363108,0.01559257007900694,-0.0015321451124528096,0.0,prewar,0,0,0,0
2019-12-16,68.04,60.21,115.555,6.9921,109.64,1171.8,0.8977466558937068,0.008857453834060891,0.0016622344252859023,-0.0012255046577775985,-5.7205783520197784e-05,prewar,0,0,0,0
2019-12-17,68.99,60.88,115.5553,6.9967,109.52,1165.81,0.897021887334051,0.013865799030356563,0.011066262077074285,2.59616295839038e-06,0.0006576690160418064,prewar,0,0,0,0
2019-12-18,69.12,60.93,115.6618,7.0029,109.58,1168.02,0.8998470260055791,0.0018825579377832469,0.0008209507069727451,0.0009212122073289919,0.0008857396504675652,prewar,0,0,0,0
2019-12-19,69.7,61.3,115.5988,7.0097,109.23,1165.04,0.8986340762041697,0.008356193270677714,0.006054178681762501,-0.0005448399040606233,0.0009705551480505559,prewar,0,0,0,0
2019-12-20,68.66,60.43,115.7598,7.0063,109.45,1160.3,0.902853015529072,-0.015033529736932394,-0.014294172568698471,0.0013917790476662972,-0.0004851598268680313,prewar,0,0,0,0
2019-12-23,67.49,60.51,115.8059,7.0124,109.39,1163.64,0.901631953836444,-0.017187349274230712,0.001322970260762446,0.00039815914540941577,0.0008702661994326455,prewar,0,0,0,0
2019-12-24,69.26,61.17,,7.0064,109.38,1163.21,0.9022013713460844,0.025888100218961263,0.010848232620244147,,-0.0008559934325851337,prewar,0,0,0,0
2019-12-25,,,,,,,,,,,,prewar,0,0,0,0
2019-12-26,69.26,61.72,115.634,6.9949,109.67,1161.18,0.9007386056566384,,,,,prewar,0,0,0,0
2019-12-27,68.91,61.76,115.22,6.9954,109.47,1160.87,0.8949346697691068,-0.005066233605159454,0.0006478782215610934,-0.0035866863369831137,7.147809556817819e-05,prewar,0,0,0,0
2019-12-30,68.3,61.66,114.9631,6.9864,108.85,1155.75,0.8915039671926541,-0.0088915387923727,-0.001620483258516714,-0.0022321369958575588,-0.0012873880677777283,prewar,0,0,0,0
2019-12-31,67.77,61.14,114.669,6.9618,108.67,1155.46,0.8907098957869422,-0.007790147428722527,-0.008469105995315473,-0.0025614899729164975,-0.003527340517968325,prewar,0,0,0,0
2020-01-01,,,,,,,,,,,,prewar,0,0,0,0
2020-01-02,67.05,61.17,114.9745,6.9642,108.43,1157.95,0.8955758552749418,,,,,prewar,0,0,0,0
2020-01-03,69.08,63.0,114.9867,6.9649,107.94,1165.15,0.8950147677436678,0.029826643550790344,0.02947785313705875,0.00010610485604889419,0.00010050900640945493,prewar,0,0,0,0
2020-01-06,70.25,63.27,114.9557,6.9749,108.36,1167.49,0.8938946992044337,0.01679505493537725,0.004276556767260686,-0.00026963274444202767,0.0014347410601875943,prewar,0,0,0,0
2020-01-07,68.74,62.7,115.1477,6.9443,108.53,1166.21,0.8978272580355541,-0.021729036792168088,-0.009049835519918226,0.0016688153635202596,-0.004396811497278552,prewar,0,0,0,0
2020-01-08,67.31,59.65,115.1328,6.9447,109.03,1170.61,0.8995232526760818,-0.02102245739906561,-0.04986729909494958,-0.0001294073968116649,5.759953921957717e-05,prewar,0,0,0,0
2020-01-09,66.58,59.56,115.2331,6.9309,109.47,1158.63,0.9004141905276427,-0.010904581875743169,-0.001509940728117165,0.0008707886569832013,-0.0019891038297461527,prewar,0,0,0,0
2020-01-10,66.77,59.02,115.0677,6.9178,109.5,1161.18,0.8993614533681086,0.002849645722898586,-0.009107838301014581,-0.0014363825782428563,-0.001891874891835954,prewar,0,0,0,0
2020-01-13,64.14,58.17,115.0342,6.8924,109.93,1156.25,0.8978272580355541,-0.040185683604768485,-0.01450661159212352,-0.000291175346545991,-0.0036784447206434923,prewar,0,0,0,0
2020-01-14,64.45,58.34,115.0239,6.8837,110.05,1156.28,0.8984725965858041,0.004821535120187903,0.0029182065169051086,-8.954259821258859e-05,-0.0012630572014724617,prewar,0,0,0,0
2020-01-15,63.29,57.86,114.9528,6.8899,109.94,1156.84,0.8960573476702508,-0.018162390597982636,-0.008261664891586307,-0.0006183235281245203,0.0009002730468075093,prewar,0,0,0,0
2020-01-16,64.63,58.52,115.0006,6.8769,110.16,1160.86,0.8983918785374181,0.020951360487590165,0.011342276603934387,0.0004157364117114426,-0.0018886021245390072,prewar,0,0,0,0
2020-01-17,64.05,58.55,115.0656,6.8589,110.16,1159.08,0.901469395114036,-0.009014670932060653,0.0005125138918025129,0.0005650547688400565,-0.0026208899814492703,prewar,0,0,0,0
2020-01-20,64.63,,,,,,,0.009014670932060653,,,,prewar,0,0,0,0
2020-01-21,63.66,58.25,115.1876,6.9049,109.95,1166.56,0.9012256669069936,-0.0151222774208577,,,,prewar,0,0,0,0
2020-01-22,62.11,56.76,115.2273,6.904,109.93,1165.68,0.9021199819576003,-0.024649415282734566,-0.025912240153968646,0.00034459577390855145,-0.00013035071602707227,prewar,0,0,0,0
2020-01-23,61.26,55.51,115.5545,6.9364,109.39,1168.38,0.9057150620414816,-0.013779905166583006,-0.022268667589771418,0.0028355807887638917,0.004681954161130264,prewar,0,0,0,0
2020-01-24,59.34,54.09,115.5556,6.9161,109.31,1166.91,0.9069472156720478,-0.03184348654195279,-0.025913858818734425,9.519272415658975e-06,-0.0029308810007611097,prewar,0,0,0,0
2020-01-27,58.54,53.09,115.8004,6.9161,108.95,1176.2,0.9075233687267448,-0.013573333598936088,-0.01866073928775558,0.0021162199498530043,0.0,prewar,0,0,0,0
2020-01-28,59.37,53.33,115.7239,6.9161,109.17,1176.23,0.9084302325581396,0.014078767018843585,0.004510438016930518,-0.0006608377849239844,0.0,prewar,0,0,0,0
2020-01-29,59.46,53.29,115.7003,6.9161,109.15,1176.98,0.9087604507451836,0.0015147692873682672,-0.0007503283038197139,-0.00020395447046439585,0.0,prewar,0,0,0,0
2020-01-30,57.72,52.19,115.8077,6.9161,108.75,1191.94,0.9064539521392314,-0.029700083664281784,-0.020857790653369346,0.0009278297743904318,0.0,prewar,0,0,0,0
2020-01-31,57.77,51.58,115.7345,6.9161,108.5,1191.3,0.9023641941887746,0.0008658758875039752,-0.011756905202123136,-0.0006322821709270343,0.0,prewar,0,0,0,0
2020-02-03,54.0,50.06,116.1172,7.0208,108.59,1194.8,0.903995660820828,-0.06748556322889954,-0.029911714449570415,0.00330125116670299,0.015025144717223382,prewar,0,0,0,0
2020-02-04,53.9,49.59,115.9291,6.9979,109.41,1184.51,0.9055510278004164,-0.0018535686493232895,-0.009433085502585481,-0.0016212285324082032,-0.0032670676124082476,prewar,0,0,0,0
2020-02-05,55.36,50.87,116.009,6.972,109.74,1187.25,0.908595311648192,0.026726833394463245,0.025484158333631157,0.0006889769568747539,-0.0037079763885365935,prewar,0,0,0,0
2020-02-06,55.18,50.94,116.1518,6.9694,109.89,1179.64,0.91082976591675,-0.0032567425202740807,0.0013751107166370957,0.0012301819946243242,-0.00037298980448774444,prewar,0,0,0,0
2020-02-07,54.53,50.34,116.5086,7.0003,109.81,1186.24,0.9132420091324202,-0.011849559851170088,-0.011848479844140947,0.0030671337254704056,0.004423867426542438,prewar,0,0,0,0
2020-02-10,53.39,49.59,116.5711,6.982,109.77,1186.96,0.9160864785635764,-0.021127546425875554,-0.015010789206127306,0.0005362972536682165,-0.002617596596985017,prewar,0,0,0,0
2020-02-11,54.0,50.0,116.3585,6.965,109.78,1181.32,0.9160025648071816,0.011360584052179767,0.00823380492710335,-0.0018254447613035296,-0.0024378014510753054,prewar,0,0,0,0
2020-02-12,55.54,51.13,116.2794,6.9708,110.0,1178.98,0.9180207472688884,0.02811943531437855,0.022348403663762006,-0.0006800267974247376,0.0008323885725811664,prewar,0,0,0,0
2020-02-13,56.34,51.41,116.3999,6.9759,109.81,1182.02,0.9218289085545724,0.014301280569573471,0.0054612969755054586,0.0010357604717974311,0.0007313558371979667,prewar,0,0,0,0
2020-02-14,57.37,52.03,116.4223,6.9859,109.77,1183.2,0.9225943352707814,0.018116756165553305,0.01198776923479894,0.00019242151366238858,0.0014324802976692919,prewar,0,0,0,0
2020-02-17,57.83,,,,,,,0.00798615355634702,,,,prewar,0,0,0,0
2020-02-18,57.35,52.1,116.6039,6.9949,109.8,1190.6,0.9246417013407304,-0.008334828594747101,,,,prewar,0,0,0,0
2020-02-19,59.72,53.31,116.7829,6.9975,111.17,1191.1,0.9264406151565684,0.040494129095609566,0.02295898207534819,0.0015339345249882896,0.00037163031787601497,prewar,0,0,0,0
2020-02-20,59.57,53.77,117.2454,7.0225,111.86,1198.34,0.9261831990367694,-0.0025148810303932123,0.00859175998691697,0.0039525185809861085,0.003566337588790214,prewar,0,0,0,0
2020-02-21,58.6,53.36,117.0473,7.0255,111.74,1207.91,0.921234454168586,-0.01641739505762896,-0.007654289214218402,-0.0016910475418816517,0.00042710706799597986,prewar,0,0,0,0
2020-02-24,56.71,51.36,117.4018,7.0286,110.56,1218.5,0.9210647508519848,-0.032784134557030775,-0.03820174222566264,0.0030241128685597474,0.00044115241107944847,prewar,0,0,0,0
2020-02-25,55.29,49.78,117.2425,7.0128,110.23,1214.45,0.9201324990798676,-0.025358501676095102,-0.031246362442259645,-0.001357800078451099,-0.0022504887929295503,prewar,0,0,0,0
2020-02-26,54.96,48.67,117.405,7.0214,110.36,1213.61,0.918526683200147,-0.005986412435746935,-0.022550473094082868,0.001385056529288775,0.0012255776711835864,prewar,0,0,0,0
2020-02-27,52.19,47.17,117.3678,7.0036,110.15,1217.03,0.910995718320124,-0.051714742258772706,-0.03130472654919281,-0.000316902131007879,-0.0025383257835667195,prewar,0,0,0,0
2020-02-28,51.31,44.83,117.6568,6.9906,108.12,1214.92,0.9090082719752748,-0.017005240701448265,-0.05088053912882229,0.0024593182642318467,-0.0018579130982112613,prewar,0,0,0,0
2020-03-02,52.52,46.78,116.8144,6.9595,108.02,1190.89,0.8957362952346829,0.023308384480722033,0.0425782029886852,-0.007185561592076617,-0.004458756786495099,prewar,0,0,0,0
2020-03-03,52.24,47.27,116.4958,6.9579,107.28,1194.66,0.894854586129754,-0.005345564466419539,0.010420083649111955,-0.002731129612320693,-0.00022992800480658993,prewar,0,0,0,0
2020-03-04,51.86,46.78,116.7802,6.9244,107.34,1187.54,0.8984725965858041,-0.007300704857657436,-0.010420083649111955,0.002438314622211557,-0.004826298960074027,prewar,0,0,0,0
2020-03-05,51.29,45.9,116.7901,6.9366,106.56,1181.11,0.8926977325477593,-0.01105197870934127,-0.01899064408953377,8.477105184923062e-05,0.001760335206756336,prewar,0,0,0,0
2020-03-06,45.6,41.14,116.7106,6.9298,105.31,1192.0,0.8834702712253734,-0.11758808488083661,-0.10948423284168829,-0.0006809401691034722,-0.000980788170700686,prewar,0,0,0,0
2020-03-09,35.33,31.05,117.1871,6.9448,102.52,1203.75,0.8756567425569177,-0.25517525514928696,-0.28138207584532315,0.004074436466876108,0.002162225338967927,prewar,0,0,0,0
2020-03-10,35.57,34.47,117.9027,6.9549,103.71,1193.1,0.881678716275789,0.006770124589310367,0.10449057214928592,0.0060879052188935745,0.0014532690313593388,prewar,0,0,0,0
2020-03-11,34.45,33.13,118.2505,6.9595,104.81,1194.16,0.8865248226950355,-0.03199358850069611,-0.03965016421696932,0.0029455476484478993,0.0006611855584977011,prewar,0,0,0,0
2020-03-12,31.02,31.56,120.4883,7.0282,105.67,1206.19,0.902445627650934,-0.10487683971127515,-0.04854872033413127,0.018747397088045403,0.009822994832801468,prewar,0,0,0,0
2020-03-13,32.25,31.72,120.4388,7.0079,107.15,1211.7,0.9036688957166096,0.038885885493388894,0.005056900788973806,-0.00041091268434723105,-0.002892543392230884,prewar,0,0,0,0
2020-03-16,27.98,28.96,120.9352,6.9913,105.64,1225.33,0.8977466558937068,-0.1420280740044464,-0.09103182924913122,0.004113124858788453,-0.002371565200913084,prewar,0,0,0,0
2020-03-17,27.97,26.96,122.4816,7.003,107.41,1240.98,0.9114939385653086,-0.00035746202346675915,-0.07156128147340945,0.01270594966598626,0.0016721097484049263,prewar,0,0,0,0
2020-03-18,22.79,20.48,124.1623,7.0459,108.45,1245.19,0.9231053263177328,-0.20481066395627545,-0.2749054858727993,0.013628766126482894,0.006107258695334572,prewar,0,0,0,0
2020-03-19,23.98,25.09,125.0587,7.1058,110.08,1250.86,0.9346667912889054,0.05089830634177517,0.20302056020702386,0.007193646326859593,0.00846546460465225,prewar,0,0,0,0
2020-03-20,25.55,19.48,124.9362,7.095,111.3,1250.55,0.9361542782250516,0.06341716705034539,-0.2530810621639419,-0.000980020070845633,-0.0015210413613615525,prewar,0,0,0,0
2020-03-23,23.75,23.33,126.1262,7.09,111.36,1267.25,0.929368029739777,-0.07305478616906314,0.18035178781894956,0.009479785995292644,-0.0007049700679697679,prewar,0,0,0,0
2020-03-24,24.5,21.03,125.5001,7.061,111.44,1249.88,0.9264406151565684,0.031090587070031095,-0.10379009631873037,-0.004976437614905294,-0.004098656009826396,prewar,0,0,0,0
2020-03-25,25.62,20.75,124.7916,7.1099,111.43,1228.15,0.9229349330872174,0.044700178917906896,-0.013403743037900817,-0.005661409406514828,0.0069014944844218995,prewar,0,0,0,0
2020-03-26,23.55,16.6,122.4308,7.0709,109.45,1233.47,0.9070294784580498,-0.08424747600616156,-0.2231435513142097,-0.019099173567123096,-0.005500408767779463,prewar,0,0,0,0
2020-03-27,22.39,15.48,122.4007,7.0942,108.16,1210.49,0.9042408897730354,-0.05051138985176351,-0.06985382720091682,-0.0002458833945109262,0.0032897785421861503,prewar,0,0,0,0
2020-03-30,19.19,14.1,123.2883,7.0986,108.06,1224.11,0.907605736068252,-0.15422512059105475,-0.0933740707774584,0.007225426140839097,0.0006200327124967764,prewar,0,0,0,0
2020-03-31,14.85,20.51,122.5301,7.0808,107.53,1218.92,0.907770515613653,-0.2563894447709001,0.3747377747001668,-0.006168801069275531,-0.0025106858330048443,prewar,0,0,0,0
2020-04-01,14.97,20.28,123.7933,7.0989,107.05,1229.65,0.9145783793671118,0.008048333182828493,-0.011277393361306842,0.010256525150637685,0.0025529467944480633,prewar,0,0,0,0
2020-04-02,20.24,25.18,123.5916,7.0857,107.85,1229.89,0.9206407659731172,0.30161264598772775,0.2164148498932188,-0.0016306576892448632,-0.001861173922474313,prewar,0,0,0,0
2020-04-03,24.33,28.36,124.4152,7.0908,108.53,1230.56,0.9261831990367694,0.18404931237616662,0.11892967304772561,0.006641777787016245,0.0007195006129880888,prewar,0,0,0,0
2020-04-06,22.58,26.21,124.16,7.0895,109.11,1224.6,0.925240562546262,-0.07464559807391558,-0.07883868432861174,-0.0020533029011851056,-0.0001833529620165475,prewar,0,0,0,0
2020-04-07,22.1,23.54,123.0956,7.0448,108.97,1220.43,0.9186110600771632,-0.021486950197808774,-0.10743991550318466,-0.008609767181439132,-0.0063250601761231096,prewar,0,0,0,0
2020-04-08,25.22,24.97,123.2216,7.0649,108.7,1220.77,0.9204712812960236,0.1320597220130666,0.05897400245955131,0.0010230711536998172,0.0028491057352952875,prewar,0,0,0,0
2020-04-09,20.23,22.9,122.476,7.0428,108.38,1219.71,0.9148293843198244,-0.22047067935711961,-0.08653819373148774,-0.006069267984245563,-0.003133043384495604,prewar,0,0,0,0
2020-04-10,,,122.1592,7.0341,108.39,1211.71,0.9131586156515388,,,-0.0025899803224644913,-0.0012360677574894119,prewar,0,0,0,0
2020-04-13,,22.36,122.5203,7.0501,107.59,1217.72,0.9169264624977076,,,0.0029516184409414947,0.0022720505080799924,prewar,0,0,0,0
2020-04-14,21.74,20.15,122.1121,7.0479,107.08,1216.85,0.9114939385653086,,-0.10406935989420685,-0.003337255235634551,-0.0003121010097681953,prewar,0,0,0,0
2020-04-15,19.8,19.96,123.0752,7.0664,107.42,1224.55,0.9166743056192136,-0.09347194399257353,-0.009474017509373933,0.007856075362568937,0.002621456337810857,prewar,0,0,0,0
2020-04-16,18.69,19.82,123.4615,7.0778,107.72,1228.21,0.9225092250922508,-0.05769331623301799,-0.0070387419814759156,0.0031338159077156647,0.0016119685056095179,prewar,0,0,0,0
2020-04-17,19.75,18.31,122.871,7.0711,107.52,1217.81,0.9188642837452908,0.05516486987965896,-0.07924417021542274,-0.004794342046529287,-0.0009470701610432286,prewar,0,0,0,0
2020-04-20,17.36,-36.98,123.1033,7.0721,107.69,1217.29,0.9196247930844216,-0.1289847821149266,,0.0018888157751710821,0.00014141071351114753,prewar,0,0,0,0
2020-04-21,9.12,8.91,123.9116,7.0914,107.69,1229.28,0.9213193292795284,-0.6436989051459641,,0.0065445678381950145,0.0027253167572500736,prewar,0,0,0,0
2020-04-22,13.77,13.64,123.9256,7.0831,107.81,1234.79,0.923446301597562,0.41202250865432344,0.42583241093259794,0.00011297739011695285,-0.0011711172808397396,prewar,0,0,0,0
2020-04-23,15.06,15.06,123.7542,7.0654,107.65,1229.04,0.9246417013407304,0.08954990963118403,0.09903556995643159,-0.0013840452661941782,-0.002502033322790531,prewar,0,0,0,0
2020-04-24,15.87,15.99,124.1615,7.0813,107.44,1233.88,0.9260974254491572,0.05238831216657003,0.05992130447411537,0.0032857972806885627,0.002247875009033562,prewar,0,0,0,0
2020-04-27,15.17,12.17,123.8843,7.0848,107.22,1224.16,0.923446301597562,-0.04511074117787661,-0.272989619846427,-0.0022350720342547703,0.0004941374226099526,prewar,0,0,0,0
2020-04-28,15.6,12.4,123.3693,7.0776,106.83,1224.83,0.9228497600590624,0.027951120895050252,0.018722565611555275,-0.004165769434782085,-0.0010167769050868358,prewar,0,0,0,0
2020-04-29,17.86,15.04,122.7782,7.0755,106.67,1219.2,0.9214042200313278,0.13529266119286198,0.19301684591070245,-0.004802820554714593,-0.0002967547767502854,prewar,0,0,0,0
2020-04-30,18.11,19.23,122.327,7.0622,106.94,1203.95,0.9145783793671118,0.013900696446969008,0.2457582410789949,-0.003681688594624255,-0.0018814947160463724,prewar,0,0,0,0
2020-05-01,18.49,19.72,123.1492,7.0622,106.76,1223.2,0.9092562284051644,0.020765773503711227,0.025161789573800775,0.006698841473408379,0.0,prewar,0,0,0,0
2020-05-04,20.4,20.47,123.2117,7.0622,106.82,1228.81,0.9165062780680048,0.09830485545113721,0.03732705049870866,0.0005073857202244625,0.0,prewar,0,0,0,0
2020-05-05,25.46,24.56,122.803,7.0622,106.52,1220.13,0.9221689413500552,0.22157369227908985,0.1821587036057437,-0.003322568740694365,0.0,prewar,0,0,0,0
2020-05-06,24.2,23.88,123.609,7.1031,106.07,1222.03,0.9254118082546732,-0.050755959966619635,-0.02807781475454041,0.0065419125245869125,0.005774690780683933,prewar,0,0,0,0
2020-05-07,24.23,23.68,123.1249,7.0825,106.36,1224.76,0.9246417013407304,0.0012389016657934349,-0.00841047850859633,-0.003924070597467022,-0.002904355752392007,prewar,0,0,0,0
2020-05-08,,24.73,122.5379,7.0732,106.5,1216.47,0.9213193292795284,,0.04338627151751995,-0.004778917419820061,-0.0013139585238493012,prewar,0,0,0,0
2020-05-11,25.53,24.02,123.2333,7.0972,107.7,1220.2,0.924385283786282,,-0.02913026488148729,0.005658936895492239,0.0033873458686020097,prewar,0,0,0,0
2020-05-12,26.67,25.76,123.0592,7.0816,107.33,1222.0,0.9204712812960236,0.04368510694053018,0.06993608458431533,-0.0014137663875137818,-0.002200469192693788,prewar,0,0,0,0
2020-05-13,27.89,25.37,123.5408,7.0911,106.92,1223.86,0.9227646027498384,0.044728863445474776,-0.015255527624962184,0.0039059254848679004,0.0013406057311313724,prewar,0,0,0,0
2020-05-14,29.87,27.4,123.6429,7.0935,107.09,1227.76,0.9259259259259258,0.06858643058862102,0.07697563978283384,0.0008261062991330448,0.0003383951641782179,prewar,0,0,0,0
2020-05-15,30.95,29.44,123.5991,7.1013,107.27,1230.71,0.9245562130177516,0.03551836690258625,0.07181128046665108,-0.00035430873765918136,0.0010989941084147414,prewar,0,0,0,0
2020-05-18,33.3,31.83,122.7968,7.1086,107.25,1232.32,0.917094644167278,0.07318439785579312,0.07805494743332586,-0.006512306702093795,0.0010274527818201484,prewar,0,0,0,0
2020-05-19,33.06,32.3,122.5655,7.098,107.89,1225.19,0.9143275121148396,-0.007233304593520007,0.014657988934609456,-0.001885375777090914,-0.0014922644358332793,prewar,0,0,0,0
2020-05-20,34.76,33.56,122.1007,7.0928,107.46,1230.02,0.9107468123861566,0.050143208004313156,0.03826765137039434,-0.0037994668585383806,-0.0007328692156525207,prewar,0,0,0,0
2020-05-21,34.78,34.3,122.0914,7.1138,107.69,1230.53,0.912991874372318,0.0005752085289456588,0.021810472572888706,-7.616954032929613e-05,0.002956374543558793,prewar,0,0,0,0
2020-05-22,33.8,33.49,122.3211,7.1269,107.5,1236.53,0.9179364787956674,-0.028581706437163845,-0.023898467365780718,0.0018796098204978406,0.0018397977199342552,prewar,0,0,0,0
2020-05-25,,,,,,,,,,,,prewar,0,0,0,0
2020-05-26,33.95,34.7,121.3864,7.134,107.64,1234.24,0.911577028258888,,,,,prewar,0,0,0,0
2020-05-27,32.73,32.8,121.5677,7.1681,107.79,1238.03,0.9116601331023796,-0.03659676549161617,-0.05631117156271559,0.0014924632566648555,0.0047685395314738255,prewar,0,0,0,0
2020-05-28,33.98,33.67,121.0138,7.1447,107.67,1239.28,0.9034239768723462,0.03748002773069681,0.026178717782885386,-0.004566720567139804,-0.003269803371617419,prewar,0,0,0,0
2020-05-29,34.15,35.57,120.9458,7.1348,107.77,1236.61,0.9003331232556046,0.004990469773012762,0.05489535278738078,-0.0005620773202652529,-0.001386603394544883,prewar,0,0,0,0
2020-06-01,36.74,35.49,120.2686,7.1263,107.56,1224.79,0.8990380293086397,0.07310349377018088,-0.0022516193019588293,-0.005614936580914609,-0.0011920540500434118,prewar,0,0,0,0
2020-06-02,37.72,36.88,119.6854,7.0992,108.6,1225.07,0.8955758552749418,0.026324377978276914,0.03841843202998785,-0.0048609412500466576,-0.0038100640094600458,prewar,0,0,0,0
2020-06-03,37.98,37.33,119.2556,7.1115,108.88,1216.08,0.8892050506846878,0.00686924761888319,0.012127894238099568,-0.00359754469555984,0.0017310903856377902,prewar,0,0,0,0
2020-06-04,38.41,37.42,119.3014,7.1075,109.0,1218.77,0.8832361773538243,0.011258136973673505,0.002408027919451161,0.00038397532298528603,-0.000562627485127809,prewar,0,0,0,0
2020-06-05,41.0,39.49,118.8138,7.0808,109.68,1202.79,0.8851907586084802,0.06525422434649464,0.0538421544526142,-0.004095502358088865,-0.0037636688704876242,prewar,0,0,0,0
2020-06-08,39.66,38.17,118.6621,7.07,108.46,1197.84,0.8855042946958293,-0.033228943612658046,-0.03399760854141931,-0.0012776035011103914,-0.001526415764048883,prewar,0,0,0,0
2020-06-09,40.45,38.98,118.5893,7.0765,107.66,1197.04,0.8812125484666902,0.01972352041285097,0.020998827322276092,-0.0006136950280151154,0.0009189552832753467,prewar,0,0,0,0
2020-06-10,41.18,39.54,118.5231,7.0599,107.25,1189.9,0.8806693086745927,0.01788605809514232,0.014264123663056072,-0.0005583849829875476,-0.0023485480928697733,prewar,0,0,0,0
2020-06-11,37.76,36.43,119.2347,7.064,106.67,1196.34,0.8788890841975743,-0.08670236032234335,-0.0819202067219984,0.005985941363912062,0.0005805762027719652,prewar,0,0,0,0
2020-06-12,38.54,36.24,119.6645,7.0825,107.36,1204.52,0.888651915044877,0.02044632170892058,-0.005229129845693681,0.0035981741564068415,0.0026154894208756385,prewar,0,0,0,0
2020-06-15,39.44,37.07,119.9539,7.0887,107.33,1212.21,0.8873114463176575,0.023083866748214277,0.022644535987862202,0.0024155084977870445,0.0008750141689604085,prewar,0,0,0,0
2020-06-16,40.75,38.26,119.567,7.0854,107.35,1207.26,0.8881783462119194,0.03267530995243684,0.0315969468494659,-0.003230618593224044,-0.0004656380383409875,prewar,0,0,0,0
2020-06-17,40.47,37.91,119.9105,7.084,107.26,1215.02,0.8913450396648543,-0.0068948807990971694,-0.009190034483863574,0.002868747465423205,-0.00019760893256681733,prewar,0,0,0,0
2020-06-18,41.75,38.79,120.2173,7.0869,106.78,1211.65,0.891583452211127,0.03113849240909028,0.022947551923632403,0.0025553073566664253,0.00040928946509866115,prewar,0,0,0,0
2020-06-19,42.33,39.72,120.2186,7.0707,106.89,1208.38,0.893734918223255,0.013796603235967542,0.023692357725096258,1.0813692963296262e-05,-0.0022885244773709346,prewar,0,0,0,0
2020-06-22,43.2,40.6,119.7532,7.0678,106.84,1210.73,0.8880994671403198,0.020344440717232626,0.02191322743071522,-0.0038787939540956273,-0.0004102273990409522,prewar,0,0,0,0
2020-06-23,42.72,40.4,119.3285,7.0575,106.44,1206.43,0.8832361773538243,-0.01117330059812538,-0.00493828164058252,-0.003552764153160304,-0.0014583763637665559,prewar,0,0,0,0
2020-06-24,40.4,37.91,119.9744,7.077,106.83,1199.55,0.8871540099361249,-0.05583740968483486,-0.06361485543886136,0.005398192570886806,0.002759207948140441,prewar,0,0,0,0
2020-06-25,41.18,38.66,120.2997,7.0768,107.21,1203.59,0.8911861687906603,0.019122916632538622,0.019590544251941733,0.00270774252201722,-2.826096172237058e-05,prewar,0,0,0,0
2020-06-26,40.97,38.53,120.533,7.0768,107.19,1203.44,0.8916629514043692,-0.005112610040863608,-0.003368315142118661,0.0019374451474245546,0.0,prewar,0,0,0,0
2020-06-29,41.58,39.67,120.6658,7.0794,107.71,1200.91,0.8899172376968942,0.014779190871087255,0.02915807588817243,0.0011011664520639286,0.00036733021986612435,prewar,0,0,0,0
2020-06-30,41.64,39.27,120.4649,7.0651,107.77,1200.5,0.8899172376968942,0.0014419613169014411,-0.010134365936320222,-0.0016663166198673807,-0.0020219880338014917,prewar,0,0,0,0
2020-07-01,42.18,39.88,120.0808,7.0703,107.5,1201.84,0.8881783462119194,0.01288493130386037,0.015414076503719176,-0.0031935746633617867,0.0007357415049549232,prewar,0,0,0,0
2020-07-02,43.19,40.57,119.8555,7.066,107.55,1199.84,0.8899172376968942,0.023662811921981053,0.017153932124718274,-0.0018779990040451722,-0.0006083628859914203,prewar,0,0,0,0
2020-07-03,42.92,,,,,,,-0.006271069210111779,,,,prewar,0,0,0,0
2020-07-06,42.73,40.51,119.2852,7.0159,107.5,1192.66,0.8844078889183691,-0.004436668106564401,,,,prewar,0,0,0,0
2020-07-07,43.28,40.59,119.5717,7.0127,107.53,1194.43,0.8850340738118418,0.01278938488229242,0.0019728736362072397,0.0023989270345303737,-0.0004562108913934715,prewar,0,0,0,0
2020-07-08,43.67,40.91,119.5525,7.0041,107.39,1194.63,0.8826904404625298,0.008970732959243666,0.007852801090500794,-0.00016058600544166524,-0.0012270990638572066,prewar,0,0,0,0
2020-07-09,42.35,39.64,119.5129,6.9923,107.27,1197.84,0.8851124092759781,-0.030692946399406118,-0.031535822479519915,-0.00033129010189014707,-0.0016861482660843752,prewar,0,0,0,0
2020-07-10,43.27,40.56,119.3509,6.999,106.77,1204.34,0.8835483300936562,0.021491133138729968,0.02294364982114061,-0.0013564217335435558,0.0009577380961223181,prewar,0,0,0,0
2020-07-13,42.85,40.06,119.1891,6.9959,107.22,1200.13,0.8799718409010912,-0.009753909193004784,-0.012404029045255616,-0.0013565861055901962,-0.0004430185354238336,prewar,0,0,0,0
2020-07-14,42.97,40.3,119.3901,7.006,107.2,1205.24,0.8767315448009819,0.002796552743114855,0.005973138714964854,0.00168497545096713,0.0014426616033162976,prewar,0,0,0,0
2020-07-15,43.96,41.2,119.0331,6.9885,106.92,1201.97,0.8767315448009819,0.022777931748517055,0.022086787402843644,-0.0029946772528903765,-0.002500983832470993,prewar,0,0,0,0
2020-07-16,43.71,40.74,118.9275,6.9881,107.05,1202.97,0.8746610688358262,-0.005703220660197239,-0.011227845556820881,-0.0008875419454490441,-5.7238527268133055e-05,prewar,0,0,0,0
2020-07-17,43.53,40.55,119.124,6.9912,107.06,1203.86,0.8742787200559539,-0.0041265533110173,-0.00467463023723802,0.001650903645890267,0.00044351291564170836,prewar,0,0,0,0
2020-07-20,43.3,40.83,119.0483,6.9829,107.21,1202.26,0.8739730816290857,-0.005297720555761831,0.006881324770062314,-0.0006356742790751824,-0.001187912062463603,prewar,0,0,0,0
2020-07-21,44.31,41.76,118.4042,6.98,106.82,1194.64,0.8699434536755111,0.023057750202954086,0.022521838242898884,-0.0054250983227825955,-0.0004153864944527186,prewar,0,0,0,0
2020-07-22,43.98,41.88,118.1337,6.9988,107.18,1194.83,0.8630361612151549,-0.0074754000847834234,0.0028694424279529507,-0.002287160898256424,0.002689789014046484,prewar,0,0,0,0
2020-07-23,42.96,40.99,118.0613,7.0034,106.83,1198.91,0.8603630732168974,-0.02346553492600556,-0.021480251486089674,-0.0006130527933914109,0.0006570396316984972,prewar,0,0,0,0
2020-07-24,43.29,41.23,118.1329,7.0168,105.79,1203.17,0.8594757198109153,0.007652211253279972,0.005838012202562304,0.0006062807824518401,0.0019115282350086193,prewar,0,0,0,0
2020-07-27,43.39,41.46,117.3869,6.995,105.29,1195.94,0.851063829787234,0.002307338356370092,0.005562960288824748,-0.0063349450436165355,-0.003111665537590458,prewar,0,0,0,0
2020-07-28,43.11,40.89,117.3189,6.9998,105.03,1198.15,0.8522969402539845,-0.006474011051216255,-0.013843572631082601,-0.0005794488410817422,0.0006859691011262825,prewar,0,0,0,0
2020-07-29,43.51,41.13,117.2126,7.0014,105.06,1192.98,0.8496176720475785,0.009235807973545729,0.00585224786578209,-0.0009064881031255467,0.00022855183940895252,prewar,0,0,0,0
2020-07-30,42.98,39.85,117.4008,7.008,105.05,1196.3,0.8481044864727334,-0.01225590551822453,-0.03161537700610895,0.0016043417841222762,0.0009422245761105952,prewar,0,0,0,0
2020-07-31,43.13,40.1,117.2082,6.9744,105.78,1192.68,0.845880561664693,0.0034839194453875066,0.006253929076299514,-0.0016418811151073243,-0.004806051132099087,prewar,0,0,0,0
2020-08-03,43.76,40.83,117.8074,6.9799,106.11,1194.31,0.851063829787234,0.01450134745397369,0.018040771018960733,0.005099247014937802,0.0007882875220981411,prewar,0,0,0,0
2020-08-04,43.99,41.67,117.7833,6.972,105.87,1194.53,0.8499065102838687,0.0052421772469029015,0.02036434010287813,-0.0002045921174653742,-0.0011324623663147015,prewar,0,0,0,0
2020-08-05,44.92,42.25,116.8736,6.9353,105.44,1188.93,0.8404773911581779,0.020920794509613927,0.013822908368820386,-0.007753486535713172,-0.005277815994604529,prewar,0,0,0,0
2020-08-06,45.04,41.93,117.0422,6.952,105.52,1185.29,0.8434547908232118,0.0026678539611926233,-0.007602792620511334,0.0014415446002074006,0.0024050762999208164,prewar,0,0,0,0
2020-08-07,44.07,41.16,117.6239,6.967,105.92,1189.25,0.8491847826086957,-0.02177170497753922,-0.018534650216822435,0.004957692580672912,0.0021553280848909395,prewar,0,0,0,0
2020-08-10,44.19,41.94,117.5821,6.9611,105.85,1186.28,0.8506294658046955,0.002719240288752811,0.01877311450792485,-0.0003554331134418831,-0.0008472082125916547,prewar,0,0,0,0
2020-08-11,43.68,41.53,117.3781,6.9451,106.56,1184.84,0.8500510030601837,-0.011608187705999029,-0.009823967831111613,-0.001736464739646948,-0.0023011328846533896,prewar,0,0,0,0
2020-08-12,45.09,42.6,117.2559,6.9363,106.85,1184.09,0.84774499830451,0.03177016099634322,0.025438195632662808,-0.0010416223654603485,-0.001267883812706927,prewar,0,0,0,0
2020-08-13,44.87,42.26,117.1193,6.944,106.89,1183.25,0.8461668641056016,-0.004891072445100786,-0.008013241087414524,-0.0011656524706289417,0.0011094862200191624,prewar,0,0,0,0
2020-08-14,44.86,42.05,116.9395,6.9501,106.49,1186.53,0.8450942280064228,-0.00022289089582994137,-0.004981625768953446,-0.0015363663777385739,0.0008780706043469699,prewar,0,0,0,0
2020-08-17,44.91,42.89,116.749,6.9318,105.97,1184.17,0.8425309630128907,0.0011139580075845146,0.01977931210983197,-0.0016303758396132295,-0.0026365282275051527,prewar,0,0,0,0
2020-08-18,45.34,42.89,116.5593,6.9215,105.41,1184.74,0.8383635144198524,0.009529157979736524,0.0,-0.0016261748236505724,-0.001487010589238169,prewar,0,0,0,0
2020-08-19,45.21,42.91,116.567,6.9192,105.71,1181.06,0.8404773911581779,-0.0028713437728691282,0.00046620047464429604,6.605861288822013e-05,-0.00033235313548751755,prewar,0,0,0,0
2020-08-20,44.56,42.62,116.8126,6.9143,105.81,1187.66,0.8430281571404485,-0.014481705687485302,-0.006781272332962107,0.0021047262971114478,-0.0007084252293243498,prewar,0,0,0,0
2020-08-21,43.94,42.32,117.0572,6.9179,105.88,1191.84,0.8492569002123143,-0.014011528662564388,-0.0070638391204274065,0.002091762931226704,0.0005205245848505236,prewar,0,0,0,0
2020-08-24,44.43,42.44,116.912,6.918,105.9,1189.11,0.8472422265525714,0.011089849991352985,0.002831526195738565,-0.0012411891705461642,1.4455149285774738e-05,prewar,0,0,0,0
2020-08-25,46.01,43.17,116.8206,6.9116,106.4,1188.18,0.8461668641056016,0.03494384721956001,0.017054495821603677,-0.0007820903430575399,-0.0009255510581474002,prewar,0,0,0,0
2020-08-26,45.79,43.21,116.6243,6.8855,106.13,1185.6,0.8465250148141877,-0.0047930374983731205,0.0009261403764559972,-0.0016817676999316689,-0.0037834082717860262,prewar,0,0,0,0
2020-08-27,44.84,42.88,116.649,6.8925,106.42,1185.22,0.8457374830852504,-0.020965128465044724,-0.007666433181295229,0.0002117687715852412,0.0010161127307710682,prewar,0,0,0,0
2020-08-28,45.22,42.96,115.9374,6.8647,105.3,1181.62,0.8402655239055542,0.008438868645864517,0.0018639334380625705,-0.006119035509768445,-0.004041525577916705,prewar,0,0,0,0
2020-08-31,,42.61,115.7586,6.8474,105.84,1187.48,0.8368200836820083,,-0.008180482688788793,-0.0015434020051543484,-0.0025233201594649923,prewar,0,0,0,0
2020-09-01,45.72,42.76,115.5687,6.8272,106.0,1182.94,0.8368901163277261,,0.0035141186450240447,-0.0016418299323763819,-0.0029543847268345136,prewar,0,0,0,0
2020-09-02,42.7,42.76,116.0304,6.8375,106.15,1189.98,0.8445945945945946,-0.06833691869203085,0.0,0.003987067407650535,0.0015075342965011895,prewar,0,0,0,0
2020-09-03,42.72,41.39,116.0685,6.8474,106.14,1188.04,0.8451656524678837,0.0004682744173605258,-0.032563780396203335,0.00032830832323860193,0.001446850430333324,prewar,0,0,0,0
2020-09-04,41.1,39.69,116.0347,6.8409,106.34,1190.6,0.8460236886632826,-0.038659073149750256,-0.04194003896566745,-0.0002912497564784289,-0.0009497162523559588,prewar,0,0,0,0
2020-09-07,40.67,,,,,,,-0.010517401583055808,,,,prewar,0,0,0,0
2020-09-08,38.53,36.87,116.4618,6.8435,105.97,1188.69,0.8482483671218932,-0.054053561281067086,,,,prewar,0,0,0,0
2020-09-09,39.98,38.05,116.1291,6.8308,106.23,1185.12,0.8467400508044031,0.03694217043418746,0.03150287206164171,-0.0028608189478545043,-0.0018574996382370035,prewar,0,0,0,0
2020-09-10,39.27,37.25,115.8806,6.8335,106.19,1184.41,0.8417508417508418,-0.017918460482335252,-0.021249139482126367,-0.0021421526343665676,0.0003951903917711608,prewar,0,0,0,0
2020-09-11,38.8,37.33,116.0866,6.833,106.17,1186.55,0.8452370890034654,-0.012040621960690778,0.0021453481009241493,0.0017761136415286316,-7.317162407693978e-05,prewar,0,0,0,0
2020-09-14,38.57,37.23,115.6428,6.808,105.68,1181.27,0.8421761832575375,-0.0059454744090912115,-0.0026824050418672307,-0.003830334369306243,-0.0036654245275682396,prewar,0,0,0,0
2020-09-15,39.54,38.29,115.5908,6.7819,105.5,1179.99,0.8441668073611345,0.024838045522334262,0.028073877604577913,-0.00044976163392007606,-0.003841092589338402,prewar,0,0,0,0
2020-09-16,41.23,40.17,115.3537,6.7529,104.94,1176.0,0.8449514152936206,0.04185332897633787,0.04793168288198757,-0.0020533079012716726,-0.004285256432050355,prewar,0,0,0,0
2020-09-17,42.35,40.99,115.4392,6.7628,104.77,1174.25,0.8458090163241141,0.026802274379254865,0.020207686145055526,0.0007409240397899808,0.0014649632309902128,prewar,0,0,0,0
2020-09-18,42.16,41.09,115.2395,6.7675,104.44,1163.2,0.8433836552247618,-0.004496516864956668,0.0024366483790720928,-0.0017314129990175786,0.0006947370256447094,prewar,0,0,0,0
2020-09-21,40.37,39.26,116.378,6.8043,104.69,1166.75,0.8520064752492119,-0.04338496936825731,-0.04555859404700335,0.009830942561856126,0.0054230227660436725,prewar,0,0,0,0
2020-09-22,40.84,39.55,116.5438,6.7779,105.05,1164.83,0.8544817568144921,0.011575058431615215,0.007359505365347907,0.0014236540160990074,-0.0038874458109745547,prewar,0,0,0,0
2020-09-23,41.09,39.92,117.2526,6.8089,105.34,1164.56,0.8563843452941681,0.006102789598853686,0.009311757229600204,0.00606341390700571,0.0045632604871828075,prewar,0,0,0,0
2020-09-24,41.24,40.11,117.5473,6.8273,105.42,1170.49,0.8571918395336876,0.0036438762534407587,0.004748228338698368,0.0025102238522887177,0.0026987006889371834,prewar,0,0,0,0
2020-09-25,40.91,40.06,117.8679,6.822,105.59,1172.71,0.8607333448097779,-0.008034127207452002,-0.001247349544289289,0.002723700068633761,-0.000776596641054228,prewar,0,0,0,0
2020-09-28,41.59,40.47,117.6178,6.8106,105.5,1168.08,0.8576329331046313,0.016485221813513196,0.01018262865010211,-0.0021241212866458525,-0.0016724619892423132,prewar,0,0,0,0
2020-09-29,40.33,39.03,117.526,6.815,105.68,1169.67,0.8534607834769993,-0.030764144869543486,-0.03623037769525084,-0.0007807988529888732,0.0006458431412843524,prewar,0,0,0,0
2020-09-30,40.3,40.05,116.946,6.7896,105.58,1165.97,0.8530239699735563,-0.0007441399326397757,0.025798092321844823,-0.004947295907345328,-0.003734035475166042,prewar,0,0,0,0
2020-10-01,39.75,38.51,116.7227,6.7898,105.53,1163.05,0.8509189925119128,-0.013741627852296379,-0.039210725687550685,-0.001911253565189952,2.9456382463877162e-05,prewar,0,0,0,0
2020-10-02,38.0,36.9,116.7321,6.7898,105.36,1166.08,0.8542627712284298,-0.04502368137395507,-0.04270639678033605,8.052950725456753e-05,0.0,prewar,0,0,0,0
2020-10-05,39.78,39.12,116.1767,6.7896,105.7,1157.77,0.8486082824168365,0.045778113699440404,0.05842229412013511,-0.004769257776022329,-2.9456382463877162e-05,prewar,0,0,0,0
2020-10-06,41.27,40.52,116.2681,6.7896,105.64,1162.0,0.8490405841399219,0.03677157033866463,0.03516183421386598,0.0007864233117764741,0.0,prewar,0,0,0,0
2020-10-07,40.62,39.82,116.3447,6.7896,105.97,1158.41,0.8499065102838687,-0.015875287612252098,-0.017426380744432368,0.0006586052252401942,0.0,prewar,0,0,0,0
2020-10-08,42.0,41.04,116.1657,6.7896,105.98,1152.44,0.8508465923593976,0.03340906213112982,0.030177902226463882,-0.0015397163771027067,0.0,prewar,0,0,0,0
2020-10-09,41.63,40.44,115.2757,6.6933,105.72,1143.46,0.8460952703274389,-0.008848557076484465,-0.014727806710243652,-0.0076909696107021475,-0.014285003609993296,prewar,0,0,0,0
2020-10-12,40.5,39.22,,,,,,-0.02751908709439066,-0.030632573384070216,,,prewar,0,0,0,0
2020-10-13,41.34,40.03,115.9107,6.7452,105.55,1147.4,0.8520064752492119,0.020528580141129016,0.02044235223628199,,,prewar,0,0,0,0
2020-10-14,41.81,40.86,115.6872,6.7136,105.08,1146.58,0.8507018290089324,0.011304991114851504,0.020522416384993747,-0.00193006991325273,-0.004695821034106151,prewar,0,0,0,0
2020-10-15,41.61,40.84,116.0964,6.7233,105.38,1143.03,0.854627809588924,-0.004795022373623947,-0.0004895960930113574,0.003530883333672463,0.0014437856477289568,prewar,0,0,0,0
2020-10-16,41.34,40.7,115.7679,6.6962,105.41,1146.82,0.8534607834769993,-0.006509968741227556,-0.0034339008479151722,-0.0028335558323977494,-0.00403890410814256,prewar,0,0,0,0
2020-10-19,41.29,40.69,115.4031,6.6803,105.42,1141.76,0.848320325755005,-0.0012102143556234068,-0.00024573043495124125,-0.0031561078406454612,-0.0023773045996096087,prewar,0,0,0,0
2020-10-20,41.62,41.37,115.2485,6.6754,105.56,1138.65,0.8457374830852504,0.007960481067489589,0.01657361845972183,-0.0013405501904371064,-0.0007337691352535813,prewar,0,0,0,0
2020-10-21,40.09,39.88,114.9108,6.6503,104.58,1132.11,0.8424599831508003,-0.03745389431107293,-0.03668103537968248,-0.002934491392132088,-0.0037671611523428794,prewar,0,0,0,0
2020-10-22,41.28,40.46,115.1158,6.6821,104.88,1135.26,0.8457374830852504,0.029251194518891577,0.014438886645961713,0.0017824030288071668,0.004770342969582897,prewar,0,0,0,0
2020-10-23,40.71,39.73,115.0126,6.6861,104.78,1129.77,0.8443093549476529,-0.013904358658419547,-0.018207261913091966,-0.0008968906655413278,0.0005984351100931651,prewar,0,0,0,0
2020-10-26,39.06,38.39,115.2797,6.7119,104.86,1127.77,0.8463100880162492,-0.0413748370663547,-0.0343095608138011,0.0023196617495964134,0.003851325853160281,prewar,0,0,0,0
2020-10-27,39.72,39.34,115.0131,6.7044,104.44,1127.9,0.8450228156160217,0.016755913728438987,0.024444803948206584,-0.002315314409277569,-0.0011180430940367359,prewar,0,0,0,0
2020-10-28,37.86,37.27,115.8023,6.7279,104.33,1133.76,0.8509914049868096,-0.04795969339579509,-0.0540530994697459,0.006838391853263737,0.0034990320311951706,prewar,0,0,0,0
2020-10-29,36.56,35.94,116.3069,6.714,104.69,1131.12,0.857780065191285,-0.03494039919522729,-0.036337832135754145,0.0043479603130327504,-0.0020681607443182592,prewar,0,0,0,0
2020-10-30,36.33,35.64,116.1354,6.6919,104.54,1133.99,0.8585901948999742,-0.006310900352838988,-0.008382278752804062,-0.0014756352963303243,-0.003297058760696636,prewar,0,0,0,0
2020-11-02,37.78,36.6,116.2361,6.6899,104.8,1134.62,0.8595495960116899,0.03913601584025317,0.02657963780471162,0.0008667156368469264,-0.00029891345183630236,prewar,0,0,0,0
2020-11-03,38.17,37.44,115.4802,6.6759,104.5,1134.3,0.8529512111907198,0.010270004683774925,0.022691411202070633,-0.006524380731081081,-0.002094899687267171,prewar,0,0,0,0
2020-11-04,39.68,38.97,115.1677,6.6504,104.39,1137.37,0.8525149190110827,0.03879741565953365,0.04005246774122684,-0.002709759691882141,-0.0038270234233017675,prewar,0,0,0,0
2020-11-05,39.47,38.56,114.4556,6.6027,103.67,1122.96,0.846811753747142,-0.005306392741916355,-0.01057664960827287,-0.006202352137812284,-0.0071983469481424756,prewar,0,0,0,0
2020-11-06,38.08,36.97,113.9919,6.608,103.32,1121.0,0.8413259296651522,-0.035851679751591536,-0.04210869679380469,-0.00405958162660891,0.0008023799320779901,prewar,0,0,0,0
2020-11-09,40.93,40.05,114.0895,6.628,105.58,1113.14,0.8466683600033866,0.07217408058114705,0.08002190056582803,0.0008558348550762318,0.003022063345639703,prewar,0,0,0,0
2020-11-10,42.25,41.18,114.0757,6.6146,105.36,1117.63,0.8467400508044031,0.031741063298871275,0.027824028085274843,-0.00012096498516722676,-0.002023772457596218,prewar,0,0,0,0
2020-11-11,42.5,41.23,,,,,,0.005899722127188589,0.001213445119165435,,,prewar,0,0,0,0
2020-11-12,42.16,40.9,114.2843,6.6114,105.16,1112.95,0.8464533604198409,-0.008032171697264445,-0.008036083670052818,,,prewar,0,0,0,0
2020-11-13,41.51,39.93,114.2397,6.6039,104.61,1109.47,0.8457374830852504,-0.01553754216815939,-0.024002141973626046,-0.0003903309986368342,-0.0011350481343908037,prewar,0,0,0,0
2020-11-16,42.71,41.14,113.8312,6.583,104.54,1106.88,0.8443093549476529,0.02849872278842769,0.029852963149681333,-0.003582223219478209,-0.0031698151195187485,prewar,0,0,0,0
2020-11-17,42.54,41.24,113.682,6.5556,104.2,1105.33,0.8430281571404485,-0.003988275081284076,0.0024277749239480784,-0.0013115724396479678,-0.004170922278204259,prewar,0,0,0,0
2020-11-18,42.91,41.64,113.46,6.5588,103.72,1105.72,0.8425309630128907,0.008660089231342205,0.009652584598009106,-0.001954724979858824,0.00048801318604096977,prewar,0,0,0,0
2020-11-19,43.09,41.57,113.694,6.5823,103.85,1114.93,0.8443806467955756,0.0041860526243135965,-0.001682490482222132,0.0020602770171116447,0.003576568940300451,prewar,0,0,0,0
2020-11-20,43.79,41.99,113.489,6.5608,103.81,1114.48,0.8433836552247618,0.016114529185560222,0.010052741431555656,-0.0018047129903226988,-0.0032716815938123034,prewar,0,0,0,0
2020-11-23,45.0,42.91,113.7548,6.585,104.42,1115.42,0.8455944529003889,0.027257008957012552,0.021673404307331445,0.0023393388177455066,0.0036817884551798574,prewar,0,0,0,0
2020-11-24,46.63,44.71,113.4316,6.59,104.61,1110.93,0.8421761832575375,0.035581621049909806,0.041092291242455836,-0.002845242655689084,0.0007590133191714976,prewar,0,0,0,0
2020-11-25,47.3,45.58,113.1823,6.575,104.39,1106.84,0.8397715821296606,0.014266184677657723,0.019271833571648855,-0.0022002189677774453,-0.002278770450587553,prewar,0,0,0,0
2020-11-26,46.32,,,,,,,-0.020936462233147157,,,,prewar,0,0,0,0
2020-11-27,46.88,,,,,,,0.012017312004017455,,,,prewar,0,0,0,0
2020-11-30,46.84,45.2,113.2256,6.576,104.38,1105.79,0.8369601606963508,-0.0008536065392408254,,,,prewar,0,0,0,0
2020-12-01,47.03,44.54,112.8063,6.5705,104.4,1107.33,0.8306337735692333,0.004048157227440008,-0.014709425008964327,-0.0037101000431043474,-0.0008367246523230953,prewar,0,0,0,0
2020-12-02,47.8,45.23,112.6115,6.5622,104.52,1100.15,0.8269246671628214,0.01623994354045344,0.015372921660530281,-0.0017283466389246271,-0.00126402051445762,prewar,0,0,0,0
2020-12-03,48.37,45.65,112.0236,6.5418,103.77,1096.28,0.8229098090849243,0.011854147337481802,0.00924302355122597,-0.0052342785455792296,-0.003113555628843967,prewar,0,0,0,0
2020-12-04,49.1,46.23,111.7778,6.5301,104.16,1081.85,0.823587547356284,0.014979247965583031,0.012625330959156411,-0.0021965912530692577,-0.0017900998514899236,prewar,0,0,0,0
2020-12-07,48.63,45.72,111.8385,6.5295,104.01,1082.22,0.8238589553468446,-0.009618410384780507,-0.011093099073524293,0.0005428942477880838,-9.188642843938055e-05,prewar,0,0,0,0
2020-12-08,48.84,45.64,111.8639,6.5307,104.14,1085.4,0.825695648583932,0.004309024826809615,-0.001751313932734977,0.0002270874171150794,0.00018376441453860082,prewar,0,0,0,0
2020-12-09,48.81,45.48,112.0305,6.541,104.28,1083.78,0.8278145695364238,-0.0006144393434479589,-0.0035118561115394797,0.0014882018554107646,0.0015759238862123048,prewar,0,0,0,0
2020-12-10,50.33,46.76,111.9788,6.5419,104.3,1086.83,0.825218682950982,0.03066611088921256,0.027755467721532145,-0.0004615879869094286,0.00013758417497955477,prewar,0,0,0,0
2020-12-11,50.01,46.59,112.1417,6.5445,103.88,1091.23,0.8256274768824307,-0.006378335357456244,-0.0036422107751619137,0.0014536825385151886,0.00039735909558169524,prewar,0,0,0,0
2020-12-14,50.27,47.02,112.1708,6.548,104.06,1093.19,0.8233841086867024,0.005185492273671599,0.009187117283218083,0.00025945946091443517,0.0005346572592515031,prewar,0,0,0,0
2020-12-15,50.77,47.58,111.8601,6.5388,103.69,1092.22,0.8225037012666557,0.009897151254818937,0.011839461762888082,-0.0027737262957829856,-0.0014059971139723793,prewar,0,0,0,0
2020-12-16,50.83,47.86,111.7157,6.5323,103.59,1093.71,0.8213552361396304,0.001181102499508313,0.005867577605415342,-0.0012917321112437818,-0.0009945606009884589,prewar,0,0,0,0
2020-12-17,51.2,48.34,111.2226,6.5321,103.13,1092.96,0.8157937673356176,0.007252800586651009,0.009979292795109895,-0.00442365267978051,-3.0617556109113764e-05,prewar,0,0,0,0
2020-12-18,52.17,49.04,111.6071,6.5395,103.35,1099.37,0.8172605426610003,0.018768084988839195,0.014376916352619062,0.003451069418594521,0.0011322257092516441,prewar,0,0,0,0
2020-12-21,50.61,47.79,111.9415,6.5493,103.44,1107.03,0.8176614881439084,-0.03035843180831499,-0.02581987903788896,0.0029917454139436472,0.0014974637600528862,prewar,0,0,0,0
2020-12-22,49.88,47.02,112.1947,6.5426,103.62,1107.12,0.821557673348669,-0.014529064414150472,-0.01624336947814342,0.0022593414870737405,-0.001023533724657355,prewar,0,0,0,0
2020-12-23,51.05,47.94,111.9807,6.54,103.52,1106.92,0.8200754469411186,0.023185423798838478,0.019377185894314586,-0.001909219878761803,-0.0003974745133583646,prewar,0,0,0,0
2020-12-24,50.88,48.18,,,,,,-0.0033356255788077327,0.004993768180487024,,,prewar,0,0,0,0
2020-12-25,,,,,,,,,,,,prewar,0,0,0,0
2020-12-28,50.88,47.5,111.9752,6.5346,103.84,1096.67,0.8187996397281585,,,,,prewar,0,0,0,0
2020-12-29,50.44,47.85,111.5172,6.53,103.5,1092.55,0.8161932745674175,-0.00868540793514816,0.007341406858368149,-0.00409857911174516,-0.000704193039219092,prewar,0,0,0,0
2020-12-30,50.74,48.24,111.3084,6.5208,103.31,1086.62,0.8143322475570033,0.005930043074417135,0.008117434519966604,-0.0018741119612286639,-0.0014098754902289734,prewar,0,0,0,0
2020-12-31,51.22,48.35,111.3169,6.525,103.19,1086.11,0.8176614881439084,0.009415526600243584,0.0022776694803732234,7.636149174583551e-05,0.0006438854106465275,prewar,0,0,0,0
2021-01-01,,,,,,,,,,,,prewar,0,0,0,0
2021-01-04,50.37,47.47,111.2075,6.4601,103.19,1081.62,0.8160600620205647,,,,,prewar,0,0,0,0
2021-01-05,53.16,49.78,110.9574,6.455,102.7,1087.42,0.8133387555917039,0.053910474087485394,0.04751536437621917,-0.002251481720559667,-0.0007897732522537115,prewar,0,0,0,0
2021-01-06,53.8,50.45,110.8502,6.4617,103.25,1085.71,0.8136696501220504,0.011967233322693893,0.013369449860172189,-0.0009666035640494286,0.0010374167706763693,prewar,0,0,0,0
2021-01-07,53.7,50.63,111.3042,6.476,103.84,1086.78,0.8153281695882594,-0.0018604656529195296,0.0035615391821997022,0.004087253117919687,0.002210594746106631,prewar,0,0,0,0
2021-01-08,55.51,52.14,111.2847,6.475,103.89,1089.48,0.8161932745674175,0.03315018318725116,0.029388122523537952,-0.00017521089371363985,-0.00015442822978739557,prewar,0,0,0,0
2021-01-11,54.84,52.15,111.8257,6.4795,104.16,1097.39,0.8217602103706138,-0.012143330007956088,0.0001917729414255831,0.004849626555364139,0.0006947393077307851,prewar,0,0,0,0
2021-01-12,55.98,53.08,111.5501,6.461,104.09,1099.57,0.8218277449046679,0.020574629393193433,0.01767602801722523,-0.0024675917431000727,-0.002859242317303723,prewar,0,0,0,0
2021-01-13,55.52,52.81,111.3622,6.4677,103.91,1098.31,0.8224360555966773,-0.00825116788875846,-0.005099642745164612,-0.0016858651990325768,0.0010364538739056073,prewar,0,0,0,0
2021-01-14,55.76,53.47,111.1567,6.4736,103.66,1098.37,0.8226390259953932,0.004313450253719431,0.012420182241798194,-0.0018470346422043704,0.0009118095413553906,prewar,0,0,0,0
2021-01-15,54.8,52.25,111.5106,6.48,103.8,1099.39,0.8265145879824779,-0.017366572498298538,-0.023080858115719582,0.003178736150251993,0.0009881423728939076,prewar,0,0,0,0
2021-01-18,54.21,,,,,,,-0.01082480068172309,,,,prewar,0,0,0,0
2021-01-19,55.38,52.87,111.4527,6.4777,103.86,1102.14,0.8246742536698005,0.021353124470569362,,,,prewar,0,0,0,0
2021-01-20,55.66,53.16,,,,,,0.00504323835492837,0.005470163597685929,,,prewar,0,0,0,0
2021-01-21,55.68,53.0,111.1973,6.4595,103.57,1097.91,0.823519723297373,0.00035925992841967513,-0.003014320292922701,,,prewar,0,0,0,0
2021-01-22,55.22,52.28,111.5516,6.481,103.76,1105.5,0.8210854749979473,-0.00829580952415565,-0.013678024796100807,0.003181163173303858,0.0033229040273599075,prewar,0,0,0,0
2021-01-25,55.44,52.78,111.8676,6.4784,103.78,1101.02,0.8238589553468446,0.003976148379639,0.009518442319156772,0.0028287650364609007,-0.0004012531498192029,prewar,0,0,0,0
2021-01-26,55.26,52.61,111.6572,6.4635,103.69,1103.26,0.8232485387338438,-0.0032520353863771945,-0.0032261153324619762,-0.0018825657120737915,-0.0023025995538943356,prewar,0,0,0,0
2021-01-27,55.07,52.81,112.0782,6.4822,104.09,1104.09,0.8263779852904719,-0.003444216220880314,0.0037943509761260152,0.0037633784987596286,0.0028889921759778225,prewar,0,0,0,0
2021-01-28,54.87,52.26,112.0059,6.4491,104.31,1111.95,0.8249463784853985,-0.0036383522035059457,-0.010469306626375463,-0.0006452934635596819,-0.005119372729780691,prewar,0,0,0,0
2021-01-29,55.25,52.16,111.9511,6.4282,104.64,1118.35,0.8240626287597858,0.006901589326978375,-0.0019153424740689928,-0.000489379667468981,-0.0032460249200338964,prewar,0,0,0,0
2021-02-01,56.42,53.55,112.4189,6.4669,104.97,1116.48,0.828500414250207,0.02095536517598795,0.02629987927536037,0.0041699039786591285,0.006002297956414049,prewar,0,0,0,0
2021-02-02,57.62,54.77,112.2862,6.457,105.09,1115.88,0.831946755407654,0.021046024082531645,0.022526801901872506,-0.0011811037259628065,-0.001532045580112662,prewar,0,0,0,0
2021-02-03,58.61,55.67,112.2567,6.4614,105.05,1114.47,0.8316008316008316,0.017035600831955655,0.016298803399785733,-0.00026275602719749713,0.0006811989364232662,prewar,0,0,0,0
2021-02-04,58.98,56.19,112.7469,6.4715,105.43,1120.02,0.8351428094204109,0.006293072898792218,0.009297402928690524,0.004357270510960021,0.0015619083196025674,prewar,0,0,0,0
2021-02-05,59.48,56.8,112.2379,6.4664,105.44,1123.7,0.8309098462816784,0.008441718204823978,0.0107975206029991,-0.004524757836214199,-0.0007883814628582009,prewar,0,0,0,0
2021-02-08,60.17,57.95,112.0428,6.4475,105.19,1119.22,0.8302200083022001,0.011533767640306003,0.020044244058655458,-0.0017397845575786164,-0.002927080664134829,prewar,0,0,0,0
2021-02-09,60.74,58.34,111.7675,6.4344,104.62,1116.42,0.8260366760284157,0.009428570385343171,0.006707394653814092,-0.002460120368431795,-0.0020338621656406097,prewar,0,0,0,0
2021-02-10,61.17,58.69,111.5834,6.4576,104.67,1106.9,0.8242664029014177,0.007054413636870649,0.005981390130667563,-0.0016485274220352508,0.003599135129376041,prewar,0,0,0,0
2021-02-11,61.09,58.22,111.5272,6.4567,104.75,1102.7,0.824606250515379,-0.0013086865927984803,-0.008040416252765858,-0.0005037860253045423,-0.00013938037701732853,prewar,0,0,0,0
2021-02-12,62.47,59.5,111.4889,6.4567,104.94,1102.16,0.8246742536698005,0.022338254843803362,0.02174737423410722,-0.0003434729634008704,0.0,prewar,0,0,0,0
2021-02-15,63.58,,,,,,,0.01761251397717789,,,,prewar,0,0,0,0
2021-02-16,63.96,60.07,111.7879,6.4567,105.88,1099.61,0.8259684480052861,0.005958932483096646,,,,prewar,0,0,0,0
2021-02-17,65.02,61.09,112.0204,6.4567,105.83,1107.44,0.8304268393954493,0.016437026910005592,0.0168376377996049,0.0020776716827430874,0.0,prewar,0,0,0,0
2021-02-18,64.09,60.4,112.1603,6.4869,105.69,1108.56,0.8279516476237788,-0.014406569359623589,-0.011359081720906161,0.001248100466818336,0.004666407305741194,prewar,0,0,0,0
2021-02-19,62.84,59.12,111.7058,6.4555,105.58,1105.81,0.8239947264337508,-0.019696532128715027,-0.021419828300822452,-0.004060468507382176,-0.004852278033185886,prewar,0,0,0,0
2021-02-22,64.73,61.67,111.918,6.4625,105.06,1111.56,0.8227067050596463,0.029632959169998863,0.04222831236345481,0.00189783076480321,0.001083759201911505,prewar,0,0,0,0
2021-02-23,65.16,61.66,111.8981,6.464,105.21,1110.25,0.823587547356284,0.006621011176425107,-0.00016216654539746855,-0.00017782456268733426,0.00023208138424668512,prewar,0,0,0,0
2021-02-24,66.85,63.21,111.7212,6.4556,105.91,1112.19,0.823519723297373,0.025605519814107858,0.024827094026202978,-0.0015821535699425127,-0.0013003500392640976,prewar,0,0,0,0
2021-02-25,66.69,63.43,111.9253,6.4541,106.22,1107.73,0.8177283506419167,-0.002396286903737277,0.0034744191615985187,0.0018252023319034194,-0.0002323834026738414,prewar,0,0,0,0
2021-02-26,65.86,61.55,112.8306,6.473,106.64,1123.36,0.8269246671628214,-0.012523739695996738,-0.03008708301534302,0.008055894381106654,0.002924091786516758,prewar,0,0,0,0
2021-03-01,64.56,60.54,112.5263,6.4648,106.68,1118.59,0.8296001327360212,-0.019936252986524572,-0.01654554903688954,-0.002700606770374314,-0.0012676036262722068,prewar,0,0,0,0
2021-03-02,63.17,59.7,112.5342,6.4702,106.75,1125.61,0.8278831029058697,-0.021765519051084148,-0.013972283195016644,7.020334535123851e-05,0.0008349439990271712,prewar,0,0,0,0
2021-03-03,64.7,61.33,112.7617,6.4675,106.92,1123.96,0.8282945415389712,0.023931696596245722,0.02693709923933607,0.002019566954608365,-0.00041738485808084924,prewar,0,0,0,0
2021-03-04,67.32,63.81,112.7037,6.4694,107.58,1124.45,0.8302200083022001,0.039696167815749916,0.03964079824236322,-0.0005144913701116138,0.0002937334312949069,prewar,0,0,0,0
2021-03-05,69.95,66.08,113.7487,6.496,108.24,1124.85,0.8393486654356219,0.03832333178888536,0.03495621133246729,0.009229378163990276,0.004103234350034679,prewar,0,0,0,0
2021-03-08,68.0,65.03,114.2678,6.525,108.92,1132.64,0.8439530762089628,-0.02827299593538335,-0.016017427331662226,0.004553187131723924,0.004454350349380354,prewar,0,0,0,0
2021-03-09,67.03,64.02,113.928,6.505,108.64,1140.63,0.8413967185527977,-0.01436742480624087,-0.015653167339343632,-0.002978146408922022,-0.0030698412442886625,prewar,0,0,0,0
2021-03-10,67.53,64.45,113.5881,6.505,108.58,1139.85,0.8403361344537815,0.007431663216884488,0.006694194843479551,-0.002987922638236107,0.0,prewar,0,0,0,0
2021-03-11,69.34,66.02,112.9214,6.4932,108.44,1135.19,0.8348639171814994,0.026449996670127263,0.024067997039850297,-0.005886745812470728,-0.0018156365099157856,prewar,0,0,0,0
2021-03-12,68.87,65.59,113.0269,6.5081,108.87,1133.09,0.8366800535475234,-0.006801270700270479,-0.006534481119402358,0.0009338420131230762,0.002292079487936638,prewar,0,0,0,0
2021-03-15,68.78,65.36,113.1928,6.4996,109.11,1136.37,0.8391373667869431,-0.0013076645524874309,-0.003512794753897097,0.0014667160264218992,-0.0013069183960052744,prewar,0,0,0,0
2021-03-16,67.95,64.82,112.9839,6.5052,109.01,1129.69,0.8406893652795292,-0.012140864406966934,-0.00829625283834634,-0.0018472288206670129,0.0008612205256717242,prewar,0,0,0,0
2021-03-17,67.73,64.55,113.1589,6.503,109.22,1130.24,0.8399832003359934,-0.003242927370340709,-0.004174080420749959,0.0015476949514408034,-0.0003382481851410546,prewar,0,0,0,0
2021-03-18,62.11,59.95,112.7744,6.5054,108.97,1123.51,0.8385041086701324,-0.08662220665560039,-0.07392923581912747,-0.003403662684518416,0.00036899234759557586,prewar,0,0,0,0
2021-03-19,64.0,61.43,112.9756,6.507,108.85,1130.38,0.8397010664203544,0.029976076788459594,0.024387433702312222,0.0017825032405136554,0.00024591927823647275,prewar,0,0,0,0
2021-03-22,63.89,61.48,113.0023,6.507,108.67,1128.19,0.8380824673147838,-0.0017202287454196608,0.0008136034945591675,0.0002363062947683403,0.0,prewar,0,0,0,0
2021-03-23,59.96,57.75,113.2916,6.516,108.61,1128.96,0.8423180592991913,-0.06348518137985515,-0.06258856926849177,0.0025568533452133835,0.001382170226951862,prewar,0,0,0,0
2021-03-24,63.7,61.12,113.6565,6.523,108.81,1133.35,0.8452370890034654,0.060506889343720616,0.05671579545636174,0.003215715967194832,0.0010737020741602432,prewar,0,0,0,0
2021-03-25,61.21,58.47,114.0016,6.5452,109.13,1133.31,0.8491126772522714,-0.03987398771513906,-0.04432534267068622,0.0030317415838139183,0.0033975637586445284,prewar,0,0,0,0
2021-03-26,63.77,60.93,113.7406,6.5412,109.55,1129.26,0.8476012883539583,0.04097228546420251,0.041211862072824346,-0.002292066329956377,-0.0006113216965051294,prewar,0,0,0,0
2021-03-29,64.06,61.49,113.9314,6.5696,109.73,1133.57,0.8489685032685288,0.00453728385383112,0.009148895704974791,0.0016760958279258276,0.004332312966379037,prewar,0,0,0,0
2021-03-30,63.28,60.55,114.203,6.5716,110.19,1133.44,0.8529512111907198,-0.01225082072161321,-0.015405089966276542,0.0023810536974506746,0.000304386207567342,prewar,0,0,0,0
2021-03-31,63.52,59.19,113.8234,6.5518,110.61,1126.72,0.8515711487694798,0.0037854934794818718,-0.022716861296467883,-0.0033294421230287696,-0.003017512995699745,prewar,0,0,0,0
2021-04-01,63.85,61.41,113.7389,6.5645,110.61,1131.63,0.8494733265375467,0.005181765539667538,0.03682007963867395,-0.0007426538041119812,0.0019365223376830443,prewar,0,0,0,0
2021-04-02,,,113.7315,6.5646,110.67,1127.3,0.8501232678738417,,,-6.506341047085584e-05,1.523333663411286e-05,prewar,0,0,0,0
2021-04-05,,58.73,113.394,6.5649,110.08,1127.34,0.8467400508044031,,,-0.002971927400577279,4.569861762471206e-05,prewar,0,0,0,0
2021-04-06,61.47,59.34,113.1464,6.537,109.83,1117.12,0.8437394532568343,,0.010332945328247689,-0.0021859244407753664,-0.004258930715694387,prewar,0,0,0,0
2021-04-07,61.86,59.77,113.2436,6.5415,109.67,1116.21,0.8410428931875525,0.006324516338005459,0.0072202479734864156,0.0008586952248119673,0.0006881523382014088,prewar,0,0,0,0
2021-04-08,62.09,59.61,113.0917,6.5505,109.25,1116.96,0.8400537634408602,0.003711178119877978,-0.0026805176043271928,-0.0013422565795613295,0.0013748856427944212,prewar,0,0,0,0
2021-04-09,61.89,59.29,113.2028,6.5522,109.64,1120.84,0.8405480373203329,-0.003226329625531932,-0.005382687512558881,0.0009819064000788913,0.0002594885038258443,prewar,0,0,0,0
2021-04-12,62.38,59.7,113.1815,6.5475,109.43,1124.6,0.8398421096833795,0.00788609542838703,0.006891362679279922,-0.00018817559400385875,-0.00071757371568415,prewar,0,0,0,0
2021-04-13,62.83,60.2,113.0391,6.5431,109.19,1125.63,0.8375910880308234,0.007187955235198551,0.008340331916219412,-0.0012589482903679894,-0.0006722381198263072,prewar,0,0,0,0
2021-04-14,66.11,63.15,112.7849,6.5292,108.93,1116.43,0.8351428094204109,0.05088735493063101,0.04784049648172406,-0.002251311706157999,-0.0021266349821607022,prewar,0,0,0,0
2021-04-15,66.13,63.42,112.6181,6.522,108.78,1115.04,0.8358408559010365,0.0003024803410847099,0.004266420313701502,-0.0014800160640922044,-0.0011033469306156451,prewar,0,0,0,0
2021-04-16,65.98,63.16,112.4814,6.5203,108.78,1114.93,0.8347245409015025,-0.002270835886135636,-0.004108079722760394,-0.0012145741488085449,-0.0002606902171591319,prewar,0,0,0,0
2021-04-19,66.54,63.33,112.1835,6.5085,108.09,1115.03,0.8313934153641502,0.008451604789895484,0.0026879611408983095,-0.0026519511912219684,-0.0018113722255901354,prewar,0,0,0,0
2021-04-20,65.34,62.61,112.2354,6.4981,108.07,1116.68,0.8302200083022001,-0.018198864417406924,-0.011434140771120482,0.00046252789694012364,-0.0015991884453150362,prewar,0,0,0,0
2021-04-21,64.02,61.34,112.1771,6.4903,108.09,1117.8,0.8310479514667997,-0.02040887163120697,-0.020492851071113094,-0.000519578912151708,-0.001201071869925796,prewar,0,0,0,0
2021-04-22,65.07,61.45,112.2297,6.491,108.17,1117.3,0.8325008325008325,0.016268078965175903,0.0017916773259383234,0.00046879150688283744,0.00010784744219427544,prewar,0,0,0,0
2021-04-23,65.75,62.18,112.0889,6.4945,107.94,1115.1,0.8285690612312535,0.010396057550980942,0.011809568618563304,-0.0012553575003666495,0.0005390628138701725,prewar,0,0,0,0
2021-04-26,65.5,62.02,111.8109,6.4844,108.12,1110.88,0.8276090374906895,-0.0038095284166672627,-0.002576490958304589,-0.0024832549458144726,-0.001556372579920584,prewar,0,0,0,0
2021-04-27,66.25,63.03,111.9097,6.483,108.56,1109.6,0.8278831029058697,0.011385322225124561,0.01615388985271604,0.0008832446044122477,-0.00021592609242260252,prewar,0,0,0,0
2021-04-28,67.08,63.81,111.7909,6.4771,108.81,1112.28,0.8265829062654985,0.01245047208867689,0.012299114355236895,-0.0010621340413790037,-0.000910486864697635,prewar,0,0,0,0
2021-04-29,68.26,65.0,111.7464,6.471,108.94,1108.54,0.8257638315441783,0.01743800652355265,0.018477352015381143,-0.00039814384970959793,-0.0009422232530318375,prewar,0,0,0,0
2021-04-30,67.73,63.5,112.0839,6.4749,109.33,1115.58,0.8312551953449708,-0.007794730251748483,-0.023347363996991,0.0030156797875697805,0.0006025073757682797,prewar,0,0,0,0
2021-05-03,,64.46,112.005,6.4749,109.08,1122.88,0.8292561572269674,,0.01500497048864613,-0.0007041848414663932,0.0,prewar,0,0,0,0
2021-05-04,68.91,65.72,112.2896,6.4749,109.34,1122.05,0.8323622440486099,,0.019358416781775745,0.0025377352173237,0.0,prewar,0,0,0,0
2021-05-05,69.71,65.63,112.1514,6.4749,109.27,1125.82,0.8331250520703158,0.011542474129190516,-0.001370384683436754,-0.0012315042034769519,0.0,prewar,0,0,0,0
2021-05-06,68.62,64.73,111.8401,6.4635,109.17,1121.94,0.8299443937256203,-0.015759742068003568,-0.01380813592821184,-0.0027795715500431584,-0.0017621967090319934,prewar,0,0,0,0
2021-05-07,68.73,64.96,111.0249,6.431,108.52,1121.06,0.8220304151253597,0.001601747703210421,0.003546923296003257,-0.00731567213985862,-0.0050409195891392145,prewar,0,0,0,0
2021-05-10,68.61,64.92,110.7905,6.4156,108.7,1112.28,0.8216926869350862,-0.0017474884307144833,-0.0006159532070322271,-0.002113469914627686,-0.002397522671640173,prewar,0,0,0,0
2021-05-11,68.83,65.31,110.8921,6.4285,108.53,1119.38,0.8217602103706138,0.0032013997074731293,0.005989421268175477,0.0009166259067123761,0.002008705061080418,prewar,0,0,0,0
2021-05-12,69.62,65.96,111.5636,6.4566,109.53,1124.33,0.8282259400364419,0.011412185973020073,0.00990333377683239,0.006037175397523242,0.00436163391009825,prewar,0,0,0,0
2021-05-13,67.36,63.82,111.5955,6.4506,109.56,1130.35,0.828500414250207,-0.033000512449222086,-0.032981876841300384,0.0002858946842607679,-0.0009297137151642598,prewar,0,0,0,0
2021-05-14,69.24,65.32,111.1353,6.4367,109.37,1126.76,0.8236553825879253,0.02752736037393788,0.023231647252166532,-0.004132348600876412,-0.002157163314291388,prewar,0,0,0,0
2021-05-17,69.62,66.24,111.079,6.4388,109.17,1136.03,0.8227067050596463,0.0054731520752842044,0.013986241974739855,-0.0005067180753410838,0.0003262009271283173,prewar,0,0,0,0
2021-05-18,69.01,65.49,110.8317,6.425,109.01,1129.67,0.8194706219782021,-0.008800460750782335,-0.011387050847042168,-0.002228825400265144,-0.0021455565686538947,prewar,0,0,0,0
2021-05-19,66.88,63.28,110.8807,6.4342,108.76,1128.18,0.8185985592665357,-0.031351452856064554,-0.03432813577056315,0.00044201407587340924,0.001430882414099166,prewar,0,0,0,0
2021-05-20,65.18,61.95,110.8605,6.4339,108.79,1127.74,0.8179959100204499,-0.025747295367030354,-0.021241715384246795,-0.00018219437845434783,-4.662693016888042e-05,prewar,0,0,0,0
2021-05-21,66.72,63.61,111.0576,6.4339,108.94,1126.59,0.8211528986697323,0.02335208464107552,0.026443082615561053,0.0017763314648657769,0.0,prewar,0,0,0,0
2021-05-24,68.59,66.13,110.9118,6.4177,108.81,1125.28,0.8190008190008189,0.02764199346073859,0.038851810995858216,-0.001313694779265795,-0.0025210882038726456,prewar,0,0,0,0
2021-05-25,68.8,66.27,110.842,6.41,108.95,1123.21,0.8174609662388621,0.0030569934280677558,0.002114804413563931,-0.000629527000711505,-0.0012005271287622854,prewar,0,0,0,0
2021-05-26,68.93,66.41,110.8677,6.3905,109.1,1117.63,0.8194034742707309,0.00188775195826274,0.002110341452486786,0.0002318346929808257,-0.003046758342946765,prewar,0,0,0,0
2021-05-27,69.43,66.87,110.8688,6.3824,109.81,1117.47,0.8200754469411186,0.007227553867621417,0.006902788513265534,9.92168632585333e-06,-0.0012683104206268059,prewar,0,0,0,0
2021-05-28,69.36,66.31,110.7576,6.3674,109.83,1114.48,0.8200754469411186,-0.001008718292895061,-0.008409720685111033,-0.0010034906430957946,-0.0023529791715382053,prewar,0,0,0,0
2021-05-31,,,,,,,,,,,,prewar,0,0,0,0
2021-06-01,70.03,67.8,110.5046,6.3796,109.43,1106.43,0.8169267216730659,,,,,prewar,0,0,0,0
2021-06-02,70.6,68.79,110.5799,6.3805,109.59,1110.37,0.8187996397281585,0.008106422831769322,0.014496190591573033,0.0006811875360934749,0.00014106472543207182,prewar,0,0,0,0
2021-06-03,70.71,68.81,111.1782,6.4036,110.28,1117.63,0.8249463784853985,0.001556861116953634,0.00029069767646650035,0.005395982845325165,0.0036138680299082626,prewar,0,0,0,0
2021-06-04,71.3,69.57,110.7521,6.3945,109.42,1112.03,0.8214901831923108,0.008309321804100378,0.010984356721160715,-0.0038399490612830434,-0.0014220863305645093,prewar,0,0,0,0
2021-06-07,70.89,69.21,110.5155,6.3963,109.25,1111.01,0.819672131147541,-0.0057669475533241865,-0.005188079081777985,-0.002138587756864041,0.00028145229569398467,prewar,0,0,0,0
2021-06-08,71.39,70.11,110.649,6.4,109.47,1116.43,0.8210180623973727,0.0070284236474433825,0.012920076365104727,0.0012072463366772368,0.0005782921786945394,prewar,0,0,0,0
2021-06-09,71.31,69.9,110.5707,6.3865,109.61,1116.58,0.8207485226526593,-0.0011212334741568242,-0.0029997879791121562,-0.0007078935851527746,-0.0021116028649317276,prewar,0,0,0,0
2021-06-10,71.65,70.34,110.5456,6.3929,109.49,1114.17,0.8214901831923108,0.004756584233968297,0.006274977806072002,-0.00022702984906874946,0.0010016120529998673,prewar,0,0,0,0
2021-06-11,72.05,71.0,111.0933,6.3967,109.75,1116.57,0.8263779852904719,0.005567168171350723,0.009339249995479193,0.00494228328014934,0.000594232831647501,prewar,0,0,0,0
2021-06-14,72.27,70.94,110.9659,6.3979,109.98,1117.57,0.8246742536698005,0.003048782849358389,-0.0008454276958396179,-0.0011474418891728178,0.00018757913549749539,prewar,0,0,0,0
2021-06-15,73.38,72.06,111.3507,6.4052,110.12,1118.33,0.8250825082508251,0.015242313632246152,0.01566465597447131,0.0034617332603499307,0.0011403489453452043,prewar,0,0,0,0
2021-06-16,73.88,72.03,111.1165,6.3969,109.88,1118.42,0.8251505899826719,0.0067907364039028195,-0.0004164064186760186,-0.0021054796978452472,-0.0012966624480237332,prewar,0,0,0,0
2021-06-17,72.92,71.06,112.5772,6.4477,110.28,1130.14,0.8395600705230459,-0.013079205520576842,-0.013558108308390437,0.013060008054055494,0.00790998004920529,prewar,0,0,0,0
2021-06-18,73.1,71.64,113.0408,6.4525,110.21,1135.28,0.8423180592991913,0.002465416945271137,0.008128986599630572,0.004109606968177637,0.0007441745432656965,prewar,0,0,0,0
2021-06-21,74.49,73.64,112.8391,6.4659,110.22,1134.19,0.8397010664203544,0.01883652143245218,0.02753477917236591,-0.001785905285148992,0.002074561061108815,prewar,0,0,0,0
2021-06-22,74.92,73.15,112.9174,6.4811,110.75,1137.07,0.8396305625524769,0.005755989387702165,-0.006676228898744085,0.0006936677627411569,0.0023480353724374403,prewar,0,0,0,0
2021-06-23,75.22,73.11,112.3819,6.4727,110.86,1133.89,0.8368200836820083,0.00399627546630299,-0.00054697116090896,-0.004753685505584748,-0.0012969169166414662,prewar,0,0,0,0
2021-06-24,75.95,73.31,112.326,6.4701,110.91,1131.5,0.8384338056510438,0.009658075999591453,0.0027318689302715526,-0.0004975348098854582,-0.0004017677836283262,prewar,0,0,0,0
2021-06-25,76.45,74.21,111.9655,6.4545,110.78,1127.36,0.8375209380234506,0.00656170333328987,0.012201886746546542,-0.003214569526122979,-0.0024140023792813547,prewar,0,0,0,0
2021-06-28,74.78,72.98,112.0248,6.4555,110.5,1130.29,0.8376612497905848,-0.02208646282610438,-0.016713480973740147,0.0005294872267720407,0.0001549186680092074,prewar,0,0,0,0
2021-06-29,75.38,73.14,112.2613,6.4635,110.53,1131.68,0.8399832003359934,0.007991518290022093,0.0021899817129327204,0.002108914352278113,0.0012384861092291644,prewar,0,0,0,0
2021-06-30,76.94,73.52,112.5533,6.4566,111.05,1130.42,0.8440243079000674,0.020483909485159657,0.005182065326196472,0.002597697517884079,-0.0010681032896007192,prewar,0,0,0,0
2021-07-01,76.69,75.33,112.74,6.4679,111.56,1134.37,0.8433836552247618,-0.0032545755473813998,0.024320983790172335,0.0016573954284311299,0.0017486174133309884,prewar,0,0,0,0
2021-07-02,77.51,75.37,112.5425,6.4721,111.28,1132.42,0.8440243079000674,0.010635638516652612,0.0005308560177752497,-0.0017533545712336007,0.0006491499455161254,prewar,0,0,0,0
2021-07-05,78.34,,,,,,,0.010651367944264578,,,,prewar,0,0,0,0
2021-07-06,75.81,73.62,112.9516,6.4786,110.66,1137.17,0.8463100880162492,-0.03282811816947273,,,,prewar,0,0,0,0
2021-07-07,74.31,72.22,113.1048,6.4718,110.62,1141.26,0.8472422265525714,-0.019984677898833958,-0.019199712101563016,0.0013554141661487051,-0.0010501607093127419,prewar,0,0,0,0
2021-07-08,75.07,72.98,113.0776,6.4898,109.82,1147.96,0.8445945945945946,0.010175479415532429,0.010468415158990219,-0.00024051385192791486,0.0027774366700454856,prewar,0,0,0,0
2021-07-09,77.14,74.56,112.8375,6.4788,110.18,1145.08,0.8430992327796982,0.027200941195171247,0.02141873936903327,-0.002125578063610689,-0.0016964055700654512,prewar,0,0,0,0
2021-07-12,76.77,74.21,112.7611,6.4751,110.36,1146.29,0.8433125316242199,-0.004808013940274414,-0.0047052583952931215,-0.0006773091935921016,-0.0005712565483166898,prewar,0,0,0,0
2021-07-13,77.5,75.24,113.0063,6.4685,110.36,1146.29,0.8465250148141877,0.009463997519493894,0.01378409245078771,0.002172147939951685,-0.0010198091059683279,prewar,0,0,0,0
2021-07-14,75.74,73.06,112.8801,6.4688,110.03,1147.43,0.8455944529003889,-0.022971513885652328,-0.02940198306569375,-0.001117375929940323,4.637752854974586e-05,prewar,0,0,0,0
2021-07-15,74.53,71.67,113.0041,6.46,110.05,1141.21,0.8470269354565475,-0.01610469358004618,-0.019208771361308052,0.0010979077992692154,-0.001361302109858853,prewar,0,0,0,0
2021-07-16,74.46,71.76,113.0428,6.4785,110.13,1139.35,0.8467400508044031,-0.0009396604490321536,0.001254967744712232,0.00034240682246178267,0.0028596842922179455,prewar,0,0,0,0
2021-07-19,69.33,66.45,113.5472,6.4893,109.45,1147.17,0.8471704506946799,-0.07138435549017164,-0.07687743259128599,0.004452101444468504,0.0016656645687000982,prewar,0,0,0,0
2021-07-20,70.03,67.32,113.7502,6.4845,109.92,1150.45,0.8491847826086957,0.010046008713027632,0.013007584163350572,0.0017862065643798886,-0.0007399528617695328,prewar,0,0,0,0
2021-07-21,72.54,70.26,113.3926,6.4664,110.22,1153.03,0.8475294516484448,0.03521441218732946,0.04274527751507584,-0.0031486826387912004,-0.0027951743561613895,prewar,0,0,0,0
2021-07-22,74.25,72.15,113.4695,6.47,110.1,1149.99,0.8495454931611588,0.02329964382805283,0.026544638382199004,0.0006779449096638857,0.0005565690753115415,prewar,0,0,0,0
2021-07-23,74.86,72.24,113.4398,6.4808,110.52,1153.53,0.8502678343678259,0.008181924793474238,0.0012466238888499959,-0.0002617786064265104,0.0016678510213352649,prewar,0,0,0,0
2021-07-26,74.79,72.15,113.2238,6.4825,110.31,1154.75,0.8467400508044031,-0.0009355162727073818,-0.0012466238888499959,-0.0019059087156891863,0.0002622788965380707,prewar,0,0,0,0
2021-07-27,74.87,71.68,113.2227,6.5104,109.64,1156.32,0.8452370890034654,0.0010690900390182279,-0.006535516553205056,-9.715319071013084e-06,0.004294659834605863,prewar,0,0,0,0
2021-07-28,75.09,72.37,113.1807,6.4905,110.06,1156.27,0.846811753747142,0.002934117869198616,0.009580080211361697,-0.0003710191673960139,-0.00306132891437616,prewar,0,0,0,0
2021-07-29,76.3,73.62,112.4834,6.4562,109.53,1142.09,0.8413259296651522,0.015985544178618305,0.01712487907283844,-0.006180001332035445,-0.005298659928777205,prewar,0,0,0,0
2021-07-30,77.72,73.93,112.6714,6.4609,109.7,1151.86,0.8428860418071478,0.0184396862188283,0.004201971618133626,0.0016699625652289996,0.000727717553849816,prewar,0,0,0,0
2021-08-02,73.91,71.31,112.6691,6.462,109.22,1150.72,0.8422471153036301,-0.05026448771244407,-0.03608212952879608,-2.04135519359383e-05,0.00017024042632174385,prewar,0,0,0,0
2021-08-03,73.24,70.64,112.8228,6.47,109.09,1149.45,0.8432414200185513,-0.009106416990485755,-0.009440013744507425,0.001363242083670002,0.001237241110502607,prewar,0,0,0,0
2021-08-04,70.99,68.19,112.8953,6.4655,109.44,1142.99,0.8445232666159953,-0.031202697755015052,-0.03529862976314391,0.000642394229733334,-0.0006957597590400155,prewar,0,0,0,0
2021-08-05,72.14,69.1,112.7674,6.4608,109.75,1142.53,0.8447372867038352,0.016069653424098718,0.013256804241063236,-0.0011335503270615277,-0.0007271996173878748,prewar,0,0,0,0
2021-08-06,71.02,68.26,113.3088,6.4825,110.22,1145.87,0.8502678343678259,-0.015647147960451413,-0.01223078729506355,0.004789544719560723,0.003353089294301226,prewar,0,0,0,0
2021-08-09,69.65,66.56,113.4521,6.4857,110.25,1145.83,0.8511362669163333,-0.01947882728912731,-0.025220146965607704,0.0012638864907987823,0.0004935149157088148,prewar,0,0,0,0
2021-08-10,71.14,68.33,113.4973,6.4852,110.54,1152.5,0.8530967411704488,0.021167066294494497,0.02624511227973425,0.00039832668072836697,-7.709565261437845e-05,prewar,0,0,0,0
2021-08-11,71.99,69.3,113.282,6.4783,110.47,1156.09,0.8520064752492119,0.011877453960902784,0.014095997403170024,-0.0018987629354629831,-0.0010645274272533811,prewar,0,0,0,0
2021-08-12,71.79,69.12,113.2691,6.4782,110.36,1162.78,0.8520790729379687,-0.002782029892819615,-0.0026007817000568423,-0.00011388159239889006,-1.5436267510882118e-05,prewar,0,0,0,0
2021-08-13,70.9,68.36,113.0615,6.4768,109.75,1168.36,0.84774499830451,-0.012474757050310536,-0.01105626624840994,-0.0018344851135490003,-0.00021613276811272009,prewar,0,0,0,0
2021-08-16,70.07,67.44,113.1698,6.4742,109.26,1166.78,0.8491847826086957,-0.011775691155639478,-0.01354954455379076,0.0009574272726444732,-0.0004015134020429745,prewar,0,0,0,0
2021-08-17,69.4,66.5,113.6174,6.4854,109.59,1177.08,0.8536793580331228,-0.009607874869683286,-0.01403636603179148,0.0039473178484765725,0.0017284488392181885,prewar,0,0,0,0
2021-08-18,68.61,65.36,113.6959,6.4841,109.92,1170.18,0.8545547769612033,-0.01144857080995898,-0.01729149711006084,0.0006906767278520576,-0.00020047033491699118,prewar,0,0,0,0
2021-08-19,66.8,63.69,114.1106,6.4942,109.75,1173.89,0.8552125203112974,-0.02673521616019947,-0.025882886168473007,0.003640813217256955,0.0015564445326357035,prewar,0,0,0,0
2021-08-20,65.51,62.25,114.5009,6.5012,109.77,1180.4,0.8554319931565441,-0.019500277798814913,-0.02286902903845789,0.0034145297083423287,0.001077304381089883,prewar,0,0,0,0
2021-08-23,69.07,65.65,113.9418,6.4805,109.78,1169.73,0.8523695874531196,0.052917680357095875,0.05317906540398898,-0.004894891509636068,-0.0031891073655909707,prewar,0,0,0,0
2021-08-24,71.21,67.5,113.6795,6.471,109.68,1165.43,0.8513536523071683,0.030512774893152184,0.027789997129678667,-0.0023047062476511115,-0.0014670118061637094,prewar,0,0,0,0
2021-08-25,72.12,68.54,113.6322,6.4756,110.03,1164.24,0.8504847763225039,0.012698140341083075,0.015289918567978233,-0.0004161686414088095,0.0007106113100847633,prewar,0,0,0,0
2021-08-26,70.42,67.42,113.7883,6.4809,110.09,1169.88,0.8502678343678259,-0.023854084608210258,-0.01647580664054793,0.0013727876292133345,0.0008181222236895991,prewar,0,0,0,0
2021-08-27,72.26,68.84,113.3404,6.4711,109.84,1162.5,0.8478887569950823,0.025793411992587778,0.020843261537423885,-0.0039440245165183185,-0.0015132800911334954,prewar,0,0,0,0
2021-08-30,,69.28,113.246,6.4658,109.91,1166.33,0.8478168715557439,,0.006371292910841042,-0.0008332362883365363,-0.000819361716719369,prewar,0,0,0,0
2021-08-31,73.45,68.43,113.1076,6.4604,110.05,1158.32,0.8474576271186441,,-0.01234493928977276,-0.0012228656159818385,-0.0008355124188295093,prewar,0,0,0,0
2021-09-01,71.99,68.63,112.8732,6.4586,110.03,1156.03,0.8438818565400843,-0.020077682138675,0.0029184319561368355,-0.0020745132689485857,-0.0002786593407613225,prewar,0,0,0,0
2021-09-02,73.56,70.07,112.7863,6.456,110.01,1160.95,0.8433125316242199,0.0215741792549089,0.020764985461898533,-0.0007701869790164295,-0.0004026450738119358,prewar,0,0,0,0
2021-09-03,73.07,69.34,112.5476,6.4528,109.64,1155.44,0.841467519353753,-0.0066835139329946,-0.010472802125564229,-0.0021186345178065835,-0.0004957858306811058,prewar,0,0,0,0
2021-09-06,72.43,,,,,,,-0.008797307595891368,,,,prewar,0,0,0,0
2021-09-07,71.52,68.49,112.9795,6.4662,110.17,1162.88,0.8439530762089628,-0.012643447341975644,,,,prewar,0,0,0,0
2021-09-08,72.36,69.36,113.2319,6.4612,110.32,1166.21,0.8461668641056016,0.011676529661835744,0.012622583262473341,0.0022315418651874808,-0.0007735507912380868,prewar,0,0,0,0
2021-09-09,71.32,68.26,113.043,6.4547,109.76,1169.61,0.8455229559482539,-0.014476867532155602,-0.015986388993725953,-0.0016696508882203531,-0.0010065114391939467,prewar,0,0,0,0
2021-09-10,72.44,69.82,112.9425,6.444,109.93,1169.63,0.8459521191100584,0.015581840020273852,0.022596558198329397,-0.0008894376552968097,-0.0016590823035438351,prewar,0,0,0,0
2021-09-13,72.97,70.54,113.0341,6.4511,109.94,1173.33,0.846811753747142,0.007289764762315798,0.010259423131016021,0.0008107034535163038,0.0011011935878699752,prewar,0,0,0,0
2021-09-14,73.05,70.53,113.0061,6.4382,109.66,1170.71,0.8457374830852504,0.0010957404191795916,-0.00014177358781797267,-0.0002477435442296283,-0.0020016609601987145,prewar,0,0,0,0
2021-09-15,74.84,72.59,112.9773,6.432,109.4,1168.58,0.8466683600033866,0.02420836320918074,0.028789020076660954,-0.0002548859797304459,-0.0009634660657340532,prewar,0,0,0,0
2021-09-16,75.14,72.69,113.3036,6.4566,109.67,1171.23,0.8500510030601837,0.004000538739934001,0.0013766521997951031,0.0028840280038648913,0.003817331575599381,prewar,0,0,0,0
2021-09-17,74.64,72.09,113.5989,6.4655,109.94,1175.34,0.8522243054371911,-0.006676483606734784,-0.008288485080057306,0.0026028815612102463,0.0013774853015044997,prewar,0,0,0,0
2021-09-20,73.59,70.41,113.9422,6.4651,109.47,1186.73,0.8525876033762468,-0.014167409600580605,-0.023580039885445103,0.003017479132200407,-6.186874547609023e-05,prewar,0,0,0,0
2021-09-21,73.65,70.51,113.8179,6.4651,109.33,1185.15,0.8529512111907198,0.0008149959701313492,0.0014192451999077704,-0.0010914994535093925,0.0,prewar,0,0,0,0
2021-09-22,75.5,72.37,113.6223,6.4611,109.59,1182.41,0.851861316977596,0.024808513346339822,0.026037305147086798,-0.0017200129811936193,-0.0006188980717733994,prewar,0,0,0,0
2021-09-23,76.44,73.43,113.513,6.459,110.17,1173.48,0.8521516829995739,0.012373463117093308,0.014540722585482335,-0.000962422031596688,-0.00032507488618405134,prewar,0,0,0,0
2021-09-24,77.42,74.18,113.7597,6.466,110.72,1176.53,0.8536064874093043,0.012739025777429802,0.01016200059792638,0.002170961113172609,0.001083172252905884,prewar,0,0,0,0
2021-09-27,78.85,75.54,113.7432,6.456,110.97,1175.9,0.8545547769612033,0.018302168259545226,0.018167745222865683,-0.0001450530962801011,-0.0015477483355936794,prewar,0,0,0,0
2021-09-28,78.3,75.44,114.2469,6.4595,111.33,1183.61,0.856091088091773,-0.006999710412289417,-0.001324678959108816,0.0044186201026112926,0.0005419844505711868,prewar,0,0,0,0
2021-09-29,77.86,75.06,114.7092,6.4702,111.83,1181.75,0.861178091629349,-0.005635260814448095,-0.005049844618326915,0.00403833423325306,0.0016551045179091783,prewar,0,0,0,0
2021-09-30,77.81,75.22,114.6403,6.4434,111.5,1183.7,0.8637816360024186,-0.0006423845534708761,0.0021293593353153284,-0.0006008297560953224,-0.004150668826039539,prewar,0,0,0,0
2021-10-01,79.4,76.01,114.3798,6.4434,110.97,1187.24,0.8622176237282291,0.020228410624251403,0.010447757535758662,-0.0022749104759389738,0.0,prewar,0,0,0,0
2021-10-04,81.44,77.68,114.2739,6.4434,110.94,1182.4,0.8604371020478404,0.02536818454912204,0.021732913405120513,-0.000926291659150813,0.0,prewar,0,0,0,0
2021-10-05,82.72,79.17,114.3654,6.4434,111.39,1188.31,0.8614006374364717,0.015594857957906605,0.018999615200272935,0.0008003873777138182,0.0,prewar,0,0,0,0
2021-10-06,81.39,77.66,114.7185,6.4434,111.33,1192.6,0.8661008141347653,-0.016208995421168382,-0.019257114879821735,0.0030827158052559867,0.0,prewar,0,0,0,0
2021-10-07,82.34,78.46,114.5044,6.4434,111.5,1190.76,0.8649770781074302,0.011604601002808579,0.010248616477885442,-0.0018680512484623435,0.0,prewar,0,0,0,0
2021-10-08,82.17,79.55,114.5986,6.4435,112.15,1194.58,0.8641548565502938,-0.002066744398662834,0.01379681400238919,0.0008223375975733305,1.551963622015151e-05,prewar,0,0,0,0
2021-10-11,83.75,80.64,,,,,,0.019045898762079183,0.013609049539263118,,,prewar,0,0,0,0
2021-10-12,83.53,80.75,114.7542,6.4485,113.69,1198.72,0.8664760419374405,-0.002630321937360236,0.0013631577797070804,,,prewar,0,0,0,0
2021-10-13,83.53,80.67,114.4705,6.4262,113.49,1193.89,0.8644536652835407,0.0,-0.0009912031538830135,-0.0024753017005165745,-0.0034641618524349216,prewar,0,0,0,0
2021-10-14,83.86,81.43,114.2053,6.438,113.59,1186.3,0.862738331464067,0.003942892974801104,0.009376996530157555,-0.0023194419251524323,0.0018345491067424113,prewar,0,0,0,0
2021-10-15,84.67,82.39,114.0905,6.434,114.31,1182.34,0.8625150940141453,0.009612605911569538,0.011720314848458813,-0.0010057128486486988,-0.0006215040597816746,prewar,0,0,0,0
2021-10-18,84.13,82.62,113.9899,6.429,114.22,1187.55,0.8614006374364717,-0.006398126091463396,0.0027877116411199054,-0.0008821451253480106,-0.000777423657285059,prewar,0,0,0,0
2021-10-19,85.02,83.19,113.647,6.3822,114.27,1175.32,0.859697386519945,0.010523301367921789,0.006875366327177446,-0.003012694860596632,-0.007306139656012567,prewar,0,0,0,0
2021-10-20,85.76,84.4,113.5083,6.3936,114.24,1175.05,0.8588851670531651,0.00866617439184747,0.014440253306115203,-0.0012211911167119283,0.001784624528505585,prewar,0,0,0,0
2021-10-21,84.58,82.64,113.6188,6.3925,113.75,1177.25,0.8588851670531651,-0.013854865278148942,-0.02107357679052857,0.0009730235512908081,-0.00017206184883811204,prewar,0,0,0,0
2021-10-22,85.43,84.53,113.67,6.3839,113.54,1176.85,0.859697386519945,0.00999949511918441,0.02261267612945339,0.0004505281462705568,-0.0013462323187822811,prewar,0,0,0,0
2021-10-25,84.85,84.64,113.605,6.3856,113.7,1167.59,0.8614006374364717,-0.006812335483291854,0.0013004671691527747,-0.0005719942956528001,0.00026625944791014433,prewar,0,0,0,0
2021-10-26,85.11,85.64,113.674,6.382,114.19,1167.58,0.8628127696289905,0.003059545808634212,0.011745495611492629,0.0006071832603966598,-0.000563927456280755,prewar,0,0,0,0
2021-10-27,84.12,82.66,113.6218,6.3915,113.75,1171.19,0.8620689655172414,-0.011700186654370448,-0.03541665463789556,-0.0004593133785819603,0.0014874547698875418,prewar,0,0,0,0
2021-10-28,83.4,82.78,113.4389,6.3917,113.38,1167.34,0.8557980316645271,-0.008596041469798088,0.0014506772369999865,-0.0016110233039716704,3.129106953148053e-05,prewar,0,0,0,0
2021-10-29,83.1,83.5,114.1349,6.405,114.03,1174.94,0.8656509695290858,-0.003603607503298356,0.008660145536223851,0.006116716159972668,0.0020786616532268987,prewar,0,0,0,0
2021-11-01,84.51,84.08,114.2067,6.3972,114.19,1177.73,0.862738331464067,0.016825168694988513,0.006922094711885762,0.0006288823619202688,-0.0012185407141189764,prewar,0,0,0,0
2021-11-02,84.42,83.91,114.2847,6.3995,113.78,1177.04,0.8634832915983076,-0.0010655302020383672,-0.0020239306867173568,0.0006827390705286263,0.00035946767913075384,prewar,0,0,0,0
2021-11-03,81.1,80.82,114.3593,6.4061,114.06,1184.56,0.8632596685082872,-0.04012137923298553,-0.037520336231651186,0.0006525428408101774,0.0010307991166991215,prewar,0,0,0,0
2021-11-04,80.15,78.88,114.3558,6.397,113.63,1186.77,0.8661008141347653,-0.01178308206580514,-0.02429674935594761,-3.060576236801893e-05,-0.0014215309624079353,prewar,0,0,0,0
2021-11-05,82.43,81.25,114.0732,6.3961,113.45,1183.28,0.8655011251514627,0.028049569269573915,0.029603110915466857,-0.0024742930554007003,-0.00014070084678219352,prewar,0,0,0,0
2021-11-08,83.22,81.96,113.8256,6.3902,113.15,1180.64,0.8628127696289905,0.009538255229658787,0.008700502160852608,-0.0021728951395942886,-0.0009228628170370179,prewar,0,0,0,0
2021-11-09,84.52,84.12,113.762,6.3916,112.87,1178.64,0.8628872206402622,0.015500489193061462,0.026013027463799965,-0.000558905684277633,0.00021906147891503913,prewar,0,0,0,0
2021-11-10,82.91,81.23,114.1484,6.3882,113.89,1181.16,0.8682816705739342,-0.019232510619729304,-0.0349597137716362,0.003390809460404043,-0.0005320897166178895,prewar,0,0,0,0
2021-11-11,83.4,81.47,,,,,,0.005892627236574022,0.002950217259687804,,,prewar,0,0,0,0
2021-11-12,82.9,80.87,114.5144,6.3787,113.9,1179.23,0.8738967054094205,-0.0060132472234517564,-0.007391927214819738,,,prewar,0,0,0,0
2021-11-15,81.94,80.85,114.5876,6.3824,113.96,1181.61,0.8755800717975659,-0.011647790022523807,-0.0002473410846155488,0.0006390167042704675,0.0005798873300393304,prewar,0,0,0,0
2021-11-16,82.85,80.76,115.136,6.3919,114.62,1183.3,0.8823788934968676,0.011044471753846707,-0.0011137925784785452,0.004774442345016894,0.0014873616168964432,prewar,0,0,0,0
2021-11-17,80.67,78.32,115.0263,6.3775,114.33,1182.4,0.8832361773538243,-0.026664984923689516,-0.03067879522238215,-0.0009532404595082866,-0.002255392752072094,prewar,0,0,0,0
2021-11-18,82.45,78.92,115.0678,6.3851,114.22,1183.42,0.8804366966015145,0.021825290056725066,0.007631682932159656,0.0003607219867873823,0.0011909800351559419,prewar,0,0,0,0
2021-11-19,80.24,76.11,115.2187,6.3863,113.81,1184.93,0.8835483300936562,-0.027169905351927426,-0.03625501887511451,0.0013105416218293087,0.00018791988404265325,prewar,0,0,0,0
2021-11-22,80.97,76.74,115.6481,6.3842,114.69,1185.33,0.8880994671403198,0.009056572044342737,0.008243422539506717,0.003719898185074122,-0.00032888297543998135,prewar,0,0,0,0
2021-11-23,83.43,78.32,116.0118,6.391,114.98,1190.31,0.8877052818464269,0.02992924121596019,0.020379913403448136,0.0031399504084959062,0.0010645626905565475,prewar,0,0,0,0
2021-11-24,82.37,78.32,116.2711,6.3917,115.34,1186.01,0.8931761343336907,-0.012786663960826061,0.0,0.002232623302955261,0.00010952302732603059,prewar,0,0,0,0
2021-11-25,82.05,,,,,,,-0.003892475417057284,,,,prewar,0,0,0,0
2021-11-26,72.37,,116.5103,6.3924,113.46,1194.43,0.8847991505928153,-0.1255369686580634,,,,prewar,0,0,0,0
2021-11-29,73.34,69.88,116.581,6.3875,113.75,1192.96,0.8880206020779682,0.013314313765143915,,0.0006066292664561601,-0.0007668291989939569,prewar,0,0,0,0
2021-11-30,70.86,66.14,116.2071,6.364,113.22,1187.45,0.8859750155045627,-0.034400063205854536,-0.055005777712209714,-0.003212366281026391,-0.0036858450542822663,prewar,0,0,0,0
2021-12-01,69.53,65.44,115.889,6.3641,112.82,1187.45,0.8831581736288968,-0.01894778532639929,-0.010640015259154367,-0.0027411076633763187,1.57132643523461e-05,prewar,0,0,0,0
2021-12-02,70.56,66.6,116.018,6.3763,113.1,1175.18,0.884486113568017,0.014705097587609295,0.017570885251851465,0.0011125150452997445,0.0019151680840474583,prewar,0,0,0,0
2021-12-03,70.71,66.39,116.2377,6.3758,112.88,1179.84,0.8843296781039971,0.002123593917613853,-0.003158134815275382,0.0018918809357915123,-7.841845660805369e-05,prewar,0,0,0,0
2021-12-06,73.38,69.62,116.1538,6.3756,113.31,1182.29,0.8863676653075695,0.03706441331098631,0.04750543965222498,-0.0007220574215942577,-3.136910457146591e-05,prewar,0,0,0,0
2021-12-07,75.54,71.94,115.8555,6.3657,113.61,1179.24,0.8891259891526629,0.029010898357174852,0.032780555884184714,-0.002571450061459757,-0.001554001866734156,prewar,0,0,0,0
2021-12-08,75.94,72.43,115.4418,6.3435,113.83,1175.19,0.8826125330979699,0.005281237519345616,0.00678813993975691,-0.0035772180752555727,-0.0034935357975107717,prewar,0,0,0,0
2021-12-09,74.1,70.87,115.7784,6.3772,113.53,1173.59,0.8861320336730172,-0.0245280225016149,-0.021773365385070242,0.002911512383236392,0.005298462952557426,prewar,0,0,0,0
2021-12-10,74.98,71.71,115.5732,6.3685,113.36,1180.99,0.884016973125884,0.011805879005724051,0.011782995072318947,-0.0017739237922747009,-0.0013651665033962423,prewar,0,0,0,0
2021-12-13,74.12,71.19,115.842,6.3659,113.42,1184.19,0.8851124092759781,-0.011536009890606103,-0.007277848778701745,0.0023230982311277515,-0.0004083427623016167,prewar,0,0,0,0
2021-12-14,73.37,70.57,116.2397,6.3671,113.63,1182.7,0.8875477056891807,-0.010170268691256368,-0.008747234103043233,0.0034272447097905,0.00018848661015513635,prewar,0,0,0,0
2021-12-15,73.71,70.89,116.4219,6.3673,113.83,1186.06,0.8880206020779682,0.004623342475293946,0.004524254854187504,0.0015662235387843282,3.14109812815655e-05,prewar,0,0,0,0
2021-12-16,74.64,72.34,115.7146,6.3674,113.67,1183.59,0.8842514811212309,0.01253808133789125,0.020247846657025725,-0.006093847273444197,1.5705120654851967e-05,prewar,0,0,0,0
2021-12-17,72.97,70.93,115.791,6.3748,113.56,1181.03,0.8867606632969762,-0.022628158761559547,-0.019683751309956143,0.0006600272544030616,0.00116149500587448,prewar,0,0,0,0
2021-12-20,70.51,68.69,116.0092,6.3756,113.45,1191.07,0.8851124092759781,-0.03429385404657914,-0.03208984698820494,0.0018826563950247177,0.00012548625941932734,prewar,0,0,0,0
2021-12-21,72.85,71.1,116.1089,6.3716,114.11,1192.35,0.8871540099361249,0.03264798891026377,0.034483708583404216,0.0008590455128762997,-0.0006275888244147154,prewar,0,0,0,0
2021-12-22,74.69,72.82,115.7485,6.3695,114.22,1190.21,0.8830801836806782,0.024943681727761735,0.023903305938092423,-0.003108809900076892,-0.0003296418706415505,prewar,0,0,0,0
2021-12-23,76.26,73.89,115.5337,6.3696,114.42,1187.59,0.88339222614841,0.02080234006044268,0.01458685805326887,-0.0018574716234853739,1.569969621129097e-05,prewar,0,0,0,0
2021-12-24,75.24,,,,,,,-0.013465549996587889,,,,prewar,0,0,0,0
2021-12-27,,75.49,115.4684,6.3705,114.85,1186.82,0.8826904404625298,,,,,prewar,0,0,0,0
2021-12-28,,76.01,115.4192,6.3684,114.75,1188.15,0.8838607035531201,,0.006864713426415925,-0.00042618140380579206,-0.00032969879958577586,prewar,0,0,0,0
2021-12-29,78.63,76.58,115.3678,6.368,114.97,1185.51,0.8820675663755845,,0.0074710354711990945,-0.0004454323757387968,-6.28120976307045e-05,prewar,0,0,0,0
2021-12-30,78.61,76.83,115.283,6.3726,115.17,1188.59,0.8835483300936562,-0.0002543881977592477,0.003259242830395692,-0.0007353107279133297,0.0007221010313298581,prewar,0,0,0,0
2021-12-31,77.24,75.33,,,,,,-0.0175814602453519,-0.019716727041940274,,,prewar,0,0,0,0
2022-01-03,78.25,75.99,115.4101,6.355,115.27,1191.39,0.8857395925597874,0.012991371859949474,0.00872329084408996,,,prewar,0,0,0,0
2022-01-04,79.39,77.0,115.3103,6.3721,116.12,1193.77,0.8852691218130312,0.014463586316758814,0.013203669171990562,-0.0008651164459179128,0.002687180943001799,prewar,0,0,0,0
2022-01-05,80.6,77.83,115.137,6.364,115.91,1196.38,0.882223202470225,0.015126233775561104,0.010721539117612977,-0.0015040317909447154,-0.0012719751088787756,prewar,0,0,0,0
2022-01-06,81.99,79.47,115.4046,6.3822,115.78,1205.02,0.8844078889183691,0.017098639095503465,0.02085263098079082,0.0023214909602593536,0.0028557550279966204,prewar,0,0,0,0
2022-01-07,82.28,79.0,115.0451,6.3769,115.61,1200.78,0.8804366966015145,0.0035307761766700807,-0.005931739485066423,-0.00311998923517276,-0.0008307796482254215,prewar,0,0,0,0
2022-01-10,81.56,78.11,115.2216,6.3756,115.14,1199.13,0.8827683615819208,-0.008789119078501884,-0.011329762844815683,0.0015330052896587176,-0.0002038815925509141,prewar,0,0,0,0
2022-01-11,84.98,81.17,114.8332,6.3735,115.38,1194.62,0.8800492827598345,0.04107698898041079,0.03842763115087866,-0.0033765900039810504,-0.00032943502192184226,prewar,0,0,0,0
2022-01-12,85.83,82.51,114.355,6.358,114.74,1187.34,0.8748141020033243,0.009952661043462818,0.01637377734316736,-0.004172995764559317,-0.0024349067522280166,prewar,0,0,0,0
2022-01-13,85.8,81.97,114.177,6.3595,114.06,1187.95,0.8722958827634333,-0.00034958923621175586,-0.0065661714513129965,-0.001557769030116063,0.00023589542079127668,prewar,0,0,0,0
2022-01-14,87.17,83.82,114.3825,6.3524,113.89,1186.96,0.8761170492377782,0.015841228529568596,0.022318315831986624,0.0017982193291050663,-0.001117063655047712,prewar,0,0,0,0
2022-01-17,87.82,,,,,,,0.00742903011008611,,,,prewar,0,0,0,0
2022-01-18,88.83,85.42,114.7373,6.3525,114.6,1192.74,0.8821453775582216,0.011435165648038037,,,,prewar,0,0,0,0
2022-01-19,89.64,86.84,114.6109,6.3447,114.28,1188.51,0.8813678829543451,0.009077218151117172,0.01648707959677065,-0.0011022542387308931,-0.0012286174875053568,prewar,0,0,0,0
2022-01-20,89.75,86.29,114.4642,6.3406,114.08,1191.96,0.8821453775582216,0.001226378435662312,-0.006353628489874197,-0.0012808028463551224,-0.0006464175293869889,prewar,0,0,0,0
2022-01-21,89.75,85.16,114.6125,6.3385,113.72,1193.87,0.8813678829543451,0.0,-0.013181876494937406,0.0012947630266859633,-0.0003312537986455144,prewar,0,0,0,0
2022-01-24,87.74,84.48,115.2034,6.3304,113.82,1195.68,0.8841732979664014,-0.02265013163032048,-0.008017020067327962,0.005142388339134385,-0.0012787220837977564,prewar,0,0,0,0
2022-01-25,89.49,86.61,115.1654,6.3257,113.88,1198.66,0.8862891075068686,0.01974899145669884,0.024900462385001987,-0.00032990578884461996,-0.0007427248861906488,prewar,0,0,0,0
2022-01-26,91.22,88.33,115.0922,6.3206,114.33,1197.46,0.8866034222892101,0.01914728408878741,0.01966451841408734,-0.0006358096537617541,-0.000806560065233386,prewar,0,0,0,0
2022-01-27,90.7,87.61,115.978,6.3677,115.47,1202.65,0.8975854950184005,-0.0057168141624632796,-0.008184654078768006,0.007666971674587408,0.00742419651815851,prewar,0,0,0,0
2022-01-28,91.47,87.67,116.0393,6.3605,115.21,1209.04,0.8960573476702508,0.008453692547181646,0.0006846189222216026,0.0005284088852546276,-0.0011313462654525264,prewar,0,0,0,0
2022-01-31,92.35,89.16,115.566,6.361,115.22,1206.78,0.8919015340706387,0.009574656976975682,0.01685274291717409,-0.004087131502248376,7.860708253870641e-05,prewar,0,0,0,0
2022-02-01,90.24,88.22,115.3685,6.361,114.77,1209.44,0.8897588753447816,-0.02311291889549949,-0.010598813840874577,-0.0017104421223397281,0.0,prewar,0,0,0,0
2022-02-02,91.43,88.16,115.1538,6.361,114.36,1201.7,0.8850340738118418,0.013100864426585979,-0.0006803492721889626,-0.0018627270513924543,0.0,prewar,0,0,0,0
2022-02-03,92.99,90.17,114.9065,6.361,114.88,1206.35,0.87527352297593,0.016918308313770503,0.022543432107211103,-0.0021498719705288494,0.0,prewar,0,0,0,0
2022-02-04,96.86,92.27,115.1362,6.361,115.22,1199.43,0.8729812309035356,0.040774676484977235,0.023022284078648703,0.0019970212168329837,0.0,prewar,0,0,0,0
2022-02-07,97.28,91.25,115.0098,6.361,115.09,1198.64,0.8745845723281441,0.004326781242774302,-0.011116069127863781,-0.0010984332789538698,0.0,prewar,0,0,0,0
2022-02-08,96.07,89.32,115.0892,6.366,115.62,1198.05,0.8759635599159076,-0.012516325796210204,-0.021377565490643846,0.0006901377507206874,0.0007857311632337716,prewar,0,0,0,0
2022-02-09,94.95,89.57,114.8232,6.3619,115.44,1196.36,0.8745080891998251,-0.011726655163351474,0.00279501551514727,-0.00231392581423151,-0.0006442539840527672,prewar,0,0,0,0
2022-02-10,96.37,89.83,114.5527,6.3526,115.84,1196.31,0.8705493166187864,0.014844512604900828,0.0028985527540115186,-0.002358574945288794,-0.0014628969536438774,prewar,0,0,0,0
2022-02-11,97.5,93.1,114.8413,6.354,115.91,1198.72,0.876885303402315,0.01165742814060522,0.035755189041905666,0.0025161961713591197,0.000220357925120096,prewar,0,0,0,0
2022-02-14,101.66,95.52,115.1946,6.3567,115.72,1196.21,0.884486113568017,0.04178153401495521,0.025661465361270785,0.0030716968768054187,0.0004248389216343629,prewar,0,0,0,0
2022-02-15,98.43,92.07,114.93,6.3385,115.64,1199.78,0.8800492827598345,-0.03228827637763665,-0.03678649234453779,-0.0022996247824558225,-0.0028672273723144848,prewar,0,0,0,0
2022-02-16,97.44,93.83,114.6886,6.3366,115.41,1197.51,0.8786574114752659,-0.010108831679533026,0.018935477002203882,-0.0021026178971199627,-0.00029980039829768934,prewar,0,0,0,0
2022-02-17,95.28,91.78,114.6755,6.3381,115.03,1197.39,0.8799718409010912,-0.022416878914542693,-0.02209022533527083,-0.0001142288615723075,0.00023669199381504136,prewar,0,0,0,0
2022-02-18,96.18,91.26,114.7982,6.3251,115.08,1195.4,0.8828462964597863,0.009401510802472757,-0.005681833467431119,0.0010694036980583022,-0.002053194226879107,prewar,0,0,0,0
2022-02-21,98.95,,,,,,,0.02839323619905798,,,,prewar,0,0,0,0
2022-02-22,98.73,92.11,114.7002,6.326,114.94,1192.07,0.881678716275789,-0.0022258204252167957,,,,prewar,0,0,0,0
2022-02-23,99.29,92.14,114.6668,6.3134,115.12,1193.42,0.8837044892188053,0.0056560094221449475,0.0003256445076269543,-0.0002912363176568178,-0.0019937661872966306,prewar,0,0,0,0
2022-02-24,101.29,92.77,115.9419,6.3283,115.45,1202.34,0.8965393580778197,0.019942828653202405,0.006814152157409659,0.01105867206878397,0.002357278989320699,prewar,0,0,0,0
2022-02-25,98.56,91.68,115.2577,6.3169,115.62,1201.93,0.8880206020779682,-0.027322189913495443,-0.011819058698750773,-0.005918712639284784,-0.0018030561934110345,prewar,0,0,0,0
2022-02-28,103.08,96.13,115.2224,6.3084,115.11,1202.28,0.8909479686386315,0.04483988599895383,0.04739718911129476,-0.00030631712044559833,-0.0013465028608046214,prewar,0,0,0,0
2022-03-01,110.93,103.66,115.7962,6.3116,114.87,1204.34,0.900657479960371,0.07339398596640478,0.07541487068383645,0.004967575597482288,0.0005071315481113281,prewar,0,0,0,0
2022-03-02,118.94,110.74,115.7623,6.321,115.59,1205.58,0.9007386056566384,0.06971979252787897,0.06606879863326043,-0.00029279858214881216,0.0014882133107847473,prewar,0,0,0,0
2022-03-03,115.36,107.69,115.9495,6.3195,115.67,1204.35,0.9047317470370037,-0.030561490741808583,-0.02792838205403214,0.0016158006690094595,-0.0002373323851176945,prewar,0,0,0,0
2022-03-04,123.86,115.77,116.6503,6.3188,114.65,1213.71,0.9164222873900294,0.07109422197327575,0.07234873487684812,0.006025818771395741,-0.00011077439223883268,prewar,0,0,0,0
2022-03-07,129.02,119.26,117.3278,6.3194,115.41,1226.78,0.9208103130755064,0.04081553559418083,0.02970051947732255,0.005791156466950831,9.495023032557448e-05,prewar,0,0,0,0
2022-03-08,133.18,123.64,117.6176,6.3178,115.64,1237.18,0.9190331770976932,0.03173416557838049,0.03606813356895611,0.0024669574034978936,-0.0002532206514969104,prewar,0,0,0,0
2022-03-09,116.58,108.81,116.5961,6.3174,115.87,1234.01,0.9034239768723462,-0.13312386406507226,-0.12777087530099518,-0.0087228584579373,-6.331518300206618e-05,prewar,0,0,0,0
2022-03-10,114.54,105.93,116.7401,6.3212,116.05,1228.21,0.9085127646043428,-0.017653625651692373,-0.026824743354516123,0.0012342707070835957,0.0006013324441800361,prewar,0,0,0,0
2022-03-11,118.11,109.31,117.0192,6.3389,117.08,1231.47,0.9143275121148396,0.030692286658044132,0.0314093836973397,0.0023879275188081195,0.0027961882658960047,prewar,0,0,0,0
2022-03-14,110.39,103.22,117.1506,6.3645,118.0,1241.46,0.91082976591675,-0.06759684359349549,-0.05732524958516283,0.0011222626811075997,0.00403042250964436,prewar,0,0,0,0
2022-03-15,105.14,96.42,117.246,6.3696,118.19,1242.65,0.911244760342628,-0.048726754638957814,-0.06814898374310552,0.0008140050262479548,0.0008009989355637348,prewar,0,0,0,0
2022-03-16,104.61,94.85,116.8073,6.351,118.48,1228.04,0.9094216078574028,-0.005053646035633186,-0.016416952596452816,-0.003748723164778589,-0.002924392443077961,prewar,0,0,0,0
2022-03-17,113.5,102.97,116.0467,6.3459,118.45,1214.33,0.9000900090009001,0.08156368756578836,0.08214098728763641,-0.0065328721439055215,-0.0008033457417606638,prewar,0,0,0,0
2022-03-18,114.32,104.69,116.1378,6.3609,119.17,1212.2,0.9054690329590728,0.007198696700154272,0.016565918662603707,0.0007847208118958449,0.0023609416954004647,prewar,0,0,0,0
2022-03-21,122.29,112.14,115.9398,6.3552,119.15,1216.12,0.9051412020275162,0.06739373957966688,0.06874448836426339,-0.001706326229162336,-0.000896501345815981,prewar,0,0,0,0
2022-03-22,121.53,111.03,116.0824,6.366,120.66,1217.09,0.9072763563781528,-0.006234127318569982,-0.00994765562935207,0.0012291928785668205,0.0016979534312393518,prewar,0,0,0,0
2022-03-23,127.52,114.89,116.005,6.372,121.02,1217.92,0.9090082719752748,0.0481120691591963,0.03417471379909909,-0.0006669901327640559,0.0009420631879011321,prewar,0,0,0,0
2022-03-24,123.98,114.2,115.9599,6.367,122.08,1220.45,0.908595311648192,-0.028152952768131456,-0.00602385164336372,-0.0003888519389638745,-0.0007849910129138493,prewar,0,0,0,0
2022-03-25,122.67,116.2,115.7921,6.3658,121.98,1218.77,0.9103322712790168,-0.010622439229113212,0.017361547195901217,-0.0014480999458301724,-0.0001884895708017531,prewar,0,0,0,0
2022-03-28,114.5,107.55,116.1911,6.3714,123.25,1225.46,0.910995718320124,-0.06892300005036578,-0.07735698870407237,0.003439907660951924,0.0008793141916312308,prewar,0,0,0,0
2022-03-29,112.79,104.25,115.5679,6.3635,122.61,1219.21,0.9005763688760806,-0.015047140342469234,-0.03116399503482814,-0.005378013385184843,-0.0012406852057529338,prewar,0,0,0,0
2022-03-30,115.59,107.81,115.0818,6.347,121.97,1208.46,0.8958165367732688,0.02452176465435052,0.033578557872115944,-0.004215056162649944,-0.0025962801256316226,prewar,0,0,0,0
2022-03-31,107.29,100.53,115.2218,6.3393,121.44,1211.55,0.901469395114036,-0.07451399865752073,-0.06991422813369752,0.0012157866159707709,-0.0012139080654791634,prewar,0,0,0,0
2022-04-01,106.13,99.32,115.4814,6.3625,122.6,1215.29,0.9055510278004164,-0.010870690874924094,-0.012109229777363062,0.002250511562635893,0.003653029617787018,prewar,0,0,0,0
2022-04-04,108.15,103.29,115.4112,6.3619,122.7,1214.72,0.9097525473071324,0.018854394625337,0.03919360537857575,-0.0006080749418826414,-9.430700079282595e-05,prewar,0,0,0,0
2022-04-05,106.6,101.98,115.73,6.3619,123.48,1212.55,0.9156670634557276,-0.014435640667324279,-0.012763850391531939,0.0027584887692251314,0.0,prewar,0,0,0,0
2022-04-06,100.81,96.39,115.9995,6.359,123.7,1212.55,0.9163383121048292,-0.055845954665893593,-0.056374253831132926,0.0023259888922613214,-0.0004559425905774628,prewar,0,0,0,0
2022-04-07,99.83,96.05,116.3512,6.36,123.8,1218.96,0.9174311926605504,-0.009768817717516143,-0.0035335725813112617,0.00302732265150496,0.00015724506675995897,prewar,0,0,0,0
2022-04-08,101.26,98.35,116.4176,6.3643,124.31,1225.13,0.9196247930844216,0.014222727193429208,0.023663655620502766,0.0005705232127422022,0.0006758721758663988,prewar,0,0,0,0
2022-04-11,97.92,94.22,116.5401,6.3692,125.55,1233.38,0.9195402298850576,-0.033540647777747346,-0.04290007156317355,0.0010516931725463863,0.0007696234722367468,prewar,0,0,0,0
2022-04-12,104.42,100.52,116.3866,6.3651,125.25,1236.03,0.9214891264283082,0.06427040921839033,0.06472423940349614,-0.0013180113934652127,-0.0006439301950904586,prewar,0,0,0,0
2022-04-13,108.49,104.26,116.2796,6.3678,125.51,1227.17,0.9196247930844216,0.03823677485195276,0.03653106666456907,-0.0009197726832974595,0.00042409820865141334,prewar,0,0,0,0
2022-04-14,110.83,106.84,116.7558,6.3775,125.92,1224.18,0.9262689885142646,0.02133949295320292,0.024444608901800002,0.004086938403633944,0.0015221300201346821,prewar,0,0,0,0
2022-04-15,,,116.7017,6.3705,126.31,1227.97,0.924898261191269,,,-0.000463467663007755,-0.001098211594531051,prewar,0,0,0,0
2022-04-18,,108.24,116.8441,6.363,126.77,1233.73,0.9272137227630968,,,0.001219461173326053,-0.001177995188643255,prewar,0,0,0,0
2022-04-19,105.49,102.54,117.1324,6.393,128.55,1236.53,0.9268699601445918,,-0.05409801750697785,0.0024643512994213523,0.004703677533934636,prewar,0,0,0,0
2022-04-20,105.05,102.56,116.7306,6.4188,127.76,1235.28,0.9210647508519848,-0.004179734402708135,0.00019502681680538814,-0.0034362032074692905,0.004027542558477926,prewar,0,0,0,0
2022-04-21,107.2,103.89,117.1432,6.45,128.62,1238.13,0.9225943352707814,0.020259821345692153,0.012884653910080424,0.0035284023097883477,0.004848946464613313,prewar,0,0,0,0
2022-04-22,105.15,102.86,118.0186,6.501,128.78,1239.66,0.9267840593141798,-0.019308346487992623,-0.009963806735670211,0.007445121134488808,0.007875880414650593,prewar,0,0,0,0
2022-04-25,99.27,99.6,118.6271,6.5585,127.66,1249.87,0.934317481080071,-0.057544491547078636,-0.032206675756217606,0.005142720456039029,0.00880590705073181,prewar,0,0,0,0
2022-04-26,102.89,102.62,118.9624,6.5552,127.37,1260.37,0.937998311603039,0.035817045786088464,0.029870680923266946,0.002822517178580064,-0.0005032904625938972,prewar,0,0,0,0
2022-04-27,103.3,101.96,119.4708,6.5595,128.44,1269.35,0.9479571523367144,0.003976919737874063,-0.006452266005904761,0.004264513251368562,0.0006557527284782871,prewar,0,0,0,0
2022-04-28,105.78,105.47,120.0675,6.6243,130.94,1271.5,0.9523809523809524,0.02372408951224081,0.03384597278060841,0.004982094589775166,0.00983032537352857,prewar,0,0,0,0
2022-04-29,108.36,104.59,119.4933,6.608,129.84,1255.87,0.9490367277213628,0.024097551579060905,-0.00837860752234576,-0.004793781784073303,-0.0024636696937996305,prewar,0,0,0,0
2022-05-02,,105.18,119.8825,6.6079,130.18,1265.24,0.95047999239616,,0.005625223395020917,0.003251793564388983,-1.5133286420443426e-05,prewar,0,0,0,0
2022-05-03,104.94,102.53,119.7043,6.6079,130.09,1267.82,0.94948727687049,,-0.025517729479197726,-0.0014875613586449177,0.0,prewar,0,0,0,0
2022-05-04,110.53,107.84,119.5592,6.6079,129.97,1265.22,0.9488566277635448,0.05189821906429781,0.050493208481996454,-0.00121288886761306,0.0,prewar,0,0,0,0
2022-05-05,112.11,108.17,120.0068,6.6535,130.41,1256.05,0.951746454744456,0.014193554842638179,0.0030554164782010673,0.0037367616509378365,0.006877129069403853,prewar,0,0,0,0
2022-05-06,113.86,109.72,119.8577,6.6651,130.35,1272.58,0.9458948164964056,0.015489091357434148,0.014227602427205,-0.001243202051186998,0.001741925267394251,prewar,0,0,0,0
2022-05-09,106.67,103.08,120.4972,6.7295,130.37,1276.29,0.947059380623165,-0.06522966688554455,-0.06242628028523889,0.005321310354183595,0.00961588942257885,prewar,0,0,0,0
2022-05-10,102.61,99.74,120.7742,6.7343,130.21,1275.02,0.9495774380400722,-0.03880456276327404,-0.03293858566618724,0.0022961703849233572,0.0007130230994756293,prewar,0,0,0,0
2022-05-11,107.7,105.5,120.3925,6.7186,130.2,1275.04,0.9490367277213628,0.048414190288225356,0.05614415279814455,-0.0031654479554710235,-0.0023340702937875157,prewar,0,0,0,0
2022-05-12,108.06,106.15,121.2796,6.786,128.1,1288.65,0.9637625289128758,0.0033370442535769484,0.0061422352331437224,0.00734138515992111,0.009981866864716915,prewar,0,0,0,0
2022-05-13,112.12,110.52,120.8442,6.788,129.23,1283.51,0.9606147934678196,0.03688309788066757,0.04034331190595086,-0.0035965111180384923,0.00029468100994156643,prewar,0,0,0,0
2022-05-16,114.86,114.07,120.6881,6.7852,129.15,1284.79,0.9596928982725528,0.024144269139562802,0.03161579498459055,-0.0012925809238257813,-0.00041257773254921304,prewar,0,0,0,0
2022-05-17,112.89,112.31,119.8871,6.7361,129.31,1274.33,0.94948727687049,-0.01730010216269484,-0.015549390064861335,-0.006659065106486395,-0.007262647203899242,prewar,0,0,0,0
2022-05-18,110.04,109.67,120.0274,6.754,128.22,1266.36,0.952925481227368,-0.02556995721708155,-0.023787048202827954,0.001169583464053936,0.0026537995278443915,prewar,0,0,0,0
2022-05-19,113.22,112.21,119.4278,6.7109,127.62,1276.91,0.9445546424860678,0.028488892552140044,0.022896258904657962,-0.005008045372908221,-0.006401851807248837,prewar,0,0,0,0
2022-05-20,113.63,112.63,119.3677,6.6921,127.86,1267.87,0.947059380623165,0.0036147273214037767,0.003735994382830121,-0.0005033595797989676,-0.002805343927418269,prewar,0,0,0,0
2022-05-23,115.13,110.32,118.7169,6.649,127.78,1263.85,0.9373828271466068,0.013114368755655192,-0.020722876574558846,-0.00546697788027295,-0.0064612588083907685,prewar,0,0,0,0
2022-05-24,115.77,112.55,118.6245,6.653,126.56,1265.97,0.9307520476545048,0.005543539532064656,0.020012333867694743,-0.0007786252602208776,0.0006014133394323107,prewar,0,0,0,0
2022-05-25,116.41,112.88,118.9598,6.6916,127.31,1264.58,0.9382623381497466,0.005512978042512273,0.0029277401918177404,0.0028225789550049285,0.005785127715238314,prewar,0,0,0,0
2022-05-26,119.81,116.19,118.7687,6.738,127.23,1267.83,0.9324009324009324,0.028788712391658144,0.028901474650211867,-0.0016077167118133673,0.006910136509372666,prewar,0,0,0,0
2022-05-27,121.19,114.96,118.2834,6.698,127.14,1250.13,0.9337940050424876,0.011452407328587988,-0.010642540424001368,-0.004094464280128385,-0.005954170612348486,prewar,0,0,0,0
2022-05-30,123.01,,,,,,,0.01490609090029782,,,,prewar,0,0,0,0
2022-05-31,125.53,114.38,118.0704,6.6715,128.53,1236.93,0.9318796011555308,0.0202791209494233,,,,prewar,0,0,0,0
2022-06-01,122.2,115.26,118.6954,6.6858,130.09,1246.52,0.9393199323689648,-0.026885727092621714,0.007664207521350441,0.005279490971410894,0.002141152098587895,prewar,0,0,0,0
2022-06-02,,116.88,118.0658,6.6596,129.83,1252.03,0.9317059536010436,,0.013957321433923475,-0.0053184515373940755,-0.0039264516103660885,prewar,0,0,0,0
2022-06-03,125.68,118.97,118.2153,6.6595,130.71,1242.23,0.9327488107452664,,0.01772359304599025,0.0012654420514381925,-1.5016029611736315e-05,prewar,0,0,0,0
2022-06-06,124.99,118.41,118.3081,6.6534,131.55,1253.52,0.9346667912889054,-0.005505259845235422,-0.004718182145569294,0.0007847004124066359,-0.0009164044538600979,prewar,0,0,0,0
2022-06-07,126.89,119.55,118.4414,6.6675,132.53,1255.32,0.9348415443582312,0.015086835306693303,0.009581515561468912,0.0011260848625749276,0.0021169748689440215,prewar,0,0,0,0
2022-06-08,129.2,121.94,118.3951,6.6825,134.06,1253.5,0.9310986964618247,0.018041021939677826,0.019794426575336033,-0.00039098703611895047,0.002247191956904704,prewar,0,0,0,0
2022-06-09,128.47,121.52,118.9226,6.6915,134.06,1256.91,0.9384384384384384,-0.005666177304982867,-0.003450262192152387,0.0044455248701193995,0.0013458952233551535,prewar,0,0,0,0
2022-06-10,127.44,120.73,119.9981,6.7081,134.19,1268.01,0.95047999239616,-0.008049748441725235,-0.006522210943221474,0.009003047994863067,0.0024776871686005286,prewar,0,0,0,0
2022-06-13,128.44,120.92,121.1523,6.753,134.12,1283.69,0.9582215408202376,0.007816203619519513,0.0015725225669616094,0.009572522488636714,0.0066710991698122335,prewar,0,0,0,0
2022-06-14,127.02,118.92,121.6669,6.7395,134.89,1285.87,0.9600614439324116,-0.011117314846483595,-0.01667817178136044,0.0042385509087612405,-0.002001112396517568,prewar,0,0,0,0
2022-06-15,124.96,115.32,121.6403,6.7128,134.5,1290.05,0.9626492106276472,-0.016350868283453224,-0.030740125359695725,-0.00021865362065742744,-0.003969586622464716,prewar,0,0,0,0
2022-06-16,125.78,117.56,120.6714,6.703,131.65,1286.76,0.9495774380400722,0.006540663023981708,0.01923796878051487,-0.007997180192445441,-0.0014609641979019816,prewar,0,0,0,0
2022-06-17,119.22,109.56,121.2369,6.716,135.14,1287.36,0.9548362455838824,-0.0535638233235769,-0.07047649715583937,0.004675333835945317,0.00193755183947375,prewar,0,0,0,0
2022-06-20,118.25,,,,,,,-0.00816949841973802,,,,prewar,0,0,0,0
2022-06-21,118.51,110.49,120.6427,6.688,136.25,1293.25,0.9480470231323476,0.0021963178283144202,,,,prewar,0,0,0,0
2022-06-22,115.54,106.22,120.5197,6.6983,136.05,1297.21,0.944911650760654,-0.02538055484723767,-0.03941260413083114,-0.0010200596002141182,0.001538887075992923,prewar,0,0,0,0
2022-06-23,114.5,105.75,120.7622,6.698,134.72,1300.86,0.9521089212605922,-0.009041967358824898,-0.004434597067865198,0.00201009758006343,-4.478848638056476e-05,prewar,0,0,0,0
2022-06-24,117.36,109.07,120.4853,6.6878,135.22,1298.71,0.9488566277635448,0.024671310840431282,0.03091206001426361,-0.0022955688377850336,-0.0015240033429750888,prewar,0,0,0,0
2022-06-27,119.69,111.44,120.1736,6.6899,135.26,1286.2,0.9433072351664936,0.019658933050552996,0.021496451530898852,-0.0025903897532595366,0.0003139553162725406,prewar,0,0,0,0
2022-06-28,122.21,113.66,120.62,6.707,136.19,1290.18,0.9493070058857036,0.02083580956463038,0.019725206397425588,0.0037077439882278185,0.00255283077228996,prewar,0,0,0,0
2022-06-29,120.8,111.65,120.9616,6.6997,136.5,1298.39,0.9544716999140976,-0.011604590949194638,-0.01784255758280917,0.0028280318341264987,-0.001089007842563161,prewar,0,0,0,0
2022-06-30,119.78,107.76,120.9652,6.6981,135.69,1298.95,0.9552010698251984,-0.008479558664398645,-0.03546244618405758,2.976106822671909e-05,-0.00023884518467309768,prewar,0,0,0,0
2022-07-01,119.21,110.3,121.5058,6.7,135.09,1297.18,0.9607070804111828,-0.00477008310640592,0.023297394157347995,0.004459097341567464,0.0002836223065565413,prewar,0,0,0,0
2022-07-04,121.8,,,,,,,0.02149371154588664,,,,prewar,0,0,0,0
2022-07-05,110.49,101.55,122.6203,6.7192,135.72,1299.69,0.9752291788570312,-0.09745533615071267,,,,prewar,0,0,0,0
2022-07-06,108.54,100.31,123.0073,6.707,135.66,1307.1,0.982994200334218,-0.017806250489825537,-0.012285897131000034,0.0031511142903077882,-0.0018173427116801033,prewar,0,0,0,0
2022-07-07,113.4,104.62,122.7257,6.7005,135.99,1299.51,0.984348853233586,0.04380262265839363,0.04206934704707166,-0.0022919194676171983,-0.0009696066394542235,prewar,0,0,0,0
2022-07-08,113.95,106.78,122.4662,6.6945,136.16,1299.51,0.982511298879937,0.004838364398040973,0.020435905129574827,-0.0021167101922205944,-0.0008958567228487535,prewar,0,0,0,0
2022-07-11,114.85,106.09,123.2974,6.7175,137.29,1308.9,0.9912767644726408,0.007867173443414366,-0.006482852600860234,0.0067642496228002,0.003429767752212154,prewar,0,0,0,0
2022-07-12,106.98,97.69,123.4524,6.7234,136.68,1311.91,0.9931472837421792,-0.07098502803200368,-0.08248859080632887,0.0012563335037132362,0.0008779174577513427,prewar,0,0,0,0
2022-07-13,107.17,98.44,123.2834,6.7175,137.34,1306.65,0.9919650828290844,0.0017744576218019503,0.0076480258580042815,-0.0013698865460840537,-0.0008779174577513427,prewar,0,0,0,0
2022-07-14,107.74,97.79,124.0622,6.7542,138.94,1311.76,0.997207818109294,0.005304558527481795,-0.0066249031986718165,0.0062972826171776575,0.005448472099166768,prewar,0,0,0,0
2022-07-15,112.26,99.59,123.4765,6.7565,138.57,1321.15,0.9911785112498762,0.041096692261666234,0.01823943561936492,-0.004732198181526925,0.00034047088932753766,prewar,0,0,0,0
2022-07-18,117.27,104.48,122.7727,6.742,138.23,1316.7,0.984251968503937,0.04366135895891965,0.04793390758457239,-0.0057161762667119476,-0.0021483876841346117,prewar,0,0,0,0
2022-07-19,114.96,106.12,122.4819,6.743,137.94,1313.52,0.9767532721234616,-0.019894726702204046,0.015574863741417921,-0.002371414328446342,0.00014831294057593425,prewar,0,0,0,0
2022-07-20,115.86,104.45,122.5997,6.754,138.16,1313.1,0.9787608887148868,0.007798323897708848,-0.015862041266964333,0.0009613125511815923,0.001629992210930853,prewar,0,0,0,0
2022-07-21,112.81,98.44,122.9032,6.7655,137.94,1307.58,0.9806805923310776,-0.026677578051649498,-0.05926126247971908,0.0024724771447628413,0.001701246758186059,prewar,0,0,0,0
2022-07-22,106.77,97.71,122.451,6.75,136.12,1312.82,0.97799511002445,-0.055027999426617846,-0.007443317566603547,-0.0036861036983824036,-0.002293663837123372,prewar,0,0,0,0
2022-07-25,108.23,99.83,122.4594,6.7499,136.72,1313.27,0.9793360101850946,0.013581604116843948,0.021464831392082218,6.859651532398203e-05,-1.4814924555350828e-05,prewar,0,0,0,0
2022-07-26,107.32,97.74,122.7581,6.7616,136.62,1308.33,0.988533017002768,-0.00844356674963187,-0.02115784750632521,0.0024362057988067676,0.001731858479717241,prewar,0,0,0,0
2022-07-27,109.64,100.03,122.8169,6.757,137.31,1313.14,0.9893153937475268,0.02138724587716201,0.023159249155080275,0.0004788761162473065,-0.0006805438695629551,prewar,0,0,0,0
2022-07-28,109.68,99.11,122.1161,6.7465,134.45,1299.69,0.9839614287119944,0.0003647638194737013,-0.009239796578471626,-0.00572239683795317,-0.001555152681332439,prewar,0,0,0,0
2022-07-29,111.51,101.31,121.7678,6.7433,133.25,1299.08,0.9801999607920016,0.01654723772321187,0.021954778646968265,-0.0028562790474939703,-0.0004744325431103036,prewar,0,0,0,0
2022-08-01,106.09,96.59,121.4109,6.7674,131.8,1304.18,0.9737098344693282,-0.049826482506090564,-0.04770990687438115,-0.0029352920815215455,0.0035675465461944,prewar,0,0,0,0
2022-08-02,106.51,97.14,121.9486,6.7499,132.32,1304.89,0.9809691975671964,0.0039510869838945695,0.0056780207263944504,0.004418984054379571,-0.0025892759319059433,prewar,0,0,0,0
2022-08-03,101.82,93.25,122.3888,6.7565,134.18,1310.69,0.9856100926473488,-0.04503232898088427,-0.04086917839367388,0.0036032181423415466,0.0009773145361204882,prewar,0,0,0,0
2022-08-04,97.99,91.29,121.8333,6.7485,133.28,1310.2,0.9783778495254868,-0.038341115826463046,-0.02124280594693584,-0.004549145699697554,-0.0011847465288041814,prewar,0,0,0,0
2022-08-05,100.31,91.77,122.321,6.7607,135.33,1298.22,0.9832841691248771,0.023399958247666497,0.005244194253932299,0.003995019941473998,0.0018061770225694662,prewar,0,0,0,0
2022-08-08,103.46,93.52,121.8783,6.7505,134.73,1306.11,0.9797198001371608,0.030919673679975723,0.01888987033289169,-0.0036257309908345192,-0.0015098587746051884,prewar,0,0,0,0
2022-08-09,103.81,93.18,121.8614,6.7525,134.95,1304.5,0.9778994719342852,0.00337724062978495,-0.003642210775162802,-0.00013867252669186314,0.0002962304694698048,prewar,0,0,0,0
2022-08-10,105.06,94.68,120.7543,6.723,132.58,1310.54,0.9673986649898424,0.011969310320661286,0.015969678257132358,-0.00912643068314356,-0.004378323197733902,prewar,0,0,0,0
2022-08-11,107.19,97.02,120.7163,6.7445,132.66,1302.72,0.967305088024763,0.020071345177612443,0.024414358171287454,-0.00031473811150206643,0.0031928744406977128,prewar,0,0,0,0
2022-08-12,103.7,94.86,121.018,6.7425,133.57,1302.13,0.9749439407234084,-0.03310084546794645,-0.022515022367634252,0.00249613031042184,-0.0002965818958493571,prewar,0,0,0,0
2022-08-15,98.25,92.24,121.4315,6.7715,133.13,1305.85,0.9817396426467702,-0.05398686448611123,-0.028008244488632705,0.003411022921683049,0.004291852081540926,prewar,0,0,0,0
2022-08-16,95.36,89.23,121.6807,6.7875,134.38,1308.54,0.982897582071948,-0.029856047432330612,-0.033176570048743415,0.00205008294342246,0.0023600571467647935,prewar,0,0,0,0
2022-08-17,97.22,90.85,122.0711,6.7805,135.4,1310.16,0.9838646202282566,0.019317248300269263,0.017992488930119954,0.0032032611354715357,-0.001031839714190852,prewar,0,0,0,0
2022-08-18,96.35,93.2,122.3627,6.7855,135.29,1319.94,0.9887284951552304,-0.008989056756933955,0.025537926849366066,0.002385923209726748,0.0007371369934254801,prewar,0,0,0,0
2022-08-19,96.45,93.55,123.0501,6.8164,137.01,1325.5,0.9961151509114452,0.0010373444913627239,0.003748331028552876,0.00560200444060488,0.004543490711812259,prewar,0,0,0,0
2022-08-22,95.06,93.42,123.605,6.8476,137.57,1339.4,1.0064412238325282,-0.014516468165874485,-0.0013905976461368041,0.0044994077653131015,0.0045667526673855985,prewar,0,0,0,0
2022-08-23,99.49,96.46,123.0547,6.8476,136.36,1339.4,1.0024057738572574,0.04554886541540526,0.03202295956686374,-0.004462025316855467,0.0,prewar,0,0,0,0
2022-08-24,99.87,95.52,123.109,6.8581,136.92,1342.05,1.0033109260559847,0.0038122036537746595,-0.009792764996533698,0.0004411698465753844,0.0015322095265777325,prewar,0,0,0,0
2022-08-25,98.81,93.33,123.0586,6.8477,136.83,1335.46,1.0041168792047397,-0.010670526048171425,-0.02319405006663633,-0.0004094771261877739,-0.0015176059764545613,prewar,0,0,0,0
2022-08-26,101.13,93.63,123.0656,6.8715,137.07,1331.17,1.0002000400080016,0.023208003707207325,0.0032092453731422665,5.688185072294516e-05,0.003469593544159988,prewar,0,0,0,0
2022-08-29,,97.4,123.4686,6.9067,138.74,1349.8,1.0,,0.03947536569769117,0.0032693261945420105,0.005109531953583213,prewar,0,0,0,0
2022-08-30,99.34,92.08,123.6848,6.91,138.73,1346.37,0.9982032341784788,,-0.056168446234861946,0.0017495211892359919,0.00047768281322602135,prewar,0,0,0,0
2022-08-31,96.55,90.09,123.535,6.889,138.69,1338.66,0.9935419771485344,-0.02848730080468087,-0.02184859375027859,-0.00121187719052962,-0.003043701168519819,prewar,0,0,0,0
2022-09-01,92.24,87.09,124.4006,6.9066,139.93,1354.34,1.0050251256281406,-0.04566713291371993,-0.033867103958700184,0.006982486717248548,0.002551539555875504,prewar,0,0,0,0
2022-09-02,93.09,87.29,123.7743,6.8985,140.03,1362.2,0.997008973080758,0.009172891167595232,0.0022938420426097395,-0.0050472576362246,-0.0011734795009832322,prewar,0,0,0,0
2022-09-05,94.22,,,,,,,0.012065706143496335,,,,prewar,0,0,0,0
2022-09-06,91.43,87.35,124.767,6.9532,142.95,1378.95,1.0086746015735324,-0.030058821095559907,,,,prewar,0,0,0,0
2022-09-07,86.83,82.5,124.8408,6.965,144.39,1383.72,1.0058338362502517,-0.05162146810378143,-0.05712474323943084,0.0005913276920868071,0.0016956219665207328,prewar,0,0,0,0
2022-09-08,87.99,84.04,124.578,6.9562,144.05,1380.51,1.004419445560466,0.013270987584915517,0.018494582636164658,-0.0021072998286539857,-0.0012642589966560536,prewar,0,0,0,0
2022-09-09,91.68,87.27,123.7874,6.924,142.44,1376.74,0.9954210631096956,0.0410810813089606,0.03771388519842045,-0.006366447744805548,-0.004639710921150009,prewar,0,0,0,0
2022-09-12,93.45,88.18,123.3332,6.9265,142.41,1377.38,0.9872642906506072,0.019122280935142122,0.010373418754571873,-0.003675942122590925,0.0003609978018337401,prewar,0,0,0,0
2022-09-13,92.04,87.84,124.4242,6.9245,144.3,1373.76,1.000300090027008,-0.015203268734406805,-0.003863202168571611,0.008807059259403616,-0.00028878781516117336,prewar,0,0,0,0
2022-09-14,92.83,88.88,124.4509,6.9612,142.93,1391.1,1.0007004903432404,0.008546598244675963,0.011770167570154477,0.00021456545956155537,0.005286025977246478,prewar,0,0,0,0
2022-09-15,89.28,85.72,124.8843,6.9934,143.57,1393.93,1.0009008107296566,-0.03899236477884038,-0.03620097472599859,0.0034764480626465755,0.004614973865187055,prewar,0,0,0,0
2022-09-16,89.43,85.57,124.8794,6.9799,143.04,1384.48,0.9987016878058524,0.0016786977250893287,-0.0017514161754128565,-3.9237086899568396e-05,-0.0019322571189797078,prewar,0,0,0,0
2022-09-19,,86.15,125.0104,7.005,143.34,1393.05,0.999700089973008,,0.006755208543975044,0.0010484622581659053,0.003589589764880996,prewar,0,0,0,0
2022-09-20,89.62,84.69,125.1248,7.0176,143.64,1389.86,1.0006003602161295,,-0.01709243204043087,0.000914705391135584,0.001797099452461648,prewar,0,0,0,0
2022-09-21,89.86,83.38,125.7399,7.0479,144.14,1395.92,1.0121457489878545,0.0026743942840168344,-0.015589058480856899,0.004903848430218183,0.0043084208695425286,prewar,0,0,0,0
2022-09-22,90.4,84.02,126.1667,7.0772,142.16,1412.29,1.01615689462453,0.005991363756117529,0.007646393288585074,0.0033885607474246626,0.004148649145736316,prewar,0,0,0,0
2022-09-23,84.29,79.07,127.2853,7.1266,143.18,1409.42,1.0289124395513942,-0.06998103338874007,-0.06072132965840016,0.008826975230126877,0.006955913091374333,prewar,0,0,0,0
2022-09-26,82.55,77.17,128.4539,7.1384,144.45,1432.47,1.039176971838304,-0.02085906364325396,-0.024322755613323643,0.009139061463261378,0.0016543992557194187,prewar,0,0,0,0
2022-09-27,85.97,78.91,128.4386,7.176,144.71,1422.39,1.0399334442595674,0.0405942278202156,0.022297182063431897,-0.00011911597277514119,0.005253463152690374,prewar,0,0,0,0
2022-09-28,89.55,82.61,128.0884,7.199,144.15,1440.5,1.0329511414110113,0.04079873032036829,0.04582277604147045,-0.0027303185828486676,0.0032000027306708922,prewar,0,0,0,0
2022-09-29,89.41,81.78,127.5437,7.1196,144.45,1439.15,1.023122570083896,-0.0015645957594943027,-0.010098023637917564,-0.004261599575078989,-0.011090583416704991,prewar,0,0,0,0
2022-09-30,88.9,79.91,127.5148,7.1135,144.71,1431.67,1.0221813349688236,-0.005720390227367922,-0.023131713550125,-0.0002266146795628643,-0.0008571569613762264,prewar,0,0,0,0
2022-10-03,90.68,84.05,127.0813,7.1103,144.5,1434.83,1.0194719135487815,0.019824683119469277,0.050510858468252984,-0.0034053971677634465,-0.0004499500912538146,prewar,0,0,0,0
2022-10-04,93.74,86.87,126.1819,7.1103,144.32,1425.75,1.0023053021950483,0.03318816685523185,0.033000888417204166,-0.007102522442355763,0.0,prewar,0,0,0,0
2022-10-05,94.35,88.22,126.8616,7.1103,144.73,1410.74,1.0135819987837016,0.0064862793199989,0.01542094640496483,0.005372211771613067,0.0,prewar,0,0,0,0
2022-10-06,95.65,88.9,127.2493,7.1103,144.94,1402.33,1.0197838058331634,0.01368442407170356,0.00767844784306515,0.0030514259784153452,0.0,prewar,0,0,0,0
2022-10-07,98.88,93.07,127.3111,7.1103,145.19,1412.54,1.0219724067450178,0.033211297823117825,0.04583975567776033,0.0004855429298054048,0.0,prewar,0,0,0,0
2022-10-10,97.13,91.6,,,,,,-0.01785670629514069,-0.01592062651753423,,,prewar,0,0,0,0
2022-10-11,95.17,89.75,127.6641,7.1639,145.55,1435.36,1.0249051962693452,-0.020385521329987277,-0.020403244311696156,,,prewar,0,0,0,0
2022-10-12,93.44,87.83,128.1481,7.172,146.87,1423.81,1.031778786628147,-0.018345247004335263,-0.021624899439363077,0.003784030453029885,0.0011300303241446041,prewar,0,0,0,0
2022-10-13,95.16,89.59,127.7286,7.17,147.15,1430.4,1.0224948875255624,0.018240166354839715,0.019840578680461185,-0.003278925950267464,-0.000278901131357312,prewar,0,0,0,0
2022-10-14,92.22,86.1,128.3325,7.1895,148.46,1428.06,1.0267994660642776,-0.03138265865619694,-0.03973429517580218,0.004716851717539328,0.002715973674129568,prewar,0,0,0,0
2022-10-17,91.04,86.0,127.6448,7.1946,148.71,1434.73,1.015950421619425,-0.012878056400539073,-0.001162115180177281,-0.0053731456229177965,0.0007091163456469651,prewar,0,0,0,0
2022-10-18,89.46,83.29,127.9153,7.2001,149.23,1422.19,1.016053647632595,-0.017507372373319008,-0.032018802306257754,0.002116919667953354,0.0007641701831433423,prewar,0,0,0,0
2022-10-19,91.34,86.0,128.3968,7.228,149.77,1426.07,1.0224948875255624,0.020797209752151602,0.032018802306257754,0.003757142689785553,0.0038674579155331124,prewar,0,0,0,0
2022-10-20,91.52,86.02,128.0052,7.2129,149.82,1431.63,1.0180189351521938,0.001968719874634317,0.00023253110208276695,-0.0030545807324751095,-0.0020912831614754435,prewar,0,0,0,0
2022-10-21,91.82,85.47,127.6735,7.2399,146.35,1440.31,1.0147133434804667,0.003272611189588659,-0.006414390177663876,-0.0025946642101315476,0.0037363045790335114,prewar,0,0,0,0
2022-10-24,91.57,86.12,128.0304,7.2629,148.76,1439.14,1.0127607859023695,-0.0027264317014354944,0.007576235318236257,0.002791511836643501,0.003171803966450115,prewar,0,0,0,0
2022-10-25,91.76,86.93,127.3771,7.2688,147.85,1432.46,1.0041168792047397,0.0020727657014747436,0.009361524594810433,-0.005115757562255574,0.000812017909011642,prewar,0,0,0,0
2022-10-26,92.93,89.39,126.4723,7.171,146.5,1425.68,0.9932459276916964,0.0126700487481326,0.0279056220087881,-0.007128666301083442,-0.013546101122563936,prewar,0,0,0,0
2022-10-27,94.17,89.06,126.7028,7.2239,146.02,1419.0,1.0015022533800702,0.013255137952723928,-0.0036985192062042316,0.0018208746728003433,0.007349858372033946,prewar,0,0,0,0
2022-10-28,94.64,87.85,127.2135,7.2499,147.68,1421.67,1.00664384940608,0.004978560148159339,-0.013679485260450264,0.0040225908194653215,0.0035927023955375503,prewar,0,0,0,0
2022-10-31,93.3,86.54,127.6219,7.3048,148.63,1424.6,1.0116337885685385,-0.014260111816833287,-0.01502407983636811,0.0032052089280902862,0.007543990651983856,prewar,0,0,0,0
2022-11-01,95.12,88.36,127.3987,7.273,148.11,1416.2,1.013068584743187,0.019319144529228005,0.02081264375517833,-0.0017504472736051824,-0.004362805147589688,prewar,0,0,0,0
2022-11-02,96.07,90.06,127.3115,7.289,147.11,1418.31,1.0126582278481011,0.009937840039120793,0.019056736321508616,-0.0006846997364586827,0.0021975012276722605,prewar,0,0,0,0
2022-11-03,95.29,88.14,128.1743,7.3,148.18,1423.99,1.0246951531919255,-0.00815221906155017,-0.02154965545958465,0.006754217103540405,0.0015079857542696917,prewar,0,0,0,0
2022-11-04,99.53,92.58,127.1468,7.2996,147.22,1423.99,1.010611419909045,0.04353423289787539,0.04914667618928359,-0.008048731945461185,-5.47960218226784e-05,prewar,0,0,0,0
2022-11-07,99.87,91.8,126.3062,7.2266,146.64,1402.05,1.000300090027008,0.003410233997071188,-0.008460837976679514,-0.0066332068048744475,-0.010050889363989235,prewar,0,0,0,0
2022-11-08,96.85,88.8,125.633,7.2485,145.38,1384.61,0.9911785112498762,-0.030705950402038162,-0.03322564762832059,-0.005344159243320767,0.0030258881402815963,prewar,0,0,0,0
2022-11-09,93.05,85.79,125.9861,7.2401,146.15,1364.85,0.9963136395337252,-0.04002640676474556,-0.0344842004132504,0.002806625027948151,-0.0011595324518809402,prewar,0,0,0,0
2022-11-10,94.25,86.52,124.7044,7.184,141.78,1377.52,0.9827044025157232,0.012813843239860567,0.00847315149998451,-0.010225446659000603,-0.0077786874570358044,prewar,0,0,0,0
2022-11-11,96.37,89.14,,,,,,0.0222441235350761,0.029832566433551477,,,prewar,0,0,0,0
2022-11-14,93.59,85.85,123.4277,7.071,140.43,1327.38,0.9673986649898424,-0.029271409694031192,-0.03760658017492524,,,prewar,0,0,0,0
2022-11-15,94.3,86.87,123.039,7.044,139.36,1317.88,0.9641342074816815,0.00755764947024673,0.011811160928344222,-0.003154181252559063,-0.0038257219881441262,prewar,0,0,0,0
2022-11-16,92.61,85.62,123.2817,7.0964,139.59,1326.46,0.962000962000962,-0.01808406245723404,-0.014493847555028694,0.0019706023776260295,0.007411422570396953,prewar,0,0,0,0
2022-11-17,91.0,81.69,123.977,7.1551,140.45,1338.97,0.9670244657189828,-0.017537620665327935,-0.046987305363022536,0.0056240838661079096,0.008237775946782211,prewar,0,0,0,0
2022-11-18,88.93,80.07,123.8524,7.1192,140.03,1339.61,0.9662769349695624,-0.023009963105301345,-0.020030343269235473,-0.001005530502018459,-0.005030029590623375,prewar,0,0,0,0
2022-11-21,88.44,79.74,124.7009,7.164,141.95,1354.87,0.9767532721234616,-0.005525187422303013,-0.004129910131332792,0.006827535953727981,0.006273124637949934,prewar,0,0,0,0
2022-11-22,88.65,80.83,124.2365,7.1388,141.29,1356.66,0.9731413001167768,0.0023716765309718113,0.013576841792543703,-0.003731062819294806,-0.0035237891987420777,prewar,0,0,0,0
2022-11-23,85.9,77.93,123.7574,7.158,139.76,1352.49,0.9648784253184098,-0.03151220353000728,-0.03653719589028359,-0.0038638095214533763,0.002685917344110722,prewar,0,0,0,0
2022-11-24,85.59,,,,,,,-0.003615375096691409,,,,prewar,0,0,0,0
2022-11-25,83.4,76.45,123.3386,7.1642,139.21,1325.22,0.9613535858488752,-0.025920144528817524,,,,prewar,0,0,0,0
2022-11-28,83.5,77.1,123.6032,7.2074,138.67,1340.66,0.962834585018294,0.0011983224921090496,0.008466348194211548,0.0021430158949593547,0.006011874824434438,prewar,0,0,0,0
2022-11-29,83.22,77.96,123.6615,7.1568,138.28,1327.24,0.9656237929702588,-0.0033589283020152294,0.011092594070076345,0.00047155943473065065,-0.007045322301371781,prewar,0,0,0,0
2022-11-30,85.61,80.48,123.5175,7.0879,139.31,1316.84,0.968710646130001,0.028314395199599218,0.03181283171206939,-0.001165147656482901,-0.009673848845334732,prewar,0,0,0,0
2022-12-01,86.28,81.06,122.0045,7.0424,135.55,1299.11,0.9525623928367308,0.00779572276656193,0.007180914848733622,-0.012324917135421387,-0.006440083686552356,prewar,0,0,0,0
2022-12-02,86.54,79.86,122.0102,7.019,134.89,1300.5,0.95047999239616,0.0030089132757824544,-0.014914519565087048,4.671849688531182e-05,-0.0033282634162750124,prewar,0,0,0,0
2022-12-05,83.36,76.83,122.6384,6.961,136.55,1292.58,0.952925481227368,-0.03743815679168172,-0.03867991275553173,0.005135540368239155,-0.0082976155617549,prewar,0,0,0,0
2022-12-06,79.92,74.21,123.0191,6.9935,136.67,1319.31,0.9526531389920928,-0.04214244366475839,-0.034696276897501654,0.003099439705826157,0.004658004050692055,prewar,0,0,0,0
2022-12-07,77.11,71.93,122.7608,6.9702,136.57,1322.23,0.951927653498334,-0.035793160495429355,-0.03120548810277768,-0.0021018813588531415,-0.003337227471874371,prewar,0,0,0,0
2022-12-08,76.02,71.3,122.4152,6.9649,136.45,1317.56,0.9476876421531464,-0.014236510283766712,-0.008797096459014497,-0.002819201136321503,-0.0007606691384427489,prewar,0,0,0,0
2022-12-09,76.37,71.05,122.4201,6.9559,136.4,1301.61,0.9478672985781992,0.004593485339190906,-0.0035124728771407376,4.002690788951213e-05,-0.001293029316410399,prewar,0,0,0,0
2022-12-12,78.0,72.96,122.7714,6.9773,137.47,1307.62,0.948316737790422,0.02111887778929855,0.026527491222966937,0.0028655172824718633,0.003071802145590885,prewar,0,0,0,0
2022-12-13,80.14,75.44,121.8493,6.943,135.14,1301.47,0.9407337723424272,0.02706627851840704,0.03342629255912577,-0.0075390542784958825,-0.004928064684948552,prewar,0,0,0,0
2022-12-14,83.33,77.14,121.8226,6.9498,134.95,1294.79,0.938526513374003,0.039033523186116525,0.022284314454879883,-0.00021914714094517507,0.0009789244130820052,prewar,0,0,0,0
2022-12-15,82.34,75.89,122.5519,6.9716,137.92,1302.91,0.9400263207369806,-0.011951612052356175,-0.016337029364260403,0.005968725584295953,0.0031318714811710002,prewar,0,0,0,0
2022-12-16,80.2,74.19,122.6505,6.9708,136.55,1307.73,0.942507068803016,-0.026333501469290255,-0.022655553214386615,0.0008042336071296674,-0.00011475786103920527,prewar,0,0,0,0
2022-12-19,81.66,75.05,122.5275,6.9772,136.87,1302.29,0.9412650602409638,0.018040771018960733,0.01152518787803647,-0.0010033527504003104,0.000917694357492449,prewar,0,0,0,0
2022-12-20,79.45,75.92,122.1357,6.96,131.08,1290.41,0.9402914903620124,-0.027436392908704477,0.011525596222201173,-0.0032027729132586558,-0.002468215815514263,prewar,0,0,0,0
2022-12-21,80.25,78.17,122.2828,6.981,132.36,1284.7,0.9434852344560808,0.010018869027399901,0.029205787930566274,0.001203673353368906,0.0030126986419360957,prewar,0,0,0,0
2022-12-22,79.58,77.68,122.2419,6.9829,132.34,1275.68,0.944465432565168,-0.008383957011342424,-0.0062881182491691945,-0.00033452653561294454,0.00027213028046957355,prewar,0,0,0,0
2022-12-23,82.45,79.57,121.9743,6.988,132.78,1280.02,0.9415309292910272,0.03542924400682512,0.024039313406373886,-0.0021915016866183024,0.0007300890030761398,prewar,0,0,0,0
2022-12-26,,,,,,,,,,,,prewar,0,0,0,0
2022-12-27,,79.45,121.7539,6.96,133.43,1271.0,0.9386146048432514,,,,,prewar,0,0,0,0
2022-12-28,81.7,78.89,122.0075,6.9774,134.27,1267.54,0.9414422895876482,,-0.007073415875726852,0.002080723949688945,0.0024968801985871814,prewar,0,0,0,0
2022-12-29,80.96,78.43,121.6577,6.9625,133.16,1265.58,0.9373828271466068,-0.009098796326801661,-0.0058479698824234205,-0.002871154685188948,-0.0021377492915131135,prewar,0,0,0,0
2022-12-30,82.82,80.16,121.4256,6.8972,131.81,1260.18,0.9347541596560104,0.022714372578265696,0.021818130111979528,-0.001909634026963758,-0.00942307310956303,prewar,0,0,0,0
2023-01-02,,,,,,,,,,,,prewar,0,0,0,0
2023-01-03,80.36,76.87,122.0905,6.9135,130.83,1271.1,0.947059380623165,,,,,prewar,0,0,0,0
2023-01-04,75.31,72.82,121.5008,6.8875,132.0,1272.15,0.9416195856873822,-0.06490361183347382,-0.05412504061375323,-0.004841725890815773,-0.003767847367502686,prewar,0,0,0,0
2023-01-05,76.73,73.61,122.1017,6.88,133.57,1268.91,0.9503896597605018,0.018679838076313793,0.010790243323327786,0.004933456912591616,-0.0010895225337808068,prewar,0,0,0,0
2023-01-06,76.41,73.77,121.0852,6.837,132.21,1268.13,0.9417082587814296,-0.0041791885300987985,0.0021712588255962118,-0.008359873990302802,-0.006269613013595299,prewar,0,0,0,0
2023-01-09,77.5,74.69,120.1508,6.77,131.58,1243.62,0.9294544102611766,0.014164358699826352,0.012394069472764002,-0.0077468095393067316,-0.009847952007473237,prewar,0,0,0,0
2023-01-10,78.4,75.11,120.2483,6.777,132.25,1243.83,0.9313588525658936,0.011545990997061217,0.005607491328945002,0.0008111511677544314,0.0010334392297923767,prewar,0,0,0,0
2023-01-11,81.11,77.46,120.1614,6.77,132.58,1245.39,0.9310986964618247,0.033982330725891075,0.030807968388685936,-0.00072293259202727,-0.0010334392297923767,prewar,0,0,0,0
2023-01-12,82.59,78.32,119.4218,6.7365,129.75,1246.26,0.9239582370876837,0.018082349740372372,0.011041324135648622,-0.006174075222404873,-0.004960584710418159,prewar,0,0,0,0
2023-01-13,83.43,79.9,119.1673,6.701,127.85,1241.59,0.9249838127832763,0.010119349091357144,0.019972854549973995,-0.002133375720226205,-0.00528373322273179,prewar,0,0,0,0
2023-01-16,82.65,,,,,,,-0.009393132646949631,,,,prewar,0,0,0,0
2023-01-17,84.38,80.25,119.2121,6.7723,128.18,1238.7,0.926526452330214,0.020715582429159163,,,,prewar,0,0,0,0
2023-01-18,83.78,79.53,119.0755,6.7534,128.45,1237.32,0.9236168837166344,-0.00713609117730396,-0.009012453041081336,-0.00114651383423503,-0.0027946815767219135,prewar,0,0,0,0
2023-01-19,85.08,80.31,119.6107,6.7738,128.48,1232.05,0.9250693802035151,0.015397674813147688,0.009759837231326784,0.004484556685400598,0.0030161475346184297,prewar,0,0,0,0
2023-01-20,86.96,81.27,119.3486,6.7825,129.97,1235.57,0.9232757824762255,0.021856252480917604,0.011882798564743169,-0.002193679886969946,0.001283536244316208,prewar,0,0,0,0
2023-01-23,87.54,81.62,119.1434,6.7899,130.69,1228.59,0.9203865623561897,0.006647588949795669,0.004297385212545635,-0.0017208128627910213,0.0010904483707030455,prewar,0,0,0,0
2023-01-24,85.25,79.86,119.0958,6.7899,130.07,1234.79,0.9197093718384992,-0.02650771559912357,-0.021799228342583632,-0.00039959839214898096,0.0,prewar,0,0,0,0
2023-01-25,85.08,79.78,118.9686,6.7899,129.64,1231.67,0.9173470323823502,-0.0019961258315897012,-0.0010022551578146022,-0.0010686185091479672,0.0,prewar,0,0,0,0
2023-01-26,86.29,80.64,119.021,6.7899,130.4,1230.95,0.9203018590097553,0.014121726188180084,0.010721957845797547,0.00044035538398912166,0.0,prewar,0,0,0,0
2023-01-27,85.36,79.73,118.9223,6.7899,129.94,1231.53,0.9210647508519848,-0.010836109526718651,-0.011348877808654123,-0.0008296094545281463,0.0,prewar,0,0,0,0
2023-01-30,84.9,77.97,118.8953,6.7501,130.34,1227.31,0.9202171712524156,-0.00540351367619607,-0.022321789192895736,-0.00022706477666911695,-0.00587889433213773,prewar,0,0,0,0
2023-01-31,83.42,78.95,118.9802,6.754,130.17,1231.95,0.9209799226376864,-0.017586004548502565,0.01249060338014285,0.0007138188136641688,0.0005776023738608416,prewar,0,0,0,0
2023-02-01,81.61,76.34,118.6259,6.7406,129.27,1231.77,0.9160025648071816,-0.021936285287647905,-0.03361769338456799,-0.0029822488782036416,-0.0019859802297605977,prewar,0,0,0,0
2023-02-02,80.57,75.87,118.3421,6.7266,128.45,1220.34,0.9159186664224216,-0.012825431692046863,-0.006175697967099936,-0.0023952612646986893,-0.0020791263281494388,prewar,0,0,0,0
2023-02-03,78.85,73.4,119.5095,6.7733,131.07,1229.22,0.9237875288683602,-0.021579058380057248,-0.03309741372951347,0.009816283549497484,0.0069185973647536425,prewar,0,0,0,0
2023-02-06,80.48,74.11,120.541,6.7918,132.76,1252.61,0.9326618168252192,0.020461392942381806,0.009626540342797085,0.008594077902089658,0.0027275893977345422,prewar,0,0,0,0
2023-02-07,82.92,77.17,120.3475,6.791,131.37,1255.53,0.9341429238673516,0.029867581216150185,0.040460304506244604,-0.0016065527546462732,-0.00011779603629968882,prewar,0,0,0,0
2023-02-08,84.17,78.47,120.1436,6.789,131.27,1260.03,0.931619154089808,0.014962275655905799,0.016705605669869783,-0.001695697253309092,-0.0002945508121443563,prewar,0,0,0,0
2023-02-09,83.46,78.04,119.9781,6.7782,130.98,1259.67,0.929281665272744,-0.008471088060078458,-0.005494870384470829,-0.001378467886963719,-0.0015920753407088206,prewar,0,0,0,0
2023-02-10,85.46,79.74,120.1419,6.8106,131.5,1264.15,0.9372071227741332,0.023680955052472363,0.021549826198298483,0.0013643180527038723,0.004768642028410541,prewar,0,0,0,0
2023-02-13,85.98,80.14,119.9828,6.8198,132.71,1277.05,0.9330098899048328,0.006066280852256689,0.005003763254789462,-0.0013251450040900892,0.0013499239049612477,prewar,0,0,0,0
2023-02-14,84.96,79.08,119.9229,6.8255,133.05,1268.93,0.9326618168252192,-0.011934153574507,-0.013315106905582574,-0.0004993628850389342,0.0008354525487224151,prewar,0,0,0,0
2023-02-15,84.11,78.57,120.4557,6.851,134.22,1282.16,0.9360666479453336,-0.0100550915192823,-0.006470051114686015,0.004433014191207896,0.003729028559866565,prewar,0,0,0,0
2023-02-16,83.84,78.45,120.4651,6.859,133.95,1284.33,0.9359790340696368,-0.0032152454016145526,-0.0015284680086882219,7.803394314453982e-05,0.0011670314964224993,prewar,0,0,0,0
2023-02-17,81.97,76.31,120.5526,6.8661,134.21,1299.62,0.9365049634763064,-0.02255689390779292,-0.027657487877499776,0.0007260877839607716,0.0010346009330814976,prewar,0,0,0,0
2023-02-20,82.79,,,,,,,0.009953954485776073,,,,prewar,0,0,0,0
2023-02-21,82.14,76.28,120.6256,6.87,134.87,1295.99,0.938350380031904,-0.007882172622302619,,,,prewar,0,0,0,0
2023-02-22,79.55,73.95,120.8389,6.8908,134.77,1304.31,0.9413536665725312,-0.03203935374461686,-0.031021591575409957,0.0017667197909512211,0.003023082355819051,prewar,0,0,0,0
2023-02-23,82.08,75.26,121.0896,6.9075,134.8,1296.79,0.944911650760654,0.03130862663866374,0.01755959600848289,0.0020725139017212513,0.0024205892253574834,prewar,0,0,0,0
2023-02-24,82.31,76.19,121.5681,6.9545,136.36,1304.59,0.948316737790422,0.002798225562093748,0.01228143531962722,0.003943832157051297,0.0067811542496134525,prewar,0,0,0,0
2023-02-27,81.24,75.57,121.3941,6.945,136.18,1322.45,0.9437523593808984,-0.013084870272368931,-0.008170841452289856,-0.001432321815882709,-0.0013669558587408037,prewar,0,0,0,0
2023-02-28,83.21,76.88,121.3341,6.9325,136.09,1323.45,0.9432182607055272,0.023959796200154315,0.017186385629408107,-0.000494380143897466,-0.0018014776985111336,prewar,0,0,0,0
2023-03-01,83.68,77.57,120.6347,6.8656,135.82,1315.15,0.936855911560802,0.005632467404274699,0.00893498984074359,-0.005780926696138167,-0.009697063252672722,prewar,0,0,0,0
2023-03-02,84.15,78.05,121.1302,6.9122,136.84,1313.96,0.9438414346389804,0.005600920320201652,0.00616889245866048,0.004099029212131455,0.006764531013202069,prewar,0,0,0,0
2023-03-03,85.74,79.62,120.7742,6.9048,136.09,1300.59,0.9419743782969102,0.01871854053301636,0.01991567061073063,-0.0029433136148426797,-0.0010711443450146518,prewar,0,0,0,0
2023-03-06,85.86,80.39,120.485,6.9295,135.93,1296.14,0.935103796521414,0.001398601626583229,0.009624472767697512,-0.0023974226766725337,0.003570838603409454,prewar,0,0,0,0
2023-03-07,83.03,77.45,121.4623,6.9605,136.9,1299.7,0.9458053532582996,-0.03351607452247496,-0.037257223476991896,0.008078662710992113,0.004463650319764811,prewar,0,0,0,0
2023-03-08,82.1,76.56,121.4511,6.9496,137.18,1320.81,0.9479571523367144,-0.011263971815556495,-0.011557819718178486,-9.221393309655213e-05,-0.0015672068829111208,prewar,0,0,0,0
2023-03-09,81.0,75.6,121.4458,6.963,136.41,1321.58,0.9454476694714948,-0.013488861785943662,-0.01261846395921129,-4.363991472011719e-05,0.0019263119968357945,prewar,0,0,0,0
2023-03-10,82.3,76.55,121.2421,6.9025,135.05,1324.51,0.9381743127873158,0.015921953010584744,0.012487838918205263,-0.0016786996618796124,-0.008726751138237177,prewar,0,0,0,0
2023-03-13,79.67,74.68,120.8897,6.8455,133.13,1300.46,0.9317059536010436,-0.03247800429074932,-0.02473180343017045,-0.0029108134397777263,-0.00829216273049882,prewar,0,0,0,0
2023-03-14,76.77,71.18,121.0141,6.868,134.33,1306.13,0.9326618168252192,-0.03707916455246707,-0.04800043859147518,0.001028508117409288,0.003281440943555536,prewar,0,0,0,0
2023-03-15,74.3,67.38,122.1079,6.9005,132.81,1317.78,0.9492168960607498,-0.032702987116094206,-0.054863642103640586,0.008998012354943796,0.004720929710728461,prewar,0,0,0,0
2023-03-16,73.12,68.15,121.7221,6.8965,133.01,1312.13,0.9414422895876482,-0.016009024577818387,0.011362920164135204,-0.0031645024972526414,-0.0005798362125202239,prewar,0,0,0,0
2023-03-17,71.03,66.61,121.5643,6.887,132.01,1303.75,0.9392317084624776,-0.028999604136176416,-0.022856441717453713,-0.0012972366900001475,-0.0013784599708761558,prewar,0,0,0,0
2023-03-20,72.42,67.56,121.0141,6.877,131.59,1310.69,0.9326618168252192,0.019380181327776747,0.014161375514511576,-0.004536273167691007,-0.0014530662248621873,prewar,0,0,0,0
2023-03-21,74.78,69.4,120.8958,6.883,132.27,1310.65,0.9285913269570064,0.03206796521147215,0.0268707755731592,-0.0009780501701692756,0.0008720930785279801,prewar,0,0,0,0
2023-03-22,76.08,70.71,120.6217,6.8802,132.67,1307.5,0.926612305411416,0.01723494868816733,0.018700138103390884,-0.002269815791250629,-0.00040688212605033414,prewar,0,0,0,0
2023-03-23,74.31,69.77,119.7587,6.8188,130.99,1278.93,0.9182736455463728,-0.023539886067756477,-0.013382887665004617,-0.007180316762936734,-0.00896421799554381,prewar,0,0,0,0
2023-03-24,73.63,69.22,120.4598,6.8675,130.64,1292.57,0.929195316855603,-0.009192980788752969,-0.00791427974394665,0.005837202302985567,0.007116635692658857,prewar,0,0,0,0
2023-03-27,76.8,72.87,120.2541,6.8834,131.49,1301.01,0.9268699601445918,0.04215208877300114,0.05138719347499254,-0.0017090832732984396,0.0023125769347629443,prewar,0,0,0,0
2023-03-28,78.07,73.12,119.7138,6.8725,130.97,1298.26,0.9221689413500552,0.016401219978573245,0.0034248954637039475,-0.004503109899420821,-0.0015847748647910276,prewar,0,0,0,0
2023-03-29,77.51,72.95,119.7258,6.8862,132.69,1303.38,0.9237021984112322,-0.007198899838779305,-0.0023276521771000702,0.00010023404658277002,0.00199146787527682,prewar,0,0,0,0
2023-03-30,78.45,74.32,119.4078,6.87,132.71,1298.89,0.9175153683824204,0.01205451888562159,0.01860581953678775,-0.002659602727909771,-0.0023553026982825465,prewar,0,0,0,0
2023-03-31,79.19,75.68,119.3602,6.8676,132.75,1303.8,0.919793966151582,0.009388549043278793,0.018133830238040716,-0.0003987134007115145,-0.0003494060133379939,prewar,0,0,0,0
2023-04-03,85.81,80.4,119.3204,6.8776,132.35,1316.38,0.918189330639978,0.08028552159670888,0.06050025144129734,-0.0003335000864659321,0.001455053657177352,prewar,0,0,0,0
2023-04-04,85.7,80.7,119.142,6.878,131.6,1315.1,0.9131586156515388,-0.0012827242152955165,0.003724399090982544,-0.0014962529378479417,5.815813197718178e-05,prewar,0,0,0,0
2023-04-05,85.89,80.69,119.2953,6.8781,131.11,1310.05,0.9159186664224216,0.0022145821743997374,-0.0001239234154883917,0.0012858728153952725,1.4539004514535492e-05,prewar,0,0,0,0
2023-04-06,86.56,80.7,119.3072,6.875,131.67,1319.1,0.9151642719868216,0.007770407320037975,0.0001239234154883917,9.97474880595206e-05,-0.0004508074619540281,prewar,0,0,0,0
2023-04-07,,,119.3547,6.875,132.11,1319.1,0.9163383121048292,,,0.0003980526479274715,0.0,prewar,0,0,0,0
2023-04-10,,79.79,119.7948,6.8807,133.75,1319.09,0.9225092250922508,,,0.003680547078835694,0.0008287474030752584,prewar,0,0,0,0
2023-04-11,87.32,81.54,119.5248,6.8866,133.63,1322.04,0.9169264624977076,,0.021695514070917632,-0.0022563978425074183,0.0008571034787054899,prewar,0,0,0,0
2023-04-12,88.31,83.26,119.003,6.873,133.25,1325.34,0.910166560480568,0.011273819798967466,0.020874544375722337,-0.0043751783428662705,-0.001976802294947566,prewar,0,0,0,0
2023-04-13,86.51,82.16,118.3915,6.8677,132.37,1310.68,0.904649900488511,-0.02059333728842816,-0.013299676146526274,-0.0051517735454940095,-0.0007714308969468675,prewar,0,0,0,0
2023-04-14,87.31,82.58,118.8567,6.869,133.74,1299.12,0.9107468123861566,0.009204989630433147,0.005098954837641223,0.003921636465115341,0.00018927398922330418,prewar,0,0,0,0
2023-04-17,85.63,80.93,119.2787,6.8786,134.51,1311.36,0.9161704076958316,-0.01942931478461496,-0.020182936950333463,0.003544205873987849,0.001396607634846836,prewar,0,0,0,0
2023-04-18,85.48,80.85,119.1049,6.8755,134.11,1318.43,0.9125752874612154,-0.0017532585871542494,-0.0009889974844954352,-0.001458154258888733,-0.0004507746857291828,prewar,0,0,0,0
2023-04-19,85.34,79.18,119.303,6.8851,134.79,1325.28,0.912991874372318,-0.0016391526910926046,-0.02087184434513034,0.0016618580642022707,0.0013952882225287677,prewar,0,0,0,0
2023-04-20,83.29,77.27,119.1199,6.8725,134.1,1323.28,0.911577028258888,-0.024314783812604546,-0.024417959732492278,-0.001535926590905845,-0.0018317153461273605,prewar,0,0,0,0
2023-04-21,83.36,77.86,119.3117,6.892,134.28,1327.53,0.9113278046113188,0.0008400840578071112,0.007606560236816939,0.0016088474964819355,0.0028333776084195073,prewar,0,0,0,0
2023-04-24,84.23,78.64,119.2039,6.8958,134.41,1334.94,0.9068649678062936,0.010382574322215454,0.009968133656601097,-0.0009039241654642538,0.0005512119549477834,prewar,0,0,0,0
2023-04-25,82.13,77.05,119.613,6.932,133.96,1331.93,0.9117432530999272,-0.025247794575171234,-0.020425914072785822,0.003426059044931762,0.0052358412327286885,prewar,0,0,0,0
2023-04-26,79.19,74.33,119.3228,6.9261,133.72,1336.23,0.9048136083966704,-0.0364533295297802,-0.03593992302892257,-0.0024291055814575913,-0.0008514876291083606,prewar,0,0,0,0
2023-04-27,80.11,74.77,119.4298,6.922,134.04,1337.75,0.9076881183625308,0.011550662004705003,0.005902096274621904,0.000896325377513385,-0.0005921390110987801,prewar,0,0,0,0
2023-04-28,81.32,76.78,119.2248,6.911,135.99,1338.41,0.9057971014492752,0.014991298533120201,0.026527454560826946,-0.0017179643754596796,-0.0015904001038953286,prewar,0,0,0,0
2023-05-01,,75.65,119.4435,6.9164,137.35,1339.65,0.911577028258888,,-0.014826749338285872,0.0018326695351822408,0.000781057939239993,prewar,0,0,0,0
2023-05-02,76.71,71.71,119.6105,6.9164,136.46,1341.0,0.9093389106119852,,-0.05348723233988206,0.0013971740875842187,0.0,prewar,0,0,0,0
2023-05-03,72.91,68.62,119.1233,6.9164,135.31,1337.94,0.9050592813829306,-0.05080627415286543,-0.04404617046417947,-0.0040815391566138,0.0,prewar,0,0,0,0
2023-05-04,73.0,68.52,119.0465,6.9094,133.76,1322.21,0.9083477155054956,0.0012336373300518844,-0.001458363974384369,-0.0006449180598204762,-0.001012599719094176,prewar,0,0,0,0
2023-05-05,75.85,71.32,118.5548,6.9101,134.85,1318.38,0.9069472156720478,0.03829826464615049,0.04005111953901963,-0.004138872151897566,0.00010130612548930884,prewar,0,0,0,0
2023-05-08,,73.13,118.5759,6.9125,134.83,1320.49,0.9074410163339384,,0.025061886287920387,0.00017796093087607545,0.0003472573935607848,prewar,0,0,0,0
2023-05-09,77.76,73.68,118.8239,6.9201,135.15,1323.59,0.912991874372318,,0.007492712664191714,0.0020893032783844134,0.0010988535437643776,prewar,0,0,0,0
2023-05-10,76.7,72.53,118.5864,6.9321,134.52,1324.48,0.9119095385737734,-0.01372545177897333,-0.01573112257173026,-0.002000756321242747,0.0017325772082157354,prewar,0,0,0,0
2023-05-11,75.32,70.81,119.0303,6.948,134.46,1325.09,0.9160864785635764,-0.01815600458425859,-0.024000035711638112,0.0037362737248178846,0.0022910507784252854,prewar,0,0,0,0
2023-05-12,74.54,70.02,119.3671,6.9575,135.63,1333.74,0.9211495946941785,-0.010409809737838671,-0.01121931813716337,0.0028255360509348293,0.0013663660390501597,prewar,0,0,0,0
2023-05-15,75.46,71.07,119.1608,6.952,136.07,1336.13,0.9196247930844216,0.012266820485051788,0.01488439131228425,-0.0017297771157140929,-0.0007908264548177613,prewar,0,0,0,0
2023-05-16,75.15,70.85,119.1743,6.9751,136.62,1338.64,0.9203018590097553,-0.004116598337181365,-0.0031003407021144014,0.00011328587366676857,0.0033172765591285014,prewar,0,0,0,0
2023-05-17,76.98,72.78,119.607,6.9981,137.51,1337.29,0.9233610341643584,0.024059531656616784,0.026876226047324536,0.003624240873389084,0.0032920191182637115,prewar,0,0,0,0
2023-05-18,75.75,71.82,120.0886,7.0355,138.5,1333.88,0.9279881217520416,-0.016107203466121156,-0.013278203386077436,0.004018435449509639,0.005330077605690153,prewar,0,0,0,0
2023-05-19,75.42,71.57,119.7751,7.006,137.67,1326.12,0.9242998428690268,-0.0043659525592678605,-0.0034869970474300516,-0.00261398601380769,-0.00420183647087824,prewar,0,0,0,0
2023-05-22,75.77,71.81,120.0875,7.0351,138.65,1317.77,0.9254118082546732,0.004629944113070827,0.003347750371720082,0.002604826068250965,0.004144980331110659,prewar,0,0,0,0
2023-05-23,76.66,72.87,120.3204,7.049,138.74,1312.01,0.9284189026088572,0.011677624009126752,0.014653289559964477,0.00193754092823184,0.0019738576853329803,prewar,0,0,0,0
2023-05-24,77.99,74.37,120.4752,7.0585,139.14,1316.71,0.9295408068414204,0.017200553389997708,0.020375603033017775,0.0012857379563859794,0.0013468015503785846,prewar,0,0,0,0
2023-05-25,75.66,71.68,120.8413,7.0775,139.81,1325.9,0.9324009324009324,-0.030330994137523604,-0.03684086604853398,0.0030341918672727175,0.002688173661800297,prewar,0,0,0,0
2023-05-26,76.33,72.35,120.6304,7.063,140.53,1324.4,0.9334453467749464,0.008816426605496197,0.009303684410817858,-0.0017467889912241574,-0.002050847577132364,prewar,0,0,0,0
2023-05-29,,,,,,,,,,,,prewar,0,0,0,0
2023-05-30,73.38,69.45,120.5546,7.0792,139.83,1324.59,0.9326618168252192,,,,,prewar,0,0,0,0
2023-05-31,71.98,68.11,120.9662,7.11,139.78,1324.55,0.9386146048432514,-0.019263116276251324,-0.0194830239471262,0.003408405391757796,0.00434133684414606,prewar,0,0,0,0
2023-06-01,74.18,70.09,120.0491,7.0934,138.74,1321.35,0.9300595238095238,0.030106269410560493,0.02865608525900676,-0.0076103419685455975,-0.0023374695577405014,prewar,0,0,0,0
2023-06-02,76.0,71.76,120.0049,7.0827,139.76,1305.21,0.9324878776575904,0.02423876822488591,0.023547087238307007,-0.000368250481137089,-0.0015095833172689144,prewar,0,0,0,0
2023-06-05,76.61,72.14,120.0048,7.105,139.64,1308.16,0.9327488107452664,0.00799427624239879,0.005281457724852778,-8.332996541682292e-07,0.0031435706089240067,prewar,0,0,0,0
2023-06-06,76.22,71.71,119.9718,7.119,139.67,1297.93,0.9350163627863488,-0.0051037210830156,-0.0059784675809098076,-0.0002750268168476566,0.0019685045726720585,prewar,0,0,0,0
2023-06-07,76.85,72.52,119.859,7.1287,139.98,1303.62,0.9344047841524948,0.008231574538890563,0.011232177992167358,-0.000940663236895567,0.001361623489919861,prewar,0,0,0,0
2023-06-08,75.88,71.28,119.5712,7.1109,138.83,1304.26,0.927643784786642,-0.01270232491779133,-0.017246602724096505,-0.0024040420849971156,-0.002500071528886094,prewar,0,0,0,0
2023-06-09,74.74,70.16,119.4322,7.1273,139.35,1291.46,0.9303190994511118,-0.015137721009475413,-0.015837435098626784,-0.00116316350036616,0.002303662998512923,prewar,0,0,0,0
2023-06-12,71.8,67.08,119.6376,7.1437,139.72,1288.61,0.9304922303898764,-0.04013094800315997,-0.04489241110891928,0.001718327037036893,0.0022983683300974445,prewar,0,0,0,0
2023-06-13,74.24,69.39,119.1899,7.1585,140.0,1271.48,0.926612305411416,0.03341861242376698,0.03385682795644929,-0.0037491538822926884,0.0020696124068648736,prewar,0,0,0,0
2023-06-14,73.39,68.22,118.776,7.148,139.33,1278.44,0.9208951100469656,-0.011515401920974,-0.017004987920957504,-0.003478653180010838,-0.001467864521063511,prewar,0,0,0,0
2023-06-15,75.75,70.61,118.5521,7.13,140.49,1279.99,0.914662032379036,0.031650757832507814,0.034434000537755693,-0.0018868399184643891,-0.0025213628709770397,prewar,0,0,0,0
2023-06-16,76.76,71.81,118.4184,7.125,141.82,1272.68,0.9153318077803204,0.013245226750020045,0.01685196459397087,-0.001128410618088438,-0.000701508271490292,prewar,0,0,0,0
2023-06-19,76.09,,,,,,,-0.008766820951067622,,,,prewar,0,0,0,0
2023-06-20,75.79,70.94,118.938,7.1811,141.46,1280.21,0.9174311926605504,-0.003950492364493741,,,,prewar,0,0,0,0
2023-06-21,76.92,72.55,118.727,7.1779,142.09,1291.78,0.9131586156515388,0.014799562896641305,0.02244152998472071,-0.0017756089911138417,-0.0004457134971760368,prewar,0,0,0,0
2023-06-22,73.93,69.22,118.7552,7.1777,142.89,1294.75,0.912991874372318,-0.03964722115157038,-0.04698614112299815,0.00023749148468876768,-2.7863690826412935e-05,prewar,0,0,0,0
2023-06-23,73.56,68.91,119.152,7.1777,143.78,1304.19,0.918526683200147,-0.0050172998328879,-0.004488532838081483,0.0033357575385855043,0.0,prewar,0,0,0,0
2023-06-26,73.86,69.09,119.0761,7.2364,143.55,1304.88,0.9165902841429882,0.0040700096882968495,0.0026086971315866236,-0.0006372044487461537,0.008144847684653955,prewar,0,0,0,0
2023-06-27,71.88,67.68,118.8949,7.2193,144.0,1299.99,0.9123255177447313,-0.027173347509059198,-0.020619287202735315,-0.0015228749302984568,-0.002365849869058634,prewar,0,0,0,0
2023-06-28,73.64,69.54,119.3382,7.2436,144.23,1307.76,0.917094644167278,0.024190294449518923,0.02711141128174699,0.0037215694346821593,0.0033603250891398595,prewar,0,0,0,0
2023-06-29,73.86,69.85,119.527,7.2515,144.72,1317.73,0.9190331770976932,0.002983053059540275,0.004447959123255352,0.0015808082493133924,0.0010900236331172763,prewar,0,0,0,0
2023-06-30,74.51,70.66,119.3606,7.2513,144.47,1317.8,0.9157509157509156,0.00876193514121848,0.011529556228028426,-0.0013931240207725182,-2.758088093512967e-05,prewar,0,0,0,0
2023-07-03,74.52,69.71,119.2119,7.24,144.5,1308.37,0.9158347834050736,0.0001342011677518684,-0.013535862432691559,-0.001246581389357182,-0.0015595567396073928,prewar,0,0,0,0
2023-07-04,76.23,,,,,,,0.022687540266794315,,,,prewar,0,0,0,0
2023-07-05,76.74,71.78,119.3483,7.2465,144.56,1298.74,0.9201324990798676,0.006667998818624454,,,,prewar,0,0,0,0
2023-07-06,76.72,71.76,119.8193,7.25,144.09,1300.85,0.9197093718384992,-0.0002606542436236481,-0.00027866796892084267,0.003938665679536157,0.00048287518614942293,prewar,0,0,0,0
2023-07-07,78.77,73.91,119.0761,7.2205,142.21,1304.89,0.912075884713608,0.026369783140049563,0.029520919046254868,-0.006221990022692303,-0.004077266282100478,prewar,0,0,0,0
2023-07-10,77.83,73.05,118.9548,7.2315,141.56,1306.45,0.909835319807115,-0.01200525274393538,-0.011703998600086862,-0.0010191954952070148,0.0015222809471666654,prewar,0,0,0,0
2023-07-11,79.54,74.87,118.7344,7.209,140.51,1293.64,0.9097525473071324,0.021733078808247264,0.024609138045885715,-0.0018545231602251633,-0.003116238109208025,prewar,0,0,0,0
2023-07-12,80.35,75.77,117.6385,7.1656,138.21,1288.17,0.8990380293086397,0.010132052403976743,0.011949159700687773,-0.00927270302465466,-0.006038447243593037,prewar,0,0,0,0
2023-07-13,81.31,76.86,117.1831,7.15,138.14,1273.99,0.8933357155619082,0.011876918036224815,0.014283149193415667,-0.0038786940462873787,-0.002179441472932142,prewar,0,0,0,0
2023-07-14,79.9,75.44,117.0463,7.1403,138.74,1266.28,0.8899172376968942,-0.017493157447517227,-0.018647946811495508,-0.0011680857787652599,-0.0013575644303820411,prewar,0,0,0,0
2023-07-17,77.8,74.17,117.1267,7.1711,138.92,1267.02,0.8899964400142399,-0.02663442158788243,-0.01697788257673505,0.0006866718465330379,0.00430426758414959,prewar,0,0,0,0
2023-07-18,79.54,75.76,117.0264,7.1786,138.94,1260.87,0.8910273545397843,0.022118608595198097,0.02121069312935564,-0.0008567044906468979,0.001045318115769911,prewar,0,0,0,0
2023-07-19,79.38,75.4,117.3462,7.226,139.76,1265.76,0.8932559178204557,-0.0020135924246247328,-0.004763173863912229,0.0027289896384878887,0.006581254749994603,prewar,0,0,0,0
2023-07-20,79.62,75.65,117.5947,7.1761,140.39,1269.26,0.898069151324652,0.003018870217252001,0.003310165220455019,0.0021154264129439326,-0.006929572726027011,prewar,0,0,0,0
2023-07-21,81.06,77.06,117.9418,7.1861,141.75,1283.71,0.8992805755395683,0.017924303627991023,0.01846689896364584,0.0029473160317987634,0.0013925445427556138,prewar,0,0,0,0
2023-07-24,82.53,78.81,117.8124,7.1855,141.19,1280.54,0.9022827754218172,0.017972242404430183,0.022455553167547215,-0.0010977536179170855,-8.349801001239499e-05,prewar,0,0,0,0
2023-07-25,83.46,79.76,117.8565,7.134,140.91,1275.32,0.9049773755656108,0.011205611558813722,0.011982233288024169,0.00037425388343326205,-0.007193019595464811,prewar,0,0,0,0
2023-07-26,82.98,79.11,117.76,7.1503,140.41,1274.04,0.9026900162484204,-0.005767860258684365,-0.008182836620277634,-0.000819127738470371,0.0022822269309603627,prewar,0,0,0,0
2023-07-27,84.28,80.17,117.8938,7.173,141.03,1277.23,0.9092562284051644,0.015544974031266534,0.013310091021555337,0.0011355642419337286,0.003169663276637147,prewar,0,0,0,0
2023-07-28,84.49,80.55,117.788,7.1488,140.72,1276.69,0.9058791557206268,0.002488595228764545,0.004728729568123313,-0.000897820766023294,-0.003379466691607602,prewar,0,0,0,0
2023-07-31,85.22,81.8,117.8241,7.1426,142.18,1273.85,0.9074410163339384,0.00860296390701265,0.015399133985718017,0.00030643587729528576,-0.0008676547278725355,prewar,0,0,0,0
2023-08-01,85.34,81.37,118.5738,7.1775,143.34,1283.84,0.9114939385653086,0.0014071296880882045,-0.005270588900136097,0.006342717201560433,0.004874277288264839,prewar,0,0,0,0
2023-08-02,84.01,79.5,119.1268,7.192,143.21,1297.66,0.9141603437242892,-0.015707438383098626,-0.023249633048279428,0.004652920503260383,0.0020181641562371233,prewar,0,0,0,0
2023-08-03,86.19,81.56,119.3963,7.1651,142.42,1298.54,0.9134922809902256,0.02561832228255234,0.025581924045968485,0.0022597401650550353,-0.0037472792524539944,prewar,0,0,0,0
2023-08-04,87.38,82.76,118.821,7.1709,141.79,1309.49,0.9061254077564336,0.013712261863982,0.014605907171088006,-0.0048300532199005985,0.0008091518298618539,prewar,0,0,0,0
2023-08-07,86.47,81.94,119.0809,7.1895,142.45,1305.94,0.9090909090909092,-0.010468890550950682,-0.00995758075861719,0.002184935079506012,0.0025904585389315837,prewar,0,0,0,0
2023-08-08,88.0,82.94,119.6407,7.216,143.17,1316.02,0.9131586156515388,0.0175392815058677,0.012130182699509717,0.004689990567368518,0.003679154474663937,prewar,0,0,0,0
2023-08-09,89.31,84.35,119.476,7.2085,143.58,1315.45,0.9111617312072894,0.01477664921758759,0.01685735417374179,-0.0013775702495548714,-0.0010398974905010405,prewar,0,0,0,0
2023-08-10,87.44,82.81,119.1581,7.2165,144.4,1315.54,0.907770515613653,-0.021160619827511162,-0.018425981946368353,-0.002664331611076598,0.001109185555659531,prewar,0,0,0,0
2023-08-11,87.93,83.17,119.6268,7.2367,144.94,1324.17,0.9126585744273068,0.005588199522627235,0.004337878834987485,0.0039257139118662465,0.0027952305582721326,prewar,0,0,0,0
2023-08-14,87.4,82.5,120.0725,7.2585,145.3,1330.05,0.9155832265152902,-0.00604576072942109,-0.008088412539961176,0.003718830331652434,0.0030078945355926923,prewar,0,0,0,0
2023-08-15,86.28,81.06,120.2127,7.2817,145.4,1335.0,0.9150805270863837,-0.012897461140533473,-0.017608672140472237,0.0011669467442017023,0.003191155512034971,prewar,0,0,0,0
2023-08-16,84.49,79.4,120.3551,7.2985,145.81,1336.84,0.917094644167278,-0.020964637356202687,-0.020691252947072414,0.0011838659756762127,0.0023044961571148104,prewar,0,0,0,0
2023-08-17,85.24,80.43,120.5242,7.291,146.16,1341.13,0.9196247930844216,0.008837623065662825,0.012888872662887074,0.0014040229092211476,-0.0010281367642022143,prewar,0,0,0,0
2023-08-18,85.92,81.25,120.4321,7.28,145.15,1337.99,0.9195402298850576,0.007945823530138618,0.010143580293869192,-0.0007644540066822358,-0.0015098486156988056,prewar,0,0,0,0
2023-08-21,85.44,80.71,120.4627,7.2865,146.26,1342.45,0.9184423218221895,-0.005602255548669888,-0.0066683378735659105,0.0002540528078194271,0.0008924587830196895,prewar,0,0,0,0
2023-08-22,84.7,80.25,120.3554,7.293,145.79,1335.06,0.9219988936013276,-0.008698773553875938,-0.0057157213261556095,-0.0008911290895543544,0.0008916630104818246,prewar,0,0,0,0
2023-08-23,83.94,78.91,120.0307,7.2771,144.62,1339.12,0.9206407659731172,-0.009013343752563685,-0.016838799477181254,-0.0027014889585785795,-0.002182552804947946,prewar,0,0,0,0
2023-08-24,84.07,79.52,120.2354,7.2786,145.75,1321.07,0.9237021984112322,0.001547527241759994,0.007700599815374964,0.001703944497601917,0.00020610482564342725,prewar,0,0,0,0
2023-08-25,85.42,80.47,120.5137,7.289,146.38,1324.11,0.9270418095856124,0.015930480266114877,0.011875881809722877,0.0023119515210003883,0.0014278263772842248,prewar,0,0,0,0
2023-08-28,,80.65,120.3155,7.29,146.4,1323.2,0.9250693802035151,,0.0022343604131762618,-0.001645980178049733,0.00013718362049108812,prewar,0,0,0,0
2023-08-29,86.37,81.14,120.2669,7.2796,146.01,1321.87,0.921574048474795,,0.006057253207083058,-0.00040401958465086096,-0.0014276303764522158,prewar,0,0,0,0
2023-08-30,86.62,81.64,119.7937,7.2839,145.94,1323.42,0.9152480322167308,0.0028903424942861022,0.006143280163342979,-0.003942342999020632,0.0005905174065239382,prewar,0,0,0,0
2023-08-31,87.29,83.55,120.225,7.2582,145.68,1322.43,0.9225943352707814,0.007705172960777773,0.023125917099759086,0.0035938905112331554,-0.0035345688389181174,prewar,0,0,0,0
2023-09-01,89.98,85.52,120.759,7.2606,146.2,1318.34,0.9270418095856124,0.030351514665768242,0.023305011675386567,0.004431836752913476,0.0003306058382042121,prewar,0,0,0,0
2023-09-04,90.42,,,,,,,0.004878058453432921,,,,prewar,0,0,0,0
2023-09-05,91.25,86.74,121.4345,7.3018,147.63,1330.16,0.9322270905192503,0.009137510596141318,,,,prewar,0,0,0,0
2023-09-06,91.79,87.55,121.8671,7.316,147.65,1330.87,0.9333582228859436,0.005900366768399223,0.009294920324640188,0.0035560839376200803,0.0019428374265115789,prewar,0,0,0,0
2023-09-07,91.16,86.87,121.9528,7.3287,147.13,1335.03,0.9342301943198804,-0.006887154853516542,-0.007797310460031959,0.0007029779236988887,0.0017344162985486467,prewar,0,0,0,0
2023-09-08,91.85,87.51,121.9475,7.343,147.7,1332.83,0.9337940050424876,0.007540607283651468,0.0073403242759111365,-4.346038115432549e-05,0.0019493316423055962,prewar,0,0,0,0
2023-09-11,91.97,87.3,121.3386,7.2882,146.46,1331.59,0.9307520476545048,0.001305625253471554,-0.0024026097021829784,-0.005005639626796565,-0.007490876517330491,prewar,0,0,0,0
2023-09-12,93.58,88.87,121.2913,7.2911,147.12,1327.29,0.9323140033563304,0.017354248523464122,0.017824164904826745,-0.0003898942430362595,0.0003978243177995555,prewar,0,0,0,0
2023-09-13,93.04,88.59,121.0549,7.27,147.45,1329.7,0.9313588525658936,-0.005787177227661644,-0.003155643326442359,-0.001950928671302421,-0.0028981347245147226,prewar,0,0,0,0
2023-09-14,95.2,90.13,121.2395,7.277,147.17,1325.88,0.9380863039399624,0.022950433586911068,0.017234088144377324,0.0015237664239702298,0.0009623978195214544,prewar,0,0,0,0
2023-09-15,95.55,90.83,121.199,7.2744,147.83,1325.89,0.93694368968425,0.0036697288889619983,0.007736554945803498,-0.00033410535353706194,-0.00035735393538338656,prewar,0,0,0,0
2023-09-18,95.95,91.47,121.1938,7.2915,147.63,1323.99,0.9350163627863488,0.004177551767426735,0.007021422154150692,-4.2905564858308765e-05,0.002347950741916849,prewar,0,0,0,0
2023-09-19,96.11,91.16,121.1645,7.2964,147.8,1328.13,0.9359790340696368,0.0016661463814839905,-0.0033948452907894833,-0.00024179077129016235,0.000671789659139721,prewar,0,0,0,0
2023-09-20,94.56,89.2,120.9648,7.287,147.74,1330.34,0.9332711152589828,-0.01625881517740435,-0.0217351647915196,-0.001649532256370989,-0.00128913714247747,prewar,0,0,0,0
2023-09-21,93.7,89.56,121.5528,7.3066,147.42,1340.08,0.937734433608402,-0.009136364413412146,0.004027752144589947,0.004849142100980863,0.0026861105943440933,prewar,0,0,0,0
2023-09-22,93.99,90.0,121.5306,7.298,148.24,1336.58,0.9380863039399624,0.003090204387834028,0.0049008785997113335,-0.00018265336145351085,-0.0011777112682331836,prewar,0,0,0,0
2023-09-25,94.01,89.68,122.1143,7.311,148.74,1336.03,0.9441979038806536,0.00021276595824915034,-0.0035618915663606643,0.004791408453001189,0.0017797252969229405,prewar,0,0,0,0
2023-09-26,94.46,91.43,122.4742,7.31,148.9,1348.69,0.9458053532582996,0.004775304877512099,0.01932587341243064,0.0029429041819080126,-0.0001367895494917004,prewar,0,0,0,0
2023-09-27,97.1,93.67,122.9895,7.3105,149.48,1349.05,0.9514747859181732,0.027564910829307898,0.024204315044704217,0.00419859031687686,6.839711366835033e-05,prewar,0,0,0,0
2023-09-28,96.64,91.65,122.5342,7.301,149.18,1356.41,0.9453582907922102,-0.004748641110774443,-0.021800992935324892,-0.0037088111811458546,-0.0013003458014069214,prewar,0,0,0,0
2023-09-29,95.86,90.77,122.3077,7.296,149.43,1347.86,0.944822373393802,-0.008103940455019831,-0.009648139747178597,-0.0018501740479210937,-0.000685072301918277,prewar,0,0,0,0
2023-10-02,91.21,88.81,123.0545,7.296,149.8,1351.67,0.9523809523809524,-0.04972425353941823,-0.021829578268122596,0.006087346022357387,0.0,prewar,0,0,0,0
2023-10-03,94.46,89.26,123.7848,7.296,149.16,1360.62,0.9566631589017508,0.035011924275904605,0.005054202930710794,0.0059172273691165955,0.0,prewar,0,0,0,0
2023-10-04,89.83,84.32,123.5946,7.296,148.83,1362.94,0.9507510933637572,-0.05025746922685581,-0.0569343744080717,-0.0015377192884979962,0.0,prewar,0,0,0,0
2023-10-05,88.28,82.3,123.8993,7.296,148.49,1350.22,0.9499382540134892,-0.017405413852579876,-0.02424797711002835,0.00246228415282701,0.0,prewar,0,0,0,0
2023-10-06,87.86,82.83,123.3563,7.296,149.08,1350.17,0.9437523593808984,-0.004768942840902568,0.00641920692714848,-0.004392223051334021,0.0,prewar,0,0,0,0
2023-10-09,91.37,,,,,,,0.039172558462896134,,,,prewar,0,0,0,0
2023-10-10,90.7,85.89,122.9282,7.2948,148.62,1349.79,0.9417969485778864,-0.007359839889438113,,,,prewar,0,0,0,0
2023-10-11,87.58,83.7,122.7697,7.2992,149.17,1339.31,0.9416195856873822,-0.03500469574783871,-0.025828430282704318,-0.0012902024965368852,0.0006029875473918533,prewar,0,0,0,0
2023-10-12,88.4,82.87,123.2101,7.3019,149.71,1338.21,0.947597839476926,0.009319308270345772,-0.00996586263447874,0.0035807856626295376,0.000369835153621878,prewar,0,0,0,0
2023-10-13,94.33,87.67,123.5954,7.3049,149.62,1349.65,0.9521995810321844,0.06492730301816341,0.05630665073954333,0.0031222992438673103,0.00041076759347458136,prewar,0,0,0,0
2023-10-16,90.99,86.65,123.3185,7.3105,149.57,1353.67,0.9482268158543524,-0.036049662293161866,-0.011702749438878612,-0.002242888035707047,0.0007663150203272018,prewar,0,0,0,0
2023-10-17,92.52,86.66,123.1202,7.3105,149.71,1353.6,0.9440196356084208,0.016675226994638415,0.00011540015014777083,-0.001609325506087167,0.0,prewar,0,0,0,0
2023-10-18,91.99,88.35,123.8148,7.3161,149.86,1349.45,0.94948727687049,-0.005744961874172283,0.019313782453941997,0.00562578680200243,0.0007657282312534264,prewar,0,0,0,0
2023-10-19,93.12,89.35,123.798,7.3126,149.92,1357.5,0.946073793755913,0.012209108494062093,0.011255042839731999,-0.00013569573160854276,-0.00047851142846377925,prewar,0,0,0,0
2023-10-20,93.72,89.12,123.612,7.3155,149.85,1352.92,0.9441087613293052,0.006422629656467116,-0.002577465426463199,-0.0015035773415910114,0.000396497157934661,prewar,0,0,0,0
2023-10-23,91.88,85.49,123.2846,7.3158,149.78,1353.7,0.9393199323689648,-0.019828235818697415,-0.04158436614083172,-0.0026521239409893482,4.100797605710582e-05,prewar,0,0,0,0
2023-10-24,88.0,84.58,123.6416,7.309,149.84,1342.68,0.9438414346389804,-0.04314656334269085,-0.01070157799379956,0.0028915542274754458,-0.0009299273138823061,prewar,0,0,0,0
2023-10-25,90.14,86.07,123.7871,7.3165,149.94,1349.07,0.944911650760654,0.024027202784295376,0.01746308661703999,0.0011760965221201403,0.001025606052089456,prewar,0,0,0,0
2023-10-26,88.45,83.8,124.0064,7.315,150.44,1359.32,0.94948727687049,-0.018926596656707595,-0.02672791117334583,0.0017700226781993678,-0.00020503707825647588,prewar,0,0,0,0
2023-10-27,90.73,86.04,123.62,7.3171,149.6,1355.15,0.9441087613293052,0.025450642575743032,0.02637929691149221,-0.003120832945234575,0.00028704013975011655,prewar,0,0,0,0
2023-10-30,90.73,83.03,123.4076,7.3133,149.01,1350.98,0.9416195856873822,0.0,-0.03561031612558985,-0.0017196463256912153,-0.0005194663283918377,prewar,0,0,0,0
2023-10-31,86.82,81.64,123.8364,7.3166,151.46,1351.03,0.9462528387585164,-0.04405105331009018,-0.016882650332295412,0.003468641746004586,0.0004511309108017336,prewar,0,0,0,0
2023-11-01,86.92,81.05,123.7922,7.3175,150.96,1356.94,0.9489466691971912,0.0011511455167818596,-0.007253089759958975,-0.0003569862323606898,0.00012300038965618043,prewar,0,0,0,0
2023-11-02,89.02,83.04,122.8818,7.316,150.48,1342.91,0.9417969485778864,0.02387290819947907,0.024256171235893298,-0.0073814356895054445,-0.00020500905528453295,prewar,0,0,0,0
2023-11-03,87.55,81.19,121.7564,7.3005,149.36,1322.04,0.9317059536010436,-0.016651004855847695,-0.022530332543222897,-0.009200590413344756,-0.0021208915691375285,prewar,0,0,0,0
2023-11-06,87.31,81.54,121.6484,7.2695,149.77,1297.94,0.9304922303898764,-0.002745054909144784,0.004301610516751708,-0.0008874106598355525,-0.004255325570138524,prewar,0,0,0,0
2023-11-07,83.43,77.96,122.0777,7.2788,150.47,1308.33,0.9357162908206232,-0.04545704690873276,-0.04489782275174736,0.003522810597425874,0.0012785000676074354,prewar,0,0,0,0
2023-11-08,81.46,75.85,122.0926,7.28,150.77,1309.98,0.9332711152589828,-0.023895854693717133,-0.0274381688448182,0.00012204596561105063,0.000164848751643909,prewar,0,0,0,0
2023-11-09,81.74,76.34,122.1281,7.2835,151.04,1309.89,0.9337068160597572,0.003431375915865509,0.006439341522542108,0.00029072064939672515,0.0004806536982708831,prewar,0,0,0,0
2023-11-10,83.66,,,,,,,0.023217487877920995,,,,prewar,0,0,0,0
2023-11-13,84.09,78.86,122.4264,7.289,151.56,1324.97,0.9345794392523364,0.005126687830753873,,,,prewar,0,0,0,0
2023-11-14,84.2,78.9,121.35,7.253,150.75,1328.74,0.9207255317189944,0.0013072674034750875,0.0005070994023474995,-0.008831100923185176,-0.004951186018800513,prewar,0,0,0,0
2023-11-15,82.4,77.15,121.0749,7.2466,151.07,1300.34,0.9214042200313278,-0.021609484332855367,-0.02242964904265854,-0.0022695698179964197,-0.0008827830306532558,prewar,0,0,0,0
2023-11-16,77.73,73.5,121.1754,7.2416,150.59,1297.1,0.921574048474795,-0.05834415367329804,-0.048466172590379664,0.0008297203823124377,-0.0006902168935407627,prewar,0,0,0,0
2023-11-17,81.22,76.47,120.8477,7.212,149.82,1296.21,0.9192021325489474,0.04392023901602382,0.03961310083734304,-0.002708007626217146,-0.004095871116010397,prewar,0,0,0,0
2023-11-20,83.25,78.1,120.2533,7.168,148.26,1291.48,0.9136592051164916,0.024686606602401184,0.02109154978950656,-0.004930723673942872,-0.006119629668441595,prewar,0,0,0,0
2023-11-21,82.42,78.35,120.2241,7.1352,147.88,1289.34,0.9154994049253868,-0.010020002949882034,0.0031959119563893523,-0.00024285026487724792,-0.004586394302768637,prewar,0,0,0,0
2023-11-22,81.76,76.8,120.6802,7.155,149.67,1300.06,0.9198785760279644,-0.008039999455276892,-0.019981328648403185,0.003786570393037536,0.002771131638553692,prewar,0,0,0,0
2023-11-23,80.85,,,,,,,-0.011192540432278797,,,,prewar,0,0,0,0
2023-11-24,79.82,74.83,120.2105,7.1488,149.57,1306.08,0.9145783793671118,-0.012821486402527782,,,,prewar,0,0,0,0
2023-11-27,79.49,74.46,120.173,7.1528,148.89,1304.33,0.9143275121148396,-0.004142872035566292,-0.004956805647696072,-0.00031200145021781367,0.000559377986281584,prewar,0,0,0,0
2023-11-28,81.66,76.09,119.5904,7.138,147.41,1293.71,0.9085127646043428,0.026933058306408242,0.021654781743860596,-0.004859800508643097,-0.0020712633710027184,prewar,0,0,0,0
2023-11-29,82.98,77.56,119.8159,7.13,147.39,1292.74,0.9116601331023796,0.016035329013292632,0.019134980186019668,0.0018838273402828065,-0.0011213906417639752,prewar,0,0,0,0
2023-11-30,81.72,75.66,120.2434,7.136,147.87,1289.95,0.9167583425009168,-0.015300844955301152,-0.024802211169568267,0.0035616237480393664,0.0008411608515037639,prewar,0,0,0,0
2023-12-01,78.72,73.7,119.9424,7.1386,147.0,1305.45,0.9192866335723476,-0.037401517205423396,-0.026246820009591332,-0.002506394279543578,0.00036428341652339213,prewar,0,0,0,0
2023-12-04,78.16,72.73,120.4727,7.1424,147.15,1304.43,0.9238728750923872,-0.007139245009470052,-0.013248845028842382,0.004411543701252185,0.0005321756305136649,prewar,0,0,0,0
2023-12-05,77.27,71.95,120.7913,7.1444,147.26,1311.47,0.9270418095856124,-0.01145222578903482,-0.010782520833072518,0.0026410917931896094,0.00027997872344598385,prewar,0,0,0,0
2023-12-06,74.33,68.98,120.5334,7.158,147.16,1313.03,0.9267840593141798,-0.03879114320829036,-0.04215482582468155,-0.002137370092506252,0.0019017792956426138,prewar,0,0,0,0
2023-12-07,74.21,69.0,120.6013,7.1515,144.1,1325.27,0.9264406151565684,-0.0016157267551601961,0.00028989708856475005,0.0005631707240363326,-0.0009084874310163471,prewar,0,0,0,0
2023-12-08,75.94,70.87,120.7607,7.1645,144.88,1307.11,0.9305788200260562,0.023044642821614225,0.026740708224904708,0.0013208377720950182,0.001816150261702898,prewar,0,0,0,0
2023-12-11,75.75,70.95,120.9279,7.1765,146.41,1316.38,0.9304922303898764,-0.002505110414177558,0.0011281907838869287,0.0013835987851580356,0.00167352385477737,prewar,0,0,0,0
2023-12-12,74.11,68.27,120.6817,7.1755,145.45,1313.75,0.9267840593141798,-0.021887968426211657,-0.03850497217586213,-0.002037999195518836,-0.00013935340044834987,prewar,0,0,0,0
2023-12-13,74.14,69.09,121.1571,7.1725,145.17,1319.76,0.926526452330214,0.00040472175931860477,0.011939571070514354,0.003931549547532498,-0.00041817675546673705,prewar,0,0,0,0
2023-12-14,77.05,71.21,119.5683,7.1088,141.53,1296.11,0.9093389106119852,0.03849936404353915,0.030223255493329937,-0.013200294363103104,-0.008920815673876037,prewar,0,0,0,0
2023-12-15,76.84,71.05,119.7382,7.1179,141.8,1295.92,0.9169264624977076,-0.002729223865769015,-0.00224940345092417,0.0014199365963420973,0.0012792848996698858,prewar,0,0,0,0
2023-12-18,78.89,72.16,119.9102,7.1297,143.04,1297.63,0.9157509157509156,0.02632913920664226,0.015502021211259098,0.0014354364939102027,0.0016564197054937946,prewar,0,0,0,0
2023-12-19,79.82,73.23,119.4632,7.1287,143.62,1307.95,0.910995718320124,0.011719622513589378,0.014719297318610103,-0.0037347551530597656,-0.00014026819301449223,prewar,0,0,0,0
2023-12-20,81.1,73.87,119.5435,7.1355,143.77,1299.22,0.9126585744273068,0.015908861500779636,0.008701618467667593,0.0006719477154524256,0.0009534359466529807,prewar,0,0,0,0
2023-12-21,80.73,73.59,119.3168,7.1381,142.16,1304.82,0.9099181073703368,-0.0045727077144430694,-0.0037976446021383836,-0.0018981812219811545,0.00036430893800498687,prewar,0,0,0,0
2023-12-22,80.23,73.29,119.0625,7.1315,142.6,1302.54,0.9084302325581396,-0.006212743641359708,-0.004084973000749059,-0.002133575326947579,-0.0009250435149741332,prewar,0,0,0,0
2023-12-25,,,,,,,,,,,,prewar,0,0,0,0
2023-12-26,,75.84,118.8875,7.1432,142.48,1294.25,0.9062075215224288,,,,,prewar,0,0,0,0
2023-12-27,80.97,74.31,118.4729,7.1405,142.05,1293.38,0.8997660608241858,,-0.020380325777388464,-0.003493425370439951,-0.00037805331001883324,prewar,0,0,0,0
2023-12-28,79.04,72.02,118.4104,7.1065,141.08,1288.45,0.9030976248532466,-0.024124662258410368,-0.03130167394864891,-0.0005276860078380352,-0.0047729437139214514,prewar,0,0,0,0
2023-12-29,77.69,71.89,118.4208,7.0999,140.92,1290.97,0.903995660820828,-0.017227504477283162,-0.0018066852249489784,8.782626619030509e-05,-0.0009291587558895031,prewar,0,0,0,0
2024-01-01,,,,,,,,,,,,prewar,0,0,0,0
2024-01-02,76.24,70.62,119.2686,7.1426,141.89,1300.52,0.9126585744273068,,,,,prewar,0,0,0,0
2024-01-03,77.18,72.97,119.6958,7.1497,143.55,1305.1,0.9166743056192136,0.012254096763526512,0.03273500727728873,0.0035754317806331315,0.0009935420588778054,prewar,0,0,0,0
2024-01-04,75.79,72.38,119.6208,7.1589,144.59,1310.39,0.9126585744273068,-0.01817399828553512,-0.008118379641932627,-0.0006267847901506585,0.0012859401014484462,prewar,0,0,0,0
2024-01-05,78.31,74.0,119.388,7.145,144.52,1315.62,0.9126585744273068,0.032708950938908465,0.02213507506857404,-0.001948046043667162,-0.0019435265033127536,prewar,0,0,0,0
2024-01-08,75.47,71.06,119.2506,7.154,143.89,1315.58,0.9110787172011664,-0.03694008246606906,-0.0405405026112895,-0.0011515321928889932,0.001258829454995336,prewar,0,0,0,0
2024-01-09,77.97,72.43,119.6666,7.1675,144.35,1315.92,0.9144947416552356,0.032588911024731715,0.019095987614353938,0.0034823815146163284,0.0018852779385618579,prewar,0,0,0,0
2024-01-10,78.46,71.57,119.7614,7.1711,145.68,1320.42,0.9124087591240876,0.00626480345989755,-0.011944586456728246,0.0007918873728547382,0.0005021410842960261,prewar,0,0,0,0
2024-01-11,80.21,72.15,119.8916,7.167,146.03,1313.04,0.9138261902586128,0.02205925459742719,0.008071293469373408,0.0010865711074758977,-0.0005719028479016508,prewar,0,0,0,0
2024-01-12,79.89,72.94,119.534,7.1665,144.86,1313.41,0.9124920156948626,-0.00399750688488254,0.010889900160654165,-0.0029871514650690045,-6.976663064883759e-05,prewar,0,0,0,0
2024-01-15,79.76,,,,,,,-0.001628562840368275,,,,prewar,0,0,0,0
2024-01-16,80.15,72.63,120.5759,7.1874,147.01,1331.5,0.9189487226612756,0.00487775340197949,,,,prewar,0,0,0,0
2024-01-17,78.88,72.79,121.0402,7.196,148.39,1344.23,0.9209799226376864,-0.01597216876118246,0.0022005235120898803,0.0038432916640092074,0.0011958231050832602,prewar,0,0,0,0
2024-01-18,81.04,74.32,120.8895,7.1961,148.15,1338.73,0.9205560158335634,0.02701514964604801,0.020801511375416304,-0.001245816611116446,1.3896512670363848e-05,prewar,0,0,0,0
2024-01-19,80.71,73.69,120.6442,7.1931,148.21,1338.53,0.918526683200147,-0.004080376604147062,-0.00851298972667447,-0.0020311872367013706,-0.00041697940725926586,prewar,0,0,0,0
2024-01-22,81.7,75.26,120.6178,7.192,147.95,1338.25,0.9178522257916476,0.012191518529676593,0.02108168038638336,-0.00021884921873649432,-0.00015293602437860265,prewar,0,0,0,0
2024-01-23,82.04,74.72,121.1001,7.172,148.55,1333.76,0.923446301597562,0.0041529313382229205,-0.007200991244704191,0.003990607564024806,-0.002784741426432813,prewar,0,0,0,0
2024-01-24,82.15,75.48,120.4916,7.158,147.31,1337.74,0.9173470323823502,0.0013399112790972723,0.010119926579762684,-0.005037435365219167,-0.0019539433990523047,prewar,0,0,0,0
2024-01-25,82.33,77.91,120.8311,7.169,147.69,1336.0,0.9227646027498384,0.0021887168270575685,0.03168659384241668,0.0028136617398724084,0.0015355625269011242,prewar,0,0,0,0
2024-01-26,83.34,78.45,120.6173,7.1763,147.94,1336.08,0.9203018590097553,0.012193064683972743,0.006907164836275292,-0.0017709792724209805,0.0010177550319794282,prewar,0,0,0,0
2024-01-29,83.99,77.25,120.8538,7.1798,147.65,1335.5,0.9253261774775609,0.007769118143228226,-0.015414563401186854,0.001958827169139532,0.00048759761625305487,prewar,0,0,0,0
2024-01-30,84.14,78.3,120.6025,7.1755,147.71,1328.93,0.9221689413500552,0.0017843340248386852,0.01350068721890274,-0.0020815368307722792,-0.0005990818901180361,prewar,0,0,0,0
2024-01-31,82.98,76.28,120.4331,7.1673,146.26,1334.9,0.921234454168586,-0.013882463257652411,-0.026136822264539283,-0.0014056017276331545,-0.0011434309749023264,prewar,0,0,0,0
2024-02-01,82.2,74.36,120.3335,7.1799,146.18,1331.78,0.9203865623561897,-0.009444312842587621,-0.025492617878975388,-0.0008273573301407211,0.0017564407325942888,prewar,0,0,0,0
2024-02-02,79.54,72.72,120.902,7.192,148.54,1321.9,0.9270418095856124,-0.03289526228259021,-0.02230171298401995,0.004713245375744357,0.0016838417827775842,prewar,0,0,0,0
2024-02-05,79.3,73.21,121.349,7.1982,148.79,1330.98,0.931445603576751,-0.0030219111387417286,0.0067155737893278555,0.003690391431261375,0.0008616975974811147,prewar,0,0,0,0
2024-02-06,80.46,73.83,120.9588,7.1908,148.03,1326.83,0.9301460329271696,0.014522037880839278,0.008433129412523499,-0.0032206997652766134,-0.0010285635766762447,prewar,0,0,0,0
2024-02-07,81.18,74.26,120.9049,7.1943,148.04,1327.37,0.9285913269570064,0.008908744889109421,0.0058072956778598694,-0.00044570558452772246,0.0004866146316764297,prewar,0,0,0,0
2024-02-08,83.01,76.67,121.0798,7.1965,149.25,1328.07,0.9281603861147208,0.022292171056192522,0.03193804882186857,0.0014455461891271781,0.0003057508987880375,prewar,0,0,0,0
2024-02-09,83.58,77.26,121.039,7.1929,149.38,1333.1,0.9274717121127806,0.0068431745528254595,0.007665859667332242,-0.0003370246373783914,-0.0005003683371247458,prewar,0,0,0,0
2024-02-12,83.88,77.34,120.9378,7.1928,149.37,1331.37,0.9281603861147208,0.0035829490139498432,0.0010349289410154228,-0.0008364438731343071,-1.3902695037648627e-05,prewar,0,0,0,0
2024-02-13,84.72,78.28,121.5202,7.1928,150.72,1327.88,0.9328358208955224,0.009964495259431772,0.012080856348724467,0.00480414026460263,0.0,prewar,0,0,0,0
2024-02-14,84.41,77.09,121.4002,7.1928,150.5,1335.06,0.9315323707498836,-0.003665823297522408,-0.01531857205670395,-0.0009879780352823886,0.0,prewar,0,0,0,0
2024-02-15,84.33,78.47,121.2121,7.1928,150.19,1333.84,0.929281665272744,-0.0009482044090782793,0.017742815668210454,-0.0015506224349666198,0.0,prewar,0,0,0,0
2024-02-16,84.88,79.65,121.1505,7.1928,150.34,1334.96,0.9285913269570064,0.006500820719177014,0.014925650216675912,-0.0005083292663679018,0.0,prewar,0,0,0,0
2024-02-19,85.52,,,,,,,0.0075117724110622675,,,,prewar,0,0,0,0
2024-02-20,84.78,78.72,121.0199,7.1905,149.87,1337.25,0.9247272054743852,-0.00869060079229822,,,,prewar,0,0,0,0
2024-02-21,84.77,78.89,121.0379,7.1891,150.29,1334.95,0.924385283786282,-0.0001179593041769067,0.002157224363000587,0.0001487248089766524,-0.00019472029881550945,prewar,0,0,0,0
2024-02-22,85.84,79.64,121.102,7.1944,150.62,1328.71,0.9246417013407304,0.012543391702128481,0.009462002088997501,0.0005294460061922024,0.000736955572686826,prewar,0,0,0,0
2024-02-23,84.18,77.6,121.0369,7.197,150.36,1328.71,0.9235315847801996,-0.019527734980018252,-0.025949052006822626,-0.0005377079153214837,0.00036132690749868246,prewar,0,0,0,0
2024-02-26,84.01,78.53,121.0592,7.1972,150.79,1330.86,0.921234454168586,-0.0020215239656691253,0.011913290197609783,0.00018422436431730915,2.7788970559328163e-05,prewar,0,0,0,0
2024-02-27,83.8,79.8,120.9647,7.1977,150.46,1330.86,0.9210647508519848,-0.002502831888718582,0.016042787068980324,-0.0007809146518376053,6.946904809357335e-05,prewar,0,0,0,0
2024-02-28,84.08,79.44,121.128,7.1976,150.68,1336.02,0.9222539887485012,0.0033357190806588832,-0.004521484718845947,0.0013490702096108365,-1.3893423548072548e-05,prewar,0,0,0,0
2024-02-29,84.57,79.22,121.1824,7.1977,149.9,1336.19,0.9253261774775609,0.00581086722543489,-0.0027732275431464615,0.00044901086304083293,1.3893423548072548e-05,prewar,0,0,0,0
2024-03-01,84.82,80.9,121.0111,7.196,150.2,1334.8,0.9231905465288036,0.0029517702523138567,0.020985031870675463,-0.0014145716426279265,-0.0002362144560335011,prewar,0,0,0,0
2024-03-04,86.58,79.67,120.872,7.1987,150.44,1331.29,0.9206407659731172,0.02053747796739014,-0.015320720672171717,-0.0011501424889441836,0.0003751380760508294,prewar,0,0,0,0
2024-03-05,85.82,79.11,120.8846,7.1965,150.14,1336.51,0.9207255317189944,-0.00881676245045604,-0.007053814358969568,0.00010423707159468165,-0.0003056574437489967,prewar,0,0,0,0
2024-03-06,86.59,80.08,120.4649,7.1977,149.17,1333.99,0.9163383121048292,0.008932255896331398,0.012186845973659821,-0.0034779473175756692,0.00016673382373166845,prewar,0,0,0,0
2024-03-07,84.88,79.81,120.1909,7.1925,148.08,1324.3,0.9139932364500504,-0.01994584115398279,-0.003377325119047647,-0.0022771121111251347,-0.000722714100754196,prewar,0,0,0,0
2024-03-08,84.29,78.96,119.975,7.1855,147.17,1319.28,0.9139932364500504,-0.0069752602963362165,-0.010707414762690881,-0.001797924336124801,-0.0009737099114013326,prewar,0,0,0,0
2024-03-11,83.44,78.87,120.0394,7.182,146.86,1312.55,0.9150805270863837,-0.010135423316874004,-0.0011404677153263876,0.0005366344814765611,-0.00048721072827340173,prewar,0,0,0,0
2024-03-12,83.66,78.51,120.1668,7.1804,147.69,1310.82,0.9159186664224216,0.0026331553215355186,-0.004574922199735987,0.0010607554005348518,-0.0002228039891132294,prewar,0,0,0,0
2024-03-13,83.95,80.67,119.9642,7.1875,147.73,1314.67,0.9137426900584796,0.0034604175094976597,0.027140753738718715,-0.0016874126878496654,0.0009883143086908408,prewar,0,0,0,0
2024-03-14,86.16,82.16,120.241,7.1932,148.19,1318.2,0.9184423218221895,0.025984649324582776,0.01830180667142045,0.0023046971715983133,0.0007927291854359364,prewar,0,0,0,0
2024-03-15,85.39,81.94,120.4003,7.1953,149.14,1329.35,0.9184423218221895,-0.00897703492861801,-0.002681293501577642,0.0013239624558991636,0.00029189978314780873,prewar,0,0,0,0
2024-03-18,86.47,83.68,120.5752,7.1981,149.13,1333.59,0.9186110600771632,0.012568535052824181,0.021012728197887576,0.0014516001063311634,0.00038906721626874585,prewar,0,0,0,0
2024-03-19,87.36,84.39,120.9332,7.1991,150.73,1338.28,0.9208951100469656,0.010239979024255774,0.008448910853262603,0.0029647023641325987,0.00013891590053716207,prewar,0,0,0,0
2024-03-20,85.77,82.79,120.9289,7.1992,151.66,1339.02,0.9211495946941785,-0.01836821699426494,-0.019141630019160694,-3.555745195704674e-05,1.3890528743232267e-05,prewar,0,0,0,0
2024-03-21,84.92,81.99,120.8086,7.1993,151.59,1322.11,0.9207255317189944,-0.009959658167274732,-0.009709992542628498,-0.0009952945648139533,1.389033579912713e-05,prewar,0,0,0,0
2024-03-22,84.87,81.1,121.1842,7.2289,151.35,1338.14,0.924470740501063,-0.0005889628534694324,-0.010914327486719166,0.0031042270812502437,0.004103081677133691,prewar,0,0,0,0
2024-03-25,86.18,82.41,121.0295,7.2102,151.42,1342.61,0.9227646027498384,0.015317458206106416,0.016023827653924627,-0.0012773845660714045,-0.0025901905873624287,prewar,0,0,0,0
2024-03-26,85.91,82.41,121.0742,7.2176,151.58,1344.0,0.923446301597562,-0.0031378955377272533,0.0,0.0003692632579177513,0.001025797508822368,prewar,0,0,0,0
2024-03-27,84.94,82.15,121.0089,7.227,151.35,1348.58,0.924129008409574,-0.011355111764840053,-0.0031599442920144938,-0.0005394841819503782,0.0013015246288496929,prewar,0,0,0,0
2024-03-28,86.17,83.96,121.0635,7.2262,151.35,1346.01,0.9258401999814831,0.01437696436655056,0.021793650469154713,0.0004511047184720951,-0.00011070212836150617,prewar,0,0,0,0
2024-03-29,,,121.0191,7.2203,151.22,1347.08,0.9266981744045965,,,-0.0003668169500645746,-0.0008168068844394138,prewar,0,0,0,0
2024-04-01,,84.54,121.5151,7.2308,151.72,1348.75,0.9317059536010436,,,0.004090150514680424,0.001453176830519043,prewar,0,0,0,0
2024-04-02,87.63,85.95,121.3035,7.232,151.55,1351.37,0.9285913269570064,,0.01654093669021428,-0.001742865279370065,0.00016594297131322655,prewar,0,0,0,0
2024-04-03,90.6,86.22,121.0198,7.233,151.67,1348.5,0.9236168837166344,0.033330807981174715,0.0031364374901299286,-0.002341501041117411,0.00013826477726808228,prewar,0,0,0,0
2024-04-04,90.32,87.37,120.7613,7.2339,151.66,1346.87,0.9203865623561897,-0.0030952932075276607,0.013249804991014358,-0.0021382986386893066,0.00012442195648865173,prewar,0,0,0,0
2024-04-05,92.81,87.69,120.9646,7.2339,151.59,1352.58,0.9224241306152569,0.027195472765895623,0.0036558934812616073,0.0016820708739455625,0.0,prewar,0,0,0,0
2024-04-08,91.73,87.24,120.7359,7.2305,151.78,1353.2,0.9214042200313278,-0.011704913085737623,-0.005144926457836263,-0.0018924252804861652,-0.0004701197509224819,prewar,0,0,0,0
2024-04-09,92.13,86.04,120.7048,7.2316,151.73,1354.8,0.9211495946941785,0.0043511435992762415,-0.013850636933899096,-0.00025762019553443594,0.0001521217530127128,prewar,0,0,0,0
2024-04-10,91.57,86.98,121.5727,7.2341,152.9,1349.05,0.9313588525658936,-0.006096916001199659,0.010865902769963576,0.007164542415101671,0.0003456452193655313,prewar,0,0,0,0
2024-04-11,91.49,85.79,121.6081,7.2373,153.19,1364.19,0.9326618168252192,-0.0008740304281964484,-0.013775757584618908,0.00029114140795627463,0.0004422516207356342,prewar,0,0,0,0
2024-04-12,93.12,86.46,122.2885,7.2374,153.12,1374.74,0.9392317084624776,0.017659307291683746,0.007779429654611647,0.00557942804509004,1.3817212101363552e-05,prewar,0,0,0,0
2024-04-15,90.84,86.21,122.425,7.2382,154.25,1383.63,0.9394964299135664,-0.024789266745770533,-0.002895699017652298,0.0011155903875899043,0.00011053082439627104,prewar,0,0,0,0
2024-04-16,91.29,86.15,123.1234,7.2383,154.57,1393.92,0.940910801656003,0.00494153533963182,-0.0006962172478948148,0.005688506895578982,1.3815494076752088e-05,prewar,0,0,0,0
2024-04-17,89.54,83.58,123.0207,7.2389,154.61,1385.88,0.9394964299135664,-0.019355799764169568,-0.030285705954169018,-0.0008344705882405989,8.288895647545758e-05,prewar,0,0,0,0
2024-04-18,88.34,83.5,123.0017,7.2382,154.61,1373.42,0.9380863039399624,-0.013492446644439049,-0.0009576251629592747,-0.00015445748060205489,-9.670445055220966e-05,prewar,0,0,0,0
2024-04-19,87.96,83.79,123.1075,7.2403,154.55,1376.72,0.938526513374003,-0.004310840481820399,0.0034670367683853343,0.0008597809957331393,0.00029008530092555773,prewar,0,0,0,0
2024-04-22,87.3,83.82,123.0609,7.2403,154.77,1381.84,0.938526513374003,-0.0075317028410033515,0.00035797387173008843,-0.00037860261964262065,0.0,prewar,0,0,0,0
2024-04-23,88.29,84.17,122.7227,7.2445,154.81,1379.27,0.9350163627863488,0.011276388067933851,0.004166920726559553,-0.002752016110505906,0.0005799182753931653,prewar,0,0,0,0
2024-04-24,89.02,84.09,122.89,7.246,155.11,1369.86,0.9357162908206232,0.008234212674217645,-0.0009509093786785883,0.0013623076158033598,0.00020703219424555996,prewar,0,0,0,0
2024-04-25,88.1,84.92,122.8384,7.246,155.52,1369.86,0.9327488107452664,-0.010388530645574434,0.009821982990248834,-0.0004199758819769528,0.0,prewar,0,0,0,0
2024-04-26,89.95,85.38,122.9471,7.2464,157.62,1375.1,0.9358038555118848,0.020781427454408252,0.005402244494760566,0.0008845111455872967,5.520134692682532e-05,prewar,0,0,0,0
2024-04-29,88.44,84.26,122.5449,7.2318,156.71,1377.35,0.9330969487729774,-0.01692960440729685,-0.013204624778945018,-0.0032766881190244845,-0.002016825979596515,prewar,0,0,0,0
2024-04-30,88.23,83.49,122.9853,7.2401,157.54,1381.92,0.9359790340696368,-0.0023773147552317297,-0.009180392344961597,0.003587342594052245,0.0011470506167183814,prewar,0,0,0,0
2024-05-01,83.55,80.7,123.0168,7.2405,157.65,1386.95,0.9363295880149812,-0.0545017861926107,-0.03398828893000605,0.000256095376196086,5.5246329585978415e-05,prewar,0,0,0,0
2024-05-02,84.81,80.59,122.4384,7.2405,153.77,1375.39,0.9340556697179152,0.014968205332205997,-0.0013640029394830222,-0.004712885044469317,0.0,prewar,0,0,0,0
2024-05-03,83.6,79.65,122.1375,7.2405,152.85,1363.04,0.9285051067780872,-0.01436994028295313,-0.011732535980362613,-0.0024605870964089505,0.0,prewar,0,0,0,0
2024-05-06,,80.1,121.8913,7.2071,153.85,1358.81,0.9277298450691158,,0.005633817718256218,-0.0020177953055835474,-0.004623613541560934,prewar,0,0,0,0
2024-05-07,82.69,79.97,122.093,7.2185,154.59,1359.45,0.9287638153617536,,-0.001624289730515649,0.0016533854510205614,0.0015805238427728519,prewar,0,0,0,0
2024-05-08,82.44,80.57,122.1926,7.2185,155.42,1359.45,0.9298000929800094,-0.003027919711817262,0.007474807445306375,0.000815439023168274,0.0,prewar,0,0,0,0
2024-05-09,83.27,80.86,122.1634,7.2198,155.68,1369.74,0.9284189026088572,0.010017584225470166,0.003592892423520233,-0.0002389955649872988,0.0001800766023027922,prewar,0,0,0,0
2024-05-10,83.39,79.81,122.014,7.226,155.85,1367.77,0.92824654228163,0.0014400578511661877,-0.013070454324707548,-0.0012237006262099115,0.0008583810354134691,prewar,0,0,0,0
2024-05-13,83.18,80.71,122.0261,7.2325,156.17,1367.91,0.9262689885142646,-0.0025214637841290966,0.011213673448363437,9.916403091025927e-05,0.0008991251427046265,prewar,0,0,0,0
2024-05-14,81.0,79.62,121.9256,7.2335,156.5,1368.77,0.924385283786282,-0.026557779642326196,-0.013597165764108965,-0.0008239336367443784,0.00013825521935495466,prewar,0,0,0,0
2024-05-15,79.98,80.23,121.3543,7.219,155.02,1360.15,0.9208103130755064,-0.012672551253766429,0.007632192193392839,-0.0046966564041825976,-0.002006573930483979,prewar,0,0,0,0
2024-05-16,81.65,80.85,121.2236,7.2181,155.25,1345.15,0.9195402298850576,0.020665215997801134,0.007698076257550923,-0.0010775920860677246,-0.0001246787791406856,prewar,0,0,0,0
2024-05-17,82.24,81.66,121.2354,7.2233,155.57,1354.83,0.9200478424878094,0.007199982290381435,0.009968699868314168,9.733604452222266e-05,0.0007201518169615007,prewar,0,0,0,0
2024-05-20,81.91,81.39,121.2289,7.2344,156.09,1356.0,0.9207255317189944,-0.0040207181793450175,-0.003311870552479057,-5.361614061616393e-05,0.0015355142492885498,prewar,0,0,0,0
2024-05-21,81.22,80.66,121.3793,7.2376,156.08,1363.54,0.921234454168586,-0.008459561269358318,-0.009009625893728668,0.0012398593227009869,0.00044223328526138417,prewar,0,0,0,0
2024-05-22,79.9,79.15,121.5462,7.2405,156.49,1362.36,0.9228497600590624,-0.016385669485923238,-0.01889800311820089,0.0013740840402549637,0.00040060505712546934,prewar,0,0,0,0
2024-05-23,79.25,77.47,121.7477,7.2421,157.05,1362.38,0.9236168837166344,-0.008168440014838296,-0.0214540216832102,0.0016564331951807176,0.0002209548018323737,prewar,0,0,0,0
2024-05-24,78.92,78.48,121.6172,7.2425,156.9,1369.02,0.9214891264283082,-0.004172731602976043,0.012953050613297101,-0.0010724637160759443,5.523107301574903e-05,prewar,0,0,0,0
2024-05-27,,,,,,,,,,,,prewar,0,0,0,0
2024-05-28,81.34,80.9,121.43,7.2451,156.9,1357.65,0.9192021325489474,,,,,prewar,0,0,0,0
2024-05-29,81.5,80.24,122.1641,7.2494,157.62,1365.07,0.9249838127832763,0.001965119767738166,-0.008191680410766011,0.0060272578223701245,0.0005933285213215456,prewar,0,0,0,0
2024-05-30,81.42,78.96,121.9601,7.2493,156.63,1365.07,0.9227646027498384,-0.0009820771719839527,-0.01608074852845398,-0.0016712808274155222,-1.3794340182560205e-05,prewar,0,0,0,0
2024-05-31,79.41,77.97,122.098,7.241,157.19,1385.43,0.9219988936013276,-0.024996638167713137,-0.012617257803717585,0.0011300589054430432,-0.001145594074343892,prewar,0,0,0,0
2024-06-03,76.45,75.26,122.3509,7.242,156.04,1375.91,0.9182736455463728,-0.03798737253204809,-0.03537535215621723,0.002069144841557069,0.00013809293676581014,prewar,0,0,0,0
2024-06-04,75.33,74.27,122.7256,7.2393,154.87,1375.96,0.9192866335723476,-0.014758470537468149,-0.013241683484086053,0.0030578231039086745,-0.0003728947030012808,prewar,0,0,0,0
2024-06-05,75.41,75.08,122.5339,7.2475,156.21,1372.58,0.9203865623561897,0.001061430376951833,0.010847110037103036,-0.0015632425169140873,0.0011320651732251719,prewar,0,0,0,0
2024-06-06,77.62,76.52,122.3713,7.2451,155.98,1365.45,0.9188642837452908,0.02888523372620444,0.018997932853743293,-0.001327860934692282,-0.0003312035137847946,prewar,0,0,0,0
2024-06-07,78.12,76.53,123.549,7.2466,156.58,1366.38,0.9253261774775609,0.006420980067717963,0.0001306762497783609,0.009577973052765643,0.00020701505073339455,prewar,0,0,0,0
2024-06-10,79.59,78.75,123.9125,7.2475,156.93,1375.71,0.9301460329271696,0.018642350809280117,0.028595456883912185,0.00293783284626592,0.00012418846305140008,prewar,0,0,0,0
2024-06-11,80.15,78.88,124.0349,7.2544,157.32,1375.71,0.9317059536010436,0.007011422237804155,0.0016494325886373673,0.0009873062588487969,0.0009515995173994263,prewar,0,0,0,0
2024-06-12,80.52,79.56,123.8295,7.2544,155.88,1378.01,0.9222539887485012,0.00460572171602891,0.00858374369139181,-0.0016573581927588066,0.0,prewar,0,0,0,0
2024-06-13,81.44,79.61,124.0235,7.2519,156.77,1376.11,0.9297136481963556,0.011360952030621263,0.0006282591147153127,0.0015654443530506157,-0.0003446778330451483,prewar,0,0,0,0
2024-06-14,81.49,79.41,124.1694,7.2557,157.28,1378.96,0.9346667912889054,0.0006137605299159077,-0.0025154081933669303,0.0011756985538751152,0.0005238633663602332,prewar,0,0,0,0
2024-06-17,82.45,81.33,124.239,7.2561,157.8,1380.5,0.9325748391308404,0.011711735673479495,0.02389064727156409,0.0005603675384673323,5.512755138603609e-05,prewar,0,0,0,0
2024-06-18,84.79,82.67,123.9776,7.2543,157.81,1380.88,0.9311853990129434,0.027985562310304246,0.01634182708589993,-0.002106225745055035,-0.0002480979172501119,prewar,0,0,0,0
2024-06-19,85.64,,,,,,,0.009974852405569834,,,,prewar,0,0,0,0
2024-06-20,85.92,83.34,124.192,7.2604,158.77,1384.38,0.9338812103100486,0.0032641670390729516,,,,prewar,0,0,0,0
2024-06-21,86.42,81.71,124.1086,7.2609,159.45,1388.17,0.935103796521414,0.005802499743232659,-0.019752232597691766,-0.0006717664245377009,6.886435790165457e-05,prewar,0,0,0,0
2024-06-24,86.75,82.63,123.7125,7.2586,159.71,1389.17,0.9322270905192503,0.0038112883231811168,0.011196417316477358,-0.003196663539148048,-0.0003168153199817336,prewar,0,0,0,0
2024-06-25,86.81,81.97,123.9417,7.2629,159.68,1387.16,0.9341429238673516,0.0006914035767477955,-0.008019484048154446,0.0018509685314294089,0.0005922253383847664,prewar,0,0,0,0
2024-06-26,85.76,82.19,124.26,7.2666,160.68,1388.65,0.9361542782250516,-0.012169125081224585,0.0026803134954693775,0.0025648508813089776,0.0005093086589327278,prewar,0,0,0,0
2024-06-27,87.0,83.04,124.3379,7.2688,160.7,1385.76,0.9338812103100486,0.014355421332092,0.010288779257169978,0.0006267148881766715,0.00030270925007891414,prewar,0,0,0,0
2024-06-28,87.26,82.83,124.2103,7.2672,160.88,1376.55,0.9336196433572964,0.0029840490408803433,-0.002532104807405844,-0.0010267627060676077,-0.00022014309389950526,prewar,0,0,0,0
2024-07-01,86.57,84.7,124.4667,7.2683,161.55,1383.0,0.9321401938851605,-0.007938832467782042,0.02232528704783654,0.0020621134311396006,0.00015135358289697365,prewar,0,0,0,0
2024-07-02,88.28,84.09,124.2917,7.2712,161.53,1386.55,0.9313588525658936,0.019560246160853723,-0.007227947813202462,-0.0014069878956401993,0.0003989133104242981,prewar,0,0,0,0
2024-07-03,88.25,85.19,123.7768,7.2699,161.48,1384.85,0.9260116677470136,-0.0003398855751299834,0.012996402209942914,-0.004151278694748406,-0.0001788035297829449,prewar,0,0,0,0
2024-07-04,88.34,,,,,,,0.0010193103549749338,,,,prewar,0,0,0,0
2024-07-05,88.66,84.44,123.4762,7.268,160.73,1379.87,0.9235315847801996,0.003615823148527042,,,,prewar,0,0,0,0
2024-07-08,87.15,83.63,123.3576,7.2683,160.77,1382.73,0.9229349330872174,-0.017178057350877296,-0.009638915586685393,-0.0009609705731294937,4.127597807457306e-05,prewar,0,0,0,0
2024-07-09,86.48,82.78,123.4071,7.2725,161.4,1383.39,0.924812725423102,-0.007717598635077927,-0.010215821072848463,0.0004011919100577188,0.0005776848752203634,prewar,0,0,0,0
2024-07-10,86.55,83.39,123.1895,7.2758,161.73,1383.42,0.9239582370876837,0.0008091082912660141,0.00734191177830823,-0.0017648260882614508,0.0004536612602981105,prewar,0,0,0,0
2024-07-11,86.49,83.92,122.769,7.2573,158.58,1370.85,0.9199632014719412,-0.0006934813037977605,0.006335565989147085,-0.003419279347438575,-0.0025459138095222933,prewar,0,0,0,0
2024-07-12,87.35,83.49,122.4404,7.2495,157.88,1374.9,0.91726288754357,0.009894236261644984,-0.00513709988213229,-0.0026801598690875394,-0.0010753578668840635,prewar,0,0,0,0
2024-07-15,86.42,83.22,122.6347,7.2592,157.89,1382.97,0.9164222873900294,-0.010703906076278358,-0.0032391606511144033,0.0015856367351050338,0.0013371289564509947,prewar,0,0,0,0
2024-07-16,86.6,81.92,122.7264,7.2685,158.57,1384.99,0.9186954524575104,0.002080685064601795,-0.01574454226359734,0.0007474697844891409,0.0012803129566802962,prewar,0,0,0,0
2024-07-17,85.76,84.16,122.518,7.2607,156.56,1380.61,0.914662032379036,-0.009747118245897468,0.026976587698202437,-0.0016995295318622539,-0.001073699962742758,prewar,0,0,0,0
2024-07-18,86.26,84.17,122.7909,7.26,156.97,1383.85,0.9163383121048292,0.005813293897205085,0.00011881423408510727,0.0022249507668128388,-9.641408479521552e-05,prewar,0,0,0,0
2024-07-19,85.19,81.43,123.147,7.2695,157.38,1389.29,0.9184423218221895,-0.012481935164947444,-0.03309480774444484,0.0028958550012321282,0.0013076845526385217,prewar,0,0,0,0
2024-07-22,83.44,81.25,123.2172,7.2736,157.08,1388.71,0.9191176470588236,-0.020756245362232306,-0.002212934269193667,0.0005698880105144966,0.0005638412867436937,prewar,0,0,0,0
2024-07-23,82.2,78.24,123.3843,7.2748,156.02,1385.78,0.921234454168586,-0.014972508630382464,-0.03774979548328439,0.0013552231075237842,0.0001649665946388268,prewar,0,0,0,0
2024-07-24,83.01,78.78,123.5575,7.2622,153.39,1379.4,0.9214042200313278,0.009805780404809283,0.0068781318161974525,0.0014027599086183784,-0.0017335080353997334,prewar,0,0,0,0
2024-07-25,82.58,79.43,123.5286,7.231,153.97,1380.57,0.9207255317189944,-0.005193562008999564,0.008216973102281422,-0.00023392655541432106,-0.004305474042511248,prewar,0,0,0,0
2024-07-26,81.35,78.58,123.672,7.2502,153.86,1383.11,0.9208951100469656,-0.015006686792897739,-0.010758916514727268,0.0011601914888981213,0.0026517155001728465,prewar,0,0,0,0
2024-07-29,80.94,77.27,124.1392,7.2597,153.96,1381.93,0.9242998428690268,-0.005052694217327236,-0.01681143218482095,0.003770616933670645,0.0013094509758770911,prewar,0,0,0,0
2024-07-30,79.26,76.17,124.2855,7.2511,153.72,1384.98,0.9251549634563788,-0.020974551685430498,-0.014338097560796292,0.0011778218261957463,-0.0011853241732930897,prewar,0,0,0,0
2024-07-31,81.39,79.36,123.6373,7.2193,150.38,1369.29,0.9239582370876837,0.026518827576661685,0.041026778591921165,-0.00522905902143922,-0.004395186199661172,prewar,0,0,0,0
2024-08-01,81.37,77.74,123.8693,7.2441,150.06,1368.5,0.9268699601445918,-0.0002457606303849502,-0.0206245375525409,0.0018746980318651296,0.0034293491578600843,prewar,0,0,0,0
2024-08-02,78.35,74.99,123.4681,7.16,146.98,1359.38,0.9162543522081732,-0.03782068590653598,-0.03601515411077916,-0.003244154356520923,-0.011677363481216174,prewar,0,0,0,0
2024-08-05,77.51,74.46,123.5787,7.13,143.95,1367.68,0.9126585744273068,-0.010779008508609245,-0.0070927028687268745,0.0008953769681614432,-0.004198746546349774,prewar,0,0,0,0
2024-08-06,76.62,74.6,123.6532,7.1563,145.11,1377.4,0.9152480322167308,-0.011548821020917366,0.0018784387651447076,0.0006026730551758064,0.003681853203463481,prewar,0,0,0,0
2024-08-07,78.26,76.68,123.5698,7.176,147.42,1374.98,0.9153318077803204,0.021178477509763205,0.02750041096772815,-0.0006746945321731701,0.0027490371268268365,prewar,0,0,0,0
2024-08-08,80.76,77.64,123.4466,7.1747,147.08,1376.94,0.9162543522081732,0.03144517666237068,0.012441840123366354,-0.0009975047018375705,-0.00018117583163967943,prewar,0,0,0,0
2024-08-09,81.07,78.28,122.9276,7.166,146.49,1363.71,0.9153318077803204,0.0038311855549784113,0.008209384227065186,-0.004213109714410024,-0.0012133300420931192,prewar,0,0,0,0
2024-08-12,83.06,81.45,123.2204,7.1744,147.54,1369.87,0.9150805270863837,0.024250259202991842,0.03969719252017878,0.002379057624697367,0.001171515572886861,prewar,0,0,0,0
2024-08-13,82.51,79.81,123.0146,7.1558,146.97,1367.28,0.912908526565638,-0.006643740086355265,-0.020340525160136735,-0.0016715742921995513,-0.0025959177743675177,prewar,0,0,0,0
2024-08-14,82.15,78.47,122.4297,7.1382,146.86,1355.35,0.90711175616836,-0.004372653632974455,-0.01693242374853554,-0.004766059812205903,-0.002462572952883102,prewar,0,0,0,0
2024-08-15,83.09,79.66,122.5844,7.1734,148.91,1363.21,0.9102494083378846,0.011377513193612465,0.015051191614116277,0.001262784636128167,0.004919096534186984,prewar,0,0,0,0
2024-08-16,81.56,78.05,122.3972,7.1644,148.13,1354.34,0.9094216078574028,-0.018585411970635235,-0.020417930792056893,-0.0015282783395642596,-0.0012554228936190182,prewar,0,0,0,0
2024-08-19,81.09,75.82,121.8788,7.1393,146.42,1334.21,0.903342366757001,-0.00577929674978872,-0.028987536873252395,-0.004244385680455487,-0.003509585039317642,prewar,0,0,0,0
2024-08-20,78.85,75.27,121.7728,7.132,145.7,1331.78,0.9004141905276427,-0.028012335547418665,-0.007280461041747621,-0.0008700948952311549,-0.0010230323287547805,prewar,0,0,0,0
2024-08-21,78.77,72.76,121.8535,7.1344,145.19,1333.74,0.8974243919949744,-0.0010150996938147472,-0.03391529539651916,0.0006624900755918262,0.00033645489018119257,prewar,0,0,0,0
2024-08-22,78.8,73.72,122.3626,7.144,145.97,1343.23,0.8997660608241858,0.000380783148600905,0.013107779151701138,0.004169264331578049,0.0013446886831227634,prewar,0,0,0,0
2024-08-23,80.34,75.82,121.4597,7.1244,144.86,1327.56,0.894774516821761,0.01935463206730237,0.028087977286565646,-0.007406247313634928,-0.0027473314917048075,prewar,0,0,0,0
2024-08-26,,78.4,121.6943,7.1212,144.51,1328.53,0.8957362952346829,,0.03346181726817399,0.0019296418960390582,-0.0004492615339224404,prewar,0,0,0,0
2024-08-27,81.51,76.5,121.8672,7.1244,144.26,1330.9,0.8960573476702508,,-0.024533186523872708,0.001419764856460226,0.0004492615339224404,prewar,0,0,0,0
2024-08-28,80.04,75.49,121.8943,7.1245,144.47,1335.15,0.8987148377819718,-0.018199202390833946,-0.013290543680956723,0.00022234848498747795,1.4036171213538395e-05,prewar,0,0,0,0
2024-08-29,81.55,76.9,122.2333,7.0972,144.98,1332.02,0.9020386072523904,0.018689819351490833,0.018505679360065308,0.002777237951740119,-0.003839208186419363,prewar,0,0,0,0
2024-08-30,80.2,74.52,122.3262,7.09,145.95,1336.0,0.9041591320072332,-0.016692814194554373,-0.03143833077821068,0.0007597333529751893,-0.0010149995232511255,prewar,0,0,0,0
2024-09-02,77.82,,,,,,,-0.03012504731606125,,,,prewar,0,0,0,0
2024-09-03,76.46,71.28,122.7811,7.1209,145.82,1339.79,0.9055510278004164,-0.017630739288140518,,,,prewar,0,0,0,0
2024-09-04,74.67,70.11,122.5144,7.1119,144.31,1336.93,0.902445627650934,-0.023689323220656533,-0.01655034594367777,-0.0021745209764700846,-0.0012646845595483125,prewar,0,0,0,0
2024-09-05,74.47,70.09,122.4533,7.0921,143.43,1335.14,0.9012256669069936,-0.00268204532505667,-0.00028530670664306257,-0.0004988412861530733,-0.002787948862980283,prewar,0,0,0,0
2024-09-06,72.82,68.58,122.4991,7.0876,142.13,1335.68,0.9020386072523904,-0.02240571697526672,-0.02177918347745944,0.00037395020856045846,-0.0006347102055856979,prewar,0,0,0,0
2024-09-09,72.37,69.65,122.7156,7.1133,142.92,1342.16,0.9056330374932076,-0.006198793869250707,0.015481753191040504,0.001765799980627314,0.003619492857127149,prewar,0,0,0,0
2024-09-10,70.34,66.73,123.0071,7.1205,142.28,1343.41,0.9070294784580498,-0.02845122183220017,-0.04282807331029925,0.0023725942840666647,0.0010116765184409182,prewar,0,0,0,0
2024-09-11,70.31,68.25,122.7754,7.1192,141.72,1340.59,0.9081002542680712,-0.00042659083476603854,0.022522807149553792,-0.0018854073714482666,-0.00018258811682980713,prewar,0,0,0,0
2024-09-12,73.81,69.89,122.4423,7.1173,142.24,1341.35,0.9057150620414816,0.048580187570890665,0.023745143423968607,-0.0027167713006033267,-0.00026691953939250723,prewar,0,0,0,0
2024-09-13,73.68,69.59,121.6551,7.093,140.66,1329.26,0.9021199819576003,-0.0017628318349096617,-0.004301698632279027,-0.006449906709724118,-0.0034200578011731597,prewar,0,0,0,0
2024-09-16,73.96,71.1,121.4976,7.0958,140.79,1320.59,0.8990380293086397,0.0037930145718725328,0.02146645795243618,-0.00129548240284727,0.0003946774972296563,prewar,0,0,0,0
2024-09-17,74.55,72.16,121.6031,7.0958,141.77,1323.81,0.8994423457456378,0.007945634691823855,0.01479853894517369,0.0008679531290791687,0.0,prewar,0,0,0,0
2024-09-18,74.52,71.87,121.5618,7.0812,141.93,1324.15,0.8996041741633681,-0.00040249547735982105,-0.0040269442740168415,-0.0003396871867371587,-0.002059674848193138,prewar,0,0,0,0
2024-09-19,75.93,72.86,121.3059,7.0675,142.88,1329.08,0.8971023593792051,0.018744317491754536,0.01368086010006575,-0.0021073209381086144,-0.001936574283377901,prewar,0,0,0,0
2024-09-20,75.96,72.72,121.4052,7.0505,143.9,1333.66,0.8961376467425397,0.00039502271894242824,-0.0019233417111941264,0.0008182568126509082,-0.0024082742904605325,prewar,0,0,0,0
2024-09-23,74.95,71.33,121.4303,7.0508,143.59,1334.12,0.8984725965858041,-0.013385661395478365,-0.019299453579276538,0.00020672430587342916,4.2549268513436544e-05,prewar,0,0,0,0
2024-09-24,75.29,72.34,121.1291,7.0318,143.77,1330.0,0.8968609865470852,0.004526099313424403,0.014060230234004933,-0.0024835166545864595,-0.002698366995943946,prewar,0,0,0,0
2024-09-25,75.4,70.42,121.4447,7.0315,144.41,1335.1,0.8974243919949744,0.0014599511518795794,-0.02689991279704529,0.002602096170936541,-4.2664239551903904e-05,prewar,0,0,0,0
2024-09-26,73.06,68.28,121.0785,7.0106,144.68,1314.78,0.8941344778254648,-0.031526253646774194,-0.030860415800666452,-0.0030199195648847876,-0.0029767649330416646,prewar,0,0,0,0
2024-09-27,71.63,68.72,121.1111,7.0111,142.6,1309.43,0.8961376467425397,-0.019767040740775954,0.006423379749760372,0.00026921057053552744,7.131802851456648e-05,prewar,0,0,0,0
2024-09-30,72.35,68.75,121.2864,7.0176,143.25,1314.94,0.8972633467922835,0.010001472451132365,0.00043645887068066713,0.0014463848064520946,0.0009266718177936006,prewar,0,0,0,0
2024-10-01,75.3,70.41,121.6881,7.0175,143.66,1323.78,0.9035872413481522,0.03996468172835499,0.023858561984360982,0.00330652283252153,-1.4249987531522734e-05,prewar,0,0,0,0
2024-10-02,74.86,70.74,121.5724,7.0175,146.05,1321.53,0.9049773755656108,-0.005860432329564347,0.004675885246292921,-0.0009512436973890814,0.0,prewar,0,0,0,0
2024-10-03,77.57,74.33,122.1197,7.0175,146.82,1335.58,0.9078529278256924,0.035561052026497286,0.04950345495986763,0.004491741178162201,0.0,prewar,0,0,0,0
2024-10-04,79.32,74.93,122.2197,7.0175,148.69,1348.74,0.9123255177447313,0.022309549148814334,0.008039705639016681,0.0008185336100794416,0.0,prewar,0,0,0,0
2024-10-07,81.74,77.76,122.4241,7.0175,148.13,1343.75,0.9110787172011664,0.030053174484536704,0.03707281577596433,0.0016710012480292136,0.0,prewar,0,0,0,0
2024-10-08,78.19,74.26,122.6625,7.0595,148.22,1346.49,0.911577028258888,-0.04440171599970899,-0.046054711403249016,0.001945435410909191,0.005967198213542302,prewar,0,0,0,0
2024-10-09,77.06,73.85,122.8821,7.0818,149.2,1346.04,0.9131586156515388,-0.014557422938411335,-0.005536439771545609,0.0017886775644706532,0.003153885213498686,prewar,0,0,0,0
2024-10-10,79.45,76.46,123.0951,7.0794,148.56,1350.77,0.9153318077803204,0.03054355378471385,0.03473171929087826,0.0017318682645282024,-0.00033895432914987644,prewar,0,0,0,0
2024-10-11,80.27,76.11,122.9805,7.0667,149.12,1350.71,0.9139097057210748,0.010268059160760679,-0.004588065988967216,-0.0009314211428117503,-0.0017955483719271914,prewar,0,0,0,0
2024-10-14,78.47,,,,,,,-0.022679566004104146,,,,prewar,0,0,0,0
2024-10-15,73.68,71.22,123.5124,7.1192,149.22,1365.17,0.9175153683824204,-0.06298499419233039,,,,prewar,0,0,0,0
2024-10-16,73.65,70.97,123.9235,7.1192,149.71,1363.76,0.9197093718384992,-0.00040724903841216076,-0.0035164253127399903,0.003322883852062475,0.0,prewar,0,0,0,0
2024-10-17,74.37,71.26,124.1122,7.1216,150.12,1371.08,0.9227646027498384,0.00972849180656965,0.004077907640798628,0.0015215554567786782,0.0003370597189373825,prewar,0,0,0,0
2024-10-18,72.75,69.78,123.9185,7.1015,149.58,1369.65,0.9213193292795284,-0.02202372866360669,-0.02098772441906238,-0.0015619037431928717,-0.0028263899404070703,prewar,0,0,0,0
2024-10-21,73.29,71.16,124.4757,7.1189,150.47,1379.14,0.9242144177449167,0.007395267886156631,0.01958342703900673,0.004486424679885026,0.002447189767329716,prewar,0,0,0,0
2024-10-22,75.59,72.84,124.4107,7.123,151.11,1379.22,0.9254974548819992,0.03089982536632707,0.02333439206177257,-0.0005223266637131019,0.0005757658898413176,prewar,0,0,0,0
2024-10-23,74.68,71.37,124.6931,7.1252,152.81,1381.61,0.9277298450691158,-0.012111680630563448,-0.020387641876431495,0.00226732888843717,0.00030881093997603415,prewar,0,0,0,0
2024-10-24,74.27,70.58,124.5127,7.119,151.87,1382.11,0.9254118082546732,-0.005505216992316875,-0.011130794735851879,-0.001447799621932866,-0.0008705298144566775,prewar,0,0,0,0
2024-10-25,75.62,72.02,124.6105,7.1199,152.08,1389.24,0.924812725423102,0.0180136967815816,0.020197039973605335,0.0007851537313596779,0.00012641425969683873,prewar,0,0,0,0
2024-10-28,71.87,67.65,124.8076,7.1254,153.21,1385.57,0.9242998428690268,-0.050861866982435444,-0.06259650360393199,0.001580479051265904,0.0007721845483479317,prewar,0,0,0,0
2024-10-29,71.09,67.48,124.8612,7.1301,153.47,1382.2,0.9260974254491572,-0.010912251538959694,-0.002516096939030099,0.0004293688344194635,0.0006593946435125009,prewar,0,0,0,0
2024-10-30,73.21,68.91,124.8153,7.1229,153.15,1378.41,0.9204712812960236,0.029385343717159174,0.02097004769134969,-0.0003676757765918026,-0.0010103137041239663,prewar,0,0,0,0
2024-10-31,73.25,69.58,124.7988,7.1178,152.35,1377.57,0.921234454168586,0.0005462242386258254,0.009675864354679042,-0.00013220407039504778,-0.000716256956193817,prewar,0,0,0,0
2024-11-01,73.63,69.81,124.8076,7.1214,152.94,1376.95,0.9218289085545724,0.005174303483448384,0.003300096258514351,7.05110125673869e-05,0.0005056463954018486,prewar,0,0,0,0
2024-11-04,74.89,71.83,124.5903,7.0995,152.02,1375.17,0.9187798603454612,0.016967818880650576,0.028524950104399593,-0.0017425973112734638,-0.0030799762761022365,prewar,0,0,0,0
2024-11-05,76.98,72.26,124.5532,7.1047,151.96,1380.26,0.9157509157509156,0.027525277594324216,0.005968509632784169,-0.0002978203346604147,0.0007321778392734846,prewar,0,0,0,0
2024-11-06,76.52,71.98,125.7035,7.1782,154.58,1399.98,0.9317927692881104,-0.005993503283548307,-0.0038824230686094197,0.009193025410635158,0.010292118380163862,prewar,0,0,0,0
2024-11-07,75.73,72.69,124.775,7.1412,153.13,1384.66,0.926612305411416,-0.0103777614463203,0.00981552084565962,-0.0074138439260797995,-0.005167825795042935,prewar,0,0,0,0
2024-11-08,74.04,70.69,125.5811,7.1785,152.58,1396.69,0.9337068160597572,-0.022568895420434387,-0.027899703313681634,0.006439649648513068,0.005209618128941829,prewar,0,0,0,0
2024-11-11,72.19,,,,,,,-0.02530395555422782,,,,prewar,0,0,0,0
2024-11-12,72.56,68.43,126.7762,7.232,154.73,1408.28,0.9435742592942064,0.005112273655812238,,,,prewar,0,0,0,0
2024-11-13,72.86,68.76,126.9572,7.2245,155.28,1404.24,0.9463423866754992,0.004125985773535845,0.004810855550242188,0.0014266945597345426,-0.0010375956383466,prewar,0,0,0,0
2024-11-14,73.39,68.99,127.0015,7.2272,155.96,1402.77,0.946790380609733,0.007247894976553759,0.003339386043368364,0.0003488756278038352,0.00037365846667380964,prewar,0,0,0,0
2024-11-15,73.45,67.33,126.8848,7.2288,154.59,1397.42,0.9476876421531464,0.0008172160629156267,-0.02435566400082756,-0.0009193092200634467,0.00022136137334438644,prewar,0,0,0,0
2024-11-18,74.35,69.46,126.6045,7.2364,154.78,1394.28,0.9446438692612884,0.012178770286277008,0.031145144758737864,-0.0022115340903372527,0.0010507978734219936,prewar,0,0,0,0
2024-11-19,74.32,69.75,126.3994,7.2392,154.34,1392.83,0.9453582907922102,-0.00040357840058113936,0.00416637338554704,-0.0016213192360154949,0.00038685788981740465,prewar,0,0,0,0
2024-11-20,74.33,69.25,126.88,7.2459,155.38,1399.51,0.95047999239616,0.00013454423161984863,-0.007194275634026859,0.0037950230204897295,0.0009250886052307727,prewar,0,0,0,0
2024-11-21,75.09,70.39,127.1047,7.2368,154.66,1401.0,0.954653937947494,0.010172755374590281,0.016328062552592115,0.0017693983820574744,-0.0012566719185755915,prewar,0,0,0,0
2024-11-22,76.1,71.68,127.4712,7.2455,154.73,1405.49,0.9616309260505818,0.013360870755847465,0.018160561046634882,0.0028793004616840534,0.0012014667624000719,prewar,0,0,0,0
2024-11-25,74.27,69.41,126.9948,7.2395,154.29,1401.03,0.954380606986066,-0.024341163186434756,-0.03218081931518224,-0.0037443159918417734,-0.0008284432645024875,prewar,0,0,0,0
2024-11-26,74.56,69.05,127.4301,7.252,153.49,1396.69,0.9541074324968992,0.003897068696129935,-0.00520006949619134,0.0034218382300084116,0.0017251496532653121,prewar,0,0,0,0
2024-11-27,73.91,69.03,126.8205,7.2458,150.69,1391.14,0.9456264775413712,-0.008756033580540112,-0.00028968713991694983,-0.004795278108526979,-0.000855302235920341,prewar,0,0,0,0
2024-11-28,73.92,,,,,,,0.00013529053663319246,,,,prewar,0,0,0,0
2024-11-29,74.16,68.26,126.5798,7.2423,150.41,1396.99,0.948136910969944,0.003241493924170946,,,,prewar,0,0,0,0
2024-12-02,72.81,68.35,127.1272,7.2714,149.26,1406.13,0.9538344143456696,-0.01837161285097988,0.0013176196913979865,0.004315220702886258,0.004010009714190188,prewar,0,0,0,0
2024-12-03,74.8,70.15,126.9565,7.2858,149.12,1427.83,0.9507510933637572,0.026964576573812238,0.025994243378510973,-0.0013436519200711317,0.0019784030853313705,prewar,0,0,0,0
2024-12-04,74.68,68.81,126.7574,7.2632,150.18,1412.16,0.9499382540134892,-0.001605566306909445,-0.01928672333408077,-0.0015694846901954662,-0.0031067452302806497,prewar,0,0,0,0
2024-12-05,73.78,68.58,126.4286,7.2558,150.19,1415.88,0.9459842966606756,-0.012124626504992797,-0.0033481361796150466,-0.002597301468798996,-0.0010193540382628097,prewar,0,0,0,0
2024-12-06,73.78,68.58,126.688,7.27,149.78,1422.4,0.9467007478935908,0.0,0.0,0.0020496489824282094,0.0019551425082802165,prewar,0,0,0,0
2024-12-09,73.73,68.65,126.5981,7.2604,151.24,1430.05,0.946073793755913,-0.000677920166970658,0.0010201851792066563,-0.000709869225158144,-0.0013213678077423907,prewar,0,0,0,0
2024-12-10,73.64,68.85,126.957,7.25,152.05,1432.6,0.9512937595129376,-0.0012214156366816553,0.0029090929606834237,0.0028309447508076957,-0.0014334548711021355,prewar,0,0,0,0
2024-12-11,74.38,70.57,126.8483,7.2605,152.34,1428.5,0.951655881233346,0.009998732132046939,0.02467489983807436,-0.0008565621493801245,0.0014472281220718752,prewar,0,0,0,0
2024-12-12,73.52,70.25,126.9556,7.2685,152.07,1429.47,0.9511128019783148,-0.011629610449492844,-0.004544816798882856,0.000845534732859754,0.001101245895587466,prewar,0,0,0,0
2024-12-13,74.89,71.54,127.3096,7.2756,153.74,1434.82,0.9525623928367308,0.01846289221384456,0.018196425617015954,0.002784496098764855,0.0009763409993055472,prewar,0,0,0,0
2024-12-16,74.3,71.03,127.2687,7.2836,154.18,1437.86,0.9512937595129376,-0.007909418537562551,-0.007154410821152979,-0.00032131568442306246,0.001098961592002956,prewar,0,0,0,0
2024-12-17,73.16,70.31,127.5043,7.2846,153.41,1436.16,0.9518370454978108,-0.015462128201048309,-0.01018828679864825,0.0018494900727947794,0.000137285320296332,prewar,0,0,0,0
2024-12-18,74.57,70.8,127.6418,7.2864,154.0,1438.13,0.9552010698251984,0.019089458033038298,0.006944964488603489,0.001077813952954365,0.0002470660914359879,prewar,0,0,0,0
2024-12-19,73.75,70.1,128.6366,7.2965,157.73,1446.06,0.9655305590421936,-0.011057286335773853,-0.009936206659129532,0.007763471260169297,0.0013851842383798552,prewar,0,0,0,0
2024-12-20,73.19,69.71,127.893,7.2953,156.11,1444.52,0.9587727708533078,-0.007622195606793447,-0.005579014542236749,-0.005797397904081514,-0.0001644759389116679,prewar,0,0,0,0
2024-12-23,72.12,69.5,128.3021,7.2977,157.04,1451.76,0.9607070804111828,-0.014727401278019414,-0.0030170269275613393,0.0031936625463737656,0.0003289248299374048,prewar,0,0,0,0
2024-12-24,73.5,70.87,128.3377,7.2946,157.29,1457.36,0.9626492106276472,0.018954007883674073,0.019520460251418292,0.00027743163942872684,-0.0004248816220382423,prewar,0,0,0,0
2024-12-25,,,,,,,,,,,,prewar,0,0,0,0
2024-12-26,,70.38,128.3329,7.2981,158.01,1467.66,0.9594166746618056,,,,,prewar,0,0,0,0
2024-12-27,73.77,71.28,128.45,7.298,157.73,1470.4,0.9594166746618056,,0.012706651269114744,0.0009120545652958612,-1.3702290337924694e-05,prewar,0,0,0,0
2024-12-30,74.24,71.73,128.8205,7.2993,157.26,1472.32,0.962834585018294,0.006350943581733937,0.006293286975789236,0.0028802389401976214,0.00017811513135113088,prewar,0,0,0,0
2024-12-31,74.58,72.44,129.2775,7.2993,157.37,1477.86,0.9660902328277462,0.004569286272730011,0.009849562876869555,0.0035412942184285257,0.0,prewar,0,0,0,0
2025-01-01,,,,,,,,,,,,prewar,0,0,0,0
2025-01-02,76.14,73.79,129.4598,7.2994,157.65,1472.52,0.9745638826625084,,,,,prewar,0,0,0,0
2025-01-03,76.72,74.64,129.4535,7.3199,157.2,1470.0,0.971628449280995,0.007588679620831762,0.011453335468813108,-4.866493919930548e-05,0.002804513682125309,prewar,0,0,0,0
2025-01-06,77.27,74.31,128.538,7.3223,157.54,1459.94,0.9618159084351254,0.007143351370309858,-0.0044310243697101015,-0.007097162835106197,0.00032781959288818996,prewar,0,0,0,0
2025-01-07,77.84,74.99,128.613,7.3264,157.82,1452.42,0.9644131545954288,0.00734965593225656,0.009109239143919368,0.0005833148782352637,0.000559776650086441,prewar,0,0,0,0
2025-01-08,77.37,73.99,129.0785,7.3316,158.31,1459.85,0.969649956365752,-0.006056329316385778,-0.013424822375838197,0.0036128510745259135,0.0007095101948617621,prewar,0,0,0,0
2025-01-09,78.44,,129.2827,7.3321,158.01,1459.23,0.9710623422023692,0.013734892766781748,,0.0015807330397894503,6.819561232074278e-05,prewar,0,0,0,0
2025-01-10,79.76,77.27,129.8664,7.3326,157.68,1473.36,0.9767532721234616,0.016688124325437315,,0.0045047502543829054,6.819096199639496e-05,prewar,0,0,0,0
2025-01-13,82.69,79.57,130.0413,7.3319,157.51,1466.87,0.9795278675678324,0.03607655008049271,0.029331355443950713,0.0013458625996873863,-9.546864885012774e-05,prewar,0,0,0,0
2025-01-14,82.39,78.2,129.3812,7.3311,157.95,1459.5,0.971628449280995,-0.003634605406576341,-0.01736748983817815,-0.005089006733067336,-0.00010911818874626,prewar,0,0,0,0
2025-01-15,83.48,80.73,129.2092,7.3304,156.6,1456.5,0.9725734292939116,0.013143011881501465,0.03184060585565884,-0.001330289332978296,-9.548818341009735e-05,prewar,0,0,0,0
2025-01-16,82.39,79.35,129.436,7.3316,155.44,1456.16,0.970591089973794,-0.013143011881501465,-0.017241806434506124,0.001753754240402472,0.00016368844668934734,prewar,0,0,0,0
2025-01-17,83.02,78.56,129.4859,7.3249,156.3,1457.04,0.972100709633518,0.007617472297393846,-0.010005782926207907,0.00038544441870502766,-0.0009142701827453692,prewar,0,0,0,0
2025-01-20,81.68,,,,,,,-0.01627236876848226,,,,prewar,0,0,0,0
2025-01-21,80.57,76.79,128.4151,7.2712,155.49,1435.29,0.9594166746618056,-0.013682802067306099,,,,prewar,0,0,0,0
2025-01-22,80.0,76.12,128.3402,7.2728,156.62,1435.77,0.9596928982725528,-0.00709973711522327,-0.008763380914503571,-0.0005834349057227683,0.0002200220030879052,prewar,0,0,0,0
2025-01-23,78.62,75.03,128.2162,7.288,156.0,1434.29,0.9596928982725528,-0.017400514680167234,-0.014423008870311449,-0.0009666491239785913,0.0020877981321456573,prewar,0,0,0,0
2025-01-24,78.71,74.97,127.4611,7.244,155.58,1429.17,0.951022349025202,0.0011440921606444832,-0.000800000042667115,-0.005906681550391646,-0.006055619936490286,prewar,0,0,0,0
2025-01-27,77.3,73.51,128.0912,7.2507,154.22,1433.83,0.9531071292413268,-0.018076256560981996,-0.01966658212897432,0.004931290204607031,0.0009244759087367882,prewar,0,0,0,0
2025-01-28,78.01,74.15,128.2817,7.2422,155.65,1446.42,0.9590486237652248,0.00914306800684539,0.008668617197945316,0.0014861167858271074,-0.001172988287312604,prewar,0,0,0,0
2025-01-29,77.02,72.94,128.3418,7.2422,155.22,1441.85,0.9600614439324116,-0.012771895213458784,-0.01645288320340743,0.00046839047163516057,0.0,prewar,0,0,0,0
2025-01-30,77.42,73.1,128.1004,7.2422,154.42,1442.16,0.9596928982725528,0.005180016762738937,0.002191181375199136,-0.0018826860111458288,0.0,prewar,0,0,0,0
2025-01-31,77.11,72.84,128.4828,7.2422,154.91,1453.86,0.9615384615384616,-0.00401217130463305,-0.0035631118963257435,0.002980711777886391,0.0,prewar,0,0,0,0
2025-02-03,76.49,73.52,129.109,7.2422,154.68,1461.21,0.9730466089325678,-0.008072960511094074,0.009292223188023918,0.004861965586996142,0.0,prewar,0,0,0,0
2025-02-04,76.58,73.04,128.1083,7.2422,154.56,1451.02,0.9634839579920994,0.0011759327153733068,-0.006550241760717945,-0.007781008889123697,0.0,prewar,0,0,0,0
2025-02-05,74.71,71.39,127.9751,7.272,152.33,1442.37,0.9597850081581724,-0.024721994061438046,-0.02284943277234408,-0.0010402861881120273,0.004106329232586692,prewar,0,0,0,0
2025-02-06,74.54,70.97,128.2017,7.2883,152.04,1447.05,0.9645061728395062,-0.0022780579365972997,-0.005900550977477437,0.0017690911831111933,0.0022389657918147066,prewar,0,0,0,0
2025-02-07,74.68,71.32,128.4292,7.2943,151.3,1453.97,0.9681479330041632,0.001876424622409445,0.004919540458047322,0.0017729748022894398,0.0008228985693334856,prewar,0,0,0,0
2025-02-10,76.23,72.73,128.6382,7.3045,151.72,1451.0,0.9697439875872772,0.020542767326659828,0.01957716117150987,0.001626033064086485,0.0013973753541056677,prewar,0,0,0,0
2025-02-11,77.65,73.67,128.4322,7.3072,152.37,1452.31,0.9665571235260004,0.01845646359451436,0.0128417065282731,-0.0016026741631378627,0.00036956685816580404,prewar,0,0,0,0
2025-02-12,75.38,71.72,128.3288,7.3088,154.62,1453.49,0.962278675904542,-0.029669561755707008,-0.026826011957790108,-0.0008054183118897384,0.00021893815084728097,prewar,0,0,0,0
2025-02-13,75.61,71.66,127.8931,7.2888,153.18,1446.95,0.9589566551591868,0.0030465617311890014,-0.0008369368601242044,-0.003400961588074125,-0.0027401781819329507,prewar,0,0,0,0
2025-02-14,75.19,71.05,127.1491,7.253,152.25,1439.89,0.9525623928367308,-0.005570306180242568,-0.008548857333698479,-0.005834345143298059,-0.004923747036236437,prewar,0,0,0,0
2025-02-17,75.81,,,,,,,0.008211966678276283,,,,prewar,0,0,0,0
2025-02-18,76.46,72.21,127.2906,7.2786,151.79,1438.83,0.956297217175098,0.008537518200054883,,,,prewar,0,0,0,0
2025-02-19,76.34,72.58,127.7317,7.2833,151.67,1441.06,0.9609840476648088,-0.0015706809511835118,0.00511086132183447,0.003459308773233971,0.0006455201811859101,prewar,0,0,0,0
2025-02-20,76.95,72.88,127.1126,7.2555,149.63,1434.71,0.954653937947494,0.00795881296780454,0.004124851166777965,-0.004858662468836705,-0.003824254254966908,prewar,0,0,0,0
2025-02-21,74.88,70.72,127.1408,7.2501,149.49,1434.06,0.9564801530368244,-0.027269028115551208,-0.030085834622314955,0.00022182594306041636,-0.0007445400741028507,prewar,0,0,0,0
2025-02-24,74.89,71.06,127.1921,7.2476,149.57,1429.77,0.954380606986066,0.00013353809193894506,0.004796172263493048,0.00040340829437113257,-0.00034488229509221924,prewar,0,0,0,0
2025-02-25,73.11,69.15,127.3752,7.2512,149.09,1433.79,0.9525623928367308,-0.024055213956051702,-0.027246532482113395,0.0014385196494179908,0.0004965928316797985,prewar,0,0,0,0
2025-02-26,73.49,68.87,127.2822,7.2595,149.13,1433.2,0.9511128019783148,0.005184186235555721,-0.004057388554159935,-0.000730393101746607,0.0011439835301101375,prewar,0,0,0,0
2025-02-27,75.01,70.62,127.9704,7.2853,149.8,1447.35,0.9602458229306702,0.020472095440765337,0.025092720943632685,0.00539231857047362,0.0035476633655617817,prewar,0,0,0,0
2025-02-28,74.76,69.97,128.2805,7.2828,150.64,1459.04,0.9613535858488752,-0.003338455394183093,-0.009246811742435135,0.002420285363873731,-0.00034321565949446686,prewar,0,0,0,0
2025-03-03,72.85,68.63,127.75,7.2843,150.16,1456.49,0.9527439024390244,-0.025880449946148687,-0.019336821837261375,-0.004144043457273483,0.00020594353101177632,prewar,0,0,0,0
2025-03-04,72.31,68.47,127.9966,7.2651,148.81,1458.46,0.9493070058857036,-0.007440100454353171,-0.0023340637875719494,0.0019284719830139352,-0.002639285626255816,prewar,0,0,0,0
2025-03-05,70.92,66.58,126.504,7.2506,148.82,1445.21,0.9286775631500744,-0.01940995098085274,-0.027991460986092953,-0.011729772845812114,-0.0019978374894613626,prewar,0,0,0,0
2025-03-06,71.08,66.62,126.1099,7.2468,147.9,1447.34,0.924385283786282,0.002253522080443382,0.0006006006186547452,-0.0031201792120754135,-0.0005242319432485765,prewar,0,0,0,0
2025-03-07,72.49,67.29,125.9814,7.234,147.13,1449.3,0.9208951100469656,0.019642618026335157,0.010006804434693706,-0.0010194720018450454,-0.0017678585898126542,prewar,0,0,0,0
2025-03-10,71.08,66.31,126.268,7.2591,147.15,1456.74,0.9227646027498384,-0.019642618026335157,-0.014670921819450733,0.0022723552430568006,0.003463720680113358,prewar,0,0,0,0
2025-03-11,71.51,66.52,126.0457,7.2278,147.48,1453.07,0.9151642719868216,0.006031296773853612,0.0031619389439505596,-0.0017620926451442642,-0.004321152034418629,prewar,0,0,0,0
2025-03-12,72.36,67.65,125.8664,7.2372,148.32,1451.7,0.9153318077803204,0.011816360466790243,0.016844700292070414,-0.0014235126480839355,0.0012996890872034594,prewar,0,0,0,0
2025-03-13,70.82,66.82,126.0031,7.2439,147.71,1455.76,0.9208951100469656,-0.021512213843337236,-0.012344917688187351,0.0010854828665047833,0.0009253441351941838,prewar,0,0,0,0
2025-03-14,71.94,67.43,125.6942,7.2377,148.51,1451.76,0.919793966151582,0.015690991583720226,0.009087585817880495,-0.0024545368987842764,-0.0008562590292247041,prewar,0,0,0,0
2025-03-17,71.93,67.84,125.3688,7.2327,148.56,1444.71,0.9155832265152902,-0.0001390143882131767,0.006061968737157031,-0.0025921795103824863,-0.0006910659275469744,prewar,0,0,0,0
2025-03-18,71.93,67.49,125.488,7.2273,149.49,1451.28,0.9151642719868216,0.0,-0.005172552728332391,0.0009503430560489079,-0.0007468880015255586,prewar,0,0,0,0
2025-03-19,71.94,67.4,125.8006,7.23,150.02,1462.15,0.919371150133309,0.0001390143882131767,-0.00133442083705404,0.0024879772600137073,0.00037351373097216367,prewar,0,0,0,0
2025-03-20,72.61,68.55,125.985,7.2477,148.84,1467.77,0.9218289085545724,0.00927021512467796,0.016918388090061853,0.0014647385153763182,0.002445140984908223,prewar,0,0,0,0
2025-03-21,72.64,68.52,126.2679,7.2486,148.98,1466.49,0.9254118082546732,0.0004130809008824343,-0.0004377325524034248,0.0022429880378433964,0.00012416961585448583,prewar,0,0,0,0
2025-03-24,73.96,69.46,126.1956,7.2531,150.74,1466.91,0.9264406151565684,0.018008672225885647,0.013625373860008061,-0.0005727560774246854,0.0006206169131117711,prewar,0,0,0,0
2025-03-25,73.78,69.48,126.0535,7.2569,149.77,1465.32,0.9255831173639392,-0.0024367143503942756,0.00028789405697704495,-0.0011266641984573056,0.0005237767176946573,prewar,0,0,0,0
2025-03-26,74.6,70.05,126.2364,7.2675,150.69,1467.25,0.927557740469344,0.011052815041185937,0.008170331410111586,0.0014499195730151015,0.001459613048651276,prewar,0,0,0,0
2025-03-27,74.72,70.3,126.3626,7.2645,150.97,1463.9,0.9259259259259258,0.001607286710871847,0.003562526033602964,0.0009992122732089825,-0.0004128819216373536,prewar,0,0,0,0
2025-03-28,74.69,69.74,126.4187,7.2628,150.26,1469.2,0.9237021984112322,-0.0004015795516121301,-0.007997757569113695,0.00044386195435386355,-0.0002340421148816496,prewar,0,0,0,0
2025-03-31,77.23,71.87,126.7075,7.2567,149.9,1474.44,0.9262689885142646,0.03344176821219769,0.030084890232846107,0.002281866715599712,-0.0008402493693160373,prewar,0,0,0,0
2025-04-01,77.78,71.61,126.4338,7.2697,149.4,1471.0,0.9259259259259258,0.007096346146428623,-0.0036242024615029678,-0.0021624294941533506,0.0017898451743731947,prewar,0,0,0,0
2025-04-02,77.27,72.12,126.3811,7.2675,149.98,1462.06,0.9201324990798676,-0.006578546782108674,0.007096669316267956,-0.0004169058134095849,-0.00030267176853815414,prewar,0,0,0,0
2025-04-03,72.54,67.43,124.7316,7.2813,146.04,1450.55,0.9048136083966704,-0.0631676480907366,-0.06724137558862608,-0.013137716453083925,0.001897064244292368,prewar,0,0,0,0
2025-04-04,68.36,62.42,125.8129,7.2803,145.93,1457.76,0.9079353550027238,-0.05935027560736561,-0.07720428590385708,0.008631653966090447,-0.0001373475444417238,prewar,0,0,0,0
2025-04-07,66.13,61.05,126.8282,7.3081,147.96,1470.22,0.9164222873900294,-0.033165356560819426,-0.022192536285920106,0.00803753202352997,0.00381125190576892,prewar,0,0,0,0
2025-04-08,64.86,60.04,126.8668,7.3388,147.02,1477.97,0.9164222873900294,-0.019391400807399428,-0.016682193791452526,0.0003043024127231675,0.004192019465914187,prewar,0,0,0,0
2025-04-09,67.3,62.63,126.628,7.3499,145.09,1472.75,0.9057971014492752,0.036929135771510246,0.04223338977206037,-0.001884062873391379,0.0015113661675860701,prewar,0,0,0,0
2025-04-10,65.37,60.57,125.089,7.314,144.34,1450.37,0.8934953538241601,-0.029096799026043563,-0.03344467554446506,-0.012228170341593625,-0.0048963879628241,prewar,0,0,0,0
2025-04-11,66.83,61.91,124.0163,7.2915,143.57,1418.79,0.8830022075055187,0.022088643898340088,0.021881996538284376,-0.008612475371617023,-0.003081033555706769,prewar,0,0,0,0
2025-04-14,67.18,61.99,123.6598,7.3119,142.96,1422.56,0.8804366966015145,0.005223502661168666,0.0012913641826877154,-0.0028787617876817606,0.0027938717380502354,prewar,0,0,0,0
2025-04-15,66.58,61.74,123.776,7.315,143.1,1427.16,0.8857395925597874,-0.00897135203726851,-0.004041062639815074,0.0009392335995217493,0.0004238765625546037,prewar,0,0,0,0
2025-04-16,67.94,62.88,123.2724,7.3053,142.56,1415.24,0.8785802143735723,0.020220730585559288,0.018296129046937892,-0.004076939559584325,-0.0013269223508753925,prewar,0,0,0,0
2025-04-17,69.33,65.07,123.1298,7.299,142.33,1416.1,0.8799718409010912,0.020252750221961158,0.03423546538594202,-0.0011574573272499222,-0.0008627596517170044,prewar,0,0,0,0
2025-04-18,,,122.9865,7.2996,142.22,1423.49,0.8779631255487269,,,-0.0011644902527248036,8.21996630275823e-05,prewar,0,0,0,0
2025-04-21,,63.48,122.3145,7.2914,140.81,1420.52,0.8689607229753215,,,-0.005478996670097658,-0.0011239806542766573,prewar,0,0,0,0
2025-04-22,68.93,64.6,122.4175,7.3118,140.87,1425.0,0.8721437292865863,,0.017489515130347577,0.0008417371335296409,0.0027939100019287455,prewar,0,0,0,0
2025-04-23,68.26,62.64,123.0252,7.286,142.64,1425.88,0.8810572687224669,-0.009767553418999597,-0.030810359106007823,0.004951878721909608,-0.0035347828938028236,prewar,0,0,0,0
2025-04-24,67.5,63.55,122.9251,7.2879,142.64,1432.97,0.8800492827598345,-0.01119634560007654,0.014422945952914823,-0.0008139856347151309,0.0002607400916383451,prewar,0,0,0,0
2025-04-25,66.99,63.85,122.8858,7.2864,143.75,1440.72,0.8786574114752659,-0.007584243358308207,0.004709584843085146,-0.00031975799555539197,-0.00020584179072691278,prewar,0,0,0,0
2025-04-28,66.13,63.3,122.7176,7.2942,142.7,1436.31,0.8781944322472995,-0.01292085283360489,-0.008651253328417319,-0.001369688093046939,0.0010699149203827751,prewar,0,0,0,0
2025-04-29,64.04,61.84,122.5944,7.269,142.29,1432.01,0.8775008775008776,-0.03211461355805678,-0.023334924870964002,-0.0010044352527227574,-0.003460781305167915,prewar,0,0,0,0
2025-04-30,63.37,59.55,122.5921,7.2706,142.63,1425.68,0.8811349017534584,-0.010517324793088534,-0.0377341084778573,-1.876122869770569e-05,0.00022008858654420926,prewar,0,0,0,0
2025-05-01,62.37,60.59,123.1405,7.2706,145.48,1437.58,0.8866034222892101,-0.01590617279739437,0.01731356715558796,0.004463395662036795,0.0,prewar,0,0,0,0
2025-05-02,61.57,59.67,122.4962,7.2706,144.52,1398.89,0.8826125330979699,-0.012909651614912754,-0.015300481422906742,-0.005245970798379851,0.0,prewar,0,0,0,0
2025-05-05,,58.5,122.2613,7.2706,143.98,1375.11,0.8837825894829873,,-0.019802627296179764,-0.0019194514743778868,0.0,prewar,0,0,0,0
2025-05-06,62.37,60.42,122.0417,7.2164,142.76,1377.15,0.881445570736007,,0.032293421720715365,-0.0017977680105856209,-0.007482605492531658,prewar,0,0,0,0
2025-05-07,60.31,59.42,122.117,7.225,143.47,1391.86,0.8812125484666902,-0.03358646307513613,-0.016689305924064257,0.0006168119537601768,0.0011910204019849324,prewar,0,0,0,0
2025-05-08,62.22,61.25,122.7568,7.234,145.46,1403.61,0.8889679082585119,0.0311785640065958,0.030332979390374604,0.005225560724667844,0.0012448995314102707,prewar,0,0,0,0
2025-05-09,64.26,62.37,122.5191,7.2364,145.15,1398.51,0.8873114463176575,0.03226086221822122,0.018120541113194832,-0.0019382260908171745,0.000331711635062959,prewar,0,0,0,0
2025-05-12,65.28,63.32,123.4863,7.2018,148.09,1417.77,0.9004141905276427,0.01574835696813892,0.01511684447477979,0.007863282542501793,-0.004792850387752123,prewar,0,0,0,0
2025-05-13,66.93,65.04,122.9583,7.2057,147.75,1418.65,0.894774516821761,0.024961586456699436,0.026801230226744188,-0.004284945240212501,0.0005413847086943591,prewar,0,0,0,0
2025-05-14,65.91,64.48,122.6746,7.208,146.54,1398.83,0.892379082634303,-0.015357122047921834,-0.008647367041182186,-0.0023099521778151555,0.0003191408201255186,prewar,0,0,0,0
2025-05-15,64.36,63.03,122.8174,7.2067,145.61,1397.65,0.893734918223255,-0.02379785294044634,-0.02274429467335448,0.0011633781639002194,-0.00018037142688021035,prewar,0,0,0,0
2025-05-16,65.2,63.84,123.0737,7.209,146.02,1401.19,0.8975854950184005,0.012967146808424701,0.012769149616534747,0.0020846634369400263,0.00031909654328488024,prewar,0,0,0,0
2025-05-19,66.25,63.98,122.4186,7.2144,144.99,1388.48,0.8899964400142399,0.015975995933724008,0.0021905813798186458,-0.005337043605768699,0.0007487832622412594,prewar,0,0,0,0
2025-05-20,66.93,63.97,122.3199,7.2194,144.72,1393.36,0.888572951839346,0.010211832246219466,-0.0001563110593263417,-0.0008065752249919456,0.0006928182737737654,prewar,0,0,0,0
2025-05-21,65.86,62.93,121.7496,7.2019,143.68,1371.64,0.8816009873931058,-0.016116020164332667,-0.0163912259232033,-0.0046732675563196935,-0.002426966860106461,prewar,0,0,0,0
2025-05-22,64.87,62.55,122.0429,7.2037,143.89,1381.55,0.8864462370357237,-0.015146009723253862,-0.006056760625922308,0.0024061457305366574,0.0002499028168723161,prewar,0,0,0,0
2025-05-23,65.41,62.89,121.3837,7.1798,142.61,1365.03,0.8810572687224669,0.00828988474815695,0.005420931642492022,-0.0054160195424275415,-0.003323255396254776,prewar,0,0,0,0
2025-05-26,,,,,,,,,,,,prewar,0,0,0,0
2025-05-27,64.32,61.61,121.6099,7.195,144.37,1375.85,0.8829242450997704,,,,,prewar,0,0,0,0
2025-05-28,65.72,62.54,121.9888,7.1941,145.04,1374.6,0.886053517632465,0.02153266829835676,0.01498215700321559,0.0031108565486164252,-0.00012509468989363448,prewar,0,0,0,0
2025-05-29,64.6,61.66,121.5617,7.1855,144.09,1371.75,0.8795074758135444,-0.01718888238051175,-0.014170929571690749,-0.003507284426142121,-0.0011961391172730096,prewar,0,0,0,0
2025-05-30,64.32,61.46,121.7674,7.1991,144.18,1381.13,0.8812902088657795,-0.004343785917845011,-0.00324886575566552,0.001690714748048272,0.0018909116766938627,prewar,0,0,0,0
2025-06-02,66.55,63.27,121.1881,7.1975,142.76,1376.42,0.8747375787263821,0.0340829199704098,0.029024726456454708,-0.004768783566007961,-0.0002222747046645157,prewar,0,0,0,0
2025-06-03,67.48,64.1,121.4592,7.1872,143.93,1378.45,0.8792754770069463,0.013877712836646516,0.013033080767830718,0.002234519920905065,-0.0014320773822615873,prewar,0,0,0,0
2025-06-04,66.69,63.57,121.0539,7.1844,142.91,1364.16,0.8753501400560223,-0.01177624103355246,-0.008302702978306264,-0.003342502960419047,-0.0003896573847628204,prewar,0,0,0,0
2025-06-05,67.14,64.06,120.9596,7.175,143.87,1355.97,0.8741258741258742,0.006724974907673875,0.0076784832326941554,-0.000779295409325087,-0.001309247091484833,prewar,0,0,0,0
2025-06-06,68.02,65.3,121.161,7.1886,144.87,1360.28,0.8774238834781083,0.01302178802716103,0.019171892101373267,0.0016636341265536814,0.0018936762460866063,prewar,0,0,0,0
2025-06-09,68.73,65.99,120.9103,7.1802,144.37,1354.99,0.87527352297593,0.010384005554464615,0.01051117911294508,-0.0020712913065725758,-0.0011692000663827695,prewar,0,0,0,0
2025-06-10,68.41,65.66,121.0485,7.187,144.91,1367.55,0.8754267705506433,-0.004666772360607752,-0.005013303321883988,0.0011423433661317262,0.0009466006609171185,prewar,0,0,0,0
2025-06-11,71.29,68.91,120.587,7.1928,144.48,1368.29,0.8703220191470844,0.04123705235663078,0.04831139329567069,-0.0038198076122313296,0.0008066872021204041,prewar,0,0,0,0
2025-06-12,70.84,68.73,120.1723,7.1726,143.64,1356.47,0.8637070305752289,-0.006332252214904521,-0.002615520235602631,-0.0034449378289798105,-0.0028123147721155206,prewar,0,0,0,0
2025-06-13,76.0,73.84,120.3245,7.181,144.04,1364.93,0.865276455827637,0.07030952737169827,0.07171480506108274,0.0012657134757647626,0.0011704382118700174,prewar,0,0,0,0
2025-06-16,75.05,72.53,120.1565,7.179,144.14,1357.55,0.8634832915983076,-0.012578782206859707,-0.01790032081927606,-0.0013972000060746836,-0.0002785515338346034,prewar,0,0,0,0
2025-06-17,78.7,75.62,120.5048,7.1845,145.04,1370.29,0.8669267446900737,0.047488597343885885,0.04172052908746604,0.0028945264002118165,0.0007658300927781969,prewar,0,0,0,0
2025-06-18,78.38,75.89,120.7305,7.1888,144.58,1372.11,0.867980210051211,-0.004074362651872221,0.0035641249530344865,0.0018712026461757958,0.0005983316466342536,prewar,0,0,0,0
2025-06-19,80.37,,,,,,,0.025072179453141885,,,,prewar,0,0,0,0
2025-06-20,78.73,75.72,121.0408,7.1785,145.92,1372.45,0.8680555555555556,-0.020616695028251364,,,,prewar,0,0,0,0
2025-06-23,74.34,69.36,121.1694,7.179,146.47,1382.61,0.8667013347200555,-0.05737511232726966,-0.08773199386883501,0.0010618876668626598,6.965000873448979e-05,prewar,0,0,0,0
2025-06-24,69.13,65.45,120.3645,7.1713,144.9,1359.0,0.8614748449345279,-0.07266037491193256,-0.058023840116377734,-0.006664927611021554,-0.0010731483995420898,prewar,0,0,0,0
2025-06-25,68.4,65.98,120.3336,7.1764,145.59,1362.17,0.8605851979345955,-0.010615965328668153,0.008065173444526508,-0.0002567531706292314,0.0007109153682884894,prewar,0,0,0,0
2025-06-26,68.57,66.44,119.6451,7.1675,144.34,1355.64,0.8534607834769993,0.0024822966677682246,0.006947618944658451,-0.00573802499194187,-0.001240945787704506,prewar,0,0,0,0
2025-06-27,69.37,66.66,119.659,7.1721,144.74,1360.72,0.8529512111907198,0.011599376100936531,0.0033057881344999984,0.0001161701785772351,0.0006415799823968893,prewar,0,0,0,0
2025-06-30,68.15,66.3,119.4088,7.1636,144.17,1353.5,0.8496176720475785,-0.0177433392546682,-0.005415175687777385,-0.002093130830233214,-0.0011858508473374663,prewar,0,0,0,0
2025-07-01,67.63,66.64,119.3436,7.1647,143.58,1358.06,0.8491847826086957,-0.007659486555692929,0.0051151006667709,-0.0005461725337276846,0.00015354229073394343,prewar,0,0,0,0
2025-07-02,70.8,68.66,119.3037,7.1649,143.76,1356.9,0.8481764206955046,0.045807329112824924,0.029861790170958358,-0.00033438467874358224,2.791424743375792e-05,prewar,0,0,0,0
2025-07-03,70.42,68.13,119.2382,7.1684,144.96,1364.65,0.8504847763225039,-0.005381686972767419,-0.0077491432439691366,-0.0005491697822996855,0.0004883732384814987,prewar,0,0,0,0
2025-07-04,71.03,,,,,,,0.00862500928281218,,,,prewar,0,0,0,0
2025-07-07,71.95,69.16,119.6201,7.1744,145.86,1369.6,0.8522969402539845,0.012869110323658006,,,,prewar,0,0,0,0
2025-07-08,72.5,69.55,119.8371,7.1738,146.81,1372.74,0.8541898009737763,0.007615128527252324,0.005623257554361771,0.0018124329475348588,-8.363418412749013e-05,prewar,0,0,0,0
2025-07-09,71.98,69.61,119.7311,7.18,146.53,1375.04,0.8541898009737763,-0.007198259209744151,0.0008623168111236978,-0.000884925519475388,0.0008638827886113809,prewar,0,0,0,0
2025-07-10,70.38,67.78,119.8343,7.1748,146.46,1373.37,0.8555783709787816,-0.02247917075744521,-0.026641069001669848,0.0008615601951174057,-0.0007244963674108984,prewar,0,0,0,0
2025-07-11,72.06,69.63,119.9214,7.1681,147.29,1375.37,0.8549931600547196,0.023589973426507704,0.026928342775550007,0.0007265729559859935,-0.0009342602245483445,prewar,0,0,0,0
2025-07-14,70.96,68.19,120.2209,7.167,147.69,1382.51,0.8567511994516792,-0.015382767318623536,-0.020897582421894434,0.002494355682326699,-0.00015346945639138632,prewar,0,0,0,0
2025-07-15,70.27,67.76,120.5105,7.1729,148.75,1385.39,0.8606592649969877,-0.009771372797217737,-0.006325876188761903,0.0024060022058121078,0.0008228788670663345,prewar,0,0,0,0
2025-07-16,69.67,67.13,120.4175,7.1791,148.08,1390.84,0.8599191675982457,-0.008575156162078379,-0.009341012393139003,-0.0007720149141565713,0.0008639911351282503,prewar,0,0,0,0
2025-07-17,71.32,68.76,120.6384,7.1832,148.55,1391.04,0.8622919720617401,0.02340698395291163,0.02399114256398871,0.0018327704224159191,0.0005709392104851219,prewar,0,0,0,0
2025-07-18,71.06,68.53,120.356,7.1776,148.55,1390.29,0.8587376556462,-0.0036522024020584354,-0.0033505749169169263,-0.002343623995068711,-0.0007799008807098939,prewar,0,0,0,0
2025-07-21,71.92,68.39,119.9961,7.176,147.27,1381.22,0.8543357539513028,0.012029799570484556,-0.0020449904877271052,-0.0029947753232493213,-0.0002229405872571366,prewar,0,0,0,0
2025-07-22,69.69,67.56,119.681,7.1748,146.36,1381.58,0.8511362669163333,-0.03149755471293769,-0.012210523170405274,-0.0026293724476769142,-0.00016723806377294537,prewar,0,0,0,0
2025-07-23,69.17,66.05,119.5697,7.1599,146.55,1375.38,0.8512087163772557,-0.007489592837933934,-0.02260406097126566,-0.0009304048684413146,-0.00207887229814685,prewar,0,0,0,0
2025-07-24,70.42,67.16,119.5664,7.1541,146.92,1371.0,0.8499787505312366,0.017910071114412673,0.016665801241005695,-2.7599346148043935e-05,-0.0008103954614258058,prewar,0,0,0,0
2025-07-25,69.23,66.38,119.9857,7.1679,147.77,1382.92,0.8525149190110827,-0.01704301903697214,-0.011682025917511218,0.0035007034228247136,0.0019271057493084331,prewar,0,0,0,0
2025-07-28,70.87,67.81,120.6149,7.1778,148.45,1388.21,0.8614006374364717,0.02341291813223023,0.021313870403922408,0.005230256569134006,0.0013802047403188578,prewar,0,0,0,0
2025-07-29,73.21,70.27,120.9674,7.1769,148.57,1390.63,0.8670019074041964,0.03248481083638666,0.03563528850835507,0.0029182622250463197,-0.0001253944702683807,prewar,0,0,0,0
2025-07-30,73.98,71.09,121.4042,7.1934,149.07,1391.58,0.8718395815170008,0.010462762745756748,0.011601714737285995,0.0036043865939268116,0.002296404007017694,prewar,0,0,0,0
2025-07-31,73.43,70.36,121.721,7.2002,150.6,1396.19,0.8748141020033243,-0.007462214940789025,-0.010321760072034891,0.0026060661691813536,0.0009448644544660656,prewar,0,0,0,0
2025-08-01,70.55,68.39,121.2122,7.2116,148.06,1388.34,0.8654262224145391,-0.04001089316469564,-0.028398304759352122,-0.0041888119364204,0.0015820372719161924,prewar,0,0,0,0
2025-08-04,69.56,67.33,120.9859,7.178,147.09,1385.71,0.8644536652835407,-0.014131988812740914,-0.015620712552815164,-0.0018687187542374417,-0.00467004796049264,prewar,0,0,0,0
2025-08-05,69.14,66.2,120.9082,7.1835,147.49,1386.64,0.8635578583765113,-0.006056254992603982,-0.016925439614227322,-0.0006424299118696908,0.0007659367432211184,prewar,0,0,0,0
2025-08-06,67.97,65.38,120.5082,7.1822,147.25,1384.64,0.8585901948999742,-0.01706700313493137,-0.01246406164689784,-0.0033137795612701026,-0.00018098665620858156,prewar,0,0,0,0
2025-08-07,66.99,64.9,120.5043,7.1806,147.35,1386.05,0.8590327291469806,-0.01452307683837084,-0.007368777586020059,-3.23634666283823e-05,-0.00022279778408362816,prewar,0,0,0,0
2025-08-08,67.17,64.94,120.3329,7.1839,147.7,1389.7,0.8576329331046313,0.0026833647585968734,0.0006161429646551753,-0.001423368391076707,0.0004594660528463024,prewar,0,0,0,0
2025-08-11,67.36,65.03,120.6892,7.1884,147.99,1392.74,0.8615490652192642,0.002824650655298022,0.001384935206361071,0.002956577505093705,0.0006262045945393258,prewar,0,0,0,0
2025-08-12,66.8,64.22,120.2736,7.1785,147.8,1385.4,0.8566778034781118,-0.008348289391470587,-0.012534013219692497,-0.0034494985292612412,-0.0013781680901185922,prewar,0,0,0,0
2025-08-13,66.25,63.68,120.13,7.1744,147.25,1378.9,0.8536064874093043,-0.008267615676269102,-0.008444147125240775,-0.0011946577928023672,-0.0005713131299625029,prewar,0,0,0,0
2025-08-14,68.12,64.99,120.6446,7.1795,147.69,1390.59,0.8588114050154585,0.027835390928156123,0.02036287037013018,0.004274543772908146,0.0007106082966454874,prewar,0,0,0,0
2025-08-15,67.3,63.78,120.3377,7.1817,147.0,1387.87,0.8541168431841476,-0.012110619143805401,-0.01879375032434627,-0.00254707641117502,0.0003063810847574455,prewar,0,0,0,0
2025-08-18,68.18,64.51,120.5622,7.1847,147.76,1387.34,0.8571183680466272,0.01299103005907476,0.011380588962238924,0.0018638452319095222,0.00041764116878373336,prewar,0,0,0,0
2025-08-19,66.62,63.38,120.7224,7.1819,147.72,1392.04,0.8576329331046313,-0.023146433944223332,-0.017671896281375332,0.001327892650754059,-0.0003897929970144709,prewar,0,0,0,0
2025-08-20,67.61,64.19,120.7757,7.1757,147.19,1397.7,0.8584427847883939,0.014751068337052864,0.01269908106091222,0.0004414113474631165,-0.0008636541462889724,prewar,0,0,0,0
2025-08-21,68.41,64.56,121.0843,7.1793,148.35,1401.88,0.8616975441619991,0.011763111670320292,0.005747588638006285,0.0025518909077213436,0.0005015674086339406,prewar,0,0,0,0
2025-08-22,68.29,64.08,120.2774,7.1651,146.82,1381.71,0.8537522410996329,-0.001755669799908155,-0.007462721201589417,-0.006686255574970268,-0.0019798673543010015,prewar,0,0,0,0
2025-08-25,,65.18,120.4214,7.151,147.61,1389.06,0.856898029134533,,0.017020370649311722,0.0011965162865772427,-0.001969810850606324,prewar,0,0,0,0
2025-08-26,66.89,63.6,120.5274,7.152,147.3,1393.52,0.8578536501672815,,-0.024539203063339343,0.0008798550301003516,0.00013983080495427735,prewar,0,0,0,0
2025-08-27,67.75,64.49,120.7274,7.1536,147.75,1394.54,0.8612522607871845,0.012774980629493449,0.013896702676209571,0.001657998479748457,0.00022368862636601428,prewar,0,0,0,0
2025-08-28,68.61,64.96,120.2595,7.1306,146.98,1384.85,0.8567511994516792,0.012613836942989565,0.007261522831136347,-0.0038832035099476414,-0.0032203441392602006,prewar,0,0,0,0
2025-08-29,67.83,64.36,120.2082,7.1304,146.9,1389.76,0.8550662676357418,-0.01143372174481172,-0.009279373729239815,-0.00042666853617578937,-2.8048523948331905e-05,prewar,0,0,0,0
2025-09-01,67.09,,,,,,,-0.010969573383190934,,,,prewar,0,0,0,0
2025-09-02,68.09,65.95,120.6837,7.139,148.23,1394.76,0.8581481163648845,0.014795357920077912,,,,prewar,0,0,0,0
2025-09-03,67.76,64.36,120.5052,7.1415,147.97,1389.21,0.8564576909900651,-0.004858309151075879,-0.024404557039140684,-0.0014801678898948012,0.00035012780022247725,prewar,0,0,0,0
2025-09-04,66.41,63.81,120.7629,7.1414,148.63,1394.8,0.8585164835164835,-0.02012440279117733,-0.008582404243926867,0.002136213598061154,-1.4002758543574245e-05,prewar,0,0,0,0
2025-09-05,64.92,62.22,120.1282,7.1323,146.84,1385.28,0.8504124500382686,-0.02269190490623174,-0.025233426410764537,-0.005269613271214446,-0.0012750725085866055,prewar,0,0,0,0
2025-09-08,65.44,62.6,120.0971,7.1293,147.58,1386.29,0.8509914049868096,0.007977949648101834,0.006088786636561316,-0.00025892360358170663,-0.0004207101649533751,prewar,0,0,0,0
2025-09-09,67.97,62.97,120.1569,7.1209,147.23,1388.16,0.8530239699735563,0.03793273906405492,0.00589314439459887,0.0004978064984131336,-0.0011789309585710228,prewar,0,0,0,0
2025-09-10,67.62,64.01,120.1223,7.1207,147.37,1386.97,0.8536793580331228,-0.005162634078806683,0.016380898653260978,-0.0002879982973071904,-2.808673182963517e-05,prewar,0,0,0,0
2025-09-11,67.25,62.71,119.9534,7.1184,147.17,1388.97,0.8523695874531196,-0.005486778797791914,-0.020518396598983024,-0.0014070564231678517,-0.000323054128421596,prewar,0,0,0,0
2025-09-12,67.87,63.02,120.0611,7.1242,147.85,1394.06,0.8536793580331228,0.009177092233718653,0.004931211774199085,0.0008974458395520912,0.0008144580793696399,prewar,0,0,0,0
2025-09-15,67.88,63.66,119.5644,7.1186,147.27,1385.09,0.8494733265375467,0.00014732965035868517,0.010104285524818124,-0.004145641522886656,-0.0007863622726669295,prewar,0,0,0,0
2025-09-16,69.69,64.89,119.1348,7.1142,146.56,1381.49,0.8440243079000674,0.02631539508440195,0.019137106779131052,-0.0035995132270443264,-0.0006182901664000262,prewar,0,0,0,0
2025-09-17,69.19,64.41,119.1582,7.1033,146.36,1375.5,0.8442380751371886,-0.007200491939707732,-0.007424628074278239,0.00019639687338912637,-0.001533321911104224,prewar,0,0,0,0
2025-09-18,67.83,63.91,119.6616,7.1125,148.02,1388.51,0.8488964346349746,-0.01985176855273174,-0.007793056896608697,0.004215737100136785,0.0012943346536105071,prewar,0,0,0,0
2025-09-19,67.05,63.02,119.7858,7.1142,147.83,1397.43,0.8508465923593976,-0.01156596523030018,-0.01402370733306224,0.0010373886802561572,0.00023898725749371685,prewar,0,0,0,0
2025-09-22,66.87,62.99,119.8152,7.114,147.83,1392.4,0.8494011721736175,-0.002688173661800519,-0.0004761526952909989,0.0002454079920157781,-2.811318367945681e-05,prewar,0,0,0,0
2025-09-23,67.96,63.76,119.6202,7.1116,147.83,1394.28,0.8474576271186441,0.01616886073784407,0.012150050848122262,-0.0016288321869923905,-0.0003374198659840122,prewar,0,0,0,0
2025-09-24,69.64,65.4,120.1707,7.1315,148.71,1404.7,0.8516436722875149,0.024419818096256485,0.025396223981193344,0.004591508411153633,0.0027943373210603806,prewar,0,0,0,0
2025-09-25,70.48,65.51,120.5419,7.1338,149.78,1408.67,0.8566778034781118,0.011989866727936338,0.0016805442806324677,0.003084178345816646,0.0003224607992724504,prewar,0,0,0,0
2025-09-26,71.15,66.5,120.4349,7.1328,149.52,1410.05,0.8552856654122477,0.009461342907937542,0.0149991449180229,-0.0008880523521934691,-0.00014018757119971248,prewar,0,0,0,0
2025-09-29,69.0,64.27,120.115,7.1194,148.57,1399.76,0.8525149190110827,-0.03068381993860214,-0.03410898827861342,-0.002659740773842678,-0.0018804119993371948,prewar,0,0,0,0
2025-09-30,68.52,63.17,120.1368,7.119,147.97,1404.63,0.8521516829995739,-0.0069808311413401825,-0.017263454472585593,0.0001814762683141069,-5.618608833923844e-05,prewar,0,0,0,0
2025-10-01,66.67,62.59,120.1502,7.12,147.16,1402.45,0.8530239699735563,-0.027370596825950777,-0.009223983973999594,0.00011153329155444425,0.00014045930214834357,prewar,0,0,0,0
2025-10-02,65.44,61.28,120.4296,7.12,147.35,1406.72,0.8549931600547196,-0.018621384335476776,-0.021151995504274268,0.0023227230683087186,0.0,prewar,0,0,0,0
2025-10-03,66.13,61.65,120.0881,7.12,147.33,1406.16,0.8512811781731505,0.01048880939207919,0.006019704178017449,-0.002839709755137143,0.0,prewar,0,0,0,0
2025-10-06,67.09,62.49,120.2722,7.12,150.02,1410.47,0.8541898009737763,0.014412499888226016,0.013533314330637758,0.001531867250964325,0.0,prewar,0,0,0,0
2025-10-07,67.1,62.52,120.4884,7.12,151.17,1413.12,0.8566044200788077,0.00014904240283897252,0.00047996161228525125,0.0017959754055549837,0.0,prewar,0,0,0,0
2025-10-08,67.42,63.37,120.7766,7.12,152.72,1424.17,0.8616232982939858,0.004757665828278412,0.013504057782149914,0.0023890753907895856,0.0,prewar,0,0,0,0
2025-10-09,67.23,62.36,121.0902,7.1275,153.05,1423.68,0.8651267410675665,-0.002822133324968945,-0.016066519145850222,0.0025931643014551753,0.0010528163808056767,prewar,0,0,0,0
2025-10-10,64.41,59.75,121.1163,7.134,151.94,1428.39,0.8611039352449841,-0.04285067592214631,-0.04275485337795537,0.00021551857692525545,0.000911545132009639,prewar,0,0,0,0
2025-10-13,64.15,,,,,,,-0.004044809497154134,,,,prewar,0,0,0,0
2025-10-14,63.0,59.52,121.1822,7.1384,151.77,1429.91,0.8614748449345279,-0.018089364670112573,,,,prewar,0,0,0,0
2025-10-15,62.33,59.08,120.8642,7.1262,151.21,1423.12,0.8592541673827119,-0.010691875570773668,-0.007419932861657763,-0.0026275968819442497,-0.0017105285776919388,prewar,0,0,0,0
2025-10-16,61.08,58.29,120.6698,7.123,150.75,1416.07,0.8572653236176596,-0.020258370470327414,-0.013461905605720581,-0.0016097116097695263,-0.00044914802989581837,prewar,0,0,0,0
2025-10-17,61.23,58.3,120.7028,7.1264,150.33,1421.89,0.8566044200788077,0.0024527851394315903,0.00017154129898777626,0.0002734361746581371,0.00047721308469461654,prewar,0,0,0,0
2025-10-20,60.71,58.34,120.6209,7.1195,150.59,1420.39,0.8579272477693892,-0.008528836347520219,0.0006858710831290082,-0.0006787564018315706,-0.0009686998419990989,prewar,0,0,0,0
2025-10-21,61.0,58.66,120.8895,7.1218,151.72,1430.58,0.8608815426997245,0.00476543503096849,0.005470099109730064,0.002224335769766661,0.00032300422292874664,prewar,0,0,0,0
2025-10-22,62.28,59.3,120.8958,7.1257,151.79,1429.94,0.861178091629349,0.020766482792486052,0.010851242454374521,5.2112349273159e-05,0.0005474644811240825,prewar,0,0,0,0
2025-10-23,66.32,62.44,120.9531,7.1221,152.72,1437.25,0.861178091629349,0.06285116386124212,0.05159678964355141,0.0004738495901550621,-0.0005053411862339097,prewar,0,0,0,0
2025-10-24,65.8,62.27,120.9345,7.1211,152.82,1438.35,0.860141063134354,-0.007871672495768145,-0.0027263267628709897,-0.00015379043850671792,-0.00014041788385221743,prewar,0,0,0,0
2025-10-27,65.52,62.13,120.7988,7.1102,153.09,1432.72,0.8594018563080097,-0.004264398786457235,-0.0022508048087575006,-0.0011227250383321064,-0.0015318350581354778,prewar,0,0,0,0
2025-10-28,64.03,60.97,120.6361,7.0988,152.14,1432.72,0.8577064928381508,-0.023003716014103226,-0.018847024155878245,-0.0013477755256481316,-0.001604617136470754,prewar,0,0,0,0
2025-10-29,65.01,61.26,120.5312,7.098,151.91,1420.83,0.8573388203017832,0.015189380685666443,0.004745161484904337,-0.000869935572655578,-0.00011270145396813369,prewar,0,0,0,0
2025-10-30,65.11,61.36,121.2832,7.1097,154.17,1430.45,0.8647526807333102,0.001537043032393548,0.0016310556543714938,0.006219666192015971,0.0016469946078221387,prewar,0,0,0,0
2025-10-31,65.44,61.75,121.3859,7.1169,154.05,1428.37,0.8664760419374405,0.005055545045721033,0.006335818449086261,0.0008464201345077527,0.0010121885221647808,prewar,0,0,0,0
2025-11-03,65.79,61.79,121.4512,7.1222,154.13,1430.65,0.8672274737663689,0.005334158803414368,0.0006475635648017786,0.0005378091039132116,0.0007444291064409025,prewar,0,0,0,0
2025-11-04,65.04,61.38,121.8271,7.1295,153.55,1440.22,0.8702462796971543,-0.011465385858350885,-0.0066574898812978844,0.0030902904134926246,0.001024439279304401,prewar,0,0,0,0
2025-11-05,63.54,60.4,121.8482,7.126,154.11,1440.95,0.8707009142359599,-0.023332836398185286,-0.016094944250821364,0.00017318127896182034,-0.0004910385563925423,prewar,0,0,0,0
2025-11-06,63.41,60.24,121.6948,7.1195,152.97,1449.28,0.8666262241095416,-0.002048051129429851,-0.0026525214491313065,-0.0012597366402342658,-0.0009125689447320173,prewar,0,0,0,0
2025-11-07,63.72,60.54,121.388,7.1219,153.06,1461.07,0.8637070305752289,0.004876907329907532,0.004967720101935136,-0.0025242441086401612,0.00033704551837887564,prewar,0,0,0,0
2025-11-10,63.01,60.94,121.2984,7.1193,153.99,1456.34,0.8661758336942399,-0.011205041087883671,0.006585469963989787,-0.0007384015261759913,-0.0003651377733460137,prewar,0,0,0,0
2025-11-11,63.86,,,,,,,0.013399743332671576,,,,prewar,0,0,0,0
2025-11-12,61.88,59.3,121.0458,7.112,154.64,1468.6,0.862663906142167,-0.03149616158176993,,,,prewar,0,0,0,0
2025-11-13,62.14,59.54,120.7725,7.095,154.4,1465.32,0.8584427847883939,0.0041928782600351155,0.004039049583950849,-0.0022603757975661054,-0.0023931875995975016,prewar,0,0,0,0
2025-11-14,63.45,60.87,120.9666,7.0992,154.64,1453.2,0.860807437376259,0.020862290195496236,0.02209208691820219,0.0016058638566303074,0.000591791030501998,prewar,0,0,0,0
2025-11-17,63.16,60.66,121.1146,7.1075,155.2,1459.71,0.8622176237282291,-0.004581004772956199,-0.0034559402453977484,0.0012227303767424758,0.0011684629005099811,prewar,0,0,0,0
2025-11-18,64.86,61.51,121.2127,7.1074,155.44,1461.3,0.8636324380343726,0.02655991149173076,0.01391526095984208,0.0008096488126509982,-1.406974371986891e-05,prewar,0,0,0,0
2025-11-19,63.78,60.27,121.4978,7.1106,156.63,1467.69,0.8665511265164645,-0.016791439297260347,-0.020365295725324195,0.0023493019966380757,0.00045013364102297615,prewar,0,0,0,0
2025-11-20,63.64,60.07,121.6889,7.1098,157.41,1472.65,0.8670019074041964,-0.0021974581123256343,-0.0033239186328826165,0.001571632324754546,-0.0001125144160283309,prewar,0,0,0,0
2025-11-21,62.78,58.86,121.8653,7.1066,156.58,1470.84,0.8691117677733357,-0.01360565205577835,-0.020348806056743385,0.0014485484614503719,-0.00045018430179855073,prewar,0,0,0,0
2025-11-24,64.83,59.11,121.9171,7.102,156.94,1475.94,0.8682062858135093,0.03213190777309727,0.004238372030950899,0.0004249691592139726,-0.000647495201597792,prewar,0,0,0,0
2025-11-25,63.99,58.25,121.6335,7.0845,156.3,1468.02,0.8655760408551891,-0.013041638035535819,-0.014656022390467704,-0.002328880554428814,-0.0024671354987517713,prewar,0,0,0,0
2025-11-26,64.81,58.81,121.2437,7.0758,156.38,1468.39,0.862738331464067,0.012733091288255949,0.009567816026054388,-0.0032098553069728197,-0.0012287876803021014,prewar,0,0,0,0
2025-11-27,64.18,,,,,,,-0.009768276757913696,,,,prewar,0,0,0,0
2025-11-28,64.07,58.58,121.0527,7.0751,156.17,1467.65,0.8620689655172414,-0.001715400030780856,,,,prewar,0,0,0,0
2025-12-01,64.22,59.47,120.9862,7.0717,155.28,1467.79,0.8603630732168974,0.002338453010438002,0.015078642318915314,-0.0005494984622167465,-0.00048067408395735534,prewar,0,0,0,0
2025-12-02,63.37,58.81,121.1467,7.07,155.92,1469.23,0.8623663332183512,-0.013324125325942404,-0.011160075246637646,0.001325718425764677,-0.00024042371259302975,prewar,0,0,0,0
2025-12-03,63.75,59.09,120.7336,7.0636,155.17,1465.94,0.8576329331046313,0.00597862070311006,0.004749796885718638,-0.00341574242835474,-0.0009056433516492213,prewar,0,0,0,0
2025-12-04,64.15,59.82,120.6766,7.0714,154.9,1473.22,0.8577064928381508,0.0062549070231092685,0.012278347844218551,-0.0004722252917170877,0.0011036435502962405,prewar,0,0,0,0
2025-12-05,64.42,60.23,120.6863,7.0696,155.3,1472.83,0.8594757198109153,0.004200052841407675,0.006830513853827824,8.037689309503548e-05,-0.00025457888547064655,prewar,0,0,0,0
2025-12-08,63.3,59.04,120.776,7.071,155.89,1469.19,0.860141063134354,-0.01753881475292207,-0.019955386763412797,0.0007429731608317169,0.00019801140044606313,prewar,0,0,0,0
2025-12-09,62.62,58.4,120.6832,7.0633,156.85,1469.48,0.8591803419537761,-0.010800613251871205,-0.010899290458035615,-0.0007686599191014665,-0.0010895482283144187,prewar,0,0,0,0
2025-12-10,63.12,58.67,120.6752,7.064,156.33,1470.2,0.8583690987124464,0.007952960639359574,0.0046126331035871715,-6.629145704462047e-05,9.909890786952147e-05,prewar,0,0,0,0
2025-12-11,61.87,57.76,119.98,7.0579,155.15,1471.38,0.8506294658046955,-0.020002266994721296,-0.015632028353198102,-0.005777576664342199,-0.0008639064685893594,prewar,0,0,0,0
2025-12-12,62.11,57.61,120.1442,7.0548,155.81,1477.72,0.8524422470377632,0.0038715970283140777,-0.002600330840278886,0.0013676258002588426,-0.0004393206189969856,prewar,0,0,0,0
2025-12-15,61.55,56.97,119.9561,7.047,155.29,1468.62,0.8506294658046955,-0.009057153940749352,-0.011171350251987455,-0.0015668455098314382,-0.0011062418691871745,prewar,0,0,0,0
2025-12-16,59.93,55.44,119.8902,7.0417,154.8,1472.48,0.8496176720475785,-0.026672638160368578,-0.027223458610656337,-0.000549518601357768,-0.0007523760531509271,prewar,0,0,0,0
2025-12-17,60.61,56.07,120.155,7.0431,155.6,1475.05,0.8512087163772557,0.011282681493099744,0.011299555253933669,0.002206252050951818,0.0001987958657008182,prewar,0,0,0,0
2025-12-18,60.69,56.22,120.0528,7.0404,155.53,1473.21,0.8525876033762468,0.0013190438845702701,0.0026716553428043355,-0.0008509299545371718,-0.00038342741975783134,prewar,0,0,0,0
2025-12-19,61.35,56.8,120.1652,7.0409,157.43,1477.26,0.8531695247845748,0.010816231309156876,0.01026376024872011,0.000935816701519876,7.101617041183061e-05,prewar,0,0,0,0
2025-12-22,62.22,58.18,119.9912,7.0367,156.93,1480.13,0.851063829787234,0.014081320312570256,0.024005327339949645,-0.0014490559522588597,-0.0005966926357638958,prewar,0,0,0,0
2025-12-23,63.7,58.55,119.7057,7.028,156.33,1481.45,0.8491847826086957,0.023508071108626183,0.006339436976670498,-0.0023821762818965198,-0.0012371399474746525,prewar,0,0,0,0
2025-12-24,63.7,58.72,119.4372,7.0142,155.83,1443.62,0.8488964346349746,0.0,0.0028992942625345464,-0.002245520254398947,-0.001965504613620217,prewar,0,0,0,0
2025-12-25,,,,,,,,,,,,prewar,0,0,0,0
2025-12-26,,56.6,119.4723,7.0063,156.63,1441.16,0.8499065102838687,,,,,prewar,0,0,0,0
2025-12-29,63.1,57.89,119.5899,7.0056,156.1,1433.88,0.8506294658046955,,0.022535672881776492,0.0009838444512419997,-9.991507227158358e-05,prewar,0,0,0,0
2025-12-30,62.3,57.79,119.4939,6.9961,156.26,1439.42,0.8499787505312366,-0.012759343753760533,-0.0017289077612270276,-0.0008030657464814794,-0.0013569782894602422,prewar,0,0,0,0
2025-12-31,61.35,57.26,119.7456,6.9931,156.8,1444.55,0.8520790729379687,-0.015366254636486332,-0.00921345065971746,0.0021041683573770342,-0.0004289023026320393,prewar,0,0,0,0
2026-01-01,,,,,,,,,,,,prewar,0,0,0,0
2026-01-02,61.98,57.21,119.6059,6.9877,156.72,1444.45,0.8519338899301414,,,,,prewar,0,0,0,0
2026-01-05,63.0,58.1,119.6192,6.988,156.32,1444.88,0.8536064874093043,0.016322974031930393,0.01543695557742808,0.00011119234573353509,4.2931659959277724e-05,prewar,0,0,0,0
2026-01-06,62.1,56.97,119.7807,6.9834,156.7,1446.93,0.8555051758063136,-0.014388737452099676,-0.019640850365561846,0.001349207117455009,-0.0006584880779616498,prewar,0,0,0,0
2026-01-07,61.08,56.01,119.8719,6.9965,156.73,1447.45,0.8554319931565441,-0.016561508589001406,-0.016994567270563365,0.0007611017314435031,0.0018741198197824716,prewar,0,0,0,0
2026-01-08,63.34,57.74,120.0904,6.9835,156.9,1452.15,0.858000858000858,0.036332560760062194,0.030419928013048825,0.0018211199041484605,-0.001859800249941923,prewar,0,0,0,0
2026-01-09,65.11,58.96,120.2215,6.9772,158.07,1458.61,0.8595495960116899,0.027561106138277225,0.020909073646291354,0.0010910821561953554,-0.0009025336018464447,prewar,0,0,0,0
2026-01-12,65.4,59.39,119.9958,6.9731,158.15,1467.08,0.8567511994516792,0.0044441112143820405,0.007266614146687722,-0.0018791324889155803,-0.0005878009961146624,prewar,0,0,0,0
2026-01-13,67.58,60.85,120.1401,6.9775,159.06,1475.78,0.858663918942126,0.032789822822991255,0.02428595740576789,0.001201819614381705,0.0006307972626122815,prewar,0,0,0,0
2026-01-14,68.87,61.84,119.9537,6.973,158.13,1464.29,0.858000858000858,0.018908588270463156,0.016138584845630355,-0.0015527267880326434,-0.0006451381894665431,prewar,0,0,0,0
2026-01-15,66.16,59.13,119.9951,6.966,158.5,1469.39,0.8616975441619991,-0.04014461884117182,-0.04481199444642847,0.00034507361912883283,-0.0010043762950642243,prewar,0,0,0,0
2026-01-16,66.97,59.4,120.0838,6.9681,158.02,1474.05,0.8621432882145013,0.012168707206523521,0.0045558165358610125,0.0007389237791066705,0.00030141882373446727,prewar,0,0,0,0
2026-01-19,66.91,,,,,,,-0.0008963251272335881,,,,prewar,0,0,0,0
2026-01-20,67.68,60.3,119.4455,6.9599,157.89,1478.33,0.851861316977596,0.011442282503242751,,,,prewar,0,0,0,0
2026-01-21,66.72,60.38,119.3431,6.9637,158.16,1465.95,0.8543357539513028,-0.014285957247476944,0.0013258205455528582,-0.0008576624367915286,0.0005458358606031943,prewar,0,0,0,0
2026-01-22,65.46,59.24,119.1962,6.97,158.36,1464.34,0.8519338899301414,-0.01906548897745708,-0.01906093487909466,-0.001231663030540453,0.0009042824848111142,prewar,0,0,0,0
2026-01-23,68.16,60.7,118.8976,6.9631,157.57,1462.89,0.8495454931611588,0.04041861344802644,0.024346708665854422,-0.002508256464887282,-0.0009904472894139982,prewar,0,0,0,0
2026-01-26,67.7,60.46,118.0525,6.9542,153.88,1441.49,0.8413259296651522,-0.006771702602831553,-0.003961708714140144,-0.007133177689121695,-0.0012789838852675928,prewar,0,0,0,0
2026-01-27,70.28,62.04,117.4523,6.9545,153.03,1437.45,0.8347245409015025,0.03740108340066772,0.02579734895702579,-0.0050971470600842395,4.313846729697701e-05,prewar,0,0,0,0
2026-01-28,70.9,62.75,117.5117,6.9462,153.6,1436.06,0.8374507997655138,0.008783170219184733,0.011379239703555477,0.0005056093807178641,-0.0011941846074472462,prewar,0,0,0,0
2026-01-29,71.0,64.77,117.4396,6.948,152.88,1433.84,0.8373105584861426,0.0014094435032339092,0.03168395518293199,-0.0006137442292359907,0.0002591009212578044,prewar,0,0,0,0
2026-01-30,72.25,64.5,117.8996,6.951,154.34,1444.51,0.8413967185527977,0.01745244995122608,-0.004177309393099016,0.003909255966032532,0.0004316857394903728,prewar,0,0,0,0
2026-02-02,67.72,61.6,118.3609,6.9463,155.5,1452.03,0.8469551960701278,-0.06475076972760707,-0.046003353262252134,0.003905016591454924,-0.0006763904037747626,prewar,0,0,0,0
2026-02-03,70.01,62.62,117.9764,6.9377,155.7,1447.7,0.8460952703274389,0.03325653172417198,0.016422845358785132,-0.003253826960344597,-0.0012388362287349963,prewar,0,0,0,0
2026-02-04,71.15,64.56,118.2602,6.9415,156.61,1459.24,0.8472422265525714,0.016152235546755378,0.03051030806343391,0.002402677117162355,0.0005475820068807646,prewar,0,0,0,0
2026-02-05,69.87,62.9,118.5034,6.9378,156.91,1463.13,0.8473140145738011,-0.01815395197150238,-0.0260488602552984,0.0020543705665412304,-0.0005331681118858622,prewar,0,0,0,0
2026-02-06,70.45,63.77,118.2407,6.9388,157.1,1462.75,0.8465966813410091,0.00826686578032998,0.013736696620785693,-0.0022192748019520536,0.00014412752428283326,prewar,0,0,0,0
2026-02-09,71.19,64.53,117.6392,6.92,156.08,1458.12,0.8404773911581779,0.010449120771092169,0.011847371620567593,-0.005100064090101775,-0.0027130792755385436,prewar,0,0,0,0
2026-02-10,71.01,64.2,117.5216,6.9106,154.28,1456.82,0.8404773911581779,-0.00253164692177954,-0.005127021251833064,-0.0010001667778247736,-0.0013593049393914036,prewar,0,0,0,0
2026-02-11,71.52,64.8,117.4601,6.9125,152.93,1446.96,0.841467519353753,0.007156418671256937,0.009302392662313252,-0.0005234450291595749,0.00027490215826619924,prewar,0,0,0,0
2026-02-12,69.8,63.08,117.5376,6.901,152.64,1439.8,0.8424599831508003,-0.024343121096932485,-0.026901841263391013,0.0006595809474703174,-0.001665038209988312,prewar,0,0,0,0
2026-02-13,69.96,63.05,117.5258,6.908,152.77,1442.9,0.8424599831508003,0.002289640382074687,-0.00047569968390881456,-0.00010039844578013657,0.0010138316459673558,prewar,0,0,0,0
2026-02-16,70.81,,,,,,,0.012076583513281669,,,,prewar,0,0,0,0
2026-02-17,69.77,62.53,117.7375,6.9031,153.57,1444.43,0.8452370890034654,-0.014796115712537805,,,,prewar,0,0,0,0
2026-02-18,71.78,65.33,117.8426,6.9031,154.45,1445.15,0.8467400508044031,0.028401767768316155,0.04380490727345254,0.0008922655773790922,0.0,prewar,0,0,0,0
2026-02-19,73.17,66.66,118.2354,6.9031,154.96,1450.1,0.8501955449753444,0.01917961517647715,0.020153724026934938,0.0033277167925778173,0.0,prewar,0,0,0,0
2026-02-20,72.75,66.69,117.9917,6.9031,154.99,1445.97,0.848824378236143,-0.005756594844336327,0.0004499437646208193,-0.0020632695101809873,0.0,prewar,0,0,0,0
2026-02-23,71.9,66.36,117.9395,6.9031,154.3,1442.62,0.8471704506946799,-0.011752641324600965,-0.004960551321970819,-0.000442501889125424,0.0,prewar,0,0,0,0
2026-02-24,71.21,65.62,117.9463,6.883,155.66,1440.45,0.8482483671218932,-0.009643006732967585,-0.011213937789288586,5.765501782573068e-05,-0.0029159826553482038,prewar,0,0,0,0
2026-02-25,70.69,65.3,117.769,6.8692,156.3,1427.12,0.8471704506946799,-0.007329137811170838,-0.004888491250570226,-0.001504357446776794,-0.0020069522886569935,prewar,0,0,0,0
2026-02-26,71.66,65.1,117.9042,6.8409,156.13,1433.32,0.8480325644504749,0.013628591693945147,-0.0030674870678613075,0.0011473516278606155,-0.004128349201492965,prewar,0,0,0,0
2026-02-27,71.32,66.96,117.8223,6.8579,156.05,1439.82,0.845880561664693,-0.004755918881868659,0.028170876966695957,-0.0006948731118088247,0.002481970497695718,prewar,0,0,0,0
2026-03-02,77.24,71.13,118.667,6.8821,157.48,1439.8,0.8554319931565441,0.07974066456537443,0.060413762564204276,0.007143693962052389,0.003522565505638786,E2_disruption,1,0,1,0
2026-03-03,83.28,74.48,119.4341,6.8996,157.69,1485.6,0.8617718028266115,0.07529096674640012,0.0460214442233875,0.006443503655241933,0.0025396009789251384,E2_disruption,1,0,1,0
2026-03-04,81.56,74.58,119.0705,6.8969,156.93,1462.7,0.8592541673827119,-0.020869478600459068,0.0013417417818635258,-0.003049000159165871,-0.00039140362185619004,E2_disruption,1,0,1,0
2026-03-05,88.59,80.88,119.5683,6.8912,157.58,1483.36,0.8631851532153646,0.0826800387176867,0.08109419996154088,0.004172001552488425,-0.0008267999687714411,E2_disruption,1,0,1,0
2026-03-06,95.74,90.77,119.491,6.8965,157.64,1482.98,0.8616232982939858,0.07761719954042157,0.11536225982631976,-0.0006467014894973033,0.0007688012157283097,E2_disruption,1,0,1,0
2026-03-09,94.35,94.65,119.5151,6.9066,158.08,1478.15,0.862663906142167,-0.014624912149804103,0.04185704311679661,0.0002016684936636537,0.0014634396334969324,E2_disruption,1,0,1,0
2026-03-10,89.84,83.71,118.7255,6.8766,157.6,1465.29,0.8585164835164835,-0.04898096138437058,-0.1228274329833674,-0.006628617382223645,-0.004353132418362993,E2_disruption,1,0,1,0
2026-03-11,90.98,86.8,119.2885,6.8655,158.83,1474.94,0.8646031471554556,0.012609391711669637,0.03624817699433969,0.004730822977024651,-0.001615473968901826,E2_disruption,1,0,1,0
2026-03-12,102.38,95.61,119.8227,6.8689,159.21,1491.81,0.8679048776254124,0.11805167888757939,0.0966707954310504,0.004468221386326299,0.0004951071862553391,E2_disruption,1,0,1,0
2026-03-13,103.23,98.48,120.5518,6.8961,159.54,1498.88,0.8738203425375742,0.008268127448061158,0.029576064778843225,0.00606638587677466,0.003952057450419044,E2_disruption,1,0,1,0
2026-03-16,101.04,93.39,120.097,6.8955,159.3,1493.01,0.8705493166187864,-0.021443030435262855,-0.05306920875457166,-0.0037797864894324462,-8.700948408857379e-05,E2_disruption,1,0,1,0
2026-03-17,108.39,96.01,119.8328,6.8863,159.03,1488.68,0.8676789587852494,0.07021935578542315,0.02766807958790629,-0.0022023117327210073,-0.0013350943079373234,E2_disruption,1,0,1,0
2026-03-18,118.09,96.12,119.9276,6.8726,159.48,1500.19,0.8685833405715279,0.0857112117855312,0.0011450581587357789,0.0007907895126981757,-0.0019914389271895594,E2_disruption,1,0,1,0
2026-03-19,111.05,96.11,120.1802,6.8998,158.19,1495.88,0.8684324793747287,-0.06146649527275372,-0.00010404203307601279,0.002104055704891472,0.003949933978750986,E2_disruption,1,0,1,0
2026-03-20,118.42,98.71,120.2757,6.8857,159.26,1504.15,0.8663259118080221,0.06425707676319359,0.02669288959460392,0.0007943244896155832,-0.002045628365586971,E2_disruption,1,0,1,0
2026-03-23,103.79,89.33,119.9371,6.8807,158.7,1492.07,0.8630361612151549,-0.13186800012643207,-0.09984888071604914,-0.002819168872416178,-0.0007264063545822097,E2_disruption,1,0,1,0
2026-03-24,108.42,93.18,120.1295,6.8918,158.9,1496.95,0.8637070305752289,0.04364294685499459,0.042195728674903066,0.0016028888749515247,0.0016119081362684362,E2_disruption,1,0,1,0
2026-03-25,109.14,91.51,120.1282,6.9011,159.2,1500.32,0.8643042350907519,0.006618887925893269,-0.018084850461363544,-1.0821713518183174e-05,0.0013485200950260623,E2_disruption,1,0,1,0
2026-03-26,113.39,96.18,120.389,6.9107,159.65,1504.57,0.8664009703690869,0.03820174222566308,0.04977317992223007,0.002168660721260096,0.0013901159220286452,E2_disruption,1,0,1,0
2026-03-27,121.47,101.26,120.8851,6.9116,160.16,1509.86,0.8680555555555556,0.06883411472843104,0.051470030692246205,0.004112341102034733,0.00013022434779630387,E2_disruption,1,0,1,0
2026-03-30,121.88,104.69,121.2851,6.9119,159.49,1518.7,0.8730574471800244,0.0033696354053285305,0.0333121357895001,0.003303464784375265,4.340434767557966e-05,E2_disruption,1,0,1,0
2026-03-31,126.69,102.86,121.035,6.898,159.08,1523.5,0.8682062858135093,0.03870620349645382,-0.01763476198449343,-0.0020642124925318583,-0.002013049289856239,E2_disruption,1,0,1,0
2026-04-01,119.56,101.9,120.1198,6.872,158.63,1511.31,0.8610297916307904,-0.05792482019822476,-0.00937690011809078,-0.007590181856500955,-0.0037763298326947137,E2_disruption,1,0,1,0
2026-04-02,127.61,113.23,120.503,6.8856,159.34,1509.54,0.8661008141347653,0.06516040033014736,0.10542920809726919,0.0031850707742844264,0.001977089671173271,E2_disruption,1,0,1,0
2026-04-03,,,120.6565,6.8824,159.64,1510.17,0.8678295582747547,,,0.00127301657807255,-0.0004648460281262423,E2_disruption,1,0,1,0
2026-04-06,,114.01,120.4302,6.8778,159.71,1507.55,0.8661758336942399,,,-0.0018773334776573947,-0.0006685949581195505,E2_disruption,1,0,1,0
2026-04-07,138.21,114.58,120.32,6.8567,159.9,1501.86,0.8642295393656555,,0.004987105134802938,-0.0009154717852482008,-0.00307255693323083,E2_disruption,1,0,1,0
2026-04-08,122.11,96.17,119.0596,6.8287,158.39,1477.1,0.8557247989046722,-0.12385198977100487,-0.1751558102560411,-0.010530652132525908,-0.004091957716924055,E2_disruption,1,0,1,0
2026-04-09,119.03,99.62,118.8998,6.8314,158.87,1472.92,0.8542627712284298,-0.02554671566514255,0.03524548892074719,-0.0013430864594692338,0.0003953118989115101,E2_disruption,1,0,1,0
2026-04-10,119.07,98.34,118.8552,6.8278,159.22,1483.9,0.8530239699735563,0.00033599328329536604,-0.012932085661343962,-0.00037517613108573045,-0.0005271172665100021,E2_disruption,1,0,1,0
2026-04-13,123.28,100.72,118.9916,6.8303,159.74,1486.94,0.8539709649871904,0.03474663554877733,0.023913527752298158,0.0011469569063198293,0.0003660831342457982,E2_disruption,1,0,1,0
2026-04-14,118.69,93.07,118.3581,6.8157,158.91,1471.51,0.8481044864727334,-0.03794313894344725,-0.07899249153847254,-0.005338127702120055,-0.0021398220095150133,E2_disruption,1,0,1,0
2026-04-15,114.93,93.04,118.3623,6.818,159.02,1474.41,0.8475294516484448,-0.03219180468774585,-0.0003223899872102365,3.54849011783287e-05,0.0003373992418520544,E2_disruption,1,0,1,0
2026-04-16,116.63,96.46,118.3616,6.8208,159.07,1478.19,0.8486803021301876,0.014683283322290741,0.03609890643041691,-5.914062754186489e-06,0.00041059331309756253,E2_disruption,1,0,1,0
2026-04-17,98.63,85.91,118.0795,6.817,158.1,1461.66,0.8473858147614609,-0.16763105573705595,-0.11582817799086076,-0.0023862190952197437,-0.0005572746481605773,E2_disruption,1,0,1,0
2026-04-20,103.4,91.06,118.2374,6.8172,158.66,1470.31,0.848536274925753,0.04722948710842623,0.058218393256670886,0.001336341357712989,2.9337988296074258e-05,E2_disruption,1,0,1,0
2026-04-21,106.14,93.64,118.4331,6.8208,159.39,1478.52,0.8509189925119128,0.026154015325420055,0.027939012716074352,0.0016537764073083494,0.000527936659864503,E2_disruption,1,0,1,0
2026-04-22,113.44,94.76,118.6004,6.8275,159.49,1480.61,0.8536793580331228,0.06651508538406858,0.011889736667874296,0.0014116150483447498,0.000981807336914109,E2_disruption,1,0,1,0
2026-04-23,113.25,99.27,118.7155,6.826,159.44,1479.19,0.8544087491455912,-0.0016762984206737386,0.04649603131104563,0.0009700151487956887,-0.00021972388120761188,E2_disruption,1,0,1,0
2026-04-24,111.86,98.42,118.7294,6.8359,159.35,1476.47,0.8533879501621437,-0.012349674969701852,-0.008599375163798051,0.00011707979422492798,0.0014492862241495263,E2_disruption,1,0,1,0
2026-04-27,113.89,99.89,118.5458,6.8228,159.29,1473.4,0.8524422470377632,0.01798498089281786,0.014825545106226024,-0.0015475703878289337,-0.001918191924084045,E2_disruption,1,0,1,0
2026-04-28,117.62,103.45,118.7717,6.8374,159.53,1472.37,0.8536064874093043,0.03222601874555053,0.0350188236474942,0.001903779268102035,0.00213759762804977,E2_disruption,1,0,1,0
2026-04-29,124.16,110.47,119.0975,6.8375,160.23,1487.69,0.8550662676357418,0.05411196740309876,0.06565558669263183,0.002739322314368131,1.4625335469142797e-05,E2_disruption,1,0,1,0
2026-04-30,124.24,108.64,118.671,6.8273,156.66,1477.93,0.8525876033762468,0.0006441224055224737,-0.016704327073798098,-0.0035875270057514896,-0.0014928871105914787,E2_disruption,1,0,1,0
2026-05-01,118.26,105.38,118.3926,6.8276,156.76,1477.22,0.8507018290089324,-0.0493295884477476,-0.030466799029245983,-0.002348737874430462,4.394027053256089e-05,E2_disruption,1,0,1,0
2026-05-04,,109.76,118.8264,6.83,157.21,1476.01,0.8548469823901522,,0.04072329919643547,0.003657383966366723,0.0003514526746579705,E2_disruption,1,0,1,0
2026-05-05,114.51,105.66,118.6207,6.8276,157.68,1478.41,0.8541898009737763,,-0.038069772241406064,-0.001732596872797032,-0.0003514526746579705,E2_disruption,1,0,1,0
2026-05-06,103.7,98.75,118.0982,6.811,156.44,1447.01,0.8508465923593976,-0.09916004018976654,-0.06763498795493827,-0.004414525824016913,-0.002434268648859428,E2_disruption,1,0,1,0
2026-05-07,101.82,98.38,118.0116,6.8014,156.48,1453.85,0.8500510030601837,-0.018295566761291404,-0.0037538724140375734,-0.0007335570474698017,-0.0014104789150422015,E2_disruption,1,0,1,0
2026-05-08,103.48,98.87,118.0392,6.8005,156.64,1461.06,0.8494011721736175,0.016171808843638225,0.004968324541848368,0.00023384796938419328,-0.00013233445346805262,E2_disruption,1,0,1,0
2026-05-11,106.11,101.56,118.0562,6.7948,157.04,1469.91,0.8488964346349746,0.025097934567670066,0.02684390092743527,0.00014400958281601817,-0.0008385251276521455,E2_disruption,1,0,1,0
2026-05-12,111.37,105.78,118.5238,6.792,157.71,1490.32,0.8522969402539845,0.04838169951951077,0.04071170880135622,0.003953002019628116,-0.00041216475397276575,E2_disruption,1,0,1,0
2026-05-13,110.28,104.52,118.4737,6.7908,157.84,1490.11,0.853898044573478,-0.009835405249413398,-0.011983024985421586,-0.0004227892762269647,-0.0001766940547047735,E2_disruption,1,0,1,0
2026-05-14,110.91,104.66,118.6696,6.7851,158.08,1491.75,0.8563110121596164,0.005696475461054007,0.001338560291650026,0.001652165965149166,-0.0008397233826029638,E2_disruption,1,0,1,0
2026-05-15,113.96,108.99,119.2825,6.8092,158.69,1499.61,0.8600670852326481,0.027128448013058026,0.040539133957158136,0.0051514683451721055,0.003545607386539862,E2_disruption,1,0,1,0
2026-05-18,116.73,112.25,119.0574,6.8,158.83,1494.67,0.8584427847883939,0.02401606603486428,0.029472391721143687,-0.0018888995667838415,-0.0013520267762172633,E2_disruption,1,0,1,0
2026-05-19,114.64,112.09,119.451,6.8145,159.11,1508.49,0.8619203585588693,-0.018066792144655786,-0.0014264065893598854,0.0033005156824970072,0.0021300827033694514,E2_disruption,1,0,1,0
2026-05-20,108.93,101.69,119.1624,6.8005,158.84,1498.77,0.8605851979345955,-0.05109130942556206,-0.09737315022995752,-0.0024189768112545806,-0.0020565559947594014,E2_disruption,1,0,1,0
2026-05-21,105.84,100.2,119.369,6.8025,159.16,1508.47,0.8628872206402622,-0.028776954287653922,-0.014760781152282298,0.0017322671284603075,0.0002940527845931573,E2_disruption,1,0,1,0
2026-05-22,106.9,100.35,119.2868,6.7945,159.2,1517.33,0.8618460742911315,0.009965298224298813,0.001495886591582618,-0.0006888582070949667,-0.00117673029684906,E2_disruption,1,0,1,0
2026-05-25,,,,,,,,,,,,E2_disruption,1,0,1,0
2026-05-26,102.75,97.63,119.1696,6.786,159.36,1506.75,0.8605851979345955,,,,,E2_disruption,1,0,1,0
2026-05-27,97.11,92.35,119.1829,6.7788,159.47,1498.28,0.8597713008339781,-0.05645449677008152,-0.0555991165923313,0.00011159941694582898,-0.0010615712249586462,E2_disruption,1,0,1,0
2026-05-28,95.47,92.65,119.0318,6.7796,159.29,1495.94,0.8584427847883939,-0.01703229459632105,0.003243246086120699,-0.001268603661021217,0.00011800802468253657,E2_disruption,1,0,1,0
2026-05-29,92.88,91.16,118.8783,6.7662,159.23,1503.96,0.8562376915831835,-0.02750372462030537,-0.016212748353885864,-0.0012904035709278006,-0.001978473677602288,E2_disruption,1,0,1,0
2026-06-01,98.29,95.96,119.1653,6.765,159.66,1511.71,0.8602890571231934,0.05661395518890178,0.05131523359401058,0.0024113241361085613,-0.00017736786140853944,E2_disruption,1,0,1,0
2026-06-02,98.49,97.47,119.0359,6.7622,159.86,1517.4,0.8589589417625838,0.002032727603072715,0.015613200377624814,-0.0010864765813858313,-0.0004139807262388828,E2_disruption,1,0,1,0
2026-06-03,101.69,99.76,119.3848,6.7692,159.97,1518.03,0.8616975441619991,0.031973949621435516,0.023222663022662182,0.0029267613848498186,0.001034630655281088,E2_disruption,1,0,1,0
2026-06-04,98.98,96.83,119.3615,6.7735,159.97,1531.91,0.8599191675982457,-0.027011160279306168,-0.029810437748341023,-0.00019518627156944746,0.0006350284868603673,E2_disruption,1,0,1,0
2026-06-05,97.29,94.32,120.0831,6.7655,160.26,1555.96,0.8670770831526923,-0.01722160053640387,-0.026263607394324318,0.0060272997139465545,-0.001181771317092073,E2_disruption,1,0,1,0
2026-06-08,97.46,95.0,120.034,6.7832,160.12,1528.23,0.8661758336942399,0.0017458284280236214,0.00718363537142519,-0.0004089671304905451,0.0026127982860941756,E2_disruption,1,0,1,0
2026-06-09,94.15,91.9,119.9617,6.7722,160.23,1529.94,0.8653513326410524,-0.034552782312198715,-0.0331758622388989,-0.0006025108132119428,-0.0016229698001575255,E2_disruption,1,0,1,0
2026-06-10,95.73,93.68,119.9134,6.7745,160.47,1519.26,0.8658008658008658,0.01664247385510098,0.019183689927819714,-0.00040270958221810815,0.0003395660968501524,E2_disruption,1,0,1,0
2026-06-11,92.84,91.58,120.1174,6.7756,160.51,1530.97,0.8684324793747287,-0.03065414755202589,-0.022671812060512053,0.0016997822705873133,0.00016236042574102605,E2_disruption,1,0,1,0
2026-06-12,88.64,88.62,119.5073,6.7626,160.24,1518.87,0.8640801866413204,-0.04629435840726259,-0.032855341457605824,-0.00509214048734119,-0.001920492236138882,E2_disruption,1,0,1,0
2026-06-15,84.36,84.65,119.3158,6.757,160.2,1514.87,0.8621432882145013,-0.049489867388399666,-0.04583245719219953,-0.0016036978084823517,-0.0008284269239133835,E2_disruption,1,0,1,0
2026-06-16,80.5,79.8,119.256,6.7562,160.39,1508.12,0.8609556607834696,-0.04683617118605632,-0.05900160412338096,-0.0005013165952751919,-0.0001184027470819693,E2_disruption,1,0,1,0
2026-06-17,80.33,80.65,119.3871,6.7577,160.22,1514.24,0.8625894936599672,-0.002114034238796414,0.01059530011545462,0.0010987119526042477,0.0002219936518932375,E3_easing,1,0,0,1
2026-06-18,79.35,80.35,120.3958,6.7686,161.37,1540.64,0.8718395815170008,-0.012274703213303262,-0.003726712387696729,0.008413493624606083,0.0016116753819439555,E3_easing,1,0,0,1
2026-06-19,80.46,,,,,,,0.013891719549223858,,,,E3_easing,1,0,0,1
2026-06-22,76.49,78.94,120.5463,6.7745,161.51,1537.86,0.8747375787263821,-0.050600153187867036,,,,E3_easing,1,0,0,1
2026-06-23,75.69,74.62,121.0552,6.79,161.55,1532.43,0.8785030308354563,-0.010513962012699274,-0.05627950244168911,0.004212728419515699,0.0022853782662559663,E3_easing,1,0,0,1
2026-06-24,72.09,71.42,121.412,6.8106,161.76,1542.53,0.8812125484666902,-0.048730712904588636,-0.04383062562670936,0.0029430806108363683,0.003029280436606996,E3_easing,1,0,0,1
2026-06-25,73.74,72.67,121.0559,6.7976,161.67,1541.44,0.8783487044356609,0.022630054389511045,0.017350702462241685,-0.0029372981415480837,-0.0019106133000170722,E3_easing,1,0,0,1
2026-06-26,70.16,70.3,120.8866,6.798,161.67,1533.44,0.8769622029290537,-0.04976704474207061,-0.03315684581192535,-0.0013995063094149884,5.884256672961108e-05,E3_easing,1,0,0,1
2026-06-29,71.59,71.87,120.9525,6.7936,161.93,1542.07,0.87527352297593,0.020177051344166586,0.02208713266373241,0.0005449904637515601,-0.000647458747124352,E3_easing,1,0,0,1
2026-06-30,70.46,70.56,120.9248,6.7851,162.61,1548.78,0.8758868354208637,-0.015910226495002178,-0.01839551978181575,-0.00022904175068205745,-0.0012519609550614152,E3_easing,1,0,0,1
