country,country_name,year,period,month_end,fuel_price_local,fuel_unit,fuel_source,price_measure_type,observed_or_regulated,included_in_main_comparison,comparability_note,oil_import_dependency,oil_intensity,fuel_price_regulation,import_source_hhi,buffer_note,fuel_log_return,brent_local_per_bbl,brent_local_log_return,cpi_yoy_pct,ip_index,ip_yoy_log_change_pct,activity_yoy_pct,industrial_activity_yoy_pct,OilShock,ARBaselineGap,OilShock_source,supply_shock,aggregate_demand_shock,oil_specific_risk_shock,reduced_form_shock,source_vintage,GPR
CHN,China,2010,2010-01,2010-01-31,3812.2302794453335,CNY/tonne proxy,Brent-CNY proxy net of NDRC policy gaps,constructed_brent_cny_policy_proxy,proxy_not_observed,False,China fuel price is constructed from Brent-CNY minus cumulative NDRC policy gaps; excluded from the main cross-country fuel-price ranking.,,,1.0,,CHN=regulated domestic product-price mechanism/proxy scenario; controls=observed retail-price pass-through.,,519.9882101163435,,1.5,,,,,,0.0,ARX_one_step_residual_lagged_information,,,,,EIA_STEO_July_2026_ex_post_2022plus,91.581024
CHN,China,2010,2010-02,2010-02-28,3692.18133142704,CNY/tonne proxy,Brent-CNY proxy net of NDRC policy gaps,constructed_brent_cny_policy_proxy,proxy_not_observed,False,China fuel price is constructed from Brent-CNY minus cumulative NDRC policy gaps; excluded from the main cross-country fuel-price ranking.,,,1.0,,CHN=regulated domestic product-price mechanism/proxy scenario; controls=observed retail-price pass-through.,-0.03199696293365939,503.6135336066482,-0.03199696293365939,2.7,,,,,,0.0,ARX_one_step_residual_lagged_information,,,,-0.3032967911263553,EIA_STEO_July_2026_ex_post_2022plus,80.72536
CHN,China,2010,2010-03,2010-03-31,3944.9425777902197,CNY/tonne proxy,Brent-CNY proxy net of NDRC policy gaps,constructed_brent_cny_policy_proxy,proxy_not_observed,False,China fuel price is constructed from Brent-CNY minus cumulative NDRC policy gaps; excluded from the main cross-country fuel-price ranking.,,,1.0,,CHN=regulated domestic product-price mechanism/proxy scenario; controls=observed retail-price pass-through.,0.06621696837644286,538.0901676105859,0.06621696837644198,2.4,,,,,0.6649089715350993,0.0,ARX_one_step_residual_lagged_information,,,,0.6099372225739654,EIA_STEO_July_2026_ex_post_2022plus,74.11694
CHN,China,2010,2010-04,2010-04-30,4244.332109167714,CNY/tonne proxy,Brent-CNY proxy net of NDRC policy gaps,constructed_brent_cny_policy_proxy,proxy_not_observed,False,China fuel price is constructed from Brent-CNY minus cumulative NDRC policy gaps; excluded from the main cross-country fuel-price ranking.,,,1.0,,CHN=regulated domestic product-price mechanism/proxy scenario; controls=observed retail-price pass-through.,0.0731500730009369,578.9268996904763,0.07315007300093779,2.8,,,,,0.4028380359462471,0.0,ARX_one_step_residual_lagged_information,,,,0.6718067118329473,EIA_STEO_July_2026_ex_post_2022plus,88.76158
CHN,China,2010,2010-05,2010-05-31,3801.423049670089,CNY/tonne proxy,Brent-CNY proxy net of NDRC policy gaps,constructed_brent_cny_policy_proxy,proxy_not_observed,False,China fuel price is constructed from Brent-CNY minus cumulative NDRC policy gaps; excluded from the main cross-country fuel-price ranking.,,,1.0,,CHN=regulated domestic product-price mechanism/proxy scenario; controls=observed retail-price pass-through.,-0.11020898811464974,518.5141039750001,-0.11020898811464974,3.1,,,,,-1.245326441316874,0.0,ARX_one_step_residual_lagged_information,,,,-1.0268947136592814,EIA_STEO_July_2026_ex_post_2022plus,88.95871
CHN,China,2010,2010-06,2010-06-30,3737.1909160284536,CNY/tonne proxy,Brent-CNY proxy net of NDRC policy gaps,constructed_brent_cny_policy_proxy,proxy_not_observed,False,China fuel price is constructed from Brent-CNY minus cumulative NDRC policy gaps; excluded from the main cross-country fuel-price ranking.,,,1.0,,CHN=regulated domestic product-price mechanism/proxy scenario; controls=observed retail-price pass-through.,-0.01704124614041902,509.752840946281,-0.01704124614041902,2.9,,,,,0.2255323976097343,0.0,ARX_one_step_residual_lagged_information,,,,-0.1507182773498169,EIA_STEO_July_2026_ex_post_2022plus,96.4537
CHN,China,2010,2010-07,2010-07-31,3754.748646138808,CNY/tonne proxy,Brent-CNY proxy net of NDRC policy gaps,constructed_brent_cny_policy_proxy,proxy_not_observed,False,China fuel price is constructed from Brent-CNY minus cumulative NDRC policy gaps; excluded from the main cross-country fuel-price ranking.,,,1.0,,CHN=regulated domestic product-price mechanism/proxy scenario; controls=observed retail-price pass-through.,0.004687107286018843,512.1477153333334,0.004687107286017955,3.3,,,,,0.0183785724735484,0.0,ARX_one_step_residual_lagged_information,,,,0.0953764416571573,EIA_STEO_July_2026_ex_post_2022plus,79.38138
CHN,China,2010,2010-08,2010-08-31,3833.5004129353383,CNY/tonne proxy,Brent-CNY proxy net of NDRC policy gaps,constructed_brent_cny_policy_proxy,proxy_not_observed,False,China fuel price is constructed from Brent-CNY minus cumulative NDRC policy gaps; excluded from the main cross-country fuel-price ranking.,,,1.0,,CHN=regulated domestic product-price mechanism/proxy scenario; controls=observed retail-price pass-through.,0.02075698720382313,522.8894563243801,0.02075698720382313,3.5,,,,,-0.2971603211043686,0.0,ARX_one_step_residual_lagged_information,,,,0.1714737090029941,EIA_STEO_July_2026_ex_post_2022plus,80.993866
CHN,China,2010,2010-09,2010-09-30,3846.1684752395586,CNY/tonne proxy,Brent-CNY proxy net of NDRC policy gaps,constructed_brent_cny_policy_proxy,proxy_not_observed,False,China fuel price is constructed from Brent-CNY minus cumulative NDRC policy gaps; excluded from the main cross-country fuel-price ranking.,,,1.0,,CHN=regulated domestic product-price mechanism/proxy scenario; controls=observed retail-price pass-through.,0.003299119787275373,524.6173800226758,0.003299119787275373,3.6,,,,,-0.2043699181250192,0.0,ARX_one_step_residual_lagged_information,,,,0.0902555866263886,EIA_STEO_July_2026_ex_post_2022plus,71.16855
CHN,China,2010,2010-10,2010-10-31,4040.9917359307356,CNY/tonne proxy,Brent-CNY proxy net of NDRC policy gaps,constructed_brent_cny_policy_proxy,proxy_not_observed,False,China fuel price is constructed from Brent-CNY minus cumulative NDRC policy gaps; excluded from the main cross-country fuel-price ranking.,,,1.0,,CHN=regulated domestic product-price mechanism/proxy scenario; controls=observed retail-price pass-through.,0.049412689517087216,551.1912727809523,0.049412689517087216,4.4,,,,,0.2447619163905536,0.0,ARX_one_step_residual_lagged_information,,,,0.55058817992492,EIA_STEO_July_2026_ex_post_2022plus,65.991936
CHN,China,2010,2010-11,2010-11-30,4159.839175289764,CNY/tonne proxy,Brent-CNY proxy net of NDRC policy gaps,constructed_brent_cny_policy_proxy,proxy_not_observed,False,China fuel price is constructed from Brent-CNY minus cumulative NDRC policy gaps; excluded from the main cross-country fuel-price ranking.,,,1.0,,CHN=regulated domestic product-price mechanism/proxy scenario; controls=observed retail-price pass-through.,0.02898627270100107,567.4020635095238,0.02898627270100107,5.1,,,,,-0.2741777448992844,0.0,ARX_one_step_residual_lagged_information,,,,0.2820325786435058,EIA_STEO_July_2026_ex_post_2022plus,94.70517
CHN,China,2010,2010-12,2010-12-31,4458.15689501847,CNY/tonne proxy,Brent-CNY proxy net of NDRC policy gaps,constructed_brent_cny_policy_proxy,proxy_not_observed,False,China fuel price is constructed from Brent-CNY minus cumulative NDRC policy gaps; excluded from the main cross-country fuel-price ranking.,,,1.0,,CHN=regulated domestic product-price mechanism/proxy scenario; controls=observed retail-price pass-through.,0.06925901464197359,608.0926004805193,0.06925901464197448,4.6,,,,,0.629397828165678,0.0,ARX_one_step_residual_lagged_information,,,,0.6407071074337796,EIA_STEO_July_2026_ex_post_2022plus,97.203896
CHN,China,2011,2011-01,2011-01-31,4667.955009182552,CNY/tonne proxy,Brent-CNY proxy net of NDRC policy gaps,constructed_brent_cny_policy_proxy,proxy_not_observed,False,China fuel price is constructed from Brent-CNY minus cumulative NDRC policy gaps; excluded from the main cross-country fuel-price ranking.,,,1.0,,CHN=regulated domestic product-price mechanism/proxy scenario; controls=observed retail-price pass-through.,0.045985647860439016,636.7090632525001,0.045985647860439016,4.9,,,,,0.5376783805814174,0.0,ARX_one_step_residual_lagged_information,,,,0.4941626184144203,EIA_STEO_July_2026_ex_post_2022plus,79.421616
CHN,China,2011,2011-02,2011-02-28,5000.378252491856,CNY/tonne proxy,Brent-CNY proxy net of NDRC policy gaps,constructed_brent_cny_policy_proxy,proxy_not_observed,False,China fuel price is constructed from Brent-CNY minus cumulative NDRC policy gaps; excluded from the main cross-country fuel-price ranking.,,,1.0,,CHN=regulated domestic product-price mechanism/proxy scenario; controls=observed retail-price pass-through.,0.06879248382895398,682.0515936398891,0.06879248382895398,4.9,,,,,0.4383391612164326,0.0,ARX_one_step_residual_lagged_information,,,,0.6591419106383717,EIA_STEO_July_2026_ex_post_2022plus,90.01449
CHN,China,2011,2011-03,2011-03-31,5517.394626058129,CNY/tonne proxy,Brent-CNY proxy net of NDRC policy gaps,constructed_brent_cny_policy_proxy,proxy_not_observed,False,China fuel price is constructed from Brent-CNY minus cumulative NDRC policy gaps; excluded from the main cross-country fuel-price ranking.,,,1.0,,CHN=regulated domestic product-price mechanism/proxy scenario; controls=observed retail-price pass-through.,0.09839220076352717,752.5726269943287,0.09839220076352717,5.4,,,,,0.8357482659415222,0.0,ARX_one_step_residual_lagged_information,,,,0.9207448607187292,EIA_STEO_July_2026_ex_post_2022plus,136.8883
CHN,China,2011,2011-04,2011-04-30,5897.888777638132,CNY/tonne proxy,Brent-CNY proxy net of NDRC policy gaps,constructed_brent_cny_policy_proxy,proxy_not_observed,False,China fuel price is constructed from Brent-CNY minus cumulative NDRC policy gaps; excluded from the main cross-country fuel-price ranking.,,,1.0,,CHN=regulated domestic product-price mechanism/proxy scenario; controls=observed retail-price pass-through.,0.06668869174043834,804.4720292698411,0.06668869174043834,5.3,,,,,0.6102147501828945,0.0,ARX_one_step_residual_lagged_information,,,,0.664567897821464,EIA_STEO_July_2026_ex_post_2022plus,91.01777
CHN,China,2011,2011-05,2011-05-31,5476.042275304062,CNY/tonne proxy,Brent-CNY proxy net of NDRC policy gaps,constructed_brent_cny_policy_proxy,proxy_not_observed,False,China fuel price is constructed from Brent-CNY minus cumulative NDRC policy gaps; excluded from the main cross-country fuel-price ranking.,,,1.0,,CHN=regulated domestic product-price mechanism/proxy scenario; controls=observed retail-price pass-through.,-0.0742118250720214,746.932166351474,-0.07421182507202051,5.5,,,,,-0.777639715251193,0.0,ARX_one_step_residual_lagged_information,,,,-0.6474790299039047,EIA_STEO_July_2026_ex_post_2022plus,105.34492
CHN,China,2011,2011-06,2011-06-30,5403.362370534523,CNY/tonne proxy,Brent-CNY proxy net of NDRC policy gaps,constructed_brent_cny_policy_proxy,proxy_not_observed,False,China fuel price is constructed from Brent-CNY minus cumulative NDRC policy gaps; excluded from the main cross-country fuel-price ranking.,,,1.0,,CHN=regulated domestic product-price mechanism/proxy scenario; controls=observed retail-price pass-through.,-0.01336120649579442,737.0186273409089,-0.01336120649579442,6.4,,,,,0.0702234067904248,0.0,ARX_one_step_residual_lagged_information,,,,-0.0987762102829687,EIA_STEO_July_2026_ex_post_2022plus,84.391846
CHN,China,2011,2011-07,2011-07-31,5537.833360135631,CNY/tonne proxy,Brent-CNY proxy net of NDRC policy gaps,constructed_brent_cny_policy_proxy,proxy_not_observed,False,China fuel price is constructed from Brent-CNY minus cumulative NDRC policy gaps; excluded from the main cross-country fuel-price ranking.,,,1.0,,CHN=regulated domestic product-price mechanism/proxy scenario; controls=observed retail-price pass-through.,0.024581913027972746,755.3604703225,0.02458191302797097,6.5,,,,,0.3858852240978259,0.0,ARX_one_step_residual_lagged_information,,,,0.2462356339388283,EIA_STEO_July_2026_ex_post_2022plus,78.92476
CHN,China,2011,2011-08,2011-08-31,5174.504109150604,CNY/tonne proxy,Brent-CNY proxy net of NDRC policy gaps,constructed_brent_cny_policy_proxy,proxy_not_observed,False,China fuel price is constructed from Brent-CNY minus cumulative NDRC policy gaps; excluded from the main cross-country fuel-price ranking.,,,1.0,,CHN=regulated domestic product-price mechanism/proxy scenario; controls=observed retail-price pass-through.,-0.06785982379397382,705.8023604881423,-0.06785982379397293,6.2,,,,,-0.5582166812243278,0.0,ARX_one_step_residual_lagged_information,,,,-0.5552364559967694,EIA_STEO_July_2026_ex_post_2022plus,86.95157
CHN,China,2011,2011-09,2011-09-30,5284.706425279789,CNY/tonne proxy,Brent-CNY proxy net of NDRC policy gaps,constructed_brent_cny_policy_proxy,proxy_not_observed,False,China fuel price is constructed from Brent-CNY minus cumulative NDRC policy gaps; excluded from the main cross-country fuel-price ranking.,,,1.0,,CHN=regulated domestic product-price mechanism/proxy scenario; controls=observed retail-price pass-through.,0.021073558868192066,720.8339564081632,0.021073558868191178,6.1,,,,,0.4377547339848582,0.0,ARX_one_step_residual_lagged_information,,,,0.2113650258872441,EIA_STEO_July_2026_ex_post_2022plus,83.35045
CHN,China,2011,2011-10,2011-10-31,5116.848388929619,CNY/tonne proxy,Brent-CNY proxy net of NDRC policy gaps,constructed_brent_cny_policy_proxy,proxy_not_observed,False,China fuel price is constructed from Brent-CNY minus cumulative NDRC policy gaps; excluded from the main cross-country fuel-price ranking.,,,1.0,,CHN=regulated domestic product-price mechanism/proxy scenario; controls=observed retail-price pass-through.,-0.032278368623313014,697.93812025,-0.032278368623312126,5.5,,,,,0.3412450295945062,0.0,ARX_one_step_residual_lagged_information,,,,-0.2784386365687011,EIA_STEO_July_2026_ex_post_2022plus,76.339935
CHN,China,2011,2011-11,2011-11-30,5161.9312921728815,CNY/tonne proxy,Brent-CNY proxy net of NDRC policy gaps,constructed_brent_cny_policy_proxy,proxy_not_observed,False,China fuel price is constructed from Brent-CNY minus cumulative NDRC policy gaps; excluded from the main cross-country fuel-price ranking.,,,1.0,,CHN=regulated domestic product-price mechanism/proxy scenario; controls=observed retail-price pass-through.,0.008772090410358757,704.087428252381,0.008772090410358757,4.2,,,,,0.3257368481652395,0.0,ARX_one_step_residual_lagged_information,,,,0.0968664907176188,EIA_STEO_July_2026_ex_post_2022plus,83.15768
CHN,China,2011,2011-12,2011-12-31,5020.414482683984,CNY/tonne proxy,Brent-CNY proxy net of NDRC policy gaps,constructed_brent_cny_policy_proxy,proxy_not_observed,False,China fuel price is constructed from Brent-CNY minus cumulative NDRC policy gaps; excluded from the main cross-country fuel-price ranking.,,,1.0,,CHN=regulated domestic product-price mechanism/proxy scenario; controls=observed retail-price pass-through.,-0.027798294329562268,684.7845354380953,-0.027798294329562268,4.1,,,,,-0.0884835248368668,0.0,ARX_one_step_residual_lagged_information,,,,-0.2504464752252303,EIA_STEO_July_2026_ex_post_2022plus,85.341324
CHN,China,2012,2012-01,2012-01-31,5126.263039736071,CNY/tonne proxy,Brent-CNY proxy net of NDRC policy gaps,constructed_brent_cny_policy_proxy,proxy_not_observed,False,China fuel price is constructed from Brent-CNY minus cumulative NDRC policy gaps; excluded from the main cross-country fuel-price ranking.,,,1.0,,CHN=regulated domestic product-price mechanism/proxy scenario; controls=observed retail-price pass-through.,0.02086444487228256,699.22227862,0.02086444487228256,4.5,,,,,0.4289673339077038,0.0,ARX_one_step_residual_lagged_information,,,,0.2328532785430842,EIA_STEO_July_2026_ex_post_2022plus,79.63497
CHN,China,2012,2012-02,2012-02-29,5511.166485557184,CNY/tonne proxy,Brent-CNY proxy net of NDRC policy gaps,constructed_brent_cny_policy_proxy,proxy_not_observed,False,China fuel price is constructed from Brent-CNY minus cumulative NDRC policy gaps; excluded from the main cross-country fuel-price ranking.,,,1.0,,CHN=regulated domestic product-price mechanism/proxy scenario; controls=observed retail-price pass-through.,0.07239936268751457,751.72310863,0.07239936268751457,3.2,,,,,0.651930271381068,0.0,ARX_one_step_residual_lagged_information,,,,0.6896277573350593,EIA_STEO_July_2026_ex_post_2022plus,92.44582
CHN,China,2012,2012-03,2012-03-31,5805.514303458473,CNY/tonne proxy,Brent-CNY proxy net of NDRC policy gaps,constructed_brent_cny_policy_proxy,proxy_not_observed,False,China fuel price is constructed from Brent-CNY minus cumulative NDRC policy gaps; excluded from the main cross-country fuel-price ranking.,,,1.0,,CHN=regulated domestic product-price mechanism/proxy scenario; controls=observed retail-price pass-through.,0.05203190373234001,791.8721509917356,0.05203190373234001,3.6,,,,,0.2582175114967004,0.0,ARX_one_step_residual_lagged_information,,,,0.4569442574138738,EIA_STEO_July_2026_ex_post_2022plus,88.75998
CHN,China,2012,2012-04,2012-04-30,5519.599891600336,CNY/tonne proxy,Brent-CNY proxy net of NDRC policy gaps,constructed_brent_cny_policy_proxy,proxy_not_observed,False,China fuel price is constructed from Brent-CNY minus cumulative NDRC policy gaps; excluded from the main cross-country fuel-price ranking.,,,1.0,,CHN=regulated domestic product-price mechanism/proxy scenario; controls=observed retail-price pass-through.,-0.050502833602859454,752.8734252142858,-0.050502833602859454,3.4,,,,,-0.1656370693035655,0.0,ARX_one_step_residual_lagged_information,,,,-0.4603505460526653,EIA_STEO_July_2026_ex_post_2022plus,96.016685
CHN,China,2012,2012-05,2012-05-31,5115.907023603229,CNY/tonne proxy,Brent-CNY proxy net of NDRC policy gaps,constructed_brent_cny_policy_proxy,proxy_not_observed,False,China fuel price is constructed from Brent-CNY minus cumulative NDRC policy gaps; excluded from the main cross-country fuel-price ranking.,,,1.0,,CHN=regulated domestic product-price mechanism/proxy scenario; controls=observed retail-price pass-through.,-0.07595066435542286,697.8097180194804,-0.07595066435542375,3.0,,,,,-0.5059024038627317,0.0,ARX_one_step_residual_lagged_information,,,,-0.7366847206805783,EIA_STEO_July_2026_ex_post_2022plus,78.17116
CHN,China,2012,2012-06,2012-06-30,4439.151602729068,CNY/tonne proxy,Brent-CNY proxy net of NDRC policy gaps,constructed_brent_cny_policy_proxy,proxy_not_observed,False,China fuel price is constructed from Brent-CNY minus cumulative NDRC policy gaps; excluded from the main cross-country fuel-price ranking.,,,1.0,,CHN=regulated domestic product-price mechanism/proxy scenario; controls=observed retail-price pass-through.,-0.14189143218128564,605.5002786122449,-0.14189143218128564,2.2,,,,,-0.9255492338723936,0.0,ARX_one_step_residual_lagged_information,,,,-1.3741629456650917,EIA_STEO_July_2026_ex_post_2022plus,77.82243
CHN,China,2012,2012-07,2012-07-31,4793.688779400322,CNY/tonne proxy,Brent-CNY proxy net of NDRC policy gaps,constructed_brent_cny_policy_proxy,proxy_not_observed,False,China fuel price is constructed from Brent-CNY minus cumulative NDRC policy gaps; excluded from the main cross-country fuel-price ranking.,,,1.0,,CHN=regulated domestic product-price mechanism/proxy scenario; controls=observed retail-price pass-through.,0.07683693741196862,653.8591495102039,0.07683693741196951,1.8,,,,,1.0306872349075964,0.0,ARX_one_step_residual_lagged_information,,,,0.6927159574035089,EIA_STEO_July_2026_ex_post_2022plus,82.80802
CHN,China,2012,2012-08,2012-08-31,5284.918618180709,CNY/tonne proxy,Brent-CNY proxy net of NDRC policy gaps,constructed_brent_cny_policy_proxy,proxy_not_observed,False,China fuel price is constructed from Brent-CNY minus cumulative NDRC policy gaps; excluded from the main cross-country fuel-price ranking.,,,1.0,,CHN=regulated domestic product-price mechanism/proxy scenario; controls=observed retail-price pass-through.,0.09755700543085943,720.8628995198487,0.09755700543085855,2.0,,,,,0.9373887884778536,0.0,ARX_one_step_residual_lagged_information,,,,0.9147117790437258,EIA_STEO_July_2026_ex_post_2022plus,74.87836
CHN,China,2012,2012-09,2012-09-30,5229.46102793641,CNY/tonne proxy,Brent-CNY proxy net of NDRC policy gaps,constructed_brent_cny_policy_proxy,proxy_not_observed,False,China fuel price is constructed from Brent-CNY minus cumulative NDRC policy gaps; excluded from the main cross-country fuel-price ranking.,,,1.0,,CHN=regulated domestic product-price mechanism/proxy scenario; controls=observed retail-price pass-through.,-0.010549001727779839,713.2984842105262,-0.010549001727779839,1.9,,,,,-0.0980035932075305,0.0,ARX_one_step_residual_lagged_information,,,,-0.0456183630623779,EIA_STEO_July_2026_ex_post_2022plus,69.28051
CHN,China,2012,2012-10,2012-10-31,5129.143821575117,CNY/tonne proxy,Brent-CNY proxy net of NDRC policy gaps,constructed_brent_cny_policy_proxy,proxy_not_observed,False,China fuel price is constructed from Brent-CNY minus cumulative NDRC policy gaps; excluded from the main cross-country fuel-price ranking.,,,1.0,,CHN=regulated domestic product-price mechanism/proxy scenario; controls=observed retail-price pass-through.,-0.019369469959748642,699.6152172628459,-0.019369469959748642,1.7,,,,,-0.2679054425995422,0.0,ARX_one_step_residual_lagged_information,,,,-0.1002917364061254,EIA_STEO_July_2026_ex_post_2022plus,81.663666
CHN,China,2012,2012-11,2012-11-30,4984.192592689569,CNY/tonne proxy,Brent-CNY proxy net of NDRC policy gaps,constructed_brent_cny_policy_proxy,proxy_not_observed,False,China fuel price is constructed from Brent-CNY minus cumulative NDRC policy gaps; excluded from the main cross-country fuel-price ranking.,,,1.0,,CHN=regulated domestic product-price mechanism/proxy scenario; controls=observed retail-price pass-through.,-0.028667325943315447,679.8438696428572,-0.028667325943315447,2.0,,,,,-0.1360930675184166,0.0,ARX_one_step_residual_lagged_information,,,,-0.2275318220348529,EIA_STEO_July_2026_ex_post_2022plus,81.38964
CHN,China,2012,2012-12,2012-12-31,5003.341976612905,CNY/tonne proxy,Brent-CNY proxy net of NDRC policy gaps,constructed_brent_cny_policy_proxy,proxy_not_observed,False,China fuel price is constructed from Brent-CNY minus cumulative NDRC policy gaps; excluded from the main cross-country fuel-price ranking.,,,1.0,,CHN=regulated domestic product-price mechanism/proxy scenario; controls=observed retail-price pass-through.,0.0038346615485203017,682.4558456100001,0.0038346615485203017,2.5,,,,,0.2928570791122005,0.0,ARX_one_step_residual_lagged_information,,,,0.0314715953075064,EIA_STEO_July_2026_ex_post_2022plus,74.83156
CHN,China,2013,2013-01,2013-01-31,5152.366507471024,CNY/tonne proxy,Brent-CNY proxy net of NDRC policy gaps,constructed_brent_cny_policy_proxy,proxy_not_observed,False,China fuel price is constructed from Brent-CNY minus cumulative NDRC policy gaps; excluded from the main cross-country fuel-price ranking.,,,1.0,,CHN=regulated domestic product-price mechanism/proxy scenario; controls=observed retail-price pass-through.,0.02935004066427105,702.7827916190477,0.02935004066427105,2.0,,,,,0.2702371147969803,0.0,ARX_one_step_residual_lagged_information,,,,0.282762059864369,EIA_STEO_July_2026_ex_post_2022plus,90.65749
CHN,China,2013,2013-02,2013-02-28,5302.478228771497,CNY/tonne proxy,Brent-CNY proxy net of NDRC policy gaps,constructed_brent_cny_policy_proxy,proxy_not_observed,False,China fuel price is constructed from Brent-CNY minus cumulative NDRC policy gaps; excluded from the main cross-country fuel-price ranking.,,,1.0,,CHN=regulated domestic product-price mechanism/proxy scenario; controls=observed retail-price pass-through.,0.028718176461742573,723.2580304044321,0.028718176461742573,3.2,,,,,0.3747890556133226,0.0,ARX_one_step_residual_lagged_information,,,,0.2441880963110106,EIA_STEO_July_2026_ex_post_2022plus,81.59033
CHN,China,2013,2013-03,2013-03-31,4942.9137239212405,CNY/tonne proxy,Brent-CNY proxy net of NDRC policy gaps,constructed_brent_cny_policy_proxy,proxy_not_observed,False,China fuel price is constructed from Brent-CNY minus cumulative NDRC policy gaps; excluded from the main cross-country fuel-price ranking.,,,1.0,,CHN=regulated domestic product-price mechanism/proxy scenario; controls=observed retail-price pass-through.,-0.07021932162708922,674.2134319428571,-0.07021932162708922,2.1,,,,,-0.3312244357951538,0.0,ARX_one_step_residual_lagged_information,,,,-0.6295897367868111,EIA_STEO_July_2026_ex_post_2022plus,75.89672
CHN,China,2013,2013-04,2013-04-30,4637.23172341921,CNY/tonne proxy,Brent-CNY proxy net of NDRC policy gaps,constructed_brent_cny_policy_proxy,proxy_not_observed,False,China fuel price is constructed from Brent-CNY minus cumulative NDRC policy gaps; excluded from the main cross-country fuel-price ranking.,,,1.0,,CHN=regulated domestic product-price mechanism/proxy scenario; controls=observed retail-price pass-through.,-0.06383740311620123,632.5184070743802,-0.06383740311620034,2.4,,,,,-0.2462397297504745,0.0,ARX_one_step_residual_lagged_information,,,,-0.5518556127380099,EIA_STEO_July_2026_ex_post_2022plus,95.10787
CHN,China,2013,2013-05,2013-05-31,4617.869386512081,CNY/tonne proxy,Brent-CNY proxy net of NDRC policy gaps,constructed_brent_cny_policy_proxy,proxy_not_observed,False,China fuel price is constructed from Brent-CNY minus cumulative NDRC policy gaps; excluded from the main cross-country fuel-price ranking.,,,1.0,,CHN=regulated domestic product-price mechanism/proxy scenario; controls=observed retail-price pass-through.,-0.004184149892118683,629.8773843202479,-0.004184149892118683,2.1,,,,,0.0736394107845082,0.0,ARX_one_step_residual_lagged_information,,,,0.022660700470914,EIA_STEO_July_2026_ex_post_2022plus,83.717316
CHN,China,2013,2013-06,2013-06-30,4628.472514112904,CNY/tonne proxy,Brent-CNY proxy net of NDRC policy gaps,constructed_brent_cny_policy_proxy,proxy_not_observed,False,China fuel price is constructed from Brent-CNY minus cumulative NDRC policy gaps; excluded from the main cross-country fuel-price ranking.,,,1.0,,CHN=regulated domestic product-price mechanism/proxy scenario; controls=observed retail-price pass-through.,0.0022934761362964906,631.323650925,0.0022934761362956024,2.7,,,,,0.2387265807285764,0.0,ARX_one_step_residual_lagged_information,,,,0.0271055226965062,EIA_STEO_July_2026_ex_post_2022plus,82.97301
CHN,China,2013,2013-07,2013-07-31,4854.025810617169,CNY/tonne proxy,Brent-CNY proxy net of NDRC policy gaps,constructed_brent_cny_policy_proxy,proxy_not_observed,False,China fuel price is constructed from Brent-CNY minus cumulative NDRC policy gaps; excluded from the main cross-country fuel-price ranking.,,,1.0,,CHN=regulated domestic product-price mechanism/proxy scenario; controls=observed retail-price pass-through.,0.04758152157461559,662.0891205681818,0.04758152157461648,2.7,,,,,0.6958731969196498,0.0,ARX_one_step_residual_lagged_information,,,,0.4344015857417522,EIA_STEO_July_2026_ex_post_2022plus,73.975815
CHN,China,2013,2013-08,2013-08-31,4993.966274538911,CNY/tonne proxy,Brent-CNY proxy net of NDRC policy gaps,constructed_brent_cny_policy_proxy,proxy_not_observed,False,China fuel price is constructed from Brent-CNY minus cumulative NDRC policy gaps; excluded from the main cross-country fuel-price ranking.,,,1.0,,CHN=regulated domestic product-price mechanism/proxy scenario; controls=observed retail-price pass-through.,0.028422013957195347,681.1769998471075,0.02842201395719446,2.6,,,,,0.4912213200718924,0.0,ARX_one_step_residual_lagged_information,,,,0.2770044599337098,EIA_STEO_July_2026_ex_post_2022plus,90.95675
CHN,China,2013,2013-09,2013-09-30,5006.964330260264,CNY/tonne proxy,Brent-CNY proxy net of NDRC policy gaps,constructed_brent_cny_policy_proxy,proxy_not_observed,False,China fuel price is constructed from Brent-CNY minus cumulative NDRC policy gaps; excluded from the main cross-country fuel-price ranking.,,,1.0,,CHN=regulated domestic product-price mechanism/proxy scenario; controls=observed retail-price pass-through.,0.0025993707093228124,682.9499346475001,0.0025993707093237006,3.1,,,,,0.0882692659533272,0.0,ARX_one_step_residual_lagged_information,,,,0.020851986559802,EIA_STEO_July_2026_ex_post_2022plus,100.45933
CHN,China,2013,2013-10,2013-10-31,4880.625475699235,CNY/tonne proxy,Brent-CNY proxy net of NDRC policy gaps,constructed_brent_cny_policy_proxy,proxy_not_observed,False,China fuel price is constructed from Brent-CNY minus cumulative NDRC policy gaps; excluded from the main cross-country fuel-price ranking.,,,1.0,,CHN=regulated domestic product-price mechanism/proxy scenario; controls=observed retail-price pass-through.,-0.02555642644638212,665.7173148853756,-0.025556426446383007,3.2,,,,,-0.167501298206257,0.0,ARX_one_step_residual_lagged_information,,,,-0.21653964775583,EIA_STEO_July_2026_ex_post_2022plus,72.95312
CHN,China,2013,2013-11,2013-11-30,4815.024052477234,CNY/tonne proxy,Brent-CNY proxy net of NDRC policy gaps,constructed_brent_cny_policy_proxy,proxy_not_observed,False,China fuel price is constructed from Brent-CNY minus cumulative NDRC policy gaps; excluded from the main cross-country fuel-price ranking.,,,1.0,,CHN=regulated domestic product-price mechanism/proxy scenario; controls=observed retail-price pass-through.,-0.013532342341679993,656.7692807578948,-0.013532342341679104,3.0,,,,,-0.1532187541024732,0.0,ARX_one_step_residual_lagged_information,,,,-0.1148950493060984,EIA_STEO_July_2026_ex_post_2022plus,77.77902
CHN,China,2013,2013-12,2013-12-31,4931.919662756599,CNY/tonne proxy,Brent-CNY proxy net of NDRC policy gaps,constructed_brent_cny_policy_proxy,proxy_not_observed,False,China fuel price is constructed from Brent-CNY minus cumulative NDRC policy gaps; excluded from the main cross-country fuel-price ranking.,,,1.0,,CHN=regulated domestic product-price mechanism/proxy scenario; controls=observed retail-price pass-through.,0.023987255630652626,672.713842,0.023987255630652626,2.5,,,,,0.5638340253922685,0.0,ARX_one_step_residual_lagged_information,,,,0.2454849292005171,EIA_STEO_July_2026_ex_post_2022plus,70.37249
CHN,China,2014,2014-01,2014-01-31,4796.287937867362,CNY/tonne proxy,Brent-CNY proxy net of NDRC policy gaps,constructed_brent_cny_policy_proxy,proxy_not_observed,False,China fuel price is constructed from Brent-CNY minus cumulative NDRC policy gaps; excluded from the main cross-country fuel-price ranking.,,,1.0,,CHN=regulated domestic product-price mechanism/proxy scenario; controls=observed retail-price pass-through.,-0.027886023740919086,654.2136747251083,-0.027886023740919086,2.5,,,,,-0.1058431113118916,0.0,ARX_one_step_residual_lagged_information,,,,-0.2283267688664224,EIA_STEO_July_2026_ex_post_2022plus,77.91597
CHN,China,2014,2014-02,2014-02-28,4855.494434326285,CNY/tonne proxy,Brent-CNY proxy net of NDRC policy gaps,constructed_brent_cny_policy_proxy,proxy_not_observed,False,China fuel price is constructed from Brent-CNY minus cumulative NDRC policy gaps; excluded from the main cross-country fuel-price ranking.,,,1.0,,CHN=regulated domestic product-price mechanism/proxy scenario; controls=observed retail-price pass-through.,0.012268664340188806,662.2894408421053,0.012268664340187918,2.0,,,,,0.3065588814478375,0.0,ARX_one_step_residual_lagged_information,,,,0.0613303731656642,EIA_STEO_July_2026_ex_post_2022plus,69.003525
CHN,China,2014,2014-03,2014-03-31,4864.124720543154,CNY/tonne proxy,Brent-CNY proxy net of NDRC policy gaps,constructed_brent_cny_policy_proxy,proxy_not_observed,False,China fuel price is constructed from Brent-CNY minus cumulative NDRC policy gaps; excluded from the main cross-country fuel-price ranking.,,,1.0,,CHN=regulated domestic product-price mechanism/proxy scenario; controls=observed retail-price pass-through.,0.0017758491042538793,663.4666118820861,0.0017758491042547675,2.4,,,,,-0.0046487215311387,0.0,ARX_one_step_residual_lagged_information,,,,-0.1266831641102359,EIA_STEO_July_2026_ex_post_2022plus,119.838554
CHN,China,2014,2014-04,2014-04-30,4917.410003205495,CNY/tonne proxy,Brent-CNY proxy net of NDRC policy gaps,constructed_brent_cny_policy_proxy,proxy_not_observed,False,China fuel price is constructed from Brent-CNY minus cumulative NDRC policy gaps; excluded from the main cross-country fuel-price ranking.,,,1.0,,CHN=regulated domestic product-price mechanism/proxy scenario; controls=observed retail-price pass-through.,0.010895183888582238,670.7347244372295,0.010895183888582238,1.8,,,,,0.0818376161420442,0.0,ARX_one_step_residual_lagged_information,,,,0.018195172999865,EIA_STEO_July_2026_ex_post_2022plus,93.22154
CHN,China,2014,2014-05,2014-05-31,5009.531924915261,CNY/tonne proxy,Brent-CNY proxy net of NDRC policy gaps,constructed_brent_cny_policy_proxy,proxy_not_observed,False,China fuel price is constructed from Brent-CNY minus cumulative NDRC policy gaps; excluded from the main cross-country fuel-price ranking.,,,1.0,,CHN=regulated domestic product-price mechanism/proxy scenario; controls=observed retail-price pass-through.,0.018560512788718952,683.3001545584416,0.018560512788718952,2.5,,,,,0.2316098213092671,0.0,ARX_one_step_residual_lagged_information,,,,0.1464362431941387,EIA_STEO_July_2026_ex_post_2022plus,83.428856
CHN,China,2014,2014-06,2014-06-30,5106.68579790665,CNY/tonne proxy,Brent-CNY proxy net of NDRC policy gaps,constructed_brent_cny_policy_proxy,proxy_not_observed,False,China fuel price is constructed from Brent-CNY minus cumulative NDRC policy gaps; excluded from the main cross-country fuel-price ranking.,,,1.0,,CHN=regulated domestic product-price mechanism/proxy scenario; controls=observed retail-price pass-through.,0.019208139392221213,696.551942834467,0.019208139392221213,2.3,,,,,0.2848465559002022,0.0,ARX_one_step_residual_lagged_information,,,,0.1831261435239828,EIA_STEO_July_2026_ex_post_2022plus,98.767105
CHN,China,2014,2014-07,2014-07-31,4851.875224788541,CNY/tonne proxy,Brent-CNY proxy net of NDRC policy gaps,constructed_brent_cny_policy_proxy,proxy_not_observed,False,China fuel price is constructed from Brent-CNY minus cumulative NDRC policy gaps; excluded from the main cross-country fuel-price ranking.,,,1.0,,CHN=regulated domestic product-price mechanism/proxy scenario; controls=observed retail-price pass-through.,-0.05118534745563608,661.795780661157,-0.051185347455636965,2.3,,,,,-0.2624127689536664,0.0,ARX_one_step_residual_lagged_information,,,,-0.4307517136082288,EIA_STEO_July_2026_ex_post_2022plus,138.75395
CHN,China,2014,2014-08,2014-08-31,4584.378900243382,CNY/tonne proxy,Brent-CNY proxy net of NDRC policy gaps,constructed_brent_cny_policy_proxy,proxy_not_observed,False,China fuel price is constructed from Brent-CNY minus cumulative NDRC policy gaps; excluded from the main cross-country fuel-price ranking.,,,1.0,,CHN=regulated domestic product-price mechanism/proxy scenario; controls=observed retail-price pass-through.,-0.056710641390365524,625.3092819931973,-0.056710641390365524,2.0,,,,,-0.4675598545317212,0.0,ARX_one_step_residual_lagged_information,,,,-0.4633679333705456,EIA_STEO_July_2026_ex_post_2022plus,136.44559
CHN,China,2014,2014-09,2014-09-30,4369.27698605542,CNY/tonne proxy,Brent-CNY proxy net of NDRC policy gaps,constructed_brent_cny_policy_proxy,proxy_not_observed,False,China fuel price is constructed from Brent-CNY minus cumulative NDRC policy gaps; excluded from the main cross-country fuel-price ranking.,,,1.0,,CHN=regulated domestic product-price mechanism/proxy scenario; controls=observed retail-price pass-through.,-0.04805708711368517,595.9693808979592,-0.04805708711368428,1.6,,,,,-0.2594703158071751,0.0,ARX_one_step_residual_lagged_information,,,,-0.425769283388323,EIA_STEO_July_2026_ex_post_2022plus,131.55666
CHN,China,2014,2014-10,2014-10-31,3925.8345145352546,CNY/tonne proxy,Brent-CNY proxy net of NDRC policy gaps,constructed_brent_cny_policy_proxy,proxy_not_observed,False,China fuel price is constructed from Brent-CNY minus cumulative NDRC policy gaps; excluded from the main cross-country fuel-price ranking.,,,1.0,,CHN=regulated domestic product-price mechanism/proxy scenario; controls=observed retail-price pass-through.,-0.10701860220081016,535.4838277826087,-0.10701860220081105,1.6,,,,,-0.7647647452878167,0.0,ARX_one_step_residual_lagged_information,,,,-0.9749528418023932,EIA_STEO_July_2026_ex_post_2022plus,83.661
CHN,China,2014,2014-11,2014-11-30,3567.0727283874394,CNY/tonne proxy,Brent-CNY proxy net of NDRC policy gaps,constructed_brent_cny_policy_proxy,proxy_not_observed,False,China fuel price is constructed from Brent-CNY minus cumulative NDRC policy gaps; excluded from the main cross-country fuel-price ranking.,,,1.0,,CHN=regulated domestic product-price mechanism/proxy scenario; controls=observed retail-price pass-through.,-0.09583364840316122,486.5487201520467,-0.09583364840316122,1.4,,,,,-0.7174315309085026,0.0,ARX_one_step_residual_lagged_information,,,,-0.8911774245526921,EIA_STEO_July_2026_ex_post_2022plus,84.38005
CHN,China,2014,2014-12,2014-12-31,2828.2123313782995,CNY/tonne proxy,Brent-CNY proxy net of NDRC policy gaps,constructed_brent_cny_policy_proxy,proxy_not_observed,False,China fuel price is constructed from Brent-CNY minus cumulative NDRC policy gaps; excluded from the main cross-country fuel-price ranking.,,,1.0,,CHN=regulated domestic product-price mechanism/proxy scenario; controls=observed retail-price pass-through.,-0.2321004683672614,385.768162,-0.2321004683672614,1.5,,,,,-2.1369008547896216,0.0,ARX_one_step_residual_lagged_information,,,,-2.2469964143025263,EIA_STEO_July_2026_ex_post_2022plus,86.52622
CHN,China,2015,2015-01,2015-01-31,2177.23620625,CNY/tonne proxy,Brent-CNY proxy net of NDRC policy gaps,constructed_brent_cny_policy_proxy,proxy_not_observed,False,China fuel price is constructed from Brent-CNY minus cumulative NDRC policy gaps; excluded from the main cross-country fuel-price ranking.,,,1.0,,CHN=regulated domestic product-price mechanism/proxy scenario; controls=observed retail-price pass-through.,-0.2615885498622834,296.97501853250003,-0.2615885498622825,0.8,,,,,-2.4252298762809548,0.0,ARX_one_step_residual_lagged_information,,,,-2.4678988359470786,EIA_STEO_July_2026_ex_post_2022plus,111.985695
CHN,China,2015,2015-02,2015-02-28,2662.7873811737923,CNY/tonne proxy,Brent-CNY proxy net of NDRC policy gaps,constructed_brent_cny_policy_proxy,proxy_not_observed,False,China fuel price is constructed from Brent-CNY minus cumulative NDRC policy gaps; excluded from the main cross-country fuel-price ranking.,,,1.0,,CHN=regulated domestic product-price mechanism/proxy scenario; controls=observed retail-price pass-through.,0.20131718463142256,363.2041987921053,0.20131718463142168,1.4,,,,,1.8344509102038231,0.0,ARX_one_step_residual_lagged_information,,,,1.8059454415522465,EIA_STEO_July_2026_ex_post_2022plus,111.9247
CHN,China,2015,2015-03,2015-03-31,2556.064888211629,CNY/tonne proxy,Brent-CNY proxy net of NDRC policy gaps,constructed_brent_cny_policy_proxy,proxy_not_observed,False,China fuel price is constructed from Brent-CNY minus cumulative NDRC policy gaps; excluded from the main cross-country fuel-price ranking.,,,1.0,,CHN=regulated domestic product-price mechanism/proxy scenario; controls=observed retail-price pass-through.,-0.04090453898458346,348.64725075206616,-0.04090453898458257,1.4,,,,,-0.3517775262248044,0.0,ARX_one_step_residual_lagged_information,,,,-0.363952535983822,EIA_STEO_July_2026_ex_post_2022plus,104.23527
CHN,China,2015,2015-04,2015-04-30,2706.0837620920133,CNY/tonne proxy,Brent-CNY proxy net of NDRC policy gaps,constructed_brent_cny_policy_proxy,proxy_not_observed,False,China fuel price is constructed from Brent-CNY minus cumulative NDRC policy gaps; excluded from the main cross-country fuel-price ranking.,,,1.0,,CHN=regulated domestic product-price mechanism/proxy scenario; controls=observed retail-price pass-through.,0.05703356066211196,369.1098251493506,0.05703356066211196,1.5,,,,,0.7826519174424931,0.0,ARX_one_step_residual_lagged_information,,,,0.5778479298749288,EIA_STEO_July_2026_ex_post_2022plus,102.19049
CHN,China,2015,2015-05,2015-05-31,2914.120665322581,CNY/tonne proxy,Brent-CNY proxy net of NDRC policy gaps,constructed_brent_cny_policy_proxy,proxy_not_observed,False,China fuel price is constructed from Brent-CNY minus cumulative NDRC policy gaps; excluded from the main cross-country fuel-price ranking.,,,1.0,,CHN=regulated domestic product-price mechanism/proxy scenario; controls=observed retail-price pass-through.,0.07406563226349938,397.48605875000004,0.0740656322634985,1.2,,,,,0.4395394751470354,0.0,ARX_one_step_residual_lagged_information,,,,0.6757557872152448,EIA_STEO_July_2026_ex_post_2022plus,76.26233
CHN,China,2015,2015-06,2015-06-30,2796.7858744334844,CNY/tonne proxy,Brent-CNY proxy net of NDRC policy gaps,constructed_brent_cny_policy_proxy,proxy_not_observed,False,China fuel price is constructed from Brent-CNY minus cumulative NDRC policy gaps; excluded from the main cross-country fuel-price ranking.,,,1.0,,CHN=regulated domestic product-price mechanism/proxy scenario; controls=observed retail-price pass-through.,-0.04109725989392565,381.48159327272725,-0.04109725989392565,1.4,,,,,-0.6104284962240248,0.0,ARX_one_step_residual_lagged_information,,,,-0.3879473150390513,EIA_STEO_July_2026_ex_post_2022plus,85.90597
CHN,China,2015,2015-07,2015-07-31,2574.4723605444347,CNY/tonne proxy,Brent-CNY proxy net of NDRC policy gaps,constructed_brent_cny_policy_proxy,proxy_not_observed,False,China fuel price is constructed from Brent-CNY minus cumulative NDRC policy gaps; excluded from the main cross-country fuel-price ranking.,,,1.0,,CHN=regulated domestic product-price mechanism/proxy scenario; controls=observed retail-price pass-through.,-0.08282625125636134,351.15802997826086,-0.08282625125636045,1.6,,,,,-0.7831460792780096,0.0,ARX_one_step_residual_lagged_information,,,,-0.7759917423274519,EIA_STEO_July_2026_ex_post_2022plus,106.80866
CHN,China,2015,2015-08,2015-08-31,2161.464879032258,CNY/tonne proxy,Brent-CNY proxy net of NDRC policy gaps,constructed_brent_cny_policy_proxy,proxy_not_observed,False,China fuel price is constructed from Brent-CNY minus cumulative NDRC policy gaps; excluded from the main cross-country fuel-price ranking.,,,1.0,,CHN=regulated domestic product-price mechanism/proxy scenario; controls=observed retail-price pass-through.,-0.1748584280227634,294.8238095,-0.1748584280227643,2.0,,,,,-1.7577126486468235,0.0,ARX_one_step_residual_lagged_information,,,,-1.8133556169982417,EIA_STEO_July_2026_ex_post_2022plus,82.47853
CHN,China,2015,2015-09,2015-09-30,2223.2082061767655,CNY/tonne proxy,Brent-CNY proxy net of NDRC policy gaps,constructed_brent_cny_policy_proxy,proxy_not_observed,False,China fuel price is constructed from Brent-CNY minus cumulative NDRC policy gaps; excluded from the main cross-country fuel-price ranking.,,,1.0,,CHN=regulated domestic product-price mechanism/proxy scenario; controls=observed retail-price pass-through.,0.028165114024898408,303.2455993225108,0.028165114024899296,1.6,,,,,0.180515581722499,0.0,ARX_one_step_residual_lagged_information,,,,0.2123176494965866,EIA_STEO_July_2026_ex_post_2022plus,98.767456
CHN,China,2015,2015-10,2015-10-31,2254.7999633431086,CNY/tonne proxy,Brent-CNY proxy net of NDRC policy gaps,constructed_brent_cny_policy_proxy,proxy_not_observed,False,China fuel price is constructed from Brent-CNY minus cumulative NDRC policy gaps; excluded from the main cross-country fuel-price ranking.,,,1.0,,CHN=regulated domestic product-price mechanism/proxy scenario; controls=observed retail-price pass-through.,0.014109970373232805,307.554715,0.014109970373231917,1.3,,,,,-0.029388872555947,0.0,ARX_one_step_residual_lagged_information,,,,0.1499557039138983,EIA_STEO_July_2026_ex_post_2022plus,91.931885
CHN,China,2015,2015-11,2015-11-30,2065.401455508272,CNY/tonne proxy,Brent-CNY proxy net of NDRC policy gaps,constructed_brent_cny_policy_proxy,proxy_not_observed,False,China fuel price is constructed from Brent-CNY minus cumulative NDRC policy gaps; excluded from the main cross-country fuel-price ranking.,,,1.0,,CHN=regulated domestic product-price mechanism/proxy scenario; controls=observed retail-price pass-through.,-0.08773664400297942,281.72075853132833,-0.08773664400297942,1.5,,,,,-1.274489799462995,0.0,ARX_one_step_residual_lagged_information,,,,-0.8362374681880909,EIA_STEO_July_2026_ex_post_2022plus,150.71588
CHN,China,2015,2015-12,2015-12-31,1796.9267166937304,CNY/tonne proxy,Brent-CNY proxy net of NDRC policy gaps,constructed_brent_cny_policy_proxy,proxy_not_observed,False,China fuel price is constructed from Brent-CNY minus cumulative NDRC policy gaps; excluded from the main cross-country fuel-price ranking.,,,1.0,,CHN=regulated domestic product-price mechanism/proxy scenario; controls=observed retail-price pass-through.,-0.13924679091129732,245.1008041570248,-0.13924679091129644,1.6,,,,,-1.518348872636687,0.0,ARX_one_step_residual_lagged_information,,,,-1.4155485230529918,EIA_STEO_July_2026_ex_post_2022plus,148.23688
CHN,China,2016,2016-01,2016-01-31,1479.2927690615838,CNY/tonne proxy,Brent-CNY proxy net of NDRC policy gaps,constructed_brent_cny_policy_proxy,proxy_not_observed,False,China fuel price is constructed from Brent-CNY minus cumulative NDRC policy gaps; excluded from the main cross-country fuel-price ranking.,,,1.0,,CHN=regulated domestic product-price mechanism/proxy scenario; controls=observed retail-price pass-through.,-0.1945137112307611,201.7755337,-0.1945137112307611,1.8,,,,,-2.33299530373939,0.0,ARX_one_step_residual_lagged_information,,,,-1.9791583657253475,EIA_STEO_July_2026_ex_post_2022plus,118.21114
CHN,China,2016,2016-02,2016-02-29,1545.3844140395895,CNY/tonne proxy,Brent-CNY proxy net of NDRC policy gaps,constructed_brent_cny_policy_proxy,proxy_not_observed,False,China fuel price is constructed from Brent-CNY minus cumulative NDRC policy gaps; excluded from the main cross-country fuel-price ranking.,,,1.0,,CHN=regulated domestic product-price mechanism/proxy scenario; controls=observed retail-price pass-through.,0.04370857625435143,210.790434075,0.04370857625435054,2.3,,,,,0.2502414466173734,0.0,ARX_one_step_residual_lagged_information,,,,0.4305199525458617,EIA_STEO_July_2026_ex_post_2022plus,103.74965
CHN,China,2016,2016-03,2016-03-31,1821.6333614949062,CNY/tonne proxy,Brent-CNY proxy net of NDRC policy gaps,constructed_brent_cny_policy_proxy,proxy_not_observed,False,China fuel price is constructed from Brent-CNY minus cumulative NDRC policy gaps; excluded from the main cross-country fuel-price ranking.,,,1.0,,CHN=regulated domestic product-price mechanism/proxy scenario; controls=observed retail-price pass-through.,0.16446085891350215,248.4707905079052,0.16446085891350304,2.3,,,,,0.9852420612150368,0.0,ARX_one_step_residual_lagged_information,,,,1.5822675667564785,EIA_STEO_July_2026_ex_post_2022plus,109.72029
CHN,China,2016,2016-04,2016-04-30,1974.1209881068755,CNY/tonne proxy,Brent-CNY proxy net of NDRC policy gaps,constructed_brent_cny_policy_proxy,proxy_not_observed,False,China fuel price is constructed from Brent-CNY minus cumulative NDRC policy gaps; excluded from the main cross-country fuel-price ranking.,,,1.0,,CHN=regulated domestic product-price mechanism/proxy scenario; controls=observed retail-price pass-through.,0.08038967997653756,269.2701027777778,0.08038967997653756,2.3,,,,,0.0838172782525009,0.0,ARX_one_step_residual_lagged_information,,,,0.7767219192420621,EIA_STEO_July_2026_ex_post_2022plus,85.22145
CHN,China,2016,2016-05,2016-05-31,2236.328544912589,CNY/tonne proxy,Brent-CNY proxy net of NDRC policy gaps,constructed_brent_cny_policy_proxy,proxy_not_observed,False,China fuel price is constructed from Brent-CNY minus cumulative NDRC policy gaps; excluded from the main cross-country fuel-price ranking.,,,1.0,,CHN=regulated domestic product-price mechanism/proxy scenario; controls=observed retail-price pass-through.,0.12471224875022102,305.03521352607714,0.12471224875022102,2.0,,,,,0.5579169894032892,0.0,ARX_one_step_residual_lagged_information,,,,1.0759248987314494,EIA_STEO_July_2026_ex_post_2022plus,88.33242
CHN,China,2016,2016-06,2016-06-30,2330.7333283245684,CNY/tonne proxy,Brent-CNY proxy net of NDRC policy gaps,constructed_brent_cny_policy_proxy,proxy_not_observed,False,China fuel price is constructed from Brent-CNY minus cumulative NDRC policy gaps; excluded from the main cross-country fuel-price ranking.,,,1.0,,CHN=regulated domestic product-price mechanism/proxy scenario; controls=observed retail-price pass-through.,0.04134747252843152,317.9120259834711,0.04134747252843152,1.9,,,,,0.2953291990002094,0.0,ARX_one_step_residual_lagged_information,,,,0.2876069002708758,EIA_STEO_July_2026_ex_post_2022plus,90.16813
CHN,China,2016,2016-07,2016-07-31,2200.5028449064384,CNY/tonne proxy,Brent-CNY proxy net of NDRC policy gaps,constructed_brent_cny_policy_proxy,proxy_not_observed,False,China fuel price is constructed from Brent-CNY minus cumulative NDRC policy gaps; excluded from the main cross-country fuel-price ranking.,,,1.0,,CHN=regulated domestic product-price mechanism/proxy scenario; controls=observed retail-price pass-through.,-0.057497051132384236,300.14858804523817,-0.057497051132385124,1.8,,,,,-0.7890364899854008,0.0,ARX_one_step_residual_lagged_information,,,,-0.6594625016309432,EIA_STEO_July_2026_ex_post_2022plus,114.61045
CHN,China,2016,2016-08,2016-08-31,2233.864933116765,CNY/tonne proxy,Brent-CNY proxy net of NDRC policy gaps,constructed_brent_cny_policy_proxy,proxy_not_observed,False,China fuel price is constructed from Brent-CNY minus cumulative NDRC policy gaps; excluded from the main cross-country fuel-price ranking.,,,1.0,,CHN=regulated domestic product-price mechanism/proxy scenario; controls=observed retail-price pass-through.,0.015047339044364172,304.6991768771267,0.015047339044364172,1.3,,,,,0.0811910315784664,0.0,ARX_one_step_residual_lagged_information,,,,0.1761257354996075,EIA_STEO_July_2026_ex_post_2022plus,98.73849
CHN,China,2016,2016-09,2016-09-30,2277.2372980221153,CNY/tonne proxy,Brent-CNY proxy net of NDRC policy gaps,constructed_brent_cny_policy_proxy,proxy_not_observed,False,China fuel price is constructed from Brent-CNY minus cumulative NDRC policy gaps; excluded from the main cross-country fuel-price ranking.,,,1.0,,CHN=regulated domestic product-price mechanism/proxy scenario; controls=observed retail-price pass-through.,0.019229757698720817,310.6151674502165,0.019229757698721706,1.9,,,,,-0.2376557237578802,0.0,ARX_one_step_residual_lagged_information,,,,0.1396420942526995,EIA_STEO_July_2026_ex_post_2022plus,104.54523
CHN,China,2016,2016-10,2016-10-31,2443.555540671695,CNY/tonne proxy,Brent-CNY proxy net of NDRC policy gaps,constructed_brent_cny_policy_proxy,proxy_not_observed,False,China fuel price is constructed from Brent-CNY minus cumulative NDRC policy gaps; excluded from the main cross-country fuel-price ranking.,,,1.0,,CHN=regulated domestic product-price mechanism/proxy scenario; controls=observed retail-price pass-through.,0.07049117057893817,333.30097574761913,0.07049117057893728,2.1,,,,,0.4642565958700504,0.0,ARX_one_step_residual_lagged_information,,,,0.5633942564883699,EIA_STEO_July_2026_ex_post_2022plus,85.74779
CHN,China,2016,2016-11,2016-11-30,2243.3162703279127,CNY/tonne proxy,Brent-CNY proxy net of NDRC policy gaps,constructed_brent_cny_policy_proxy,proxy_not_observed,False,China fuel price is constructed from Brent-CNY minus cumulative NDRC policy gaps; excluded from the main cross-country fuel-price ranking.,,,1.0,,CHN=regulated domestic product-price mechanism/proxy scenario; controls=observed retail-price pass-through.,-0.08549891857059944,305.9883392727273,-0.08549891857059855,2.3,,,,,-0.9727318577270646,0.0,ARX_one_step_residual_lagged_information,,,,-0.9455471790119578,EIA_STEO_July_2026_ex_post_2022plus,82.918755
CHN,China,2016,2016-12,2016-12-31,2704.410702346041,CNY/tonne proxy,Brent-CNY proxy net of NDRC policy gaps,constructed_brent_cny_policy_proxy,proxy_not_observed,False,China fuel price is constructed from Brent-CNY minus cumulative NDRC policy gaps; excluded from the main cross-country fuel-price ranking.,,,1.0,,CHN=regulated domestic product-price mechanism/proxy scenario; controls=observed retail-price pass-through.,0.1869287847442953,368.8816198,0.1869287847442953,2.1,,,,,1.835253781522334,0.0,ARX_one_step_residual_lagged_information,,,,1.6159449639177093,EIA_STEO_July_2026_ex_post_2022plus,102.180466
CHN,China,2017,2017-01,2017-01-31,2757.1072307969334,CNY/tonne proxy,Brent-CNY proxy net of NDRC policy gaps,constructed_brent_cny_policy_proxy,proxy_not_observed,False,China fuel price is constructed from Brent-CNY minus cumulative NDRC policy gaps; excluded from the main cross-country fuel-price ranking.,,,1.0,,CHN=regulated domestic product-price mechanism/proxy scenario; controls=observed retail-price pass-through.,0.019297991690074845,376.0694262807017,0.019297991690073957,2.5,,,,,0.3562813201337297,0.0,ARX_one_step_residual_lagged_information,,,,0.212001757557247,EIA_STEO_July_2026_ex_post_2022plus,105.20123
CHN,China,2017,2017-02,2017-02-28,2763.3576776701657,CNY/tonne proxy,Brent-CNY proxy net of NDRC policy gaps,constructed_brent_cny_policy_proxy,proxy_not_observed,False,China fuel price is constructed from Brent-CNY minus cumulative NDRC policy gaps; excluded from the main cross-country fuel-price ranking.,,,1.0,,CHN=regulated domestic product-price mechanism/proxy scenario; controls=observed retail-price pass-through.,0.002264464912933306,376.9219872342106,0.0022644649129341943,0.8,,,,,-0.0616531323660811,0.0,ARX_one_step_residual_lagged_information,,,,0.0441060797080234,EIA_STEO_July_2026_ex_post_2022plus,114.20636
CHN,China,2017,2017-03,2017-03-31,2607.4447596582945,CNY/tonne proxy,Brent-CNY proxy net of NDRC policy gaps,constructed_brent_cny_policy_proxy,proxy_not_observed,False,China fuel price is constructed from Brent-CNY minus cumulative NDRC policy gaps; excluded from the main cross-country fuel-price ranking.,,,1.0,,CHN=regulated domestic product-price mechanism/proxy scenario; controls=observed retail-price pass-through.,-0.058075767718172244,355.65546521739134,-0.05807576771817313,0.9,,,,,-0.8914152242102106,0.0,ARX_one_step_residual_lagged_information,,,,-0.5753315680935861,EIA_STEO_July_2026_ex_post_2022plus,96.63588
CHN,China,2017,2017-04,2017-04-30,2641.301333828523,CNY/tonne proxy,Brent-CNY proxy net of NDRC policy gaps,constructed_brent_cny_policy_proxy,proxy_not_observed,False,China fuel price is constructed from Brent-CNY minus cumulative NDRC policy gaps; excluded from the main cross-country fuel-price ranking.,,,1.0,,CHN=regulated domestic product-price mechanism/proxy scenario; controls=observed retail-price pass-through.,0.01290100269470873,360.27350193421057,0.012901002694709618,1.2,,,,,-0.0009072287261253,0.0,ARX_one_step_residual_lagged_information,,,,0.1225563534111697,EIA_STEO_July_2026_ex_post_2022plus,119.45992
CHN,China,2017,2017-05,2017-05-31,2540.0520701291257,CNY/tonne proxy,Brent-CNY proxy net of NDRC policy gaps,constructed_brent_cny_policy_proxy,proxy_not_observed,False,China fuel price is constructed from Brent-CNY minus cumulative NDRC policy gaps; excluded from the main cross-country fuel-price ranking.,,,1.0,,CHN=regulated domestic product-price mechanism/proxy scenario; controls=observed retail-price pass-through.,-0.03908714431773941,346.4631023656127,-0.0390871443177403,1.5,,,,,-0.5808383357267876,0.0,ARX_one_step_residual_lagged_information,,,,-0.3623903429973516,EIA_STEO_July_2026_ex_post_2022plus,102.57996
CHN,China,2017,2017-06,2017-06-30,2313.84149741887,CNY/tonne proxy,Brent-CNY proxy net of NDRC policy gaps,constructed_brent_cny_policy_proxy,proxy_not_observed,False,China fuel price is constructed from Brent-CNY minus cumulative NDRC policy gaps; excluded from the main cross-country fuel-price ranking.,,,1.0,,CHN=regulated domestic product-price mechanism/proxy scenario; controls=observed retail-price pass-through.,-0.09327545167178819,315.6079802479338,-0.09327545167178819,1.5,,,,,-0.9901715991563086,0.0,ARX_one_step_residual_lagged_information,,,,-0.7627598824003294,EIA_STEO_July_2026_ex_post_2022plus,126.78902
CHN,China,2017,2017-07,2017-07-31,2405.9534706221198,CNY/tonne proxy,Brent-CNY proxy net of NDRC policy gaps,constructed_brent_cny_policy_proxy,proxy_not_observed,False,China fuel price is constructed from Brent-CNY minus cumulative NDRC policy gaps; excluded from the main cross-country fuel-price ranking.,,,1.0,,CHN=regulated domestic product-price mechanism/proxy scenario; controls=observed retail-price pass-through.,0.03903714927256807,328.17205339285715,0.03903714927256807,1.4,,,,,-0.0220304104529117,0.0,ARX_one_step_residual_lagged_information,,,,0.40613922085245,EIA_STEO_July_2026_ex_post_2022plus,102.81346
CHN,China,2017,2017-08,2017-08-31,2527.2189307552017,CNY/tonne proxy,Brent-CNY proxy net of NDRC policy gaps,constructed_brent_cny_policy_proxy,proxy_not_observed,False,China fuel price is constructed from Brent-CNY minus cumulative NDRC policy gaps; excluded from the main cross-country fuel-price ranking.,,,1.0,,CHN=regulated domestic product-price mechanism/proxy scenario; controls=observed retail-price pass-through.,0.04917318280789651,344.71266215500947,0.0491731828078974,1.8,,,,,0.1395144133344559,0.0,ARX_one_step_residual_lagged_information,,,,0.5902347710413575,EIA_STEO_July_2026_ex_post_2022plus,138.53162
CHN,China,2017,2017-09,2017-09-30,2704.3076029534977,CNY/tonne proxy,Brent-CNY proxy net of NDRC policy gaps,constructed_brent_cny_policy_proxy,proxy_not_observed,False,China fuel price is constructed from Brent-CNY minus cumulative NDRC policy gaps; excluded from the main cross-country fuel-price ranking.,,,1.0,,CHN=regulated domestic product-price mechanism/proxy scenario; controls=observed retail-price pass-through.,0.06772644891959523,368.8675570428571,0.06772644891959523,1.6,,,,,0.3826412875684989,0.0,ARX_one_step_residual_lagged_information,,,,0.7577258362578646,EIA_STEO_July_2026_ex_post_2022plus,115.53445
CHN,China,2017,2017-10,2017-10-31,2793.340881764863,CNY/tonne proxy,Brent-CNY proxy net of NDRC policy gaps,constructed_brent_cny_policy_proxy,proxy_not_observed,False,China fuel price is constructed from Brent-CNY minus cumulative NDRC policy gaps; excluded from the main cross-country fuel-price ranking.,,,1.0,,CHN=regulated domestic product-price mechanism/proxy scenario; controls=observed retail-price pass-through.,0.03239241792525682,381.01169627272725,0.032392417925255934,1.9,,,,,-0.0764546837583873,0.0,ARX_one_step_residual_lagged_information,,,,0.2150631197695683,EIA_STEO_July_2026_ex_post_2022plus,91.46157
CHN,China,2017,2017-11,2017-11-30,3043.7552971374307,CNY/tonne proxy,Brent-CNY proxy net of NDRC policy gaps,constructed_brent_cny_policy_proxy,proxy_not_observed,False,China fuel price is constructed from Brent-CNY minus cumulative NDRC policy gaps; excluded from the main cross-country fuel-price ranking.,,,1.0,,CHN=regulated domestic product-price mechanism/proxy scenario; controls=observed retail-price pass-through.,0.08585372005518632,415.1682225295455,0.08585372005518721,1.7,,,,,1.031947168545167,0.0,ARX_one_step_residual_lagged_information,,,,0.795920881769235,EIA_STEO_July_2026_ex_post_2022plus,92.596016
CHN,China,2017,2017-12,2017-12-31,3111.6440826130574,CNY/tonne proxy,Brent-CNY proxy net of NDRC policy gaps,constructed_brent_cny_policy_proxy,proxy_not_observed,False,China fuel price is constructed from Brent-CNY minus cumulative NDRC policy gaps; excluded from the main cross-country fuel-price ranking.,,,1.0,,CHN=regulated domestic product-price mechanism/proxy scenario; controls=observed retail-price pass-through.,0.02205918225532244,424.428252868421,0.022059182255321552,1.8,,,,,0.2316221454684384,0.0,ARX_one_step_residual_lagged_information,,,,0.2361154289400639,EIA_STEO_July_2026_ex_post_2022plus,82.718254
CHN,China,2018,2018-01,2018-01-31,3252.959801830623,CNY/tonne proxy,Brent-CNY proxy net of NDRC policy gaps,constructed_brent_cny_policy_proxy,proxy_not_observed,False,China fuel price is constructed from Brent-CNY minus cumulative NDRC policy gaps; excluded from the main cross-country fuel-price ranking.,,,1.0,,CHN=regulated domestic product-price mechanism/proxy scenario; controls=observed retail-price pass-through.,0.044414059718867804,443.7037169696969,0.04441405971886869,1.5,,,,,0.5307537819846163,0.0,ARX_one_step_residual_lagged_information,,,,0.6466410329828569,EIA_STEO_July_2026_ex_post_2022plus,92.42679
CHN,China,2018,2018-02,2018-02-28,3025.6348356227813,CNY/tonne proxy,Brent-CNY proxy net of NDRC policy gaps,constructed_brent_cny_policy_proxy,proxy_not_observed,False,China fuel price is constructed from Brent-CNY minus cumulative NDRC policy gaps; excluded from the main cross-country fuel-price ranking.,,,1.0,,CHN=regulated domestic product-price mechanism/proxy scenario; controls=observed retail-price pass-through.,-0.07244435767362667,412.69659157894733,-0.07244435767362667,2.9,,,,,-1.0037546449327843,0.0,ARX_one_step_residual_lagged_information,,,,-0.5228083968715923,EIA_STEO_July_2026_ex_post_2022plus,64.49137
CHN,China,2018,2018-03,2018-03-31,3057.5629726517377,CNY/tonne proxy,Brent-CNY proxy net of NDRC policy gaps,constructed_brent_cny_policy_proxy,proxy_not_observed,False,China fuel price is constructed from Brent-CNY minus cumulative NDRC policy gaps; excluded from the main cross-country fuel-price ranking.,,,1.0,,CHN=regulated domestic product-price mechanism/proxy scenario; controls=observed retail-price pass-through.,0.01049725201150764,417.051589469697,0.01049725201150764,2.1,,,,,-0.0942745679504046,0.0,ARX_one_step_residual_lagged_information,,,,0.0930713737533477,EIA_STEO_July_2026_ex_post_2022plus,111.962296
CHN,China,2018,2018-04,2018-04-30,3328.6394177489183,CNY/tonne proxy,Brent-CNY proxy net of NDRC policy gaps,constructed_brent_cny_policy_proxy,proxy_not_observed,False,China fuel price is constructed from Brent-CNY minus cumulative NDRC policy gaps; excluded from the main cross-country fuel-price ranking.,,,1.0,,CHN=regulated domestic product-price mechanism/proxy scenario; controls=observed retail-price pass-through.,0.08494545274894172,454.02641658095246,0.08494545274894083,1.8,,,,,0.8022116118069343,0.0,ARX_one_step_residual_lagged_information,,,,0.8103735825471061,EIA_STEO_July_2026_ex_post_2022plus,123.26347
CHN,China,2018,2018-05,2018-05-31,3594.847251399627,CNY/tonne proxy,Brent-CNY proxy net of NDRC policy gaps,constructed_brent_cny_policy_proxy,proxy_not_observed,False,China fuel price is constructed from Brent-CNY minus cumulative NDRC policy gaps; excluded from the main cross-country fuel-price ranking.,,,1.0,,CHN=regulated domestic product-price mechanism/proxy scenario; controls=observed retail-price pass-through.,0.07693786384991341,490.33716509090914,0.07693786384991341,1.8,,,,,0.61791327286101,0.0,ARX_one_step_residual_lagged_information,,,,0.5988011055133343,EIA_STEO_July_2026_ex_post_2022plus,125.66662
CHN,China,2018,2018-06,2018-06-30,3526.65687487116,CNY/tonne proxy,Brent-CNY proxy net of NDRC policy gaps,constructed_brent_cny_policy_proxy,proxy_not_observed,False,China fuel price is constructed from Brent-CNY minus cumulative NDRC policy gaps; excluded from the main cross-country fuel-price ranking.,,,1.0,,CHN=regulated domestic product-price mechanism/proxy scenario; controls=observed retail-price pass-through.,-0.019151139834173492,481.0359977324262,-0.019151139834172604,1.9,,,,,0.2164778282618993,0.0,ARX_one_step_residual_lagged_information,,,,-0.3193864990554811,EIA_STEO_July_2026_ex_post_2022plus,103.96859
CHN,China,2018,2018-07,2018-07-31,3656.332200079979,CNY/tonne proxy,Brent-CNY proxy net of NDRC policy gaps,constructed_brent_cny_policy_proxy,proxy_not_observed,False,China fuel price is constructed from Brent-CNY minus cumulative NDRC policy gaps; excluded from the main cross-country fuel-price ranking.,,,1.0,,CHN=regulated domestic product-price mechanism/proxy scenario; controls=observed retail-price pass-through.,0.03611015256184125,498.7237120909091,0.03611015256184125,2.1,,,,,0.2532337563567078,0.0,ARX_one_step_residual_lagged_information,,,,-0.0241107132650339,EIA_STEO_July_2026_ex_post_2022plus,110.02843
CHN,China,2018,2018-08,2018-08-31,3639.8473710287208,CNY/tonne proxy,Brent-CNY proxy net of NDRC policy gaps,constructed_brent_cny_policy_proxy,proxy_not_observed,False,China fuel price is constructed from Brent-CNY minus cumulative NDRC policy gaps; excluded from the main cross-country fuel-price ranking.,,,1.0,,CHN=regulated domestic product-price mechanism/proxy scenario; controls=observed retail-price pass-through.,-0.004518764085014837,496.4751814083175,-0.004518764085015725,2.3,,,,,-0.2271250192287946,0.0,ARX_one_step_residual_lagged_information,,,,-0.2227949159068178,EIA_STEO_July_2026_ex_post_2022plus,112.741684
CHN,China,2018,2018-09,2018-09-30,3964.8419974533103,CNY/tonne proxy,Brent-CNY proxy net of NDRC policy gaps,constructed_brent_cny_policy_proxy,proxy_not_observed,False,China fuel price is constructed from Brent-CNY minus cumulative NDRC policy gaps; excluded from the main cross-country fuel-price ranking.,,,1.0,,CHN=regulated domestic product-price mechanism/proxy scenario; controls=observed retail-price pass-through.,0.08552425524114682,540.8044484526315,0.08552425524114682,2.5,,,,,0.853284043900544,0.0,ARX_one_step_residual_lagged_information,,,,0.7721044015297376,EIA_STEO_July_2026_ex_post_2022plus,75.05391
CHN,China,2018,2018-10,2018-10-31,4110.484478370985,CNY/tonne proxy,Brent-CNY proxy net of NDRC policy gaps,constructed_brent_cny_policy_proxy,proxy_not_observed,False,China fuel price is constructed from Brent-CNY minus cumulative NDRC policy gaps; excluded from the main cross-country fuel-price ranking.,,,1.0,,CHN=regulated domestic product-price mechanism/proxy scenario; controls=observed retail-price pass-through.,0.03607489453562884,560.6700828498024,0.03607489453562884,2.5,,,,,0.3098941070137567,0.0,ARX_one_step_residual_lagged_information,,,,0.2422209714529359,EIA_STEO_July_2026_ex_post_2022plus,92.01648
CHN,China,2018,2018-11,2018-11-30,3292.7939451146362,CNY/tonne proxy,Brent-CNY proxy net of NDRC policy gaps,constructed_brent_cny_policy_proxy,proxy_not_observed,False,China fuel price is constructed from Brent-CNY minus cumulative NDRC policy gaps; excluded from the main cross-country fuel-price ranking.,,,1.0,,CHN=regulated domestic product-price mechanism/proxy scenario; controls=observed retail-price pass-through.,-0.22180447168005557,449.13709411363635,-0.22180447168005557,2.2,,,,,-1.9526225628805007,0.0,ARX_one_step_residual_lagged_information,,,,-2.079541405844165,EIA_STEO_July_2026_ex_post_2022plus,80.407585
CHN,China,2018,2018-12,2018-12-31,2894.9110432599236,CNY/tonne proxy,Brent-CNY proxy net of NDRC policy gaps,constructed_brent_cny_policy_proxy,proxy_not_observed,False,China fuel price is constructed from Brent-CNY minus cumulative NDRC policy gaps; excluded from the main cross-country fuel-price ranking.,,,1.0,,CHN=regulated domestic product-price mechanism/proxy scenario; controls=observed retail-price pass-through.,-0.12878204499410018,394.8658663006536,-0.1287820449940993,1.9,,,,,-1.0061364944612583,0.0,ARX_one_step_residual_lagged_information,,,,-1.1251766525266678,EIA_STEO_July_2026_ex_post_2022plus,90.607666
CHN,China,2019,2019-01,2019-01-31,2955.8187078279125,CNY/tonne proxy,Brent-CNY proxy net of NDRC policy gaps,constructed_brent_cny_policy_proxy,proxy_not_observed,False,China fuel price is constructed from Brent-CNY minus cumulative NDRC policy gaps; excluded from the main cross-country fuel-price ranking.,,,1.0,,CHN=regulated domestic product-price mechanism/proxy scenario; controls=observed retail-price pass-through.,0.020821288134976967,403.17367174772727,0.02082128813497608,1.7,,,,,0.188445533632504,0.0,ARX_one_step_residual_lagged_information,,,,0.3188447727567846,EIA_STEO_July_2026_ex_post_2022plus,87.4241
CHN,China,2019,2019-02,2019-02-28,3158.9562635019556,CNY/tonne proxy,Brent-CNY proxy net of NDRC policy gaps,constructed_brent_cny_policy_proxy,proxy_not_observed,False,China fuel price is constructed from Brent-CNY minus cumulative NDRC policy gaps; excluded from the main cross-country fuel-price ranking.,,,1.0,,CHN=regulated domestic product-price mechanism/proxy scenario; controls=observed retail-price pass-through.,0.06646600570777217,430.8816343416667,0.06646600570777306,1.5,,,,,0.3179255869930876,0.0,ARX_one_step_residual_lagged_information,,,,0.6770586293080596,EIA_STEO_July_2026_ex_post_2022plus,96.80016
CHN,China,2019,2019-03,2019-03-31,3254.5330797773663,CNY/tonne proxy,Brent-CNY proxy net of NDRC policy gaps,constructed_brent_cny_policy_proxy,proxy_not_observed,False,China fuel price is constructed from Brent-CNY minus cumulative NDRC policy gaps; excluded from the main cross-country fuel-price ranking.,,,1.0,,CHN=regulated domestic product-price mechanism/proxy scenario; controls=observed retail-price pass-through.,0.02980714161918918,443.91831208163273,0.029807141619188293,2.3,,,,,0.2509811626919623,0.0,ARX_one_step_residual_lagged_information,,,,0.3042339624987233,EIA_STEO_July_2026_ex_post_2022plus,82.32829
CHN,China,2019,2019-04,2019-04-30,3507.389468363992,CNY/tonne proxy,Brent-CNY proxy net of NDRC policy gaps,constructed_brent_cny_policy_proxy,proxy_not_observed,False,China fuel price is constructed from Brent-CNY minus cumulative NDRC policy gaps; excluded from the main cross-country fuel-price ranking.,,,1.0,,CHN=regulated domestic product-price mechanism/proxy scenario; controls=observed retail-price pass-through.,0.07482320126022124,478.4079234848485,0.07482320126022213,2.5,,,,,0.7415849113131195,0.0,ARX_one_step_residual_lagged_information,,,,0.6807381297896776,EIA_STEO_July_2026_ex_post_2022plus,79.25345
CHN,China,2019,2019-05,2019-05-31,3582.544119916507,CNY/tonne proxy,Brent-CNY proxy net of NDRC policy gaps,constructed_brent_cny_policy_proxy,proxy_not_observed,False,China fuel price is constructed from Brent-CNY minus cumulative NDRC policy gaps; excluded from the main cross-country fuel-price ranking.,,,1.0,,CHN=regulated domestic product-price mechanism/proxy scenario; controls=observed retail-price pass-through.,0.0212011764850093,488.65901795661154,0.02120117648500841,2.7,,,,,0.1036321340257055,0.0,ARX_one_step_residual_lagged_information,,,,0.0055781678142461,EIA_STEO_July_2026_ex_post_2022plus,106.4719
CHN,China,2019,2019-06,2019-06-30,3247.5963147910556,CNY/tonne proxy,Brent-CNY proxy net of NDRC policy gaps,constructed_brent_cny_policy_proxy,proxy_not_observed,False,China fuel price is constructed from Brent-CNY minus cumulative NDRC policy gaps; excluded from the main cross-country fuel-price ranking.,,,1.0,,CHN=regulated domestic product-price mechanism/proxy scenario; controls=observed retail-price pass-through.,-0.09815806878614453,442.9721373375,-0.09815806878614364,2.7,,,,,-0.7544511920195658,0.0,ARX_one_step_residual_lagged_information,,,,-0.9745194423062468,EIA_STEO_July_2026_ex_post_2022plus,106.588455
CHN,China,2019,2019-07,2019-07-31,3222.8891225528264,CNY/tonne proxy,Brent-CNY proxy net of NDRC policy gaps,constructed_brent_cny_policy_proxy,proxy_not_observed,False,China fuel price is constructed from Brent-CNY minus cumulative NDRC policy gaps; excluded from the main cross-country fuel-price ranking.,,,1.0,,CHN=regulated domestic product-price mechanism/proxy scenario; controls=observed retail-price pass-through.,-0.007636926953866308,439.6020763162055,-0.007636926953867196,2.8,,,,,-0.1475646384633109,0.0,ARX_one_step_residual_lagged_information,,,,-0.0488585610737776,EIA_STEO_July_2026_ex_post_2022plus,93.521255
CHN,China,2019,2019-08,2019-08-31,3057.2143862848698,CNY/tonne proxy,Brent-CNY proxy net of NDRC policy gaps,constructed_brent_cny_policy_proxy,proxy_not_observed,False,China fuel price is constructed from Brent-CNY minus cumulative NDRC policy gaps; excluded from the main cross-country fuel-price ranking.,,,1.0,,CHN=regulated domestic product-price mechanism/proxy scenario; controls=observed retail-price pass-through.,-0.05277403022155269,417.00404228925623,-0.052774030221551804,2.8,,,,,-0.8952299415487155,0.0,ARX_one_step_residual_lagged_information,,,,-0.7392204902481774,EIA_STEO_July_2026_ex_post_2022plus,103.40442
CHN,China,2019,2019-09,2019-09-30,3276.6248484848493,CNY/tonne proxy,Brent-CNY proxy net of NDRC policy gaps,constructed_brent_cny_policy_proxy,proxy_not_observed,False,China fuel price is constructed from Brent-CNY minus cumulative NDRC policy gaps; excluded from the main cross-country fuel-price ranking.,,,1.0,,CHN=regulated domestic product-price mechanism/proxy scenario; controls=observed retail-price pass-through.,0.06930971291223642,446.93162933333343,0.06930971291223553,3.0,,,,,0.7267762189669941,0.0,ARX_one_step_residual_lagged_information,,,,0.5690958721819117,EIA_STEO_July_2026_ex_post_2022plus,90.36799
CHN,China,2019,2019-10,2019-10-31,3106.5149716597316,CNY/tonne proxy,Brent-CNY proxy net of NDRC policy gaps,constructed_brent_cny_policy_proxy,proxy_not_observed,False,China fuel price is constructed from Brent-CNY minus cumulative NDRC policy gaps; excluded from the main cross-country fuel-price ranking.,,,1.0,,CHN=regulated domestic product-price mechanism/proxy scenario; controls=observed retail-price pass-through.,-0.0533123730215852,423.72864213438737,-0.0533123730215852,3.8,,,,,-0.5756594546753463,0.0,ARX_one_step_residual_lagged_information,,,,-0.4753168273233417,EIA_STEO_July_2026_ex_post_2022plus,97.83673
CHN,China,2019,2019-11,2019-11-30,3253.2325333127546,CNY/tonne proxy,Brent-CNY proxy net of NDRC policy gaps,constructed_brent_cny_policy_proxy,proxy_not_observed,False,China fuel price is constructed from Brent-CNY minus cumulative NDRC policy gaps; excluded from the main cross-country fuel-price ranking.,,,1.0,,CHN=regulated domestic product-price mechanism/proxy scenario; controls=observed retail-price pass-through.,0.04614761769167686,443.7409175438597,0.046147617691677745,4.5,,,,,0.325523975981759,0.0,ARX_one_step_residual_lagged_information,,,,0.5210974588565558,EIA_STEO_July_2026_ex_post_2022plus,73.078384
CHN,China,2019,2019-12,2019-12-31,3456.2996660482386,CNY/tonne proxy,Brent-CNY proxy net of NDRC policy gaps,constructed_brent_cny_policy_proxy,proxy_not_observed,False,China fuel price is constructed from Brent-CNY minus cumulative NDRC policy gaps; excluded from the main cross-country fuel-price ranking.,,,1.0,,CHN=regulated domestic product-price mechanism/proxy scenario; controls=observed retail-price pass-through.,0.06054942844479605,471.43927444897975,0.06054942844479516,4.5,,,,,0.4989297512798961,0.0,ARX_one_step_residual_lagged_information,,,,0.5626427037356834,EIA_STEO_July_2026_ex_post_2022plus,74.27989
CHN,China,2020,2020-01,2020-01-31,3228.1648239834462,CNY/tonne proxy,Brent-CNY proxy net of NDRC policy gaps,constructed_brent_cny_policy_proxy,proxy_not_observed,False,China fuel price is constructed from Brent-CNY minus cumulative NDRC policy gaps; excluded from the main cross-country fuel-price ranking.,,,1.0,,CHN=regulated domestic product-price mechanism/proxy scenario; controls=observed retail-price pass-through.,-0.06828474629107184,440.321681991342,-0.06828474629107095,5.4,,,,,-0.6705064432322924,0.0,ARX_one_step_residual_lagged_information,,,,-0.5101846776295887,EIA_STEO_July_2026_ex_post_2022plus,138.42094
CHN,China,2020,2020-02,2020-02-29,2854.953261228585,CNY/tonne proxy,Brent-CNY proxy net of NDRC policy gaps,constructed_brent_cny_policy_proxy,proxy_not_observed,False,China fuel price is constructed from Brent-CNY minus cumulative NDRC policy gaps; excluded from the main cross-country fuel-price ranking.,,,1.0,,CHN=regulated domestic product-price mechanism/proxy scenario; controls=observed retail-price pass-through.,-0.12285833769189214,389.41562483157895,-0.12285833769189303,5.2,,,,,-1.4886935956750118,0.0,ARX_one_step_residual_lagged_information,,,,-1.2453944208448664,EIA_STEO_July_2026_ex_post_2022plus,75.95556
CHN,China,2020,2020-03,2020-03-31,1647.6112744934683,CNY/tonne proxy,Brent-CNY proxy net of NDRC policy gaps,constructed_brent_cny_policy_proxy,proxy_not_observed,False,China fuel price is constructed from Brent-CNY minus cumulative NDRC policy gaps; excluded from the main cross-country fuel-price ranking.,,,1.0,,CHN=regulated domestic product-price mechanism/proxy scenario; controls=observed retail-price pass-through.,-0.5497289455896937,224.73417784090907,-0.5497289455896928,4.3,,,,,-5.233802918763738,0.0,ARX_one_step_residual_lagged_information,,,,-5.119287024916463,EIA_STEO_July_2026_ex_post_2022plus,81.54003
CHN,China,2020,2020-04,2020-04-30,952.7214005265262,CNY/tonne proxy,Brent-CNY proxy net of NDRC policy gaps,constructed_brent_cny_policy_proxy,proxy_not_observed,False,China fuel price is constructed from Brent-CNY minus cumulative NDRC policy gaps; excluded from the main cross-country fuel-price ranking.,,,1.0,,CHN=regulated domestic product-price mechanism/proxy scenario; controls=observed retail-price pass-through.,-0.5477592840301,129.95119903181816,-0.5477592840301009,3.3,,,,,-5.199309945631854,0.0,ARX_one_step_residual_lagged_information,,,,-5.135860269259506,EIA_STEO_July_2026_ex_post_2022plus,69.3394
CHN,China,2020,2020-05,2020-05-31,1529.5985252353762,CNY/tonne proxy,Brent-CNY proxy net of NDRC policy gaps,constructed_brent_cny_policy_proxy,proxy_not_observed,False,China fuel price is constructed from Brent-CNY minus cumulative NDRC policy gaps; excluded from the main cross-country fuel-price ranking.,,,1.0,,CHN=regulated domestic product-price mechanism/proxy scenario; controls=observed retail-price pass-through.,0.47343805665797767,208.6372388421053,0.47343805665797767,2.4,,,,,3.9668162669824367,0.0,ARX_one_step_residual_lagged_information,,,,4.331729751051854,EIA_STEO_July_2026_ex_post_2022plus,68.50722
CHN,China,2020,2020-06,2020-06-30,2090.556102327258,CNY/tonne proxy,Brent-CNY proxy net of NDRC policy gaps,constructed_brent_cny_policy_proxy,proxy_not_observed,False,China fuel price is constructed from Brent-CNY minus cumulative NDRC policy gaps; excluded from the main cross-country fuel-price ranking.,,,1.0,,CHN=regulated domestic product-price mechanism/proxy scenario; controls=observed retail-price pass-through.,0.3124248090888564,285.151852357438,0.3124248090888573,2.5,,,,,2.436789638774949,0.0,ARX_one_step_residual_lagged_information,,,,2.909312404330328,EIA_STEO_July_2026_ex_post_2022plus,71.22786
CHN,China,2020,2020-07,2020-07-31,2220.477272509939,CNY/tonne proxy,Brent-CNY proxy net of NDRC policy gaps,constructed_brent_cny_policy_proxy,proxy_not_observed,False,China fuel price is constructed from Brent-CNY minus cumulative NDRC policy gaps; excluded from the main cross-country fuel-price ranking.,,,1.0,,CHN=regulated domestic product-price mechanism/proxy scenario; controls=observed retail-price pass-through.,0.06029205214187261,302.8730999703557,0.06029205214187261,2.7,,,,,0.01030566042997,0.0,ARX_one_step_residual_lagged_information,,,,0.6537384842262939,EIA_STEO_July_2026_ex_post_2022plus,66.47328
CHN,China,2020,2020-08,2020-08-31,2271.8966133221616,CNY/tonne proxy,Brent-CNY proxy net of NDRC policy gaps,constructed_brent_cny_policy_proxy,proxy_not_observed,False,China fuel price is constructed from Brent-CNY minus cumulative NDRC policy gaps; excluded from the main cross-country fuel-price ranking.,,,1.0,,CHN=regulated domestic product-price mechanism/proxy scenario; controls=observed retail-price pass-through.,0.022892834729030476,309.88669805714284,0.022892834729029587,2.4,,,,,-0.0329631673480962,0.0,ARX_one_step_residual_lagged_information,,,,0.3086337464573048,EIA_STEO_July_2026_ex_post_2022plus,65.46605
CHN,China,2020,2020-09,2020-09-30,2042.6565649953666,CNY/tonne proxy,Brent-CNY proxy net of NDRC policy gaps,constructed_brent_cny_policy_proxy,proxy_not_observed,False,China fuel price is constructed from Brent-CNY minus cumulative NDRC policy gaps; excluded from the main cross-country fuel-price ranking.,,,1.0,,CHN=regulated domestic product-price mechanism/proxy scenario; controls=observed retail-price pass-through.,-0.10636379670099672,278.618355465368,-0.10636379670099583,1.7,,,,,-1.337846087993822,0.0,ARX_one_step_residual_lagged_information,,,,-0.8320689060780462,EIA_STEO_July_2026_ex_post_2022plus,80.37738
CHN,China,2020,2020-10,2020-10-31,1981.6108936505825,CNY/tonne proxy,Brent-CNY proxy net of NDRC policy gaps,constructed_brent_cny_policy_proxy,proxy_not_observed,False,China fuel price is constructed from Brent-CNY minus cumulative NDRC policy gaps; excluded from the main cross-country fuel-price ranking.,,,1.0,,CHN=regulated domestic product-price mechanism/proxy scenario; controls=observed retail-price pass-through.,-0.030341101843499807,270.29172589393943,-0.030341101843499807,0.5,,,,,-0.5674547419519714,0.0,ARX_one_step_residual_lagged_information,,,,-0.1695395031828312,EIA_STEO_July_2026_ex_post_2022plus,76.08317
CHN,China,2020,2020-11,2020-11-30,2066.652401550063,CNY/tonne proxy,Brent-CNY proxy net of NDRC policy gaps,constructed_brent_cny_policy_proxy,proxy_not_observed,False,China fuel price is constructed from Brent-CNY minus cumulative NDRC policy gaps; excluded from the main cross-country fuel-price ranking.,,,1.0,,CHN=regulated domestic product-price mechanism/proxy scenario; controls=observed retail-price pass-through.,0.04202000430405217,281.8913875714286,0.04202000430405217,-0.5,,,,,0.159158192905724,0.0,ARX_one_step_residual_lagged_information,,,,0.5531928001953953,EIA_STEO_July_2026_ex_post_2022plus,70.06747
CHN,China,2020,2020-12,2020-12-31,2396.7972742506763,CNY/tonne proxy,Brent-CNY proxy net of NDRC policy gaps,constructed_brent_cny_policy_proxy,proxy_not_observed,False,China fuel price is constructed from Brent-CNY minus cumulative NDRC policy gaps; excluded from the main cross-country fuel-price ranking.,,,1.0,,CHN=regulated domestic product-price mechanism/proxy scenario; controls=observed retail-price pass-through.,0.14820327621156704,326.9231482077922,0.14820327621156615,0.2,,,,,0.9731595394932884,0.0,ARX_one_step_residual_lagged_information,,,,1.4542880617593923,EIA_STEO_July_2026_ex_post_2022plus,64.06729
CHN,China,2021,2021-01,2021-01-31,2597.0175630498534,CNY/tonne proxy,Brent-CNY proxy net of NDRC policy gaps,constructed_brent_cny_policy_proxy,proxy_not_observed,False,China fuel price is constructed from Brent-CNY minus cumulative NDRC policy gaps; excluded from the main cross-country fuel-price ranking.,,,1.0,,CHN=regulated domestic product-price mechanism/proxy scenario; controls=observed retail-price pass-through.,0.0802303183852695,354.2331956,0.0802303183852704,-0.3,,,,,0.3836631169226632,0.0,ARX_one_step_residual_lagged_information,,,,0.8389414996582737,EIA_STEO_July_2026_ex_post_2022plus,77.4187
CHN,China,2021,2021-02,2021-02-28,2949.4853041171477,CNY/tonne proxy,Brent-CNY proxy net of NDRC policy gaps,constructed_brent_cny_policy_proxy,proxy_not_observed,False,China fuel price is constructed from Brent-CNY minus cumulative NDRC policy gaps; excluded from the main cross-country fuel-price ranking.,,,1.0,,CHN=regulated domestic product-price mechanism/proxy scenario; controls=observed retail-price pass-through.,0.12726698646870993,402.30979548157893,0.12726698646870993,-0.2,,,,,1.0471454699695986,0.0,ARX_one_step_residual_lagged_information,,,,1.1814795261633393,EIA_STEO_July_2026_ex_post_2022plus,73.9568
CHN,China,2021,2021-03,2021-03-31,3122.2537351778656,CNY/tonne proxy,Brent-CNY proxy net of NDRC policy gaps,constructed_brent_cny_policy_proxy,proxy_not_observed,False,China fuel price is constructed from Brent-CNY minus cumulative NDRC policy gaps; excluded from the main cross-country fuel-price ranking.,,,1.0,,CHN=regulated domestic product-price mechanism/proxy scenario; controls=observed retail-price pass-through.,0.0569244101211277,425.87540947826085,0.05692441012112681,0.4,,,,,0.5541671762649659,0.0,ARX_one_step_residual_lagged_information,,,,0.4485084381959874,EIA_STEO_July_2026_ex_post_2022plus,78.61877
CHN,China,2021,2021-04,2021-04-30,3097.142977089443,CNY/tonne proxy,Brent-CNY proxy net of NDRC policy gaps,constructed_brent_cny_policy_proxy,proxy_not_observed,False,China fuel price is constructed from Brent-CNY minus cumulative NDRC policy gaps; excluded from the main cross-country fuel-price ranking.,,,1.0,,CHN=regulated domestic product-price mechanism/proxy scenario; controls=observed retail-price pass-through.,-0.008075025825739601,422.45030207499997,-0.008075025825738713,0.9,,,,,0.1862069716688893,0.0,ARX_one_step_residual_lagged_information,,,,-0.0910692194610425,EIA_STEO_July_2026_ex_post_2022plus,88.16622
CHN,China,2021,2021-05,2021-05-31,3231.784961992591,CNY/tonne proxy,Brent-CNY proxy net of NDRC policy gaps,constructed_brent_cny_policy_proxy,proxy_not_observed,False,China fuel price is constructed from Brent-CNY minus cumulative NDRC policy gaps; excluded from the main cross-country fuel-price ranking.,,,1.0,,CHN=regulated domestic product-price mechanism/proxy scenario; controls=observed retail-price pass-through.,0.04255453816414345,440.8154688157894,0.04255453816414345,1.3,,,,,0.4497531915213519,0.0,ARX_one_step_residual_lagged_information,,,,0.5117128393307618,EIA_STEO_July_2026_ex_post_2022plus,93.00713
CHN,China,2021,2021-06,2021-06-30,3446.34612932006,CNY/tonne proxy,Brent-CNY proxy net of NDRC policy gaps,constructed_brent_cny_policy_proxy,proxy_not_observed,False,China fuel price is constructed from Brent-CNY minus cumulative NDRC policy gaps; excluded from the main cross-country fuel-price ranking.,,,1.0,,CHN=regulated domestic product-price mechanism/proxy scenario; controls=observed retail-price pass-through.,0.06427997244890449,470.08161203925613,0.0642799724489036,1.1,,,,,0.4549932173511998,0.0,ARX_one_step_residual_lagged_information,,,,0.5990337861743334,EIA_STEO_July_2026_ex_post_2022plus,74.12712
CHN,China,2021,2021-07,2021-07-31,3568.869176314888,CNY/tonne proxy,Brent-CNY proxy net of NDRC policy gaps,constructed_brent_cny_policy_proxy,proxy_not_observed,False,China fuel price is constructed from Brent-CNY minus cumulative NDRC policy gaps; excluded from the main cross-country fuel-price ranking.,,,1.0,,CHN=regulated domestic product-price mechanism/proxy scenario; controls=observed retail-price pass-through.,0.03493421142126074,486.7937556493507,0.03493421142126163,1.0,,,,,0.3769608296477943,0.0,ARX_one_step_residual_lagged_information,,,,0.2441988040870252,EIA_STEO_July_2026_ex_post_2022plus,58.42077
CHN,China,2021,2021-08,2021-08-31,3359.343487546178,CNY/tonne proxy,Brent-CNY proxy net of NDRC policy gaps,constructed_brent_cny_policy_proxy,proxy_not_observed,False,China fuel price is constructed from Brent-CNY minus cumulative NDRC policy gaps; excluded from the main cross-country fuel-price ranking.,,,1.0,,CHN=regulated domestic product-price mechanism/proxy scenario; controls=observed retail-price pass-through.,-0.060503224005957534,458.2144517012987,-0.060503224005957534,0.8,,,,,-0.2830597305679688,0.0,ARX_one_step_residual_lagged_information,,,,-0.5655219548259344,EIA_STEO_July_2026_ex_post_2022plus,89.48655
CHN,China,2021,2021-09,2021-09-30,3525.8136580245273,CNY/tonne proxy,Brent-CNY proxy net of NDRC policy gaps,constructed_brent_cny_policy_proxy,proxy_not_observed,False,China fuel price is constructed from Brent-CNY minus cumulative NDRC policy gaps; excluded from the main cross-country fuel-price ranking.,,,1.0,,CHN=regulated domestic product-price mechanism/proxy scenario; controls=observed retail-price pass-through.,0.04836567032712047,480.9209829545455,0.04836567032712047,0.7,,,,,0.5185963091691657,0.0,ARX_one_step_residual_lagged_information,,,,0.4710994601392794,EIA_STEO_July_2026_ex_post_2022plus,80.69697
CHN,China,2021,2021-10,2021-10-31,3930.216276707164,CNY/tonne proxy,Brent-CNY proxy net of NDRC policy gaps,constructed_brent_cny_policy_proxy,proxy_not_observed,False,China fuel price is constructed from Brent-CNY minus cumulative NDRC policy gaps; excluded from the main cross-country fuel-price ranking.,,,1.0,,CHN=regulated domestic product-price mechanism/proxy scenario; controls=observed retail-price pass-through.,0.10858322200821569,536.0815001428572,0.10858322200821569,1.5,,,,,1.1039672592649925,0.0,ARX_one_step_residual_lagged_information,,,,1.054700192682048,EIA_STEO_July_2026_ex_post_2022plus,79.029236
CHN,China,2021,2021-11,2021-11-30,3796.3546664222877,CNY/tonne proxy,Brent-CNY proxy net of NDRC policy gaps,constructed_brent_cny_policy_proxy,proxy_not_observed,False,China fuel price is constructed from Brent-CNY minus cumulative NDRC policy gaps; excluded from the main cross-country fuel-price ranking.,,,1.0,,CHN=regulated domestic product-price mechanism/proxy scenario; controls=observed retail-price pass-through.,-0.0346531486066457,517.8227765,-0.0346531486066457,2.3,,,,,-0.0706849995392918,0.0,ARX_one_step_residual_lagged_information,,,,-0.2849249323065002,EIA_STEO_July_2026_ex_post_2022plus,86.569145
CHN,China,2021,2021-12,2021-12-31,3463.438082271032,CNY/tonne proxy,Brent-CNY proxy net of NDRC policy gaps,constructed_brent_cny_policy_proxy,proxy_not_observed,False,China fuel price is constructed from Brent-CNY minus cumulative NDRC policy gaps; excluded from the main cross-country fuel-price ranking.,,,1.0,,CHN=regulated domestic product-price mechanism/proxy scenario; controls=observed retail-price pass-through.,-0.0917795468940934,472.4129544217687,-0.09177954689409429,1.5,,,,,-0.6113686709374714,0.0,ARX_one_step_residual_lagged_information,,,,-0.8254577822011292,EIA_STEO_July_2026_ex_post_2022plus,105.34542
CHN,China,2022,2022-01,2022-01-31,4030.7191794791233,CNY/tonne proxy,Brent-CNY proxy net of NDRC policy gaps,constructed_brent_cny_policy_proxy,proxy_not_observed,False,China fuel price is constructed from Brent-CNY minus cumulative NDRC policy gaps; excluded from the main cross-country fuel-price ranking.,,,1.0,,CHN=regulated domestic product-price mechanism/proxy scenario; controls=observed retail-price pass-through.,0.15168305537634552,549.7900960809524,0.1516830553763464,0.9,,,,,1.5810680213281163,0.0,ARX_one_step_residual_lagged_information,,,,1.416968417780749,EIA_STEO_July_2026_ex_post_2022plus,138.67499
CHN,China,2022,2022-02,2022-02-28,4517.176858890261,CNY/tonne proxy,Brent-CNY proxy net of NDRC policy gaps,constructed_brent_cny_policy_proxy,proxy_not_observed,False,China fuel price is constructed from Brent-CNY minus cumulative NDRC policy gaps; excluded from the main cross-country fuel-price ranking.,,,1.0,,CHN=regulated domestic product-price mechanism/proxy scenario; controls=observed retail-price pass-through.,0.11394239348267554,616.1429235526316,0.11394239348267554,0.9,,,,,1.0703315474347286,0.0,ARX_one_step_residual_lagged_information,,,,1.065599386143739,EIA_STEO_July_2026_ex_post_2022plus,216.15901
CHN,China,2022,2022-03,2022-03-31,5453.580636956799,CNY/tonne proxy,Brent-CNY proxy net of NDRC policy gaps,constructed_brent_cny_policy_proxy,proxy_not_observed,False,China fuel price is constructed from Brent-CNY minus cumulative NDRC policy gaps; excluded from the main cross-country fuel-price ranking.,,,1.0,,CHN=regulated domestic product-price mechanism/proxy scenario; controls=observed retail-price pass-through.,0.18838518058721831,743.8683988809073,0.18838518058721831,1.5,,,,,1.922395201592899,0.0,ARX_one_step_residual_lagged_information,-1.0065993210972508,0.0181492869995741,1.5770688740536394,1.7349150673297866,EIA_STEO_July_2026_ex_post_2022plus,318.95493
CHN,China,2022,2022-04,2022-04-30,4930.5243208828515,CNY/tonne proxy,Brent-CNY proxy net of NDRC policy gaps,constructed_brent_cny_policy_proxy,proxy_not_observed,False,China fuel price is constructed from Brent-CNY minus cumulative NDRC policy gaps; excluded from the main cross-country fuel-price ranking.,,,1.0,,CHN=regulated domestic product-price mechanism/proxy scenario; controls=observed retail-price pass-through.,-0.10082705503369915,672.5235173684209,-0.10082705503370004,2.1,,,,,-0.6789392095214486,0.0,ARX_one_step_residual_lagged_information,-0.1461343783478032,-1.6477127361273944,-2.144783681849617,-1.0627055388305418,EIA_STEO_July_2026_ex_post_2022plus,191.1431
CHN,China,2022,2022-05,2022-05-31,5566.303905230715,CNY/tonne proxy,Brent-CNY proxy net of NDRC policy gaps,constructed_brent_cny_policy_proxy,proxy_not_observed,False,China fuel price is constructed from Brent-CNY minus cumulative NDRC policy gaps; excluded from the main cross-country fuel-price ranking.,,,1.0,,CHN=regulated domestic product-price mechanism/proxy scenario; controls=observed retail-price pass-through.,0.12128592638637414,759.2438526734695,0.12128592638637503,2.1,,,,,1.1039174182479583,0.0,ARX_one_step_residual_lagged_information,0.2782729613369721,0.1705525783912704,0.9676004022294366,0.7385727675198195,EIA_STEO_July_2026_ex_post_2022plus,142.25848
CHN,China,2022,2022-06,2022-06-30,6023.26392745759,CNY/tonne proxy,Brent-CNY proxy net of NDRC policy gaps,constructed_brent_cny_policy_proxy,proxy_not_observed,False,China fuel price is constructed from Brent-CNY minus cumulative NDRC policy gaps; excluded from the main cross-country fuel-price ranking.,,,1.0,,CHN=regulated domestic product-price mechanism/proxy scenario; controls=observed retail-price pass-through.,0.0788980311285723,821.5731997052153,0.07889803112857141,2.5,,,,,1.4204844064848343,0.0,ARX_one_step_residual_lagged_information,-0.8531357311139594,1.7693744958686008,1.301702671732937,0.7292934422446856,EIA_STEO_July_2026_ex_post_2022plus,130.70732
CHN,China,2022,2022-07,2022-07-31,5526.664473607038,CNY/tonne proxy,Brent-CNY proxy net of NDRC policy gaps,constructed_brent_cny_policy_proxy,proxy_not_observed,False,China fuel price is constructed from Brent-CNY minus cumulative NDRC policy gaps; excluded from the main cross-country fuel-price ranking.,,,1.0,,CHN=regulated domestic product-price mechanism/proxy scenario; controls=observed retail-price pass-through.,-0.08604482880991426,753.8370342000001,-0.08604482880991338,2.7,,,,,-0.4806703313575357,0.0,ARX_one_step_residual_lagged_information,-1.1071407029483085,-0.3915175098824278,-1.1564901391733493,-0.8559327971030861,EIA_STEO_July_2026_ex_post_2022plus,117.176765
CHN,China,2022,2022-08,2022-08-31,5008.089454290451,CNY/tonne proxy,Brent-CNY proxy net of NDRC policy gaps,constructed_brent_cny_policy_proxy,proxy_not_observed,False,China fuel price is constructed from Brent-CNY minus cumulative NDRC policy gaps; excluded from the main cross-country fuel-price ranking.,,,1.0,,CHN=regulated domestic product-price mechanism/proxy scenario; controls=observed retail-price pass-through.,-0.09852996830808003,683.1034015652175,-0.09852996830808003,2.5,,,,,-0.326717240364054,0.0,ARX_one_step_residual_lagged_information,-0.292921464944351,-0.8158523115998736,-1.077247986154523,-1.0058533166977166,EIA_STEO_July_2026_ex_post_2022plus,132.86322
CHN,China,2022,2022-09,2022-09-30,4619.5383324356135,CNY/tonne proxy,Brent-CNY proxy net of NDRC policy gaps,constructed_brent_cny_policy_proxy,proxy_not_observed,False,China fuel price is constructed from Brent-CNY minus cumulative NDRC policy gaps; excluded from the main cross-country fuel-price ranking.,,,1.0,,CHN=regulated domestic product-price mechanism/proxy scenario; controls=observed retail-price pass-through.,-0.08075972386044405,630.1050285442176,-0.08075972386044494,2.8,,,,,-0.9341469186120064,0.0,ARX_one_step_residual_lagged_information,0.0002699968113363,0.2110253233709895,-1.4383260217963714,-1.0448689963496265,EIA_STEO_July_2026_ex_post_2022plus,131.98587
CHN,China,2022,2022-10,2022-10-31,4919.894880062142,CNY/tonne proxy,Brent-CNY proxy net of NDRC policy gaps,constructed_brent_cny_policy_proxy,proxy_not_observed,False,China fuel price is constructed from Brent-CNY minus cumulative NDRC policy gaps; excluded from the main cross-country fuel-price ranking.,,,1.0,,CHN=regulated domestic product-price mechanism/proxy scenario; controls=observed retail-price pass-through.,0.06299239237866772,671.0736616404762,0.06299239237866772,2.1,,,,,0.9824903126999572,0.0,ARX_one_step_residual_lagged_information,0.1220815835578238,-2.349045123913712,0.5797360556193126,0.3549288380414978,EIA_STEO_July_2026_ex_post_2022plus,143.16241
CHN,China,2022,2022-11,2022-11-30,4812.836025459879,CNY/tonne proxy,Brent-CNY proxy net of NDRC policy gaps,constructed_brent_cny_policy_proxy,proxy_not_observed,False,China fuel price is constructed from Brent-CNY minus cumulative NDRC policy gaps; excluded from the main cross-country fuel-price ranking.,,,1.0,,CHN=regulated domestic product-price mechanism/proxy scenario; controls=observed retail-price pass-through.,-0.02200064378639688,656.4708338727274,-0.02200064378639599,1.6,,,,,0.2475833527162003,0.0,ARX_one_step_residual_lagged_information,-0.1065800475073294,0.1156073078361167,-0.0009838159336983,-0.197192597872037,EIA_STEO_July_2026_ex_post_2022plus,116.716286
CHN,China,2022,2022-12,2022-12-31,4136.1984270353305,CNY/tonne proxy,Brent-CNY proxy net of NDRC policy gaps,constructed_brent_cny_policy_proxy,proxy_not_observed,False,China fuel price is constructed from Brent-CNY minus cumulative NDRC policy gaps; excluded from the main cross-country fuel-price ranking.,,,1.0,,CHN=regulated domestic product-price mechanism/proxy scenario; controls=observed retail-price pass-through.,-0.15150940900439025,564.177465447619,-0.15150940900439114,1.8,,,,,-1.3933163065402654,0.0,ARX_one_step_residual_lagged_information,0.6273075468526614,1.3108545958145574,-1.9081433053142292,-1.1324502352122976,EIA_STEO_July_2026_ex_post_2022plus,111.19594
CHN,China,2023,2023-01,2023-01-31,4107.170916998325,CNY/tonne proxy,Brent-CNY proxy net of NDRC policy gaps,constructed_brent_cny_policy_proxy,proxy_not_observed,False,China fuel price is constructed from Brent-CNY minus cumulative NDRC policy gaps; excluded from the main cross-country fuel-price ranking.,,,1.0,,CHN=regulated domestic product-price mechanism/proxy scenario; controls=observed retail-price pass-through.,-0.007042661514631732,560.2181130785715,-0.0070426615146308436,2.1,,,,,-0.1362017123909658,0.0,ARX_one_step_residual_lagged_information,0.1257062260210339,-2.376852943604539,0.3712807158762576,0.1731194061007357,EIA_STEO_July_2026_ex_post_2022plus,104.267044
CHN,China,2023,2023-02,2023-02-28,4140.173806914648,CNY/tonne proxy,Brent-CNY proxy net of NDRC policy gaps,constructed_brent_cny_policy_proxy,proxy_not_observed,False,China fuel price is constructed from Brent-CNY minus cumulative NDRC policy gaps; excluded from the main cross-country fuel-price ranking.,,,1.0,,CHN=regulated domestic product-price mechanism/proxy scenario; controls=observed retail-price pass-through.,0.008003319173004897,564.7197072631579,0.008003319173004009,1.0,,,,,-0.2064568592249621,0.0,ARX_one_step_residual_lagged_information,-0.3410759897279797,1.261675081781293,0.7094859485014099,0.0039916586781382,EIA_STEO_July_2026_ex_post_2022plus,120.99438
CHN,China,2023,2023-03,2023-03-31,3962.5046522515236,CNY/tonne proxy,Brent-CNY proxy net of NDRC policy gaps,constructed_brent_cny_policy_proxy,proxy_not_observed,False,China fuel price is constructed from Brent-CNY minus cumulative NDRC policy gaps; excluded from the main cross-country fuel-price ranking.,,,1.0,,CHN=regulated domestic product-price mechanism/proxy scenario; controls=observed retail-price pass-through.,-0.04386145603002767,540.4856345671078,-0.04386145603002767,0.7,,,,,-0.2346375777480235,0.0,ARX_one_step_residual_lagged_information,-0.5978459691440822,0.866013951758538,-0.0251238238492574,-0.4821307967247998,EIA_STEO_July_2026_ex_post_2022plus,105.379974
CHN,China,2023,2023-04,2023-04-30,4273.84180590176,CNY/tonne proxy,Brent-CNY proxy net of NDRC policy gaps,constructed_brent_cny_policy_proxy,proxy_not_observed,False,China fuel price is constructed from Brent-CNY minus cumulative NDRC policy gaps; excluded from the main cross-country fuel-price ranking.,,,1.0,,CHN=regulated domestic product-price mechanism/proxy scenario; controls=observed retail-price pass-through.,0.07563682981399289,582.952022325,0.07563682981399289,0.1,,,,,0.9255214358403244,0.0,ARX_one_step_residual_lagged_information,0.73745645972952,-0.5069858441380255,0.9591043655415706,0.6984580366746174,EIA_STEO_July_2026_ex_post_2022plus,106.809654
CHN,China,2023,2023-05,2023-05-31,3864.788190282591,CNY/tonne proxy,Brent-CNY proxy net of NDRC policy gaps,constructed_brent_cny_policy_proxy,proxy_not_observed,False,China fuel price is constructed from Brent-CNY minus cumulative NDRC policy gaps; excluded from the main cross-country fuel-price ranking.,,,1.0,,CHN=regulated domestic product-price mechanism/proxy scenario; controls=observed retail-price pass-through.,-0.10060626454552946,527.1571091545454,-0.10060626454552857,0.2,,,,,-1.147490113914091,0.0,ARX_one_step_residual_lagged_information,-0.3295831531959921,0.2245607169064824,-1.3532619292581174,-1.0658903841627825,EIA_STEO_July_2026_ex_post_2022plus,108.46768
CHN,China,2023,2023-06,2023-06-30,3929.2534530791795,CNY/tonne proxy,Brent-CNY proxy net of NDRC policy gaps,constructed_brent_cny_policy_proxy,proxy_not_observed,False,China fuel price is constructed from Brent-CNY minus cumulative NDRC policy gaps; excluded from the main cross-country fuel-price ranking.,,,1.0,,CHN=regulated domestic product-price mechanism/proxy scenario; controls=observed retail-price pass-through.,0.016542568246771694,535.9501710000001,0.016542568246770806,0.0,,,,,0.0600737387890764,0.0,ARX_one_step_residual_lagged_information,-0.1612810686029946,2.025246693694372,0.3859428456194001,-0.0824950425078528,EIA_STEO_July_2026_ex_post_2022plus,110.528946
CHN,China,2023,2023-07,2023-07-31,4220.519077031839,CNY/tonne proxy,Brent-CNY proxy net of NDRC policy gaps,constructed_brent_cny_policy_proxy,proxy_not_observed,False,China fuel price is constructed from Brent-CNY minus cumulative NDRC policy gaps; excluded from the main cross-country fuel-price ranking.,,,1.0,,CHN=regulated domestic product-price mechanism/proxy scenario; controls=observed retail-price pass-through.,0.0715086777317957,575.6788021071428,0.0715086777317957,-0.3,,,,,0.6620500987538598,0.0,ARX_one_step_residual_lagged_information,0.2407922554032768,-0.2884870142408646,0.9265930743431204,0.6236721502550346,EIA_STEO_July_2026_ex_post_2022plus,107.448784
CHN,China,2023,2023-08,2023-08-31,4578.095958106825,CNY/tonne proxy,Brent-CNY proxy net of NDRC policy gaps,constructed_brent_cny_policy_proxy,proxy_not_observed,False,China fuel price is constructed from Brent-CNY minus cumulative NDRC policy gaps; excluded from the main cross-country fuel-price ranking.,,,1.0,,CHN=regulated domestic product-price mechanism/proxy scenario; controls=observed retail-price pass-through.,0.0813250574960307,624.4522886857708,0.08132505749603158,0.1,,,,,0.5974681965228895,0.0,ARX_one_step_residual_lagged_information,-0.1253284831553398,-0.5749444993505445,1.3085877528860088,0.6666653733488299,EIA_STEO_July_2026_ex_post_2022plus,101.14118
CHN,China,2023,2023-09,2023-09-30,5014.518422636504,CNY/tonne proxy,Brent-CNY proxy net of NDRC policy gaps,constructed_brent_cny_policy_proxy,proxy_not_observed,False,China fuel price is constructed from Brent-CNY minus cumulative NDRC policy gaps; excluded from the main cross-country fuel-price ranking.,,,1.0,,CHN=regulated domestic product-price mechanism/proxy scenario; controls=observed retail-price pass-through.,0.09105420739688874,683.9803128476191,0.09105420739688874,0.0,,,,,1.1863314246320713,0.0,ARX_one_step_residual_lagged_information,-0.9313361053345596,-0.3883915338688654,1.7988485894835846,0.7737924217185663,EIA_STEO_July_2026_ex_post_2022plus,98.63481
CHN,China,2023,2023-10,2023-10-31,4853.330132964542,CNY/tonne proxy,Brent-CNY proxy net of NDRC policy gaps,constructed_brent_cny_policy_proxy,proxy_not_observed,False,China fuel price is constructed from Brent-CNY minus cumulative NDRC policy gaps; excluded from the main cross-country fuel-price ranking.,,,1.0,,CHN=regulated domestic product-price mechanism/proxy scenario; controls=observed retail-price pass-through.,-0.032672294728879336,661.9942301363635,-0.032672294728879336,-0.2,,,,,0.0954693816472539,0.0,ARX_one_step_residual_lagged_information,-0.5450745786020462,-0.9512388700907632,-0.2268851255126473,-0.3190547350622526,EIA_STEO_July_2026_ex_post_2022plus,197.88701
CHN,China,2023,2023-11,2023-11-30,4391.800693548386,CNY/tonne proxy,Brent-CNY proxy net of NDRC policy gaps,constructed_brent_cny_policy_proxy,proxy_not_observed,False,China fuel price is constructed from Brent-CNY minus cumulative NDRC policy gaps; excluded from the main cross-country fuel-price ranking.,,,1.0,,CHN=regulated domestic product-price mechanism/proxy scenario; controls=observed retail-price pass-through.,-0.09992577093488819,599.0416145999999,-0.09992577093488819,-0.5,,,,,-0.4738513627810214,0.0,ARX_one_step_residual_lagged_information,-0.0010804313463027,0.7161848335558986,-0.8649564873363561,-0.8216812308212115,EIA_STEO_July_2026_ex_post_2022plus,156.69614
CHN,China,2023,2023-12,2023-12-31,4063.79778820034,CNY/tonne proxy,Brent-CNY proxy net of NDRC policy gaps,constructed_brent_cny_policy_proxy,proxy_not_observed,False,China fuel price is constructed from Brent-CNY minus cumulative NDRC policy gaps; excluded from the main cross-country fuel-price ranking.,,,1.0,,CHN=regulated domestic product-price mechanism/proxy scenario; controls=observed retail-price pass-through.,-0.07762137155087778,554.3020183105264,-0.07762137155087778,-0.3,,,,,-0.8493628951263789,0.0,ARX_one_step_residual_lagged_information,0.2473668489230205,0.5002792624080379,-0.7547883177021754,-0.6169674999765228,EIA_STEO_July_2026_ex_post_2022plus,142.27946
CHN,China,2024,2024-01,2024-01-31,4212.215544172348,CNY/tonne proxy,Brent-CNY proxy net of NDRC policy gaps,constructed_brent_cny_policy_proxy,proxy_not_observed,False,China fuel price is constructed from Brent-CNY minus cumulative NDRC policy gaps; excluded from the main cross-country fuel-price ranking.,,,1.0,,CHN=regulated domestic product-price mechanism/proxy scenario; controls=observed retail-price pass-through.,0.035870814594685996,574.5462002251082,0.03587081459468511,-0.8,,,,,0.1289068697168128,0.0,ARX_one_step_residual_lagged_information,1.6419523155192652,-1.676517032990502,-0.2153688039706747,0.2868767271983697,EIA_STEO_July_2026_ex_post_2022plus,160.37366
CHN,China,2024,2024-02,2024-02-29,4402.484188521156,CNY/tonne proxy,Brent-CNY proxy net of NDRC policy gaps,constructed_brent_cny_policy_proxy,proxy_not_observed,False,China fuel price is constructed from Brent-CNY minus cumulative NDRC policy gaps; excluded from the main cross-country fuel-price ranking.,,,1.0,,CHN=regulated domestic product-price mechanism/proxy scenario; controls=observed retail-price pass-through.,0.04418020311198134,600.4988433142856,0.04418020311198223,0.7,,,,,0.4772604335319077,0.0,ARX_one_step_residual_lagged_information,-0.3506955281109208,0.8216269591485711,0.8415975139787104,0.3737731033970987,EIA_STEO_July_2026_ex_post_2022plus,146.59818
CHN,China,2024,2024-03,2024-03-31,4509.296866778383,CNY/tonne proxy,Brent-CNY proxy net of NDRC policy gaps,constructed_brent_cny_policy_proxy,proxy_not_observed,False,China fuel price is constructed from Brent-CNY minus cumulative NDRC policy gaps; excluded from the main cross-country fuel-price ranking.,,,1.0,,CHN=regulated domestic product-price mechanism/proxy scenario; controls=observed retail-price pass-through.,0.02397226608496794,615.0680926285714,0.023972266084967053,0.1,,,,,0.4585742395844509,0.0,ARX_one_step_residual_lagged_information,-0.9394214653003268,-0.218782261100837,0.7415869791796121,0.2059987010644816,EIA_STEO_July_2026_ex_post_2022plus,133.21317
CHN,China,2024,2024-04,2024-04-30,4772.146863217428,CNY/tonne proxy,Brent-CNY proxy net of NDRC policy gaps,constructed_brent_cny_policy_proxy,proxy_not_observed,False,China fuel price is constructed from Brent-CNY minus cumulative NDRC policy gaps; excluded from the main cross-country fuel-price ranking.,,,1.0,,CHN=regulated domestic product-price mechanism/proxy scenario; controls=observed retail-price pass-through.,0.05665504380313813,650.9208321428572,0.05665504380313813,0.3,,,,,0.5833845726716669,0.0,ARX_one_step_residual_lagged_information,0.0524693730823447,0.4241423653216205,0.1921506745659527,0.4724081417646454,EIA_STEO_July_2026_ex_post_2022plus,163.94734
CHN,China,2024,2024-05,2024-05-31,4334.653860541951,CNY/tonne proxy,Brent-CNY proxy net of NDRC policy gaps,constructed_brent_cny_policy_proxy,proxy_not_observed,False,China fuel price is constructed from Brent-CNY minus cumulative NDRC policy gaps; excluded from the main cross-country fuel-price ranking.,,,1.0,,CHN=regulated domestic product-price mechanism/proxy scenario; controls=observed retail-price pass-through.,-0.09615452037390781,591.2467865779221,-0.09615452037390693,0.3,,,,,-0.5039500293191513,0.0,ARX_one_step_residual_lagged_information,-0.5104034817820186,0.5114751952490312,-1.5662552012988609,-0.8883495772932078,EIA_STEO_July_2026_ex_post_2022plus,130.52187
CHN,China,2024,2024-06,2024-06-30,4374.442463806144,CNY/tonne proxy,Brent-CNY proxy net of NDRC policy gaps,constructed_brent_cny_policy_proxy,proxy_not_observed,False,China fuel price is constructed from Brent-CNY minus cumulative NDRC policy gaps; excluded from the main cross-country fuel-price ranking.,,,1.0,,CHN=regulated domestic product-price mechanism/proxy scenario; controls=observed retail-price pass-through.,0.0091373154258374,596.673952063158,0.0091373154258374,0.2,,,,,0.142921377583839,0.0,ARX_one_step_residual_lagged_information,0.135415096587442,0.8578224166918471,0.2823280479124487,0.0509880659209963,EIA_STEO_July_2026_ex_post_2022plus,113.0928
CHN,China,2024,2024-07,2024-07-31,4532.923972621794,CNY/tonne proxy,Brent-CNY proxy net of NDRC policy gaps,constructed_brent_cny_policy_proxy,proxy_not_observed,False,China fuel price is constructed from Brent-CNY minus cumulative NDRC policy gaps; excluded from the main cross-country fuel-price ranking.,,,1.0,,CHN=regulated domestic product-price mechanism/proxy scenario; controls=observed retail-price pass-through.,0.03558812499513131,618.2908298656126,0.03558812499513131,0.5,,,,,0.7229795488506434,0.0,ARX_one_step_residual_lagged_information,-0.0842321717449407,0.4767769704758104,0.9668853973155548,0.3157816699956526,EIA_STEO_July_2026_ex_post_2022plus,92.394875
CHN,China,2024,2024-08,2024-08-31,4210.688918859733,CNY/tonne proxy,Brent-CNY proxy net of NDRC policy gaps,constructed_brent_cny_policy_proxy,proxy_not_observed,False,China fuel price is constructed from Brent-CNY minus cumulative NDRC policy gaps; excluded from the main cross-country fuel-price ranking.,,,1.0,,CHN=regulated domestic product-price mechanism/proxy scenario; controls=observed retail-price pass-through.,-0.0737409268486715,574.3379685324676,-0.0737409268486715,0.6,,,,,-0.4732701054299444,0.0,ARX_one_step_residual_lagged_information,-0.3119411058043767,-0.476089089860104,-0.6199701551552624,-0.5415501311640435,EIA_STEO_July_2026_ex_post_2022plus,140.97507
CHN,China,2024,2024-09,2024-09-30,3839.750244379277,CNY/tonne proxy,Brent-CNY proxy net of NDRC policy gaps,constructed_brent_cny_policy_proxy,proxy_not_observed,False,China fuel price is constructed from Brent-CNY minus cumulative NDRC policy gaps; excluded from the main cross-country fuel-price ranking.,,,1.0,,CHN=regulated domestic product-price mechanism/proxy scenario; controls=observed retail-price pass-through.,-0.09221894903278383,523.7419333333333,-0.09221894903278471,0.4,,,,,-0.8658379762314432,0.0,ARX_one_step_residual_lagged_information,0.839714512263326,-0.1256878161011288,-0.9188666107554706,-0.7650552595784654,EIA_STEO_July_2026_ex_post_2022plus,130.35878
CHN,China,2024,2024-10,2024-10-31,3930.29962488264,CNY/tonne proxy,Brent-CNY proxy net of NDRC policy gaps,constructed_brent_cny_policy_proxy,proxy_not_observed,False,China fuel price is constructed from Brent-CNY minus cumulative NDRC policy gaps; excluded from the main cross-country fuel-price ranking.,,,1.0,,CHN=regulated domestic product-price mechanism/proxy scenario; controls=observed retail-price pass-through.,0.023308339444989556,536.092868833992,0.023308339444990445,0.3,,,,,0.0709716755550606,0.0,ARX_one_step_residual_lagged_information,-0.1270129992521205,0.4412581297750677,1.037811954634858,0.194310982834898,EIA_STEO_July_2026_ex_post_2022plus,130.68921
CHN,China,2024,2024-11,2024-11-30,3927.807297753181,CNY/tonne proxy,Brent-CNY proxy net of NDRC policy gaps,constructed_brent_cny_policy_proxy,proxy_not_observed,False,China fuel price is constructed from Brent-CNY minus cumulative NDRC policy gaps; excluded from the main cross-country fuel-price ranking.,,,1.0,,CHN=regulated domestic product-price mechanism/proxy scenario; controls=observed retail-price pass-through.,-0.0006343327311704172,535.7529154135339,-0.0006343327311704172,0.2,,,,,0.0873022292495407,0.0,ARX_one_step_residual_lagged_information,0.0201306690610133,-0.0969751819774855,0.2436188663879124,-0.1640972985961657,EIA_STEO_July_2026_ex_post_2022plus,128.90164
CHN,China,2024,2024-12,2024-12-31,3942.4377561443935,CNY/tonne proxy,Brent-CNY proxy net of NDRC policy gaps,constructed_brent_cny_policy_proxy,proxy_not_observed,False,China fuel price is constructed from Brent-CNY minus cumulative NDRC policy gaps; excluded from the main cross-country fuel-price ranking.,,,1.0,,CHN=regulated domestic product-price mechanism/proxy scenario; controls=observed retail-price pass-through.,0.0037179211432452064,537.7485099380953,0.0037179211432452064,0.1,,,,,0.3102076146861468,0.0,ARX_one_step_residual_lagged_information,0.2173397150450451,0.1222955247845891,0.0733883465028701,-0.0659741474766801,EIA_STEO_July_2026_ex_post_2022plus,142.36644
CHN,China,2025,2025-01,2025-01-31,4239.981343308451,CNY/tonne proxy,Brent-CNY proxy net of NDRC policy gaps,constructed_brent_cny_policy_proxy,proxy_not_observed,False,China fuel price is constructed from Brent-CNY minus cumulative NDRC policy gaps; excluded from the main cross-country fuel-price ranking.,,,1.0,,CHN=regulated domestic product-price mechanism/proxy scenario; controls=observed retail-price pass-through.,0.07275961725584068,578.3334552272727,0.07275961725584068,0.5,,,,,0.8123927123383431,0.0,ARX_one_step_residual_lagged_information,0.6359025273679658,-1.2138340022718264,1.02521220416324,0.6483051355409588,EIA_STEO_July_2026_ex_post_2022plus,113.233154
CHN,China,2025,2025-02,2025-02-28,4022.67691680815,CNY/tonne proxy,Brent-CNY proxy net of NDRC policy gaps,constructed_brent_cny_policy_proxy,proxy_not_observed,False,China fuel price is constructed from Brent-CNY minus cumulative NDRC policy gaps; excluded from the main cross-country fuel-price ranking.,,,1.0,,CHN=regulated domestic product-price mechanism/proxy scenario; controls=observed retail-price pass-through.,-0.05261128834946582,548.6931314526316,-0.05261128834946671,-0.7,,,,,-0.2548971192910224,0.0,ARX_one_step_residual_lagged_information,-0.2901040673386556,0.5347725017250081,-0.2545656191816152,-0.4635306987244063,EIA_STEO_July_2026_ex_post_2022plus,136.98059
CHN,China,2025,2025-03,2025-03-31,3865.5340015859715,CNY/tonne proxy,Brent-CNY proxy net of NDRC policy gaps,constructed_brent_cny_policy_proxy,proxy_not_observed,False,China fuel price is constructed from Brent-CNY minus cumulative NDRC policy gaps; excluded from the main cross-country fuel-price ranking.,,,1.0,,CHN=regulated domestic product-price mechanism/proxy scenario; controls=observed retail-price pass-through.,-0.039847744814283104,527.2588378163265,-0.039847744814282215,-0.1,,,,,-0.4645996596224648,0.0,ARX_one_step_residual_lagged_information,-0.688335679359836,-0.5714922332317939,-0.3546901280457707,-0.3430002814620633,EIA_STEO_July_2026_ex_post_2022plus,175.90112
CHN,China,2025,2025-04,2025-04-30,3644.8869559450814,CNY/tonne proxy,Brent-CNY proxy net of NDRC policy gaps,constructed_brent_cny_policy_proxy,proxy_not_observed,False,China fuel price is constructed from Brent-CNY minus cumulative NDRC policy gaps; excluded from the main cross-country fuel-price ranking.,,,1.0,,CHN=regulated domestic product-price mechanism/proxy scenario; controls=observed retail-price pass-through.,-0.05877448438578092,497.1625807909091,-0.05877448438578092,-0.1,,,,,-0.868086239735507,0.0,ARX_one_step_residual_lagged_information,0.2930636685415768,0.2279119741214474,-0.7469248503973182,-0.6091974664146321,EIA_STEO_July_2026_ex_post_2022plus,140.9737
CHN,China,2025,2025-05,2025-05-31,3410.0348792417262,CNY/tonne proxy,Brent-CNY proxy net of NDRC policy gaps,constructed_brent_cny_policy_proxy,proxy_not_observed,False,China fuel price is constructed from Brent-CNY minus cumulative NDRC policy gaps; excluded from the main cross-country fuel-price ranking.,,,1.0,,CHN=regulated domestic product-price mechanism/proxy scenario; controls=observed retail-price pass-through.,-0.06660283176180393,465.12875752857144,-0.06660283176180481,-0.1,,,,,-0.8767581134650966,0.0,ARX_one_step_residual_lagged_information,-0.1849471396246474,0.1319099499355387,-1.2315381828967435,-0.518940378114846,EIA_STEO_July_2026_ex_post_2022plus,166.82773
CHN,China,2025,2025-06,2025-06-30,3760.9853089652283,CNY/tonne proxy,Brent-CNY proxy net of NDRC policy gaps,constructed_brent_cny_policy_proxy,proxy_not_observed,False,China fuel price is constructed from Brent-CNY minus cumulative NDRC policy gaps; excluded from the main cross-country fuel-price ranking.,,,1.0,,CHN=regulated domestic product-price mechanism/proxy scenario; controls=observed retail-price pass-through.,0.09795845356959099,512.9983961428571,0.09795845356959187,0.1,,,,,0.6150872283378265,0.0,ARX_one_step_residual_lagged_information,-0.7736226140427449,0.9412264670701896,1.2678312670009986,0.9468233793284432,EIA_STEO_July_2026_ex_post_2022plus,221.1349
CHN,China,2025,2025-07,2025-07-31,3736.4842578935472,CNY/tonne proxy,Brent-CNY proxy net of NDRC policy gaps,constructed_brent_cny_policy_proxy,proxy_not_observed,False,China fuel price is constructed from Brent-CNY minus cumulative NDRC policy gaps; excluded from the main cross-country fuel-price ranking.,,,1.0,,CHN=regulated domestic product-price mechanism/proxy scenario; controls=observed retail-price pass-through.,-0.006535842012086235,509.6564527766798,-0.006535842012086235,0.0,,,,,-0.4033550140188083,0.0,ARX_one_step_residual_lagged_information,-1.1682450105547364,0.1260315286359498,0.0950790900832642,-0.0577284006113777,EIA_STEO_July_2026_ex_post_2022plus,134.222
CHN,China,2025,2025-08,2025-08-31,3568.9943241167434,CNY/tonne proxy,Brent-CNY proxy net of NDRC policy gaps,constructed_brent_cny_policy_proxy,proxy_not_observed,False,China fuel price is constructed from Brent-CNY minus cumulative NDRC policy gaps; excluded from the main cross-country fuel-price ranking.,,,1.0,,CHN=regulated domestic product-price mechanism/proxy scenario; controls=observed retail-price pass-through.,-0.04586127713923105,486.8108258095238,-0.04586127713923194,-0.4,,,,,-0.5493786877288871,0.0,ARX_one_step_residual_lagged_information,-0.4770822703581621,-1.6779376481662809,-0.5524761817389533,-0.4275928576484169,EIA_STEO_July_2026_ex_post_2022plus,138.98846
CHN,China,2025,2025-09,2025-09-30,3550.5239867463915,CNY/tonne proxy,Brent-CNY proxy net of NDRC policy gaps,constructed_brent_cny_policy_proxy,proxy_not_observed,False,China fuel price is constructed from Brent-CNY minus cumulative NDRC policy gaps; excluded from the main cross-country fuel-price ranking.,,,1.0,,CHN=regulated domestic product-price mechanism/proxy scenario; controls=observed retail-price pass-through.,-0.005188659682396235,484.2914717922078,-0.005188659682395347,-0.3,,,,,-0.0071099994993592,0.0,ARX_one_step_residual_lagged_information,-0.6061545647006145,-0.0823683340230494,0.532549747002025,0.0103453625092955,EIA_STEO_July_2026_ex_post_2022plus,126.740585
CHN,China,2025,2025-10,2025-10-31,3369.1166536749615,CNY/tonne proxy,Brent-CNY proxy net of NDRC policy gaps,constructed_brent_cny_policy_proxy,proxy_not_observed,False,China fuel price is constructed from Brent-CNY minus cumulative NDRC policy gaps; excluded from the main cross-country fuel-price ranking.,,,1.0,,CHN=regulated domestic product-price mechanism/proxy scenario; controls=observed retail-price pass-through.,-0.05244460506218651,459.54751156126474,-0.0524446050621874,0.2,,,,,-0.6707608532704867,0.0,ARX_one_step_residual_lagged_information,-0.0857012731495518,-0.9132498243817492,-0.3943717482544503,-0.4857234268549851,EIA_STEO_July_2026_ex_post_2022plus,154.51292
CHN,China,2025,2025-11,2025-11-30,3324.0310558406645,CNY/tonne proxy,Brent-CNY proxy net of NDRC policy gaps,constructed_brent_cny_policy_proxy,proxy_not_observed,False,China fuel price is constructed from Brent-CNY minus cumulative NDRC policy gaps; excluded from the main cross-country fuel-price ranking.,,,1.0,,CHN=regulated domestic product-price mechanism/proxy scenario; controls=observed retail-price pass-through.,-0.013472369571530862,453.39783601666664,-0.013472369571529974,0.7,,,,,-0.139241854048661,0.0,ARX_one_step_residual_lagged_information,0.6110283706064591,-0.254592930047038,0.266788371093296,-0.1129228160497914,EIA_STEO_July_2026_ex_post_2022plus,104.35177
CHN,China,2025,2025-12,2025-12-31,3229.559480519481,CNY/tonne proxy,Brent-CNY proxy net of NDRC policy gaps,constructed_brent_cny_policy_proxy,proxy_not_observed,False,China fuel price is constructed from Brent-CNY minus cumulative NDRC policy gaps; excluded from the main cross-country fuel-price ranking.,,,1.0,,CHN=regulated domestic product-price mechanism/proxy scenario; controls=observed retail-price pass-through.,-0.028832475668551183,440.51191314285717,-0.02883247566855207,0.8,,,,,-0.2016610852774151,0.0,ARX_one_step_residual_lagged_information,0.3406487543149234,1.667144313649219,-0.38229167333291,-0.1887220496603941,EIA_STEO_July_2026_ex_post_2022plus,132.48622
CHN,China,2026,2026-01,2026-01-31,3402.986153993856,CNY/tonne proxy,Brent-CNY proxy net of NDRC policy gaps,constructed_brent_cny_policy_proxy,proxy_not_observed,False,China fuel price is constructed from Brent-CNY minus cumulative NDRC policy gaps; excluded from the main cross-country fuel-price ranking.,,,1.0,,CHN=regulated domestic product-price mechanism/proxy scenario; controls=observed retail-price pass-through.,0.05230758255247103,464.16731140476196,0.05230758255247103,0.2,,,,,0.2750306566574815,0.0,ARX_one_step_residual_lagged_information,0.8201735363129875,-1.85424702258574,0.3620355723545016,0.575861953635052,EIA_STEO_July_2026_ex_post_2022plus,168.62987
CHN,China,2026,2026-02,2026-02-28,3589.2274119848744,CNY/tonne proxy,Brent-CNY proxy net of NDRC policy gaps,constructed_brent_cny_policy_proxy,proxy_not_observed,False,China fuel price is constructed from Brent-CNY minus cumulative NDRC policy gaps; excluded from the main cross-country fuel-price ranking.,,,1.0,,CHN=regulated domestic product-price mechanism/proxy scenario; controls=observed retail-price pass-through.,0.05328364701907162,489.57061899473683,0.05328364701907162,1.3,,,,,0.3339229070810656,0.0,ARX_one_step_residual_lagged_information,-0.999286758896148,0.0622948976139721,1.7613789435485931,0.5710660870877855,EIA_STEO_July_2026_ex_post_2022plus,119.86541
CHN,China,2026,2026-03,2026-03-31,4166.226222583069,CNY/tonne proxy,Brent-CNY proxy net of NDRC policy gaps,constructed_brent_cny_policy_proxy,proxy_not_observed,False,China fuel price is constructed from Brent-CNY minus cumulative NDRC policy gaps; excluded from the main cross-country fuel-price ranking.,,,1.0,,CHN=regulated domestic product-price mechanism/proxy scenario; controls=observed retail-price pass-through.,0.14907366970784608,710.8112567603306,0.37287821372862506,1.0,,,,,3.376405252856505,31.291581847716888,ARX_one_step_residual_lagged_information,5.484835246552658,1.2924681383110217,0.8443446038737501,3.4612577224309096,EIA_STEO_July_2026_ex_post_2022plus,330.94464
CHN,China,2026,2026-04,2026-04-30,4454.094565615836,CNY/tonne proxy,Brent-CNY proxy net of NDRC policy gaps,constructed_brent_cny_policy_proxy,proxy_not_observed,False,China fuel price is constructed from Brent-CNY minus cumulative NDRC policy gaps; excluded from the main cross-country fuel-price ranking.,,,1.0,,CHN=regulated domestic product-price mechanism/proxy scenario; controls=observed retail-price pass-through.,0.06681315675263022,801.9084987499999,0.12058757712055002,1.2,,,,,1.75018743288511,45.60342792918989,ARX_one_step_residual_lagged_information,0.8642912883082042,-0.3411547833117644,-0.086404468760625,1.1835622398878922,EIA_STEO_July_2026_ex_post_2022plus,254.4295
CHN,China,2026,2026-05,2026-05-31,3915.9734563590064,CNY/tonne proxy,Brent-CNY proxy net of NDRC policy gaps,constructed_brent_cny_policy_proxy,proxy_not_observed,False,China fuel price is constructed from Brent-CNY minus cumulative NDRC policy gaps; excluded from the main cross-country fuel-price ranking.,,,1.0,,CHN=regulated domestic product-price mechanism/proxy scenario; controls=observed retail-price pass-through.,-0.1287598538336603,728.5087794473684,-0.09599483305740808,1.2,,,,,-0.6467643070698686,35.51076205304209,ARX_one_step_residual_lagged_information,1.2158643211114364,0.6212412530441142,-1.4246702499142585,-0.8420688201169135,EIA_STEO_July_2026_ex_post_2022plus,203.55667
CHN,China,2026,2026-06,2026-06-30,2817.2991213771556,CNY/tonne proxy,Brent-CNY proxy net of NDRC policy gaps,constructed_brent_cny_policy_proxy,proxy_not_observed,False,China fuel price is constructed from Brent-CNY minus cumulative NDRC policy gaps; excluded from the main cross-country fuel-price ranking.,,,1.0,,CHN=regulated domestic product-price mechanism/proxy scenario; controls=observed retail-price pass-through.,-0.3292852787622067,578.649600155844,-0.2303025636670082,1.0,,,,,-1.9544531673525685,13.419217686592136,ARX_one_step_residual_lagged_information,-1.4097797182221925,1.34403383292758,-1.7211543679010104,-2.1022427529981784,EIA_STEO_July_2026_ex_post_2022plus,173.63956
DEU,Germany,2010,2010-01,2010-01-31,1.349,EUR/litre,European Commission Weekly Oil Bulletin,observed_retail_gasoline,observed_retail,True,"Observed Euro-super 95 retail price, monthly average of official weekly data.",,,0.0,,CHN=regulated domestic product-price mechanism/proxy scenario; controls=observed retail-price pass-through.,,53.40179118376842,,0.7,86.40463917,,,,,0.0,ARX_one_step_residual_lagged_information,,,,,EIA_STEO_July_2026_ex_post_2022plus,91.581024
DEU,Germany,2010,2010-02,2010-02-28,1.3170625,EUR/litre,European Commission Weekly Oil Bulletin,observed_retail_gasoline,observed_retail,True,"Observed Euro-super 95 retail price, monthly average of official weekly data.",,,0.0,,CHN=regulated domestic product-price mechanism/proxy scenario; controls=observed retail-price pass-through.,-0.023959699250324207,53.91755523219609,0.00961183675614885,0.5,85.53479381,,,,,0.0,ARX_one_step_residual_lagged_information,,,,-0.3032967911263553,EIA_STEO_July_2026_ex_post_2022plus,80.72536
DEU,Germany,2010,2010-03,2010-03-31,1.39405,EUR/litre,European Commission Weekly Oil Bulletin,observed_retail_gasoline,observed_retail,True,"Observed Euro-super 95 retail price, monthly average of official weekly data.",,,0.0,,CHN=regulated domestic product-price mechanism/proxy scenario; controls=observed retail-price pass-through.,0.05680930172553489,58.09380303710813,0.07460287295156354,1.2,87.56443299,,,,0.6649089715350993,0.0,ARX_one_step_residual_lagged_information,,,,0.6099372225739654,EIA_STEO_July_2026_ex_post_2022plus,74.11694
DEU,Germany,2010,2010-04,2010-04-30,1.429,EUR/litre,European Commission Weekly Oil Bulletin,observed_retail_gasoline,observed_retail,True,"Observed Euro-super 95 retail price, monthly average of official weekly data.",,,0.0,,CHN=regulated domestic product-price mechanism/proxy scenario; controls=observed retail-price pass-through.,0.024761719246900904,63.22335130256443,0.08461471766791018,1.0,89.30412371,,,,0.4028380359462471,0.0,ARX_one_step_residual_lagged_information,,,,0.6718067118329473,EIA_STEO_July_2026_ex_post_2022plus,88.76158
DEU,Germany,2010,2010-05,2010-05-31,1.4186,EUR/litre,European Commission Weekly Oil Bulletin,observed_retail_gasoline,observed_retail,True,"Observed Euro-super 95 retail price, monthly average of official weekly data.",,,0.0,,CHN=regulated domestic product-price mechanism/proxy scenario; controls=observed retail-price pass-through.,-0.00730442916188101,60.47759895518747,-0.04440068427822741,1.2,92.20360824,,,,-1.245326441316874,0.0,ARX_one_step_residual_lagged_information,,,,-1.0268947136592814,EIA_STEO_July_2026_ex_post_2022plus,88.95871
DEU,Germany,2010,2010-06,2010-06-30,1.42825,EUR/litre,European Commission Weekly Oil Bulletin,observed_retail_gasoline,observed_retail,True,"Observed Euro-super 95 retail price, monthly average of official weekly data.",,,0.0,,CHN=regulated domestic product-price mechanism/proxy scenario; controls=observed retail-price pass-through.,0.006779448836585489,61.16932900862819,0.011372872637706699,0.9,91.2371134,,,,0.2255323976097343,0.0,ARX_one_step_residual_lagged_information,,,,-0.1507182773498169,EIA_STEO_July_2026_ex_post_2022plus,96.4537
DEU,Germany,2010,2010-07,2010-07-31,1.387,EUR/litre,European Commission Weekly Oil Bulletin,observed_retail_gasoline,observed_retail,True,"Observed Euro-super 95 retail price, monthly average of official weekly data.",,,0.0,,CHN=regulated domestic product-price mechanism/proxy scenario; controls=observed retail-price pass-through.,-0.029306777289740293,59.009344741686725,-0.03595008708951841,1.2,91.2371134,,,,0.0183785724735484,0.0,ARX_one_step_residual_lagged_information,,,,0.0953764416571573,EIA_STEO_July_2026_ex_post_2022plus,79.38138
DEU,Germany,2010,2010-08,2010-08-31,1.3828,EUR/litre,European Commission Weekly Oil Bulletin,observed_retail_gasoline,observed_retail,True,"Observed Euro-super 95 retail price, monthly average of official weekly data.",,,0.0,,CHN=regulated domestic product-price mechanism/proxy scenario; controls=observed retail-price pass-through.,-0.0030327122673621254,59.72328091047311,0.012026092565132096,1.0,92.39690721,,,,-0.2971603211043686,0.0,ARX_one_step_residual_lagged_information,,,,0.1714737090029941,EIA_STEO_July_2026_ex_post_2022plus,80.993866
DEU,Germany,2010,2010-09,2010-09-30,1.36675,EUR/litre,European Commission Weekly Oil Bulletin,observed_retail_gasoline,observed_retail,True,"Observed Euro-super 95 retail price, monthly average of official weekly data.",,,0.0,,CHN=regulated domestic product-price mechanism/proxy scenario; controls=observed retail-price pass-through.,-0.011674770272360913,59.44055840539082,-0.0047451145782071436,1.3,93.55670103,,,,-0.2043699181250192,0.0,ARX_one_step_residual_lagged_information,,,,0.0902555866263886,EIA_STEO_July_2026_ex_post_2022plus,71.16855
DEU,Germany,2010,2010-10,2010-10-31,1.381,EUR/litre,European Commission Weekly Oil Bulletin,observed_retail_gasoline,observed_retail,True,"Observed Euro-super 95 retail price, monthly average of official weekly data.",,,0.0,,CHN=regulated domestic product-price mechanism/proxy scenario; controls=observed retail-price pass-through.,0.010372215634183557,59.469412571378555,0.0004853111360985096,1.3,95.5863402,,,,0.2447619163905536,0.0,ARX_one_step_residual_lagged_information,,,,0.55058817992492,EIA_STEO_July_2026_ex_post_2022plus,65.991936
DEU,Germany,2010,2010-11,2010-11-30,1.40175,EUR/litre,European Commission Weekly Oil Bulletin,observed_retail_gasoline,observed_retail,True,"Observed Euro-super 95 retail price, monthly average of official weekly data.",,,0.0,,CHN=regulated domestic product-price mechanism/proxy scenario; controls=observed retail-price pass-through.,0.0149135815944898,62.48631773490517,0.049485510595771665,1.6,95.0064433,,,,-0.2741777448992844,0.0,ARX_one_step_residual_lagged_information,,,,0.2820325786435058,EIA_STEO_July_2026_ex_post_2022plus,94.70517
DEU,Germany,2010,2010-12,2010-12-31,1.4580000000000002,EUR/litre,European Commission Weekly Oil Bulletin,observed_retail_gasoline,observed_retail,True,"Observed Euro-super 95 retail price, monthly average of official weekly data.",,,0.0,,CHN=regulated domestic product-price mechanism/proxy scenario; controls=observed retail-price pass-through.,0.03934417756482167,69.16948665791475,0.10161220459415343,1.8,96.8427835,,,,0.629397828165678,0.0,ARX_one_step_residual_lagged_information,,,,0.6407071074337796,EIA_STEO_July_2026_ex_post_2022plus,97.203896
DEU,Germany,2011,2011-01,2011-01-31,1.4696,EUR/litre,European Commission Weekly Oil Bulletin,observed_retail_gasoline,observed_retail,True,"Observed Euro-super 95 retail price, monthly average of official weekly data.",,,0.0,,CHN=regulated domestic product-price mechanism/proxy scenario; controls=observed retail-price pass-through.,0.00792462133231231,72.21844749718225,0.043135697634614445,2.0,96.16623711,10.703696201055202,,10.703696201055202,0.5376783805814174,0.0,ARX_one_step_residual_lagged_information,,,,0.4941626184144203,EIA_STEO_July_2026_ex_post_2022plus,79.421616
DEU,Germany,2011,2011-02,2011-02-28,1.464,EUR/litre,European Commission Weekly Oil Bulletin,observed_retail_gasoline,observed_retail,True,"Observed Euro-super 95 retail price, monthly average of official weekly data.",,,0.0,,CHN=regulated domestic product-price mechanism/proxy scenario; controls=observed retail-price pass-through.,-0.0038178393796590715,75.95417866051719,0.05043472733602172,2.2,97.13273196,12.715517554980948,,12.715517554980948,0.4383391612164326,0.0,ARX_one_step_residual_lagged_information,,,,0.6591419106383717,EIA_STEO_July_2026_ex_post_2022plus,90.01449
DEU,Germany,2011,2011-03,2011-03-31,1.58675,EUR/litre,European Commission Weekly Oil Bulletin,observed_retail_gasoline,observed_retail,True,"Observed Euro-super 95 retail price, monthly average of official weekly data.",,,0.0,,CHN=regulated domestic product-price mechanism/proxy scenario; controls=observed retail-price pass-through.,0.08051548366532268,81.77886565938884,0.07388859810433956,2.3,97.51932989,10.767571423626787,,10.767571423626787,0.8357482659415222,0.0,ARX_one_step_residual_lagged_information,,,,0.9207448607187292,EIA_STEO_July_2026_ex_post_2022plus,136.8883
DEU,Germany,2011,2011-04,2011-04-30,1.659,EUR/litre,European Commission Weekly Oil Bulletin,observed_retail_gasoline,observed_retail,True,"Observed Euro-super 95 retail price, monthly average of official weekly data.",,,0.0,,CHN=regulated domestic product-price mechanism/proxy scenario; controls=observed retail-price pass-through.,0.044527112003865,85.25508831050503,0.04162895710486758,2.7,97.71262886,8.998314733260138,,8.998314733260138,0.6102147501828945,0.0,ARX_one_step_residual_lagged_information,,,,0.664567897821464,EIA_STEO_July_2026_ex_post_2022plus,91.01777
DEU,Germany,2011,2011-05,2011-05-31,1.5622,EUR/litre,European Commission Weekly Oil Bulletin,observed_retail_gasoline,observed_retail,True,"Observed Euro-super 95 retail price, monthly average of official weekly data.",,,0.0,,CHN=regulated domestic product-price mechanism/proxy scenario; controls=observed retail-price pass-through.,-0.060119927014247565,80.24290356170155,-0.06058947234681433,2.4,98.67912371,6.787414678330084,,6.787414678330084,-0.777639715251193,0.0,ARX_one_step_residual_lagged_information,,,,-0.6474790299039047,EIA_STEO_July_2026_ex_post_2022plus,105.34492
DEU,Germany,2011,2011-06,2011-06-30,1.5195,EUR/litre,European Commission Weekly Oil Bulletin,observed_retail_gasoline,observed_retail,True,"Observed Euro-super 95 retail price, monthly average of official weekly data.",,,0.0,,CHN=regulated domestic product-price mechanism/proxy scenario; controls=observed retail-price pass-through.,-0.027713750819349126,79.0430985773402,-0.015065073642618998,2.4,97.13273196,6.261665438301023,,6.261665438301023,0.0702234067904248,0.0,ARX_one_step_residual_lagged_information,,,,-0.0987762102829687,EIA_STEO_July_2026_ex_post_2022plus,84.391846
DEU,Germany,2011,2011-07,2011-07-31,1.51425,EUR/litre,European Commission Weekly Oil Bulletin,observed_retail_gasoline,observed_retail,True,"Observed Euro-super 95 retail price, monthly average of official weekly data.",,,0.0,,CHN=regulated domestic product-price mechanism/proxy scenario; controls=observed retail-price pass-through.,-0.0034610664957911985,81.95165469138517,0.03613624114135838,2.6,100.22551546,9.396104206753808,,9.396104206753808,0.3858852240978259,0.0,ARX_one_step_residual_lagged_information,,,,0.2462356339388283,EIA_STEO_July_2026_ex_post_2022plus,78.92476
DEU,Germany,2011,2011-08,2011-08-31,1.50425,EUR/litre,European Commission Weekly Oil Bulletin,observed_retail_gasoline,observed_retail,True,"Observed Euro-super 95 retail price, monthly average of official weekly data.",,,0.0,,CHN=regulated domestic product-price mechanism/proxy scenario; controls=observed retail-price pass-through.,-0.006625831760595446,76.90254874033883,-0.06359047693126474,2.5,99.45231958,7.358482277623235,,7.358482277623235,-0.5582166812243278,0.0,ARX_one_step_residual_lagged_information,,,,-0.5552364559967694,EIA_STEO_July_2026_ex_post_2022plus,86.95157
DEU,Germany,2011,2011-09,2011-09-30,1.533,EUR/litre,European Commission Weekly Oil Bulletin,observed_retail_gasoline,observed_retail,True,"Observed Euro-super 95 retail price, monthly average of official weekly data.",,,0.0,,CHN=regulated domestic product-price mechanism/proxy scenario; controls=observed retail-price pass-through.,0.0189321647713529,82.10260078170067,0.0654306746448361,2.8,97.90592783,4.543941693042797,,4.543941693042797,0.4377547339848582,0.0,ARX_one_step_residual_lagged_information,,,,0.2113650258872441,EIA_STEO_July_2026_ex_post_2022plus,83.35045
DEU,Germany,2011,2011-10,2011-10-31,1.5318,EUR/litre,European Commission Weekly Oil Bulletin,observed_retail_gasoline,observed_retail,True,"Observed Euro-super 95 retail price, monthly average of official weekly data.",,,0.0,,CHN=regulated domestic product-price mechanism/proxy scenario; controls=observed retail-price pass-through.,-0.0007830853963209372,79.80170465337231,-0.028424828375984035,2.8,99.06572165,3.5753560019712083,,3.5753560019712083,0.3412450295945062,0.0,ARX_one_step_residual_lagged_information,,,,-0.2784386365687011,EIA_STEO_July_2026_ex_post_2022plus,76.339935
DEU,Germany,2011,2011-11,2011-11-30,1.505,EUR/litre,European Commission Weekly Oil Bulletin,observed_retail_gasoline,observed_retail,True,"Observed Euro-super 95 retail price, monthly average of official weekly data.",,,0.0,,CHN=regulated domestic product-price mechanism/proxy scenario; controls=observed retail-price pass-through.,-0.01765061629251713,81.71309869099112,0.02366944991143427,2.7,98.38917525,3.498607687386457,,3.498607687386457,0.3257368481652395,0.0,ARX_one_step_residual_lagged_information,,,,0.0968664907176188,EIA_STEO_July_2026_ex_post_2022plus,83.15768
DEU,Germany,2011,2011-12,2011-12-31,1.506,EUR/litre,European Commission Weekly Oil Bulletin,observed_retail_gasoline,observed_retail,True,"Observed Euro-super 95 retail price, monthly average of official weekly data.",,,0.0,,CHN=regulated domestic product-price mechanism/proxy scenario; controls=observed retail-price pass-through.,0.0006642311768628728,82.01834543298082,0.003728631323919096,2.3,97.32603092,0.49776110464758716,,0.49776110464758716,-0.0884835248368668,0.0,ARX_one_step_residual_lagged_information,,,,-0.2504464752252303,EIA_STEO_July_2026_ex_post_2022plus,85.341324
DEU,Germany,2012,2012-01,2012-01-31,1.58975,EUR/litre,European Commission Weekly Oil Bulletin,observed_retail_gasoline,observed_retail,True,"Observed Euro-super 95 retail price, monthly average of official weekly data.",,,0.0,,CHN=regulated domestic product-price mechanism/proxy scenario; controls=observed retail-price pass-through.,0.05411964178767825,85.75047117007465,0.044498633691658185,2.3,97.71262886,1.5952481836062127,,1.5952481836062127,0.4289673339077038,0.0,ARX_one_step_residual_lagged_information,,,,0.2328532785430842,EIA_STEO_July_2026_ex_post_2022plus,79.63497
DEU,Germany,2012,2012-02,2012-02-29,1.63325,EUR/litre,European Commission Weekly Oil Bulletin,observed_retail_gasoline,observed_retail,True,"Observed Euro-super 95 retail price, monthly average of official weekly data.",,,0.0,,CHN=regulated domestic product-price mechanism/proxy scenario; controls=observed retail-price pass-through.,0.026995123573342605,90.14365257839665,0.049962956887314114,2.6,98.0992268,0.9901070927939237,,0.9901070927939237,0.651930271381068,0.0,ARX_one_step_residual_lagged_information,,,,0.6896277573350593,EIA_STEO_July_2026_ex_post_2022plus,92.44582
DEU,Germany,2012,2012-03,2012-03-31,1.6855,EUR/litre,European Commission Weekly Oil Bulletin,observed_retail_gasoline,observed_retail,True,"Observed Euro-super 95 retail price, monthly average of official weekly data.",,,0.0,,CHN=regulated domestic product-price mechanism/proxy scenario; controls=observed retail-price pass-through.,0.03149036095325569,94.98465800482352,0.052310846259786103,2.4,98.87242268,1.3779745664676213,,1.3779745664676213,0.2582175114967004,0.0,ARX_one_step_residual_lagged_information,,,,0.4569442574138738,EIA_STEO_July_2026_ex_post_2022plus,88.75998
DEU,Germany,2012,2012-04,2012-04-30,1.70525,EUR/litre,European Commission Weekly Oil Bulletin,observed_retail_gasoline,observed_retail,True,"Observed Euro-super 95 retail price, monthly average of official weekly data.",,,0.0,,CHN=regulated domestic product-price mechanism/proxy scenario; controls=observed retail-price pass-through.,0.01164947186071319,90.74799820492134,-0.04562896931910476,2.2,97.42268041,-0.29717703523024497,,-0.29717703523024497,-0.1656370693035655,0.0,ARX_one_step_residual_lagged_information,,,,-0.4603505460526653,EIA_STEO_July_2026_ex_post_2022plus,96.016685
DEU,Germany,2012,2012-05,2012-05-31,1.64475,EUR/litre,European Commission Weekly Oil Bulletin,observed_retail_gasoline,observed_retail,True,"Observed Euro-super 95 retail price, monthly average of official weekly data.",,,0.0,,CHN=regulated domestic product-price mechanism/proxy scenario; controls=observed retail-price pass-through.,-0.03612333056872141,86.19136363485553,-0.05151643175425136,2.1,99.06572165,0.3910073426627747,,0.3910073426627747,-0.5059024038627317,0.0,ARX_one_step_residual_lagged_information,,,,-0.7366847206805783,EIA_STEO_July_2026_ex_post_2022plus,78.17116
DEU,Germany,2012,2012-06,2012-06-30,1.59575,EUR/litre,European Commission Weekly Oil Bulletin,observed_retail_gasoline,observed_retail,True,"Observed Euro-super 95 retail price, monthly average of official weekly data.",,,0.0,,CHN=regulated domestic product-price mechanism/proxy scenario; controls=observed retail-price pass-through.,-0.030244551829940514,75.87710044229976,-0.1274550508731327,1.9,98.00257732,0.8915363649424357,,0.8915363649424357,-0.9255492338723936,0.0,ARX_one_step_residual_lagged_information,,,,-1.3741629456650917,EIA_STEO_July_2026_ex_post_2022plus,77.82243
DEU,Germany,2012,2012-07,2012-07-31,1.629,EUR/litre,European Commission Weekly Oil Bulletin,observed_retail_gasoline,observed_retail,True,"Observed Euro-super 95 retail price, monthly average of official weekly data.",,,0.0,,CHN=regulated domestic product-price mechanism/proxy scenario; controls=observed retail-price pass-through.,0.020622484465878443,83.59087704326086,0.09681945593285413,1.9,98.77577319,-1.457043748628184,,-1.457043748628184,1.0306872349075964,0.0,ARX_one_step_residual_lagged_information,,,,0.6927159574035089,EIA_STEO_July_2026_ex_post_2022plus,82.80802
DEU,Germany,2012,2012-08,2012-08-31,1.724,EUR/litre,European Commission Weekly Oil Bulletin,observed_retail_gasoline,observed_retail,True,"Observed Euro-super 95 retail price, monthly average of official weekly data.",,,0.0,,CHN=regulated domestic product-price mechanism/proxy scenario; controls=observed retail-price pass-through.,0.056680842621593286,91.37801597750344,0.08907053625981476,2.2,98.96907216,-0.4870930207887092,,-0.4870930207887092,0.9373887884778536,0.0,ARX_one_step_residual_lagged_information,,,,0.9147117790437258,EIA_STEO_July_2026_ex_post_2022plus,74.87836
DEU,Germany,2012,2012-09,2012-09-30,1.7345,EUR/litre,European Commission Weekly Oil Bulletin,observed_retail_gasoline,observed_retail,True,"Observed Euro-super 95 retail price, monthly average of official weekly data.",,,0.0,,CHN=regulated domestic product-price mechanism/proxy scenario; controls=observed retail-price pass-through.,0.006072015186165958,87.60908661062936,-0.04212020312421583,2.1,97.71262886,-0.19762852378093498,,-0.19762852378093498,-0.0980035932075305,0.0,ARX_one_step_residual_lagged_information,,,,-0.0456183630623779,EIA_STEO_July_2026_ex_post_2022plus,69.28051
DEU,Germany,2012,2012-10,2012-10-31,1.6558,EUR/litre,European Commission Weekly Oil Bulletin,observed_retail_gasoline,observed_retail,True,"Observed Euro-super 95 retail price, monthly average of official weekly data.",,,0.0,,CHN=regulated domestic product-price mechanism/proxy scenario; controls=observed retail-price pass-through.,-0.04643491170509895,86.10723047007606,-0.01729133550191264,2.0,96.35953608,-2.7697121641550915,,-2.7697121641550915,-0.2679054425995422,0.0,ARX_one_step_residual_lagged_information,,,,-0.1002917364061254,EIA_STEO_July_2026_ex_post_2022plus,81.663666
DEU,Germany,2012,2012-11,2012-11-30,1.62025,EUR/litre,European Commission Weekly Oil Bulletin,observed_retail_gasoline,observed_retail,True,"Observed Euro-super 95 retail price, monthly average of official weekly data.",,,0.0,,CHN=regulated domestic product-price mechanism/proxy scenario; controls=observed retail-price pass-through.,-0.0217038173968801,84.95840791993943,-0.01343156734689277,1.9,95.68298969,-2.7890253910788587,,-2.7890253910788587,-0.1360930675184166,0.0,ARX_one_step_residual_lagged_information,,,,-0.2275318220348529,EIA_STEO_July_2026_ex_post_2022plus,81.38964
DEU,Germany,2012,2012-12,2012-12-31,1.5853333333333337,EUR/litre,European Commission Weekly Oil Bulletin,observed_retail_gasoline,observed_retail,True,"Observed Euro-super 95 retail price, monthly average of official weekly data.",,,0.0,,CHN=regulated domestic product-price mechanism/proxy scenario; controls=observed retail-price pass-through.,-0.021785768165262342,83.46438224313428,-0.01774183725419487,2.0,96.16623711,-1.1988155514843335,,-1.1988155514843335,0.2928570791122005,0.0,ARX_one_step_residual_lagged_information,,,,0.0314715953075064,EIA_STEO_July_2026_ex_post_2022plus,74.83156
DEU,Germany,2013,2013-01,2013-01-31,1.601,EUR/litre,European Commission Weekly Oil Bulletin,observed_retail_gasoline,observed_retail,True,"Observed Euro-super 95 retail price, monthly average of official weekly data.",,,0.0,,CHN=regulated domestic product-price mechanism/proxy scenario; controls=observed retail-price pass-through.,0.009833743854151644,84.91913980269007,0.0172795263899852,1.9,95.29639175,-2.503886438368852,,-2.503886438368852,0.2702371147969803,0.0,ARX_one_step_residual_lagged_information,,,,0.282762059864369,EIA_STEO_July_2026_ex_post_2022plus,90.65749
DEU,Germany,2013,2013-02,2013-02-28,1.636,EUR/litre,European Commission Weekly Oil Bulletin,observed_retail_gasoline,observed_retail,True,"Observed Euro-super 95 retail price, monthly average of official weekly data.",,,0.0,,CHN=regulated domestic product-price mechanism/proxy scenario; controls=observed retail-price pass-through.,0.021625804165977647,86.96496535343668,0.02380583318165197,1.8,95.97293814,-2.191322743379498,,-2.191322743379498,0.3747890556133226,0.0,ARX_one_step_residual_lagged_information,,,,0.2441880963110106,EIA_STEO_July_2026_ex_post_2022plus,81.59033
DEU,Germany,2013,2013-03,2013-03-31,1.59425,EUR/litre,European Commission Weekly Oil Bulletin,observed_retail_gasoline,observed_retail,True,"Observed Euro-super 95 retail price, monthly average of official weekly data.",,,0.0,,CHN=regulated domestic product-price mechanism/proxy scenario; controls=observed retail-price pass-through.,-0.025850831967311305,83.74664276723992,-0.03770925692302107,1.8,97.71262886,-1.1799546988177312,,-1.1799546988177312,-0.3312244357951538,0.0,ARX_one_step_residual_lagged_information,,,,-0.6295897367868111,EIA_STEO_July_2026_ex_post_2022plus,75.89672
DEU,Germany,2013,2013-04,2013-04-30,1.6214,EUR/litre,European Commission Weekly Oil Bulletin,observed_retail_gasoline,observed_retail,True,"Observed Euro-super 95 retail price, monthly average of official weekly data.",,,0.0,,CHN=regulated domestic product-price mechanism/proxy scenario; controls=observed retail-price pass-through.,0.016886567358225746,78.5044785232705,-0.06464040912752633,1.1,97.61597938,0.1982161213543776,,0.1982161213543776,-0.2462397297504745,0.0,ARX_one_step_residual_lagged_information,,,,-0.5518556127380099,EIA_STEO_July_2026_ex_post_2022plus,95.10787
DEU,Germany,2013,2013-05,2013-05-31,1.61375,EUR/litre,European Commission Weekly Oil Bulletin,observed_retail_gasoline,observed_retail,True,"Observed Euro-super 95 retail price, monthly average of official weekly data.",,,0.0,,CHN=regulated domestic product-price mechanism/proxy scenario; controls=observed retail-price pass-through.,-0.004729310392754482,78.9989369765014,0.006278721969980694,1.6,96.8427835,-2.269460998612871,,-2.269460998612871,0.0736394107845082,0.0,ARX_one_step_residual_lagged_information,,,,0.022660700470914,EIA_STEO_July_2026_ex_post_2022plus,83.717316
DEU,Germany,2013,2013-06,2013-06-30,1.6005,EUR/litre,European Commission Weekly Oil Bulletin,observed_retail_gasoline,observed_retail,True,"Observed Euro-super 95 retail price, monthly average of official weekly data.",,,0.0,,CHN=regulated domestic product-price mechanism/proxy scenario; controls=observed retail-price pass-through.,-0.008244582750934482,77.99397346568735,-0.012802835938622081,1.9,98.58247422,0.5899722053960943,,0.5899722053960943,0.2387265807285764,0.0,ARX_one_step_residual_lagged_information,,,,0.0271055226965062,EIA_STEO_July_2026_ex_post_2022plus,82.97301
DEU,Germany,2013,2013-07,2013-07-31,1.6216000000000002,EUR/litre,European Commission Weekly Oil Bulletin,observed_retail_gasoline,observed_retail,True,"Observed Euro-super 95 retail price, monthly average of official weekly data.",,,0.0,,CHN=regulated domestic product-price mechanism/proxy scenario; controls=observed retail-price pass-through.,0.01309723572787258,82.47911774111674,0.05591358256708645,2.0,97.03608247,-1.7769470496042494,,-1.7769470496042494,0.6958731969196498,0.0,ARX_one_step_residual_lagged_information,,,,0.4344015857417522,EIA_STEO_July_2026_ex_post_2022plus,73.975815
DEU,Germany,2013,2013-08,2013-08-31,1.6225,EUR/litre,European Commission Weekly Oil Bulletin,observed_retail_gasoline,observed_retail,True,"Observed Euro-super 95 retail price, monthly average of official weekly data.",,,0.0,,CHN=regulated domestic product-price mechanism/proxy scenario; controls=observed retail-price pass-through.,0.00055485344045475,83.58626043267816,0.013334014681187334,1.6,98.96907216,0.0,,0.0,0.4912213200718924,0.0,ARX_one_step_residual_lagged_information,,,,0.2770044599337098,EIA_STEO_July_2026_ex_post_2022plus,90.95675
DEU,Germany,2013,2013-09,2013-09-30,1.6128,EUR/litre,European Commission Weekly Oil Bulletin,observed_retail_gasoline,observed_retail,True,"Observed Euro-super 95 retail price, monthly average of official weekly data.",,,0.0,,CHN=regulated domestic product-price mechanism/proxy scenario; controls=observed retail-price pass-through.,-0.00599637070119563,83.51357308216596,-0.0008699871635764467,1.5,98.67912371,0.98425991918063,,0.98425991918063,0.0882692659533272,0.0,ARX_one_step_residual_lagged_information,,,,0.020851986559802,EIA_STEO_July_2026_ex_post_2022plus,100.45933
DEU,Germany,2013,2013-10,2013-10-31,1.56325,EUR/litre,European Commission Weekly Oil Bulletin,observed_retail_gasoline,observed_retail,True,"Observed Euro-super 95 retail price, monthly average of official weekly data.",,,0.0,,CHN=regulated domestic product-price mechanism/proxy scenario; controls=observed retail-price pass-through.,-0.031204811429642154,79.93850265987665,-0.04375154822079885,1.2,98.00257732,1.6907414219175187,,1.6907414219175187,-0.167501298206257,0.0,ARX_one_step_residual_lagged_information,,,,-0.21653964775583,EIA_STEO_July_2026_ex_post_2022plus,72.95312
DEU,Germany,2013,2013-11,2013-11-30,1.55925,EUR/litre,European Commission Weekly Oil Bulletin,observed_retail_gasoline,observed_retail,True,"Observed Euro-super 95 retail price, monthly average of official weekly data.",,,0.0,,CHN=regulated domestic product-price mechanism/proxy scenario; controls=observed retail-price pass-through.,-0.002562051041175295,79.90167028647923,-0.00046086504250375526,1.6,99.64561855,4.057954082861759,,4.057954082861759,-0.1532187541024732,0.0,ARX_one_step_residual_lagged_information,,,,-0.1148950493060984,EIA_STEO_July_2026_ex_post_2022plus,77.77902
DEU,Germany,2013,2013-12,2013-12-31,1.5616666666666668,EUR/litre,European Commission Weekly Oil Bulletin,observed_retail_gasoline,observed_retail,True,"Observed Euro-super 95 retail price, monthly average of official weekly data.",,,0.0,,CHN=regulated domestic product-price mechanism/proxy scenario; controls=observed retail-price pass-through.,0.001548690598180913,80.79929064201247,0.01117142903988988,1.3,99.83891752,3.7479731938597105,,3.7479731938597105,0.5638340253922685,0.0,ARX_one_step_residual_lagged_information,,,,0.2454849292005171,EIA_STEO_July_2026_ex_post_2022plus,70.37249
DEU,Germany,2014,2014-01,2014-01-31,1.5295,EUR/litre,European Commission Weekly Oil Bulletin,observed_retail_gasoline,observed_retail,True,"Observed Euro-super 95 retail price, monthly average of official weekly data.",,,0.0,,CHN=regulated domestic product-price mechanism/proxy scenario; controls=observed retail-price pass-through.,-0.020812742413454766,79.39473621839885,-0.01753611472858818,1.2,99.16237113,3.976667111457921,,3.976667111457921,-0.1058431113118916,0.0,ARX_one_step_residual_lagged_information,,,,-0.2283267688664224,EIA_STEO_July_2026_ex_post_2022plus,77.91597
DEU,Germany,2014,2014-02,2014-02-28,1.5385,EUR/litre,European Commission Weekly Oil Bulletin,observed_retail_gasoline,observed_retail,True,"Observed Euro-super 95 retail price, monthly average of official weekly data.",,,0.0,,CHN=regulated domestic product-price mechanism/proxy scenario; controls=observed retail-price pass-through.,0.005867031171138348,79.69490820018626,0.0037736251041931013,1.0,99.16237113,3.269236169011247,,3.269236169011247,0.3065588814478375,0.0,ARX_one_step_residual_lagged_information,,,,0.0613303731656642,EIA_STEO_July_2026_ex_post_2022plus,69.003525
DEU,Germany,2014,2014-03,2014-03-31,1.5324,EUR/litre,European Commission Weekly Oil Bulletin,observed_retail_gasoline,observed_retail,True,"Observed Euro-super 95 retail price, monthly average of official weekly data.",,,0.0,,CHN=regulated domestic product-price mechanism/proxy scenario; controls=observed retail-price pass-through.,-0.003972781935602632,77.72793351378725,-0.024990999231879307,0.8,99.45231958,1.7647516798062313,,1.7647516798062313,-0.0046487215311387,0.0,ARX_one_step_residual_lagged_information,,,,-0.1266831641102359,EIA_STEO_July_2026_ex_post_2022plus,119.838554
DEU,Germany,2014,2014-04,2014-04-30,1.5776666666666668,EUR/litre,European Commission Weekly Oil Bulletin,observed_retail_gasoline,observed_retail,True,"Observed Euro-super 95 retail price, monthly average of official weekly data.",,,0.0,,CHN=regulated domestic product-price mechanism/proxy scenario; controls=observed retail-price pass-through.,0.029111828411644447,78.02686909899879,0.0038385455504501564,1.1,99.06572165,1.4742281757192721,,1.4742281757192721,0.0818376161420442,0.0,ARX_one_step_residual_lagged_information,,,,0.018195172999865,EIA_STEO_July_2026_ex_post_2022plus,93.22154
DEU,Germany,2014,2014-05,2014-05-31,1.564,EUR/litre,European Commission Weekly Oil Bulletin,observed_retail_gasoline,observed_retail,True,"Observed Euro-super 95 retail price, monthly average of official weekly data.",,,0.0,,CHN=regulated domestic product-price mechanism/proxy scenario; controls=observed retail-price pass-through.,-0.008700320132881911,79.73593211932894,0.021667083347381322,0.7,98.58247422,1.7804624617713927,,1.7804624617713927,0.2316098213092671,0.0,ARX_one_step_residual_lagged_information,,,,0.1464362431941387,EIA_STEO_July_2026_ex_post_2022plus,83.428856
DEU,Germany,2014,2014-06,2014-06-30,1.5892,EUR/litre,European Commission Weekly Oil Bulletin,observed_retail_gasoline,observed_retail,True,"Observed Euro-super 95 retail price, monthly average of official weekly data.",,,0.0,,CHN=regulated domestic product-price mechanism/proxy scenario; controls=observed retail-price pass-through.,0.01598410283518742,82.23420824691657,0.030851047866668146,0.9,98.67912371,0.09799119417870372,,0.09799119417870372,0.2848465559002022,0.0,ARX_one_step_residual_lagged_information,,,,0.1831261435239828,EIA_STEO_July_2026_ex_post_2022plus,98.767105
DEU,Germany,2014,2014-07,2014-07-31,1.59825,EUR/litre,European Commission Weekly Oil Bulletin,observed_retail_gasoline,observed_retail,True,"Observed Euro-super 95 retail price, monthly average of official weekly data.",,,0.0,,CHN=regulated domestic product-price mechanism/proxy scenario; controls=observed retail-price pass-through.,0.005678535706392318,78.895982949089,-0.041441060850804234,0.7,100.32216495,3.33037635331328,,3.33037635331328,-0.2624127689536664,0.0,ARX_one_step_residual_lagged_information,,,,-0.4307517136082288,EIA_STEO_July_2026_ex_post_2022plus,138.75395
DEU,Germany,2014,2014-08,2014-08-31,1.571,EUR/litre,European Commission Weekly Oil Bulletin,observed_retail_gasoline,observed_retail,True,"Observed Euro-super 95 retail price, monthly average of official weekly data.",,,0.0,,CHN=regulated domestic product-price mechanism/proxy scenario; controls=observed retail-price pass-through.,-0.017196921391215036,76.31288554304994,-0.03328850934357952,0.8,96.74613402,-2.271702624062666,,-2.271702624062666,-0.4675598545317212,0.0,ARX_one_step_residual_lagged_information,,,,-0.4633679333705456,EIA_STEO_July_2026_ex_post_2022plus,136.44559
DEU,Germany,2014,2014-09,2014-09-30,1.5724,EUR/litre,European Commission Weekly Oil Bulletin,observed_retail_gasoline,observed_retail,True,"Observed Euro-super 95 retail price, monthly average of official weekly data.",,,0.0,,CHN=regulated domestic product-price mechanism/proxy scenario; controls=observed retail-price pass-through.,0.0008907552920841555,75.33551362989054,-0.01289015184427722,0.8,99.16237113,0.4885207539084391,,0.4885207539084391,-0.2594703158071751,0.0,ARX_one_step_residual_lagged_information,,,,-0.425769283388323,EIA_STEO_July_2026_ex_post_2022plus,131.55666
DEU,Germany,2014,2014-10,2014-10-31,1.51725,EUR/litre,European Commission Weekly Oil Bulletin,observed_retail_gasoline,observed_retail,True,"Observed Euro-super 95 retail price, monthly average of official weekly data.",,,0.0,,CHN=regulated domestic product-price mechanism/proxy scenario; controls=observed retail-price pass-through.,-0.035703628831740775,68.96441153697178,-0.08836105546188922,0.7,99.45231958,1.4684551602003992,,1.4684551602003992,-0.7647647452878167,0.0,ARX_one_step_residual_lagged_information,,,,-0.9749528418023932,EIA_STEO_July_2026_ex_post_2022plus,83.661
DEU,Germany,2014,2014-11,2014-11-30,1.48425,EUR/litre,European Commission Weekly Oil Bulletin,observed_retail_gasoline,observed_retail,True,"Observed Euro-super 95 retail price, monthly average of official weekly data.",,,0.0,,CHN=regulated domestic product-price mechanism/proxy scenario; controls=observed retail-price pass-through.,-0.021989891565179664,63.69133072161009,-0.0795421388190114,0.5,99.3556701,-0.2914037965728866,,-0.2914037965728866,-0.7174315309085026,0.0,ARX_one_step_residual_lagged_information,,,,-0.8911774245526921,EIA_STEO_July_2026_ex_post_2022plus,84.38005
DEU,Germany,2014,2014-12,2014-12-31,1.4003333333333332,EUR/litre,European Commission Weekly Oil Bulletin,observed_retail_gasoline,observed_retail,True,"Observed Euro-super 95 retail price, monthly average of official weekly data.",,,0.0,,CHN=regulated domestic product-price mechanism/proxy scenario; controls=observed retail-price pass-through.,-0.05819929064951257,50.56365788927148,-0.23081536317901152,0.1,100.99871134,1.1549695335056676,,1.1549695335056676,-2.1369008547896216,0.0,ARX_one_step_residual_lagged_information,,,,-2.2469964143025263,EIA_STEO_July_2026_ex_post_2022plus,86.52622
DEU,Germany,2015,2015-01,2015-01-31,1.29825,EUR/litre,European Commission Weekly Oil Bulletin,observed_retail_gasoline,observed_retail,True,"Observed Euro-super 95 retail price, monthly average of official weekly data.",,,0.0,,CHN=regulated domestic product-price mechanism/proxy scenario; controls=observed retail-price pass-through.,-0.07569309977684402,41.13746489304888,-0.2063138338511279,-0.5,98.58247422,-0.5865119480871428,,-0.5865119480871428,-2.4252298762809548,0.0,ARX_one_step_residual_lagged_information,,,,-2.4678988359470786,EIA_STEO_July_2026_ex_post_2022plus,111.985695
DEU,Germany,2015,2015-02,2015-02-28,1.342,EUR/litre,European Commission Weekly Oil Bulletin,observed_retail_gasoline,observed_retail,True,"Observed Euro-super 95 retail price, monthly average of official weekly data.",,,0.0,,CHN=regulated domestic product-price mechanism/proxy scenario; controls=observed retail-price pass-through.,0.0331438348071989,51.186061508867205,0.2185479979635132,-0.1,99.64561855,0.4861458259542317,,0.4861458259542317,1.8344509102038231,0.0,ARX_one_step_residual_lagged_information,,,,1.8059454415522465,EIA_STEO_July_2026_ex_post_2022plus,111.9247
DEU,Germany,2015,2015-03,2015-03-31,1.4088,EUR/litre,European Commission Weekly Oil Bulletin,observed_retail_gasoline,observed_retail,True,"Observed Euro-super 95 retail price, monthly average of official weekly data.",,,0.0,,CHN=regulated domestic product-price mechanism/proxy scenario; controls=observed retail-price pass-through.,0.04857723965036925,51.66945791253493,0.009399592077930397,0.2,99.64561855,0.19417481923706958,,0.19417481923706958,-0.3517775262248044,0.0,ARX_one_step_residual_lagged_information,,,,-0.363952535983822,EIA_STEO_July_2026_ex_post_2022plus,104.23527
DEU,Germany,2015,2015-04,2015-04-30,1.461,EUR/litre,European Commission Weekly Oil Bulletin,observed_retail_gasoline,observed_retail,True,"Observed Euro-super 95 retail price, monthly average of official weekly data.",,,0.0,,CHN=regulated domestic product-price mechanism/proxy scenario; controls=observed retail-price pass-through.,0.036382854568703105,55.014878092305004,0.06273680851474506,1.1,100.41881443,1.3566099491742811,,1.3566099491742811,0.7826519174424931,0.0,ARX_one_step_residual_lagged_information,,,,0.5778479298749288,EIA_STEO_July_2026_ex_post_2022plus,102.19049
DEU,Germany,2015,2015-05,2015-05-31,1.4892500000000002,EUR/litre,European Commission Weekly Oil Bulletin,observed_retail_gasoline,observed_retail,True,"Observed Euro-super 95 retail price, monthly average of official weekly data.",,,0.0,,CHN=regulated domestic product-price mechanism/proxy scenario; controls=observed retail-price pass-through.,0.019151504758097404,57.38927087809214,0.04225370793373262,1.6,100.6121134,2.037916238517834,,2.037916238517834,0.4395394751470354,0.0,ARX_one_step_residual_lagged_information,,,,0.6757557872152448,EIA_STEO_July_2026_ex_post_2022plus,76.26233
DEU,Germany,2015,2015-06,2015-06-30,1.4932,EUR/litre,European Commission Weekly Oil Bulletin,observed_retail_gasoline,observed_retail,True,"Observed Euro-super 95 retail price, monthly average of official weekly data.",,,0.0,,CHN=regulated domestic product-price mechanism/proxy scenario; controls=observed retail-price pass-through.,0.002648830531631896,54.77017572524931,-0.04671156014189215,1.2,100.51546391,1.8438173909461675,,1.8438173909461675,-0.6104284962240248,0.0,ARX_one_step_residual_lagged_information,,,,-0.3879473150390513,EIA_STEO_July_2026_ex_post_2022plus,85.90597
DEU,Germany,2015,2015-07,2015-07-31,1.4975,EUR/litre,European Commission Weekly Oil Bulletin,observed_retail_gasoline,observed_retail,True,"Observed Euro-super 95 retail price, monthly average of official weekly data.",,,0.0,,CHN=regulated domestic product-price mechanism/proxy scenario; controls=observed retail-price pass-through.,0.0028755829491756146,51.43445552690111,-0.06283751833880302,1.2,101.96520618,1.6244982114320905,,1.6244982114320905,-0.7831460792780096,0.0,ARX_one_step_residual_lagged_information,,,,-0.7759917423274519,EIA_STEO_July_2026_ex_post_2022plus,106.80866
DEU,Germany,2015,2015-08,2015-08-31,1.4214,EUR/litre,European Commission Weekly Oil Bulletin,observed_retail_gasoline,observed_retail,True,"Observed Euro-super 95 retail price, monthly average of official weekly data.",,,0.0,,CHN=regulated domestic product-price mechanism/proxy scenario; controls=observed retail-price pass-through.,-0.05215474959680966,41.780059687621865,-0.20788910412876316,1.2,99.45231958,2.758795644851375,,2.758795644851375,-1.7577126486468235,0.0,ARX_one_step_residual_lagged_information,,,,-1.8133556169982417,EIA_STEO_July_2026_ex_post_2022plus,82.47853
DEU,Germany,2015,2015-09,2015-09-30,1.35875,EUR/litre,European Commission Weekly Oil Bulletin,observed_retail_gasoline,observed_retail,True,"Observed Euro-super 95 retail price, monthly average of official weekly data.",,,0.0,,CHN=regulated domestic product-price mechanism/proxy scenario; controls=observed retail-price pass-through.,-0.045077141957375666,42.414385728002216,0.015068405986722322,0.9,99.64561855,0.4861458259542317,,0.4861458259542317,0.180515581722499,0.0,ARX_one_step_residual_lagged_information,,,,0.2123176494965866,EIA_STEO_July_2026_ex_post_2022plus,98.767456
DEU,Germany,2015,2015-10,2015-10-31,1.3155,EUR/litre,European Commission Weekly Oil Bulletin,observed_retail_gasoline,observed_retail,True,"Observed Euro-super 95 retail price, monthly average of official weekly data.",,,0.0,,CHN=regulated domestic product-price mechanism/proxy scenario; controls=observed retail-price pass-through.,-0.03234833795507175,43.14051183658658,0.01697491470709167,1.2,100.51546391,1.0633256303205663,,1.0633256303205663,-0.029388872555947,0.0,ARX_one_step_residual_lagged_information,,,,0.1499557039138983,EIA_STEO_July_2026_ex_post_2022plus,91.931885
DEU,Germany,2015,2015-11,2015-11-30,1.3266,EUR/litre,European Commission Weekly Oil Bulletin,observed_retail_gasoline,observed_retail,True,"Observed Euro-super 95 retail price, monthly average of official weekly data.",,,0.0,,CHN=regulated domestic product-price mechanism/proxy scenario; controls=observed retail-price pass-through.,0.008402456611108278,41.27433812838809,-0.04422155141451212,0.2,99.25902062,-0.09732360408829521,,-0.09732360408829521,-1.274489799462995,0.0,ARX_one_step_residual_lagged_information,,,,-0.8362374681880909,EIA_STEO_July_2026_ex_post_2022plus,150.71588
DEU,Germany,2015,2015-12,2015-12-31,1.3085,EUR/litre,European Commission Weekly Oil Bulletin,observed_retail_gasoline,observed_retail,True,"Observed Euro-super 95 retail price, monthly average of official weekly data.",,,0.0,,CHN=regulated domestic product-price mechanism/proxy scenario; controls=observed retail-price pass-through.,-0.013737835121255093,34.9071004724627,-0.16755069357591523,0.2,99.74226804,-1.2518218367764788,,-1.2518218367764788,-1.518348872636687,0.0,ARX_one_step_residual_lagged_information,,,,-1.4155485230529918,EIA_STEO_July_2026_ex_post_2022plus,148.23688
DEU,Germany,2016,2016-01,2016-01-31,1.25675,EUR/litre,European Commission Weekly Oil Bulletin,observed_retail_gasoline,observed_retail,True,"Observed Euro-super 95 retail price, monthly average of official weekly data.",,,0.0,,CHN=regulated domestic product-price mechanism/proxy scenario; controls=observed retail-price pass-through.,-0.04035241939751588,28.28200639082621,-0.21046447459434026,0.4,101.28865978999998,2.7080958634030594,,2.7080958634030594,-2.33299530373939,0.0,ARX_one_step_residual_lagged_information,,,,-1.9791583657253475,EIA_STEO_July_2026_ex_post_2022plus,118.21114
DEU,Germany,2016,2016-02,2016-02-29,1.2216,EUR/litre,European Commission Weekly Oil Bulletin,observed_retail_gasoline,observed_retail,True,"Observed Euro-super 95 retail price, monthly average of official weekly data.",,,0.0,,CHN=regulated domestic product-price mechanism/proxy scenario; controls=observed retail-price pass-through.,-0.028367548668261966,29.016615102535958,0.025642814638799027,-0.1,101.09536081999998,1.4444160628247715,,1.4444160628247715,0.2502414466173734,0.0,ARX_one_step_residual_lagged_information,,,,0.4305199525458617,EIA_STEO_July_2026_ex_post_2022plus,103.74965
DEU,Germany,2016,2016-03,2016-03-31,1.2380000000000002,EUR/litre,European Commission Weekly Oil Bulletin,observed_retail_gasoline,observed_retail,True,"Observed Euro-super 95 retail price, monthly average of official weekly data.",,,0.0,,CHN=regulated domestic product-price mechanism/proxy scenario; controls=observed retail-price pass-through.,0.013335699340118884,34.325809746025435,0.16802894144500735,0.1,100.32216495,0.6766579791537275,,0.6766579791537275,0.9852420612150368,0.0,ARX_one_step_residual_lagged_information,,,,1.5822675667564785,EIA_STEO_July_2026_ex_post_2022plus,109.72029
DEU,Germany,2016,2016-04,2016-04-30,1.2965,EUR/litre,European Commission Weekly Oil Bulletin,observed_retail_gasoline,observed_retail,True,"Observed Euro-super 95 retail price, monthly average of official weekly data.",,,0.0,,CHN=regulated domestic product-price mechanism/proxy scenario; controls=observed retail-price pass-through.,0.04617115173417749,36.65221309894588,0.06557626926380555,-0.3,100.99871134,0.5758173327414795,,0.5758173327414795,0.0838172782525009,0.0,ARX_one_step_residual_lagged_information,,,,0.7767219192420621,EIA_STEO_July_2026_ex_post_2022plus,85.22145
DEU,Germany,2016,2016-05,2016-05-31,1.3336,EUR/litre,European Commission Weekly Oil Bulletin,observed_retail_gasoline,observed_retail,True,"Observed Euro-super 95 retail price, monthly average of official weekly data.",,,0.0,,CHN=regulated domestic product-price mechanism/proxy scenario; controls=observed retail-price pass-through.,0.028213726457865074,41.32601789582243,0.12001846368045088,-0.1,99.3556701,-1.256662261049346,,-1.256662261049346,0.5579169894032892,0.0,ARX_one_step_residual_lagged_information,,,,1.0759248987314494,EIA_STEO_July_2026_ex_post_2022plus,88.33242
DEU,Germany,2016,2016-06,2016-06-30,1.348,EUR/litre,European Commission Weekly Oil Bulletin,observed_retail_gasoline,observed_retail,True,"Observed Euro-super 95 retail price, monthly average of official weekly data.",,,0.0,,CHN=regulated domestic product-price mechanism/proxy scenario; controls=observed retail-price pass-through.,0.010739960035668239,42.96023327427858,0.03878260533868927,0.1,101.19201031,0.6708218817122358,,0.6708218817122358,0.2953291990002094,0.0,ARX_one_step_residual_lagged_information,,,,0.2876069002708758,EIA_STEO_July_2026_ex_post_2022plus,90.16813
DEU,Germany,2016,2016-07,2016-07-31,1.32375,EUR/litre,European Commission Weekly Oil Bulletin,observed_retail_gasoline,observed_retail,True,"Observed Euro-super 95 retail price, monthly average of official weekly data.",,,0.0,,CHN=regulated domestic product-price mechanism/proxy scenario; controls=observed retail-price pass-through.,-0.01815339455663617,40.66322553721064,-0.054950745672880164,0.4,99.93556701,-2.010599079028985,,-2.010599079028985,-0.7890364899854008,0.0,ARX_one_step_residual_lagged_information,,,,-0.6594625016309432,EIA_STEO_July_2026_ex_post_2022plus,114.61045
DEU,Germany,2016,2016-08,2016-08-31,1.3072,EUR/litre,European Commission Weekly Oil Bulletin,observed_retail_gasoline,observed_retail,True,"Observed Euro-super 95 retail price, monthly average of official weekly data.",,,0.0,,CHN=regulated domestic product-price mechanism/proxy scenario; controls=observed retail-price pass-through.,-0.01258117280987786,40.90930315589108,0.006033363660247204,0.3,101.48195875999998,2.0202707365784,,2.0202707365784,0.0811910315784664,0.0,ARX_one_step_residual_lagged_information,,,,0.1761257354996075,EIA_STEO_July_2026_ex_post_2022plus,98.73849
DEU,Germany,2016,2016-09,2016-09-30,1.31775,EUR/litre,European Commission Weekly Oil Bulletin,observed_retail_gasoline,observed_retail,True,"Observed Euro-super 95 retail price, monthly average of official weekly data.",,,0.0,,CHN=regulated domestic product-price mechanism/proxy scenario; controls=observed retail-price pass-through.,0.00803829162957792,41.51270878016391,0.014642117815030886,0.5,101.19201031,1.5399726927957325,,1.5399726927957325,-0.2376557237578802,0.0,ARX_one_step_residual_lagged_information,,,,0.1396420942526995,EIA_STEO_July_2026_ex_post_2022plus,104.54523
DEU,Germany,2016,2016-10,2016-10-31,1.3350000000000002,EUR/litre,European Commission Weekly Oil Bulletin,observed_retail_gasoline,observed_retail,True,"Observed Euro-super 95 retail price, monthly average of official weekly data.",,,0.0,,CHN=regulated domestic product-price mechanism/proxy scenario; controls=observed retail-price pass-through.,0.013005555099033783,44.96606634130953,0.07990850798108395,0.7,101.86855669999998,1.3371737030641206,,1.3371737030641206,0.4642565958700504,0.0,ARX_one_step_residual_lagged_information,,,,0.5633942564883699,EIA_STEO_July_2026_ex_post_2022plus,85.74779
DEU,Germany,2016,2016-11,2016-11-30,1.324,EUR/litre,European Commission Weekly Oil Bulletin,observed_retail_gasoline,observed_retail,True,"Observed Euro-super 95 retail price, monthly average of official weekly data.",,,0.0,,CHN=regulated domestic product-price mechanism/proxy scenario; controls=observed retail-price pass-through.,-0.00827383433739648,41.46738863799395,-0.08100082163426592,0.7,101.67525772999998,2.4051183335290993,,2.4051183335290993,-0.9727318577270646,0.0,ARX_one_step_residual_lagged_information,,,,-0.9455471790119578,EIA_STEO_July_2026_ex_post_2022plus,82.918755
DEU,Germany,2016,2016-12,2016-12-31,1.3676666666666666,EUR/litre,European Commission Weekly Oil Bulletin,observed_retail_gasoline,observed_retail,True,"Observed Euro-super 95 retail price, monthly average of official weekly data.",,,0.0,,CHN=regulated domestic product-price mechanism/proxy scenario; controls=observed retail-price pass-through.,0.032448667277122756,50.56161791071761,0.19828544677352689,1.6,99.3556701,-0.3883500045122723,,-0.3883500045122723,1.835253781522334,0.0,ARX_one_step_residual_lagged_information,,,,1.6159449639177093,EIA_STEO_July_2026_ex_post_2022plus,102.180466
DEU,Germany,2017,2017-01,2017-01-31,1.3992,EUR/litre,European Commission Weekly Oil Bulletin,observed_retail_gasoline,observed_retail,True,"Observed Euro-super 95 retail price, monthly average of official weekly data.",,,0.0,,CHN=regulated domestic product-price mechanism/proxy scenario; controls=observed retail-price pass-through.,0.022794519930316004,51.322546333503,0.014937406160422828,1.8,101.09536081999998,-0.19102202653691336,,-0.19102202653691336,0.3562813201337297,0.0,ARX_one_step_residual_lagged_information,,,,0.212001757557247,EIA_STEO_July_2026_ex_post_2022plus,105.20123
DEU,Germany,2017,2017-02,2017-02-28,1.4057499999999998,EUR/litre,European Commission Weekly Oil Bulletin,observed_retail_gasoline,observed_retail,True,"Observed Euro-super 95 retail price, monthly average of official weekly data.",,,0.0,,CHN=regulated domestic product-price mechanism/proxy scenario; controls=observed retail-price pass-through.,0.0046703234679186245,51.52220418565317,0.0038827086840993452,2.1,101.86855669999998,0.7619084513228458,,0.7619084513228458,-0.0616531323660811,0.0,ARX_one_step_residual_lagged_information,,,,0.0441060797080234,EIA_STEO_July_2026_ex_post_2022plus,114.20636
DEU,Germany,2017,2017-03,2017-03-31,1.37325,EUR/litre,European Commission Weekly Oil Bulletin,observed_retail_gasoline,observed_retail,True,"Observed Euro-super 95 retail price, monthly average of official weekly data.",,,0.0,,CHN=regulated domestic product-price mechanism/proxy scenario; controls=observed retail-price pass-through.,-0.02339077494958114,48.25918561016153,-0.06542667898150434,1.5,101.38530928,1.0541544671318626,,1.0541544671318626,-0.8914152242102106,0.0,ARX_one_step_residual_lagged_information,,,,-0.5753315680935861,EIA_STEO_July_2026_ex_post_2022plus,96.63588
DEU,Germany,2017,2017-04,2017-04-30,1.3956666666666668,EUR/litre,European Commission Weekly Oil Bulletin,observed_retail_gasoline,observed_retail,True,"Observed Euro-super 95 retail price, monthly average of official weekly data.",,,0.0,,CHN=regulated domestic product-price mechanism/proxy scenario; controls=observed retail-price pass-through.,0.016192005128303932,48.82764158549459,0.011710393426705767,2.0,103.31829897,2.2706746637155995,,2.2706746637155995,-0.0009072287261253,0.0,ARX_one_step_residual_lagged_information,,,,0.1225563534111697,EIA_STEO_July_2026_ex_post_2022plus,119.45992
DEU,Germany,2017,2017-05,2017-05-31,1.3776,EUR/litre,European Commission Weekly Oil Bulletin,observed_retail_gasoline,observed_retail,True,"Observed Euro-super 95 retail price, monthly average of official weekly data.",,,0.0,,CHN=regulated domestic product-price mechanism/proxy scenario; controls=observed retail-price pass-through.,-0.013029343677567418,45.55163755716742,-0.06945000461191153,1.4,103.60824742,4.191089562089445,,4.191089562089445,-0.5808383357267876,0.0,ARX_one_step_residual_lagged_information,,,,-0.3623903429973516,EIA_STEO_July_2026_ex_post_2022plus,102.57996
DEU,Germany,2017,2017-06,2017-06-30,1.359,EUR/litre,European Commission Weekly Oil Bulletin,observed_retail_gasoline,observed_retail,True,"Observed Euro-super 95 retail price, monthly average of official weekly data.",,,0.0,,CHN=regulated domestic product-price mechanism/proxy scenario; controls=observed retail-price pass-through.,-0.013593719522322634,41.28062314660803,-0.09845335715565451,1.7,103.41494845,2.1729716543392286,,2.1729716543392286,-0.9901715991563086,0.0,ARX_one_step_residual_lagged_information,,,,-0.7627598824003294,EIA_STEO_July_2026_ex_post_2022plus,126.78902
DEU,Germany,2017,2017-07,2017-07-31,1.346,EUR/litre,European Commission Weekly Oil Bulletin,observed_retail_gasoline,observed_retail,True,"Observed Euro-super 95 retail price, monthly average of official weekly data.",,,0.0,,CHN=regulated domestic product-price mechanism/proxy scenario; controls=observed retail-price pass-through.,-0.009611903946470546,42.051202966508924,0.01849477734716176,1.7,103.89819587,3.888588543595617,,3.888588543595617,-0.0220304104529117,0.0,ARX_one_step_residual_lagged_information,,,,0.40613922085245,EIA_STEO_July_2026_ex_post_2022plus,102.81346
DEU,Germany,2017,2017-08,2017-08-31,1.35575,EUR/litre,European Commission Weekly Oil Bulletin,observed_retail_gasoline,observed_retail,True,"Observed Euro-super 95 retail price, monthly average of official weekly data.",,,0.0,,CHN=regulated domestic product-price mechanism/proxy scenario; controls=observed retail-price pass-through.,0.007217575516496877,43.7714145081759,0.04009297351031549,1.9,106.31443299,4.6520015666246195,,4.6520015666246195,0.1395144133344559,0.0,ARX_one_step_residual_lagged_information,,,,0.5902347710413575,EIA_STEO_July_2026_ex_post_2022plus,138.53162
DEU,Germany,2017,2017-09,2017-09-30,1.38625,EUR/litre,European Commission Weekly Oil Bulletin,observed_retail_gasoline,observed_retail,True,"Observed Euro-super 95 retail price, monthly average of official weekly data.",,,0.0,,CHN=regulated domestic product-price mechanism/proxy scenario; controls=observed retail-price pass-through.,0.022247452943406743,47.136679752928636,0.07407049375270569,1.9,105.25128866,3.93309120572507,,3.93309120572507,0.3826412875684989,0.0,ARX_one_step_residual_lagged_information,,,,0.7577258362578646,EIA_STEO_July_2026_ex_post_2022plus,115.53445
DEU,Germany,2017,2017-10,2017-10-31,1.3686,EUR/litre,European Commission Weekly Oil Bulletin,observed_retail_gasoline,observed_retail,True,"Observed Euro-super 95 retail price, monthly average of official weekly data.",,,0.0,,CHN=regulated domestic product-price mechanism/proxy scenario; controls=observed retail-price pass-through.,-0.012813940146179426,48.921696085703545,0.03716951954160219,1.5,103.7048969,1.7866013469924447,,1.7866013469924447,-0.0764546837583873,0.0,ARX_one_step_residual_lagged_information,,,,0.2150631197695683,EIA_STEO_July_2026_ex_post_2022plus,91.46157
DEU,Germany,2017,2017-11,2017-11-30,1.367,EUR/litre,European Commission Weekly Oil Bulletin,observed_retail_gasoline,observed_retail,True,"Observed Euro-super 95 retail price, monthly average of official weekly data.",,,0.0,,CHN=regulated domestic product-price mechanism/proxy scenario; controls=observed retail-price pass-through.,-0.0011697617944477767,53.41066326097361,0.08778943174956355,1.8,107.37757732,5.45673963650799,,5.45673963650799,1.031947168545167,0.0,ARX_one_step_residual_lagged_information,,,,0.795920881769235,EIA_STEO_July_2026_ex_post_2022plus,92.596016
DEU,Germany,2017,2017-12,2017-12-31,1.354,EUR/litre,European Commission Weekly Oil Bulletin,observed_retail_gasoline,observed_retail,True,"Observed Euro-super 95 retail price, monthly average of official weekly data.",,,0.0,,CHN=regulated domestic product-price mechanism/proxy scenario; controls=observed retail-price pass-through.,-0.009555383251729221,54.38927307026093,0.018156535643168326,1.5,106.60438144,7.041857323857403,,7.041857323857403,0.2316221454684384,0.0,ARX_one_step_residual_lagged_information,,,,0.2361154289400639,EIA_STEO_July_2026_ex_post_2022plus,82.718254
DEU,Germany,2018,2018-01,2018-01-31,1.3666,EUR/litre,European Commission Weekly Oil Bulletin,observed_retail_gasoline,observed_retail,True,"Observed Euro-super 95 retail price, monthly average of official weekly data.",,,0.0,,CHN=regulated domestic product-price mechanism/proxy scenario; controls=observed retail-price pass-through.,0.009262728874457615,56.647857699641584,0.04068722212633524,1.4,105.92783505,4.669382291540369,,4.669382291540369,0.5307537819846163,0.0,ARX_one_step_residual_lagged_information,,,,0.6466410329828569,EIA_STEO_July_2026_ex_post_2022plus,92.42679
DEU,Germany,2018,2018-02,2018-02-28,1.35125,EUR/litre,European Commission Weekly Oil Bulletin,observed_retail_gasoline,observed_retail,True,"Observed Euro-super 95 retail price, monthly average of official weekly data.",,,0.0,,CHN=regulated domestic product-price mechanism/proxy scenario; controls=observed retail-price pass-through.,-0.011295813393259913,52.93538296320238,-0.0677821899734492,1.2,104.18814433,2.2515022378744476,,2.2515022378744476,-1.0037546449327843,0.0,ARX_one_step_residual_lagged_information,,,,-0.5228083968715923,EIA_STEO_July_2026_ex_post_2022plus,64.49137
DEU,Germany,2018,2018-03,2018-03-31,1.32725,EUR/litre,European Commission Weekly Oil Bulletin,observed_retail_gasoline,observed_retail,True,"Observed Euro-super 95 retail price, monthly average of official weekly data.",,,0.0,,CHN=regulated domestic product-price mechanism/proxy scenario; controls=observed retail-price pass-through.,-0.01792095748963718,53.52532266668686,0.011082882431034502,1.7,105.83118556,4.291703377179346,,4.291703377179346,-0.0942745679504046,0.0,ARX_one_step_residual_lagged_information,,,,0.0930713737533477,EIA_STEO_July_2026_ex_post_2022plus,111.962296
DEU,Germany,2018,2018-04,2018-04-30,1.38875,EUR/litre,European Commission Weekly Oil Bulletin,observed_retail_gasoline,observed_retail,True,"Observed Euro-super 95 retail price, monthly average of official weekly data.",,,0.0,,CHN=regulated domestic product-price mechanism/proxy scenario; controls=observed retail-price pass-through.,0.04529492949005881,58.771429629914756,0.0935009833801379,1.3,105.15463917,1.7617516331862149,,1.7617516331862149,0.8022116118069343,0.0,ARX_one_step_residual_lagged_information,,,,0.8103735825471061,EIA_STEO_July_2026_ex_post_2022plus,123.26347
DEU,Germany,2018,2018-05,2018-05-31,1.4505,EUR/litre,European Commission Weekly Oil Bulletin,observed_retail_gasoline,observed_retail,True,"Observed Euro-super 95 retail price, monthly average of official weekly data.",,,0.0,,CHN=regulated domestic product-price mechanism/proxy scenario; controls=observed retail-price pass-through.,0.04350426260761897,65.11538710967528,0.10250503624359641,2.4,106.70103092,2.9413885158733777,,2.9413885158733777,0.61791327286101,0.0,ARX_one_step_residual_lagged_information,,,,0.5988011055133343,EIA_STEO_July_2026_ex_post_2022plus,125.66662
DEU,Germany,2018,2018-06,2018-06-30,1.45725,EUR/litre,European Commission Weekly Oil Bulletin,observed_retail_gasoline,observed_retail,True,"Observed Euro-super 95 retail price, monthly average of official weekly data.",,,0.0,,CHN=regulated domestic product-price mechanism/proxy scenario; controls=observed retail-price pass-through.,0.0046427733642004365,63.710316624106675,-0.021814376530367774,2.0,106.41108247,2.8560209261897285,,2.8560209261897285,0.2164778282618993,0.0,ARX_one_step_residual_lagged_information,,,,-0.3193864990554811,EIA_STEO_July_2026_ex_post_2022plus,103.96859
DEU,Germany,2018,2018-07,2018-07-31,1.4584,EUR/litre,European Commission Weekly Oil Bulletin,observed_retail_gasoline,observed_retail,True,"Observed Euro-super 95 retail price, monthly average of official weekly data.",,,0.0,,CHN=regulated domestic product-price mechanism/proxy scenario; controls=observed retail-price pass-through.,0.0007888464387941219,63.54926123632473,-0.0025311332392412567,2.2,104.57474226,0.649051882829621,,0.649051882829621,0.2532337563567078,0.0,ARX_one_step_residual_lagged_information,,,,-0.0241107132650339,EIA_STEO_July_2026_ex_post_2022plus,110.02843
DEU,Germany,2018,2018-08,2018-08-31,1.4812500000000002,EUR/litre,European Commission Weekly Oil Bulletin,observed_retail_gasoline,observed_retail,True,"Observed Euro-super 95 retail price, monthly average of official weekly data.",,,0.0,,CHN=regulated domestic product-price mechanism/proxy scenario; controls=observed retail-price pass-through.,0.01554638151898824,62.81970676639525,-0.011546546386484557,2.1,106.02448453,-0.2730998571508714,,-0.2730998571508714,-0.2271250192287946,0.0,ARX_one_step_residual_lagged_information,,,,-0.2227949159068178,EIA_STEO_July_2026_ex_post_2022plus,112.741684
DEU,Germany,2018,2018-09,2018-09-30,1.51025,EUR/litre,European Commission Weekly Oil Bulletin,observed_retail_gasoline,observed_retail,True,"Observed Euro-super 95 retail price, monthly average of official weekly data.",,,0.0,,CHN=regulated domestic product-price mechanism/proxy scenario; controls=observed retail-price pass-through.,0.01938887413540924,67.62130746370575,0.07365430629007896,2.2,104.76804123,-0.4601941003224752,,-0.4601941003224752,0.853284043900544,0.0,ARX_one_step_residual_lagged_information,,,,0.7721044015297376,EIA_STEO_July_2026_ex_post_2022plus,75.05391
DEU,Germany,2018,2018-10,2018-10-31,1.5238,EUR/litre,European Commission Weekly Oil Bulletin,observed_retail_gasoline,observed_retail,True,"Observed Euro-super 95 retail price, monthly average of official weekly data.",,,0.0,,CHN=regulated domestic product-price mechanism/proxy scenario; controls=observed retail-price pass-through.,0.008932015020058581,70.54217790868759,0.042287666584137185,2.6,104.47809278,0.7428075044547455,,0.7428075044547455,0.3098941070137567,0.0,ARX_one_step_residual_lagged_information,,,,0.2422209714529359,EIA_STEO_July_2026_ex_post_2022plus,92.01648
DEU,Germany,2018,2018-11,2018-11-30,1.54,EUR/litre,European Commission Weekly Oil Bulletin,observed_retail_gasoline,observed_retail,True,"Observed Euro-super 95 retail price, monthly average of official weekly data.",,,0.0,,CHN=regulated domestic product-price mechanism/proxy scenario; controls=observed retail-price pass-through.,0.010575201368765608,56.9782828763354,-0.21354060607025094,2.1,102.54510309,-4.604865105663158,,-4.604865105663158,-1.9526225628805007,0.0,ARX_one_step_residual_lagged_information,,,,-2.079541405844165,EIA_STEO_July_2026_ex_post_2022plus,80.407585
DEU,Germany,2018,2018-12,2018-12-31,1.4566666666666668,EUR/litre,European Commission Weekly Oil Bulletin,observed_retail_gasoline,observed_retail,True,"Observed Euro-super 95 retail price, monthly average of official weekly data.",,,0.0,,CHN=regulated domestic product-price mechanism/proxy scenario; controls=observed retail-price pass-through.,-0.055631695986148644,50.405262306077546,-0.12257461260346503,1.6,103.7048969,-2.7575276661444548,,-2.7575276661444548,-1.0061364944612583,0.0,ARX_one_step_residual_lagged_information,,,,-1.1251766525266678,EIA_STEO_July_2026_ex_post_2022plus,90.607666
DEU,Germany,2019,2019-01,2019-01-31,1.34325,EUR/litre,European Commission Weekly Oil Bulletin,observed_retail_gasoline,observed_retail,True,"Observed Euro-super 95 retail price, monthly average of official weekly data.",,,0.0,,CHN=regulated domestic product-price mechanism/proxy scenario; controls=observed retail-price pass-through.,-0.08105866981259535,52.03298003391933,0.03178216850144144,1.7,103.41494845,-2.40085400723018,,-2.40085400723018,0.188445533632504,0.0,ARX_one_step_residual_lagged_information,,,,0.3188447727567846,EIA_STEO_July_2026_ex_post_2022plus,87.4241
DEU,Germany,2019,2019-02,2019-02-28,1.336,EUR/litre,European Commission Weekly Oil Bulletin,observed_retail_gasoline,observed_retail,True,"Observed Euro-super 95 retail price, monthly average of official weekly data.",,,0.0,,CHN=regulated domestic product-price mechanism/proxy scenario; controls=observed retail-price pass-through.,-0.005411975512339795,56.35687608409954,0.07982650864073682,1.7,102.83505154,-1.3072081630497223,,-1.3072081630497223,0.3179255869930876,0.0,ARX_one_step_residual_lagged_information,,,,0.6770586293080596,EIA_STEO_July_2026_ex_post_2022plus,96.80016
DEU,Germany,2019,2019-03,2019-03-31,1.35975,EUR/litre,European Commission Weekly Oil Bulletin,observed_retail_gasoline,observed_retail,True,"Observed Euro-super 95 retail price, monthly average of official weekly data.",,,0.0,,CHN=regulated domestic product-price mechanism/proxy scenario; controls=observed retail-price pass-through.,0.017620784206479057,58.55072519247687,0.038189218229466526,1.4,103.89819587,-1.843370168312486,,-1.843370168312486,0.2509811626919623,0.0,ARX_one_step_residual_lagged_information,,,,0.3042339624987233,EIA_STEO_July_2026_ex_post_2022plus,82.32829
DEU,Germany,2019,2019-04,2019-04-30,1.44825,EUR/litre,European Commission Weekly Oil Bulletin,observed_retail_gasoline,observed_retail,True,"Observed Euro-super 95 retail price, monthly average of official weekly data.",,,0.0,,CHN=regulated domestic product-price mechanism/proxy scenario; controls=observed retail-price pass-through.,0.06305507167366337,63.40982597803501,0.0797253574816903,2.1,102.4484536,-2.607224034027844,,-2.607224034027844,0.7415849113131195,0.0,ARX_one_step_residual_lagged_information,,,,0.6807381297896776,EIA_STEO_July_2026_ex_post_2022plus,79.25345
DEU,Germany,2019,2019-05,2019-05-31,1.52225,EUR/litre,European Commission Weekly Oil Bulletin,observed_retail_gasoline,observed_retail,True,"Observed Euro-super 95 retail price, monthly average of official weekly data.",,,0.0,,CHN=regulated domestic product-price mechanism/proxy scenario; controls=observed retail-price pass-through.,0.04983357251195003,63.7515373878491,0.005374466320483329,1.3,102.83505154,-3.6904556924175935,,-3.6904556924175935,0.1036321340257055,0.0,ARX_one_step_residual_lagged_information,,,,0.0055781678142461,EIA_STEO_July_2026_ex_post_2022plus,106.4719
DEU,Germany,2019,2019-06,2019-06-30,1.4995,EUR/litre,European Commission Weekly Oil Bulletin,observed_retail_gasoline,observed_retail,True,"Observed Euro-super 95 retail price, monthly average of official weekly data.",,,0.0,,CHN=regulated domestic product-price mechanism/proxy scenario; controls=observed retail-price pass-through.,-0.015057784299619736,56.8585465466601,-0.11442675570461613,1.6,101.57860824,-4.647676587908034,,-4.647676587908034,-0.7544511920195658,0.0,ARX_one_step_residual_lagged_information,,,,-0.9745194423062468,EIA_STEO_July_2026_ex_post_2022plus,106.588455
DEU,Germany,2019,2019-07,2019-07-31,1.4596,EUR/litre,European Commission Weekly Oil Bulletin,observed_retail_gasoline,observed_retail,True,"Observed Euro-super 95 retail price, monthly average of official weekly data.",,,0.0,,CHN=regulated domestic product-price mechanism/proxy scenario; controls=observed retail-price pass-through.,-0.02696929362677125,57.013700330427966,0.002725051696722325,1.2,101.19201031,-3.2882248451863383,,-3.2882248451863383,-0.1475646384633109,0.0,ARX_one_step_residual_lagged_information,,,,-0.0488585610737776,EIA_STEO_July_2026_ex_post_2022plus,93.521255
DEU,Germany,2019,2019-08,2019-08-31,1.42575,EUR/litre,European Commission Weekly Oil Bulletin,observed_retail_gasoline,observed_retail,True,"Observed Euro-super 95 retail price, monthly average of official weekly data.",,,0.0,,CHN=regulated domestic product-price mechanism/proxy scenario; controls=observed retail-price pass-through.,-0.023464434525644284,53.055410768875234,-0.07195474201045382,1.0,101.57860824,-4.283708941398423,,-4.283708941398423,-0.8952299415487155,0.0,ARX_one_step_residual_lagged_information,,,,-0.7392204902481774,EIA_STEO_July_2026_ex_post_2022plus,103.40442
DEU,Germany,2019,2019-09,2019-09-30,1.4066,EUR/litre,European Commission Weekly Oil Bulletin,observed_retail_gasoline,observed_retail,True,"Observed Euro-super 95 retail price, monthly average of official weekly data.",,,0.0,,CHN=regulated domestic product-price mechanism/proxy scenario; controls=observed retail-price pass-through.,-0.013522546162730353,57.05816514591163,0.07273433507750848,0.9,100.6121134,-4.047611333721868,,-4.047611333721868,0.7267762189669941,0.0,ARX_one_step_residual_lagged_information,,,,0.5690958721819117,EIA_STEO_July_2026_ex_post_2022plus,90.36799
DEU,Germany,2019,2019-10,2019-10-31,1.396,EUR/litre,European Commission Weekly Oil Bulletin,observed_retail_gasoline,observed_retail,True,"Observed Euro-super 95 retail price, monthly average of official weekly data.",,,0.0,,CHN=regulated domestic product-price mechanism/proxy scenario; controls=observed retail-price pass-through.,-0.0075644405516002156,54.00134183320994,-0.05506229367604609,0.8,100.03221649,-4.348511195462823,,-4.348511195462823,-0.5756594546753463,0.0,ARX_one_step_residual_lagged_information,,,,-0.4753168273233417,EIA_STEO_July_2026_ex_post_2022plus,97.83673
DEU,Germany,2019,2019-11,2019-11-30,1.39675,EUR/litre,European Commission Weekly Oil Bulletin,observed_retail_gasoline,observed_retail,True,"Observed Euro-super 95 retail price, monthly average of official weekly data.",,,0.0,,CHN=regulated domestic product-price mechanism/proxy scenario; controls=observed retail-price pass-through.,0.0005371050169404312,57.20328355294912,0.05760240649130255,1.2,100.32216495,-2.1916074845590217,,-2.1916074845590217,0.325523975981759,0.0,ARX_one_step_residual_lagged_information,,,,0.5210974588565558,EIA_STEO_July_2026_ex_post_2022plus,73.078384
DEU,Germany,2019,2019-12,2019-12-31,1.3863333333333332,EUR/litre,European Commission Weekly Oil Bulletin,observed_retail_gasoline,observed_retail,True,"Observed Euro-super 95 retail price, monthly average of official weekly data.",,,0.0,,CHN=regulated domestic product-price mechanism/proxy scenario; controls=observed retail-price pass-through.,-0.007485737264456227,60.48251512088544,0.05574301549008176,1.6,98.00257732,-5.655555840577531,,-5.655555840577531,0.4989297512798961,0.0,ARX_one_step_residual_lagged_information,,,,0.5626427037356834,EIA_STEO_July_2026_ex_post_2022plus,74.27989
DEU,Germany,2020,2020-01,2020-01-31,1.40325,EUR/litre,European Commission Weekly Oil Bulletin,observed_retail_gasoline,observed_retail,True,"Observed Euro-super 95 retail price, monthly average of official weekly data.",,,0.0,,CHN=regulated domestic product-price mechanism/proxy scenario; controls=observed retail-price pass-through.,0.012128602747506878,57.35173762512795,-0.05315117527640645,1.7,100.99871134,-2.3641763024190965,,-2.3641763024190965,-0.6705064432322924,0.0,ARX_one_step_residual_lagged_information,,,,-0.5101846776295887,EIA_STEO_July_2026_ex_post_2022plus,138.42094
DEU,Germany,2020,2020-02,2020-02-29,1.402,EUR/litre,European Commission Weekly Oil Bulletin,observed_retail_gasoline,observed_retail,True,"Observed Euro-super 95 retail price, monthly average of official weekly data.",,,0.0,,CHN=regulated domestic product-price mechanism/proxy scenario; controls=observed retail-price pass-through.,-0.000891186227773455,51.01396037052977,-0.11710381370183764,1.7,101.57860824,-1.229329903555687,,-1.229329903555687,-1.4886935956750118,0.0,ARX_one_step_residual_lagged_information,,,,-1.2453944208448664,EIA_STEO_July_2026_ex_post_2022plus,75.95556
DEU,Germany,2020,2020-03,2020-03-31,1.3088000000000002,EUR/litre,European Commission Weekly Oil Bulletin,observed_retail_gasoline,observed_retail,True,"Observed Euro-super 95 retail price, monthly average of official weekly data.",,,0.0,,CHN=regulated domestic product-price mechanism/proxy scenario; controls=observed retail-price pass-through.,-0.06878910174605257,28.99031079985964,-0.5651376642123283,1.3,91.2371134,-12.994977437833377,,-12.994977437833377,-5.233802918763738,0.0,ARX_one_step_residual_lagged_information,,,,-5.119287024916463,EIA_STEO_July_2026_ex_post_2022plus,81.54003
DEU,Germany,2020,2020-04,2020-04-30,1.1986666666666668,EUR/litre,European Commission Weekly Oil Bulletin,observed_retail_gasoline,observed_retail,True,"Observed Euro-super 95 retail price, monthly average of official weekly data.",,,0.0,,CHN=regulated domestic product-price mechanism/proxy scenario; controls=observed retail-price pass-through.,-0.08790085892508148,16.906206447859322,-0.5392808638631168,0.8,71.71391752,-35.66749439387324,,-35.66749439387324,-5.199309945631854,0.0,ARX_one_step_residual_lagged_information,,,,-5.135860269259506,EIA_STEO_July_2026_ex_post_2022plus,69.3394
DEU,Germany,2020,2020-05,2020-05-31,1.19375,EUR/litre,European Commission Weekly Oil Bulletin,observed_retail_gasoline,observed_retail,True,"Observed Euro-super 95 retail price, monthly average of official weekly data.",,,0.0,,CHN=regulated domestic product-price mechanism/proxy scenario; controls=observed retail-price pass-through.,-0.0041102151284611865,26.936821159182784,0.46581336701285325,0.5,79.73582474,-25.44072835331983,,-25.44072835331983,3.9668162669824367,0.0,ARX_one_step_residual_lagged_information,,,,4.331729751051854,EIA_STEO_July_2026_ex_post_2022plus,68.50722
DEU,Germany,2020,2020-06,2020-06-30,1.265,EUR/litre,European Commission Weekly Oil Bulletin,observed_retail_gasoline,observed_retail,True,"Observed Euro-super 95 retail price, monthly average of official weekly data.",,,0.0,,CHN=regulated domestic product-price mechanism/proxy scenario; controls=observed retail-price pass-through.,0.05797250936668044,35.76516997909313,0.28348034725563087,0.8,89.01417525000001,-13.203733463543266,,-13.203733463543266,2.436789638774949,0.0,ARX_one_step_residual_lagged_information,,,,2.909312404330328,EIA_STEO_July_2026_ex_post_2022plus,71.22786
DEU,Germany,2020,2020-07,2020-07-31,1.29475,EUR/litre,European Commission Weekly Oil Bulletin,observed_retail_gasoline,observed_retail,True,"Observed Euro-super 95 retail price, monthly average of official weekly data.",,,0.0,,CHN=regulated domestic product-price mechanism/proxy scenario; controls=observed retail-price pass-through.,0.023245504142380358,37.65021082132132,0.05136403951923629,0.0,90.94716495,-10.674107127528565,,-10.674107127528565,0.01030566042997,0.0,ARX_one_step_residual_lagged_information,,,,0.6537384842262939,EIA_STEO_July_2026_ex_post_2022plus,66.47328
DEU,Germany,2020,2020-08,2020-08-31,1.2878,EUR/litre,European Commission Weekly Oil Bulletin,observed_retail_gasoline,observed_retail,True,"Observed Euro-super 95 retail price, monthly average of official weekly data.",,,0.0,,CHN=regulated domestic product-price mechanism/proxy scenario; controls=observed retail-price pass-through.,-0.005382290199917705,37.81297189252873,0.004313661781488953,-0.1,90.85051546,-11.161749558294876,,-11.161749558294876,-0.0329631673480962,0.0,ARX_one_step_residual_lagged_information,,,,0.3086337464573048,EIA_STEO_July_2026_ex_post_2022plus,65.46605
DEU,Germany,2020,2020-09,2020-09-30,1.2865,EUR/litre,European Commission Weekly Oil Bulletin,observed_retail_gasoline,observed_retail,True,"Observed Euro-super 95 retail price, monthly average of official weekly data.",,,0.0,,CHN=regulated domestic product-price mechanism/proxy scenario; controls=observed retail-price pass-through.,-0.001009983382284363,34.71477453319452,-0.0854868401263702,-0.4,93.17010309,-7.684577401380555,,-7.684577401380555,-1.337846087993822,0.0,ARX_one_step_residual_lagged_information,,,,-0.8320689060780462,EIA_STEO_July_2026_ex_post_2022plus,80.37738
DEU,Germany,2020,2020-10,2020-10-31,1.28225,EUR/litre,European Commission Weekly Oil Bulletin,observed_retail_gasoline,observed_retail,True,"Observed Euro-super 95 retail price, monthly average of official weekly data.",,,0.0,,CHN=regulated domestic product-price mechanism/proxy scenario; controls=observed retail-price pass-through.,-0.0033090054524210766,34.15295152114984,-0.01631636496218425,-0.4,96.74613402,-3.340192634220429,,-3.340192634220429,-0.5674547419519714,0.0,ARX_one_step_residual_lagged_information,,,,-0.1695395031828312,EIA_STEO_July_2026_ex_post_2022plus,76.08317
DEU,Germany,2020,2020-11,2020-11-30,1.2542,EUR/litre,European Commission Weekly Oil Bulletin,observed_retail_gasoline,observed_retail,True,"Observed Euro-super 95 retail price, monthly average of official weekly data.",,,0.0,,CHN=regulated domestic product-price mechanism/proxy scenario; controls=observed retail-price pass-through.,-0.02211842816045731,36.100885624820606,0.055468387154378185,-0.7,97.90592783,-2.4379559544160934,,-2.4379559544160934,0.159158192905724,0.0,ARX_one_step_residual_lagged_information,,,,0.5531928001953953,EIA_STEO_July_2026_ex_post_2022plus,70.06747
DEU,Germany,2020,2020-12,2020-12-31,1.268333333333333,EUR/litre,European Commission Weekly Oil Bulletin,observed_retail_gasoline,observed_retail,True,"Observed Euro-super 95 retail price, monthly average of official weekly data.",,,0.0,,CHN=regulated domestic product-price mechanism/proxy scenario; controls=observed retail-price pass-through.,0.011205783518755896,41.08726943837388,0.12938092991459005,-0.6,97.80927835,-0.19743343131954916,,-0.19743343131954916,0.9731595394932884,0.0,ARX_one_step_residual_lagged_information,,,,1.4542880617593923,EIA_STEO_July_2026_ex_post_2022plus,64.06729
DEU,Germany,2021,2021-01,2021-01-31,1.402,EUR/litre,European Commission Weekly Oil Bulletin,observed_retail_gasoline,observed_retail,True,"Observed Euro-super 95 retail price, monthly average of official weekly data.",,,0.0,,CHN=regulated domestic product-price mechanism/proxy scenario; controls=observed retail-price pass-through.,0.100196085966859,44.98023070940269,0.09052474817724088,1.6,98.0992268041234,-2.912827292098541,,-2.912827292098541,0.3836631169226632,0.0,ARX_one_step_residual_lagged_information,,,,0.8389414996582737,EIA_STEO_July_2026_ex_post_2022plus,77.4187
DEU,Germany,2021,2021-02,2021-02-28,1.4315,EUR/litre,European Commission Weekly Oil Bulletin,observed_retail_gasoline,observed_retail,True,"Observed Euro-super 95 retail price, monthly average of official weekly data.",,,0.0,,CHN=regulated domestic product-price mechanism/proxy scenario; controls=observed retail-price pass-through.,0.0208230569436344,51.49516905924969,0.13526492292173797,1.6,96.16623711,-5.475463368066169,,-5.475463368066169,1.0471454699695986,0.0,ARX_one_step_residual_lagged_information,,,,1.1814795261633393,EIA_STEO_July_2026_ex_post_2022plus,73.9568
DEU,Germany,2021,2021-03,2021-03-31,1.5074,EUR/litre,European Commission Weekly Oil Bulletin,observed_retail_gasoline,observed_retail,True,"Observed Euro-super 95 retail price, monthly average of official weekly data.",,,0.0,,CHN=regulated domestic product-price mechanism/proxy scenario; controls=observed retail-price pass-through.,0.051663466871199826,54.962697460117845,0.06516672853896521,2.0,97.51932989,6.658885415987736,,6.658885415987736,0.5541671762649659,0.0,ARX_one_step_residual_lagged_information,,,,0.4485084381959874,EIA_STEO_July_2026_ex_post_2022plus,78.61877
DEU,Germany,2021,2021-04,2021-04-30,1.5216666666666665,EUR/litre,European Commission Weekly Oil Bulletin,observed_retail_gasoline,observed_retail,True,"Observed Euro-super 95 retail price, monthly average of official weekly data.",,,0.0,,CHN=regulated domestic product-price mechanism/proxy scenario; controls=observed retail-price pass-through.,0.009419912951589504,54.16553056734636,-0.014609988393534223,2.0,97.61597938,30.83563667336424,,30.83563667336424,0.1862069716688893,0.0,ARX_one_step_residual_lagged_information,,,,-0.0910692194610425,EIA_STEO_July_2026_ex_post_2022plus,88.16622
DEU,Germany,2021,2021-05,2021-05-31,1.5406,EUR/litre,European Commission Weekly Oil Bulletin,observed_retail_gasoline,observed_retail,True,"Observed Euro-super 95 retail price, monthly average of official weekly data.",,,0.0,,CHN=regulated domestic product-price mechanism/proxy scenario; controls=observed retail-price pass-through.,0.012365725557906326,56.425907446697146,0.04088366618559913,2.4,96.45618556701,19.036989000522464,,19.036989000522464,0.4497531915213519,0.0,ARX_one_step_residual_lagged_information,,,,0.5117128393307618,EIA_STEO_July_2026_ex_post_2022plus,93.00713
DEU,Germany,2021,2021-06,2021-06-30,1.564,EUR/litre,European Commission Weekly Oil Bulletin,observed_retail_gasoline,observed_retail,True,"Observed Euro-super 95 retail price, monthly average of official weekly data.",,,0.0,,CHN=regulated domestic product-price mechanism/proxy scenario; controls=observed retail-price pass-through.,0.015074691186391043,60.73294818034544,0.07355794950489969,2.0,95.10309278350488,6.616586088380583,,6.616586088380583,0.4549932173511998,0.0,ARX_one_step_residual_lagged_information,,,,0.5990337861743334,EIA_STEO_July_2026_ex_post_2022plus,74.12712
DEU,Germany,2021,2021-07,2021-07-31,1.60625,EUR/litre,European Commission Weekly Oil Bulletin,observed_retail_gasoline,observed_retail,True,"Observed Euro-super 95 retail price, monthly average of official weekly data.",,,0.0,,CHN=regulated domestic product-price mechanism/proxy scenario; controls=observed retail-price pass-through.,0.026655627538273496,63.585176108601566,0.04589400869434179,3.1,96.8427835,6.281014198920065,,6.281014198920065,0.3769608296477943,0.0,ARX_one_step_residual_lagged_information,,,,0.2441988040870252,EIA_STEO_July_2026_ex_post_2022plus,58.42077
DEU,Germany,2021,2021-08,2021-08-31,1.6172,EUR/litre,European Commission Weekly Oil Bulletin,observed_retail_gasoline,observed_retail,True,"Observed Euro-super 95 retail price, monthly average of official weekly data.",,,0.0,,CHN=regulated domestic product-price mechanism/proxy scenario; controls=observed retail-price pass-through.,0.006793989123085875,60.124726314345025,-0.055959186654065185,3.4,92.0103092783502,1.2685159570432702,,1.2685159570432702,-0.2830597305679688,0.0,ARX_one_step_residual_lagged_information,,,,-0.5655219548259344,EIA_STEO_July_2026_ex_post_2022plus,89.48655
DEU,Germany,2021,2021-09,2021-09-30,1.6305,EUR/litre,European Commission Weekly Oil Bulletin,observed_retail_gasoline,observed_retail,True,"Observed Euro-super 95 retail price, monthly average of official weekly data.",,,0.0,,CHN=regulated domestic product-price mechanism/proxy scenario; controls=observed retail-price pass-through.,0.008190457462758038,63.31716312411374,0.05173525532876688,4.0,92.59020618,-0.6243516669934834,,-0.6243516669934834,0.5185963091691657,0.0,ARX_one_step_residual_lagged_information,,,,0.4710994601392794,EIA_STEO_July_2026_ex_post_2022plus,80.69697
DEU,Germany,2021,2021-10,2021-10-31,1.7085,EUR/litre,European Commission Weekly Oil Bulletin,observed_retail_gasoline,observed_retail,True,"Observed Euro-super 95 retail price, monthly average of official weekly data.",,,0.0,,CHN=regulated domestic product-price mechanism/proxy scenario; controls=observed retail-price pass-through.,0.046729076325972674,72.01722437933769,0.12874888609655688,4.6,95.87628865979347,-0.9031672023957604,,-0.9031672023957604,1.1039672592649925,0.0,ARX_one_step_residual_lagged_information,,,,1.054700192682048,EIA_STEO_July_2026_ex_post_2022plus,79.029236
DEU,Germany,2021,2021-11,2021-11-30,1.7418,EUR/litre,European Commission Weekly Oil Bulletin,observed_retail_gasoline,observed_retail,True,"Observed Euro-super 95 retail price, monthly average of official weekly data.",,,0.0,,CHN=regulated domestic product-price mechanism/proxy scenario; controls=observed retail-price pass-through.,0.019303268703292686,71.00757033623715,-0.014118822085146476,6.0,96.2628865979378,-1.6924246612492588,,-1.6924246612492588,-0.0706849995392918,0.0,ARX_one_step_residual_lagged_information,,,,-0.2849249323065002,EIA_STEO_July_2026_ex_post_2022plus,86.569145
DEU,Germany,2021,2021-12,2021-12-31,1.6643333333333334,EUR/litre,European Commission Weekly Oil Bulletin,observed_retail_gasoline,observed_retail,True,"Observed Euro-super 95 retail price, monthly average of official weekly data.",,,0.0,,CHN=regulated domestic product-price mechanism/proxy scenario; controls=observed retail-price pass-through.,-0.04549441842613955,65.63319969594447,-0.0787048349571835,5.7,97.615979381443,-0.19782400068386607,,-0.19782400068386607,-0.6113686709374714,0.0,ARX_one_step_residual_lagged_information,,,,-0.8254577822011292,EIA_STEO_July_2026_ex_post_2022plus,105.34542
DEU,Germany,2022,2022-01,2022-01-31,1.7373999999999998,EUR/litre,European Commission Weekly Oil Bulletin,observed_retail_gasoline,observed_retail,True,"Observed Euro-super 95 retail price, monthly average of official weekly data.",,,0.0,,CHN=regulated domestic product-price mechanism/proxy scenario; controls=observed retail-price pass-through.,0.04296509999332043,76.4436317859141,0.15247196897890536,5.1,97.3260309278348,-0.7912998757324985,,-0.7912998757324985,1.5810680213281163,0.0,ARX_one_step_residual_lagged_information,,,,1.416968417780749,EIA_STEO_July_2026_ex_post_2022plus,138.67499
DEU,Germany,2022,2022-02,2022-02-28,1.818,EUR/litre,European Commission Weekly Oil Bulletin,observed_retail_gasoline,observed_retail,True,"Observed Euro-super 95 retail price, monthly average of official weekly data.",,,0.0,,CHN=regulated domestic product-price mechanism/proxy scenario; controls=observed retail-price pass-through.,0.04534725291160413,85.5882376507387,0.11299423325068148,5.4,97.71262886,1.5952481836062127,,1.5952481836062127,1.0703315474347286,0.0,ARX_one_step_residual_lagged_information,,,,1.065599386143739,EIA_STEO_July_2026_ex_post_2022plus,216.15901
DEU,Germany,2022,2022-03,2022-03-31,2.149,EUR/litre,European Commission Weekly Oil Bulletin,observed_retail_gasoline,observed_retail,True,"Observed Euro-super 95 retail price, monthly average of official weekly data.",,,0.0,,CHN=regulated domestic product-price mechanism/proxy scenario; controls=observed retail-price pass-through.,0.1672656219050862,106.41239381648685,0.21777419027777611,7.6,92.5902061855667,-5.186724231192219,,-5.186724231192219,1.922395201592899,0.0,ARX_one_step_residual_lagged_information,-1.0065993210972508,0.0181492869995741,1.5770688740536394,1.7349150673297866,EIA_STEO_July_2026_ex_post_2022plus,318.95493
DEU,Germany,2022,2022-04,2022-04-30,2.037,EUR/litre,European Commission Weekly Oil Bulletin,observed_retail_gasoline,observed_retail,True,"Observed Euro-super 95 retail price, monthly average of official weekly data.",,,0.0,,CHN=regulated domestic product-price mechanism/proxy scenario; controls=observed retail-price pass-through.,-0.05352448041570468,96.81878536452216,-0.09448101422386568,7.9,94.5231958762884,-3.219593978570501,,-3.219593978570501,-0.6789392095214486,0.0,ARX_one_step_residual_lagged_information,-0.1461343783478032,-1.6477127361273944,-2.144783681849617,-1.0627055388305418,EIA_STEO_July_2026_ex_post_2022plus,191.1431
DEU,Germany,2022,2022-05,2022-05-31,2.126,EUR/litre,European Commission Weekly Oil Bulletin,observed_retail_gasoline,observed_retail,True,"Observed Euro-super 95 retail price, monthly average of official weekly data.",,,0.0,,CHN=regulated domestic product-price mechanism/proxy scenario; controls=observed retail-price pass-through.,0.042764142675087435,107.2643820808815,0.10245560833625245,8.6,95.296391752577,-1.2096921708828923,,-1.2096921708828923,1.1039174182479583,0.0,ARX_one_step_residual_lagged_information,0.2782729613369721,0.1705525783912704,0.9676004022294366,0.7385727675198195,EIA_STEO_July_2026_ex_post_2022plus,142.25848
DEU,Germany,2022,2022-06,2022-06-30,1.97725,EUR/litre,European Commission Weekly Oil Bulletin,observed_retail_gasoline,observed_retail,True,"Observed Euro-super 95 retail price, monthly average of official weekly data.",,,0.0,,CHN=regulated domestic product-price mechanism/proxy scenario; controls=observed retail-price pass-through.,-0.07253528950236654,116.13631734896336,0.07946800324468128,8.3,96.2628865979378,1.2121360532344028,,1.2121360532344028,1.4204844064848343,0.0,ARX_one_step_residual_lagged_information,-0.8531357311139594,1.7693744958686008,1.301702671732937,0.7292934422446856,EIA_STEO_July_2026_ex_post_2022plus,130.70732
DEU,Germany,2022,2022-07,2022-07-31,1.86625,EUR/litre,European Commission Weekly Oil Bulletin,observed_retail_gasoline,observed_retail,True,"Observed Euro-super 95 retail price, monthly average of official weekly data.",,,0.0,,CHN=regulated domestic product-price mechanism/proxy scenario; controls=observed retail-price pass-through.,-0.05777592054612646,110.08091948603908,-0.05354892367931274,8.4,96.2628865979378,-0.6006024006988575,,-0.6006024006988575,-0.4806703313575357,0.0,ARX_one_step_residual_lagged_information,-1.1071407029483085,-0.3915175098824278,-1.1564901391733493,-0.8559327971030861,EIA_STEO_July_2026_ex_post_2022plus,117.176765
DEU,Germany,2022,2022-08,2022-08-31,1.7937999999999998,EUR/litre,European Commission Weekly Oil Bulletin,observed_retail_gasoline,observed_retail,True,"Observed Euro-super 95 retail price, monthly average of official weekly data.",,,0.0,,CHN=regulated domestic product-price mechanism/proxy scenario; controls=observed retail-price pass-through.,-0.0395947951694976,99.18328840960662,-0.10424619055290929,8.8,95.296391752577,3.509131981127034,,3.509131981127034,-0.326717240364054,0.0,ARX_one_step_residual_lagged_information,-0.292921464944351,-0.8158523115998736,-1.077247986154523,-1.0058533166977166,EIA_STEO_July_2026_ex_post_2022plus,132.86322
DEU,Germany,2022,2022-09,2022-09-30,2.00525,EUR/litre,European Commission Weekly Oil Bulletin,observed_retail_gasoline,observed_retail,True,"Observed Euro-super 95 retail price, monthly average of official weekly data.",,,0.0,,CHN=regulated domestic product-price mechanism/proxy scenario; controls=observed retail-price pass-through.,0.11143246656313144,90.70144185261816,-0.08939628254990062,11.0,97.22938144,4.888957271501937,,4.888957271501937,-0.9341469186120064,0.0,ARX_one_step_residual_lagged_information,0.0002699968113363,0.2110253233709895,-1.4383260217963714,-1.0448689963496265,EIA_STEO_July_2026_ex_post_2022plus,131.98587
DEU,Germany,2022,2022-10,2022-10-31,1.973,EUR/litre,European Commission Weekly Oil Bulletin,observed_retail_gasoline,observed_retail,True,"Observed Euro-super 95 retail price, monthly average of official weekly data.",,,0.0,,CHN=regulated domestic product-price mechanism/proxy scenario; controls=observed retail-price pass-through.,-0.016213514224418635,94.73294957174477,0.04348862208337945,11.6,95.9729381443296,0.10075567603005098,,0.10075567603005098,0.9824903126999572,0.0,ARX_one_step_residual_lagged_information,0.1220815835578238,-2.349045123913712,0.5797360556193126,0.3549288380414978,EIA_STEO_July_2026_ex_post_2022plus,143.16241
DEU,Germany,2022,2022-11,2022-11-30,1.8925,EUR/litre,European Commission Weekly Oil Bulletin,observed_retail_gasoline,observed_retail,True,"Observed Euro-super 95 retail price, monthly average of official weekly data.",,,0.0,,CHN=regulated domestic product-price mechanism/proxy scenario; controls=observed retail-price pass-through.,-0.04165652071101145,89.73186010345955,-0.054235984918542535,11.3,96.55283505,0.3007521047942774,,0.3007521047942774,0.2475833527162003,0.0,ARX_one_step_residual_lagged_information,-0.1065800475073294,0.1156073078361167,-0.0009838159336983,-0.197192597872037,EIA_STEO_July_2026_ex_post_2022plus,116.716286
DEU,Germany,2022,2022-12,2022-12-31,1.749,EUR/litre,European Commission Weekly Oil Bulletin,observed_retail_gasoline,observed_retail,True,"Observed Euro-super 95 retail price, monthly average of official weekly data.",,,0.0,,CHN=regulated domestic product-price mechanism/proxy scenario; controls=observed retail-price pass-through.,-0.07885451029300183,76.41324244818966,-0.16066987947516864,9.6,94.52319587,-3.2195939867015078,,-3.2195939867015078,-1.3933163065402654,0.0,ARX_one_step_residual_lagged_information,0.6273075468526614,1.3108545958145574,-1.9081433053142292,-1.1324502352122976,EIA_STEO_July_2026_ex_post_2022plus,111.19594
DEU,Germany,2023,2023-01,2023-01-31,1.7968,EUR/litre,European Commission Weekly Oil Bulletin,observed_retail_gasoline,observed_retail,True,"Observed Euro-super 95 retail price, monthly average of official weekly data.",,,0.0,,CHN=regulated domestic product-price mechanism/proxy scenario; controls=observed retail-price pass-through.,0.026963108965576632,76.5618457334449,0.0019428435540103095,9.2,95.6829896907213,-1.702594958992787,,-1.702594958992787,-0.1362017123909658,0.0,ARX_one_step_residual_lagged_information,0.1257062260210339,-2.376852943604539,0.3712807158762576,0.1731194061007357,EIA_STEO_July_2026_ex_post_2022plus,104.267044
DEU,Germany,2023,2023-02,2023-02-28,1.81675,EUR/litre,European Commission Weekly Oil Bulletin,observed_retail_gasoline,observed_retail,True,"Observed Euro-super 95 retail price, monthly average of official weekly data.",,,0.0,,CHN=regulated domestic product-price mechanism/proxy scenario; controls=observed retail-price pass-through.,0.011041885512566574,77.17240887576307,0.007943139986326564,9.3,98.0992268,0.39486724745732005,,0.39486724745732005,-0.2064568592249621,0.0,ARX_one_step_residual_lagged_information,-0.3410759897279797,1.261675081781293,0.7094859485014099,0.0039916586781382,EIA_STEO_July_2026_ex_post_2022plus,120.99438
DEU,Germany,2023,2023-03,2023-03-31,1.822,EUR/litre,European Commission Weekly Oil Bulletin,observed_retail_gasoline,observed_retail,True,"Observed Euro-super 95 retail price, monthly average of official weekly data.",,,0.0,,CHN=regulated domestic product-price mechanism/proxy scenario; controls=observed retail-price pass-through.,0.0028856083231583174,73.23313951047788,-0.05239395109555822,7.7,95.7796391752574,3.386675635912706,,3.386675635912706,-0.2346375777480235,0.0,ARX_one_step_residual_lagged_information,-0.5978459691440822,0.866013951758538,-0.0251238238492574,-0.4821307967247998,EIA_STEO_July_2026_ex_post_2022plus,105.379974
DEU,Germany,2023,2023-04,2023-04-30,1.861,EUR/litre,European Commission Weekly Oil Bulletin,observed_retail_gasoline,observed_retail,True,"Observed Euro-super 95 retail price, monthly average of official weekly data.",,,0.0,,CHN=regulated domestic product-price mechanism/proxy scenario; controls=observed retail-price pass-through.,0.0211791788223471,77.21266367927558,0.052915436803451676,7.5,94.90979381443267,0.4081638319648029,,0.4081638319648029,0.9255214358403244,0.0,ARX_one_step_residual_lagged_information,0.73745645972952,-0.5069858441380255,0.9591043655415706,0.6984580366746174,EIA_STEO_July_2026_ex_post_2022plus,106.809654
DEU,Germany,2023,2023-05,2023-05-31,1.8462,EUR/litre,European Commission Weekly Oil Bulletin,observed_retail_gasoline,observed_retail,True,"Observed Euro-super 95 retail price, monthly average of official weekly data.",,,0.0,,CHN=regulated domestic product-price mechanism/proxy scenario; controls=observed retail-price pass-through.,-0.007984505086199523,69.45245242212528,-0.10592110024386425,6.3,95.7796391752574,0.5058179727352119,,0.5058179727352119,-1.147490113914091,0.0,ARX_one_step_residual_lagged_information,-0.3295831531959921,0.2245607169064824,-1.3532619292581174,-1.0658903841627825,EIA_STEO_July_2026_ex_post_2022plus,108.46768
DEU,Germany,2023,2023-06,2023-06-30,1.8525,EUR/litre,European Commission Weekly Oil Bulletin,observed_retail_gasoline,observed_retail,True,"Observed Euro-super 95 retail price, monthly average of official weekly data.",,,0.0,,CHN=regulated domestic product-price mechanism/proxy scenario; controls=observed retail-price pass-through.,0.0034066056141908163,69.0428982361901,-0.0059143556491187965,6.7,94.13659794,-2.233595392234733,,-2.233595392234733,0.0600737387890764,0.0,ARX_one_step_residual_lagged_information,-0.1612810686029946,2.025246693694372,0.3859428456194001,-0.0824950425078528,EIA_STEO_July_2026_ex_post_2022plus,110.528946
DEU,Germany,2023,2023-07,2023-07-31,1.8684,EUR/litre,European Commission Weekly Oil Bulletin,observed_retail_gasoline,observed_retail,True,"Observed Euro-super 95 retail price, monthly average of official weekly data.",,,0.0,,CHN=regulated domestic product-price mechanism/proxy scenario; controls=observed retail-price pass-through.,0.008546371457710977,72.39283410020285,0.04737929299521948,6.5,93.2667525773193,-3.161915624561207,,-3.161915624561207,0.6620500987538598,0.0,ARX_one_step_residual_lagged_information,0.2407922554032768,-0.2884870142408646,0.9265930743431204,0.6236721502550346,EIA_STEO_July_2026_ex_post_2022plus,107.448784
DEU,Germany,2023,2023-08,2023-08-31,1.9155,EUR/litre,European Commission Weekly Oil Bulletin,observed_retail_gasoline,observed_retail,True,"Observed Euro-super 95 retail price, monthly average of official weekly data.",,,0.0,,CHN=regulated domestic product-price mechanism/proxy scenario; controls=observed retail-price pass-through.,0.024896235512750664,78.96505759601008,0.08689812773168004,6.4,93.2667525773193,-2.1528253263649155,,-2.1528253263649155,0.5974681965228895,0.0,ARX_one_step_residual_lagged_information,-0.1253284831553398,-0.5749444993505445,1.3085877528860088,0.6666653733488299,EIA_STEO_July_2026_ex_post_2022plus,101.14118
DEU,Germany,2023,2023-09,2023-09-30,1.9405,EUR/litre,European Commission Weekly Oil Bulletin,observed_retail_gasoline,observed_retail,True,"Observed Euro-super 95 retail price, monthly average of official weekly data.",,,0.0,,CHN=regulated domestic product-price mechanism/proxy scenario; controls=observed retail-price pass-through.,0.012966986668257241,87.82655047177246,0.10635840639275163,4.3,92.30025773,-5.2026010166246195,,-5.2026010166246195,1.1863314246320713,0.0,ARX_one_step_residual_lagged_information,-0.9313361053345596,-0.3883915338688654,1.7988485894835846,0.7737924217185663,EIA_STEO_July_2026_ex_post_2022plus,98.63481
DEU,Germany,2023,2023-10,2023-10-31,1.8756,EUR/litre,European Commission Weekly Oil Bulletin,observed_retail_gasoline,observed_retail,True,"Observed Euro-super 95 retail price, monthly average of official weekly data.",,,0.0,,CHN=regulated domestic product-price mechanism/proxy scenario; controls=observed retail-price pass-through.,-0.03401706359352974,85.75617871833008,-0.02385571362660066,2.9,92.10695876288632,-4.11157603909702,,-4.11157603909702,0.0954693816472539,0.0,ARX_one_step_residual_lagged_information,-0.5450745786020462,-0.9512388700907632,-0.2268851255126473,-0.3190547350622526,EIA_STEO_July_2026_ex_post_2022plus,197.88701
DEU,Germany,2023,2023-11,2023-11-30,1.82975,EUR/litre,European Commission Weekly Oil Bulletin,observed_retail_gasoline,observed_retail,True,"Observed Euro-super 95 retail price, monthly average of official weekly data.",,,0.0,,CHN=regulated domestic product-price mechanism/proxy scenario; controls=observed retail-price pass-through.,-0.024749262734094613,76.66971822467737,-0.11200131608092345,2.3,91.8170103092781,-5.029279403795428,,-5.029279403795428,-0.4738513627810214,0.0,ARX_one_step_residual_lagged_information,-0.0010804313463027,0.7161848335558986,-0.8649564873363561,-0.8216812308212115,EIA_STEO_July_2026_ex_post_2022plus,156.69614
DEU,Germany,2023,2023-12,2023-12-31,1.77925,EUR/litre,European Commission Weekly Oil Bulletin,observed_retail_gasoline,observed_retail,True,"Observed Euro-super 95 retail price, monthly average of official weekly data.",,,0.0,,CHN=regulated domestic product-price mechanism/proxy scenario; controls=observed retail-price pass-through.,-0.027987418301956057,71.16785351043693,-0.07446560157039084,3.7,90.36726804,-4.496314069328999,,-4.496314069328999,-0.8493628951263789,0.0,ARX_one_step_residual_lagged_information,0.2473668489230205,0.5002792624080379,-0.7547883177021754,-0.6169674999765228,EIA_STEO_July_2026_ex_post_2022plus,142.27946
DEU,Germany,2024,2024-01,2024-01-31,1.7937999999999998,EUR/litre,European Commission Weekly Oil Bulletin,observed_retail_gasoline,observed_retail,True,"Observed Euro-super 95 retail price, monthly average of official weekly data.",,,0.0,,CHN=regulated domestic product-price mechanism/proxy scenario; controls=observed retail-price pass-through.,0.008144347504522087,73.51730023948647,0.03247953510670065,3.0,90.8505154639172,-5.182506786458507,,-5.182506786458507,0.1289068697168128,0.0,ARX_one_step_residual_lagged_information,1.6419523155192652,-1.676517032990502,-0.2153688039706747,0.2868767271983697,EIA_STEO_July_2026_ex_post_2022plus,160.37366
DEU,Germany,2024,2024-02,2024-02-29,1.81875,EUR/litre,European Commission Weekly Oil Bulletin,observed_retail_gasoline,observed_retail,True,"Observed Euro-super 95 retail price, monthly average of official weekly data.",,,0.0,,CHN=regulated domestic product-price mechanism/proxy scenario; controls=observed retail-price pass-through.,0.013813177235900143,77.34583672807462,0.05076599582779906,2.7,91.91365979381408,-6.512982888846519,,-6.512982888846519,0.4772604335319077,0.0,ARX_one_step_residual_lagged_information,-0.3506955281109208,0.8216269591485711,0.8415975139787104,0.3737731033970987,EIA_STEO_July_2026_ex_post_2022plus,146.59818
DEU,Germany,2024,2024-03,2024-03-31,1.83975,EUR/litre,European Commission Weekly Oil Bulletin,observed_retail_gasoline,observed_retail,True,"Observed Euro-super 95 retail price, monthly average of official weekly data.",,,0.0,,CHN=regulated domestic product-price mechanism/proxy scenario; controls=observed retail-price pass-through.,0.01148024088690569,78.57272284628296,0.01573784986693383,2.4,90.8505154639172,-5.283465906593765,,-5.283465906593765,0.4585742395844509,0.0,ARX_one_step_residual_lagged_information,-0.9394214653003268,-0.218782261100837,0.7415869791796121,0.2059987010644816,EIA_STEO_July_2026_ex_post_2022plus,133.21317
DEU,Germany,2024,2024-04,2024-04-30,1.9074,EUR/litre,European Commission Weekly Oil Bulletin,observed_retail_gasoline,observed_retail,True,"Observed Euro-super 95 retail price, monthly average of official weekly data.",,,0.0,,CHN=regulated domestic product-price mechanism/proxy scenario; controls=observed retail-price pass-through.,0.03611136533810355,83.8710975877504,0.0652564660602808,2.4,91.14046391752552,-4.052502572100813,,-4.052502572100813,0.5833845726716669,0.0,ARX_one_step_residual_lagged_information,0.0524693730823447,0.4241423653216205,0.1921506745659527,0.4724081417646454,EIA_STEO_July_2026_ex_post_2022plus,163.94734
DEU,Germany,2024,2024-05,2024-05-31,1.8655,EUR/litre,European Commission Weekly Oil Bulletin,observed_retail_gasoline,observed_retail,True,"Observed Euro-super 95 retail price, monthly average of official weekly data.",,,0.0,,CHN=regulated domestic product-price mechanism/proxy scenario; controls=observed retail-price pass-through.,-0.022211944483599422,75.62179345029281,-0.10353655289008046,2.8,88.1443298969069,-8.307454425565641,,-8.307454425565641,-0.5039500293191513,0.0,ARX_one_step_residual_lagged_information,-0.5104034817820186,0.5114751952490312,-1.5662552012988609,-0.8883495772932078,EIA_STEO_July_2026_ex_post_2022plus,130.52187
DEU,Germany,2024,2024-06,2024-06-30,1.82225,EUR/litre,European Commission Weekly Oil Bulletin,observed_retail_gasoline,observed_retail,True,"Observed Euro-super 95 retail price, monthly average of official weekly data.",,,0.0,,CHN=regulated domestic product-price mechanism/proxy scenario; controls=observed retail-price pass-through.,-0.023457112398890256,76.41689746659422,0.010459327951701347,2.6,90.6572164948451,-3.766135465602538,,-3.766135465602538,0.142921377583839,0.0,ARX_one_step_residual_lagged_information,0.135415096587442,0.8578224166918471,0.2823280479124487,0.0509880659209963,EIA_STEO_July_2026_ex_post_2022plus,113.0928
DEU,Germany,2024,2024-07,2024-07-31,1.8202,EUR/litre,European Commission Weekly Oil Bulletin,observed_retail_gasoline,observed_retail,True,"Observed Euro-super 95 retail price, monthly average of official weekly data.",,,0.0,,CHN=regulated domestic product-price mechanism/proxy scenario; controls=observed retail-price pass-through.,-0.001125616119066919,78.50849226080761,0.027002957856998577,2.6,88.3376288659791,-5.429752988483649,,-5.429752988483649,0.7229795488506434,0.0,ARX_one_step_residual_lagged_information,-0.0842321717449407,0.4767769704758104,0.9668853973155548,0.3157816699956526,EIA_STEO_July_2026_ex_post_2022plus,92.394875
DEU,Germany,2024,2024-08,2024-08-31,1.7755,EUR/litre,European Commission Weekly Oil Bulletin,observed_retail_gasoline,observed_retail,True,"Observed Euro-super 95 retail price, monthly average of official weekly data.",,,0.0,,CHN=regulated domestic product-price mechanism/proxy scenario; controls=observed retail-price pass-through.,-0.024864311760112723,72.92292082191923,-0.07380379643998314,2.1,90.3672680412368,-3.1581572050299656,,-3.1581572050299656,-0.4732701054299444,0.0,ARX_one_step_residual_lagged_information,-0.3119411058043767,-0.476089089860104,-0.6199701551552624,-0.5415501311640435,EIA_STEO_July_2026_ex_post_2022plus,140.97507
DEU,Germany,2024,2024-09,2024-09-30,1.7033999999999998,EUR/litre,European Commission Weekly Oil Bulletin,observed_retail_gasoline,observed_retail,True,"Observed Euro-super 95 retail price, monthly average of official weekly data.",,,0.0,,CHN=regulated domestic product-price mechanism/proxy scenario; controls=observed retail-price pass-through.,-0.0414558196761623,66.65747352288446,-0.08983583294899766,1.9,88.6275773195873,-4.060386820304718,,-4.060386820304718,-0.8658379762314432,0.0,ARX_one_step_residual_lagged_information,0.839714512263326,-0.1256878161011288,-0.9188666107554706,-0.7650552595784654,EIA_STEO_July_2026_ex_post_2022plus,130.35878
DEU,Germany,2024,2024-10,2024-10-31,1.72525,EUR/litre,European Commission Weekly Oil Bulletin,observed_retail_gasoline,observed_retail,True,"Observed Euro-super 95 retail price, monthly average of official weekly data.",,,0.0,,CHN=regulated domestic product-price mechanism/proxy scenario; controls=observed retail-price pass-through.,0.012745713793730795,69.42687361590521,0.04070684923976753,2.4,88.240979381443,-4.287902305923463,,-4.287902305923463,0.0709716755550606,0.0,ARX_one_step_residual_lagged_information,-0.1270129992521205,0.4412581297750677,1.037811954634858,0.194310982834898,EIA_STEO_July_2026_ex_post_2022plus,130.68921
DEU,Germany,2024,2024-11,2024-11-30,1.7095,EUR/litre,European Commission Weekly Oil Bulletin,observed_retail_gasoline,observed_retail,True,"Observed Euro-super 95 retail price, monthly average of official weekly data.",,,0.0,,CHN=regulated domestic product-price mechanism/proxy scenario; controls=observed retail-price pass-through.,-0.009171037421355166,70.00928563923075,0.008353864786598386,2.4,89.2074742268038,-2.8832750091734916,,-2.8832750091734916,0.0873022292495407,0.0,ARX_one_step_residual_lagged_information,0.0201306690610133,-0.0969751819774855,0.2436188663879124,-0.1640972985961657,EIA_STEO_July_2026_ex_post_2022plus,128.90164
DEU,Germany,2024,2024-12,2024-12-31,1.7216,EUR/litre,European Commission Weekly Oil Bulletin,observed_retail_gasoline,observed_retail,True,"Observed Euro-super 95 retail price, monthly average of official weekly data.",,,0.0,,CHN=regulated domestic product-price mechanism/proxy scenario; controls=observed retail-price pass-through.,0.007053160888109367,70.53109935567609,0.0074258529224779934,2.8,87.75773196,-2.930215065960695,,-2.930215065960695,0.3102076146861468,0.0,ARX_one_step_residual_lagged_information,0.2173397150450451,0.1222955247845891,0.0733883465028701,-0.0659741474766801,EIA_STEO_July_2026_ex_post_2022plus,142.36644
DEU,Germany,2025,2025-01,2025-01-31,1.787,EUR/litre,European Commission Weekly Oil Bulletin,observed_retail_gasoline,observed_retail,True,"Observed Euro-super 95 retail price, monthly average of official weekly data.",,,0.0,,CHN=regulated domestic product-price mechanism/proxy scenario; controls=observed retail-price pass-through.,0.03728414519196266,76.55103210881236,0.08190386665562066,2.8,89.69072164948419,-1.2848142477849933,,-1.2848142477849933,0.8123927123383431,0.0,ARX_one_step_residual_lagged_information,0.6359025273679658,-1.2138340022718264,1.02521220416324,0.6483051355409588,EIA_STEO_July_2026_ex_post_2022plus,113.233154
DEU,Germany,2025,2025-02,2025-02-28,1.802,EUR/litre,European Commission Weekly Oil Bulletin,observed_retail_gasoline,observed_retail,True,"Observed Euro-super 95 retail price, monthly average of official weekly data.",,,0.0,,CHN=regulated domestic product-price mechanism/proxy scenario; controls=observed retail-price pass-through.,0.008358923008855212,72.44882516283957,-0.055077152017580566,2.6,88.8208762886595,-3.4227940189702544,,-3.4227940189702544,-0.2548971192910224,0.0,ARX_one_step_residual_lagged_information,-0.2901040673386556,0.5347725017250081,-0.2545656191816152,-0.4635306987244063,EIA_STEO_July_2026_ex_post_2022plus,136.98059
DEU,Germany,2025,2025-03,2025-03-31,1.7533999999999998,EUR/litre,European Commission Weekly Oil Bulletin,observed_retail_gasoline,observed_retail,True,"Observed Euro-super 95 retail price, monthly average of official weekly data.",,,0.0,,CHN=regulated domestic product-price mechanism/proxy scenario; controls=observed retail-price pass-through.,-0.027340399013798034,67.27026136317915,-0.07416219548557379,2.3,91.720360824742,0.9528923345878404,,0.9528923345878404,-0.4645996596224648,0.0,ARX_one_step_residual_lagged_information,-0.688335679359836,-0.5714922332317939,-0.3546901280457707,-0.3430002814620633,EIA_STEO_July_2026_ex_post_2022plus,175.90112
DEU,Germany,2025,2025-04,2025-04-30,1.741,EUR/litre,European Commission Weekly Oil Bulletin,observed_retail_gasoline,observed_retail,True,"Observed Euro-super 95 retail price, monthly average of official weekly data.",,,0.0,,CHN=regulated domestic product-price mechanism/proxy scenario; controls=observed retail-price pass-through.,-0.007097099386296102,60.68410615594361,-0.10303643610806112,2.2,88.9175257731956,-2.4692612590371255,,-2.4692612590371255,-0.868086239735507,0.0,ARX_one_step_residual_lagged_information,0.2930636685415768,0.2279119741214474,-0.7469248503973182,-0.6091974664146321,EIA_STEO_July_2026_ex_post_2022plus,140.9737
DEU,Germany,2025,2025-05,2025-05-31,1.72675,EUR/litre,European Commission Weekly Oil Bulletin,observed_retail_gasoline,observed_retail,True,"Observed Euro-super 95 retail price, monthly average of official weekly data.",,,0.0,,CHN=regulated domestic product-price mechanism/proxy scenario; controls=observed retail-price pass-through.,-0.008218631799106757,57.17371978070036,-0.05958747279226806,2.1,89.3041237113399,1.3072081567353067,,1.3072081567353067,-0.8767581134650966,0.0,ARX_one_step_residual_lagged_information,-0.1849471396246474,0.1319099499355387,-1.2315381828967435,-0.518940378114846,EIA_STEO_July_2026_ex_post_2022plus,166.82773
DEU,Germany,2025,2025-06,2025-06-30,1.7348,EUR/litre,European Commission Weekly Oil Bulletin,observed_retail_gasoline,observed_retail,True,"Observed Euro-super 95 retail price, monthly average of official weekly data.",,,0.0,,CHN=regulated domestic product-price mechanism/proxy scenario; controls=observed retail-price pass-through.,0.004651103992128758,61.95030888311374,0.08023824565391191,2.0,89.3041237113399,-1.503787736454143,,-1.503787736454143,0.6150872283378265,0.0,ARX_one_step_residual_lagged_information,-0.7736226140427449,0.9412264670701896,1.2678312670009986,0.9468233793284432,EIA_STEO_July_2026_ex_post_2022plus,221.1349
DEU,Germany,2025,2025-07,2025-07-31,1.72475,EUR/litre,European Commission Weekly Oil Bulletin,observed_retail_gasoline,observed_retail,True,"Observed Euro-super 95 retail price, monthly average of official weekly data.",,,0.0,,CHN=regulated domestic product-price mechanism/proxy scenario; controls=observed retail-price pass-through.,-0.005810020534993021,60.87491894555394,-0.017511344157405517,1.9,89.400773195876,1.1963166058275299,,1.1963166058275299,-0.4033550140188083,0.0,ARX_one_step_residual_lagged_information,-1.1682450105547364,0.1260315286359498,0.0950790900832642,-0.0577284006113777,EIA_STEO_July_2026_ex_post_2022plus,134.222
DEU,Germany,2025,2025-08,2025-08-31,1.71175,EUR/litre,European Commission Weekly Oil Bulletin,observed_retail_gasoline,observed_retail,True,"Observed Euro-super 95 retail price, monthly average of official weekly data.",,,0.0,,CHN=regulated domestic product-price mechanism/proxy scenario; controls=observed retail-price pass-through.,-0.007565873425045666,58.270985875177296,-0.04371694981351837,2.0,87.1778350515461,-3.593200922606332,,-3.593200922606332,-0.5493786877288871,0.0,ARX_one_step_residual_lagged_information,-0.4770822703581621,-1.6779376481662809,-0.5524761817389533,-0.4275928576484169,EIA_STEO_July_2026_ex_post_2022plus,138.98846
DEU,Germany,2025,2025-09,2025-09-30,1.7120000000000002,EUR/litre,European Commission Weekly Oil Bulletin,observed_retail_gasoline,observed_retail,True,"Observed Euro-super 95 retail price, monthly average of official weekly data.",,,0.0,,CHN=regulated domestic product-price mechanism/proxy scenario; controls=observed retail-price pass-through.,0.00014603870051510537,57.91677537697368,-0.006097227310950082,2.3,88.240979381443,-0.4371591661496588,,-0.4371591661496588,-0.0071099994993592,0.0,ARX_one_step_residual_lagged_information,-0.6061545647006145,-0.0823683340230494,0.532549747002025,0.0103453625092955,EIA_STEO_July_2026_ex_post_2022plus,126.740585
DEU,Germany,2025,2025-10,2025-10-31,1.71725,EUR/litre,European Commission Weekly Oil Bulletin,observed_retail_gasoline,observed_retail,True,"Observed Euro-super 95 retail price, monthly average of official weekly data.",,,0.0,,CHN=regulated domestic product-price mechanism/proxy scenario; controls=observed retail-price pass-through.,0.003061896392303476,55.44732828429924,-0.04357354258118917,2.3,88.5309278350513,0.32804840791627043,,0.32804840791627043,-0.6707608532704867,0.0,ARX_one_step_residual_lagged_information,-0.0857012731495518,-0.9132498243817492,-0.3943717482544503,-0.4857234268549851,EIA_STEO_July_2026_ex_post_2022plus,154.51292
DEU,Germany,2025,2025-11,2025-11-30,1.7345000000000002,EUR/litre,European Commission Weekly Oil Bulletin,observed_retail_gasoline,observed_retail,True,"Observed Euro-super 95 retail price, monthly average of official weekly data.",,,0.0,,CHN=regulated domestic product-price mechanism/proxy scenario; controls=observed retail-price pass-through.,0.009995013315813539,55.19752723300388,-0.004515374430233088,2.5,89.4974226804121,0.32450001433277365,,0.32450001433277365,-0.139241854048661,0.0,ARX_one_step_residual_lagged_information,0.6110283706064591,-0.254592930047038,0.266788371093296,-0.1129228160497914,EIA_STEO_July_2026_ex_post_2022plus,104.35177
DEU,Germany,2025,2025-12,2025-12-31,1.7068,EUR/litre,European Commission Weekly Oil Bulletin,observed_retail_gasoline,observed_retail,True,"Observed Euro-super 95 retail price, monthly average of official weekly data.",,,0.0,,CHN=regulated domestic product-price mechanism/proxy scenario; controls=observed retail-price pass-through.,-0.01609891509595951,53.4107122513483,-0.032906825970404174,2.0,88.6275773195873,0.9863093641071075,,0.9863093641071075,-0.2016610852774151,0.0,ARX_one_step_residual_lagged_information,0.3406487543149234,1.667144313649219,-0.38229167333291,-0.1887220496603941,EIA_STEO_July_2026_ex_post_2022plus,132.48622
DEU,Germany,2026,2026-01,2026-01-31,1.7887499999999998,EUR/litre,European Commission Weekly Oil Bulletin,observed_retail_gasoline,observed_retail,True,"Observed Euro-super 95 retail price, monthly average of official weekly data.",,,0.0,,CHN=regulated domestic product-price mechanism/proxy scenario; controls=observed retail-price pass-through.,0.04689677955681559,56.71582298910502,0.06004190706017587,2.1,88.5309278350513,-1.3015368112069048,,-1.3015368112069048,0.2750306566574815,0.0,ARX_one_step_residual_lagged_information,0.8201735363129875,-1.85424702258574,0.3620355723545016,0.575861953635052,EIA_STEO_July_2026_ex_post_2022plus,168.62987
DEU,Germany,2026,2026-02,2026-02-28,1.80925,EUR/litre,European Commission Weekly Oil Bulletin,observed_retail_gasoline,observed_retail,True,"Observed Euro-super 95 retail price, monthly average of official weekly data.",,,0.0,,CHN=regulated domestic product-price mechanism/proxy scenario; controls=observed retail-price pass-through.,0.01139534287557653,59.95191584370087,0.055489601456502946,2.0,88.53092783,-0.3269757738612711,,-0.3269757738612711,0.3339229070810656,0.0,ARX_one_step_residual_lagged_information,-0.999286758896148,0.0622948976139721,1.7613789435485931,0.5710660870877855,EIA_STEO_July_2026_ex_post_2022plus,119.86541
DEU,Germany,2026,2026-03,2026-03-31,2.0624,EUR/litre,European Commission Weekly Oil Bulletin,observed_retail_gasoline,observed_retail,True,"Observed Euro-super 95 retail price, monthly average of official weekly data.",,,0.0,,CHN=regulated domestic product-price mechanism/proxy scenario; controls=observed retail-price pass-through.,0.13095795843868574,89.24472645813876,0.39783949328787926,2.8,87.8543814432987,-4.3063704432449335,,-4.3063704432449335,3.376405252856505,31.291581847716888,ARX_one_step_residual_lagged_information,5.484835246552658,1.2924681383110217,0.8443446038737501,3.4612577224309096,EIA_STEO_July_2026_ex_post_2022plus,330.94464
DEU,Germany,2026,2026-04,2026-04-30,2.158,EUR/litre,European Commission Weekly Oil Bulletin,observed_retail_gasoline,observed_retail,True,"Observed Euro-super 95 retail price, monthly average of official weekly data.",,,0.0,,CHN=regulated domestic product-price mechanism/proxy scenario; controls=observed retail-price pass-through.,0.04531151363315711,100.27378605881327,0.11652197385254226,2.9,88.0476804123708,-0.9830772783129049,,-0.9830772783129049,1.75018743288511,45.60342792918989,ARX_one_step_residual_lagged_information,0.8642912883082042,-0.3411547833117644,-0.086404468760625,1.1835622398878922,EIA_STEO_July_2026_ex_post_2022plus,254.4295
DEU,Germany,2026,2026-05,2026-05-31,2.03675,EUR/litre,European Commission Weekly Oil Bulletin,observed_retail_gasoline,observed_retail,True,"Observed Euro-super 95 retail price, monthly average of official weekly data.",,,0.0,,CHN=regulated domestic product-price mechanism/proxy scenario; controls=observed retail-price pass-through.,-0.05782646662732882,91.7233114624072,-0.08912774408637514,2.7,88.72422680412339,-0.6514681021194235,,-0.6514681021194235,-0.6467643070698686,35.51076205304209,ARX_one_step_residual_lagged_information,1.2158643211114364,0.6212412530441142,-1.4246702499142585,-0.8420688201169135,EIA_STEO_July_2026_ex_post_2022plus,203.55667
DEU,Germany,2026,2026-06,2026-06-30,1.9164,EUR/litre,European Commission Weekly Oil Bulletin,observed_retail_gasoline,observed_retail,True,"Observed Euro-super 95 retail price, monthly average of official weekly data.",,,0.0,,CHN=regulated domestic product-price mechanism/proxy scenario; controls=observed retail-price pass-through.,-0.060906974181784035,74.15989930825798,-0.21255299788325832,2.4,,,,,-1.9544531673525685,13.419217686592136,ARX_one_step_residual_lagged_information,-1.4097797182221925,1.34403383292758,-1.7211543679010104,-2.1022427529981784,EIA_STEO_July_2026_ex_post_2022plus,173.63956
ESP,Spain,2010,2010-01,2010-01-31,1.100705,EUR/litre,European Commission Weekly Oil Bulletin,observed_retail_gasoline,observed_retail,True,"Observed Euro-super 95 retail price for Spain, monthly average of official weekly data.",,,0.0,,CHN=regulated domestic product-price mechanism/proxy scenario; controls=observed retail-price pass-through.,,53.40179118376842,,,103.05422101,,,,,0.0,ARX_one_step_residual_lagged_information,,,,,EIA_STEO_July_2026_ex_post_2022plus,91.581024
ESP,Spain,2010,2010-02,2010-02-28,1.10183,EUR/litre,European Commission Weekly Oil Bulletin,observed_retail_gasoline,observed_retail,True,"Observed Euro-super 95 retail price for Spain, monthly average of official weekly data.",,,0.0,,CHN=regulated domestic product-price mechanism/proxy scenario; controls=observed retail-price pass-through.,0.0010215502571666174,53.91755523219609,0.00961183675614885,,103.36307481,,,,,0.0,ARX_one_step_residual_lagged_information,,,,-0.3032967911263553,EIA_STEO_July_2026_ex_post_2022plus,80.72536
ESP,Spain,2010,2010-03,2010-03-31,1.147774,EUR/litre,European Commission Weekly Oil Bulletin,observed_retail_gasoline,observed_retail,True,"Observed Euro-super 95 retail price for Spain, monthly average of official weekly data.",,,0.0,,CHN=regulated domestic product-price mechanism/proxy scenario; controls=observed retail-price pass-through.,0.040851980547712455,58.09380303710813,0.07460287295156354,,108.09883322,,,,0.6649089715350993,0.0,ARX_one_step_residual_lagged_information,,,,0.6099372225739654,EIA_STEO_July_2026_ex_post_2022plus,74.11694
ESP,Spain,2010,2010-04,2010-04-30,1.1795166666666663,EUR/litre,European Commission Weekly Oil Bulletin,observed_retail_gasoline,observed_retail,True,"Observed Euro-super 95 retail price for Spain, monthly average of official weekly data.",,,0.0,,CHN=regulated domestic product-price mechanism/proxy scenario; controls=observed retail-price pass-through.,0.02728033564135976,63.22335130256443,0.08461471766791018,,105.1132464,,,,0.4028380359462471,0.0,ARX_one_step_residual_lagged_information,,,,0.6718067118329473,EIA_STEO_July_2026_ex_post_2022plus,88.76158
ESP,Spain,2010,2010-05,2010-05-31,1.174542,EUR/litre,European Commission Weekly Oil Bulletin,observed_retail_gasoline,observed_retail,True,"Observed Euro-super 95 retail price for Spain, monthly average of official weekly data.",,,0.0,,CHN=regulated domestic product-price mechanism/proxy scenario; controls=observed retail-price pass-through.,-0.004226465671664126,60.47759895518747,-0.04440068427822741,,107.78997941,,,,-1.245326441316874,0.0,ARX_one_step_residual_lagged_information,,,,-1.0268947136592814,EIA_STEO_July_2026_ex_post_2022plus,88.95871
ESP,Spain,2010,2010-06,2010-06-30,1.16852,EUR/litre,European Commission Weekly Oil Bulletin,observed_retail_gasoline,observed_retail,True,"Observed Euro-super 95 retail price for Spain, monthly average of official weekly data.",,,0.0,,CHN=regulated domestic product-price mechanism/proxy scenario; controls=observed retail-price pass-through.,-0.005140293564356857,61.16932900862819,0.011372872637706699,,106.86341799,,,,0.2255323976097343,0.0,ARX_one_step_residual_lagged_information,,,,-0.1507182773498169,EIA_STEO_July_2026_ex_post_2022plus,96.4537
ESP,Spain,2010,2010-07,2010-07-31,1.16917,EUR/litre,European Commission Weekly Oil Bulletin,observed_retail_gasoline,observed_retail,True,"Observed Euro-super 95 retail price for Spain, monthly average of official weekly data.",,,0.0,,CHN=regulated domestic product-price mechanism/proxy scenario; controls=observed retail-price pass-through.,0.0005561045448722324,59.009344741686725,-0.03595008708951841,,106.24571036999998,,,,0.0183785724735484,0.0,ARX_one_step_residual_lagged_information,,,,0.0953764416571573,EIA_STEO_July_2026_ex_post_2022plus,79.38138
ESP,Spain,2010,2010-08,2010-08-31,1.1639019999999998,EUR/litre,European Commission Weekly Oil Bulletin,observed_retail_gasoline,observed_retail,True,"Observed Euro-super 95 retail price for Spain, monthly average of official weekly data.",,,0.0,,CHN=regulated domestic product-price mechanism/proxy scenario; controls=observed retail-price pass-through.,-0.004515942030803799,59.72328091047311,0.012026092565132096,,107.1722718,,,,-0.2971603211043686,0.0,ARX_one_step_residual_lagged_information,,,,0.1714737090029941,EIA_STEO_July_2026_ex_post_2022plus,80.993866
ESP,Spain,2010,2010-09,2010-09-30,1.1668075,EUR/litre,European Commission Weekly Oil Bulletin,observed_retail_gasoline,observed_retail,True,"Observed Euro-super 95 retail price for Spain, monthly average of official weekly data.",,,0.0,,CHN=regulated domestic product-price mechanism/proxy scenario; controls=observed retail-price pass-through.,0.0024932335025885655,59.44055840539082,-0.0047451145782071436,,105.01029513,,,,-0.2043699181250192,0.0,ARX_one_step_residual_lagged_information,,,,0.0902555866263886,EIA_STEO_July_2026_ex_post_2022plus,71.16855
ESP,Spain,2010,2010-10,2010-10-31,1.168675,EUR/litre,European Commission Weekly Oil Bulletin,observed_retail_gasoline,observed_retail,True,"Observed Euro-super 95 retail price for Spain, monthly average of official weekly data.",,,0.0,,CHN=regulated domestic product-price mechanism/proxy scenario; controls=observed retail-price pass-through.,0.0015992416111208496,59.469412571378555,0.0004853111360985096,,105.833905284832,,,,0.2447619163905536,0.0,ARX_one_step_residual_lagged_information,,,,0.55058817992492,EIA_STEO_July_2026_ex_post_2022plus,65.991936
ESP,Spain,2010,2010-11,2010-11-30,1.1917525,EUR/litre,European Commission Weekly Oil Bulletin,observed_retail_gasoline,observed_retail,True,"Observed Euro-super 95 retail price for Spain, monthly average of official weekly data.",,,0.0,,CHN=regulated domestic product-price mechanism/proxy scenario; controls=observed retail-price pass-through.,0.01955428441728907,62.48631773490517,0.049485510595771665,,108.510638297872,,,,-0.2741777448992844,0.0,ARX_one_step_residual_lagged_information,,,,0.2820325786435058,EIA_STEO_July_2026_ex_post_2022plus,94.70517
ESP,Spain,2010,2010-12,2010-12-31,1.23583,EUR/litre,European Commission Weekly Oil Bulletin,observed_retail_gasoline,observed_retail,True,"Observed Euro-super 95 retail price for Spain, monthly average of official weekly data.",,,0.0,,CHN=regulated domestic product-price mechanism/proxy scenario; controls=observed retail-price pass-through.,0.036317896266869654,69.16948665791475,0.10161220459415343,,105.936856554564,,,,0.629397828165678,0.0,ARX_one_step_residual_lagged_information,,,,0.6407071074337796,EIA_STEO_July_2026_ex_post_2022plus,97.203896
ESP,Spain,2011,2011-01,2011-01-31,1.267444,EUR/litre,European Commission Weekly Oil Bulletin,observed_retail_gasoline,observed_retail,True,"Observed Euro-super 95 retail price for Spain, monthly average of official weekly data.",,,0.0,,CHN=regulated domestic product-price mechanism/proxy scenario; controls=observed retail-price pass-through.,0.025259464924736602,72.21844749718225,0.043135697634614445,,107.06932053,3.8221212821410333,,3.8221212821410333,0.5376783805814174,0.0,ARX_one_step_residual_lagged_information,,,,0.4941626184144203,EIA_STEO_July_2026_ex_post_2022plus,79.421616
ESP,Spain,2011,2011-02,2011-02-28,1.283905,EUR/litre,European Commission Weekly Oil Bulletin,observed_retail_gasoline,observed_retail,True,"Observed Euro-super 95 retail price for Spain, monthly average of official weekly data.",,,0.0,,CHN=regulated domestic product-price mechanism/proxy scenario; controls=observed retail-price pass-through.,0.012903940944010012,75.95417866051719,0.05043472733602172,,106.24571036999998,2.750664586070606,,2.750664586070606,0.4383391612164326,0.0,ARX_one_step_residual_lagged_information,,,,0.6591419106383717,EIA_STEO_July_2026_ex_post_2022plus,90.01449
ESP,Spain,2011,2011-03,2011-03-31,1.320485,EUR/litre,European Commission Weekly Oil Bulletin,observed_retail_gasoline,observed_retail,True,"Observed Euro-super 95 retail price for Spain, monthly average of official weekly data.",,,0.0,,CHN=regulated domestic product-price mechanism/proxy scenario; controls=observed retail-price pass-through.,0.028092878365330587,81.77886565938884,0.07388859810433956,,105.83390529,-2.1174997097404002,,-2.1174997097404002,0.8357482659415222,0.0,ARX_one_step_residual_lagged_information,,,,0.9207448607187292,EIA_STEO_July_2026_ex_post_2022plus,136.8883
ESP,Spain,2011,2011-04,2011-04-30,1.35157,EUR/litre,European Commission Weekly Oil Bulletin,observed_retail_gasoline,observed_retail,True,"Observed Euro-super 95 retail price for Spain, monthly average of official weekly data.",,,0.0,,CHN=regulated domestic product-price mechanism/proxy scenario; controls=observed retail-price pass-through.,0.023267786338767027,85.25508831050503,0.04162895710486758,,105.42210021,0.2933987442313324,,0.2933987442313324,0.6102147501828945,0.0,ARX_one_step_residual_lagged_information,,,,0.664567897821464,EIA_STEO_July_2026_ex_post_2022plus,91.01777
ESP,Spain,2011,2011-05,2011-05-31,1.349488,EUR/litre,European Commission Weekly Oil Bulletin,observed_retail_gasoline,observed_retail,True,"Observed Euro-super 95 retail price for Spain, monthly average of official weekly data.",,,0.0,,CHN=regulated domestic product-price mechanism/proxy scenario; controls=observed retail-price pass-through.,-0.0015416184416164325,80.24290356170155,-0.06058947234681433,,105.52505148,-2.1236319259018366,,-2.1236319259018366,-0.777639715251193,0.0,ARX_one_step_residual_lagged_information,,,,-0.6474790299039047,EIA_STEO_July_2026_ex_post_2022plus,105.34492
ESP,Spain,2011,2011-06,2011-06-30,1.3179525,EUR/litre,European Commission Weekly Oil Bulletin,observed_retail_gasoline,observed_retail,True,"Observed Euro-super 95 retail price for Spain, monthly average of official weekly data.",,,0.0,,CHN=regulated domestic product-price mechanism/proxy scenario; controls=observed retail-price pass-through.,-0.023645865276935796,79.0430985773402,-0.015065073642618998,,103.466026080988,-3.2308243306071738,,-3.2308243306071738,0.0702234067904248,0.0,ARX_one_step_residual_lagged_information,,,,-0.0987762102829687,EIA_STEO_July_2026_ex_post_2022plus,84.391846
ESP,Spain,2011,2011-07,2011-07-31,1.3388425,EUR/litre,European Commission Weekly Oil Bulletin,observed_retail_gasoline,observed_retail,True,"Observed Euro-super 95 retail price for Spain, monthly average of official weekly data.",,,0.0,,CHN=regulated domestic product-price mechanism/proxy scenario; controls=observed retail-price pass-through.,0.015726038720147273,81.95165469138517,0.03613624114135838,,104.0837337,-2.055872707382278,,-2.055872707382278,0.3858852240978259,0.0,ARX_one_step_residual_lagged_information,,,,0.2462356339388283,EIA_STEO_July_2026_ex_post_2022plus,78.92476
ESP,Spain,2011,2011-08,2011-08-31,1.3307275,EUR/litre,European Commission Weekly Oil Bulletin,observed_retail_gasoline,observed_retail,True,"Observed Euro-super 95 retail price for Spain, monthly average of official weekly data.",,,0.0,,CHN=regulated domestic product-price mechanism/proxy scenario; controls=observed retail-price pass-through.,-0.00607964952829898,76.90254874033883,-0.06359047693126474,,103.46602608,-3.5194248212036428,,-3.5194248212036428,-0.5582166812243278,0.0,ARX_one_step_residual_lagged_information,,,,-0.5552364559967694,EIA_STEO_July_2026_ex_post_2022plus,86.95157
ESP,Spain,2011,2011-09,2011-09-30,1.3481425,EUR/litre,European Commission Weekly Oil Bulletin,observed_retail_gasoline,observed_retail,True,"Observed Euro-super 95 retail price for Spain, monthly average of official weekly data.",,,0.0,,CHN=regulated domestic product-price mechanism/proxy scenario; controls=observed retail-price pass-through.,0.01300193390014076,82.10260078170067,0.0654306746448361,,103.98078243,-0.9852296468468857,,-0.9852296468468857,0.4377547339848582,0.0,ARX_one_step_residual_lagged_information,,,,0.2113650258872441,EIA_STEO_July_2026_ex_post_2022plus,83.35045
ESP,Spain,2011,2011-10,2011-10-31,1.317222,EUR/litre,European Commission Weekly Oil Bulletin,observed_retail_gasoline,observed_retail,True,"Observed Euro-super 95 retail price for Spain, monthly average of official weekly data.",,,0.0,,CHN=regulated domestic product-price mechanism/proxy scenario; controls=observed retail-price pass-through.,-0.023202745593202734,79.80170465337231,-0.028424828375984035,,101.20109815,-4.476132583708736,,-4.476132583708736,0.3412450295945062,0.0,ARX_one_step_residual_lagged_information,,,,-0.2784386365687011,EIA_STEO_July_2026_ex_post_2022plus,76.339935
ESP,Spain,2011,2011-11,2011-11-30,1.2990825,EUR/litre,European Commission Weekly Oil Bulletin,observed_retail_gasoline,observed_retail,True,"Observed Euro-super 95 retail price for Spain, monthly average of official weekly data.",,,0.0,,CHN=regulated domestic product-price mechanism/proxy scenario; controls=observed retail-price pass-through.,-0.013866727411574853,81.71309869099112,0.02366944991143427,,100.583390528483,-7.586107705852374,,-7.586107705852374,0.3257368481652395,0.0,ARX_one_step_residual_lagged_information,,,,0.0968664907176188,EIA_STEO_July_2026_ex_post_2022plus,83.15768
ESP,Spain,2011,2011-12,2011-12-31,1.2915,EUR/litre,European Commission Weekly Oil Bulletin,observed_retail_gasoline,observed_retail,True,"Observed Euro-super 95 retail price for Spain, monthly average of official weekly data.",,,0.0,,CHN=regulated domestic product-price mechanism/proxy scenario; controls=observed retail-price pass-through.,-0.005853912510614345,82.01834543298082,0.003728631323919096,,102.23061085,-3.56120717321442,,-3.56120717321442,-0.0884835248368668,0.0,ARX_one_step_residual_lagged_information,,,,-0.2504464752252303,EIA_STEO_July_2026_ex_post_2022plus,85.341324
ESP,Spain,2012,2012-01,2012-01-31,1.3665975,EUR/litre,European Commission Weekly Oil Bulletin,observed_retail_gasoline,observed_retail,True,"Observed Euro-super 95 retail price for Spain, monthly average of official weekly data.",,,0.0,,CHN=regulated domestic product-price mechanism/proxy scenario; controls=observed retail-price pass-through.,0.0565197404515797,85.75047117007465,0.044498633691658185,,101.92175704,-4.927104903602775,,-4.927104903602775,0.4289673339077038,0.0,ARX_one_step_residual_lagged_information,,,,0.2328532785430842,EIA_STEO_July_2026_ex_post_2022plus,79.63497
ESP,Spain,2012,2012-02,2012-02-29,1.40451,EUR/litre,European Commission Weekly Oil Bulletin,observed_retail_gasoline,observed_retail,True,"Observed Euro-super 95 retail price for Spain, monthly average of official weekly data.",,,0.0,,CHN=regulated domestic product-price mechanism/proxy scenario; controls=observed retail-price pass-through.,0.027364413502996565,90.14365257839665,0.049962956887314114,,101.30404942,-4.762804901450668,,-4.762804901450668,0.651930271381068,0.0,ARX_one_step_residual_lagged_information,,,,0.6896277573350593,EIA_STEO_July_2026_ex_post_2022plus,92.44582
ESP,Spain,2012,2012-03,2012-03-31,1.4610425,EUR/litre,European Commission Weekly Oil Bulletin,observed_retail_gasoline,observed_retail,True,"Observed Euro-super 95 retail price for Spain, monthly average of official weekly data.",,,0.0,,CHN=regulated domestic product-price mechanism/proxy scenario; controls=observed retail-price pass-through.,0.03946173450174517,94.98465800482352,0.052310846259786103,,97.08304736,-8.630416340560032,,-8.630416340560032,0.2582175114967004,0.0,ARX_one_step_residual_lagged_information,,,,0.4569442574138738,EIA_STEO_July_2026_ex_post_2022plus,88.75998
ESP,Spain,2012,2012-04,2012-04-30,1.482135,EUR/litre,European Commission Weekly Oil Bulletin,observed_retail_gasoline,observed_retail,True,"Observed Euro-super 95 retail price for Spain, monthly average of official weekly data.",,,0.0,,CHN=regulated domestic product-price mechanism/proxy scenario; controls=observed retail-price pass-through.,0.01433339383249832,90.74799820492134,-0.04562896931910476,,97.49485244,-7.817271241647994,,-7.817271241647994,-0.1656370693035655,0.0,ARX_one_step_residual_lagged_information,,,,-0.4603505460526653,EIA_STEO_July_2026_ex_post_2022plus,96.016685
ESP,Spain,2012,2012-05,2012-05-31,1.4169925,EUR/litre,European Commission Weekly Oil Bulletin,observed_retail_gasoline,observed_retail,True,"Observed Euro-super 95 retail price for Spain, monthly average of official weekly data.",,,0.0,,CHN=regulated domestic product-price mechanism/proxy scenario; controls=observed retail-price pass-through.,-0.04494694802030713,86.19136363485553,-0.05151643175425136,,97.18599863,-8.232172544076022,,-8.232172544076022,-0.5059024038627317,0.0,ARX_one_step_residual_lagged_information,,,,-0.7366847206805783,EIA_STEO_July_2026_ex_post_2022plus,78.17116
ESP,Spain,2012,2012-06,2012-06-30,1.3711075,EUR/litre,European Commission Weekly Oil Bulletin,observed_retail_gasoline,observed_retail,True,"Observed Euro-super 95 retail price for Spain, monthly average of official weekly data.",,,0.0,,CHN=regulated domestic product-price mechanism/proxy scenario; controls=observed retail-price pass-through.,-0.03291786039622402,75.87710044229976,-0.1274550508731327,,97.90665752,-5.5228757901234715,,-5.5228757901234715,-0.9255492338723936,0.0,ARX_one_step_residual_lagged_information,,,,-1.3741629456650917,EIA_STEO_July_2026_ex_post_2022plus,77.82243
ESP,Spain,2012,2012-07,2012-07-31,1.401868,EUR/litre,European Commission Weekly Oil Bulletin,observed_retail_gasoline,observed_retail,True,"Observed Euro-super 95 retail price for Spain, monthly average of official weekly data.",,,0.0,,CHN=regulated domestic product-price mechanism/proxy scenario; controls=observed retail-price pass-through.,0.02218682554129431,83.59087704326086,0.09681945593285413,,97.18599863,-6.856905285329251,,-6.856905285329251,1.0306872349075964,0.0,ARX_one_step_residual_lagged_information,,,,0.6927159574035089,EIA_STEO_July_2026_ex_post_2022plus,82.80802
ESP,Spain,2012,2012-08,2012-08-31,1.483955,EUR/litre,European Commission Weekly Oil Bulletin,observed_retail_gasoline,observed_retail,True,"Observed Euro-super 95 retail price for Spain, monthly average of official weekly data.",,,0.0,,CHN=regulated domestic product-price mechanism/proxy scenario; controls=observed retail-price pass-through.,0.056905187867947626,91.37801597750344,0.08907053625981476,,98.62731641,-4.789504244755793,,-4.789504244755793,0.9373887884778536,0.0,ARX_one_step_residual_lagged_information,,,,0.9147117790437258,EIA_STEO_July_2026_ex_post_2022plus,74.87836
ESP,Spain,2012,2012-09,2012-09-30,1.5011475,EUR/litre,European Commission Weekly Oil Bulletin,observed_retail_gasoline,observed_retail,True,"Observed Euro-super 95 retail price for Spain, monthly average of official weekly data.",,,0.0,,CHN=regulated domestic product-price mechanism/proxy scenario; controls=observed retail-price pass-through.,0.01151899480952251,87.60908661062936,-0.04212020312421583,,95.12697324,-8.899353811993116,,-8.899353811993116,-0.0980035932075305,0.0,ARX_one_step_residual_lagged_information,,,,-0.0456183630623779,EIA_STEO_July_2026_ex_post_2022plus,69.28051
ESP,Spain,2012,2012-10,2012-10-31,1.45581,EUR/litre,European Commission Weekly Oil Bulletin,observed_retail_gasoline,observed_retail,True,"Observed Euro-super 95 retail price for Spain, monthly average of official weekly data.",,,0.0,,CHN=regulated domestic product-price mechanism/proxy scenario; controls=observed retail-price pass-through.,-0.030667368890960278,86.10723047007606,-0.01729133550191264,,95.33287578,-5.973488544933936,,-5.973488544933936,-0.2679054425995422,0.0,ARX_one_step_residual_lagged_information,,,,-0.1002917364061254,EIA_STEO_July_2026_ex_post_2022plus,81.663666
ESP,Spain,2012,2012-11,2012-11-30,1.3726925,EUR/litre,European Commission Weekly Oil Bulletin,observed_retail_gasoline,observed_retail,True,"Observed Euro-super 95 retail price for Spain, monthly average of official weekly data.",,,0.0,,CHN=regulated domestic product-price mechanism/proxy scenario; controls=observed retail-price pass-through.,-0.05878830717800898,84.95840791993943,-0.01343156734689277,,93.37680165,-7.434420189787527,,-7.434420189787527,-0.1360930675184166,0.0,ARX_one_step_residual_lagged_information,,,,-0.2275318220348529,EIA_STEO_July_2026_ex_post_2022plus,81.38964
ESP,Spain,2012,2012-12,2012-12-31,1.37582,EUR/litre,European Commission Weekly Oil Bulletin,observed_retail_gasoline,observed_retail,True,"Observed Euro-super 95 retail price for Spain, monthly average of official weekly data.",,,0.0,,CHN=regulated domestic product-price mechanism/proxy scenario; controls=observed retail-price pass-through.,0.0022757774249301255,83.46438224313428,-0.01774183725419487,,94.30336308,-8.071429937275099,,-8.071429937275099,0.2928570791122005,0.0,ARX_one_step_residual_lagged_information,,,,0.0314715953075064,EIA_STEO_July_2026_ex_post_2022plus,74.83156
ESP,Spain,2013,2013-01,2013-01-31,1.41599,EUR/litre,European Commission Weekly Oil Bulletin,observed_retail_gasoline,observed_retail,True,"Observed Euro-super 95 retail price for Spain, monthly average of official weekly data.",,,0.0,,CHN=regulated domestic product-price mechanism/proxy scenario; controls=observed retail-price pass-through.,0.028779016098926247,84.91913980269007,0.0172795263899852,,95.12697324,-6.899287145891897,,-6.899287145891897,0.2702371147969803,0.0,ARX_one_step_residual_lagged_information,,,,0.282762059864369,EIA_STEO_July_2026_ex_post_2022plus,90.65749
ESP,Spain,2013,2013-02,2013-02-28,1.477075,EUR/litre,European Commission Weekly Oil Bulletin,observed_retail_gasoline,observed_retail,True,"Observed Euro-super 95 retail price for Spain, monthly average of official weekly data.",,,0.0,,CHN=regulated domestic product-price mechanism/proxy scenario; controls=observed retail-price pass-through.,0.042234847765635575,86.96496535343668,0.02380583318165197,,93.58270419,-7.928080287281958,,-7.928080287281958,0.3747890556133226,0.0,ARX_one_step_residual_lagged_information,,,,0.2441880963110106,EIA_STEO_July_2026_ex_post_2022plus,81.59033
ESP,Spain,2013,2013-03,2013-03-31,1.4598525,EUR/litre,European Commission Weekly Oil Bulletin,observed_retail_gasoline,observed_retail,True,"Observed Euro-super 95 retail price for Spain, monthly average of official weekly data.",,,0.0,,CHN=regulated domestic product-price mechanism/proxy scenario; controls=observed retail-price pass-through.,-0.011728377645960408,83.74664276723992,-0.03770925692302107,,95.53877831,-1.6034549888880534,,-1.6034549888880534,-0.3312244357951538,0.0,ARX_one_step_residual_lagged_information,,,,-0.6295897367868111,EIA_STEO_July_2026_ex_post_2022plus,75.89672
ESP,Spain,2013,2013-04,2013-04-30,1.41148,EUR/litre,European Commission Weekly Oil Bulletin,observed_retail_gasoline,observed_retail,True,"Observed Euro-super 95 retail price for Spain, monthly average of official weekly data.",,,0.0,,CHN=regulated domestic product-price mechanism/proxy scenario; controls=observed retail-price pass-through.,-0.033696603931767155,78.5044785232705,-0.06464040912752633,,94.09746054,-3.5468521718237334,,-3.5468521718237334,-0.2462397297504745,0.0,ARX_one_step_residual_lagged_information,,,,-0.5518556127380099,EIA_STEO_July_2026_ex_post_2022plus,95.10787
ESP,Spain,2013,2013-05,2013-05-31,1.412825,EUR/litre,European Commission Weekly Oil Bulletin,observed_retail_gasoline,observed_retail,True,"Observed Euro-super 95 retail price for Spain, monthly average of official weekly data.",,,0.0,,CHN=regulated domestic product-price mechanism/proxy scenario; controls=observed retail-price pass-through.,0.0009524467801295677,78.9989369765014,0.006278721969980694,,93.99450927,-3.3390285531486263,,-3.3390285531486263,0.0736394107845082,0.0,ARX_one_step_residual_lagged_information,,,,0.022660700470914,EIA_STEO_July_2026_ex_post_2022plus,83.717316
ESP,Spain,2013,2013-06,2013-06-30,1.4290375,EUR/litre,European Commission Weekly Oil Bulletin,observed_retail_gasoline,observed_retail,True,"Observed Euro-super 95 retail price for Spain, monthly average of official weekly data.",,,0.0,,CHN=regulated domestic product-price mechanism/proxy scenario; controls=observed retail-price pass-through.,0.011409894663037545,77.99397346568735,-0.012802835938622081,,95.74468085,-2.2329476455747788,,-2.2329476455747788,0.2387265807285764,0.0,ARX_one_step_residual_lagged_information,,,,0.0271055226965062,EIA_STEO_July_2026_ex_post_2022plus,82.97301
ESP,Spain,2013,2013-07,2013-07-31,1.44773,EUR/litre,European Commission Weekly Oil Bulletin,observed_retail_gasoline,observed_retail,True,"Observed Euro-super 95 retail price for Spain, monthly average of official weekly data.",,,0.0,,CHN=regulated domestic product-price mechanism/proxy scenario; controls=observed retail-price pass-through.,0.012995671757763838,82.47911774111674,0.05591358256708645,,94.81811943,-2.4666129848968765,,-2.4666129848968765,0.6958731969196498,0.0,ARX_one_step_residual_lagged_information,,,,0.4344015857417522,EIA_STEO_July_2026_ex_post_2022plus,73.975815
ESP,Spain,2013,2013-08,2013-08-31,1.4535475,EUR/litre,European Commission Weekly Oil Bulletin,observed_retail_gasoline,observed_retail,True,"Observed Euro-super 95 retail price for Spain, monthly average of official weekly data.",,,0.0,,CHN=regulated domestic product-price mechanism/proxy scenario; controls=observed retail-price pass-through.,0.004010307732847274,83.58626043267816,0.013334014681187334,,95.84763212,-2.8588500767305014,,-2.8588500767305014,0.4912213200718924,0.0,ARX_one_step_residual_lagged_information,,,,0.2770044599337098,EIA_STEO_July_2026_ex_post_2022plus,90.95675
ESP,Spain,2013,2013-09,2013-09-30,1.448468,EUR/litre,European Commission Weekly Oil Bulletin,observed_retail_gasoline,observed_retail,True,"Observed Euro-super 95 retail price for Spain, monthly average of official weekly data.",,,0.0,,CHN=regulated domestic product-price mechanism/proxy scenario; controls=observed retail-price pass-through.,-0.003500674057267561,83.51357308216596,-0.0008699871635764467,,96.05353466,0.9693129125888156,,0.9693129125888156,0.0882692659533272,0.0,ARX_one_step_residual_lagged_information,,,,0.020851986559802,EIA_STEO_July_2026_ex_post_2022plus,100.45933
ESP,Spain,2013,2013-10,2013-10-31,1.40644,EUR/litre,European Commission Weekly Oil Bulletin,observed_retail_gasoline,observed_retail,True,"Observed Euro-super 95 retail price for Spain, monthly average of official weekly data.",,,0.0,,CHN=regulated domestic product-price mechanism/proxy scenario; controls=observed retail-price pass-through.,-0.029444757209096895,79.93850265987665,-0.04375154822079885,,96.2594372,0.9672294562854233,,0.9672294562854233,-0.167501298206257,0.0,ARX_one_step_residual_lagged_information,,,,-0.21653964775583,EIA_STEO_July_2026_ex_post_2022plus,72.95312
ESP,Spain,2013,2013-11,2013-11-30,1.3882499999999998,EUR/litre,European Commission Weekly Oil Bulletin,observed_retail_gasoline,observed_retail,True,"Observed Euro-super 95 retail price for Spain, monthly average of official weekly data.",,,0.0,,CHN=regulated domestic product-price mechanism/proxy scenario; controls=observed retail-price pass-through.,-0.013017727815440805,79.90167028647923,-0.00046086504250375526,,95.22992451,1.9651287447303822,,1.9651287447303822,-0.1532187541024732,0.0,ARX_one_step_residual_lagged_information,,,,-0.1148950493060984,EIA_STEO_July_2026_ex_post_2022plus,77.77902
ESP,Spain,2013,2013-12,2013-12-31,1.4024433333333337,EUR/litre,European Commission Weekly Oil Bulletin,observed_retail_gasoline,observed_retail,True,"Observed Euro-super 95 retail price for Spain, monthly average of official weekly data.",,,0.0,,CHN=regulated domestic product-price mechanism/proxy scenario; controls=observed retail-price pass-through.,0.010171992418466003,80.79929064201247,0.01117142903988988,,96.46533974,2.2666917517665475,,2.2666917517665475,0.5638340253922685,0.0,ARX_one_step_residual_lagged_information,,,,0.2454849292005171,EIA_STEO_July_2026_ex_post_2022plus,70.37249
ESP,Spain,2014,2014-01,2014-01-31,1.3946575,EUR/litre,European Commission Weekly Oil Bulletin,observed_retail_gasoline,observed_retail,True,"Observed Euro-super 95 retail price for Spain, monthly average of official weekly data.",,,0.0,,CHN=regulated domestic product-price mechanism/proxy scenario; controls=observed retail-price pass-through.,-0.005567088142876986,79.39473621839885,-0.01753611472858818,,95.33287578,0.2162163009944429,,0.2162163009944429,-0.1058431113118916,0.0,ARX_one_step_residual_lagged_information,,,,-0.2283267688664224,EIA_STEO_July_2026_ex_post_2022plus,77.91597
ESP,Spain,2014,2014-02,2014-02-28,1.39346,EUR/litre,European Commission Weekly Oil Bulletin,observed_retail_gasoline,observed_retail,True,"Observed Euro-super 95 retail price for Spain, monthly average of official weekly data.",,,0.0,,CHN=regulated domestic product-price mechanism/proxy scenario; controls=observed retail-price pass-through.,-0.0008590025876850649,79.69490820018626,0.0037736251041931013,,96.36238847,2.9270382270316198,,2.9270382270316198,0.3065588814478375,0.0,ARX_one_step_residual_lagged_information,,,,0.0613303731656642,EIA_STEO_July_2026_ex_post_2022plus,69.003525
ESP,Spain,2014,2014-03,2014-03-31,1.398208,EUR/litre,European Commission Weekly Oil Bulletin,observed_retail_gasoline,observed_retail,True,"Observed Euro-super 95 retail price for Spain, monthly average of official weekly data.",,,0.0,,CHN=regulated domestic product-price mechanism/proxy scenario; controls=observed retail-price pass-through.,0.003401553894007092,77.72793351378725,-0.024990999231879307,,95.7446808510639,0.21528533778401027,,0.21528533778401027,-0.0046487215311387,0.0,ARX_one_step_residual_lagged_information,,,,-0.1266831641102359,EIA_STEO_July_2026_ex_post_2022plus,119.838554
ESP,Spain,2014,2014-04,2014-04-30,1.4125466666666666,EUR/litre,European Commission Weekly Oil Bulletin,observed_retail_gasoline,observed_retail,True,"Observed Euro-super 95 retail price for Spain, monthly average of official weekly data.",,,0.0,,CHN=regulated domestic product-price mechanism/proxy scenario; controls=observed retail-price pass-through.,0.010202805119296943,78.02686909899879,0.0038385455504501564,,97.80370625,3.8631413134843307,,3.8631413134843307,0.0818376161420442,0.0,ARX_one_step_residual_lagged_information,,,,0.018195172999865,EIA_STEO_July_2026_ex_post_2022plus,93.22154
ESP,Spain,2014,2014-05,2014-05-31,1.4209075,EUR/litre,European Commission Weekly Oil Bulletin,observed_retail_gasoline,observed_retail,True,"Observed Euro-super 95 retail price for Spain, monthly average of official weekly data.",,,0.0,,CHN=regulated domestic product-price mechanism/proxy scenario; controls=observed retail-price pass-through.,0.0059015301518859364,79.73593211932894,0.021667083347381322,,96.67124228,2.8079598580551313,,2.8079598580551313,0.2316098213092671,0.0,ARX_one_step_residual_lagged_information,,,,0.1464362431941387,EIA_STEO_July_2026_ex_post_2022plus,83.428856
ESP,Spain,2014,2014-06,2014-06-30,1.43674,EUR/litre,European Commission Weekly Oil Bulletin,observed_retail_gasoline,observed_retail,True,"Observed Euro-super 95 retail price for Spain, monthly average of official weekly data.",,,0.0,,CHN=regulated domestic product-price mechanism/proxy scenario; controls=observed retail-price pass-through.,0.011080906235695187,82.23420824691657,0.030851047866668146,,96.15648593,0.4291852092723758,,0.4291852092723758,0.2848465559002022,0.0,ARX_one_step_residual_lagged_information,,,,0.1831261435239828,EIA_STEO_July_2026_ex_post_2022plus,98.767105
ESP,Spain,2014,2014-07,2014-07-31,1.439465,EUR/litre,European Commission Weekly Oil Bulletin,observed_retail_gasoline,observed_retail,True,"Observed Euro-super 95 retail price for Spain, monthly average of official weekly data.",,,0.0,,CHN=regulated domestic product-price mechanism/proxy scenario; controls=observed retail-price pass-through.,0.0018948585482190805,78.895982949089,-0.041441060850804234,,96.15648593,1.4016401904768827,,1.4016401904768827,-0.2624127689536664,0.0,ARX_one_step_residual_lagged_information,,,,-0.4307517136082288,EIA_STEO_July_2026_ex_post_2022plus,138.75395
ESP,Spain,2014,2014-08,2014-08-31,1.40925,EUR/litre,European Commission Weekly Oil Bulletin,observed_retail_gasoline,observed_retail,True,"Observed Euro-super 95 retail price for Spain, monthly average of official weekly data.",,,0.0,,CHN=regulated domestic product-price mechanism/proxy scenario; controls=observed retail-price pass-through.,-0.02121386879704029,76.31288554304994,-0.03328850934357952,,96.15648593,0.32171609601530093,,0.32171609601530093,-0.4675598545317212,0.0,ARX_one_step_residual_lagged_information,,,,-0.4633679333705456,EIA_STEO_July_2026_ex_post_2022plus,136.44559
ESP,Spain,2014,2014-09,2014-09-30,1.410616,EUR/litre,European Commission Weekly Oil Bulletin,observed_retail_gasoline,observed_retail,True,"Observed Euro-super 95 retail price for Spain, monthly average of official weekly data.",,,0.0,,CHN=regulated domestic product-price mechanism/proxy scenario; controls=observed retail-price pass-through.,0.000968840439120211,75.33551362989054,-0.01289015184427722,,97.18599863,1.17209653284851,,1.17209653284851,-0.2594703158071751,0.0,ARX_one_step_residual_lagged_information,,,,-0.425769283388323,EIA_STEO_July_2026_ex_post_2022plus,131.55666
ESP,Spain,2014,2014-10,2014-10-31,1.3696075,EUR/litre,European Commission Weekly Oil Bulletin,observed_retail_gasoline,observed_retail,True,"Observed Euro-super 95 retail price for Spain, monthly average of official weekly data.",,,0.0,,CHN=regulated domestic product-price mechanism/proxy scenario; controls=observed retail-price pass-through.,-0.029502285976918452,68.96441153697178,-0.08836105546188922,,97.3919011667811,1.1696039760339616,,1.1696039760339616,-0.7647647452878167,0.0,ARX_one_step_residual_lagged_information,,,,-0.9749528418023932,EIA_STEO_July_2026_ex_post_2022plus,83.661
ESP,Spain,2014,2014-11,2014-11-30,1.3249325,EUR/litre,European Commission Weekly Oil Bulletin,observed_retail_gasoline,observed_retail,True,"Observed Euro-super 95 retail price for Spain, monthly average of official weekly data.",,,0.0,,CHN=regulated domestic product-price mechanism/proxy scenario; controls=observed retail-price pass-through.,-0.033162687697448734,63.69133072161009,-0.0795421388190114,,97.49485244,2.350535562963163,,2.350535562963163,-0.7174315309085026,0.0,ARX_one_step_residual_lagged_information,,,,-0.8911774245526921,EIA_STEO_July_2026_ex_post_2022plus,84.38005
ESP,Spain,2014,2014-12,2014-12-31,1.25503,EUR/litre,European Commission Weekly Oil Bulletin,observed_retail_gasoline,observed_retail,True,"Observed Euro-super 95 retail price for Spain, monthly average of official weekly data.",,,0.0,,CHN=regulated domestic product-price mechanism/proxy scenario; controls=observed retail-price pass-through.,-0.054202038063788066,50.56365788927148,-0.23081536317901152,,96.77419355,0.31965930338984094,,0.31965930338984094,-2.1369008547896216,0.0,ARX_one_step_residual_lagged_information,,,,-2.2469964143025263,EIA_STEO_July_2026_ex_post_2022plus,86.52622
ESP,Spain,2015,2015-01,2015-01-31,1.130435,EUR/litre,European Commission Weekly Oil Bulletin,observed_retail_gasoline,observed_retail,True,"Observed Euro-super 95 retail price for Spain, monthly average of official weekly data.",,,0.0,,CHN=regulated domestic product-price mechanism/proxy scenario; controls=observed retail-price pass-through.,-0.10455696228050596,41.13746489304888,-0.2063138338511279,,95.95058339,0.6458579951398313,,0.6458579951398313,-2.4252298762809548,0.0,ARX_one_step_residual_lagged_information,,,,-2.4678988359470786,EIA_STEO_July_2026_ex_post_2022plus,111.985695
ESP,Spain,2015,2015-02,2015-02-28,1.187365,EUR/litre,European Commission Weekly Oil Bulletin,observed_retail_gasoline,observed_retail,True,"Observed Euro-super 95 retail price for Spain, monthly average of official weekly data.",,,0.0,,CHN=regulated domestic product-price mechanism/proxy scenario; controls=observed retail-price pass-through.,0.04913405185358702,51.186061508867205,0.2185479979635132,,97.59780371,1.273902581026931,,1.273902581026931,1.8344509102038231,0.0,ARX_one_step_residual_lagged_information,,,,1.8059454415522465,EIA_STEO_July_2026_ex_post_2022plus,111.9247
ESP,Spain,2015,2015-03,2015-03-31,1.25891,EUR/litre,European Commission Weekly Oil Bulletin,observed_retail_gasoline,observed_retail,True,"Observed Euro-super 95 retail price for Spain, monthly average of official weekly data.",,,0.0,,CHN=regulated domestic product-price mechanism/proxy scenario; controls=observed retail-price pass-through.,0.05850970094762234,51.66945791253493,0.009399592077930397,,100.27453672,4.622671750235163,,4.622671750235163,-0.3517775262248044,0.0,ARX_one_step_residual_lagged_information,,,,-0.363952535983822,EIA_STEO_July_2026_ex_post_2022plus,104.23527
ESP,Spain,2015,2015-04,2015-04-30,1.2856133333333333,EUR/litre,European Commission Weekly Oil Bulletin,observed_retail_gasoline,observed_retail,True,"Observed Euro-super 95 retail price for Spain, monthly average of official weekly data.",,,0.0,,CHN=regulated domestic product-price mechanism/proxy scenario; controls=observed retail-price pass-through.,0.020989639478431688,55.014878092305004,0.06273680851474506,,97.59780371,-0.2107482344958278,,-0.2107482344958278,0.7826519174424931,0.0,ARX_one_step_residual_lagged_information,,,,0.5778479298749288,EIA_STEO_July_2026_ex_post_2022plus,102.19049
ESP,Spain,2015,2015-05,2015-05-31,1.3144275,EUR/litre,European Commission Weekly Oil Bulletin,observed_retail_gasoline,observed_retail,True,"Observed Euro-super 95 retail price for Spain, monthly average of official weekly data.",,,0.0,,CHN=regulated domestic product-price mechanism/proxy scenario; controls=observed retail-price pass-through.,0.02216530293614105,57.38927087809214,0.04225370793373262,,99.86273164,3.248059227167577,,3.248059227167577,0.4395394751470354,0.0,ARX_one_step_residual_lagged_information,,,,0.6757557872152448,EIA_STEO_July_2026_ex_post_2022plus,76.26233
ESP,Spain,2015,2015-06,2015-06-30,1.3269760000000002,EUR/litre,European Commission Weekly Oil Bulletin,observed_retail_gasoline,observed_retail,True,"Observed Euro-super 95 retail price for Spain, monthly average of official weekly data.",,,0.0,,CHN=regulated domestic product-price mechanism/proxy scenario; controls=observed retail-price pass-through.,0.009501459662666911,54.77017572524931,-0.04671156014189215,,100.6863418,4.603323182362651,,4.603323182362651,-0.6104284962240248,0.0,ARX_one_step_residual_lagged_information,,,,-0.3879473150390513,EIA_STEO_July_2026_ex_post_2022plus,85.90597
ESP,Spain,2015,2015-07,2015-07-31,1.3216725,EUR/litre,European Commission Weekly Oil Bulletin,observed_retail_gasoline,observed_retail,True,"Observed Euro-super 95 retail price for Spain, monthly average of official weekly data.",,,0.0,,CHN=regulated domestic product-price mechanism/proxy scenario; controls=observed retail-price pass-through.,-0.004004689250325877,51.43445552690111,-0.06283751833880302,,101.81880577,5.721789344024231,,5.721789344024231,-0.7831460792780096,0.0,ARX_one_step_residual_lagged_information,,,,-0.7759917423274519,EIA_STEO_July_2026_ex_post_2022plus,106.80866
ESP,Spain,2015,2015-08,2015-08-31,1.244948,EUR/litre,European Commission Weekly Oil Bulletin,observed_retail_gasoline,observed_retail,True,"Observed Euro-super 95 retail price for Spain, monthly average of official weekly data.",,,0.0,,CHN=regulated domestic product-price mechanism/proxy scenario; controls=observed retail-price pass-through.,-0.05980421805199987,41.780059687621865,-0.20788910412876316,,100.58339053,4.501021382894876,,4.501021382894876,-1.7577126486468235,0.0,ARX_one_step_residual_lagged_information,,,,-1.8133556169982417,EIA_STEO_July_2026_ex_post_2022plus,82.47853
ESP,Spain,2015,2015-09,2015-09-30,1.185485,EUR/litre,European Commission Weekly Oil Bulletin,observed_retail_gasoline,observed_retail,True,"Observed Euro-super 95 retail price for Spain, monthly average of official weekly data.",,,0.0,,CHN=regulated domestic product-price mechanism/proxy scenario; controls=observed retail-price pass-through.,-0.04894178842193128,42.414385728002216,0.015068405986722322,,100.99519561,3.8446293417869093,,3.8446293417869093,0.180515581722499,0.0,ARX_one_step_residual_lagged_information,,,,0.2123176494965866,EIA_STEO_July_2026_ex_post_2022plus,98.767456
ESP,Spain,2015,2015-10,2015-10-31,1.166375,EUR/litre,European Commission Weekly Oil Bulletin,observed_retail_gasoline,observed_retail,True,"Observed Euro-super 95 retail price for Spain, monthly average of official weekly data.",,,0.0,,CHN=regulated domestic product-price mechanism/proxy scenario; controls=observed retail-price pass-through.,-0.01625132498214929,43.14051183658658,0.01697491470709167,,100.48043926,3.1220017373644993,,3.1220017373644993,-0.029388872555947,0.0,ARX_one_step_residual_lagged_information,,,,0.1499557039138983,EIA_STEO_July_2026_ex_post_2022plus,91.931885
ESP,Spain,2015,2015-11,2015-11-30,1.163812,EUR/litre,European Commission Weekly Oil Bulletin,observed_retail_gasoline,observed_retail,True,"Observed Euro-super 95 retail price for Spain, monthly average of official weekly data.",,,0.0,,CHN=regulated domestic product-price mechanism/proxy scenario; controls=observed retail-price pass-through.,-0.002199824334766287,41.27433812838809,-0.04422155141451212,,101.50995196,4.035726141946938,,4.035726141946938,-1.274489799462995,0.0,ARX_one_step_residual_lagged_information,,,,-0.8362374681880909,EIA_STEO_July_2026_ex_post_2022plus,150.71588
ESP,Spain,2015,2015-12,2015-12-31,1.15148,EUR/litre,European Commission Weekly Oil Bulletin,observed_retail_gasoline,observed_retail,True,"Observed Euro-super 95 retail price for Spain, monthly average of official weekly data.",,,0.0,,CHN=regulated domestic product-price mechanism/proxy scenario; controls=observed retail-price pass-through.,-0.01065275275910399,34.9071004724627,-0.16755069357591523,,100.78929307,4.06517672701554,,4.06517672701554,-1.518348872636687,0.0,ARX_one_step_residual_lagged_information,,,,-1.4155485230529918,EIA_STEO_July_2026_ex_post_2022plus,148.23688
ESP,Spain,2016,2016-01,2016-01-31,1.1172675,EUR/litre,European Commission Weekly Oil Bulletin,observed_retail_gasoline,observed_retail,True,"Observed Euro-super 95 retail price for Spain, monthly average of official weekly data.",,,0.0,,CHN=regulated domestic product-price mechanism/proxy scenario; controls=observed retail-price pass-through.,-0.030162099310038562,28.28200639082621,-0.21046447459434026,,100.89224434,5.021975700752801,,5.021975700752801,-2.33299530373939,0.0,ARX_one_step_residual_lagged_information,,,,-1.9791583657253475,EIA_STEO_July_2026_ex_post_2022plus,118.21114
ESP,Spain,2016,2016-02,2016-02-29,1.08147,EUR/litre,European Commission Weekly Oil Bulletin,observed_retail_gasoline,observed_retail,True,"Observed Euro-super 95 retail price for Spain, monthly average of official weekly data.",,,0.0,,CHN=regulated domestic product-price mechanism/proxy scenario; controls=observed retail-price pass-through.,-0.032564745392944114,29.016615102535958,0.025642814638799027,,102.84831847,5.2400276427070125,,5.2400276427070125,0.2502414466173734,0.0,ARX_one_step_residual_lagged_information,,,,0.4305199525458617,EIA_STEO_July_2026_ex_post_2022plus,103.74965
ESP,Spain,2016,2016-03,2016-03-31,1.09989,EUR/litre,European Commission Weekly Oil Bulletin,observed_retail_gasoline,observed_retail,True,"Observed Euro-super 95 retail price for Spain, monthly average of official weekly data.",,,0.0,,CHN=regulated domestic product-price mechanism/proxy scenario; controls=observed retail-price pass-through.,0.01688894802879555,34.325809746025435,0.16802894144500735,,101.50995196,1.2245050991656292,,1.2245050991656292,0.9852420612150368,0.0,ARX_one_step_residual_lagged_information,,,,1.5822675667564785,EIA_STEO_July_2026_ex_post_2022plus,109.72029
ESP,Spain,2016,2016-04,2016-04-30,1.1409875,EUR/litre,European Commission Weekly Oil Bulletin,observed_retail_gasoline,observed_retail,True,"Observed Euro-super 95 retail price for Spain, monthly average of official weekly data.",,,0.0,,CHN=regulated domestic product-price mechanism/proxy scenario; controls=observed retail-price pass-through.,0.03668394071357099,36.65221309894588,0.06557626926380555,,103.671928620453,6.037639042507426,,6.037639042507426,0.0838172782525009,0.0,ARX_one_step_residual_lagged_information,,,,0.7767219192420621,EIA_STEO_July_2026_ex_post_2022plus,85.22145
ESP,Spain,2016,2016-05,2016-05-31,1.169734,EUR/litre,European Commission Weekly Oil Bulletin,observed_retail_gasoline,observed_retail,True,"Observed Euro-super 95 retail price for Spain, monthly average of official weekly data.",,,0.0,,CHN=regulated domestic product-price mechanism/proxy scenario; controls=observed retail-price pass-through.,0.02488225701672564,41.32601789582243,0.12001846368045088,,101.09814688,1.2295236888853367,,1.2295236888853367,0.5579169894032892,0.0,ARX_one_step_residual_lagged_information,,,,1.0759248987314494,EIA_STEO_July_2026_ex_post_2022plus,88.33242
ESP,Spain,2016,2016-06,2016-06-30,1.1853175,EUR/litre,European Commission Weekly Oil Bulletin,observed_retail_gasoline,observed_retail,True,"Observed Euro-super 95 retail price for Spain, monthly average of official weekly data.",,,0.0,,CHN=regulated domestic product-price mechanism/proxy scenario; controls=observed retail-price pass-through.,0.01323429865475853,42.96023327427858,0.03878260533868927,,99.9656829100892,-0.7183201761216118,,-0.7183201761216118,0.2953291990002094,0.0,ARX_one_step_residual_lagged_information,,,,0.2876069002708758,EIA_STEO_July_2026_ex_post_2022plus,90.16813
ESP,Spain,2016,2016-07,2016-07-31,1.16121,EUR/litre,European Commission Weekly Oil Bulletin,observed_retail_gasoline,observed_retail,True,"Observed Euro-super 95 retail price for Spain, monthly average of official weekly data.",,,0.0,,CHN=regulated domestic product-price mechanism/proxy scenario; controls=observed retail-price pass-through.,-0.02054810627687373,40.66322553721064,-0.054950745672880164,,100.37748799,-1.425686066153098,,-1.425686066153098,-0.7890364899854008,0.0,ARX_one_step_residual_lagged_information,,,,-0.6594625016309432,EIA_STEO_July_2026_ex_post_2022plus,114.61045
ESP,Spain,2016,2016-08,2016-08-31,1.13793,EUR/litre,European Commission Weekly Oil Bulletin,observed_retail_gasoline,observed_retail,True,"Observed Euro-super 95 retail price for Spain, monthly average of official weekly data.",,,0.0,,CHN=regulated domestic product-price mechanism/proxy scenario; controls=observed retail-price pass-through.,-0.02025174252348899,40.90930315589108,0.006033363660247204,,101.50995196,0.9169702583447403,,0.9169702583447403,0.0811910315784664,0.0,ARX_one_step_residual_lagged_information,,,,0.1761257354996075,EIA_STEO_July_2026_ex_post_2022plus,98.73849
ESP,Spain,2016,2016-09,2016-09-30,1.1568875,EUR/litre,European Commission Weekly Oil Bulletin,observed_retail_gasoline,observed_retail,True,"Observed Euro-super 95 retail price for Spain, monthly average of official weekly data.",,,0.0,,CHN=regulated domestic product-price mechanism/proxy scenario; controls=observed retail-price pass-through.,0.016522386868854044,41.51270878016391,0.014642117815030886,,101.92175704,0.9132483586676621,,0.9132483586676621,-0.2376557237578802,0.0,ARX_one_step_residual_lagged_information,,,,0.1396420942526995,EIA_STEO_July_2026_ex_post_2022plus,104.54523
ESP,Spain,2016,2016-10,2016-10-31,1.180732,EUR/litre,European Commission Weekly Oil Bulletin,observed_retail_gasoline,observed_retail,True,"Observed Euro-super 95 retail price for Spain, monthly average of official weekly data.",,,0.0,,CHN=regulated domestic product-price mechanism/proxy scenario; controls=observed retail-price pass-through.,0.02040137587239521,44.96606634130953,0.07990850798108395,,100.89224434,0.4089985262087481,,0.4089985262087481,0.4642565958700504,0.0,ARX_one_step_residual_lagged_information,,,,0.5633942564883699,EIA_STEO_July_2026_ex_post_2022plus,85.74779
ESP,Spain,2016,2016-11,2016-11-30,1.16859,EUR/litre,European Commission Weekly Oil Bulletin,observed_retail_gasoline,observed_retail,True,"Observed Euro-super 95 retail price for Spain, monthly average of official weekly data.",,,0.0,,CHN=regulated domestic product-price mechanism/proxy scenario; controls=observed retail-price pass-through.,-0.010336691276336102,41.46738863799395,-0.08100082163426592,,102.02470831,0.5058179740276003,,0.5058179740276003,-0.9727318577270646,0.0,ARX_one_step_residual_lagged_information,,,,-0.9455471790119578,EIA_STEO_July_2026_ex_post_2022plus,82.918755
ESP,Spain,2016,2016-12,2016-12-31,1.2010366666666668,EUR/litre,European Commission Weekly Oil Bulletin,observed_retail_gasoline,observed_retail,True,"Observed Euro-super 95 retail price for Spain, monthly average of official weekly data.",,,0.0,,CHN=regulated domestic product-price mechanism/proxy scenario; controls=observed retail-price pass-through.,0.027387178892009062,50.56161791071761,0.19828544677352689,,102.02470831,1.2182891830714304,,1.2182891830714304,1.835253781522334,0.0,ARX_one_step_residual_lagged_information,,,,1.6159449639177093,EIA_STEO_July_2026_ex_post_2022plus,102.180466
ESP,Spain,2017,2017-01,2017-01-31,1.2423559999999998,EUR/litre,European Commission Weekly Oil Bulletin,observed_retail_gasoline,observed_retail,True,"Observed Euro-super 95 retail price for Spain, monthly average of official weekly data.",,,0.0,,CHN=regulated domestic product-price mechanism/proxy scenario; controls=observed retail-price pass-through.,0.0338245041544194,51.322546333503,0.014937406160422828,,105.21619767,4.196419910989402,,4.196419910989402,0.3562813201337297,0.0,ARX_one_step_residual_lagged_information,,,,0.212001757557247,EIA_STEO_July_2026_ex_post_2022plus,105.20123
ESP,Spain,2017,2017-02,2017-02-28,1.25033,EUR/litre,European Commission Weekly Oil Bulletin,observed_retail_gasoline,observed_retail,True,"Observed Euro-super 95 retail price for Spain, monthly average of official weekly data.",,,0.0,,CHN=regulated domestic product-price mechanism/proxy scenario; controls=observed retail-price pass-through.,0.006397939572316158,51.52220418565317,0.0038827086840993452,,102.53946466,-0.3007521071569208,,-0.3007521071569208,-0.0616531323660811,0.0,ARX_one_step_residual_lagged_information,,,,0.0441060797080234,EIA_STEO_July_2026_ex_post_2022plus,114.20636
ESP,Spain,2017,2017-03,2017-03-31,1.229195,EUR/litre,European Commission Weekly Oil Bulletin,observed_retail_gasoline,observed_retail,True,"Observed Euro-super 95 retail price for Spain, monthly average of official weekly data.",,,0.0,,CHN=regulated domestic product-price mechanism/proxy scenario; controls=observed retail-price pass-through.,-0.017048032892722276,48.25918561016153,-0.06542667898150434,,102.53946466,1.009090300767923,,1.009090300767923,-0.8914152242102106,0.0,ARX_one_step_residual_lagged_information,,,,-0.5753315680935861,EIA_STEO_July_2026_ex_post_2022plus,96.63588
ESP,Spain,2017,2017-04,2017-04-30,1.23653,EUR/litre,European Commission Weekly Oil Bulletin,observed_retail_gasoline,observed_retail,True,"Observed Euro-super 95 retail price for Spain, monthly average of official weekly data.",,,0.0,,CHN=regulated domestic product-price mechanism/proxy scenario; controls=observed retail-price pass-through.,0.005949586135319179,48.82764158549459,0.011710393426705767,,102.53946466,-1.0983635069573339,,-1.0983635069573339,-0.0009072287261253,0.0,ARX_one_step_residual_lagged_information,,,,0.1225563534111697,EIA_STEO_July_2026_ex_post_2022plus,119.45992
ESP,Spain,2017,2017-05,2017-05-31,1.218598,EUR/litre,European Commission Weekly Oil Bulletin,observed_retail_gasoline,observed_retail,True,"Observed Euro-super 95 retail price for Spain, monthly average of official weekly data.",,,0.0,,CHN=regulated domestic product-price mechanism/proxy scenario; controls=observed retail-price pass-through.,-0.014608052111666742,45.55163755716742,-0.06945000461191153,,103.77487989,2.613214024681998,,2.613214024681998,-0.5808383357267876,0.0,ARX_one_step_residual_lagged_information,,,,-0.3623903429973516,EIA_STEO_July_2026_ex_post_2022plus,102.57996
ESP,Spain,2017,2017-06,2017-06-30,1.18924,EUR/litre,European Commission Weekly Oil Bulletin,observed_retail_gasoline,observed_retail,True,"Observed Euro-super 95 retail price for Spain, monthly average of official weekly data.",,,0.0,,CHN=regulated domestic product-price mechanism/proxy scenario; controls=observed retail-price pass-through.,-0.024386569969291783,41.28062314660803,-0.09845335715565451,,104.80439259,4.726872884291566,,4.726872884291566,-0.9901715991563086,0.0,ARX_one_step_residual_lagged_information,,,,-0.7627598824003294,EIA_STEO_July_2026_ex_post_2022plus,126.78902
ESP,Spain,2017,2017-07,2017-07-31,1.174596,EUR/litre,European Commission Weekly Oil Bulletin,observed_retail_gasoline,observed_retail,True,"Observed Euro-super 95 retail price for Spain, monthly average of official weekly data.",,,0.0,,CHN=regulated domestic product-price mechanism/proxy scenario; controls=observed retail-price pass-through.,-0.012390188948105757,42.051202966508924,0.01849477734716176,,103.36307481,2.9309829231897844,,2.9309829231897844,-0.0220304104529117,0.0,ARX_one_step_residual_lagged_information,,,,0.40613922085245,EIA_STEO_July_2026_ex_post_2022plus,102.81346
ESP,Spain,2017,2017-08,2017-08-31,1.1899675,EUR/litre,European Commission Weekly Oil Bulletin,observed_retail_gasoline,observed_retail,True,"Observed Euro-super 95 retail price for Spain, monthly average of official weekly data.",,,0.0,,CHN=regulated domestic product-price mechanism/proxy scenario; controls=observed retail-price pass-through.,0.013001737140243858,43.7714145081759,0.04009297351031549,,104.28963624,2.7015149618429213,,2.7015149618429213,0.1395144133344559,0.0,ARX_one_step_residual_lagged_information,,,,0.5902347710413575,EIA_STEO_July_2026_ex_post_2022plus,138.53162
ESP,Spain,2017,2017-09,2017-09-30,1.2108225,EUR/litre,European Commission Weekly Oil Bulletin,observed_retail_gasoline,observed_retail,True,"Observed Euro-super 95 retail price for Spain, monthly average of official weekly data.",,,0.0,,CHN=regulated domestic product-price mechanism/proxy scenario; controls=observed retail-price pass-through.,0.017373884921854155,47.136679752928636,0.07407049375270569,,104.80439259,2.78902539565804,,2.78902539565804,0.3826412875684989,0.0,ARX_one_step_residual_lagged_information,,,,0.7577258362578646,EIA_STEO_July_2026_ex_post_2022plus,115.53445
ESP,Spain,2017,2017-10,2017-10-31,1.2062240000000002,EUR/litre,European Commission Weekly Oil Bulletin,observed_retail_gasoline,observed_retail,True,"Observed Euro-super 95 retail price for Spain, monthly average of official weekly data.",,,0.0,,CHN=regulated domestic product-price mechanism/proxy scenario; controls=observed retail-price pass-through.,-0.0038050617133581766,48.921696085703545,0.03716951954160219,,105.62800275,4.587045408696344,,4.587045408696344,-0.0764546837583873,0.0,ARX_one_step_residual_lagged_information,,,,0.2150631197695683,EIA_STEO_July_2026_ex_post_2022plus,91.46157
ESP,Spain,2017,2017-11,2017-11-30,1.2348175,EUR/litre,European Commission Weekly Oil Bulletin,observed_retail_gasoline,observed_retail,True,"Observed Euro-super 95 retail price for Spain, monthly average of official weekly data.",,,0.0,,CHN=regulated domestic product-price mechanism/proxy scenario; controls=observed retail-price pass-through.,0.023428366846427212,53.41066326097361,0.08778943174956355,,106.76046671999998,4.537267391891486,,4.537267391891486,1.031947168545167,0.0,ARX_one_step_residual_lagged_information,,,,0.795920881769235,EIA_STEO_July_2026_ex_post_2022plus,92.596016
ESP,Spain,2017,2017-12,2017-12-31,1.2360133333333332,EUR/litre,European Commission Weekly Oil Bulletin,observed_retail_gasoline,observed_retail,True,"Observed Euro-super 95 retail price for Spain, monthly average of official weekly data.",,,0.0,,CHN=regulated domestic product-price mechanism/proxy scenario; controls=observed retail-price pass-through.,0.0009679605827886129,54.38927307026093,0.018156535643168326,,108.40768703,6.068397776954715,,6.068397776954715,0.2316221454684384,0.0,ARX_one_step_residual_lagged_information,,,,0.2361154289400639,EIA_STEO_July_2026_ex_post_2022plus,82.718254
ESP,Spain,2018,2018-01,2018-01-31,1.25131,EUR/litre,European Commission Weekly Oil Bulletin,observed_retail_gasoline,observed_retail,True,"Observed Euro-super 95 retail price for Spain, monthly average of official weekly data.",,,0.0,,CHN=regulated domestic product-price mechanism/proxy scenario; controls=observed retail-price pass-through.,0.012299856081752547,56.647857699641584,0.04068722212633524,,105.31914894,0.09779951904844708,,0.09779951904844708,0.5307537819846163,0.0,ARX_one_step_residual_lagged_information,,,,0.6466410329828569,EIA_STEO_July_2026_ex_post_2022plus,92.42679
ESP,Spain,2018,2018-02,2018-02-28,1.2393825,EUR/litre,European Commission Weekly Oil Bulletin,observed_retail_gasoline,observed_retail,True,"Observed Euro-super 95 retail price for Spain, monthly average of official weekly data.",,,0.0,,CHN=regulated domestic product-price mechanism/proxy scenario; controls=observed retail-price pass-through.,-0.00957773083475269,52.93538296320238,-0.0677821899734492,,105.52505148,2.870063396488476,,2.870063396488476,-1.0037546449327843,0.0,ARX_one_step_residual_lagged_information,,,,-0.5228083968715923,EIA_STEO_July_2026_ex_post_2022plus,64.49137
ESP,Spain,2018,2018-03,2018-03-31,1.226395,EUR/litre,European Commission Weekly Oil Bulletin,observed_retail_gasoline,observed_retail,True,"Observed Euro-super 95 retail price for Spain, monthly average of official weekly data.",,,0.0,,CHN=regulated domestic product-price mechanism/proxy scenario; controls=observed retail-price pass-through.,-0.010534300116928574,53.52532266668686,0.011082882431034502,,107.995881949211,5.184535074731045,,5.184535074731045,-0.0942745679504046,0.0,ARX_one_step_residual_lagged_information,,,,0.0930713737533477,EIA_STEO_July_2026_ex_post_2022plus,111.962296
ESP,Spain,2018,2018-04,2018-04-30,1.265585,EUR/litre,European Commission Weekly Oil Bulletin,observed_retail_gasoline,observed_retail,True,"Observed Euro-super 95 retail price for Spain, monthly average of official weekly data.",,,0.0,,CHN=regulated domestic product-price mechanism/proxy scenario; controls=observed retail-price pass-through.,0.031455494281147384,58.771429629914756,0.0935009833801379,,105.62800275,2.9675768125585478,,2.9675768125585478,0.8022116118069343,0.0,ARX_one_step_residual_lagged_information,,,,0.8103735825471061,EIA_STEO_July_2026_ex_post_2022plus,123.26347
ESP,Spain,2018,2018-05,2018-05-31,1.311615,EUR/litre,European Commission Weekly Oil Bulletin,observed_retail_gasoline,observed_retail,True,"Observed Euro-super 95 retail price for Spain, monthly average of official weekly data.",,,0.0,,CHN=regulated domestic product-price mechanism/proxy scenario; controls=observed retail-price pass-through.,0.03572473646145283,65.11538710967528,0.10250503624359641,,105.21619767,1.379332216797735,,1.379332216797735,0.61791327286101,0.0,ARX_one_step_residual_lagged_information,,,,0.5988011055133343,EIA_STEO_July_2026_ex_post_2022plus,125.66662
ESP,Spain,2018,2018-06,2018-06-30,1.32966,EUR/litre,European Commission Weekly Oil Bulletin,observed_retail_gasoline,observed_retail,True,"Observed Euro-super 95 retail price for Spain, monthly average of official weekly data.",,,0.0,,CHN=regulated domestic product-price mechanism/proxy scenario; controls=observed retail-price pass-through.,0.013664068118172557,63.710316624106675,-0.021814376530367774,,105.01029513,0.19627091729006452,,0.19627091729006452,0.2164778282618993,0.0,ARX_one_step_residual_lagged_information,,,,-0.3193864990554811,EIA_STEO_July_2026_ex_post_2022plus,103.96859
ESP,Spain,2018,2018-07,2018-07-31,1.321436,EUR/litre,European Commission Weekly Oil Bulletin,observed_retail_gasoline,observed_retail,True,"Observed Euro-super 95 retail price for Spain, monthly average of official weekly data.",,,0.0,,CHN=regulated domestic product-price mechanism/proxy scenario; controls=observed retail-price pass-through.,-0.006204246379833134,63.54926123632473,-0.0025311332392412567,,105.1132464,1.679051795648423,,1.679051795648423,0.2532337563567078,0.0,ARX_one_step_residual_lagged_information,,,,-0.0241107132650339,EIA_STEO_July_2026_ex_post_2022plus,110.02843
ESP,Spain,2018,2018-08,2018-08-31,1.32732,EUR/litre,European Commission Weekly Oil Bulletin,observed_retail_gasoline,observed_retail,True,"Observed Euro-super 95 retail price for Spain, monthly average of official weekly data.",,,0.0,,CHN=regulated domestic product-price mechanism/proxy scenario; controls=observed retail-price pass-through.,0.004442847645185211,62.81970676639525,-0.011546546386484557,,104.80439259,0.49236928745006736,,0.49236928745006736,-0.2271250192287946,0.0,ARX_one_step_residual_lagged_information,,,,-0.2227949159068178,EIA_STEO_July_2026_ex_post_2022plus,112.741684
ESP,Spain,2018,2018-09,2018-09-30,1.3367425,EUR/litre,European Commission Weekly Oil Bulletin,observed_retail_gasoline,observed_retail,True,"Observed Euro-super 95 retail price for Spain, monthly average of official weekly data.",,,0.0,,CHN=regulated domestic product-price mechanism/proxy scenario; controls=observed retail-price pass-through.,0.00707381248815897,67.62130746370575,0.07365430629007896,,104.598490048044,-0.19665689958117127,,-0.19665689958117127,0.853284043900544,0.0,ARX_one_step_residual_lagged_information,,,,0.7721044015297376,EIA_STEO_July_2026_ex_post_2022plus,75.05391
ESP,Spain,2018,2018-10,2018-10-31,1.345382,EUR/litre,European Commission Weekly Oil Bulletin,observed_retail_gasoline,observed_retail,True,"Observed Euro-super 95 retail price for Spain, monthly average of official weekly data.",,,0.0,,CHN=regulated domestic product-price mechanism/proxy scenario; controls=observed retail-price pass-through.,0.00644230339091767,70.54217790868759,0.042287666584137185,,105.73095401999998,0.09741842003316847,,0.09741842003316847,0.3098941070137567,0.0,ARX_one_step_residual_lagged_information,,,,0.2422209714529359,EIA_STEO_July_2026_ex_post_2022plus,92.01648
ESP,Spain,2018,2018-11,2018-11-30,1.304685,EUR/litre,European Commission Weekly Oil Bulletin,observed_retail_gasoline,observed_retail,True,"Observed Euro-super 95 retail price for Spain, monthly average of official weekly data.",,,0.0,,CHN=regulated domestic product-price mechanism/proxy scenario; controls=observed retail-price pass-through.,-0.030716355271465323,56.9782828763354,-0.21354060607025094,,103.98078243,-2.638159846182919,,-2.638159846182919,-1.9526225628805007,0.0,ARX_one_step_residual_lagged_information,,,,-2.079541405844165,EIA_STEO_July_2026_ex_post_2022plus,80.407585
ESP,Spain,2018,2018-12,2018-12-31,1.2259166666666663,EUR/litre,European Commission Weekly Oil Bulletin,observed_retail_gasoline,observed_retail,True,"Observed Euro-super 95 retail price for Spain, monthly average of official weekly data.",,,0.0,,CHN=regulated domestic product-price mechanism/proxy scenario; controls=observed retail-price pass-through.,-0.0622727688475633,50.405262306077546,-0.12257461260346503,,104.18668497,-3.9714662295224024,,-3.9714662295224024,-1.0061364944612583,0.0,ARX_one_step_residual_lagged_information,,,,-1.1251766525266678,EIA_STEO_July_2026_ex_post_2022plus,90.607666
ESP,Spain,2019,2019-01,2019-01-31,1.2028525,EUR/litre,European Commission Weekly Oil Bulletin,observed_retail_gasoline,observed_retail,True,"Observed Euro-super 95 retail price for Spain, monthly average of official weekly data.",,,0.0,,CHN=regulated domestic product-price mechanism/proxy scenario; controls=observed retail-price pass-through.,-0.018993044146083493,52.03298003391933,0.03178216850144144,,107.89293068,2.4144098897832755,,2.4144098897832755,0.188445533632504,0.0,ARX_one_step_residual_lagged_information,,,,0.3188447727567846,EIA_STEO_July_2026_ex_post_2022plus,87.4241
ESP,Spain,2019,2019-02,2019-02-28,1.236485,EUR/litre,European Commission Weekly Oil Bulletin,observed_retail_gasoline,observed_retail,True,"Observed Euro-super 95 retail price for Spain, monthly average of official weekly data.",,,0.0,,CHN=regulated domestic product-price mechanism/proxy scenario; controls=observed retail-price pass-through.,0.027576857556800255,56.35687608409954,0.07982650864073682,,105.73095401999998,0.19493183610324039,,0.19493183610324039,0.3179255869930876,0.0,ARX_one_step_residual_lagged_information,,,,0.6770586293080596,EIA_STEO_July_2026_ex_post_2022plus,96.80016
ESP,Spain,2019,2019-03,2019-03-31,1.266095,EUR/litre,European Commission Weekly Oil Bulletin,observed_retail_gasoline,observed_retail,True,"Observed Euro-super 95 retail price for Spain, monthly average of official weekly data.",,,0.0,,CHN=regulated domestic product-price mechanism/proxy scenario; controls=observed retail-price pass-through.,0.023664683510342233,58.55072519247687,0.038189218229466526,,104.598490048044,-3.1963980257871505,,-3.1963980257871505,0.2509811626919623,0.0,ARX_one_step_residual_lagged_information,,,,0.3042339624987233,EIA_STEO_July_2026_ex_post_2022plus,82.32829
ESP,Spain,2019,2019-04,2019-04-30,1.3205775,EUR/litre,European Commission Weekly Oil Bulletin,observed_retail_gasoline,observed_retail,True,"Observed Euro-super 95 retail price for Spain, monthly average of official weekly data.",,,0.0,,CHN=regulated domestic product-price mechanism/proxy scenario; controls=observed retail-price pass-through.,0.042131780521925566,63.40982597803501,0.0797253574816903,,106.55456418,0.8733679990982068,,0.8733679990982068,0.7415849113131195,0.0,ARX_one_step_residual_lagged_information,,,,0.6807381297896776,EIA_STEO_July_2026_ex_post_2022plus,79.25345
ESP,Spain,2019,2019-05,2019-05-31,1.35644,EUR/litre,European Commission Weekly Oil Bulletin,observed_retail_gasoline,observed_retail,True,"Observed Euro-super 95 retail price for Spain, monthly average of official weekly data.",,,0.0,,CHN=regulated domestic product-price mechanism/proxy scenario; controls=observed retail-price pass-through.,0.026794479737481502,63.7515373878491,0.005374466320483329,,106.03980783,0.7797310479962682,,0.7797310479962682,0.1036321340257055,0.0,ARX_one_step_residual_lagged_information,,,,0.0055781678142461,EIA_STEO_July_2026_ex_post_2022plus,106.4719
ESP,Spain,2019,2019-06,2019-06-30,1.3206375,EUR/litre,European Commission Weekly Oil Bulletin,observed_retail_gasoline,observed_retail,True,"Observed Euro-super 95 retail price for Spain, monthly average of official weekly data.",,,0.0,,CHN=regulated domestic product-price mechanism/proxy scenario; controls=observed retail-price pass-through.,-0.026749046101817442,56.8585465466601,-0.11442675570461613,,105.21619767,0.19588644903647534,,0.19588644903647534,-0.7544511920195658,0.0,ARX_one_step_residual_lagged_information,,,,-0.9745194423062468,EIA_STEO_July_2026_ex_post_2022plus,106.588455
ESP,Spain,2019,2019-07,2019-07-31,1.319828,EUR/litre,European Commission Weekly Oil Bulletin,observed_retail_gasoline,observed_retail,True,"Observed Euro-super 95 retail price for Spain, monthly average of official weekly data.",,,0.0,,CHN=regulated domestic product-price mechanism/proxy scenario; controls=observed retail-price pass-through.,-0.0006131494809237248,57.013700330427966,0.002725051696722325,,104.39258751,-0.68796340312689,,-0.68796340312689,-0.1475646384633109,0.0,ARX_one_step_residual_lagged_information,,,,-0.0488585610737776,EIA_STEO_July_2026_ex_post_2022plus,93.521255
ESP,Spain,2019,2019-08,2019-08-31,1.3187625,EUR/litre,European Commission Weekly Oil Bulletin,observed_retail_gasoline,observed_retail,True,"Observed Euro-super 95 retail price for Spain, monthly average of official weekly data.",,,0.0,,CHN=regulated domestic product-price mechanism/proxy scenario; controls=observed retail-price pass-through.,-0.000807628207496025,53.055410768875234,-0.07195474201045382,,105.42210021,0.5876608504080671,,0.5876608504080671,-0.8952299415487155,0.0,ARX_one_step_residual_lagged_information,,,,-0.7392204902481774,EIA_STEO_July_2026_ex_post_2022plus,103.40442
ESP,Spain,2019,2019-09,2019-09-30,1.310558,EUR/litre,European Commission Weekly Oil Bulletin,observed_retail_gasoline,observed_retail,True,"Observed Euro-super 95 retail price for Spain, monthly average of official weekly data.",,,0.0,,CHN=regulated domestic product-price mechanism/proxy scenario; controls=observed retail-price pass-through.,-0.006240796151506189,57.05816514591163,0.07273433507750848,,105.1132464,0.49091900575790604,,0.49091900575790604,0.7267762189669941,0.0,ARX_one_step_residual_lagged_information,,,,0.5690958721819117,EIA_STEO_July_2026_ex_post_2022plus,90.36799
ESP,Spain,2019,2019-10,2019-10-31,1.30523,EUR/litre,European Commission Weekly Oil Bulletin,observed_retail_gasoline,observed_retail,True,"Observed Euro-super 95 retail price for Spain, monthly average of official weekly data.",,,0.0,,CHN=regulated domestic product-price mechanism/proxy scenario; controls=observed retail-price pass-through.,-0.004073730262774744,54.00134183320994,-0.05506229367604609,,106.76046671999998,0.9689998325594473,,0.9689998325594473,-0.5756594546753463,0.0,ARX_one_step_residual_lagged_information,,,,-0.4753168273233417,EIA_STEO_July_2026_ex_post_2022plus,97.83673
ESP,Spain,2019,2019-11,2019-11-30,1.29821,EUR/litre,European Commission Weekly Oil Bulletin,observed_retail_gasoline,observed_retail,True,"Observed Euro-super 95 retail price for Spain, monthly average of official weekly data.",,,0.0,,CHN=regulated domestic product-price mechanism/proxy scenario; controls=observed retail-price pass-through.,-0.005392877895110948,57.20328355294912,0.05760240649130255,,105.52505148,1.4742281775202315,,1.4742281775202315,0.325523975981759,0.0,ARX_one_step_residual_lagged_information,,,,0.5210974588565558,EIA_STEO_July_2026_ex_post_2022plus,73.078384
ESP,Spain,2019,2019-12,2019-12-31,1.3045866666666666,EUR/litre,European Commission Weekly Oil Bulletin,observed_retail_gasoline,observed_retail,True,"Observed Euro-super 95 retail price for Spain, monthly average of official weekly data.",,,0.0,,CHN=regulated domestic product-price mechanism/proxy scenario; controls=observed retail-price pass-through.,0.0048998675204123265,60.48251512088544,0.05574301549008176,,104.80439259,0.5911347278330759,,0.5911347278330759,0.4989297512798961,0.0,ARX_one_step_residual_lagged_information,,,,0.5626427037356834,EIA_STEO_July_2026_ex_post_2022plus,74.27989
ESP,Spain,2020,2020-01,2020-01-31,1.3216,EUR/litre,European Commission Weekly Oil Bulletin,observed_retail_gasoline,observed_retail,True,"Observed Euro-super 95 retail price for Spain, monthly average of official weekly data.",,,0.0,,CHN=regulated domestic product-price mechanism/proxy scenario; controls=observed retail-price pass-through.,0.012956863703253163,57.35173762512795,-0.05315117527640645,,103.877831159918,-3.792384453220965,,-3.792384453220965,-0.6705064432322924,0.0,ARX_one_step_residual_lagged_information,,,,-0.5101846776295887,EIA_STEO_July_2026_ex_post_2022plus,138.42094
ESP,Spain,2020,2020-02,2020-02-29,1.3007875,EUR/litre,European Commission Weekly Oil Bulletin,observed_retail_gasoline,observed_retail,True,"Observed Euro-super 95 retail price for Spain, monthly average of official weekly data.",,,0.0,,CHN=regulated domestic product-price mechanism/proxy scenario; controls=observed retail-price pass-through.,-0.015873273490433548,51.01396037052977,-0.11710381370183764,,107.06932053,1.257878223878084,,1.257878223878084,-1.4886935956750118,0.0,ARX_one_step_residual_lagged_information,,,,-1.2453944208448664,EIA_STEO_July_2026_ex_post_2022plus,75.95556
ESP,Spain,2020,2020-03,2020-03-31,1.2248100000000002,EUR/litre,European Commission Weekly Oil Bulletin,observed_retail_gasoline,observed_retail,True,"Observed Euro-super 95 retail price for Spain, monthly average of official weekly data.",,,0.0,,CHN=regulated domestic product-price mechanism/proxy scenario; controls=observed retail-price pass-through.,-0.06018412036783441,28.99031079985964,-0.5651376642123283,,90.28826356,-14.712163571364112,,-14.712163571364112,-5.233802918763738,0.0,ARX_one_step_residual_lagged_information,,,,-5.119287024916463,EIA_STEO_July_2026_ex_post_2022plus,81.54003
ESP,Spain,2020,2020-04,2020-04-30,1.1064833333333333,EUR/litre,European Commission Weekly Oil Bulletin,observed_retail_gasoline,observed_retail,True,"Observed Euro-super 95 retail price for Spain, monthly average of official weekly data.",,,0.0,,CHN=regulated domestic product-price mechanism/proxy scenario; controls=observed retail-price pass-through.,-0.10159891204019626,16.906206447859322,-0.5392808638631168,,69.28620452999999,-43.04113761187489,,-43.04113761187489,-5.199309945631854,0.0,ARX_one_step_residual_lagged_information,,,,-5.135860269259506,EIA_STEO_July_2026_ex_post_2022plus,69.3394
ESP,Spain,2020,2020-05,2020-05-31,1.078875,EUR/litre,European Commission Weekly Oil Bulletin,observed_retail_gasoline,observed_retail,True,"Observed Euro-super 95 retail price for Spain, monthly average of official weekly data.",,,0.0,,CHN=regulated domestic product-price mechanism/proxy scenario; controls=observed retail-price pass-through.,-0.025267986328427777,26.936821159182784,0.46581336701285325,,79.9931365820179,-28.187373090981982,,-28.187373090981982,3.9668162669824367,0.0,ARX_one_step_residual_lagged_information,,,,4.331729751051854,EIA_STEO_July_2026_ex_post_2022plus,68.50722
ESP,Spain,2020,2020-06,2020-06-30,1.118502,EUR/litre,European Commission Weekly Oil Bulletin,observed_retail_gasoline,observed_retail,True,"Observed Euro-super 95 retail price for Spain, monthly average of official weekly data.",,,0.0,,CHN=regulated domestic product-price mechanism/proxy scenario; controls=observed retail-price pass-through.,0.036071458497838674,35.76516997909313,0.28348034725563087,,89.87645848,-15.758121491697175,,-15.758121491697175,2.436789638774949,0.0,ARX_one_step_residual_lagged_information,,,,2.909312404330328,EIA_STEO_July_2026_ex_post_2022plus,71.22786
ESP,Spain,2020,2020-07,2020-07-31,1.1603775,EUR/litre,European Commission Weekly Oil Bulletin,observed_retail_gasoline,observed_retail,True,"Observed Euro-super 95 retail price for Spain, monthly average of official weekly data.",,,0.0,,CHN=regulated domestic product-price mechanism/proxy scenario; controls=observed retail-price pass-through.,0.03675509315603914,37.65021082132132,0.05136403951923629,,97.49485244,-6.835909094289772,,-6.835909094289772,0.01030566042997,0.0,ARX_one_step_residual_lagged_information,,,,0.6537384842262939,EIA_STEO_July_2026_ex_post_2022plus,66.47328
ESP,Spain,2020,2020-08,2020-08-31,1.16454,EUR/litre,European Commission Weekly Oil Bulletin,observed_retail_gasoline,observed_retail,True,"Observed Euro-super 95 retail price for Spain, monthly average of official weekly data.",,,0.0,,CHN=regulated domestic product-price mechanism/proxy scenario; controls=observed retail-price pass-through.,0.003580776046991141,37.81297189252873,0.004313661781488953,,100.99519561,-4.289934604733769,,-4.289934604733769,-0.0329631673480962,0.0,ARX_one_step_residual_lagged_information,,,,0.3086337464573048,EIA_STEO_July_2026_ex_post_2022plus,65.46605
ESP,Spain,2020,2020-09,2020-09-30,1.1642625,EUR/litre,European Commission Weekly Oil Bulletin,observed_retail_gasoline,observed_retail,True,"Observed Euro-super 95 retail price for Spain, monthly average of official weekly data.",,,0.0,,CHN=regulated domestic product-price mechanism/proxy scenario; controls=observed retail-price pass-through.,-0.00023831991017986276,34.71477453319452,-0.0854868401263702,,101.09814688,-3.894650981329928,,-3.894650981329928,-1.337846087993822,0.0,ARX_one_step_residual_lagged_information,,,,-0.8320689060780462,EIA_STEO_July_2026_ex_post_2022plus,80.37738
ESP,Spain,2020,2020-10,2020-10-31,1.1601475,EUR/litre,European Commission Weekly Oil Bulletin,observed_retail_gasoline,observed_retail,True,"Observed Euro-super 95 retail price for Spain, monthly average of official weekly data.",,,0.0,,CHN=regulated domestic product-price mechanism/proxy scenario; controls=observed retail-price pass-through.,-0.0035406871412202723,34.15295152114984,-0.01631636496218425,,102.64241593,-3.9336438271728724,,-3.9336438271728724,-0.5674547419519714,0.0,ARX_one_step_residual_lagged_information,,,,-0.1695395031828312,EIA_STEO_July_2026_ex_post_2022plus,76.08317
ESP,Spain,2020,2020-11,2020-11-30,1.152632,EUR/litre,European Commission Weekly Oil Bulletin,observed_retail_gasoline,observed_retail,True,"Observed Euro-super 95 retail price for Spain, monthly average of official weekly data.",,,0.0,,CHN=regulated domestic product-price mechanism/proxy scenario; controls=observed retail-price pass-through.,-0.00649912925440177,36.100885624820606,0.055468387154378185,,103.26012355,-2.1697103569850995,,-2.1697103569850995,0.159158192905724,0.0,ARX_one_step_residual_lagged_information,,,,0.5531928001953953,EIA_STEO_July_2026_ex_post_2022plus,70.06747
ESP,Spain,2020,2020-12,2020-12-31,1.17696,EUR/litre,European Commission Weekly Oil Bulletin,observed_retail_gasoline,observed_retail,True,"Observed Euro-super 95 retail price for Spain, monthly average of official weekly data.",,,0.0,,CHN=regulated domestic product-price mechanism/proxy scenario; controls=observed retail-price pass-through.,0.020886820041012832,41.08726943837388,0.12938092991459005,,103.36307481,-1.3847896894716882,,-1.3847896894716882,0.9731595394932884,0.0,ARX_one_step_residual_lagged_information,,,,1.4542880617593923,EIA_STEO_July_2026_ex_post_2022plus,64.06729
ESP,Spain,2021,2021-01,2021-01-31,1.2135066666666667,EUR/litre,European Commission Weekly Oil Bulletin,observed_retail_gasoline,observed_retail,True,"Observed Euro-super 95 retail price for Spain, monthly average of official weekly data.",,,0.0,,CHN=regulated domestic product-price mechanism/proxy scenario; controls=observed retail-price pass-through.,0.03057939692652234,44.98023070940269,0.09052474817724088,,102.95126974,-0.895974129694288,,-0.895974129694288,0.3836631169226632,0.0,ARX_one_step_residual_lagged_information,,,,0.8389414996582737,EIA_STEO_July_2026_ex_post_2022plus,77.4187
ESP,Spain,2021,2021-02,2021-02-28,1.2462875,EUR/litre,European Commission Weekly Oil Bulletin,observed_retail_gasoline,observed_retail,True,"Observed Euro-super 95 retail price for Spain, monthly average of official weekly data.",,,0.0,,CHN=regulated domestic product-price mechanism/proxy scenario; controls=observed retail-price pass-through.,0.026654892191733476,51.49516905924969,0.13526492292173797,,101.81880577,-5.028166054453109,,-5.028166054453109,1.0471454699695986,0.0,ARX_one_step_residual_lagged_information,,,,1.1814795261633393,EIA_STEO_July_2026_ex_post_2022plus,73.9568
ESP,Spain,2021,2021-03,2021-03-31,1.305196,EUR/litre,European Commission Weekly Oil Bulletin,observed_retail_gasoline,observed_retail,True,"Observed Euro-super 95 retail price for Spain, monthly average of official weekly data.",,,0.0,,CHN=regulated domestic product-price mechanism/proxy scenario; controls=observed retail-price pass-through.,0.04618408895589285,54.962697460117845,0.06516672853896521,,104.392587508579,14.515119172633906,,14.515119172633906,0.5541671762649659,0.0,ARX_one_step_residual_lagged_information,,,,0.4485084381959874,EIA_STEO_July_2026_ex_post_2022plus,78.61877
ESP,Spain,2021,2021-04,2021-04-30,1.3205933333333333,EUR/litre,European Commission Weekly Oil Bulletin,observed_retail_gasoline,observed_retail,True,"Observed Euro-super 95 retail price for Spain, monthly average of official weekly data.",,,0.0,,CHN=regulated domestic product-price mechanism/proxy scenario; controls=observed retail-price pass-through.,0.01172790948726904,54.16553056734636,-0.014609988393534223,,102.23061085,38.89853344550956,,38.89853344550956,0.1862069716688893,0.0,ARX_one_step_residual_lagged_information,,,,-0.0910692194610425,EIA_STEO_July_2026_ex_post_2022plus,88.16622
ESP,Spain,2021,2021-05,2021-05-31,1.3457940000000002,EUR/litre,European Commission Weekly Oil Bulletin,observed_retail_gasoline,observed_retail,True,"Observed Euro-super 95 retail price for Spain, monthly average of official weekly data.",,,0.0,,CHN=regulated domestic product-price mechanism/proxy scenario; controls=observed retail-price pass-through.,0.018903042892203126,56.425907446697146,0.04088366618559913,,102.436513383665,24.730238679094363,,24.730238679094363,0.4497531915213519,0.0,ARX_one_step_residual_lagged_information,,,,0.5117128393307618,EIA_STEO_July_2026_ex_post_2022plus,93.00713
ESP,Spain,2021,2021-06,2021-06-30,1.3708175,EUR/litre,European Commission Weekly Oil Bulletin,observed_retail_gasoline,observed_retail,True,"Observed Euro-super 95 retail price for Spain, monthly average of official weekly data.",,,0.0,,CHN=regulated domestic product-price mechanism/proxy scenario; controls=observed retail-price pass-through.,0.01842310375731604,60.73294818034544,0.07355794950489969,,99.96568291,10.639091240989895,,10.639091240989895,0.4549932173511998,0.0,ARX_one_step_residual_lagged_information,,,,0.5990337861743334,EIA_STEO_July_2026_ex_post_2022plus,74.12712
ESP,Spain,2021,2021-07,2021-07-31,1.4022575000000002,EUR/litre,European Commission Weekly Oil Bulletin,observed_retail_gasoline,observed_retail,True,"Observed Euro-super 95 retail price for Spain, monthly average of official weekly data.",,,0.0,,CHN=regulated domestic product-price mechanism/proxy scenario; controls=observed retail-price pass-through.,0.02267616073428258,63.585176108601566,0.04589400869434179,,101.30404942,3.8326803863881764,,3.8326803863881764,0.3769608296477943,0.0,ARX_one_step_residual_lagged_information,,,,0.2441988040870252,EIA_STEO_July_2026_ex_post_2022plus,58.42077
ESP,Spain,2021,2021-08,2021-08-31,1.416732,EUR/litre,European Commission Weekly Oil Bulletin,observed_retail_gasoline,observed_retail,True,"Observed Euro-super 95 retail price for Spain, monthly average of official weekly data.",,,0.0,,CHN=regulated domestic product-price mechanism/proxy scenario; controls=observed retail-price pass-through.,0.010269372912904695,60.124726314345025,-0.055959186654065185,,103.77487989,2.715098903854507,,2.715098903854507,-0.2830597305679688,0.0,ARX_one_step_residual_lagged_information,,,,-0.5655219548259344,EIA_STEO_July_2026_ex_post_2022plus,89.48655
ESP,Spain,2021,2021-09,2021-09-30,1.4310725,EUR/litre,European Commission Weekly Oil Bulletin,observed_retail_gasoline,observed_retail,True,"Observed Euro-super 95 retail price for Spain, monthly average of official weekly data.",,,0.0,,CHN=regulated domestic product-price mechanism/proxy scenario; controls=observed retail-price pass-through.,0.01007135231047318,63.31716312411374,0.05173525532876688,,102.23061085,1.1139355719195443,,1.1139355719195443,0.5185963091691657,0.0,ARX_one_step_residual_lagged_information,,,,0.4710994601392794,EIA_STEO_July_2026_ex_post_2022plus,80.69697
ESP,Spain,2021,2021-10,2021-10-31,1.47389,EUR/litre,European Commission Weekly Oil Bulletin,observed_retail_gasoline,observed_retail,True,"Observed Euro-super 95 retail price for Spain, monthly average of official weekly data.",,,0.0,,CHN=regulated domestic product-price mechanism/proxy scenario; controls=observed retail-price pass-through.,0.029481000954388215,72.01722437933769,0.12874888609655688,,102.53946466,-0.10035123797829115,,-0.10035123797829115,1.1039672592649925,0.0,ARX_one_step_residual_lagged_information,,,,1.054700192682048,EIA_STEO_July_2026_ex_post_2022plus,79.029236
ESP,Spain,2021,2021-11,2021-11-30,1.510178,EUR/litre,European Commission Weekly Oil Bulletin,observed_retail_gasoline,observed_retail,True,"Observed Euro-super 95 retail price for Spain, monthly average of official weekly data.",,,0.0,,CHN=regulated domestic product-price mechanism/proxy scenario; controls=observed retail-price pass-through.,0.024322360557389955,71.00757033623715,-0.014118822085146476,,105.42210021,2.0721017594297564,,2.0721017594297564,-0.0706849995392918,0.0,ARX_one_step_residual_lagged_information,,,,-0.2849249323065002,EIA_STEO_July_2026_ex_post_2022plus,86.569145
ESP,Spain,2021,2021-12,2021-12-31,1.4813433333333332,EUR/litre,European Commission Weekly Oil Bulletin,observed_retail_gasoline,observed_retail,True,"Observed Euro-super 95 retail price for Spain, monthly average of official weekly data.",,,0.0,,CHN=regulated domestic product-price mechanism/proxy scenario; controls=observed retail-price pass-through.,-0.019278190912584425,65.63319969594447,-0.0787048349571835,,106.451612903226,2.944275482885317,,2.944275482885317,-0.6113686709374714,0.0,ARX_one_step_residual_lagged_information,,,,-0.8254577822011292,EIA_STEO_July_2026_ex_post_2022plus,105.34542
ESP,Spain,2022,2022-01,2022-01-31,1.505994,EUR/litre,European Commission Weekly Oil Bulletin,observed_retail_gasoline,observed_retail,True,"Observed Euro-super 95 retail price for Spain, monthly average of official weekly data.",,,0.0,,CHN=regulated domestic product-price mechanism/proxy scenario; controls=observed retail-price pass-through.,0.01650381154446484,76.4436317859141,0.15247196897890536,,105.93685656,2.858745682869124,,2.858745682869124,1.5810680213281163,0.0,ARX_one_step_residual_lagged_information,,,,1.416968417780749,EIA_STEO_July_2026_ex_post_2022plus,138.67499
ESP,Spain,2022,2022-02,2022-02-28,1.58371,EUR/litre,European Commission Weekly Oil Bulletin,observed_retail_gasoline,observed_retail,True,"Observed Euro-super 95 retail price for Spain, monthly average of official weekly data.",,,0.0,,CHN=regulated domestic product-price mechanism/proxy scenario; controls=observed retail-price pass-through.,0.05031705051679586,85.5882376507387,0.11299423325068148,,105.31914894,3.3800434318833616,,3.3800434318833616,1.0703315474347286,0.0,ARX_one_step_residual_lagged_information,,,,1.065599386143739,EIA_STEO_July_2026_ex_post_2022plus,216.15901
ESP,Spain,2022,2022-03,2022-03-31,1.7890175,EUR/litre,European Commission Weekly Oil Bulletin,observed_retail_gasoline,observed_retail,True,"Observed Euro-super 95 retail price for Spain, monthly average of official weekly data.",,,0.0,,CHN=regulated domestic product-price mechanism/proxy scenario; controls=observed retail-price pass-through.,0.12189639065704028,106.41239381648685,0.21777419027777611,,101.40700069,-2.9016542942962964,,-2.9016542942962964,1.922395201592899,0.0,ARX_one_step_residual_lagged_information,-1.0065993210972508,0.0181492869995741,1.5770688740536394,1.7349150673297866,EIA_STEO_July_2026_ex_post_2022plus,318.95493
ESP,Spain,2022,2022-04,2022-04-30,1.8069266666666663,EUR/litre,European Commission Weekly Oil Bulletin,observed_retail_gasoline,observed_retail,True,"Observed Euro-super 95 retail price for Spain, monthly average of official weekly data.",,,0.0,,CHN=regulated domestic product-price mechanism/proxy scenario; controls=observed retail-price pass-through.,0.009960841388444996,96.81878536452216,-0.09448101422386568,,107.1722718,4.72064045937568,,4.72064045937568,-0.6789392095214486,0.0,ARX_one_step_residual_lagged_information,-0.1461343783478032,-1.6477127361273944,-2.144783681849617,-1.0627055388305418,EIA_STEO_July_2026_ex_post_2022plus,191.1431
ESP,Spain,2022,2022-05,2022-05-31,1.904424,EUR/litre,European Commission Weekly Oil Bulletin,observed_retail_gasoline,observed_retail,True,"Observed Euro-super 95 retail price for Spain, monthly average of official weekly data.",,,0.0,,CHN=regulated domestic product-price mechanism/proxy scenario; controls=observed retail-price pass-through.,0.052552172784970486,107.2643820808815,0.10245560833625245,,107.584076870281,4.9029427240316,,4.9029427240316,1.1039174182479583,0.0,ARX_one_step_residual_lagged_information,0.2782729613369721,0.1705525783912704,0.9676004022294366,0.7385727675198195,EIA_STEO_July_2026_ex_post_2022plus,142.25848
ESP,Spain,2022,2022-06,2022-06-30,2.1089575,EUR/litre,European Commission Weekly Oil Bulletin,observed_retail_gasoline,observed_retail,True,"Observed Euro-super 95 retail price for Spain, monthly average of official weekly data.",,,0.0,,CHN=regulated domestic product-price mechanism/proxy scenario; controls=observed retail-price pass-through.,0.10201414890963845,116.13631734896336,0.07946800324468128,,106.03980783,5.898761298703548,,5.898761298703548,1.4204844064848343,0.0,ARX_one_step_residual_lagged_information,-0.8531357311139594,1.7693744958686008,1.301702671732937,0.7292934422446856,EIA_STEO_July_2026_ex_post_2022plus,130.70732
ESP,Spain,2022,2022-07,2022-07-31,2.041615,EUR/litre,European Commission Weekly Oil Bulletin,observed_retail_gasoline,observed_retail,True,"Observed Euro-super 95 retail price for Spain, monthly average of official weekly data.",,,0.0,,CHN=regulated domestic product-price mechanism/proxy scenario; controls=observed retail-price pass-through.,-0.03245258824288377,110.08091948603908,-0.05354892367931274,,105.83390529,4.374454897822044,,4.374454897822044,-0.4806703313575357,0.0,ARX_one_step_residual_lagged_information,-1.1071407029483085,-0.3915175098824278,-1.1564901391733493,-0.8559327971030861,EIA_STEO_July_2026_ex_post_2022plus,117.176765
ESP,Spain,2022,2022-08,2022-08-31,1.828408,EUR/litre,European Commission Weekly Oil Bulletin,observed_retail_gasoline,observed_retail,True,"Observed Euro-super 95 retail price for Spain, monthly average of official weekly data.",,,0.0,,CHN=regulated domestic product-price mechanism/proxy scenario; controls=observed retail-price pass-through.,-0.1102955184439518,99.18328840960662,-0.10424619055290929,,106.55456418,2.6433257136028843,,2.6433257136028843,-0.326717240364054,0.0,ARX_one_step_residual_lagged_information,-0.292921464944351,-0.8158523115998736,-1.077247986154523,-1.0058533166977166,EIA_STEO_July_2026_ex_post_2022plus,132.86322
ESP,Spain,2022,2022-09,2022-09-30,1.7295349999999998,EUR/litre,European Commission Weekly Oil Bulletin,observed_retail_gasoline,observed_retail,True,"Observed Euro-super 95 retail price for Spain, monthly average of official weekly data.",,,0.0,,CHN=regulated domestic product-price mechanism/proxy scenario; controls=observed retail-price pass-through.,-0.05559305662302039,90.70144185261816,-0.08939628254990062,,106.55456418,4.142604166365338,,4.142604166365338,-0.9341469186120064,0.0,ARX_one_step_residual_lagged_information,0.0002699968113363,0.2110253233709895,-1.4383260217963714,-1.0448689963496265,EIA_STEO_July_2026_ex_post_2022plus,131.98587
ESP,Spain,2022,2022-10,2022-10-31,1.733412,EUR/litre,European Commission Weekly Oil Bulletin,observed_retail_gasoline,observed_retail,True,"Observed Euro-super 95 retail price for Spain, monthly average of official weekly data.",,,0.0,,CHN=regulated domestic product-price mechanism/proxy scenario; controls=observed retail-price pass-through.,0.0022391342517514845,94.73294957174477,0.04348862208337945,,104.49553878,1.8896633843056065,,1.8896633843056065,0.9824903126999572,0.0,ARX_one_step_residual_lagged_information,0.1220815835578238,-2.349045123913712,0.5797360556193126,0.3549288380414978,EIA_STEO_July_2026_ex_post_2022plus,143.16241
ESP,Spain,2022,2022-11,2022-11-30,1.76284,EUR/litre,European Commission Weekly Oil Bulletin,observed_retail_gasoline,observed_retail,True,"Observed Euro-super 95 retail price for Spain, monthly average of official weekly data.",,,0.0,,CHN=regulated domestic product-price mechanism/proxy scenario; controls=observed retail-price pass-through.,0.01683442439658167,89.73186010345955,-0.054235984918542535,,103.98078243,-1.3766195799648884,,-1.3766195799648884,0.2475833527162003,0.0,ARX_one_step_residual_lagged_information,-0.1065800475073294,0.1156073078361167,-0.0009838159336983,-0.197192597872037,EIA_STEO_July_2026_ex_post_2022plus,116.716286
ESP,Spain,2022,2022-12,2022-12-31,1.62156,EUR/litre,European Commission Weekly Oil Bulletin,observed_retail_gasoline,observed_retail,True,"Observed Euro-super 95 retail price for Spain, monthly average of official weekly data.",,,0.0,,CHN=regulated domestic product-price mechanism/proxy scenario; controls=observed retail-price pass-through.,-0.08353749604552985,76.41324244818966,-0.16066987947516864,,105.010295126973,-1.3632148790061471,,-1.3632148790061471,-1.3933163065402654,0.0,ARX_one_step_residual_lagged_information,0.6273075468526614,1.3108545958145574,-1.9081433053142292,-1.1324502352122976,EIA_STEO_July_2026_ex_post_2022plus,111.19594
ESP,Spain,2023,2023-01,2023-01-31,1.623432,EUR/litre,European Commission Weekly Oil Bulletin,observed_retail_gasoline,observed_retail,True,"Observed Euro-super 95 retail price for Spain, monthly average of official weekly data.",,,0.0,,CHN=regulated domestic product-price mechanism/proxy scenario; controls=observed retail-price pass-through.,0.0011537780109583395,76.5618457334449,0.0019428435540103095,,104.70144132,-1.1730339815562374,,-1.1730339815562374,-0.1362017123909658,0.0,ARX_one_step_residual_lagged_information,0.1257062260210339,-2.376852943604539,0.3712807158762576,0.1731194061007357,EIA_STEO_July_2026_ex_post_2022plus,104.267044
ESP,Spain,2023,2023-02,2023-02-28,1.63943,EUR/litre,European Commission Weekly Oil Bulletin,observed_retail_gasoline,observed_retail,True,"Observed Euro-super 95 retail price for Spain, monthly average of official weekly data.",,,0.0,,CHN=regulated domestic product-price mechanism/proxy scenario; controls=observed retail-price pass-through.,0.009806193580366551,77.17240887576307,0.007943139986326564,,103.671928620453,-1.5763873269427187,,-1.5763873269427187,-0.2064568592249621,0.0,ARX_one_step_residual_lagged_information,-0.3410759897279797,1.261675081781293,0.7094859485014099,0.0039916586781382,EIA_STEO_July_2026_ex_post_2022plus,120.99438
ESP,Spain,2023,2023-03,2023-03-31,1.6359,EUR/litre,European Commission Weekly Oil Bulletin,observed_retail_gasoline,observed_retail,True,"Observed Euro-super 95 retail price for Spain, monthly average of official weekly data.",,,0.0,,CHN=regulated domestic product-price mechanism/proxy scenario; controls=observed retail-price pass-through.,-0.002155508829194297,73.23313951047788,-0.05239395109555822,,105.525051475635,3.9806250364346596,,3.9806250364346596,-0.2346375777480235,0.0,ARX_one_step_residual_lagged_information,-0.5978459691440822,0.866013951758538,-0.0251238238492574,-0.4821307967247998,EIA_STEO_July_2026_ex_post_2022plus,105.379974
ESP,Spain,2023,2023-04,2023-04-30,1.64118,EUR/litre,European Commission Weekly Oil Bulletin,observed_retail_gasoline,observed_retail,True,"Observed Euro-super 95 retail price for Spain, monthly average of official weekly data.",,,0.0,,CHN=regulated domestic product-price mechanism/proxy scenario; controls=observed retail-price pass-through.,0.003222383688437469,77.21266367927558,0.052915436803451676,,103.98078242965,-3.023145886035472,,-3.023145886035472,0.9255214358403244,0.0,ARX_one_step_residual_lagged_information,0.73745645972952,-0.5069858441380255,0.9591043655415706,0.6984580366746174,EIA_STEO_July_2026_ex_post_2022plus,106.809654
ESP,Spain,2023,2023-05,2023-05-31,1.592568,EUR/litre,European Commission Weekly Oil Bulletin,observed_retail_gasoline,observed_retail,True,"Observed Euro-super 95 retail price for Spain, monthly average of official weekly data.",,,0.0,,CHN=regulated domestic product-price mechanism/proxy scenario; controls=observed retail-price pass-through.,-0.03006768759688444,69.45245242212528,-0.10592110024386425,,103.260123541524,-4.102137643696935,,-4.102137643696935,-1.147490113914091,0.0,ARX_one_step_residual_lagged_information,-0.3295831531959921,0.2245607169064824,-1.3532619292581174,-1.0658903841627825,EIA_STEO_July_2026_ex_post_2022plus,108.46768
ESP,Spain,2023,2023-06,2023-06-30,1.5943550000000002,EUR/litre,European Commission Weekly Oil Bulletin,observed_retail_gasoline,observed_retail,True,"Observed Euro-super 95 retail price for Spain, monthly average of official weekly data.",,,0.0,,CHN=regulated domestic product-price mechanism/proxy scenario; controls=observed retail-price pass-through.,0.0011214580253667283,69.0428982361901,-0.0059143556491187965,,103.774879890185,-2.159063264615657,,-2.159063264615657,0.0600737387890764,0.0,ARX_one_step_residual_lagged_information,-0.1612810686029946,2.025246693694372,0.3859428456194001,-0.0824950425078528,EIA_STEO_July_2026_ex_post_2022plus,110.528946
ESP,Spain,2023,2023-07,2023-07-31,1.6106660000000002,EUR/litre,European Commission Weekly Oil Bulletin,observed_retail_gasoline,observed_retail,True,"Observed Euro-super 95 retail price for Spain, monthly average of official weekly data.",,,0.0,,CHN=regulated domestic product-price mechanism/proxy scenario; controls=observed retail-price pass-through.,0.010178492322125587,72.39283410020285,0.04737929299521948,,103.56897735072098,-2.163309540425473,,-2.163309540425473,0.6620500987538598,0.0,ARX_one_step_residual_lagged_information,0.2407922554032768,-0.2884870142408646,0.9265930743431204,0.6236721502550346,EIA_STEO_July_2026_ex_post_2022plus,107.448784
ESP,Spain,2023,2023-08,2023-08-31,1.7007675,EUR/litre,European Commission Weekly Oil Bulletin,observed_retail_gasoline,observed_retail,True,"Observed Euro-super 95 retail price for Spain, monthly average of official weekly data.",,,0.0,,CHN=regulated domestic product-price mechanism/proxy scenario; controls=observed retail-price pass-through.,0.054431861711189244,78.96505759601008,0.08689812773168004,,102.84831847,-3.540192704499834,,-3.540192704499834,0.5974681965228895,0.0,ARX_one_step_residual_lagged_information,-0.1253284831553398,-0.5749444993505445,1.3085877528860088,0.6666653733488299,EIA_STEO_July_2026_ex_post_2022plus,101.14118
ESP,Spain,2023,2023-09,2023-09-30,1.7444425,EUR/litre,European Commission Weekly Oil Bulletin,observed_retail_gasoline,observed_retail,True,"Observed Euro-super 95 retail price for Spain, monthly average of official weekly data.",,,0.0,,CHN=regulated domestic product-price mechanism/proxy scenario; controls=observed retail-price pass-through.,0.02535540059951713,87.82655047177246,0.10635840639275163,,103.56897735072098,-2.841935510586868,,-2.841935510586868,1.1863314246320713,0.0,ARX_one_step_residual_lagged_information,-0.9313361053345596,-0.3883915338688654,1.7988485894835846,0.7737924217185663,EIA_STEO_July_2026_ex_post_2022plus,98.63481
ESP,Spain,2023,2023-10,2023-10-31,1.6931660000000002,EUR/litre,European Commission Weekly Oil Bulletin,observed_retail_gasoline,observed_retail,True,"Observed Euro-super 95 retail price for Spain, monthly average of official weekly data.",,,0.0,,CHN=regulated domestic product-price mechanism/proxy scenario; controls=observed retail-price pass-through.,-0.029834871226006032,85.75617871833008,-0.02385571362660066,,102.64241593,-1.7893121463273154,,-1.7893121463273154,0.0954693816472539,0.0,ARX_one_step_residual_lagged_information,-0.5450745786020462,-0.9512388700907632,-0.2268851255126473,-0.3190547350622526,EIA_STEO_July_2026_ex_post_2022plus,197.88701
ESP,Spain,2023,2023-11,2023-11-30,1.6129425,EUR/litre,European Commission Weekly Oil Bulletin,observed_retail_gasoline,observed_retail,True,"Observed Euro-super 95 retail price for Spain, monthly average of official weekly data.",,,0.0,,CHN=regulated domestic product-price mechanism/proxy scenario; controls=observed retail-price pass-through.,-0.048539998495190806,76.66971822467737,-0.11200131608092345,,104.083733699382,0.09896091817971353,,0.09896091817971353,-0.4738513627810214,0.0,ARX_one_step_residual_lagged_information,-0.0010804313463027,0.7161848335558986,-0.8649564873363561,-0.8216812308212115,EIA_STEO_July_2026_ex_post_2022plus,156.69614
ESP,Spain,2023,2023-12,2023-12-31,1.5497025,EUR/litre,European Commission Weekly Oil Bulletin,observed_retail_gasoline,observed_retail,True,"Observed Euro-super 95 retail price for Spain, monthly average of official weekly data.",,,0.0,,CHN=regulated domestic product-price mechanism/proxy scenario; controls=observed retail-price pass-through.,-0.039997173621231286,71.16785351043693,-0.07446560157039084,,102.84831847,-2.0803127557756262,,-2.0803127557756262,-0.8493628951263789,0.0,ARX_one_step_residual_lagged_information,0.2473668489230205,0.5002792624080379,-0.7547883177021754,-0.6169674999765228,EIA_STEO_July_2026_ex_post_2022plus,142.27946
ESP,Spain,2024,2024-01,2024-01-31,1.537894,EUR/litre,European Commission Weekly Oil Bulletin,observed_retail_gasoline,observed_retail,True,"Observed Euro-super 95 retail price for Spain, monthly average of official weekly data.",,,0.0,,CHN=regulated domestic product-price mechanism/proxy scenario; controls=observed retail-price pass-through.,-0.007649028993201579,73.51730023948647,0.03247953510670065,,105.422100205903,0.6859409529658578,,0.6859409529658578,0.1289068697168128,0.0,ARX_one_step_residual_lagged_information,1.6419523155192652,-1.676517032990502,-0.2153688039706747,0.2868767271983697,EIA_STEO_July_2026_ex_post_2022plus,160.37366
ESP,Spain,2024,2024-02,2024-02-29,1.584215,EUR/litre,European Commission Weekly Oil Bulletin,observed_retail_gasoline,observed_retail,True,"Observed Euro-super 95 retail price for Spain, monthly average of official weekly data.",,,0.0,,CHN=regulated domestic product-price mechanism/proxy scenario; controls=observed retail-price pass-through.,0.029675068472557575,77.34583672807462,0.05076599582779906,,106.966369251887,3.1283098380661123,,3.1283098380661123,0.4772604335319077,0.0,ARX_one_step_residual_lagged_information,-0.3506955281109208,0.8216269591485711,0.8415975139787104,0.3737731033970987,EIA_STEO_July_2026_ex_post_2022plus,146.59818
ESP,Spain,2024,2024-03,2024-03-31,1.61922,EUR/litre,European Commission Weekly Oil Bulletin,observed_retail_gasoline,observed_retail,True,"Observed Euro-super 95 retail price for Spain, monthly average of official weekly data.",,,0.0,,CHN=regulated domestic product-price mechanism/proxy scenario; controls=observed retail-price pass-through.,0.021855535308714924,78.57272284628296,0.01573784986693383,,104.289636238847,-1.1776387323825688,,-1.1776387323825688,0.4585742395844509,0.0,ARX_one_step_residual_lagged_information,-0.9394214653003268,-0.218782261100837,0.7415869791796121,0.2059987010644816,EIA_STEO_July_2026_ex_post_2022plus,133.21317
ESP,Spain,2024,2024-04,2024-04-30,1.67149,EUR/litre,European Commission Weekly Oil Bulletin,observed_retail_gasoline,observed_retail,True,"Observed Euro-super 95 retail price for Spain, monthly average of official weekly data.",,,0.0,,CHN=regulated domestic product-price mechanism/proxy scenario; controls=observed retail-price pass-through.,0.031770892396423,83.8710975877504,0.0652564660602808,,103.98078242965,0.0,,0.0,0.5833845726716669,0.0,ARX_one_step_residual_lagged_information,0.0524693730823447,0.4241423653216205,0.1921506745659527,0.4724081417646454,EIA_STEO_July_2026_ex_post_2022plus,163.94734
ESP,Spain,2024,2024-05,2024-05-31,1.665935,EUR/litre,European Commission Weekly Oil Bulletin,observed_retail_gasoline,observed_retail,True,"Observed Euro-super 95 retail price for Spain, monthly average of official weekly data.",,,0.0,,CHN=regulated domestic product-price mechanism/proxy scenario; controls=observed retail-price pass-through.,-0.0033289168325261187,75.62179345029281,-0.10353655289008046,,103.157172271791,-0.09975063171321352,,-0.09975063171321352,-0.5039500293191513,0.0,ARX_one_step_residual_lagged_information,-0.5104034817820186,0.5114751952490312,-1.5662552012988609,-0.8883495772932078,EIA_STEO_July_2026_ex_post_2022plus,130.52187
ESP,Spain,2024,2024-06,2024-06-30,1.6240275,EUR/litre,European Commission Weekly Oil Bulletin,observed_retail_gasoline,observed_retail,True,"Observed Euro-super 95 retail price for Spain, monthly average of official weekly data.",,,0.0,,CHN=regulated domestic product-price mechanism/proxy scenario; controls=observed retail-price pass-through.,-0.025477352283626797,76.41689746659422,0.010459327951701347,,103.774879890185,0.0,,0.0,0.142921377583839,0.0,ARX_one_step_residual_lagged_information,0.135415096587442,0.8578224166918471,0.2823280479124487,0.0509880659209963,EIA_STEO_July_2026_ex_post_2022plus,113.0928
ESP,Spain,2024,2024-07,2024-07-31,1.620324,EUR/litre,European Commission Weekly Oil Bulletin,observed_retail_gasoline,observed_retail,True,"Observed Euro-super 95 retail price for Spain, monthly average of official weekly data.",,,0.0,,CHN=regulated domestic product-price mechanism/proxy scenario; controls=observed retail-price pass-through.,-0.0022830458466940318,78.50849226080761,0.027002957856998577,,102.848318462594,-0.6982572011137833,,-0.6982572011137833,0.7229795488506434,0.0,ARX_one_step_residual_lagged_information,-0.0842321717449407,0.4767769704758104,0.9668853973155548,0.3157816699956526,EIA_STEO_July_2026_ex_post_2022plus,92.394875
ESP,Spain,2024,2024-08,2024-08-31,1.5854775,EUR/litre,European Commission Weekly Oil Bulletin,observed_retail_gasoline,observed_retail,True,"Observed Euro-super 95 retail price for Spain, monthly average of official weekly data.",,,0.0,,CHN=regulated domestic product-price mechanism/proxy scenario; controls=observed retail-price pass-through.,-0.021740505458295034,72.92292082191923,-0.07380379643998314,,102.02470831,-0.8040244338972435,,-0.8040244338972435,-0.4732701054299444,0.0,ARX_one_step_residual_lagged_information,-0.3119411058043767,-0.476089089860104,-0.6199701551552624,-0.5415501311640435,EIA_STEO_July_2026_ex_post_2022plus,140.97507
ESP,Spain,2024,2024-09,2024-09-30,1.510922,EUR/litre,European Commission Weekly Oil Bulletin,observed_retail_gasoline,observed_retail,True,"Observed Euro-super 95 retail price for Spain, monthly average of official weekly data.",,,0.0,,CHN=regulated domestic product-price mechanism/proxy scenario; controls=observed retail-price pass-through.,-0.04816556327324706,66.65747352288446,-0.08983583294899766,,104.0837337,0.4957868366718188,,0.4957868366718188,-0.8658379762314432,0.0,ARX_one_step_residual_lagged_information,0.839714512263326,-0.1256878161011288,-0.9188666107554706,-0.7650552595784654,EIA_STEO_July_2026_ex_post_2022plus,130.35878
ESP,Spain,2024,2024-10,2024-10-31,1.497275,EUR/litre,European Commission Weekly Oil Bulletin,observed_retail_gasoline,observed_retail,True,"Observed Euro-super 95 retail price for Spain, monthly average of official weekly data.",,,0.0,,CHN=regulated domestic product-price mechanism/proxy scenario; controls=observed retail-price pass-through.,-0.009073271214036616,69.42687361590521,0.04070684923976753,,105.31914894,2.5743995959217614,,2.5743995959217614,0.0709716755550606,0.0,ARX_one_step_residual_lagged_information,-0.1270129992521205,0.4412581297750677,1.037811954634858,0.194310982834898,EIA_STEO_July_2026_ex_post_2022plus,130.68921
ESP,Spain,2024,2024-11,2024-11-30,1.50617,EUR/litre,European Commission Weekly Oil Bulletin,observed_retail_gasoline,observed_retail,True,"Observed Euro-super 95 retail price for Spain, monthly average of official weekly data.",,,0.0,,CHN=regulated domestic product-price mechanism/proxy scenario; controls=observed retail-price pass-through.,0.005923215511758784,70.00928563923075,0.008353864786598386,,102.951269732327,-1.0939940038328544,,-1.0939940038328544,0.0873022292495407,0.0,ARX_one_step_residual_lagged_information,0.0201306690610133,-0.0969751819774855,0.2436188663879124,-0.1640972985961657,EIA_STEO_July_2026_ex_post_2022plus,128.90164
ESP,Spain,2024,2024-12,2024-12-31,1.5179079999999998,EUR/litre,European Commission Weekly Oil Bulletin,observed_retail_gasoline,observed_retail,True,"Observed Euro-super 95 retail price for Spain, monthly average of official weekly data.",,,0.0,,CHN=regulated domestic product-price mechanism/proxy scenario; controls=observed retail-price pass-through.,0.007763066263071383,70.53109935567609,0.0074258529224779934,,105.216197666438,2.276199204309215,,2.276199204309215,0.3102076146861468,0.0,ARX_one_step_residual_lagged_information,0.2173397150450451,0.1222955247845891,0.0733883465028701,-0.0659741474766801,EIA_STEO_July_2026_ex_post_2022plus,142.36644
ESP,Spain,2025,2025-01,2025-01-31,1.559775,EUR/litre,European Commission Weekly Oil Bulletin,observed_retail_gasoline,observed_retail,True,"Observed Euro-super 95 retail price for Spain, monthly average of official weekly data.",,,0.0,,CHN=regulated domestic product-price mechanism/proxy scenario; controls=observed retail-price pass-through.,0.027208509013746718,76.55103210881236,0.08190386665562066,,104.392587508579,-0.9813621448331311,,-0.9813621448331311,0.8123927123383431,0.0,ARX_one_step_residual_lagged_information,0.6359025273679658,-1.2138340022718264,1.02521220416324,0.6483051355409588,EIA_STEO_July_2026_ex_post_2022plus,113.233154
ESP,Spain,2025,2025-02,2025-02-28,1.5722325,EUR/litre,European Commission Weekly Oil Bulletin,observed_retail_gasoline,observed_retail,True,"Observed Euro-super 95 retail price for Spain, monthly average of official weekly data.",,,0.0,,CHN=regulated domestic product-price mechanism/proxy scenario; controls=observed retail-price pass-through.,0.007955003744176736,72.44882516283957,-0.055077152017580566,,105.422100205903,-1.454218549976627,,-1.454218549976627,-0.2548971192910224,0.0,ARX_one_step_residual_lagged_information,-0.2901040673386556,0.5347725017250081,-0.2545656191816152,-0.4635306987244063,EIA_STEO_July_2026_ex_post_2022plus,136.98059
ESP,Spain,2025,2025-03,2025-03-31,1.52726,EUR/litre,European Commission Weekly Oil Bulletin,observed_retail_gasoline,observed_retail,True,"Observed Euro-super 95 retail price for Spain, monthly average of official weekly data.",,,0.0,,CHN=regulated domestic product-price mechanism/proxy scenario; controls=observed retail-price pass-through.,-0.02902130359134697,67.27026136317915,-0.07416219548557379,,105.010295126973,0.6886402029630645,,0.6886402029630645,-0.4645996596224648,0.0,ARX_one_step_residual_lagged_information,-0.688335679359836,-0.5714922332317939,-0.3546901280457707,-0.3430002814620633,EIA_STEO_July_2026_ex_post_2022plus,175.90112
ESP,Spain,2025,2025-04,2025-04-30,1.4907775,EUR/litre,European Commission Weekly Oil Bulletin,observed_retail_gasoline,observed_retail,True,"Observed Euro-super 95 retail price for Spain, monthly average of official weekly data.",,,0.0,,CHN=regulated domestic product-price mechanism/proxy scenario; controls=observed retail-price pass-through.,-0.024177484301463437,60.68410615594361,-0.10303643610806112,,104.598490048044,0.5923018303122696,,0.5923018303122696,-0.868086239735507,0.0,ARX_one_step_residual_lagged_information,0.2930636685415768,0.2279119741214474,-0.7469248503973182,-0.6091974664146321,EIA_STEO_July_2026_ex_post_2022plus,140.9737
ESP,Spain,2025,2025-05,2025-05-31,1.458515,EUR/litre,European Commission Weekly Oil Bulletin,observed_retail_gasoline,observed_retail,True,"Observed Euro-super 95 retail price for Spain, monthly average of official weekly data.",,,0.0,,CHN=regulated domestic product-price mechanism/proxy scenario; controls=observed retail-price pass-through.,-0.021879001129660125,57.17371978070036,-0.05958747279226806,,104.598490048044,1.3875346493621876,,1.3875346493621876,-0.8767581134650966,0.0,ARX_one_step_residual_lagged_information,-0.1849471396246474,0.1319099499355387,-1.2315381828967435,-0.518940378114846,EIA_STEO_July_2026_ex_post_2022plus,166.82773
ESP,Spain,2025,2025-06,2025-06-30,1.4738,EUR/litre,European Commission Weekly Oil Bulletin,observed_retail_gasoline,observed_retail,True,"Observed Euro-super 95 retail price for Spain, monthly average of official weekly data.",,,0.0,,CHN=regulated domestic product-price mechanism/proxy scenario; controls=observed retail-price pass-through.,0.010425304539098457,61.95030888311374,0.08023824565391191,,105.833905284832,1.9646997383800269,,1.9646997383800269,0.6150872283378265,0.0,ARX_one_step_residual_lagged_information,-0.7736226140427449,0.9412264670701896,1.2678312670009986,0.9468233793284432,EIA_STEO_July_2026_ex_post_2022plus,221.1349
ESP,Spain,2025,2025-07,2025-07-31,1.4911975,EUR/litre,European Commission Weekly Oil Bulletin,observed_retail_gasoline,observed_retail,True,"Observed Euro-super 95 retail price for Spain, monthly average of official weekly data.",,,0.0,,CHN=regulated domestic product-price mechanism/proxy scenario; controls=observed retail-price pass-through.,0.011735389094876536,60.87491894555394,-0.017511344157405517,,105.31914893617,2.3739987303073917,,2.3739987303073917,-0.4033550140188083,0.0,ARX_one_step_residual_lagged_information,-1.1682450105547364,0.1260315286359498,0.0950790900832642,-0.0577284006113777,EIA_STEO_July_2026_ex_post_2022plus,134.222
ESP,Spain,2025,2025-08,2025-08-31,1.4817175,EUR/litre,European Commission Weekly Oil Bulletin,observed_retail_gasoline,observed_retail,True,"Observed Euro-super 95 retail price for Spain, monthly average of official weekly data.",,,0.0,,CHN=regulated domestic product-price mechanism/proxy scenario; controls=observed retail-price pass-through.,-0.006377600524919813,58.270985875177296,-0.04371694981351837,,105.113246396706,2.982328378308363,,2.982328378308363,-0.5493786877288871,0.0,ARX_one_step_residual_lagged_information,-0.4770822703581621,-1.6779376481662809,-0.5524761817389533,-0.4275928576484169,EIA_STEO_July_2026_ex_post_2022plus,138.98846
ESP,Spain,2025,2025-09,2025-09-30,1.48139,EUR/litre,European Commission Weekly Oil Bulletin,observed_retail_gasoline,observed_retail,True,"Observed Euro-super 95 retail price for Spain, monthly average of official weekly data.",,,0.0,,CHN=regulated domestic product-price mechanism/proxy scenario; controls=observed retail-price pass-through.,-0.0002210517177211324,57.91677537697368,-0.006097227310950082,,105.62800275,1.4727806748168426,,1.4727806748168426,-0.0071099994993592,0.0,ARX_one_step_residual_lagged_information,-0.6061545647006145,-0.0823683340230494,0.532549747002025,0.0103453625092955,EIA_STEO_July_2026_ex_post_2022plus,126.740585
ESP,Spain,2025,2025-10,2025-10-31,1.4718045065,EUR/litre,European Commission Weekly Oil Bulletin,observed_retail_gasoline,observed_retail,True,"Observed Euro-super 95 retail price for Spain, monthly average of official weekly data.",,,0.0,,CHN=regulated domestic product-price mechanism/proxy scenario; controls=observed retail-price pass-through.,-0.006491632800326552,55.44732828429924,-0.04357354258118917,,106.451612903226,1.0695289080386416,,1.0695289080386416,-0.6707608532704867,0.0,ARX_one_step_residual_lagged_information,-0.0857012731495518,-0.9132498243817492,-0.3943717482544503,-0.4857234268549851,EIA_STEO_July_2026_ex_post_2022plus,154.51292
ESP,Spain,2025,2025-11,2025-11-30,1.4809168204999998,EUR/litre,European Commission Weekly Oil Bulletin,observed_retail_gasoline,observed_retail,True,"Observed Euro-super 95 retail price for Spain, monthly average of official weekly data.",,,0.0,,CHN=regulated domestic product-price mechanism/proxy scenario; controls=observed retail-price pass-through.,0.006172165889775705,55.19752723300388,-0.004515374430233088,,107.584076870281,4.4016885416767515,,4.4016885416767515,-0.139241854048661,0.0,ARX_one_step_residual_lagged_information,0.6110283706064591,-0.254592930047038,0.266788371093296,-0.1129228160497914,EIA_STEO_July_2026_ex_post_2022plus,104.35177
ESP,Spain,2025,2025-12,2025-12-31,1.4651198484,EUR/litre,European Commission Weekly Oil Bulletin,observed_retail_gasoline,observed_retail,True,"Observed Euro-super 95 retail price for Spain, monthly average of official weekly data.",,,0.0,,CHN=regulated domestic product-price mechanism/proxy scenario; controls=observed retail-price pass-through.,-0.010724322387920038,53.4107122513483,-0.032906825970404174,,105.010295126973,-0.19588644853358872,,-0.19588644853358872,-0.2016610852774151,0.0,ARX_one_step_residual_lagged_information,0.3406487543149234,1.667144313649219,-0.38229167333291,-0.1887220496603941,EIA_STEO_July_2026_ex_post_2022plus,132.48622
ESP,Spain,2026,2026-01,2026-01-31,1.44023634475,EUR/litre,European Commission Weekly Oil Bulletin,observed_retail_gasoline,observed_retail,True,"Observed Euro-super 95 retail price for Spain, monthly average of official weekly data.",,,0.0,,CHN=regulated domestic product-price mechanism/proxy scenario; controls=observed retail-price pass-through.,-0.01712981848558187,56.71582298910502,0.06004190706017587,,104.392587508579,0.0,,0.0,0.2750306566574815,0.0,ARX_one_step_residual_lagged_information,0.8201735363129875,-1.85424702258574,0.3620355723545016,0.575861953635052,EIA_STEO_July_2026_ex_post_2022plus,168.62987
ESP,Spain,2026,2026-02,2026-02-28,1.46175056175,EUR/litre,European Commission Weekly Oil Bulletin,observed_retail_gasoline,observed_retail,True,"Observed Euro-super 95 retail price for Spain, monthly average of official weekly data.",,,0.0,,CHN=regulated domestic product-price mechanism/proxy scenario; controls=observed retail-price pass-through.,0.014827503954265131,59.95191584370087,0.055489601456502946,,104.392587508579,-0.9813621448331311,,-0.9813621448331311,0.3339229070810656,0.0,ARX_one_step_residual_lagged_information,-0.999286758896148,0.0622948976139721,1.7613789435485931,0.5710660870877855,EIA_STEO_July_2026_ex_post_2022plus,119.86541
ESP,Spain,2026,2026-03,2026-03-31,1.6173607176,EUR/litre,European Commission Weekly Oil Bulletin,observed_retail_gasoline,observed_retail,True,"Observed Euro-super 95 retail price for Spain, monthly average of official weekly data.",,,0.0,,CHN=regulated domestic product-price mechanism/proxy scenario; controls=observed retail-price pass-through.,0.10116090163663277,89.24472645813876,0.39783949328787926,,107.275223061084,2.133931603499395,,2.133931603499395,3.376405252856505,31.291581847716888,ARX_one_step_residual_lagged_information,5.484835246552658,1.2924681383110217,0.8443446038737501,3.4612577224309096,EIA_STEO_July_2026_ex_post_2022plus,330.94464
ESP,Spain,2026,2026-04,2026-04-30,1.53170891775,EUR/litre,European Commission Weekly Oil Bulletin,observed_retail_gasoline,observed_retail,True,"Observed Euro-super 95 retail price for Spain, monthly average of official weekly data.",,,0.0,,CHN=regulated domestic product-price mechanism/proxy scenario; controls=observed retail-price pass-through.,-0.05441158221267717,100.27378605881327,0.11652197385254226,,106.760466712423,2.045858009110102,,2.045858009110102,1.75018743288511,45.60342792918989,ARX_one_step_residual_lagged_information,0.8642912883082042,-0.3411547833117644,-0.086404468760625,1.1835622398878922,EIA_STEO_July_2026_ex_post_2022plus,254.4295
ESP,Spain,2026,2026-05,2026-05-31,1.54634894975,EUR/litre,European Commission Weekly Oil Bulletin,observed_retail_gasoline,observed_retail,True,"Observed Euro-super 95 retail price for Spain, monthly average of official weekly data.",,,0.0,,CHN=regulated domestic product-price mechanism/proxy scenario; controls=observed retail-price pass-through.,0.009512584250965794,91.7233114624072,-0.08912774408637514,,107.995881949211,3.1963980257871505,,3.1963980257871505,-0.6467643070698686,35.51076205304209,ARX_one_step_residual_lagged_information,1.2158643211114364,0.6212412530441142,-1.4246702499142585,-0.8420688201169135,EIA_STEO_July_2026_ex_post_2022plus,203.55667
ESP,Spain,2026,2026-06,2026-06-30,1.4931607544,EUR/litre,European Commission Weekly Oil Bulletin,observed_retail_gasoline,observed_retail,True,"Observed Euro-super 95 retail price for Spain, monthly average of official weekly data.",,,0.0,,CHN=regulated domestic product-price mechanism/proxy scenario; controls=observed retail-price pass-through.,-0.0350014512176407,74.15989930825798,-0.21255299788325832,,,,,,-1.9544531673525685,13.419217686592136,ARX_one_step_residual_lagged_information,-1.4097797182221925,1.34403383292758,-1.7211543679010104,-2.1022427529981784,EIA_STEO_July_2026_ex_post_2022plus,173.63956
FRA,France,2010,2010-01,2010-01-31,1.2901475,EUR/litre,European Commission Weekly Oil Bulletin,observed_retail_gasoline,observed_retail,True,"Observed Euro-super 95 retail price for France, monthly average of official weekly data.",,,0.0,,CHN=regulated domestic product-price mechanism/proxy scenario; controls=observed retail-price pass-through.,,53.40179118376842,,1.2,98.39319471,,,,,0.0,ARX_one_step_residual_lagged_information,,,,,EIA_STEO_July_2026_ex_post_2022plus,91.581024
FRA,France,2010,2010-02,2010-02-28,1.299375,EUR/litre,European Commission Weekly Oil Bulletin,observed_retail_gasoline,observed_retail,True,"Observed Euro-super 95 retail price for France, monthly average of official weekly data.",,,0.0,,CHN=regulated domestic product-price mechanism/proxy scenario; controls=observed retail-price pass-through.,0.007126826707731848,53.91755523219609,0.00961183675614885,1.4,97.75764292,,,,,0.0,ARX_one_step_residual_lagged_information,,,,-0.3032967911263553,EIA_STEO_July_2026_ex_post_2022plus,80.72536
FRA,France,2010,2010-03,2010-03-31,1.34886,EUR/litre,European Commission Weekly Oil Bulletin,observed_retail_gasoline,observed_retail,True,"Observed Euro-super 95 retail price for France, monthly average of official weekly data.",,,0.0,,CHN=regulated domestic product-price mechanism/proxy scenario; controls=observed retail-price pass-through.,0.03737641163169558,58.09380303710813,0.07460287295156354,1.8,99.68385373,,,,0.6649089715350993,0.0,ARX_one_step_residual_lagged_information,,,,0.6099372225739654,EIA_STEO_July_2026_ex_post_2022plus,74.11694
FRA,France,2010,2010-04,2010-04-30,1.3756333333333333,EUR/litre,European Commission Weekly Oil Bulletin,observed_retail_gasoline,observed_retail,True,"Observed Euro-super 95 retail price for France, monthly average of official weekly data.",,,0.0,,CHN=regulated domestic product-price mechanism/proxy scenario; controls=observed retail-price pass-through.,0.019654439870895712,63.22335130256443,0.08461471766791018,1.9,99.28296722,,,,0.4028380359462471,0.0,ARX_one_step_residual_lagged_information,,,,0.6718067118329473,EIA_STEO_July_2026_ex_post_2022plus,88.76158
FRA,France,2010,2010-05,2010-05-31,1.36866,EUR/litre,European Commission Weekly Oil Bulletin,observed_retail_gasoline,observed_retail,True,"Observed Euro-super 95 retail price for France, monthly average of official weekly data.",,,0.0,,CHN=regulated domestic product-price mechanism/proxy scenario; controls=observed retail-price pass-through.,-0.005082072136566418,60.47759895518747,-0.04440068427822741,1.9,100.045629359234,,,,-1.245326441316874,0.0,ARX_one_step_residual_lagged_information,,,,-1.0268947136592814,EIA_STEO_July_2026_ex_post_2022plus,88.95871
FRA,France,2010,2010-06,2010-06-30,1.356425,EUR/litre,European Commission Weekly Oil Bulletin,observed_retail_gasoline,observed_retail,True,"Observed Euro-super 95 retail price for France, monthly average of official weekly data.",,,0.0,,CHN=regulated domestic product-price mechanism/proxy scenario; controls=observed retail-price pass-through.,-0.008979596755413821,61.16932900862819,0.011372872637706699,1.7,99.67407601,,,,0.2255323976097343,0.0,ARX_one_step_residual_lagged_information,,,,-0.1507182773498169,EIA_STEO_July_2026_ex_post_2022plus,96.4537
FRA,France,2010,2010-07,2010-07-31,1.336425,EUR/litre,European Commission Weekly Oil Bulletin,observed_retail_gasoline,observed_retail,True,"Observed Euro-super 95 retail price for France, monthly average of official weekly data.",,,0.0,,CHN=regulated domestic product-price mechanism/proxy scenario; controls=observed retail-price pass-through.,-0.014854423941300321,59.009344741686725,-0.03595008708951841,1.9,100.39762728,,,,0.0183785724735484,0.0,ARX_one_step_residual_lagged_information,,,,0.0953764416571573,EIA_STEO_July_2026_ex_post_2022plus,79.38138
FRA,France,2010,2010-08,2010-08-31,1.32328,EUR/litre,European Commission Weekly Oil Bulletin,observed_retail_gasoline,observed_retail,True,"Observed Euro-super 95 retail price for France, monthly average of official weekly data.",,,0.0,,CHN=regulated domestic product-price mechanism/proxy scenario; controls=observed retail-price pass-through.,-0.00988463534762235,59.72328091047311,0.012026092565132096,1.6,99.20474546,,,,-0.2971603211043686,0.0,ARX_one_step_residual_lagged_information,,,,0.1714737090029941,EIA_STEO_July_2026_ex_post_2022plus,80.993866
FRA,France,2010,2010-09,2010-09-30,1.327225,EUR/litre,European Commission Weekly Oil Bulletin,observed_retail_gasoline,observed_retail,True,"Observed Euro-super 95 retail price for France, monthly average of official weekly data.",,,0.0,,CHN=regulated domestic product-price mechanism/proxy scenario; controls=observed retail-price pass-through.,0.0029767934134451446,59.44055840539082,-0.0047451145782071436,1.8,100.554070790692,,,,-0.2043699181250192,0.0,ARX_one_step_residual_lagged_information,,,,0.0902555866263886,EIA_STEO_July_2026_ex_post_2022plus,71.16855
FRA,France,2010,2010-10,2010-10-31,1.341175,EUR/litre,European Commission Weekly Oil Bulletin,observed_retail_gasoline,observed_retail,True,"Observed Euro-super 95 retail price for France, monthly average of official weekly data.",,,0.0,,CHN=regulated domestic product-price mechanism/proxy scenario; controls=observed retail-price pass-through.,0.010455799047075942,59.469412571378555,0.0004853111360985096,1.8,100.33896096,,,,0.2447619163905536,0.0,ARX_one_step_residual_lagged_information,,,,0.55058817992492,EIA_STEO_July_2026_ex_post_2022plus,65.991936
FRA,France,2010,2010-11,2010-11-30,1.3594000000000002,EUR/litre,European Commission Weekly Oil Bulletin,observed_retail_gasoline,observed_retail,True,"Observed Euro-super 95 retail price for France, monthly average of official weekly data.",,,0.0,,CHN=regulated domestic product-price mechanism/proxy scenario; controls=observed retail-price pass-through.,0.013497330518051132,62.48631773490517,0.049485510595771665,1.8,101.65895314,,,,-0.2741777448992844,0.0,ARX_one_step_residual_lagged_information,,,,0.2820325786435058,EIA_STEO_July_2026_ex_post_2022plus,94.70517
FRA,France,2010,2010-12,2010-12-31,1.4055,EUR/litre,European Commission Weekly Oil Bulletin,observed_retail_gasoline,observed_retail,True,"Observed Euro-super 95 retail price for France, monthly average of official weekly data.",,,0.0,,CHN=regulated domestic product-price mechanism/proxy scenario; controls=observed retail-price pass-through.,0.03334968543404859,69.16948665791475,0.10161220459415343,2.0,102.98872302979,,,,0.629397828165678,0.0,ARX_one_step_residual_lagged_information,,,,0.6407071074337796,EIA_STEO_July_2026_ex_post_2022plus,97.203896
FRA,France,2011,2011-01,2011-01-31,1.45258,EUR/litre,European Commission Weekly Oil Bulletin,observed_retail_gasoline,observed_retail,True,"Observed Euro-super 95 retail price for France, monthly average of official weekly data.",,,0.0,,CHN=regulated domestic product-price mechanism/proxy scenario; controls=observed retail-price pass-through.,0.03294817431544034,72.21844749718225,0.043135697634614445,2.0,104.19138257,5.725778282027427,,5.725778282027427,0.5376783805814174,0.0,ARX_one_step_residual_lagged_information,,,,0.4941626184144203,EIA_STEO_July_2026_ex_post_2022plus,79.421616
FRA,France,2011,2011-02,2011-02-28,1.4679,EUR/litre,European Commission Weekly Oil Bulletin,observed_retail_gasoline,observed_retail,True,"Observed Euro-super 95 retail price for France, monthly average of official weekly data.",,,0.0,,CHN=regulated domestic product-price mechanism/proxy scenario; controls=observed retail-price pass-through.,0.010491522301160683,75.95417866051719,0.05043472733602172,1.8,104.55315820350698,6.720424875932363,,6.720424875932363,0.4383391612164326,0.0,ARX_one_step_residual_lagged_information,,,,0.6591419106383717,EIA_STEO_July_2026_ex_post_2022plus,90.01449
FRA,France,2011,2011-03,2011-03-31,1.50585,EUR/litre,European Commission Weekly Oil Bulletin,observed_retail_gasoline,observed_retail,True,"Observed Euro-super 95 retail price for France, monthly average of official weekly data.",,,0.0,,CHN=regulated domestic product-price mechanism/proxy scenario; controls=observed retail-price pass-through.,0.025524714842457663,81.77886565938884,0.07388859810433956,2.2,103.24294375,3.5081172794329873,,3.5081172794329873,0.8357482659415222,0.0,ARX_one_step_residual_lagged_information,,,,0.9207448607187292,EIA_STEO_July_2026_ex_post_2022plus,136.8883
FRA,France,2011,2011-04,2011-04-30,1.538,EUR/litre,European Commission Weekly Oil Bulletin,observed_retail_gasoline,observed_retail,True,"Observed Euro-super 95 retail price for France, monthly average of official weekly data.",,,0.0,,CHN=regulated domestic product-price mechanism/proxy scenario; controls=observed retail-price pass-through.,0.021125348259944055,85.25508831050503,0.04162895710486758,2.2,101.492731894922,2.2013161132425907,,2.2013161132425907,0.6102147501828945,0.0,ARX_one_step_residual_lagged_information,,,,0.664567897821464,EIA_STEO_July_2026_ex_post_2022plus,91.01777
FRA,France,2011,2011-05,2011-05-31,1.53338,EUR/litre,European Commission Weekly Oil Bulletin,observed_retail_gasoline,observed_retail,True,"Observed Euro-super 95 retail price for France, monthly average of official weekly data.",,,0.0,,CHN=regulated domestic product-price mechanism/proxy scenario; controls=observed retail-price pass-through.,-0.003008421937032546,80.24290356170155,-0.06058947234681433,2.2,104.80737892,4.6497803440123775,,4.6497803440123775,-0.777639715251193,0.0,ARX_one_step_residual_lagged_information,,,,-0.6474790299039047,EIA_STEO_July_2026_ex_post_2022plus,105.34492
FRA,France,2011,2011-06,2011-06-30,1.50025,EUR/litre,European Commission Weekly Oil Bulletin,observed_retail_gasoline,observed_retail,True,"Observed Euro-super 95 retail price for France, monthly average of official weekly data.",,,0.0,,CHN=regulated domestic product-price mechanism/proxy scenario; controls=observed retail-price pass-through.,-0.02184268825893443,79.0430985773402,-0.015065073642618998,2.3,101.981617886709,2.2886957049440326,,2.2886957049440326,0.0702234067904248,0.0,ARX_one_step_residual_lagged_information,,,,-0.0987762102829687,EIA_STEO_July_2026_ex_post_2022plus,84.391846
FRA,France,2011,2011-07,2011-07-31,1.499025,EUR/litre,European Commission Weekly Oil Bulletin,observed_retail_gasoline,observed_retail,True,"Observed Euro-super 95 retail price for France, monthly average of official weekly data.",,,0.0,,CHN=regulated domestic product-price mechanism/proxy scenario; controls=observed retail-price pass-through.,-0.0008168641209071459,81.95165469138517,0.03613624114135838,2.1,103.07672251,2.6335015373970094,,2.6335015373970094,0.3858852240978259,0.0,ARX_one_step_residual_lagged_information,,,,0.2462356339388283,EIA_STEO_July_2026_ex_post_2022plus,78.92476
FRA,France,2011,2011-08,2011-08-31,1.502725,EUR/litre,European Commission Weekly Oil Bulletin,observed_retail_gasoline,observed_retail,True,"Observed Euro-super 95 retail price for France, monthly average of official weekly data.",,,0.0,,CHN=regulated domestic product-price mechanism/proxy scenario; controls=observed retail-price pass-through.,0.0024652298651466342,76.90254874033883,-0.06359047693126474,2.4,102.20650545,2.9809479408308803,,2.9809479408308803,-0.5582166812243278,0.0,ARX_one_step_residual_lagged_information,,,,-0.5552364559967694,EIA_STEO_July_2026_ex_post_2022plus,86.95157
FRA,France,2011,2011-09,2011-09-30,1.519475,EUR/litre,European Commission Weekly Oil Bulletin,observed_retail_gasoline,observed_retail,True,"Observed Euro-super 95 retail price for France, monthly average of official weekly data.",,,0.0,,CHN=regulated domestic product-price mechanism/proxy scenario; controls=observed retail-price pass-through.,0.011084753827117544,82.10260078170067,0.0654306746448361,2.4,101.4927319,0.9291588384128247,,0.9291588384128247,0.4377547339848582,0.0,ARX_one_step_residual_lagged_information,,,,0.2113650258872441,EIA_STEO_July_2026_ex_post_2022plus,83.35045
FRA,France,2011,2011-10,2011-10-31,1.49514,EUR/litre,European Commission Weekly Oil Bulletin,observed_retail_gasoline,observed_retail,True,"Observed Euro-super 95 retail price for France, monthly average of official weekly data.",,,0.0,,CHN=regulated domestic product-price mechanism/proxy scenario; controls=observed retail-price pass-through.,-0.01614503251570748,79.80170465337231,-0.028424828375984035,2.5,101.70784173,1.3550342761491585,,1.3550342761491585,0.3412450295945062,0.0,ARX_one_step_residual_lagged_information,,,,-0.2784386365687011,EIA_STEO_July_2026_ex_post_2022plus,76.339935
FRA,France,2011,2011-11,2011-11-30,1.488125,EUR/litre,European Commission Weekly Oil Bulletin,observed_retail_gasoline,observed_retail,True,"Observed Euro-super 95 retail price for France, monthly average of official weekly data.",,,0.0,,CHN=regulated domestic product-price mechanism/proxy scenario; controls=observed retail-price pass-through.,-0.004702909684144663,81.71309869099112,0.02366944991143427,2.7,103.7611629,2.046813323295993,,2.046813323295993,0.3257368481652395,0.0,ARX_one_step_residual_lagged_information,,,,0.0968664907176188,EIA_STEO_July_2026_ex_post_2022plus,83.15768
FRA,France,2011,2011-12,2011-12-31,1.485,EUR/litre,European Commission Weekly Oil Bulletin,observed_retail_gasoline,observed_retail,True,"Observed Euro-super 95 retail price for France, monthly average of official weekly data.",,,0.0,,CHN=regulated domestic product-price mechanism/proxy scenario; controls=observed retail-price pass-through.,-0.002102166004327166,82.01834543298082,0.003728631323919096,2.7,101.72739717,-1.2322838277635917,,-1.2322838277635917,-0.0884835248368668,0.0,ARX_one_step_residual_lagged_information,,,,-0.2504464752252303,EIA_STEO_July_2026_ex_post_2022plus,85.341324
FRA,France,2012,2012-01,2012-01-31,1.5502,EUR/litre,European Commission Weekly Oil Bulletin,observed_retail_gasoline,observed_retail,True,"Observed Euro-super 95 retail price for France, monthly average of official weekly data.",,,0.0,,CHN=regulated domestic product-price mechanism/proxy scenario; controls=observed retail-price pass-through.,0.042969182610611,85.75047117007465,0.044498633691658185,2.6,101.1505117,-2.961980261114938,,-2.961980261114938,0.4289673339077038,0.0,ARX_one_step_residual_lagged_information,,,,0.2328532785430842,EIA_STEO_July_2026_ex_post_2022plus,79.63497
FRA,France,2012,2012-02,2012-02-29,1.5831,EUR/litre,European Commission Weekly Oil Bulletin,observed_retail_gasoline,observed_retail,True,"Observed Euro-super 95 retail price for France, monthly average of official weekly data.",,,0.0,,CHN=regulated domestic product-price mechanism/proxy scenario; controls=observed retail-price pass-through.,0.021000995232320796,90.14365257839665,0.049962956887314114,2.6,102.14783913,-2.3274465859591587,,-2.3274465859591587,0.651930271381068,0.0,ARX_one_step_residual_lagged_information,,,,0.6896277573350593,EIA_STEO_July_2026_ex_post_2022plus,92.44582
FRA,France,2012,2012-03,2012-03-31,1.6314099999999998,EUR/litre,European Commission Weekly Oil Bulletin,observed_retail_gasoline,observed_retail,True,"Observed Euro-super 95 retail price for France, monthly average of official weekly data.",,,0.0,,CHN=regulated domestic product-price mechanism/proxy scenario; controls=observed retail-price pass-through.,0.030059721472509737,94.98465800482352,0.052310846259786103,2.6,101.43406558,-1.7675900898231234,,-1.7675900898231234,0.2582175114967004,0.0,ARX_one_step_residual_lagged_information,,,,0.4569442574138738,EIA_STEO_July_2026_ex_post_2022plus,88.75998
FRA,France,2012,2012-04,2012-04-30,1.649975,EUR/litre,European Commission Weekly Oil Bulletin,observed_retail_gasoline,observed_retail,True,"Observed Euro-super 95 retail price for France, monthly average of official weekly data.",,,0.0,,CHN=regulated domestic product-price mechanism/proxy scenario; controls=observed retail-price pass-through.,0.01131546471244782,90.74799820492134,-0.04562896931910476,2.4,101.610064532951,0.11554016305570514,,0.11554016305570514,-0.1656370693035655,0.0,ARX_one_step_residual_lagged_information,,,,-0.4603505460526653,EIA_STEO_July_2026_ex_post_2022plus,96.016685
FRA,France,2012,2012-05,2012-05-31,1.58116,EUR/litre,European Commission Weekly Oil Bulletin,observed_retail_gasoline,observed_retail,True,"Observed Euro-super 95 retail price for France, monthly average of official weekly data.",,,0.0,,CHN=regulated domestic product-price mechanism/proxy scenario; controls=observed retail-price pass-through.,-0.04260138140474018,86.19136363485553,-0.05151643175425136,2.3,100.15318428,-4.54233222365783,,-4.54233222365783,-0.5059024038627317,0.0,ARX_one_step_residual_lagged_information,,,,-0.7366847206805783,EIA_STEO_July_2026_ex_post_2022plus,78.17116
FRA,France,2012,2012-06,2012-06-30,1.53525,EUR/litre,European Commission Weekly Oil Bulletin,observed_retail_gasoline,observed_retail,True,"Observed Euro-super 95 retail price for France, monthly average of official weekly data.",,,0.0,,CHN=regulated domestic product-price mechanism/proxy scenario; controls=observed retail-price pass-through.,-0.029465520650440613,75.87710044229976,-0.1274550508731327,2.2,99.32207809,-2.642469664761471,,-2.642469664761471,-0.9255492338723936,0.0,ARX_one_step_residual_lagged_information,,,,-1.3741629456650917,EIA_STEO_July_2026_ex_post_2022plus,77.82243
FRA,France,2012,2012-07,2012-07-31,1.54026,EUR/litre,European Commission Weekly Oil Bulletin,observed_retail_gasoline,observed_retail,True,"Observed Euro-super 95 retail price for France, monthly average of official weekly data.",,,0.0,,CHN=regulated domestic product-price mechanism/proxy scenario; controls=observed retail-price pass-through.,0.0032579991166195033,83.59087704326086,0.09681945593285413,2.2,99.90874128,-3.1216407556139636,,-3.1216407556139636,1.0306872349075964,0.0,ARX_one_step_residual_lagged_information,,,,0.6927159574035089,EIA_STEO_July_2026_ex_post_2022plus,82.80802
FRA,France,2012,2012-08,2012-08-31,1.6144500000000002,EUR/litre,European Commission Weekly Oil Bulletin,observed_retail_gasoline,observed_retail,True,"Observed Euro-super 95 retail price for France, monthly average of official weekly data.",,,0.0,,CHN=regulated domestic product-price mechanism/proxy scenario; controls=observed retail-price pass-through.,0.04704310805228895,91.37801597750344,0.08907053625981476,2.4,101.922951567695,-0.2778178797187003,,-0.2778178797187003,0.9373887884778536,0.0,ARX_one_step_residual_lagged_information,,,,0.9147117790437258,EIA_STEO_July_2026_ex_post_2022plus,74.87836
FRA,France,2012,2012-09,2012-09-30,1.57515,EUR/litre,European Commission Weekly Oil Bulletin,observed_retail_gasoline,observed_retail,True,"Observed Euro-super 95 retail price for France, monthly average of official weekly data.",,,0.0,,CHN=regulated domestic product-price mechanism/proxy scenario; controls=observed retail-price pass-through.,-0.02464383555830496,87.60908661062936,-0.04212020312421583,2.2,99.83051953,-1.6513245539552024,,-1.6513245539552024,-0.0980035932075305,0.0,ARX_one_step_residual_lagged_information,,,,-0.0456183630623779,EIA_STEO_July_2026_ex_post_2022plus,69.28051
FRA,France,2012,2012-10,2012-10-31,1.5442399999999998,EUR/litre,European Commission Weekly Oil Bulletin,observed_retail_gasoline,observed_retail,True,"Observed Euro-super 95 retail price for France, monthly average of official weekly data.",,,0.0,,CHN=regulated domestic product-price mechanism/proxy scenario; controls=observed retail-price pass-through.,-0.019818625900492437,86.10723047007606,-0.01729133550191264,2.1,98.44208331,-3.26360180260723,,-3.26360180260723,-0.2679054425995422,0.0,ARX_one_step_residual_lagged_information,,,,-0.1002917364061254,EIA_STEO_July_2026_ex_post_2022plus,81.663666
FRA,France,2012,2012-11,2012-11-30,1.49215,EUR/litre,European Commission Weekly Oil Bulletin,observed_retail_gasoline,observed_retail,True,"Observed Euro-super 95 retail price for France, monthly average of official weekly data.",,,0.0,,CHN=regulated domestic product-price mechanism/proxy scenario; controls=observed retail-price pass-through.,-0.034313847016308296,84.95840791993943,-0.01343156734689277,1.6,98.57897139,-5.123378058362338,,-5.123378058362338,-0.1360930675184166,0.0,ARX_one_step_residual_lagged_information,,,,-0.2275318220348529,EIA_STEO_July_2026_ex_post_2022plus,81.38964
FRA,France,2012,2012-12,2012-12-31,1.4935,EUR/litre,European Commission Weekly Oil Bulletin,observed_retail_gasoline,observed_retail,True,"Observed Euro-super 95 retail price for France, monthly average of official weekly data.",,,0.0,,CHN=regulated domestic product-price mechanism/proxy scenario; controls=observed retail-price pass-through.,0.0009043257528531523,83.46438224313428,-0.01774183725419487,1.5,99.09719054,-2.6195567624042404,,-2.6195567624042404,0.2928570791122005,0.0,ARX_one_step_residual_lagged_information,,,,0.0314715953075064,EIA_STEO_July_2026_ex_post_2022plus,74.83156
FRA,France,2013,2013-01,2013-01-31,1.5514,EUR/litre,European Commission Weekly Oil Bulletin,observed_retail_gasoline,observed_retail,True,"Observed Euro-super 95 retail price for France, monthly average of official weekly data.",,,0.0,,CHN=regulated domestic product-price mechanism/proxy scenario; controls=observed retail-price pass-through.,0.038035390400606606,84.91913980269007,0.0172795263899852,1.3,98.8527475392742,-2.2978278158484855,,-2.2978278158484855,0.2702371147969803,0.0,ARX_one_step_residual_lagged_information,,,,0.282762059864369,EIA_STEO_July_2026_ex_post_2022plus,90.65749
FRA,France,2013,2013-02,2013-02-28,1.604725,EUR/litre,European Commission Weekly Oil Bulletin,observed_retail_gasoline,observed_retail,True,"Observed Euro-super 95 retail price for France, monthly average of official weekly data.",,,0.0,,CHN=regulated domestic product-price mechanism/proxy scenario; controls=observed retail-price pass-through.,0.033794653263182206,86.96496535343668,0.02380583318165197,1.2,100.37807184,-1.7477391713540236,,-1.7477391713540236,0.3747890556133226,0.0,ARX_one_step_residual_lagged_information,,,,0.2441880963110106,EIA_STEO_July_2026_ex_post_2022plus,81.59033
FRA,France,2013,2013-03,2013-03-31,1.5948250000000002,EUR/litre,European Commission Weekly Oil Bulletin,observed_retail_gasoline,observed_retail,True,"Observed Euro-super 95 retail price for France, monthly average of official weekly data.",,,0.0,,CHN=regulated domestic product-price mechanism/proxy scenario; controls=observed retail-price pass-through.,-0.006188389988792453,83.74664276723992,-0.03770925692302107,1.1,100.602959389871,-0.8227312575872503,,-0.8227312575872503,-0.3312244357951538,0.0,ARX_one_step_residual_lagged_information,,,,-0.6295897367868111,EIA_STEO_July_2026_ex_post_2022plus,75.89672
FRA,France,2013,2013-04,2013-04-30,1.56116,EUR/litre,European Commission Weekly Oil Bulletin,observed_retail_gasoline,observed_retail,True,"Observed Euro-super 95 retail price for France, monthly average of official weekly data.",,,0.0,,CHN=regulated domestic product-price mechanism/proxy scenario; controls=observed retail-price pass-through.,-0.021334877669868135,78.5044785232705,-0.06464040912752633,0.8,101.89361841,0.278672165978211,,0.278672165978211,-0.2462397297504745,0.0,ARX_one_step_residual_lagged_information,,,,-0.5518556127380099,EIA_STEO_July_2026_ex_post_2022plus,95.10787
FRA,France,2013,2013-05,2013-05-31,1.52435,EUR/litre,European Commission Weekly Oil Bulletin,observed_retail_gasoline,observed_retail,True,"Observed Euro-super 95 retail price for France, monthly average of official weekly data.",,,0.0,,CHN=regulated domestic product-price mechanism/proxy scenario; controls=observed retail-price pass-through.,-0.023861044989593738,78.9989369765014,0.006278721969980694,0.9,101.561175933773,1.3960478765588924,,1.3960478765588924,0.0736394107845082,0.0,ARX_one_step_residual_lagged_information,,,,0.022660700470914,EIA_STEO_July_2026_ex_post_2022plus,83.717316
FRA,France,2013,2013-06,2013-06-30,1.536325,EUR/litre,European Commission Weekly Oil Bulletin,observed_retail_gasoline,observed_retail,True,"Observed Euro-super 95 retail price for France, monthly average of official weekly data.",,,0.0,,CHN=regulated domestic product-price mechanism/proxy scenario; controls=observed retail-price pass-through.,0.007825111195886691,77.99397346568735,-0.012802835938622081,1.0,100.08474024,0.7649345946698638,,0.7649345946698638,0.2387265807285764,0.0,ARX_one_step_residual_lagged_information,,,,0.0271055226965062,EIA_STEO_July_2026_ex_post_2022plus,82.97301
FRA,France,2013,2013-07,2013-07-31,1.53532,EUR/litre,European Commission Weekly Oil Bulletin,observed_retail_gasoline,observed_retail,True,"Observed Euro-super 95 retail price for France, monthly average of official weekly data.",,,0.0,,CHN=regulated domestic product-price mechanism/proxy scenario; controls=observed retail-price pass-through.,-0.0006543725175675585,82.47911774111674,0.05591358256708645,1.2,99.44918845,-0.4610337242296758,,-0.4610337242296758,0.6958731969196498,0.0,ARX_one_step_residual_lagged_information,,,,0.4344015857417522,EIA_STEO_July_2026_ex_post_2022plus,73.975815
FRA,France,2013,2013-08,2013-08-31,1.54385,EUR/litre,European Commission Weekly Oil Bulletin,observed_retail_gasoline,observed_retail,True,"Observed Euro-super 95 retail price for France, monthly average of official weekly data.",,,0.0,,CHN=regulated domestic product-price mechanism/proxy scenario; controls=observed retail-price pass-through.,0.00554046825624388,83.58626043267816,0.013334014681187334,1.0,98.6669708623952,-3.2466902340154924,,-3.2466902340154924,0.4912213200718924,0.0,ARX_one_step_residual_lagged_information,,,,0.2770044599337098,EIA_STEO_July_2026_ex_post_2022plus,90.95675
FRA,France,2013,2013-09,2013-09-30,1.53568,EUR/litre,European Commission Weekly Oil Bulletin,observed_retail_gasoline,observed_retail,True,"Observed Euro-super 95 retail price for France, monthly average of official weekly data.",,,0.0,,CHN=regulated domestic product-price mechanism/proxy scenario; controls=observed retail-price pass-through.,-0.00530601693638133,83.51357308216596,-0.0008699871635764467,1.0,99.59585425,-0.23534037535757335,,-0.23534037535757335,0.0882692659533272,0.0,ARX_one_step_residual_lagged_information,,,,0.020851986559802,EIA_STEO_July_2026_ex_post_2022plus,100.45933
FRA,France,2013,2013-10,2013-10-31,1.486475,EUR/litre,European Commission Weekly Oil Bulletin,observed_retail_gasoline,observed_retail,True,"Observed Euro-super 95 retail price for France, monthly average of official weekly data.",,,0.0,,CHN=regulated domestic product-price mechanism/proxy scenario; controls=observed retail-price pass-through.,-0.03256573440207994,79.93850265987665,-0.04375154822079885,0.7,99.2047454533606,0.7717461832556616,,0.7717461832556616,-0.167501298206257,0.0,ARX_one_step_residual_lagged_information,,,,-0.21653964775583,EIA_STEO_July_2026_ex_post_2022plus,72.95312
FRA,France,2013,2013-11,2013-11-30,1.4745,EUR/litre,European Commission Weekly Oil Bulletin,observed_retail_gasoline,observed_retail,True,"Observed Euro-super 95 retail price for France, monthly average of official weekly data.",,,0.0,,CHN=regulated domestic product-price mechanism/proxy scenario; controls=observed retail-price pass-through.,-0.008088596012469862,79.90167028647923,-0.00046086504250375526,0.8,100.67140343,2.10038145839464,,2.10038145839464,-0.1532187541024732,0.0,ARX_one_step_residual_lagged_information,,,,-0.1148950493060984,EIA_STEO_July_2026_ex_post_2022plus,77.77902
FRA,France,2013,2013-12,2013-12-31,1.4983666666666666,EUR/litre,European Commission Weekly Oil Bulletin,observed_retail_gasoline,observed_retail,True,"Observed Euro-super 95 retail price for France, monthly average of official weekly data.",,,0.0,,CHN=regulated domestic product-price mechanism/proxy scenario; controls=observed retail-price pass-through.,0.016056676675866133,80.79929064201247,0.01117142903988988,0.8,99.71318689,0.6196842732197005,,0.6196842732197005,0.5638340253922685,0.0,ARX_one_step_residual_lagged_information,,,,0.2454849292005171,EIA_STEO_July_2026_ex_post_2022plus,70.37249
FRA,France,2014,2014-01,2014-01-31,1.4994,EUR/litre,European Commission Weekly Oil Bulletin,observed_retail_gasoline,observed_retail,True,"Observed Euro-super 95 retail price for France, monthly average of official weekly data.",,,0.0,,CHN=regulated domestic product-price mechanism/proxy scenario; controls=observed retail-price pass-through.,0.0006894021377647497,79.39473621839885,-0.01753611472858818,0.8,98.3051952284731,-0.5554467761997195,,-0.5554467761997195,-0.1058431113118916,0.0,ARX_one_step_residual_lagged_information,,,,-0.2283267688664224,EIA_STEO_July_2026_ex_post_2022plus,77.91597
FRA,France,2014,2014-02,2014-02-28,1.5045725,EUR/litre,European Commission Weekly Oil Bulletin,observed_retail_gasoline,observed_retail,True,"Observed Euro-super 95 retail price for France, monthly average of official weekly data.",,,0.0,,CHN=regulated domestic product-price mechanism/proxy scenario; controls=observed retail-price pass-through.,0.0034437766071291342,79.69490820018626,0.0037736251041931013,1.1,100.13362884,-0.24381930856680611,,-0.24381930856680611,0.3065588814478375,0.0,ARX_one_step_residual_lagged_information,,,,0.0613303731656642,EIA_STEO_July_2026_ex_post_2022plus,69.003525
FRA,France,2014,2014-03,2014-03-31,1.507234,EUR/litre,European Commission Weekly Oil Bulletin,observed_retail_gasoline,observed_retail,True,"Observed Euro-super 95 retail price for France, monthly average of official weekly data.",,,0.0,,CHN=regulated domestic product-price mechanism/proxy scenario; controls=observed retail-price pass-through.,0.0017673782779830116,77.72793351378725,-0.024990999231879307,0.8,99.50785477,-1.0945091166481014,,-1.0945091166481014,-0.0046487215311387,0.0,ARX_one_step_residual_lagged_information,,,,-0.1266831641102359,EIA_STEO_July_2026_ex_post_2022plus,119.838554
FRA,France,2014,2014-04,2014-04-30,1.5154866666666666,EUR/litre,European Commission Weekly Oil Bulletin,observed_retail_gasoline,observed_retail,True,"Observed Euro-super 95 retail price for France, monthly average of official weekly data.",,,0.0,,CHN=regulated domestic product-price mechanism/proxy scenario; controls=observed retail-price pass-through.,0.005460436528616108,78.02686909899879,0.0038385455504501564,0.8,99.47852161,-2.3987554615050755,,-2.3987554615050755,0.0818376161420442,0.0,ARX_one_step_residual_lagged_information,,,,0.018195172999865,EIA_STEO_July_2026_ex_post_2022plus,93.22154
FRA,France,2014,2014-05,2014-05-31,1.51974,EUR/litre,European Commission Weekly Oil Bulletin,observed_retail_gasoline,observed_retail,True,"Observed Euro-super 95 retail price for France, monthly average of official weekly data.",,,0.0,,CHN=regulated domestic product-price mechanism/proxy scenario; controls=observed retail-price pass-through.,0.0028026480948832866,79.73593211932894,0.021667083347381322,0.8,97.92386416,-3.6471055075605996,,-3.6471055075605996,0.2316098213092671,0.0,ARX_one_step_residual_lagged_information,,,,0.1464362431941387,EIA_STEO_July_2026_ex_post_2022plus,83.428856
FRA,France,2014,2014-06,2014-06-30,1.53176,EUR/litre,European Commission Weekly Oil Bulletin,observed_retail_gasoline,observed_retail,True,"Observed Euro-super 95 retail price for France, monthly average of official weekly data.",,,0.0,,CHN=regulated domestic product-price mechanism/proxy scenario; controls=observed retail-price pass-through.,0.007878133487376371,82.23420824691657,0.030851047866668146,0.6,99.35141125,-0.7354055817043736,,-0.7354055817043736,0.2848465559002022,0.0,ARX_one_step_residual_lagged_information,,,,0.1831261435239828,EIA_STEO_July_2026_ex_post_2022plus,98.767105
FRA,France,2014,2014-07,2014-07-31,1.5308975,EUR/litre,European Commission Weekly Oil Bulletin,observed_retail_gasoline,observed_retail,True,"Observed Euro-super 95 retail price for France, monthly average of official weekly data.",,,0.0,,CHN=regulated domestic product-price mechanism/proxy scenario; controls=observed retail-price pass-through.,-0.0005632363545719499,78.895982949089,-0.041441060850804234,0.6,100.17273972,0.7249248068869285,,0.7249248068869285,-0.2624127689536664,0.0,ARX_one_step_residual_lagged_information,,,,-0.4307517136082288,EIA_STEO_July_2026_ex_post_2022plus,138.75395
FRA,France,2014,2014-08,2014-08-31,1.4989025,EUR/litre,European Commission Weekly Oil Bulletin,observed_retail_gasoline,observed_retail,True,"Observed Euro-super 95 retail price for France, monthly average of official weekly data.",,,0.0,,CHN=regulated domestic product-price mechanism/proxy scenario; controls=observed retail-price pass-through.,-0.021120991085432694,76.31288554304994,-0.03328850934357952,0.5,98.53986051,-0.1289107168481074,,-0.1289107168481074,-0.4675598545317212,0.0,ARX_one_step_residual_lagged_information,,,,-0.4633679333705456,EIA_STEO_July_2026_ex_post_2022plus,136.44559
FRA,France,2014,2014-09,2014-09-30,1.49302,EUR/litre,European Commission Weekly Oil Bulletin,observed_retail_gasoline,observed_retail,True,"Observed Euro-super 95 retail price for France, monthly average of official weekly data.",,,0.0,,CHN=regulated domestic product-price mechanism/proxy scenario; controls=observed retail-price pass-through.,-0.003932259328190857,75.33551362989054,-0.01289015184427722,0.4,99.72296461,0.12754478273411252,,0.12754478273411252,-0.2594703158071751,0.0,ARX_one_step_residual_lagged_information,,,,-0.425769283388323,EIA_STEO_July_2026_ex_post_2022plus,131.55666
FRA,France,2014,2014-10,2014-10-31,1.4675,EUR/litre,European Commission Weekly Oil Bulletin,observed_retail_gasoline,observed_retail,True,"Observed Euro-super 95 retail price for France, monthly average of official weekly data.",,,0.0,,CHN=regulated domestic product-price mechanism/proxy scenario; controls=observed retail-price pass-through.,-0.017240641594502615,68.96441153697178,-0.08836105546188922,0.5,98.18786259,-1.030324153650941,,-1.030324153650941,-0.7647647452878167,0.0,ARX_one_step_residual_lagged_information,,,,-0.9749528418023932,EIA_STEO_July_2026_ex_post_2022plus,83.661
FRA,France,2014,2014-11,2014-11-30,1.423575,EUR/litre,European Commission Weekly Oil Bulletin,observed_retail_gasoline,observed_retail,True,"Observed Euro-super 95 retail price for France, monthly average of official weekly data.",,,0.0,,CHN=regulated domestic product-price mechanism/proxy scenario; controls=observed retail-price pass-through.,-0.030388959333084165,63.69133072161009,-0.0795421388190114,0.4,96.8092041,-3.9119708100104233,,-3.9119708100104233,-0.7174315309085026,0.0,ARX_one_step_residual_lagged_information,,,,-0.8911774245526921,EIA_STEO_July_2026_ex_post_2022plus,84.38005
FRA,France,2014,2014-12,2014-12-31,1.3729333333333331,EUR/litre,European Commission Weekly Oil Bulletin,observed_retail_gasoline,observed_retail,True,"Observed Euro-super 95 retail price for France, monthly average of official weekly data.",,,0.0,,CHN=regulated domestic product-price mechanism/proxy scenario; controls=observed retail-price pass-through.,-0.03622174325468147,50.56365788927148,-0.23081536317901152,0.1,100.15318428,0.4402922795164521,,0.4402922795164521,-2.1369008547896216,0.0,ARX_one_step_residual_lagged_information,,,,-2.2469964143025263,EIA_STEO_July_2026_ex_post_2022plus,86.52622
FRA,France,2015,2015-01,2015-01-31,1.276465,EUR/litre,European Commission Weekly Oil Bulletin,observed_retail_gasoline,observed_retail,True,"Observed Euro-super 95 retail price for France, monthly average of official weekly data.",,,0.0,,CHN=regulated domestic product-price mechanism/proxy scenario; controls=observed retail-price pass-through.,-0.07285503153191838,41.13746489304888,-0.2063138338511279,-0.4,99.87940813,1.5886663079035301,,1.5886663079035301,-2.4252298762809548,0.0,ARX_one_step_residual_lagged_information,,,,-2.4678988359470786,EIA_STEO_July_2026_ex_post_2022plus,111.985695
FRA,France,2015,2015-02,2015-02-28,1.320435,EUR/litre,European Commission Weekly Oil Bulletin,observed_retail_gasoline,observed_retail,True,"Observed Euro-super 95 retail price for France, monthly average of official weekly data.",,,0.0,,CHN=regulated domestic product-price mechanism/proxy scenario; controls=observed retail-price pass-through.,0.033866689164217784,51.186061508867205,0.2185479979635132,-0.3,100.83762467,0.7005964258594233,,0.7005964258594233,1.8344509102038231,0.0,ARX_one_step_residual_lagged_information,,,,1.8059454415522465,EIA_STEO_July_2026_ex_post_2022plus,111.9247
FRA,France,2015,2015-03,2015-03-31,1.3838659999999998,EUR/litre,European Commission Weekly Oil Bulletin,observed_retail_gasoline,observed_retail,True,"Observed Euro-super 95 retail price for France, monthly average of official weekly data.",,,0.0,,CHN=regulated domestic product-price mechanism/proxy scenario; controls=observed retail-price pass-through.,0.046919803934143745,51.66945791253493,0.009399592077930397,0.0,100.66162571,1.1528068263633173,,1.1528068263633173,-0.3517775262248044,0.0,ARX_one_step_residual_lagged_information,,,,-0.363952535983822,EIA_STEO_July_2026_ex_post_2022plus,104.23527
FRA,France,2015,2015-04,2015-04-30,1.4098066666666669,EUR/litre,European Commission Weekly Oil Bulletin,observed_retail_gasoline,observed_retail,True,"Observed Euro-super 95 retail price for France, monthly average of official weekly data.",,,0.0,,CHN=regulated domestic product-price mechanism/proxy scenario; controls=observed retail-price pass-through.,0.01857154745080547,55.014878092305004,0.06273680851474506,0.1,99.67407601,0.1963865550211885,,0.1963865550211885,0.7826519174424931,0.0,ARX_one_step_residual_lagged_information,,,,0.5778479298749288,EIA_STEO_July_2026_ex_post_2022plus,102.19049
FRA,France,2015,2015-05,2015-05-31,1.4358925,EUR/litre,European Commission Weekly Oil Bulletin,observed_retail_gasoline,observed_retail,True,"Observed Euro-super 95 retail price for France, monthly average of official weekly data.",,,0.0,,CHN=regulated domestic product-price mechanism/proxy scenario; controls=observed retail-price pass-through.,0.01833402794999711,57.38927087809214,0.04225370793373262,0.3,100.3585164,2.4558658203274852,,2.4558658203274852,0.4395394751470354,0.0,ARX_one_step_residual_lagged_information,,,,0.6757557872152448,EIA_STEO_July_2026_ex_post_2022plus,76.26233
FRA,France,2015,2015-06,2015-06-30,1.442256,EUR/litre,European Commission Weekly Oil Bulletin,observed_retail_gasoline,observed_retail,True,"Observed Euro-super 95 retail price for France, monthly average of official weekly data.",,,0.0,,CHN=regulated domestic product-price mechanism/proxy scenario; controls=observed retail-price pass-through.,0.004421947213020361,54.77017572524931,-0.04671156014189215,0.3,100.59318167,1.2421305000197336,,1.2421305000197336,-0.6104284962240248,0.0,ARX_one_step_residual_lagged_information,,,,-0.3879473150390513,EIA_STEO_July_2026_ex_post_2022plus,85.90597
FRA,France,2015,2015-07,2015-07-31,1.4342075,EUR/litre,European Commission Weekly Oil Bulletin,observed_retail_gasoline,observed_retail,True,"Observed Euro-super 95 retail price for France, monthly average of official weekly data.",,,0.0,,CHN=regulated domestic product-price mechanism/proxy scenario; controls=observed retail-price pass-through.,-0.005596122463771669,51.43445552690111,-0.06283751833880302,0.2,99.74252005,-0.43040269625613803,,-0.43040269625613803,-0.7831460792780096,0.0,ARX_one_step_residual_lagged_information,,,,-0.7759917423274519,EIA_STEO_July_2026_ex_post_2022plus,106.80866
FRA,France,2015,2015-08,2015-08-31,1.372296,EUR/litre,European Commission Weekly Oil Bulletin,observed_retail_gasoline,observed_retail,True,"Observed Euro-super 95 retail price for France, monthly average of official weekly data.",,,0.0,,CHN=regulated domestic product-price mechanism/proxy scenario; controls=observed retail-price pass-through.,-0.044127182374185836,41.780059687621865,-0.20788910412876316,0.1,100.59318167,2.0623337181006285,,2.0623337181006285,-1.7577126486468235,0.0,ARX_one_step_residual_lagged_information,,,,-1.8133556169982417,EIA_STEO_July_2026_ex_post_2022plus,82.47853
FRA,France,2015,2015-09,2015-09-30,1.30073,EUR/litre,European Commission Weekly Oil Bulletin,observed_retail_gasoline,observed_retail,True,"Observed Euro-super 95 retail price for France, monthly average of official weekly data.",,,0.0,,CHN=regulated domestic product-price mechanism/proxy scenario; controls=observed retail-price pass-through.,-0.05355960414935229,42.414385728002216,0.015068405986722322,0.1,101.56117594,1.8265347985006564,,1.8265347985006564,0.180515581722499,0.0,ARX_one_step_residual_lagged_information,,,,0.2123176494965866,EIA_STEO_July_2026_ex_post_2022plus,98.767456
FRA,France,2015,2015-10,2015-10-31,1.2908675,EUR/litre,European Commission Weekly Oil Bulletin,observed_retail_gasoline,observed_retail,True,"Observed Euro-super 95 retail price for France, monthly average of official weekly data.",,,0.0,,CHN=regulated domestic product-price mechanism/proxy scenario; controls=observed retail-price pass-through.,-0.007611172345340644,43.14051183658658,0.01697491470709167,0.1,101.66873085999998,3.483718243255929,,3.483718243255929,-0.029388872555947,0.0,ARX_one_step_residual_lagged_information,,,,0.1499557039138983,EIA_STEO_July_2026_ex_post_2022plus,91.931885
FRA,France,2015,2015-11,2015-11-30,1.289516,EUR/litre,European Commission Weekly Oil Bulletin,observed_retail_gasoline,observed_retail,True,"Observed Euro-super 95 retail price for France, monthly average of official weekly data.",,,0.0,,CHN=regulated domestic product-price mechanism/proxy scenario; controls=observed retail-price pass-through.,-0.0010475188076368158,41.27433812838809,-0.04422155141451212,0.1,99.4198552897468,2.6609771680725203,,2.6609771680725203,-1.274489799462995,0.0,ARX_one_step_residual_lagged_information,,,,-0.8362374681880909,EIA_STEO_July_2026_ex_post_2022plus,150.71588
FRA,France,2015,2015-12,2015-12-31,1.27934,EUR/litre,European Commission Weekly Oil Bulletin,observed_retail_gasoline,observed_retail,True,"Observed Euro-super 95 retail price for France, monthly average of official weekly data.",,,0.0,,CHN=regulated domestic product-price mechanism/proxy scenario; controls=observed retail-price pass-through.,-0.007922634221086217,34.9071004724627,-0.16755069357591523,0.3,99.73274232449027,-0.42068251898639275,,-0.42068251898639275,-1.518348872636687,0.0,ARX_one_step_residual_lagged_information,,,,-1.4155485230529918,EIA_STEO_July_2026_ex_post_2022plus,148.23688
FRA,France,2016,2016-01,2016-01-31,1.268595,EUR/litre,European Commission Weekly Oil Bulletin,observed_retail_gasoline,observed_retail,True,"Observed Euro-super 95 retail price for France, monthly average of official weekly data.",,,0.0,,CHN=regulated domestic product-price mechanism/proxy scenario; controls=observed retail-price pass-through.,-0.008434331094021225,28.28200639082621,-0.21046447459434026,0.3,101.2971775,1.4095008499610984,,1.4095008499610984,-2.33299530373939,0.0,ARX_one_step_residual_lagged_information,,,,-1.9791583657253475,EIA_STEO_July_2026_ex_post_2022plus,118.21114
FRA,France,2016,2016-02,2016-02-29,1.244426,EUR/litre,European Commission Weekly Oil Bulletin,observed_retail_gasoline,observed_retail,True,"Observed Euro-super 95 retail price for France, monthly average of official weekly data.",,,0.0,,CHN=regulated domestic product-price mechanism/proxy scenario; controls=observed retail-price pass-through.,-0.019235609430800632,29.016615102535958,0.025642814638799027,-0.1,101.14073398,0.3001406086979408,,0.3001406086979408,0.2502414466173734,0.0,ARX_one_step_residual_lagged_information,,,,0.4305199525458617,EIA_STEO_July_2026_ex_post_2022plus,103.74965
FRA,France,2016,2016-03,2016-03-31,1.25364,EUR/litre,European Commission Weekly Oil Bulletin,observed_retail_gasoline,observed_retail,True,"Observed Euro-super 95 retail price for France, monthly average of official weekly data.",,,0.0,,CHN=regulated domestic product-price mechanism/proxy scenario; controls=observed retail-price pass-through.,0.007376940228860318,34.325809746025435,0.16802894144500735,-0.1,100.37807184,-0.2820876289444385,,-0.2820876289444385,0.9852420612150368,0.0,ARX_one_step_residual_lagged_information,,,,1.5822675667564785,EIA_STEO_July_2026_ex_post_2022plus,109.72029
FRA,France,2016,2016-04,2016-04-30,1.299975,EUR/litre,European Commission Weekly Oil Bulletin,observed_retail_gasoline,observed_retail,True,"Observed Euro-super 95 retail price for France, monthly average of official weekly data.",,,0.0,,CHN=regulated domestic product-price mechanism/proxy scenario; controls=observed retail-price pass-through.,0.03629371385806682,36.65221309894588,0.06557626926380555,-0.1,101.805618929666,2.115967516908057,,2.115967516908057,0.0838172782525009,0.0,ARX_one_step_residual_lagged_information,,,,0.7767219192420621,EIA_STEO_July_2026_ex_post_2022plus,85.22145
FRA,France,2016,2016-05,2016-05-31,1.327956,EUR/litre,European Commission Weekly Oil Bulletin,observed_retail_gasoline,observed_retail,True,"Observed Euro-super 95 retail price for France, monthly average of official weekly data.",,,0.0,,CHN=regulated domestic product-price mechanism/proxy scenario; controls=observed retail-price pass-through.,0.02129588446188041,41.32601789582243,0.12001846368045088,0.1,100.04562936,-0.3122563089147157,,-0.3122563089147157,0.5579169894032892,0.0,ARX_one_step_residual_lagged_information,,,,1.0759248987314494,EIA_STEO_July_2026_ex_post_2022plus,88.33242
FRA,France,2016,2016-06,2016-06-30,1.3530475,EUR/litre,European Commission Weekly Oil Bulletin,observed_retail_gasoline,observed_retail,True,"Observed Euro-super 95 retail price for France, monthly average of official weekly data.",,,0.0,,CHN=regulated domestic product-price mechanism/proxy scenario; controls=observed retail-price pass-through.,0.01871853776643506,42.96023327427858,0.03878260533868927,0.3,99.4589661690897,-1.1339319935043335,,-1.1339319935043335,0.2953291990002094,0.0,ARX_one_step_residual_lagged_information,,,,0.2876069002708758,EIA_STEO_July_2026_ex_post_2022plus,90.16813
FRA,France,2016,2016-07,2016-07-31,1.307725,EUR/litre,European Commission Weekly Oil Bulletin,observed_retail_gasoline,observed_retail,True,"Observed Euro-super 95 retail price for France, monthly average of official weekly data.",,,0.0,,CHN=regulated domestic product-price mechanism/proxy scenario; controls=observed retail-price pass-through.,-0.03407046945947767,40.66322553721064,-0.054950745672880164,0.4,99.410077569911,-0.33385734642452647,,-0.33385734642452647,-0.7890364899854008,0.0,ARX_one_step_residual_lagged_information,,,,-0.6594625016309432,EIA_STEO_July_2026_ex_post_2022plus,114.61045
FRA,France,2016,2016-08,2016-08-31,1.279126,EUR/litre,European Commission Weekly Oil Bulletin,observed_retail_gasoline,observed_retail,True,"Observed Euro-super 95 retail price for France, monthly average of official weekly data.",,,0.0,,CHN=regulated domestic product-price mechanism/proxy scenario; controls=observed retail-price pass-through.,-0.022111954073284784,40.90930315589108,0.006033363660247204,0.4,101.170067140343,0.5718455127894373,,0.5718455127894373,0.0811910315784664,0.0,ARX_one_step_residual_lagged_information,,,,0.1761257354996075,EIA_STEO_July_2026_ex_post_2022plus,98.73849
FRA,France,2016,2016-09,2016-09-30,1.292435,EUR/litre,European Commission Weekly Oil Bulletin,observed_retail_gasoline,observed_retail,True,"Observed Euro-super 95 retail price for France, monthly average of official weekly data.",,,0.0,,CHN=regulated domestic product-price mechanism/proxy scenario; controls=observed retail-price pass-through.,0.010351003791559593,41.51270878016391,0.014642117815030886,0.5,100.27051692,-1.278963273732625,,-1.278963273732625,-0.2376557237578802,0.0,ARX_one_step_residual_lagged_information,,,,0.1396420942526995,EIA_STEO_July_2026_ex_post_2022plus,104.54523
FRA,France,2016,2016-10,2016-10-31,1.326632,EUR/litre,European Commission Weekly Oil Bulletin,observed_retail_gasoline,observed_retail,True,"Observed Euro-super 95 retail price for France, monthly average of official weekly data.",,,0.0,,CHN=regulated domestic product-price mechanism/proxy scenario; controls=observed retail-price pass-through.,0.02611536363309952,44.96606634130953,0.07990850798108395,0.5,99.86963041,-1.7854151736900192,,-1.7854151736900192,0.4642565958700504,0.0,ARX_one_step_residual_lagged_information,,,,0.5633942564883699,EIA_STEO_July_2026_ex_post_2022plus,85.74779
FRA,France,2016,2016-11,2016-11-30,1.31905,EUR/litre,European Commission Weekly Oil Bulletin,observed_retail_gasoline,observed_retail,True,"Observed Euro-super 95 retail price for France, monthly average of official weekly data.",,,0.0,,CHN=regulated domestic product-price mechanism/proxy scenario; controls=observed retail-price pass-through.,-0.005731619111166486,41.46738863799395,-0.08100082163426592,0.7,101.981617886709,2.544073512552547,,2.544073512552547,-0.9727318577270646,0.0,ARX_one_step_residual_lagged_information,,,,-0.9455471790119578,EIA_STEO_July_2026_ex_post_2022plus,82.918755
FRA,France,2016,2016-12,2016-12-31,1.3478133333333335,EUR/litre,European Commission Weekly Oil Bulletin,observed_retail_gasoline,observed_retail,True,"Observed Euro-super 95 retail price for France, monthly average of official weekly data.",,,0.0,,CHN=regulated domestic product-price mechanism/proxy scenario; controls=observed retail-price pass-through.,0.02157174562324443,50.56161791071761,0.19828544677352689,0.8,101.30695522,1.5661036998701583,,1.5661036998701583,1.835253781522334,0.0,ARX_one_step_residual_lagged_information,,,,1.6159449639177093,EIA_STEO_July_2026_ex_post_2022plus,102.180466
FRA,France,2017,2017-01,2017-01-31,1.408202,EUR/litre,European Commission Weekly Oil Bulletin,observed_retail_gasoline,observed_retail,True,"Observed Euro-super 95 retail price for France, monthly average of official weekly data.",,,0.0,,CHN=regulated domestic product-price mechanism/proxy scenario; controls=observed retail-price pass-through.,0.04383018720905535,51.322546333503,0.014937406160422828,1.6,101.36562154,0.06754475209698185,,0.06754475209698185,0.3562813201337297,0.0,ARX_one_step_residual_lagged_information,,,,0.212001757557247,EIA_STEO_July_2026_ex_post_2022plus,105.20123
FRA,France,2017,2017-02,2017-02-28,1.41565,EUR/litre,European Commission Weekly Oil Bulletin,observed_retail_gasoline,observed_retail,True,"Observed Euro-super 95 retail price for France, monthly average of official weekly data.",,,0.0,,CHN=regulated domestic product-price mechanism/proxy scenario; controls=observed retail-price pass-through.,0.005275076222783004,51.52220418565317,0.0038827086840993452,1.4,100.485626751842,-0.649825281835259,,-0.649825281835259,-0.0616531323660811,0.0,ARX_one_step_residual_lagged_information,,,,0.0441060797080234,EIA_STEO_July_2026_ex_post_2022plus,114.20636
FRA,France,2017,2017-03,2017-03-31,1.3919775,EUR/litre,European Commission Weekly Oil Bulletin,observed_retail_gasoline,observed_retail,True,"Observed Euro-super 95 retail price for France, monthly average of official weekly data.",,,0.0,,CHN=regulated domestic product-price mechanism/proxy scenario; controls=observed retail-price pass-through.,-0.0168633915889862,48.25918561016153,-0.06542667898150434,1.4,102.343393520631,1.9389986671358272,,1.9389986671358272,-0.8914152242102106,0.0,ARX_one_step_residual_lagged_information,,,,-0.5753315680935861,EIA_STEO_July_2026_ex_post_2022plus,96.63588
FRA,France,2017,2017-04,2017-04-30,1.3935699999999998,EUR/litre,European Commission Weekly Oil Bulletin,observed_retail_gasoline,observed_retail,True,"Observed Euro-super 95 retail price for France, monthly average of official weekly data.",,,0.0,,CHN=regulated domestic product-price mechanism/proxy scenario; controls=observed retail-price pass-through.,0.0011434019154211716,48.82764158549459,0.011710393426705767,1.4,101.36562154,-0.4331302762319744,,-0.4331302762319744,-0.0009072287261253,0.0,ARX_one_step_residual_lagged_information,,,,0.1225563534111697,EIA_STEO_July_2026_ex_post_2022plus,119.45992
FRA,France,2017,2017-05,2017-05-31,1.375804,EUR/litre,European Commission Weekly Oil Bulletin,observed_retail_gasoline,observed_retail,True,"Observed Euro-super 95 retail price for France, monthly average of official weekly data.",,,0.0,,CHN=regulated domestic product-price mechanism/proxy scenario; controls=observed retail-price pass-through.,-0.012830512399028604,45.55163755716742,-0.06945000461191153,0.9,103.67316342,3.561691567594316,,3.561691567594316,-0.5808383357267876,0.0,ARX_one_step_residual_lagged_information,,,,-0.3623903429973516,EIA_STEO_July_2026_ex_post_2022plus,102.57996
FRA,France,2017,2017-06,2017-06-30,1.3493425,EUR/litre,European Commission Weekly Oil Bulletin,observed_retail_gasoline,observed_retail,True,"Observed Euro-super 95 retail price for France, monthly average of official weekly data.",,,0.0,,CHN=regulated domestic product-price mechanism/proxy scenario; controls=observed retail-price pass-through.,-0.019420850732641604,41.28062314660803,-0.09845335715565451,0.8,102.5780588,3.0878899221753464,,3.0878899221753464,-0.9901715991563086,0.0,ARX_one_step_residual_lagged_information,,,,-0.7627598824003294,EIA_STEO_July_2026_ex_post_2022plus,126.78902
FRA,France,2017,2017-07,2017-07-31,1.3212160000000002,EUR/litre,European Commission Weekly Oil Bulletin,observed_retail_gasoline,observed_retail,True,"Observed Euro-super 95 retail price for France, monthly average of official weekly data.",,,0.0,,CHN=regulated domestic product-price mechanism/proxy scenario; controls=observed retail-price pass-through.,-0.02106491210822431,42.051202966508924,0.01849477734716176,0.8,102.499837038003,3.0607716177411426,,3.0607716177411426,-0.0220304104529117,0.0,ARX_one_step_residual_lagged_information,,,,0.40613922085245,EIA_STEO_July_2026_ex_post_2022plus,102.81346
FRA,France,2017,2017-08,2017-08-31,1.33892,EUR/litre,European Commission Weekly Oil Bulletin,observed_retail_gasoline,observed_retail,True,"Observed Euro-super 95 retail price for France, monthly average of official weekly data.",,,0.0,,CHN=regulated domestic product-price mechanism/proxy scenario; controls=observed retail-price pass-through.,0.013310794180988239,43.7714145081759,0.04009297351031549,1.0,102.842057232254,1.639145254434382,,1.639145254434382,0.1395144133344559,0.0,ARX_one_step_residual_lagged_information,,,,0.5902347710413575,EIA_STEO_July_2026_ex_post_2022plus,138.53162
FRA,France,2017,2017-09,2017-09-30,1.3644825,EUR/litre,European Commission Weekly Oil Bulletin,observed_retail_gasoline,observed_retail,True,"Observed Euro-super 95 retail price for France, monthly average of official weekly data.",,,0.0,,CHN=regulated domestic product-price mechanism/proxy scenario; controls=observed retail-price pass-through.,0.018911917028308634,47.136679752928636,0.07407049375270569,1.1,104.074049931556,3.7230961545774655,,3.7230961545774655,0.3826412875684989,0.0,ARX_one_step_residual_lagged_information,,,,0.7577258362578646,EIA_STEO_July_2026_ex_post_2022plus,115.53445
FRA,France,2017,2017-10,2017-10-31,1.3593160000000002,EUR/litre,European Commission Weekly Oil Bulletin,observed_retail_gasoline,observed_retail,True,"Observed Euro-super 95 retail price for France, monthly average of official weekly data.",,,0.0,,CHN=regulated domestic product-price mechanism/proxy scenario; controls=observed retail-price pass-through.,-0.003793603819158109,48.921696085703545,0.03716951954160219,1.2,104.582491363014,4.6110511495989215,,4.6110511495989215,-0.0764546837583873,0.0,ARX_one_step_residual_lagged_information,,,,0.2150631197695683,EIA_STEO_July_2026_ex_post_2022plus,91.46157
FRA,France,2017,2017-11,2017-11-30,1.4028875,EUR/litre,European Commission Weekly Oil Bulletin,observed_retail_gasoline,observed_retail,True,"Observed Euro-super 95 retail price for France, monthly average of official weekly data.",,,0.0,,CHN=regulated domestic product-price mechanism/proxy scenario; controls=observed retail-price pass-through.,0.031550980533977646,53.41066326097361,0.08778943174956355,1.2,104.875822958087,2.798443154805863,,2.798443154805863,1.031947168545167,0.0,ARX_one_step_residual_lagged_information,,,,0.795920881769235,EIA_STEO_July_2026_ex_post_2022plus,92.596016
FRA,France,2017,2017-12,2017-12-31,1.40412,EUR/litre,European Commission Weekly Oil Bulletin,observed_retail_gasoline,observed_retail,True,"Observed Euro-super 95 retail price for France, monthly average of official weekly data.",,,0.0,,CHN=regulated domestic product-price mechanism/proxy scenario; controls=observed retail-price pass-through.,0.000878159448597815,54.38927307026093,0.018156535643168326,1.2,106.088260217718,4.611632269754473,,4.611632269754473,0.2316221454684384,0.0,ARX_one_step_residual_lagged_information,,,,0.2361154289400639,EIA_STEO_July_2026_ex_post_2022plus,82.718254
FRA,France,2018,2018-01,2018-01-31,1.461024,EUR/litre,European Commission Weekly Oil Bulletin,observed_retail_gasoline,observed_retail,True,"Observed Euro-super 95 retail price for France, monthly average of official weekly data.",,,0.0,,CHN=regulated domestic product-price mechanism/proxy scenario; controls=observed retail-price pass-through.,0.039726787701632016,56.647857699641584,0.04068722212633524,1.5,102.21628317,0.8356995991494642,,0.8356995991494642,0.5307537819846163,0.0,ARX_one_step_residual_lagged_information,,,,0.6466410329828569,EIA_STEO_July_2026_ex_post_2022plus,92.42679
FRA,France,2018,2018-02,2018-02-28,1.467595,EUR/litre,European Commission Weekly Oil Bulletin,observed_retail_gasoline,observed_retail,True,"Observed Euro-super 95 retail price for France, monthly average of official weekly data.",,,0.0,,CHN=regulated domestic product-price mechanism/proxy scenario; controls=observed retail-price pass-through.,0.004487446831957176,52.93538296320238,-0.0677821899734492,1.3,103.702496577798,3.1511490071996384,,3.1511490071996384,-1.0037546449327843,0.0,ARX_one_step_residual_lagged_information,,,,-0.5228083968715923,EIA_STEO_July_2026_ex_post_2022plus,64.49137
FRA,France,2018,2018-03,2018-03-31,1.4556575,EUR/litre,European Commission Weekly Oil Bulletin,observed_retail_gasoline,observed_retail,True,"Observed Euro-super 95 retail price for France, monthly average of official weekly data.",,,0.0,,CHN=regulated domestic product-price mechanism/proxy scenario; controls=observed retail-price pass-through.,-0.00816731798405157,53.52532266668686,0.011082882431034502,1.7,104.562935923343,2.1455385653796455,,2.1455385653796455,-0.0942745679504046,0.0,ARX_one_step_residual_lagged_information,,,,0.0930713737533477,EIA_STEO_July_2026_ex_post_2022plus,111.962296
FRA,France,2018,2018-04,2018-04-30,1.489165,EUR/litre,European Commission Weekly Oil Bulletin,observed_retail_gasoline,observed_retail,True,"Observed Euro-super 95 retail price for France, monthly average of official weekly data.",,,0.0,,CHN=regulated domestic product-price mechanism/proxy scenario; controls=observed retail-price pass-through.,0.022757871602262447,58.771429629914756,0.0935009833801379,1.8,103.409164982726,1.995959873932751,,1.995959873932751,0.8022116118069343,0.0,ARX_one_step_residual_lagged_information,,,,0.8103735825471061,EIA_STEO_July_2026_ex_post_2022plus,123.26347
FRA,France,2018,2018-05,2018-05-31,1.5327775,EUR/litre,European Commission Weekly Oil Bulletin,observed_retail_gasoline,observed_retail,True,"Observed Euro-super 95 retail price for France, monthly average of official weekly data.",,,0.0,,CHN=regulated domestic product-price mechanism/proxy scenario; controls=observed retail-price pass-through.,0.02886588891940206,65.11538710967528,0.10250503624359641,2.3,102.333615800796,-1.3005072010123797,,-1.3005072010123797,0.61791327286101,0.0,ARX_one_step_residual_lagged_information,,,,0.5988011055133343,EIA_STEO_July_2026_ex_post_2022plus,125.66662
FRA,France,2018,2018-06,2018-06-30,1.548885,EUR/litre,European Commission Weekly Oil Bulletin,observed_retail_gasoline,observed_retail,True,"Observed Euro-super 95 retail price for France, monthly average of official weekly data.",,,0.0,,CHN=regulated domestic product-price mechanism/proxy scenario; controls=observed retail-price pass-through.,0.010453868124672805,63.710316624106675,-0.021814376530367774,2.3,104.26960433,1.6355836111363153,,1.6355836111363153,0.2164778282618993,0.0,ARX_one_step_residual_lagged_information,,,,-0.3193864990554811,EIA_STEO_July_2026_ex_post_2022plus,103.96859
FRA,France,2018,2018-07,2018-07-31,1.53296,EUR/litre,European Commission Weekly Oil Bulletin,observed_retail_gasoline,observed_retail,True,"Observed Euro-super 95 retail price for France, monthly average of official weekly data.",,,0.0,,CHN=regulated domestic product-price mechanism/proxy scenario; controls=observed retail-price pass-through.,-0.010334810312178588,63.54926123632473,-0.0025311332392412567,2.6,103.72205202,1.1853535997465414,,1.1853535997465414,0.2532337563567078,0.0,ARX_one_step_residual_lagged_information,,,,-0.0241107132650339,EIA_STEO_July_2026_ex_post_2022plus,110.02843
FRA,France,2018,2018-08,2018-08-31,1.5458875,EUR/litre,European Commission Weekly Oil Bulletin,observed_retail_gasoline,observed_retail,True,"Observed Euro-super 95 retail price for France, monthly average of official weekly data.",,,0.0,,CHN=regulated domestic product-price mechanism/proxy scenario; controls=observed retail-price pass-through.,0.008397672162382963,62.81970676639525,-0.011546546386484557,2.6,104.113160810899,1.228400592565304,,1.228400592565304,-0.2271250192287946,0.0,ARX_one_step_residual_lagged_information,,,,-0.2227949159068178,EIA_STEO_July_2026_ex_post_2022plus,112.741684
FRA,France,2018,2018-09,2018-09-30,1.554265,EUR/litre,European Commission Weekly Oil Bulletin,observed_retail_gasoline,observed_retail,True,"Observed Euro-super 95 retail price for France, monthly average of official weekly data.",,,0.0,,CHN=regulated domestic product-price mechanism/proxy scenario; controls=observed retail-price pass-through.,0.005404585994983724,67.62130746370575,0.07365430629007896,2.5,102.949612150447,-1.0862998240815713,,-1.0862998240815713,0.853284043900544,0.0,ARX_one_step_residual_lagged_information,,,,0.7721044015297376,EIA_STEO_July_2026_ex_post_2022plus,75.05391
FRA,France,2018,2018-10,2018-10-31,1.558334,EUR/litre,European Commission Weekly Oil Bulletin,observed_retail_gasoline,observed_retail,True,"Observed Euro-super 95 retail price for France, monthly average of official weekly data.",,,0.0,,CHN=regulated domestic product-price mechanism/proxy scenario; controls=observed retail-price pass-through.,0.0026145368021429083,70.54217790868759,0.042287666584137185,2.5,104.426047845643,-0.14970062675860873,,-0.14970062675860873,0.3098941070137567,0.0,ARX_one_step_residual_lagged_information,,,,0.2422209714529359,EIA_STEO_July_2026_ex_post_2022plus,92.01648
FRA,France,2018,2018-11,2018-11-30,1.4809475,EUR/litre,European Commission Weekly Oil Bulletin,observed_retail_gasoline,observed_retail,True,"Observed Euro-super 95 retail price for France, monthly average of official weekly data.",,,0.0,,CHN=regulated domestic product-price mechanism/proxy scenario; controls=observed retail-price pass-through.,-0.050935216243537196,56.9782828763354,-0.21354060607025094,2.2,103.223388305847,-1.5881553553183991,,-1.5881553553183991,-1.9526225628805007,0.0,ARX_one_step_residual_lagged_information,,,,-2.079541405844165,EIA_STEO_July_2026_ex_post_2022plus,80.407585
FRA,France,2018,2018-12,2018-12-31,1.4325166666666669,EUR/litre,European Commission Weekly Oil Bulletin,observed_retail_gasoline,observed_retail,True,"Observed Euro-super 95 retail price for France, monthly average of official weekly data.",,,0.0,,CHN=regulated domestic product-price mechanism/proxy scenario; controls=observed retail-price pass-through.,-0.03324928142600264,50.405262306077546,-0.12257461260346503,1.9,104.269604328271,-1.729149711006439,,-1.729149711006439,-1.0061364944612583,0.0,ARX_one_step_residual_lagged_information,,,,-1.1251766525266678,EIA_STEO_July_2026_ex_post_2022plus,90.607666
FRA,France,2019,2019-01,2019-01-31,1.42372,EUR/litre,European Commission Weekly Oil Bulletin,observed_retail_gasoline,observed_retail,True,"Observed Euro-super 95 retail price for France, monthly average of official weekly data.",,,0.0,,CHN=regulated domestic product-price mechanism/proxy scenario; controls=observed retail-price pass-through.,-0.006159639768153313,52.03298003391933,0.03178216850144144,1.4,104.885600677922,2.577924725379521,,2.577924725379521,0.188445533632504,0.0,ARX_one_step_residual_lagged_information,,,,0.3188447727567846,EIA_STEO_July_2026_ex_post_2022plus,87.4241
FRA,France,2019,2019-02,2019-02-28,1.4421475,EUR/litre,European Commission Weekly Oil Bulletin,observed_retail_gasoline,observed_retail,True,"Observed Euro-super 95 retail price for France, monthly average of official weekly data.",,,0.0,,CHN=regulated domestic product-price mechanism/proxy scenario; controls=observed retail-price pass-through.,0.012860157677614725,56.35687608409954,0.07982650864073682,1.5,104.92471155726498,1.1716870230054077,,1.1716870230054077,0.3179255869930876,0.0,ARX_one_step_residual_lagged_information,,,,0.6770586293080596,EIA_STEO_July_2026_ex_post_2022plus,96.80016
FRA,France,2019,2019-03,2019-03-31,1.4812425,EUR/litre,European Commission Weekly Oil Bulletin,observed_retail_gasoline,observed_retail,True,"Observed Euro-super 95 retail price for France, monthly average of official weekly data.",,,0.0,,CHN=regulated domestic product-price mechanism/proxy scenario; controls=observed retail-price pass-through.,0.02674794047748913,58.55072519247687,0.038189218229466526,1.3,104.6607131217,0.09346668593295249,,0.09346668593295249,0.2509811626919623,0.0,ARX_one_step_residual_lagged_information,,,,0.3042339624987233,EIA_STEO_July_2026_ex_post_2022plus,82.32829
FRA,France,2019,2019-04,2019-04-30,1.55391,EUR/litre,European Commission Weekly Oil Bulletin,observed_retail_gasoline,observed_retail,True,"Observed Euro-super 95 retail price for France, monthly average of official weekly data.",,,0.0,,CHN=regulated domestic product-price mechanism/proxy scenario; controls=observed retail-price pass-through.,0.04789307261305237,63.40982597803501,0.0797253574816903,1.4,104.856267518415,1.3896937264385123,,1.3896937264385123,0.7415849113131195,0.0,ARX_one_step_residual_lagged_information,,,,0.6807381297896776,EIA_STEO_July_2026_ex_post_2022plus,79.25345
FRA,France,2019,2019-05,2019-05-31,1.5837675,EUR/litre,European Commission Weekly Oil Bulletin,observed_retail_gasoline,observed_retail,True,"Observed Euro-super 95 retail price for France, monthly average of official weekly data.",,,0.0,,CHN=regulated domestic product-price mechanism/proxy scenario; controls=observed retail-price pass-through.,0.019032167105522024,63.7515373878491,0.005374466320483329,1.1,106.772700606219,4.246406236673916,,4.246406236673916,0.1036321340257055,0.0,ARX_one_step_residual_lagged_information,,,,0.0055781678142461,EIA_STEO_July_2026_ex_post_2022plus,106.4719
FRA,France,2019,2019-06,2019-06-30,1.5376075,EUR/litre,European Commission Weekly Oil Bulletin,observed_retail_gasoline,observed_retail,True,"Observed Euro-super 95 retail price for France, monthly average of official weekly data.",,,0.0,,CHN=regulated domestic product-price mechanism/proxy scenario; controls=observed retail-price pass-through.,-0.029578865362396345,56.8585465466601,-0.11442675570461613,1.4,103.46783131,-0.7719138331226283,,-0.7719138331226283,-0.7544511920195658,0.0,ARX_one_step_residual_lagged_information,,,,-0.9745194423062468,EIA_STEO_July_2026_ex_post_2022plus,106.588455
FRA,France,2019,2019-07,2019-07-31,1.51424,EUR/litre,European Commission Weekly Oil Bulletin,observed_retail_gasoline,observed_retail,True,"Observed Euro-super 95 retail price for France, monthly average of official weekly data.",,,0.0,,CHN=regulated domestic product-price mechanism/proxy scenario; controls=observed retail-price pass-through.,-0.015313974025749022,57.013700330427966,0.002725051696722325,1.3,104.298937487778,0.554643017544354,,0.554643017544354,-0.1475646384633109,0.0,ARX_one_step_residual_lagged_information,,,,-0.0488585610737776,EIA_STEO_July_2026_ex_post_2022plus,93.521255
FRA,France,2019,2019-08,2019-08-31,1.5029249999999998,EUR/litre,European Commission Weekly Oil Bulletin,observed_retail_gasoline,observed_retail,True,"Observed Euro-super 95 retail price for France, monthly average of official weekly data.",,,0.0,,CHN=regulated domestic product-price mechanism/proxy scenario; controls=observed retail-price pass-through.,-0.007500453601595403,53.055410768875234,-0.07195474201045382,1.3,102.949612150447,-1.1238726218183892,,-1.1238726218183892,-0.8952299415487155,0.0,ARX_one_step_residual_lagged_information,,,,-0.7392204902481774,EIA_STEO_July_2026_ex_post_2022plus,103.40442
FRA,France,2019,2019-09,2019-09-30,1.49571,EUR/litre,European Commission Weekly Oil Bulletin,observed_retail_gasoline,observed_retail,True,"Observed Euro-super 95 retail price for France, monthly average of official weekly data.",,,0.0,,CHN=regulated domestic product-price mechanism/proxy scenario; controls=observed retail-price pass-through.,-0.0048121988326658705,57.05816514591163,0.07273433507750848,1.1,104.103383091064,1.1144807457849737,,1.1144807457849737,0.7267762189669941,0.0,ARX_one_step_residual_lagged_information,,,,0.5690958721819117,EIA_STEO_July_2026_ex_post_2022plus,90.36799
FRA,France,2019,2019-10,2019-10-31,1.500015,EUR/litre,European Commission Weekly Oil Bulletin,observed_retail_gasoline,observed_retail,True,"Observed Euro-super 95 retail price for France, monthly average of official weekly data.",,,0.0,,CHN=regulated domestic product-price mechanism/proxy scenario; controls=observed retail-price pass-through.,0.002874097564650513,54.00134183320994,-0.05506229367604609,0.9,104.132716250571,-0.2812941376614475,,-0.2812941376614475,-0.5756594546753463,0.0,ARX_one_step_residual_lagged_information,,,,-0.4753168273233417,EIA_STEO_July_2026_ex_post_2022plus,97.83673
FRA,France,2019,2019-11,2019-11-30,1.5079625,EUR/litre,European Commission Weekly Oil Bulletin,observed_retail_gasoline,observed_retail,True,"Observed Euro-super 95 retail price for France, monthly average of official weekly data.",,,0.0,,CHN=regulated domestic product-price mechanism/proxy scenario; controls=observed retail-price pass-through.,0.0052842938443960485,57.20328355294912,0.05760240649130255,1.2,103.330943224041,0.10414202124753302,,0.10414202124753302,0.325523975981759,0.0,ARX_one_step_residual_lagged_information,,,,0.5210974588565558,EIA_STEO_July_2026_ex_post_2022plus,73.078384
FRA,France,2019,2019-12,2019-12-31,1.5193666666666663,EUR/litre,European Commission Weekly Oil Bulletin,observed_retail_gasoline,observed_retail,True,"Observed Euro-super 95 retail price for France, monthly average of official weekly data.",,,0.0,,CHN=regulated domestic product-price mechanism/proxy scenario; controls=observed retail-price pass-through.,0.007534179459281531,60.48251512088544,0.05574301549008176,1.6,101.160289420507,-3.027361129508943,,-3.027361129508943,0.4989297512798961,0.0,ARX_one_step_residual_lagged_information,,,,0.5626427037356834,EIA_STEO_July_2026_ex_post_2022plus,74.27989
FRA,France,2020,2020-01,2020-01-31,1.53981,EUR/litre,European Commission Weekly Oil Bulletin,observed_retail_gasoline,observed_retail,True,"Observed Euro-super 95 retail price for France, monthly average of official weekly data.",,,0.0,,CHN=regulated domestic product-price mechanism/proxy scenario; controls=observed retail-price pass-through.,0.013365450828797087,57.35173762512795,-0.05315117527640645,1.7,103.08650023,-1.730179500250273,,-1.730179500250273,-0.6705064432322924,0.0,ARX_one_step_residual_lagged_information,,,,-0.5101846776295887,EIA_STEO_July_2026_ex_post_2022plus,138.42094
FRA,France,2020,2020-02,2020-02-29,1.4996475,EUR/litre,European Commission Weekly Oil Bulletin,observed_retail_gasoline,observed_retail,True,"Observed Euro-super 95 retail price for France, monthly average of official weekly data.",,,0.0,,CHN=regulated domestic product-price mechanism/proxy scenario; controls=observed retail-price pass-through.,-0.02642895169930176,51.01396037052977,-0.11710381370183764,1.6,104.71937944,-0.19588644921570975,,-0.19588644921570975,-1.4886935956750118,0.0,ARX_one_step_residual_lagged_information,,,,-1.2453944208448664,EIA_STEO_July_2026_ex_post_2022plus,75.95556
FRA,France,2020,2020-03,2020-03-31,1.398098,EUR/litre,European Commission Weekly Oil Bulletin,observed_retail_gasoline,observed_retail,True,"Observed Euro-super 95 retail price for France, monthly average of official weekly data.",,,0.0,,CHN=regulated domestic product-price mechanism/proxy scenario; controls=observed retail-price pass-through.,-0.07011733899355782,28.99031079985964,-0.5651376642123283,0.8,85.06616257088871,-20.72944777253314,,-20.72944777253314,-5.233802918763738,0.0,ARX_one_step_residual_lagged_information,,,,-5.119287024916463,EIA_STEO_July_2026_ex_post_2022plus,81.54003
FRA,France,2020,2020-04,2020-04-30,1.265116666666667,EUR/litre,European Commission Weekly Oil Bulletin,observed_retail_gasoline,observed_retail,True,"Observed Euro-super 95 retail price for France, monthly average of official weekly data.",,,0.0,,CHN=regulated domestic product-price mechanism/proxy scenario; controls=observed retail-price pass-through.,-0.09994839695694308,16.906206447859322,-0.5392808638631168,0.4,66.2636073267716,-45.89496942197364,,-45.89496942197364,-5.199309945631854,0.0,ARX_one_step_residual_lagged_information,,,,-5.135860269259506,EIA_STEO_July_2026_ex_post_2022plus,69.3394
FRA,France,2020,2020-05,2020-05-31,1.2431125,EUR/litre,European Commission Weekly Oil Bulletin,observed_retail_gasoline,observed_retail,True,"Observed Euro-super 95 retail price for France, monthly average of official weekly data.",,,0.0,,CHN=regulated domestic product-price mechanism/proxy scenario; controls=observed retail-price pass-through.,-0.017546029269464997,26.936821159182784,0.46581336701285325,0.4,80.3435238902291,-28.43907913677075,,-28.43907913677075,3.9668162669824367,0.0,ARX_one_step_residual_lagged_information,,,,4.331729751051854,EIA_STEO_July_2026_ex_post_2022plus,68.50722
FRA,France,2020,2020-06,2020-06-30,1.308164,EUR/litre,European Commission Weekly Oil Bulletin,observed_retail_gasoline,observed_retail,True,"Observed Euro-super 95 retail price for France, monthly average of official weekly data.",,,0.0,,CHN=regulated domestic product-price mechanism/proxy scenario; controls=observed retail-price pass-through.,0.051006312166933215,35.76516997909313,0.28348034725563087,0.2,90.99146079,-12.849509115407454,,-12.849509115407454,2.436789638774949,0.0,ARX_one_step_residual_lagged_information,,,,2.909312404330328,EIA_STEO_July_2026_ex_post_2022plus,71.22786
FRA,France,2020,2020-07,2020-07-31,1.3419925,EUR/litre,European Commission Weekly Oil Bulletin,observed_retail_gasoline,observed_retail,True,"Observed Euro-super 95 retail price for France, monthly average of official weekly data.",,,0.0,,CHN=regulated domestic product-price mechanism/proxy scenario; controls=observed retail-price pass-through.,0.02553082242194682,37.65021082132132,0.05136403951923629,0.8,95.11765856202368,-9.214653841953258,,-9.214653841953258,0.01030566042997,0.0,ARX_one_step_residual_lagged_information,,,,0.6537384842262939,EIA_STEO_July_2026_ex_post_2022plus,66.47328
FRA,France,2020,2020-08,2020-08-31,1.331108,EUR/litre,European Commission Weekly Oil Bulletin,observed_retail_gasoline,observed_retail,True,"Observed Euro-super 95 retail price for France, monthly average of official weekly data.",,,0.0,,CHN=regulated domestic product-price mechanism/proxy scenario; controls=observed retail-price pass-through.,-0.008143771740613814,37.81297189252873,0.004313661781488953,0.2,96.0367642265827,-6.950858725757136,,-6.950858725757136,-0.0329631673480962,0.0,ARX_one_step_residual_lagged_information,,,,0.3086337464573048,EIA_STEO_July_2026_ex_post_2022plus,65.46605
FRA,France,2020,2020-09,2020-09-30,1.330045,EUR/litre,European Commission Weekly Oil Bulletin,observed_retail_gasoline,observed_retail,True,"Observed Euro-super 95 retail price for France, monthly average of official weekly data.",,,0.0,,CHN=regulated domestic product-price mechanism/proxy scenario; controls=observed retail-price pass-through.,-0.0007989018718861929,34.71477453319452,-0.0854868401263702,0.0,97.5425330812858,-6.509595395473777,,-6.509595395473777,-1.337846087993822,0.0,ARX_one_step_residual_lagged_information,,,,-0.8320689060780462,EIA_STEO_July_2026_ex_post_2022plus,80.37738
FRA,France,2020,2020-10,2020-10-31,1.3329975,EUR/litre,European Commission Weekly Oil Bulletin,observed_retail_gasoline,observed_retail,True,"Observed Euro-super 95 retail price for France, monthly average of official weekly data.",,,0.0,,CHN=regulated domestic product-price mechanism/proxy scenario; controls=observed retail-price pass-through.,0.002217389478193943,34.15295152114984,-0.01631636496218425,0.1,99.6154096864614,-4.434933503822691,,-4.434933503822691,-0.5674547419519714,0.0,ARX_one_step_residual_lagged_information,,,,-0.1695395031828312,EIA_STEO_July_2026_ex_post_2022plus,76.08317
FRA,France,2020,2020-11,2020-11-30,1.328138,EUR/litre,European Commission Weekly Oil Bulletin,observed_retail_gasoline,observed_retail,True,"Observed Euro-super 95 retail price for France, monthly average of official weekly data.",,,0.0,,CHN=regulated domestic product-price mechanism/proxy scenario; controls=observed retail-price pass-through.,-0.0036522044079114746,36.100885624820606,0.055468387154378185,0.2,98.050974512744,-5.244938692398193,,-5.244938692398193,0.159158192905724,0.0,ARX_one_step_residual_lagged_information,,,,0.5531928001953953,EIA_STEO_July_2026_ex_post_2022plus,70.06747
FRA,France,2020,2020-12,2020-12-31,1.35118,EUR/litre,European Commission Weekly Oil Bulletin,observed_retail_gasoline,observed_retail,True,"Observed Euro-super 95 retail price for France, monthly average of official weekly data.",,,0.0,,CHN=regulated domestic product-price mechanism/proxy scenario; controls=observed retail-price pass-through.,0.017200323426087738,41.08726943837388,0.12938092991459005,0.0,97.4447558829284,-3.7420671722105503,,-3.7420671722105503,0.9731595394932884,0.0,ARX_one_step_residual_lagged_information,,,,1.4542880617593923,EIA_STEO_July_2026_ex_post_2022plus,64.06729
FRA,France,2021,2021-01,2021-01-31,1.41083,EUR/litre,European Commission Weekly Oil Bulletin,observed_retail_gasoline,observed_retail,True,"Observed Euro-super 95 retail price for France, monthly average of official weekly data.",,,0.0,,CHN=regulated domestic product-price mechanism/proxy scenario; controls=observed retail-price pass-through.,0.04319989894031362,44.98023070940269,0.09052474817724088,0.8,100.495404471678,-2.5456444042744053,,-2.5456444042744053,0.3836631169226632,0.0,ARX_one_step_residual_lagged_information,,,,0.8389414996582737,EIA_STEO_July_2026_ex_post_2022plus,77.4187
FRA,France,2021,2021-02,2021-02-28,1.4425425,EUR/litre,European Commission Weekly Oil Bulletin,observed_retail_gasoline,observed_retail,True,"Observed Euro-super 95 retail price for France, monthly average of official weekly data.",,,0.0,,CHN=regulated domestic product-price mechanism/proxy scenario; controls=observed retail-price pass-through.,0.022228998019965585,51.49516905924969,0.13526492292173797,0.8,96.3105403819832,-8.37064292688341,,-8.37064292688341,1.0471454699695986,0.0,ARX_one_step_residual_lagged_information,,,,1.1814795261633393,EIA_STEO_July_2026_ex_post_2022plus,73.9568
FRA,France,2021,2021-03,2021-03-31,1.502944,EUR/litre,European Commission Weekly Oil Bulletin,observed_retail_gasoline,observed_retail,True,"Observed Euro-super 95 retail price for France, monthly average of official weekly data.",,,0.0,,CHN=regulated domestic product-price mechanism/proxy scenario; controls=observed retail-price pass-through.,0.04101866955660738,54.962697460117845,0.06516672853896521,1.4,97.7576429176719,13.90620473308406,,13.90620473308406,0.5541671762649659,0.0,ARX_one_step_residual_lagged_information,,,,0.4485084381959874,EIA_STEO_July_2026_ex_post_2022plus,78.61877
FRA,France,2021,2021-04,2021-04-30,1.5171566666666667,EUR/litre,European Commission Weekly Oil Bulletin,observed_retail_gasoline,observed_retail,True,"Observed Euro-super 95 retail price for France, monthly average of official weekly data.",,,0.0,,CHN=regulated domestic product-price mechanism/proxy scenario; controls=observed retail-price pass-through.,0.009412117778706652,54.16553056734636,-0.014609988393534223,1.6,97.8065315168506,38.93505218490674,,38.93505218490674,0.1862069716688893,0.0,ARX_one_step_residual_lagged_information,,,,-0.0910692194610425,EIA_STEO_July_2026_ex_post_2022plus,88.16622
FRA,France,2021,2021-05,2021-05-31,1.522968,EUR/litre,European Commission Weekly Oil Bulletin,observed_retail_gasoline,observed_retail,True,"Observed Euro-super 95 retail price for France, monthly average of official weekly data.",,,0.0,,CHN=regulated domestic product-price mechanism/proxy scenario; controls=observed retail-price pass-through.,0.0038230934903921154,56.425907446697146,0.04088366618559913,1.8,97.8065315168506,19.667986905399193,,19.667986905399193,0.4497531915213519,0.0,ARX_one_step_residual_lagged_information,,,,0.5117128393307618,EIA_STEO_July_2026_ex_post_2022plus,93.00713
FRA,France,2021,2021-06,2021-06-30,1.5360925,EUR/litre,European Commission Weekly Oil Bulletin,observed_retail_gasoline,observed_retail,True,"Observed Euro-super 95 retail price for France, monthly average of official weekly data.",,,0.0,,CHN=regulated domestic product-price mechanism/proxy scenario; controls=observed retail-price pass-through.,0.008580791736306825,60.73294818034544,0.07355794950489969,1.9,97.3078678052281,6.711418258913415,,6.711418258913415,0.4549932173511998,0.0,ARX_one_step_residual_lagged_information,,,,0.5990337861743334,EIA_STEO_July_2026_ex_post_2022plus,74.12712
FRA,France,2021,2021-07,2021-07-31,1.57499,EUR/litre,European Commission Weekly Oil Bulletin,observed_retail_gasoline,observed_retail,True,"Observed Euro-super 95 retail price for France, monthly average of official weekly data.",,,0.0,,CHN=regulated domestic product-price mechanism/proxy scenario; controls=observed retail-price pass-through.,0.025007068784676623,63.585176108601566,0.04589400869434179,1.5,98.050974512744,3.037285507223597,,3.037285507223597,0.3769608296477943,0.0,ARX_one_step_residual_lagged_information,,,,0.2441988040870252,EIA_STEO_July_2026_ex_post_2022plus,58.42077
FRA,France,2021,2021-08,2021-08-31,1.578606,EUR/litre,European Commission Weekly Oil Bulletin,observed_retail_gasoline,observed_retail,True,"Observed Euro-super 95 retail price for France, monthly average of official weekly data.",,,0.0,,CHN=regulated domestic product-price mechanism/proxy scenario; controls=observed retail-price pass-through.,0.0022932560700349436,60.124726314345025,-0.055959186654065185,2.4,97.75764292,1.7760305398140552,,1.7760305398140552,-0.2830597305679688,0.0,ARX_one_step_residual_lagged_information,,,,-0.5655219548259344,EIA_STEO_July_2026_ex_post_2022plus,89.48655
FRA,France,2021,2021-09,2021-09-30,1.58269,EUR/litre,European Commission Weekly Oil Bulletin,observed_retail_gasoline,observed_retail,True,"Observed Euro-super 95 retail price for France, monthly average of official weekly data.",,,0.0,,CHN=regulated domestic product-price mechanism/proxy scenario; controls=observed retail-price pass-through.,0.00258375189921356,63.31716312411374,0.05173525532876688,2.7,96.3692067,-1.210180159692431,,-1.210180159692431,0.5185963091691657,0.0,ARX_one_step_residual_lagged_information,,,,0.4710994601392794,EIA_STEO_July_2026_ex_post_2022plus,80.69697
FRA,France,2021,2021-10,2021-10-31,1.6356825000000002,EUR/litre,European Commission Weekly Oil Bulletin,observed_retail_gasoline,observed_retail,True,"Observed Euro-super 95 retail price for France, monthly average of official weekly data.",,,0.0,,CHN=regulated domestic product-price mechanism/proxy scenario; controls=observed retail-price pass-through.,0.032934217421375755,72.01722437933769,0.12874888609655688,3.2,99.0483019359888,-0.5709238856618448,,-0.5709238856618448,1.1039672592649925,0.0,ARX_one_step_residual_lagged_information,,,,1.054700192682048,EIA_STEO_July_2026_ex_post_2022plus,79.029236
FRA,France,2021,2021-11,2021-11-30,1.659824,EUR/litre,European Commission Weekly Oil Bulletin,observed_retail_gasoline,observed_retail,True,"Observed Euro-super 95 retail price for France, monthly average of official weekly data.",,,0.0,,CHN=regulated domestic product-price mechanism/proxy scenario; controls=observed retail-price pass-through.,0.014651424209399355,71.00757033623715,-0.014118822085146476,3.4,97.0536470894991,-1.022360313079762,,-1.022360313079762,-0.0706849995392918,0.0,ARX_one_step_residual_lagged_information,,,,-0.2849249323065002,EIA_STEO_July_2026_ex_post_2022plus,86.569145
FRA,France,2021,2021-12,2021-12-31,1.63353,EUR/litre,European Commission Weekly Oil Bulletin,observed_retail_gasoline,observed_retail,True,"Observed Euro-super 95 retail price for France, monthly average of official weekly data.",,,0.0,,CHN=regulated domestic product-price mechanism/proxy scenario; controls=observed retail-price pass-through.,-0.015968255287859,65.63319969594447,-0.0787048349571835,3.4,97.5620885209572,0.12033695796320742,,0.12033695796320742,-0.6113686709374714,0.0,ARX_one_step_residual_lagged_information,,,,-0.8254577822011292,EIA_STEO_July_2026_ex_post_2022plus,105.34542
FRA,France,2022,2022-01,2022-01-31,1.697972,EUR/litre,European Commission Weekly Oil Bulletin,observed_retail_gasoline,observed_retail,True,"Observed Euro-super 95 retail price for France, monthly average of official weekly data.",,,0.0,,CHN=regulated domestic product-price mechanism/proxy scenario; controls=observed retail-price pass-through.,0.038691280401717376,76.4436317859141,0.15247196897890536,3.3,99.61540969,-0.8795131417310031,,-0.8795131417310031,1.5810680213281163,0.0,ARX_one_step_residual_lagged_information,,,,1.416968417780749,EIA_STEO_July_2026_ex_post_2022plus,138.67499
FRA,France,2022,2022-02,2022-02-28,1.7880275,EUR/litre,European Commission Weekly Oil Bulletin,observed_retail_gasoline,observed_retail,True,"Observed Euro-super 95 retail price for France, monthly average of official weekly data.",,,0.0,,CHN=regulated domestic product-price mechanism/proxy scenario; controls=observed retail-price pass-through.,0.051678459181272896,85.5882376507387,0.11299423325068148,4.2,98.3834169871589,2.1294496885129632,,2.1294496885129632,1.0703315474347286,0.0,ARX_one_step_residual_lagged_information,,,,1.065599386143739,EIA_STEO_July_2026_ex_post_2022plus,216.15901
FRA,France,2022,2022-03,2022-03-31,1.9873025,EUR/litre,European Commission Weekly Oil Bulletin,observed_retail_gasoline,observed_retail,True,"Observed Euro-super 95 retail price for France, monthly average of official weekly data.",,,0.0,,CHN=regulated domestic product-price mechanism/proxy scenario; controls=observed retail-price pass-through.,0.10566513459328997,106.41239381648685,0.21777419027777611,5.1,97.7771983573434,0.02000200026675003,,0.02000200026675003,1.922395201592899,0.0,ARX_one_step_residual_lagged_information,-1.0065993210972508,0.0181492869995741,1.5770688740536394,1.7349150673297866,EIA_STEO_July_2026_ex_post_2022plus,318.95493
FRA,France,2022,2022-04,2022-04-30,1.8051266666666663,EUR/litre,European Commission Weekly Oil Bulletin,observed_retail_gasoline,observed_retail,True,"Observed Euro-super 95 retail price for France, monthly average of official weekly data.",,,0.0,,CHN=regulated domestic product-price mechanism/proxy scenario; controls=observed retail-price pass-through.,-0.09614742677827604,96.81878536452216,-0.09448101422386568,5.4,97.0634248093348,-0.7626730395458026,,-0.7626730395458026,-0.6789392095214486,0.0,ARX_one_step_residual_lagged_information,-0.1461343783478032,-1.6477127361273944,-2.144783681849617,-1.0627055388305418,EIA_STEO_July_2026_ex_post_2022plus,191.1431
FRA,France,2022,2022-05,2022-05-31,1.899072,EUR/litre,European Commission Weekly Oil Bulletin,observed_retail_gasoline,observed_retail,True,"Observed Euro-super 95 retail price for France, monthly average of official weekly data.",,,0.0,,CHN=regulated domestic product-price mechanism/proxy scenario; controls=observed retail-price pass-through.,0.05073458104208861,107.2643820808815,0.10245560833625245,5.8,98.24652890945868,0.44885617228000996,,0.44885617228000996,1.1039174182479583,0.0,ARX_one_step_residual_lagged_information,0.2782729613369721,0.1705525783912704,0.9676004022294366,0.7385727675198195,EIA_STEO_July_2026_ex_post_2022plus,142.25848
FRA,France,2022,2022-06,2022-06-30,2.11196,EUR/litre,European Commission Weekly Oil Bulletin,observed_retail_gasoline,observed_retail,True,"Observed Euro-super 95 retail price for France, monthly average of official weekly data.",,,0.0,,CHN=regulated domestic product-price mechanism/proxy scenario; controls=observed retail-price pass-through.,0.10625108046737475,116.13631734896336,0.07946800324468128,6.5,99.0580796558246,1.782649407471748,,1.782649407471748,1.4204844064848343,0.0,ARX_one_step_residual_lagged_information,-0.8531357311139594,1.7693744958686008,1.301702671732937,0.7292934422446856,EIA_STEO_July_2026_ex_post_2022plus,130.70732
FRA,France,2022,2022-07,2022-07-31,2.0090025,EUR/litre,European Commission Weekly Oil Bulletin,observed_retail_gasoline,observed_retail,True,"Observed Euro-super 95 retail price for France, monthly average of official weekly data.",,,0.0,,CHN=regulated domestic product-price mechanism/proxy scenario; controls=observed retail-price pass-through.,-0.0499780960385009,110.08091948603908,-0.05354892367931274,6.8,97.59142168046448,-0.4697894591597418,,-0.4697894591597418,-0.4806703313575357,0.0,ARX_one_step_residual_lagged_information,-1.1071407029483085,-0.3915175098824278,-1.1564901391733493,-0.8559327971030861,EIA_STEO_July_2026_ex_post_2022plus,117.176765
FRA,France,2022,2022-08,2022-08-31,1.80216,EUR/litre,European Commission Weekly Oil Bulletin,observed_retail_gasoline,observed_retail,True,"Observed Euro-super 95 retail price for France, monthly average of official weekly data.",,,0.0,,CHN=regulated domestic product-price mechanism/proxy scenario; controls=observed retail-price pass-through.,-0.10865238475462102,99.18328840960662,-0.10424619055290929,6.6,100.14340656,2.4111840049219957,,2.4111840049219957,-0.326717240364054,0.0,ARX_one_step_residual_lagged_information,-0.292921464944351,-0.8158523115998736,-1.077247986154523,-1.0058533166977166,EIA_STEO_July_2026_ex_post_2022plus,132.86322
FRA,France,2022,2022-09,2022-09-30,1.5723975,EUR/litre,European Commission Weekly Oil Bulletin,observed_retail_gasoline,observed_retail,True,"Observed Euro-super 95 retail price for France, monthly average of official weekly data.",,,0.0,,CHN=regulated domestic product-price mechanism/proxy scenario; controls=observed retail-price pass-through.,-0.1363844208395243,90.70144185261816,-0.08939628254990062,6.2,99.6251874062972,3.3228300211336936,,3.3228300211336936,-0.9341469186120064,0.0,ARX_one_step_residual_lagged_information,0.0002699968113363,0.2110253233709895,-1.4383260217963714,-1.0448689963496265,EIA_STEO_July_2026_ex_post_2022plus,131.98587
FRA,France,2022,2022-10,2022-10-31,1.6644020000000002,EUR/litre,European Commission Weekly Oil Bulletin,observed_retail_gasoline,observed_retail,True,"Observed Euro-super 95 retail price for France, monthly average of official weekly data.",,,0.0,,CHN=regulated domestic product-price mechanism/proxy scenario; controls=observed retail-price pass-through.,0.056864375122073096,94.73294957174477,0.04348862208337945,7.1,97.4838667622714,-1.5920734286844151,,-1.5920734286844151,0.9824903126999572,0.0,ARX_one_step_residual_lagged_information,0.1220815835578238,-2.349045123913712,0.5797360556193126,0.3549288380414978,EIA_STEO_July_2026_ex_post_2022plus,143.16241
FRA,France,2022,2022-11,2022-11-30,1.7261425,EUR/litre,European Commission Weekly Oil Bulletin,observed_retail_gasoline,observed_retail,True,"Observed Euro-super 95 retail price for France, monthly average of official weekly data.",,,0.0,,CHN=regulated domestic product-price mechanism/proxy scenario; controls=observed retail-price pass-through.,0.036423250327427104,89.73186010345955,-0.054235984918542535,7.1,98.7549703409168,1.7377846681964293,,1.7377846681964293,0.2475833527162003,0.0,ARX_one_step_residual_lagged_information,-0.1065800475073294,0.1156073078361167,-0.0009838159336983,-0.197192597872037,EIA_STEO_July_2026_ex_post_2022plus,116.716286
FRA,France,2022,2022-12,2022-12-31,1.685505,EUR/litre,European Commission Weekly Oil Bulletin,observed_retail_gasoline,observed_retail,True,"Observed Euro-super 95 retail price for France, monthly average of official weekly data.",,,0.0,,CHN=regulated domestic product-price mechanism/proxy scenario; controls=observed retail-price pass-through.,-0.02382392792120891,76.41324244818966,-0.16066987947516864,6.7,99.5762988071185,2.0435191816260634,,2.0435191816260634,-1.3933163065402654,0.0,ARX_one_step_residual_lagged_information,0.6273075468526614,1.3108545958145574,-1.9081433053142292,-1.1324502352122976,EIA_STEO_July_2026_ex_post_2022plus,111.19594
FRA,France,2023,2023-01,2023-01-31,1.844398,EUR/litre,European Commission Weekly Oil Bulletin,observed_retail_gasoline,observed_retail,True,"Observed Euro-super 95 retail price for France, monthly average of official weekly data.",,,0.0,,CHN=regulated domestic product-price mechanism/proxy scenario; controls=observed retail-price pass-through.,0.09008771481997879,76.5618457334449,0.0019428435540103095,7.0,98.0411967929082,-1.592910261094449,,-1.592910261094449,-0.1362017123909658,0.0,ARX_one_step_residual_lagged_information,0.1257062260210339,-2.376852943604539,0.3712807158762576,0.1731194061007357,EIA_STEO_July_2026_ex_post_2022plus,104.267044
FRA,France,2023,2023-02,2023-02-28,1.909565,EUR/litre,European Commission Weekly Oil Bulletin,observed_retail_gasoline,observed_retail,True,"Observed Euro-super 95 retail price for France, monthly average of official weekly data.",,,0.0,,CHN=regulated domestic product-price mechanism/proxy scenario; controls=observed retail-price pass-through.,0.034722530442420574,77.17240887576307,0.007943139986326564,7.3,99.556743367447,1.18555034110166,,1.18555034110166,-0.2064568592249621,0.0,ARX_one_step_residual_lagged_information,-0.3410759897279797,1.261675081781293,0.7094859485014099,0.0039916586781382,EIA_STEO_July_2026_ex_post_2022plus,120.99438
FRA,France,2023,2023-03,2023-03-31,1.90918,EUR/litre,European Commission Weekly Oil Bulletin,observed_retail_gasoline,observed_retail,True,"Observed Euro-super 95 retail price for France, monthly average of official weekly data.",,,0.0,,CHN=regulated domestic product-price mechanism/proxy scenario; controls=observed retail-price pass-through.,-0.000201636925903248,73.23313951047788,-0.05239395109555822,6.7,98.1683071507728,0.399202126953746,,0.399202126953746,-0.2346375777480235,0.0,ARX_one_step_residual_lagged_information,-0.5978459691440822,0.866013951758538,-0.0251238238492574,-0.4821307967247998,EIA_STEO_July_2026_ex_post_2022plus,105.379974
FRA,France,2023,2023-04,2023-04-30,1.9469775,EUR/litre,European Commission Weekly Oil Bulletin,observed_retail_gasoline,observed_retail,True,"Observed Euro-super 95 retail price for France, monthly average of official weekly data.",,,0.0,,CHN=regulated domestic product-price mechanism/proxy scenario; controls=observed retail-price pass-through.,0.019604339580054808,77.21266367927558,0.052915436803451676,6.9,98.3931947069947,1.360701334361103,,1.360701334361103,0.9255214358403244,0.0,ARX_one_step_residual_lagged_information,0.73745645972952,-0.5069858441380255,0.9591043655415706,0.6984580366746174,EIA_STEO_July_2026_ex_post_2022plus,106.809654
FRA,France,2023,2023-05,2023-05-31,1.872912,EUR/litre,European Commission Weekly Oil Bulletin,observed_retail_gasoline,observed_retail,True,"Observed Euro-super 95 retail price for France, monthly average of official weekly data.",,,0.0,,CHN=regulated domestic product-price mechanism/proxy scenario; controls=observed retail-price pass-through.,-0.03878373117373668,69.45245242212528,-0.10592110024386425,6.0,100.368294113813,2.136644074505334,,2.136644074505334,-1.147490113914091,0.0,ARX_one_step_residual_lagged_information,-0.3295831531959921,0.2245607169064824,-1.3532619292581174,-1.0658903841627825,EIA_STEO_July_2026_ex_post_2022plus,108.46768
FRA,France,2023,2023-06,2023-06-30,1.8733975,EUR/litre,European Commission Weekly Oil Bulletin,observed_retail_gasoline,observed_retail,True,"Observed Euro-super 95 retail price for France, monthly average of official weekly data.",,,0.0,,CHN=regulated domestic product-price mechanism/proxy scenario; controls=observed retail-price pass-through.,0.00025918841073757637,69.0428982361901,-0.0059143556491187965,5.3,99.29274494,0.23661650425630398,,0.23661650425630398,0.0600737387890764,0.0,ARX_one_step_residual_lagged_information,-0.1612810686029946,2.025246693694372,0.3859428456194001,-0.0824950425078528,EIA_STEO_July_2026_ex_post_2022plus,110.528946
FRA,France,2023,2023-07,2023-07-31,1.842814,EUR/litre,European Commission Weekly Oil Bulletin,observed_retail_gasoline,observed_retail,True,"Observed Euro-super 95 retail price for France, monthly average of official weekly data.",,,0.0,,CHN=regulated domestic product-price mechanism/proxy scenario; controls=observed retail-price pass-through.,-0.016459876134358287,72.39283410020285,0.04737929299521948,5.1,99.0971905351675,1.5311494199512943,,1.5311494199512943,0.6620500987538598,0.0,ARX_one_step_residual_lagged_information,0.2407922554032768,-0.2884870142408646,0.9265930743431204,0.6236721502550346,EIA_STEO_July_2026_ex_post_2022plus,107.448784
FRA,France,2023,2023-08,2023-08-31,1.9222975,EUR/litre,European Commission Weekly Oil Bulletin,observed_retail_gasoline,observed_retail,True,"Observed Euro-super 95 retail price for France, monthly average of official weekly data.",,,0.0,,CHN=regulated domestic product-price mechanism/proxy scenario; controls=observed retail-price pass-through.,0.04222733406485801,78.96505759601008,0.08689812773168004,5.7,98.9896356169744,-1.1588070381535864,,-1.1588070381535864,0.5974681965228895,0.0,ARX_one_step_residual_lagged_information,-0.1253284831553398,-0.5749444993505445,1.3085877528860088,0.6666653733488299,EIA_STEO_July_2026_ex_post_2022plus,101.14118
FRA,France,2023,2023-09,2023-09-30,1.9644175,EUR/litre,European Commission Weekly Oil Bulletin,observed_retail_gasoline,observed_retail,True,"Observed Euro-super 95 retail price for France, monthly average of official weekly data.",,,0.0,,CHN=regulated domestic product-price mechanism/proxy scenario; controls=observed retail-price pass-through.,0.021674678465443797,87.82655047177246,0.10635840639275163,5.7,99.07763509549608,-0.551128252596822,,-0.551128252596822,1.1863314246320713,0.0,ARX_one_step_residual_lagged_information,-0.9313361053345596,-0.3883915338688654,1.7988485894835846,0.7737924217185663,EIA_STEO_July_2026_ex_post_2022plus,98.63481
FRA,France,2023,2023-10,2023-10-31,1.867934,EUR/litre,European Commission Weekly Oil Bulletin,observed_retail_gasoline,observed_retail,True,"Observed Euro-super 95 retail price for France, monthly average of official weekly data.",,,0.0,,CHN=regulated domestic product-price mechanism/proxy scenario; controls=observed retail-price pass-through.,-0.050362756439180645,85.75617871833008,-0.02385571362660066,4.5,99.116745974839,1.6611512426515596,,1.6611512426515596,0.0954693816472539,0.0,ARX_one_step_residual_lagged_information,-0.5450745786020462,-0.9512388700907632,-0.2268851255126473,-0.3190547350622526,EIA_STEO_July_2026_ex_post_2022plus,197.88701
FRA,France,2023,2023-11,2023-11-30,1.8382575,EUR/litre,European Commission Weekly Oil Bulletin,observed_retail_gasoline,observed_retail,True,"Observed Euro-super 95 retail price for France, monthly average of official weekly data.",,,0.0,,CHN=regulated domestic product-price mechanism/proxy scenario; controls=observed retail-price pass-through.,-0.016014895223450898,76.66971822467737,-0.11200131608092345,3.9,99.4394107294182,0.6906786213254357,,0.6906786213254357,-0.4738513627810214,0.0,ARX_one_step_residual_lagged_information,-0.0010804313463027,0.7161848335558986,-0.8649564873363561,-0.8216812308212115,EIA_STEO_July_2026_ex_post_2022plus,156.69614
FRA,France,2023,2023-12,2023-12-31,1.8007225,EUR/litre,European Commission Weekly Oil Bulletin,observed_retail_gasoline,observed_retail,True,"Observed Euro-super 95 retail price for France, monthly average of official weekly data.",,,0.0,,CHN=regulated domestic product-price mechanism/proxy scenario; controls=observed retail-price pass-through.,-0.02063013879719422,71.16785351043693,-0.07446560157039084,4.1,99.889185841862,0.31372574751324933,,0.31372574751324933,-0.8493628951263789,0.0,ARX_one_step_residual_lagged_information,0.2473668489230205,0.5002792624080379,-0.7547883177021754,-0.6169674999765228,EIA_STEO_July_2026_ex_post_2022plus,142.27946
FRA,France,2024,2024-01,2024-01-31,1.808648,EUR/litre,European Commission Weekly Oil Bulletin,observed_retail_gasoline,observed_retail,True,"Observed Euro-super 95 retail price for France, monthly average of official weekly data.",,,0.0,,CHN=regulated domestic product-price mechanism/proxy scenario; controls=observed retail-price pass-through.,0.004391631581118105,73.51730023948647,0.03247953510670065,3.4,99.4394107294182,1.4160755518680013,,1.4160755518680013,0.1289068697168128,0.0,ARX_one_step_residual_lagged_information,1.6419523155192652,-1.676517032990502,-0.2153688039706747,0.2868767271983697,EIA_STEO_July_2026_ex_post_2022plus,160.37366
FRA,France,2024,2024-02,2024-02-29,1.8563375,EUR/litre,European Commission Weekly Oil Bulletin,observed_retail_gasoline,observed_retail,True,"Observed Euro-super 95 retail price for France, monthly average of official weekly data.",,,0.0,,CHN=regulated domestic product-price mechanism/proxy scenario; controls=observed retail-price pass-through.,0.026025855667892173,77.34583672807462,0.05076599582779906,3.2,99.9478521608764,0.3920804865944483,,0.3920804865944483,0.4772604335319077,0.0,ARX_one_step_residual_lagged_information,-0.3506955281109208,0.8216269591485711,0.8415975139787104,0.3737731033970987,EIA_STEO_July_2026_ex_post_2022plus,146.59818
FRA,France,2024,2024-03,2024-03-31,1.8800325,EUR/litre,European Commission Weekly Oil Bulletin,observed_retail_gasoline,observed_retail,True,"Observed Euro-super 95 retail price for France, monthly average of official weekly data.",,,0.0,,CHN=regulated domestic product-price mechanism/proxy scenario; controls=observed retail-price pass-through.,0.012683603421429934,78.57272284628296,0.01573784986693383,2.4,99.3220780913894,1.168445811546981,,1.168445811546981,0.4585742395844509,0.0,ARX_one_step_residual_lagged_information,-0.9394214653003268,-0.218782261100837,0.7415869791796121,0.2059987010644816,EIA_STEO_July_2026_ex_post_2022plus,133.21317
FRA,France,2024,2024-04,2024-04-30,1.92748,EUR/litre,European Commission Weekly Oil Bulletin,observed_retail_gasoline,observed_retail,True,"Observed Euro-super 95 retail price for France, monthly average of official weekly data.",,,0.0,,CHN=regulated domestic product-price mechanism/proxy scenario; controls=observed retail-price pass-through.,0.024924386340147486,83.8710975877504,0.0652564660602808,2.4,100.309627794799,1.929003815438346,,1.929003815438346,0.5833845726716669,0.0,ARX_one_step_residual_lagged_information,0.0524693730823447,0.4241423653216205,0.1921506745659527,0.4724081417646454,EIA_STEO_July_2026_ex_post_2022plus,163.94734
FRA,France,2024,2024-05,2024-05-31,1.9035825,EUR/litre,European Commission Weekly Oil Bulletin,observed_retail_gasoline,observed_retail,True,"Observed Euro-super 95 retail price for France, monthly average of official weekly data.",,,0.0,,CHN=regulated domestic product-price mechanism/proxy scenario; controls=observed retail-price pass-through.,-0.012475813151859638,75.62179345029281,-0.10353655289008046,2.6,98.9798578971387,-1.392998785428201,,-1.392998785428201,-0.5039500293191513,0.0,ARX_one_step_residual_lagged_information,-0.5104034817820186,0.5114751952490312,-1.5662552012988609,-0.8883495772932078,EIA_STEO_July_2026_ex_post_2022plus,130.52187
FRA,France,2024,2024-06,2024-06-30,1.850255,EUR/litre,European Commission Weekly Oil Bulletin,observed_retail_gasoline,observed_retail,True,"Observed Euro-super 95 retail price for France, monthly average of official weekly data.",,,0.0,,CHN=regulated domestic product-price mechanism/proxy scenario; controls=observed retail-price pass-through.,-0.028414169685456403,76.41689746659422,0.010459327951701347,2.5,99.1460791343462,-0.1478196951066657,,-0.1478196951066657,0.142921377583839,0.0,ARX_one_step_residual_lagged_information,0.135415096587442,0.8578224166918471,0.2823280479124487,0.0509880659209963,EIA_STEO_July_2026_ex_post_2022plus,113.0928
FRA,France,2024,2024-07,2024-07-31,1.842938,EUR/litre,European Commission Weekly Oil Bulletin,observed_retail_gasoline,observed_retail,True,"Observed Euro-super 95 retail price for France, monthly average of official weekly data.",,,0.0,,CHN=regulated domestic product-price mechanism/proxy scenario; controls=observed retail-price pass-through.,-0.003962430110526105,78.50849226080761,0.027002957856998577,2.7,99.3220780913894,0.226679247509054,,0.226679247509054,0.7229795488506434,0.0,ARX_one_step_residual_lagged_information,-0.0842321717449407,0.4767769704758104,0.9668853973155548,0.3157816699956526,EIA_STEO_July_2026_ex_post_2022plus,92.394875
FRA,France,2024,2024-08,2024-08-31,1.7994525,EUR/litre,European Commission Weekly Oil Bulletin,observed_retail_gasoline,observed_retail,True,"Observed Euro-super 95 retail price for France, monthly average of official weekly data.",,,0.0,,CHN=regulated domestic product-price mechanism/proxy scenario; controls=observed retail-price pass-through.,-0.023878585351393866,72.92292082191923,-0.07380379643998314,2.2,99.9674076005479,0.982905495230213,,0.982905495230213,-0.4732701054299444,0.0,ARX_one_step_residual_lagged_information,-0.3119411058043767,-0.476089089860104,-0.6199701551552624,-0.5415501311640435,EIA_STEO_July_2026_ex_post_2022plus,140.97507
FRA,France,2024,2024-09,2024-09-30,1.7308880000000002,EUR/litre,European Commission Weekly Oil Bulletin,observed_retail_gasoline,observed_retail,True,"Observed Euro-super 95 retail price for France, monthly average of official weekly data.",,,0.0,,CHN=regulated domestic product-price mechanism/proxy scenario; controls=observed retail-price pass-through.,-0.03884788035072628,66.65747352288446,-0.08983583294899766,1.4,99.4394107294182,0.3644785594287825,,0.3644785594287825,-0.8658379762314432,0.0,ARX_one_step_residual_lagged_information,0.839714512263326,-0.1256878161011288,-0.9188666107554706,-0.7650552595784654,EIA_STEO_July_2026_ex_post_2022plus,130.35878
FRA,France,2024,2024-10,2024-10-31,1.7459625,EUR/litre,European Commission Weekly Oil Bulletin,observed_retail_gasoline,observed_retail,True,"Observed Euro-super 95 retail price for France, monthly average of official weekly data.",,,0.0,,CHN=regulated domestic product-price mechanism/proxy scenario; controls=observed retail-price pass-through.,0.008671407906868933,69.42687361590521,0.04070684923976753,1.6,99.0483019359888,-0.06907781396714441,,-0.06907781396714441,0.0709716755550606,0.0,ARX_one_step_residual_lagged_information,-0.1270129992521205,0.4412581297750677,1.037811954634858,0.194310982834898,EIA_STEO_July_2026_ex_post_2022plus,130.68921
FRA,France,2024,2024-11,2024-11-30,1.7514125,EUR/litre,European Commission Weekly Oil Bulletin,observed_retail_gasoline,observed_retail,True,"Observed Euro-super 95 retail price for France, monthly average of official weekly data.",,,0.0,,CHN=regulated domestic product-price mechanism/proxy scenario; controls=observed retail-price pass-through.,0.003116625704410625,70.00928563923075,0.008353864786598386,1.7,99.2145231731963,-0.22641147635225067,,-0.22641147635225067,0.0873022292495407,0.0,ARX_one_step_residual_lagged_information,0.0201306690610133,-0.0969751819774855,0.2436188663879124,-0.1640972985961657,EIA_STEO_July_2026_ex_post_2022plus,128.90164
FRA,France,2024,2024-12,2024-12-31,1.761252,EUR/litre,European Commission Weekly Oil Bulletin,observed_retail_gasoline,observed_retail,True,"Observed Euro-super 95 retail price for France, monthly average of official weekly data.",,,0.0,,CHN=regulated domestic product-price mechanism/proxy scenario; controls=observed retail-price pass-through.,0.0056023145592982715,70.53109935567609,0.0074258529224779934,1.8,98.8625252591099,-1.0331178620975656,,-1.0331178620975656,0.3102076146861468,0.0,ARX_one_step_residual_lagged_information,0.2173397150450451,0.1222955247845891,0.0733883465028701,-0.0659741474766801,EIA_STEO_July_2026_ex_post_2022plus,142.36644
FRA,France,2025,2025-01,2025-01-31,1.802305,EUR/litre,European Commission Weekly Oil Bulletin,observed_retail_gasoline,observed_retail,True,"Observed Euro-super 95 retail price for France, monthly average of official weekly data.",,,0.0,,CHN=regulated domestic product-price mechanism/proxy scenario; controls=observed retail-price pass-through.,0.02304148145845797,76.55103210881236,0.08190386665562066,1.8,98.6180822632165,-0.8293886405935424,,-0.8293886405935424,0.8123927123383431,0.0,ARX_one_step_residual_lagged_information,0.6359025273679658,-1.2138340022718264,1.02521220416324,0.6483051355409588,EIA_STEO_July_2026_ex_post_2022plus,113.233154
FRA,France,2025,2025-02,2025-02-28,1.7988375,EUR/litre,European Commission Weekly Oil Bulletin,observed_retail_gasoline,observed_retail,True,"Observed Euro-super 95 retail price for France, monthly average of official weekly data.",,,0.0,,CHN=regulated domestic product-price mechanism/proxy scenario; controls=observed retail-price pass-through.,-0.0019257783170963938,72.44882516283957,-0.055077152017580566,0.9,100.084740238577,0.13686579514571307,,0.13686579514571307,-0.2548971192910224,0.0,ARX_one_step_residual_lagged_information,-0.2901040673386556,0.5347725017250081,-0.2545656191816152,-0.4635306987244063,EIA_STEO_July_2026_ex_post_2022plus,136.98059
FRA,France,2025,2025-03,2025-03-31,1.748976,EUR/litre,European Commission Weekly Oil Bulletin,observed_retail_gasoline,observed_retail,True,"Observed Euro-super 95 retail price for France, monthly average of official weekly data.",,,0.0,,CHN=regulated domestic product-price mechanism/proxy scenario; controls=observed retail-price pass-through.,-0.0281101491132163,67.27026136317915,-0.07416219548557379,0.9,99.7914086435047,0.47142102627271143,,0.47142102627271143,-0.4645996596224648,0.0,ARX_one_step_residual_lagged_information,-0.688335679359836,-0.5714922332317939,-0.3546901280457707,-0.3430002814620633,EIA_STEO_July_2026_ex_post_2022plus,175.90112
FRA,France,2025,2025-04,2025-04-30,1.716185,EUR/litre,European Commission Weekly Oil Bulletin,observed_retail_gasoline,observed_retail,True,"Observed Euro-super 95 retail price for France, monthly average of official weekly data.",,,0.0,,CHN=regulated domestic product-price mechanism/proxy scenario; controls=observed retail-price pass-through.,-0.01892666970276402,60.68410615594361,-0.10303643610806112,0.9,98.4616387458448,-1.8594662375108761,,-1.8594662375108761,-0.868086239735507,0.0,ARX_one_step_residual_lagged_information,0.2930636685415768,0.2279119741214474,-0.7469248503973182,-0.6091974664146321,EIA_STEO_July_2026_ex_post_2022plus,140.9737
FRA,France,2025,2025-05,2025-05-31,1.700175,EUR/litre,European Commission Weekly Oil Bulletin,observed_retail_gasoline,observed_retail,True,"Observed Euro-super 95 retail price for France, monthly average of official weekly data.",,,0.0,,CHN=regulated domestic product-price mechanism/proxy scenario; controls=observed retail-price pass-through.,-0.009372617172060504,57.17371978070036,-0.05958747279226806,0.6,98.0216413532367,-0.9728089423981956,,-0.9728089423981956,-0.8767581134650966,0.0,ARX_one_step_residual_lagged_information,-0.1849471396246474,0.1319099499355387,-1.2315381828967435,-0.518940378114846,EIA_STEO_July_2026_ex_post_2022plus,166.82773
FRA,France,2025,2025-06,2025-06-30,1.717984,EUR/litre,European Commission Weekly Oil Bulletin,observed_retail_gasoline,observed_retail,True,"Observed Euro-super 95 retail price for France, monthly average of official weekly data.",,,0.0,,CHN=regulated domestic product-price mechanism/proxy scenario; controls=observed retail-price pass-through.,0.010420323423303013,61.95030888311374,0.08023824565391191,0.9,101.287399778372,2.136770891292805,,2.136770891292805,0.6150872283378265,0.0,ARX_one_step_residual_lagged_information,-0.7736226140427449,0.9412264670701896,1.2678312670009986,0.9468233793284432,EIA_STEO_July_2026_ex_post_2022plus,221.1349
FRA,France,2025,2025-07,2025-07-31,1.70008,EUR/litre,European Commission Weekly Oil Bulletin,observed_retail_gasoline,observed_retail,True,"Observed Euro-super 95 retail price for France, monthly average of official weekly data.",,,0.0,,CHN=regulated domestic product-price mechanism/proxy scenario; controls=observed retail-price pass-through.,-0.010476201585396527,60.87491894555394,-0.017511344157405517,0.9,101.22873345935798,1.9014760404926,,1.9014760404926,-0.4033550140188083,0.0,ARX_one_step_residual_lagged_information,-1.1682450105547364,0.1260315286359498,0.0950790900832642,-0.0577284006113777,EIA_STEO_July_2026_ex_post_2022plus,134.222
FRA,France,2025,2025-08,2025-08-31,1.7029175,EUR/litre,European Commission Weekly Oil Bulletin,observed_retail_gasoline,observed_retail,True,"Observed Euro-super 95 retail price for France, monthly average of official weekly data.",,,0.0,,CHN=regulated domestic product-price mechanism/proxy scenario; controls=observed retail-price pass-through.,0.0016676478061486977,58.270985875177296,-0.04371694981351837,0.8,100.17273971709798,0.205188405568002,,0.205188405568002,-0.5493786877288871,0.0,ARX_one_step_residual_lagged_information,-0.4770822703581621,-1.6779376481662809,-0.5524761817389533,-0.4275928576484169,EIA_STEO_July_2026_ex_post_2022plus,138.98846
FRA,France,2025,2025-09,2025-09-30,1.711854,EUR/litre,European Commission Weekly Oil Bulletin,observed_retail_gasoline,observed_retail,True,"Observed Euro-super 95 retail price for France, monthly average of official weekly data.",,,0.0,,CHN=regulated domestic product-price mechanism/proxy scenario; controls=observed retail-price pass-through.,0.00523403712452386,57.91677537697368,-0.006097227310950082,1.1,100.778958346914,1.3381065994188646,,1.3381065994188646,-0.0071099994993592,0.0,ARX_one_step_residual_lagged_information,-0.6061545647006145,-0.0823683340230494,0.532549747002025,0.0103453625092955,EIA_STEO_July_2026_ex_post_2022plus,126.740585
FRA,France,2025,2025-10,2025-10-31,1.7028887125,EUR/litre,European Commission Weekly Oil Bulletin,observed_retail_gasoline,observed_retail,True,"Observed Euro-super 95 retail price for France, monthly average of official weekly data.",,,0.0,,CHN=regulated domestic product-price mechanism/proxy scenario; controls=observed retail-price pass-through.,-0.005250942079300769,55.44732828429924,-0.04357354258118917,0.8,100.915846424614,1.8679336323203621,,1.8679336323203621,-0.6707608532704867,0.0,ARX_one_step_residual_lagged_information,-0.0857012731495518,-0.9132498243817492,-0.3943717482544503,-0.4857234268549851,EIA_STEO_July_2026_ex_post_2022plus,154.51292
FRA,France,2025,2025-11,2025-11-30,1.7274746865,EUR/litre,European Commission Weekly Oil Bulletin,observed_retail_gasoline,observed_retail,True,"Observed Euro-super 95 retail price for France, monthly average of official weekly data.",,,0.0,,CHN=regulated domestic product-price mechanism/proxy scenario; controls=observed retail-price pass-through.,0.014334571666337448,55.19752723300388,-0.004515374430233088,0.8,101.013623622971,1.797098857035806,,1.797098857035806,-0.139241854048661,0.0,ARX_one_step_residual_lagged_information,0.6110283706064591,-0.254592930047038,0.266788371093296,-0.1129228160497914,EIA_STEO_July_2026_ex_post_2022plus,104.35177
FRA,France,2025,2025-12,2025-12-31,1.6902899999999998,EUR/litre,European Commission Weekly Oil Bulletin,observed_retail_gasoline,observed_retail,True,"Observed Euro-super 95 retail price for France, monthly average of official weekly data.",,,0.0,,CHN=regulated domestic product-price mechanism/proxy scenario; controls=observed retail-price pass-through.,-0.021760511449249065,53.4107122513483,-0.032906825970404174,0.7,100.436738152663,1.5797806838341977,,1.5797806838341977,-0.2016610852774151,0.0,ARX_one_step_residual_lagged_information,0.3406487543149234,1.667144313649219,-0.38229167333291,-0.1887220496603941,EIA_STEO_July_2026_ex_post_2022plus,132.48622
FRA,France,2026,2026-01,2026-01-31,1.710025,EUR/litre,European Commission Weekly Oil Bulletin,observed_retail_gasoline,observed_retail,True,"Observed Euro-super 95 retail price for France, monthly average of official weekly data.",,,0.0,,CHN=regulated domestic product-price mechanism/proxy scenario; controls=observed retail-price pass-through.,0.011607878443811614,56.71582298910502,0.06004190706017587,0.4,100.45629359233502,1.8468108390547577,,1.8468108390547577,0.2750306566574815,0.0,ARX_one_step_residual_lagged_information,0.8201735363129875,-1.85424702258574,0.3620355723545016,0.575861953635052,EIA_STEO_July_2026_ex_post_2022plus,168.62987
FRA,France,2026,2026-02,2026-02-28,1.727985,EUR/litre,European Commission Weekly Oil Bulletin,observed_retail_gasoline,observed_retail,True,"Observed Euro-super 95 retail price for France, monthly average of official weekly data.",,,0.0,,CHN=regulated domestic product-price mechanism/proxy scenario; controls=observed retail-price pass-through.,0.010447999497892213,59.95191584370087,0.055489601456502946,1.1,99.7131868848188,-0.3719295664581068,,-0.3719295664581068,0.3339229070810656,0.0,ARX_one_step_residual_lagged_information,-0.999286758896148,0.0622948976139721,1.7613789435485931,0.5710660870877855,EIA_STEO_July_2026_ex_post_2022plus,119.86541
FRA,France,2026,2026-03,2026-03-31,1.8962980000000005,EUR/litre,European Commission Weekly Oil Bulletin,observed_retail_gasoline,observed_retail,True,"Observed Euro-super 95 retail price for France, monthly average of official weekly data.",,,0.0,,CHN=regulated domestic product-price mechanism/proxy scenario; controls=observed retail-price pass-through.,0.09294757468959758,89.24472645813876,0.39783949328787926,2.0,101.082067661822,1.2850644132071487,,1.2850644132071487,3.376405252856505,31.291581847716888,ARX_one_step_residual_lagged_information,5.484835246552658,1.2924681383110217,0.8443446038737501,3.4612577224309096,EIA_STEO_July_2026_ex_post_2022plus,330.94464
FRA,France,2026,2026-04,2026-04-30,2.02654,EUR/litre,European Commission Weekly Oil Bulletin,observed_retail_gasoline,observed_retail,True,"Observed Euro-super 95 retail price for France, monthly average of official weekly data.",,,0.0,,CHN=regulated domestic product-price mechanism/proxy scenario; controls=observed retail-price pass-through.,0.06642634087852972,100.27378605881327,0.11652197385254226,2.5,101.189622580015,2.7329189955568545,,2.7329189955568545,1.75018743288511,45.60342792918989,ARX_one_step_residual_lagged_information,0.8642912883082042,-0.3411547833117644,-0.086404468760625,1.1835622398878922,EIA_STEO_July_2026_ex_post_2022plus,254.4295
FRA,France,2026,2026-05,2026-05-31,2.0812325,EUR/litre,European Commission Weekly Oil Bulletin,observed_retail_gasoline,observed_retail,True,"Observed Euro-super 95 retail price for France, monthly average of official weekly data.",,,0.0,,CHN=regulated domestic product-price mechanism/proxy scenario; controls=observed retail-price pass-through.,0.026630360946098164,91.7233114624072,-0.08912774408637514,2.8,,,,,-0.6467643070698686,35.51076205304209,ARX_one_step_residual_lagged_information,1.2158643211114364,0.6212412530441142,-1.4246702499142585,-0.8420688201169135,EIA_STEO_July_2026_ex_post_2022plus,203.55667
FRA,France,2026,2026-06,2026-06-30,1.990502,EUR/litre,European Commission Weekly Oil Bulletin,observed_retail_gasoline,observed_retail,True,"Observed Euro-super 95 retail price for France, monthly average of official weekly data.",,,0.0,,CHN=regulated domestic product-price mechanism/proxy scenario; controls=observed retail-price pass-through.,-0.044573398072457415,74.15989930825798,-0.21255299788325832,2.0,,,,,-1.9544531673525685,13.419217686592136,ARX_one_step_residual_lagged_information,-1.4097797182221925,1.34403383292758,-1.7211543679010104,-2.1022427529981784,EIA_STEO_July_2026_ex_post_2022plus,173.63956
ITA,Italy,2010,2010-01,2010-01-31,1.308625,EUR/litre,European Commission Weekly Oil Bulletin,observed_retail_gasoline,observed_retail,True,"Observed Euro-super 95 retail price for Italy, monthly average of official weekly data.",,,0.0,,CHN=regulated domestic product-price mechanism/proxy scenario; controls=observed retail-price pass-through.,,53.40179118376842,,1.4,105.789473684211,,,,,0.0,ARX_one_step_residual_lagged_information,,,,,EIA_STEO_July_2026_ex_post_2022plus,91.581024
ITA,Italy,2010,2010-02,2010-02-28,1.312875,EUR/litre,European Commission Weekly Oil Bulletin,observed_retail_gasoline,observed_retail,True,"Observed Euro-super 95 retail price for Italy, monthly average of official weekly data.",,,0.0,,CHN=regulated domestic product-price mechanism/proxy scenario; controls=observed retail-price pass-through.,0.0032424213034204508,53.91755523219609,0.00961183675614885,1.1,104.94736842,,,,,0.0,ARX_one_step_residual_lagged_information,,,,-0.3032967911263553,EIA_STEO_July_2026_ex_post_2022plus,80.72536
ITA,Italy,2010,2010-03,2010-03-31,1.360548,EUR/litre,European Commission Weekly Oil Bulletin,observed_retail_gasoline,observed_retail,True,"Observed Euro-super 95 retail price for Italy, monthly average of official weekly data.",,,0.0,,CHN=regulated domestic product-price mechanism/proxy scenario; controls=observed retail-price pass-through.,0.03566817080463386,58.09380303710813,0.07460287295156354,1.4,105.36842105,,,,0.6649089715350993,0.0,ARX_one_step_residual_lagged_information,,,,0.6099372225739654,EIA_STEO_July_2026_ex_post_2022plus,74.11694
ITA,Italy,2010,2010-04,2010-04-30,1.39147,EUR/litre,European Commission Weekly Oil Bulletin,observed_retail_gasoline,observed_retail,True,"Observed Euro-super 95 retail price for Italy, monthly average of official weekly data.",,,0.0,,CHN=regulated domestic product-price mechanism/proxy scenario; controls=observed retail-price pass-through.,0.0224731825177637,63.22335130256443,0.08461471766791018,1.6,106.31578947,,,,0.4028380359462471,0.0,ARX_one_step_residual_lagged_information,,,,0.6718067118329473,EIA_STEO_July_2026_ex_post_2022plus,88.76158
ITA,Italy,2010,2010-05,2010-05-31,1.386158,EUR/litre,European Commission Weekly Oil Bulletin,observed_retail_gasoline,observed_retail,True,"Observed Euro-super 95 retail price for Italy, monthly average of official weekly data.",,,0.0,,CHN=regulated domestic product-price mechanism/proxy scenario; controls=observed retail-price pass-through.,-0.0038248508986685748,60.47759895518747,-0.04440068427822741,1.5,106.73684211,,,,-1.245326441316874,0.0,ARX_one_step_residual_lagged_information,,,,-1.0268947136592814,EIA_STEO_July_2026_ex_post_2022plus,88.95871
ITA,Italy,2010,2010-06,2010-06-30,1.3839125,EUR/litre,European Commission Weekly Oil Bulletin,observed_retail_gasoline,observed_retail,True,"Observed Euro-super 95 retail price for Italy, monthly average of official weekly data.",,,0.0,,CHN=regulated domestic product-price mechanism/proxy scenario; controls=observed retail-price pass-through.,-0.0016212587310353022,61.16932900862819,0.011372872637706699,1.4,109.26315789,,,,0.2255323976097343,0.0,ARX_one_step_residual_lagged_information,,,,-0.1507182773498169,EIA_STEO_July_2026_ex_post_2022plus,96.4537
ITA,Italy,2010,2010-07,2010-07-31,1.3677549999999998,EUR/litre,European Commission Weekly Oil Bulletin,observed_retail_gasoline,observed_retail,True,"Observed Euro-super 95 retail price for Italy, monthly average of official weekly data.",,,0.0,,CHN=regulated domestic product-price mechanism/proxy scenario; controls=observed retail-price pass-through.,-0.011743923059556904,59.009344741686725,-0.03595008708951841,1.8,109.15789474,,,,0.0183785724735484,0.0,ARX_one_step_residual_lagged_information,,,,0.0953764416571573,EIA_STEO_July_2026_ex_post_2022plus,79.38138
ITA,Italy,2010,2010-08,2010-08-31,1.3611140000000002,EUR/litre,European Commission Weekly Oil Bulletin,observed_retail_gasoline,observed_retail,True,"Observed Euro-super 95 retail price for Italy, monthly average of official weekly data.",,,0.0,,CHN=regulated domestic product-price mechanism/proxy scenario; controls=observed retail-price pass-through.,-0.0048672274926952475,59.72328091047311,0.012026092565132096,1.8,113.15789474,,,,-0.2971603211043686,0.0,ARX_one_step_residual_lagged_information,,,,0.1714737090029941,EIA_STEO_July_2026_ex_post_2022plus,80.993866
ITA,Italy,2010,2010-09,2010-09-30,1.3554350000000002,EUR/litre,European Commission Weekly Oil Bulletin,observed_retail_gasoline,observed_retail,True,"Observed Euro-super 95 retail price for Italy, monthly average of official weekly data.",,,0.0,,CHN=regulated domestic product-price mechanism/proxy scenario; controls=observed retail-price pass-through.,-0.004181046079382411,59.44055840539082,-0.0047451145782071436,1.6,108.31578947,,,,-0.2043699181250192,0.0,ARX_one_step_residual_lagged_information,,,,0.0902555866263886,EIA_STEO_July_2026_ex_post_2022plus,71.16855
ITA,Italy,2010,2010-10,2010-10-31,1.3522325,EUR/litre,European Commission Weekly Oil Bulletin,observed_retail_gasoline,observed_retail,True,"Observed Euro-super 95 retail price for Italy, monthly average of official weekly data.",,,0.0,,CHN=regulated domestic product-price mechanism/proxy scenario; controls=observed retail-price pass-through.,-0.0023655057301757987,59.469412571378555,0.0004853111360985096,1.9,108.63157895,,,,0.2447619163905536,0.0,ARX_one_step_residual_lagged_information,,,,0.55058817992492,EIA_STEO_July_2026_ex_post_2022plus,65.991936
ITA,Italy,2010,2010-11,2010-11-30,1.3768675,EUR/litre,European Commission Weekly Oil Bulletin,observed_retail_gasoline,observed_retail,True,"Observed Euro-super 95 retail price for Italy, monthly average of official weekly data.",,,0.0,,CHN=regulated domestic product-price mechanism/proxy scenario; controls=observed retail-price pass-through.,0.018054061150382217,62.48631773490517,0.049485510595771665,1.9,109.36842105,,,,-0.2741777448992844,0.0,ARX_one_step_residual_lagged_information,,,,0.2820325786435058,EIA_STEO_July_2026_ex_post_2022plus,94.70517
ITA,Italy,2010,2010-12,2010-12-31,1.41637,EUR/litre,European Commission Weekly Oil Bulletin,observed_retail_gasoline,observed_retail,True,"Observed Euro-super 95 retail price for Italy, monthly average of official weekly data.",,,0.0,,CHN=regulated domestic product-price mechanism/proxy scenario; controls=observed retail-price pass-through.,0.028286269131736708,69.16948665791475,0.10161220459415343,2.0,110.21052632,,,,0.629397828165678,0.0,ARX_one_step_residual_lagged_information,,,,0.6407071074337796,EIA_STEO_July_2026_ex_post_2022plus,97.203896
ITA,Italy,2011,2011-01,2011-01-31,1.456824,EUR/litre,European Commission Weekly Oil Bulletin,observed_retail_gasoline,observed_retail,True,"Observed Euro-super 95 retail price for Italy, monthly average of official weekly data.",,,0.0,,CHN=regulated domestic product-price mechanism/proxy scenario; controls=observed retail-price pass-through.,0.028161463186333835,72.21844749718225,0.043135697634614445,1.9,108.0,2.068020523753411,,2.068020523753411,0.5376783805814174,0.0,ARX_one_step_residual_lagged_information,,,,0.4941626184144203,EIA_STEO_July_2026_ex_post_2022plus,79.421616
ITA,Italy,2011,2011-02,2011-02-28,1.4786625,EUR/litre,European Commission Weekly Oil Bulletin,observed_retail_gasoline,observed_retail,True,"Observed Euro-super 95 retail price for Italy, monthly average of official weekly data.",,,0.0,,CHN=regulated domestic product-price mechanism/proxy scenario; controls=observed retail-price pass-through.,0.01487923920197981,75.95417866051719,0.05043472733602172,2.2,110.84210526,5.464774215367729,,5.464774215367729,0.4383391612164326,0.0,ARX_one_step_residual_lagged_information,,,,0.6591419106383717,EIA_STEO_July_2026_ex_post_2022plus,90.01449
ITA,Italy,2011,2011-03,2011-03-31,1.526215,EUR/litre,European Commission Weekly Oil Bulletin,observed_retail_gasoline,observed_retail,True,"Observed Euro-super 95 retail price for Italy, monthly average of official weekly data.",,,0.0,,CHN=regulated domestic product-price mechanism/proxy scenario; controls=observed retail-price pass-through.,0.03165285119478428,81.77886565938884,0.07388859810433956,2.8,111.15789474,5.348868500437121,,5.348868500437121,0.8357482659415222,0.0,ARX_one_step_residual_lagged_information,,,,0.9207448607187292,EIA_STEO_July_2026_ex_post_2022plus,136.8883
ITA,Italy,2011,2011-04,2011-04-30,1.54256,EUR/litre,European Commission Weekly Oil Bulletin,observed_retail_gasoline,observed_retail,True,"Observed Euro-super 95 retail price for Italy, monthly average of official weekly data.",,,0.0,,CHN=regulated domestic product-price mechanism/proxy scenario; controls=observed retail-price pass-through.,0.010652559777030612,85.25508831050503,0.04162895710486758,2.9,112.21052632,5.396299496266188,,5.396299496266188,0.6102147501828945,0.0,ARX_one_step_residual_lagged_information,,,,0.664567897821464,EIA_STEO_July_2026_ex_post_2022plus,91.01777
ITA,Italy,2011,2011-05,2011-05-31,1.546992,EUR/litre,European Commission Weekly Oil Bulletin,observed_retail_gasoline,observed_retail,True,"Observed Euro-super 95 retail price for Italy, monthly average of official weekly data.",,,0.0,,CHN=regulated domestic product-price mechanism/proxy scenario; controls=observed retail-price pass-through.,0.002869026344335668,80.24290356170155,-0.06058947234681433,2.9,110.10526316,3.107046044848172,,3.107046044848172,-0.777639715251193,0.0,ARX_one_step_residual_lagged_information,,,,-0.6474790299039047,EIA_STEO_July_2026_ex_post_2022plus,105.34492
ITA,Italy,2011,2011-06,2011-06-30,1.5255225,EUR/litre,European Commission Weekly Oil Bulletin,observed_retail_gasoline,observed_retail,True,"Observed Euro-super 95 retail price for Italy, monthly average of official weekly data.",,,0.0,,CHN=regulated domestic product-price mechanism/proxy scenario; controls=observed retail-price pass-through.,-0.013975425949914078,79.0430985773402,-0.015065073642618998,3.1,109.26315789,0.0,,0.0,0.0702234067904248,0.0,ARX_one_step_residual_lagged_information,,,,-0.0987762102829687,EIA_STEO_July_2026_ex_post_2022plus,84.391846
ITA,Italy,2011,2011-07,2011-07-31,1.5782025000000002,EUR/litre,European Commission Weekly Oil Bulletin,observed_retail_gasoline,observed_retail,True,"Observed Euro-super 95 retail price for Italy, monthly average of official weekly data.",,,0.0,,CHN=regulated domestic product-price mechanism/proxy scenario; controls=observed retail-price pass-through.,0.033949566858320956,81.95165469138517,0.03613624114135838,2.0,108.84210526,-0.2897153219096005,,-0.2897153219096005,0.3858852240978259,0.0,ARX_one_step_residual_lagged_information,,,,0.2462356339388283,EIA_STEO_July_2026_ex_post_2022plus,78.92476
ITA,Italy,2011,2011-08,2011-08-31,1.5817525,EUR/litre,European Commission Weekly Oil Bulletin,observed_retail_gasoline,observed_retail,True,"Observed Euro-super 95 retail price for Italy, monthly average of official weekly data.",,,0.0,,CHN=regulated domestic product-price mechanism/proxy scenario; controls=observed retail-price pass-through.,0.002246868384828127,76.90254874033883,-0.06359047693126474,2.3,107.89473684,-4.762804903667384,,-4.762804903667384,-0.5582166812243278,0.0,ARX_one_step_residual_lagged_information,,,,-0.5552364559967694,EIA_STEO_July_2026_ex_post_2022plus,86.95157
ITA,Italy,2011,2011-09,2011-09-30,1.593825,EUR/litre,European Commission Weekly Oil Bulletin,observed_retail_gasoline,observed_retail,True,"Observed Euro-super 95 retail price for Italy, monthly average of official weekly data.",,,0.0,,CHN=regulated domestic product-price mechanism/proxy scenario; controls=observed retail-price pass-through.,0.007603378069393096,82.10260078170067,0.0654306746448361,3.6,107.68421053,-0.5847969814196219,,-0.5847969814196219,0.4377547339848582,0.0,ARX_one_step_residual_lagged_information,,,,0.2113650258872441,EIA_STEO_July_2026_ex_post_2022plus,83.35045
ITA,Italy,2011,2011-10,2011-10-31,1.591028,EUR/litre,European Commission Weekly Oil Bulletin,observed_retail_gasoline,observed_retail,True,"Observed Euro-super 95 retail price for Italy, monthly average of official weekly data.",,,0.0,,CHN=regulated domestic product-price mechanism/proxy scenario; controls=observed retail-price pass-through.,-0.0017564394457643684,79.80170465337231,-0.028424828375984035,3.7,106.21052632,-2.2538925672480836,,-2.2538925672480836,0.3412450295945062,0.0,ARX_one_step_residual_lagged_information,,,,-0.2784386365687011,EIA_STEO_July_2026_ex_post_2022plus,76.339935
ITA,Italy,2011,2011-11,2011-11-30,1.58785,EUR/litre,European Commission Weekly Oil Bulletin,observed_retail_gasoline,observed_retail,True,"Observed Euro-super 95 retail price for Italy, monthly average of official weekly data.",,,0.0,,CHN=regulated domestic product-price mechanism/proxy scenario; controls=observed retail-price pass-through.,-0.0019994482699550176,81.71309869099112,0.02366944991143427,3.7,107.05263158,-2.1401595016773634,,-2.1401595016773634,0.3257368481652395,0.0,ARX_one_step_residual_lagged_information,,,,0.0968664907176188,EIA_STEO_July_2026_ex_post_2022plus,83.15768
ITA,Italy,2011,2011-12,2011-12-31,1.64051,EUR/litre,European Commission Weekly Oil Bulletin,observed_retail_gasoline,observed_retail,True,"Observed Euro-super 95 retail price for Italy, monthly average of official weekly data.",,,0.0,,CHN=regulated domestic product-price mechanism/proxy scenario; controls=observed retail-price pass-through.,0.032626269177792655,82.01834543298082,0.003728631323919096,3.7,108.10526316,-1.9287000960709122,,-1.9287000960709122,-0.0884835248368668,0.0,ARX_one_step_residual_lagged_information,,,,-0.2504464752252303,EIA_STEO_July_2026_ex_post_2022plus,85.341324
ITA,Italy,2012,2012-01,2012-01-31,1.7084425,EUR/litre,European Commission Weekly Oil Bulletin,observed_retail_gasoline,observed_retail,True,"Observed Euro-super 95 retail price for Italy, monthly average of official weekly data.",,,0.0,,CHN=regulated domestic product-price mechanism/proxy scenario; controls=observed retail-price pass-through.,0.04057496765074259,85.75047117007465,0.044498633691658185,3.5,103.78947368,-3.976667116864796,,-3.976667116864796,0.4289673339077038,0.0,ARX_one_step_residual_lagged_information,,,,0.2328532785430842,EIA_STEO_July_2026_ex_post_2022plus,79.63497
ITA,Italy,2012,2012-02,2012-02-29,1.7453875,EUR/litre,European Commission Weekly Oil Bulletin,observed_retail_gasoline,observed_retail,True,"Observed Euro-super 95 retail price for Italy, monthly average of official weekly data.",,,0.0,,CHN=regulated domestic product-price mechanism/proxy scenario; controls=observed retail-price pass-through.,0.021394457285580315,90.14365257839665,0.049962956887314114,3.5,104.0,-6.371581435761797,,-6.371581435761797,0.651930271381068,0.0,ARX_one_step_residual_lagged_information,,,,0.6896277573350593,EIA_STEO_July_2026_ex_post_2022plus,92.44582
ITA,Italy,2012,2012-03,2012-03-31,1.8055775,EUR/litre,European Commission Weekly Oil Bulletin,observed_retail_gasoline,observed_retail,True,"Observed Euro-super 95 retail price for Italy, monthly average of official weekly data.",,,0.0,,CHN=regulated domestic product-price mechanism/proxy scenario; controls=observed retail-price pass-through.,0.033903891172530454,94.98465800482352,0.052310846259786103,3.8,104.63157895,-6.050625761289119,,-6.050625761289119,0.2582175114967004,0.0,ARX_one_step_residual_lagged_information,,,,0.4569442574138738,EIA_STEO_July_2026_ex_post_2022plus,88.75998
ITA,Italy,2012,2012-04,2012-04-30,1.8511725,EUR/litre,European Commission Weekly Oil Bulletin,observed_retail_gasoline,observed_retail,True,"Observed Euro-super 95 retail price for Italy, monthly average of official weekly data.",,,0.0,,CHN=regulated domestic product-price mechanism/proxy scenario; controls=observed retail-price pass-through.,0.024938736906070957,90.74799820492134,-0.04562896931910476,3.6,103.05263158,-8.513696222258904,,-8.513696222258904,-0.1656370693035655,0.0,ARX_one_step_residual_lagged_information,,,,-0.4603505460526653,EIA_STEO_July_2026_ex_post_2022plus,96.016685
ITA,Italy,2012,2012-05,2012-05-31,1.7925925,EUR/litre,European Commission Weekly Oil Bulletin,observed_retail_gasoline,observed_retail,True,"Observed Euro-super 95 retail price for Italy, monthly average of official weekly data.",,,0.0,,CHN=regulated domestic product-price mechanism/proxy scenario; controls=observed retail-price pass-through.,-0.03215632605253149,86.19136363485553,-0.05151643175425136,3.5,104.73684211,-4.998590744016962,,-4.998590744016962,-0.5059024038627317,0.0,ARX_one_step_residual_lagged_information,,,,-0.7366847206805783,EIA_STEO_July_2026_ex_post_2022plus,78.17116
ITA,Italy,2012,2012-06,2012-06-30,1.7580825,EUR/litre,European Commission Weekly Oil Bulletin,observed_retail_gasoline,observed_retail,True,"Observed Euro-super 95 retail price for Italy, monthly average of official weekly data.",,,0.0,,CHN=regulated domestic product-price mechanism/proxy scenario; controls=observed retail-price pass-through.,-0.01943916957583225,75.87710044229976,-0.1274550508731327,3.6,102.52631579,-6.363976003481309,,-6.363976003481309,-0.9255492338723936,0.0,ARX_one_step_residual_lagged_information,,,,-1.3741629456650917,EIA_STEO_July_2026_ex_post_2022plus,77.82243
ITA,Italy,2012,2012-07,2012-07-31,1.7556059999999998,EUR/litre,European Commission Weekly Oil Bulletin,observed_retail_gasoline,observed_retail,True,"Observed Euro-super 95 retail price for Italy, monthly average of official weekly data.",,,0.0,,CHN=regulated domestic product-price mechanism/proxy scenario; controls=observed retail-price pass-through.,-0.0014096300284325292,83.59087704326086,0.09681945593285413,3.7,103.68421053,-4.854841383173891,,-4.854841383173891,1.0306872349075964,0.0,ARX_one_step_residual_lagged_information,,,,0.6927159574035089,EIA_STEO_July_2026_ex_post_2022plus,82.80802
ITA,Italy,2012,2012-08,2012-08-31,1.8288875,EUR/litre,European Commission Weekly Oil Bulletin,observed_retail_gasoline,observed_retail,True,"Observed Euro-super 95 retail price for Italy, monthly average of official weekly data.",,,0.0,,CHN=regulated domestic product-price mechanism/proxy scenario; controls=observed retail-price pass-through.,0.04089376203454986,91.37801597750344,0.08907053625981476,3.3,102.94736842,-4.6938221528403545,,-4.6938221528403545,0.9373887884778536,0.0,ARX_one_step_residual_lagged_information,,,,0.9147117790437258,EIA_STEO_July_2026_ex_post_2022plus,74.87836
ITA,Italy,2012,2012-09,2012-09-30,1.8709475,EUR/litre,European Commission Weekly Oil Bulletin,observed_retail_gasoline,observed_retail,True,"Observed Euro-super 95 retail price for Italy, monthly average of official weekly data.",,,0.0,,CHN=regulated domestic product-price mechanism/proxy scenario; controls=observed retail-price pass-through.,0.022737128541582274,87.60908661062936,-0.04212020312421583,3.4,102.73684211,-4.7032179526640405,,-4.7032179526640405,-0.0980035932075305,0.0,ARX_one_step_residual_lagged_information,,,,-0.0456183630623779,EIA_STEO_July_2026_ex_post_2022plus,69.28051
ITA,Italy,2012,2012-10,2012-10-31,1.829508,EUR/litre,European Commission Weekly Oil Bulletin,observed_retail_gasoline,observed_retail,True,"Observed Euro-super 95 retail price for Italy, monthly average of official weekly data.",,,0.0,,CHN=regulated domestic product-price mechanism/proxy scenario; controls=observed retail-price pass-through.,-0.022397908790218635,86.10723047007606,-0.01729133550191264,2.8,100.73684211,-5.291162889327516,,-5.291162889327516,-0.2679054425995422,0.0,ARX_one_step_residual_lagged_information,,,,-0.1002917364061254,EIA_STEO_July_2026_ex_post_2022plus,81.663666
ITA,Italy,2012,2012-11,2012-11-30,1.75356,EUR/litre,European Commission Weekly Oil Bulletin,observed_retail_gasoline,observed_retail,True,"Observed Euro-super 95 retail price for Italy, monthly average of official weekly data.",,,0.0,,CHN=regulated domestic product-price mechanism/proxy scenario; controls=observed retail-price pass-through.,-0.0423990709545875,84.95840791993943,-0.01343156734689277,2.6,99.26315789,-7.55461134726545,,-7.55461134726545,-0.1360930675184166,0.0,ARX_one_step_residual_lagged_information,,,,-0.2275318220348529,EIA_STEO_July_2026_ex_post_2022plus,81.38964
ITA,Italy,2012,2012-12,2012-12-31,1.7460700000000002,EUR/litre,European Commission Weekly Oil Bulletin,observed_retail_gasoline,observed_retail,True,"Observed Euro-super 95 retail price for Italy, monthly average of official weekly data.",,,0.0,,CHN=regulated domestic product-price mechanism/proxy scenario; controls=observed retail-price pass-through.,-0.004280459040632123,83.46438224313428,-0.01774183725419487,2.6,100.21052632,-7.583217511465001,,-7.583217511465001,0.2928570791122005,0.0,ARX_one_step_residual_lagged_information,,,,0.0314715953075064,EIA_STEO_July_2026_ex_post_2022plus,74.83156
ITA,Italy,2013,2013-01,2013-01-31,1.75106,EUR/litre,European Commission Weekly Oil Bulletin,observed_retail_gasoline,observed_retail,True,"Observed Euro-super 95 retail price for Italy, monthly average of official weekly data.",,,0.0,,CHN=regulated domestic product-price mechanism/proxy scenario; controls=observed retail-price pass-through.,0.002853770598490124,84.91913980269007,0.0172795263899852,2.3,100.10526316,-3.6142291995646225,,-3.6142291995646225,0.2702371147969803,0.0,ARX_one_step_residual_lagged_information,,,,0.282762059864369,EIA_STEO_July_2026_ex_post_2022plus,90.65749
ITA,Italy,2013,2013-02,2013-02-28,1.7873275,EUR/litre,European Commission Weekly Oil Bulletin,observed_retail_gasoline,observed_retail,True,"Observed Euro-super 95 retail price for Italy, monthly average of official weekly data.",,,0.0,,CHN=regulated domestic product-price mechanism/proxy scenario; controls=observed retail-price pass-through.,0.02050016858247783,86.96496535343668,0.02380583318165197,1.9,99.57894737,-4.344012868013358,,-4.344012868013358,0.3747890556133226,0.0,ARX_one_step_residual_lagged_information,,,,0.2441880963110106,EIA_STEO_July_2026_ex_post_2022plus,81.59033
ITA,Italy,2013,2013-03,2013-03-31,1.79554,EUR/litre,European Commission Weekly Oil Bulletin,observed_retail_gasoline,observed_retail,True,"Observed Euro-super 95 retail price for Italy, monthly average of official weekly data.",,,0.0,,CHN=regulated domestic product-price mechanism/proxy scenario; controls=observed retail-price pass-through.,0.004584324920105964,83.74664276723992,-0.03770925692302107,1.8,98.9473684210526,-5.5857331417676015,,-5.5857331417676015,-0.3312244357951538,0.0,ARX_one_step_residual_lagged_information,,,,-0.6295897367868111,EIA_STEO_July_2026_ex_post_2022plus,75.89672
ITA,Italy,2013,2013-04,2013-04-30,1.7395325,EUR/litre,European Commission Weekly Oil Bulletin,observed_retail_gasoline,observed_retail,True,"Observed Euro-super 95 retail price for Italy, monthly average of official weekly data.",,,0.0,,CHN=regulated domestic product-price mechanism/proxy scenario; controls=observed retail-price pass-through.,-0.03168941338779141,78.5044785232705,-0.06464040912752633,1.3,98.21052632,-4.812644165050806,,-4.812644165050806,-0.2462397297504745,0.0,ARX_one_step_residual_lagged_information,,,,-0.5518556127380099,EIA_STEO_July_2026_ex_post_2022plus,95.10787
ITA,Italy,2013,2013-05,2013-05-31,1.71826,EUR/litre,European Commission Weekly Oil Bulletin,observed_retail_gasoline,observed_retail,True,"Observed Euro-super 95 retail price for Italy, monthly average of official weekly data.",,,0.0,,CHN=regulated domestic product-price mechanism/proxy scenario; controls=observed retail-price pass-through.,-0.012304248087559921,78.9989369765014,0.006278721969980694,1.3,100.10526316,-4.522867463739821,,-4.522867463739821,0.0736394107845082,0.0,ARX_one_step_residual_lagged_information,,,,0.022660700470914,EIA_STEO_July_2026_ex_post_2022plus,83.717316
ITA,Italy,2013,2013-06,2013-06-30,1.7338125,EUR/litre,European Commission Weekly Oil Bulletin,observed_retail_gasoline,observed_retail,True,"Observed Euro-super 95 retail price for Italy, monthly average of official weekly data.",,,0.0,,CHN=regulated domestic product-price mechanism/proxy scenario; controls=observed retail-price pass-through.,0.009010590146315334,77.99397346568735,-0.012802835938622081,1.3,100.0,-2.4949319053081176,,-2.4949319053081176,0.2387265807285764,0.0,ARX_one_step_residual_lagged_information,,,,0.0271055226965062,EIA_STEO_July_2026_ex_post_2022plus,82.97301
ITA,Italy,2013,2013-07,2013-07-31,1.75611,EUR/litre,European Commission Weekly Oil Bulletin,observed_retail_gasoline,observed_retail,True,"Observed Euro-super 95 retail price for Italy, monthly average of official weekly data.",,,0.0,,CHN=regulated domestic product-price mechanism/proxy scenario; controls=observed retail-price pass-through.,0.012778394596164144,82.47911774111674,0.05591358256708645,1.1,99.89473684,-3.7232842618768913,,-3.7232842618768913,0.6958731969196498,0.0,ARX_one_step_residual_lagged_information,,,,0.4344015857417522,EIA_STEO_July_2026_ex_post_2022plus,73.975815
ITA,Italy,2013,2013-08,2013-08-31,1.7673975,EUR/litre,European Commission Weekly Oil Bulletin,observed_retail_gasoline,observed_retail,True,"Observed Euro-super 95 retail price for Italy, monthly average of official weekly data.",,,0.0,,CHN=regulated domestic product-price mechanism/proxy scenario; controls=observed retail-price pass-through.,0.006406989973586685,83.58626043267816,0.013334014681187334,1.1,98.10526316,-4.81768553175419,,-4.81768553175419,0.4912213200718924,0.0,ARX_one_step_residual_lagged_information,,,,0.2770044599337098,EIA_STEO_July_2026_ex_post_2022plus,90.95675
ITA,Italy,2013,2013-09,2013-09-30,1.766194,EUR/litre,European Commission Weekly Oil Bulletin,observed_retail_gasoline,observed_retail,True,"Observed Euro-super 95 retail price for Italy, monthly average of official weekly data.",,,0.0,,CHN=regulated domestic product-price mechanism/proxy scenario; controls=observed retail-price pass-through.,-0.000681176670554895,83.51357308216596,-0.0008699871635764467,1.0,100.0,-2.7000601864612506,,-2.7000601864612506,0.0882692659533272,0.0,ARX_one_step_residual_lagged_information,,,,0.020851986559802,EIA_STEO_July_2026_ex_post_2022plus,100.45933
ITA,Italy,2013,2013-10,2013-10-31,1.726525,EUR/litre,European Commission Weekly Oil Bulletin,observed_retail_gasoline,observed_retail,True,"Observed Euro-super 95 retail price for Italy, monthly average of official weekly data.",,,0.0,,CHN=regulated domestic product-price mechanism/proxy scenario; controls=observed retail-price pass-through.,-0.022716231017774646,79.93850265987665,-0.04375154822079885,0.7,100.31578947,-0.4188487882500702,,-0.4188487882500702,-0.167501298206257,0.0,ARX_one_step_residual_lagged_information,,,,-0.21653964775583,EIA_STEO_July_2026_ex_post_2022plus,72.95312
ITA,Italy,2013,2013-11,2013-11-30,1.704245,EUR/litre,European Commission Weekly Oil Bulletin,observed_retail_gasoline,observed_retail,True,"Observed Euro-super 95 retail price for Italy, monthly average of official weekly data.",,,0.0,,CHN=regulated domestic product-price mechanism/proxy scenario; controls=observed retail-price pass-through.,-0.012988520490663347,79.90167028647923,-0.00046086504250375526,0.6,100.0,0.7395702008849092,,0.7395702008849092,-0.1532187541024732,0.0,ARX_one_step_residual_lagged_information,,,,-0.1148950493060984,EIA_STEO_July_2026_ex_post_2022plus,77.77902
ITA,Italy,2013,2013-12,2013-12-31,1.727493333333333,EUR/litre,European Commission Weekly Oil Bulletin,observed_retail_gasoline,observed_retail,True,"Observed Euro-super 95 retail price for Italy, monthly average of official weekly data.",,,0.0,,CHN=regulated domestic product-price mechanism/proxy scenario; controls=observed retail-price pass-through.,0.013549220096312209,80.79929064201247,0.01117142903988988,0.6,98.94736842,-1.268515957997085,,-1.268515957997085,0.5638340253922685,0.0,ARX_one_step_residual_lagged_information,,,,0.2454849292005171,EIA_STEO_July_2026_ex_post_2022plus,70.37249
ITA,Italy,2014,2014-01,2014-01-31,1.72141,EUR/litre,European Commission Weekly Oil Bulletin,observed_retail_gasoline,observed_retail,True,"Observed Euro-super 95 retail price for Italy, monthly average of official weekly data.",,,0.0,,CHN=regulated domestic product-price mechanism/proxy scenario; controls=observed retail-price pass-through.,-0.0035276950694872466,79.39473621839885,-0.01753611472858818,0.5,100.63157895,0.5243850511130965,,0.5243850511130965,-0.1058431113118916,0.0,ARX_one_step_residual_lagged_information,,,,-0.2283267688664224,EIA_STEO_July_2026_ex_post_2022plus,77.91597
ITA,Italy,2014,2014-02,2014-02-28,1.7144199999999998,EUR/litre,European Commission Weekly Oil Bulletin,observed_retail_gasoline,observed_retail,True,"Observed Euro-super 95 retail price for Italy, monthly average of official weekly data.",,,0.0,,CHN=regulated domestic product-price mechanism/proxy scenario; controls=observed retail-price pass-through.,-0.004068891443288036,79.69490820018626,0.0037736251041931013,0.4,99.89473684,0.31662295211187796,,0.31662295211187796,0.3065588814478375,0.0,ARX_one_step_residual_lagged_information,,,,0.0613303731656642,EIA_STEO_July_2026_ex_post_2022plus,69.003525
ITA,Italy,2014,2014-03,2014-03-31,1.713356,EUR/litre,European Commission Weekly Oil Bulletin,observed_retail_gasoline,observed_retail,True,"Observed Euro-super 95 retail price for Italy, monthly average of official weekly data.",,,0.0,,CHN=regulated domestic product-price mechanism/proxy scenario; controls=observed retail-price pass-through.,-0.0006208107146864483,77.72793351378725,-0.024990999231879307,0.4,98.63157895,-0.3196592998945924,,-0.3196592998945924,-0.0046487215311387,0.0,ARX_one_step_residual_lagged_information,,,,-0.1266831641102359,EIA_STEO_July_2026_ex_post_2022plus,119.838554
ITA,Italy,2014,2014-04,2014-04-30,1.7286633333333332,EUR/litre,European Commission Weekly Oil Bulletin,observed_retail_gasoline,observed_retail,True,"Observed Euro-super 95 retail price for Italy, monthly average of official weekly data.",,,0.0,,CHN=regulated domestic product-price mechanism/proxy scenario; controls=observed retail-price pass-through.,0.00889444989465038,78.02686909899879,0.0038385455504501564,0.5,99.68421053,1.489389233282079,,1.489389233282079,0.0818376161420442,0.0,ARX_one_step_residual_lagged_information,,,,0.018195172999865,EIA_STEO_July_2026_ex_post_2022plus,93.22154
ITA,Italy,2014,2014-05,2014-05-31,1.73739,EUR/litre,European Commission Weekly Oil Bulletin,observed_retail_gasoline,observed_retail,True,"Observed Euro-super 95 retail price for Italy, monthly average of official weekly data.",,,0.0,,CHN=regulated domestic product-price mechanism/proxy scenario; controls=observed retail-price pass-through.,0.005035516922081706,79.73593211932894,0.021667083347381322,0.4,98.31578947,-1.8037624375051742,,-1.8037624375051742,0.2316098213092671,0.0,ARX_one_step_residual_lagged_information,,,,0.1464362431941387,EIA_STEO_July_2026_ex_post_2022plus,83.428856
ITA,Italy,2014,2014-06,2014-06-30,1.7467320000000002,EUR/litre,European Commission Weekly Oil Bulletin,observed_retail_gasoline,observed_retail,True,"Observed Euro-super 95 retail price for Italy, monthly average of official weekly data.",,,0.0,,CHN=regulated domestic product-price mechanism/proxy scenario; controls=observed retail-price pass-through.,0.005362626445289398,82.23420824691657,0.030851047866668146,0.2,100.31578947,0.3152919022888945,,0.3152919022888945,0.2848465559002022,0.0,ARX_one_step_residual_lagged_information,,,,0.1831261435239828,EIA_STEO_July_2026_ex_post_2022plus,98.767105
ITA,Italy,2014,2014-07,2014-07-31,1.7605875000000002,EUR/litre,European Commission Weekly Oil Bulletin,observed_retail_gasoline,observed_retail,True,"Observed Euro-super 95 retail price for Italy, monthly average of official weekly data.",,,0.0,,CHN=regulated domestic product-price mechanism/proxy scenario; controls=observed retail-price pass-through.,0.007900946621681726,78.895982949089,-0.041441060850804234,0.0,98.84210526,-1.059331941253916,,-1.059331941253916,-0.2624127689536664,0.0,ARX_one_step_residual_lagged_information,,,,-0.4307517136082288,EIA_STEO_July_2026_ex_post_2022plus,138.75395
ITA,Italy,2014,2014-08,2014-08-31,1.7491375,EUR/litre,European Commission Weekly Oil Bulletin,observed_retail_gasoline,observed_retail,True,"Observed Euro-super 95 retail price for Italy, monthly average of official weekly data.",,,0.0,,CHN=regulated domestic product-price mechanism/proxy scenario; controls=observed retail-price pass-through.,-0.0065247508685788436,76.31288554304994,-0.03328850934357952,-0.1,97.36842105,-0.753907722165259,,-0.753907722165259,-0.4675598545317212,0.0,ARX_one_step_residual_lagged_information,,,,-0.4633679333705456,EIA_STEO_July_2026_ex_post_2022plus,136.44559
ITA,Italy,2014,2014-09,2014-09-30,1.733072,EUR/litre,European Commission Weekly Oil Bulletin,observed_retail_gasoline,observed_retail,True,"Observed Euro-super 95 retail price for Italy, monthly average of official weekly data.",,,0.0,,CHN=regulated domestic product-price mechanism/proxy scenario; controls=observed retail-price pass-through.,-0.009227252976883094,75.33551362989054,-0.01289015184427722,-0.1,98.10526316,-1.9129169887536435,,-1.9129169887536435,-0.2594703158071751,0.0,ARX_one_step_residual_lagged_information,,,,-0.425769283388323,EIA_STEO_July_2026_ex_post_2022plus,131.55666
ITA,Italy,2014,2014-10,2014-10-31,1.7048100000000002,EUR/litre,European Commission Weekly Oil Bulletin,observed_retail_gasoline,observed_retail,True,"Observed Euro-super 95 retail price for Italy, monthly average of official weekly data.",,,0.0,,CHN=regulated domestic product-price mechanism/proxy scenario; controls=observed retail-price pass-through.,-0.016441888745904465,68.96441153697178,-0.08836105546188922,0.1,98.0,-2.335562634040844,,-2.335562634040844,-0.7647647452878167,0.0,ARX_one_step_residual_lagged_information,,,,-0.9749528418023932,EIA_STEO_July_2026_ex_post_2022plus,83.661
ITA,Italy,2014,2014-11,2014-11-30,1.65145,EUR/litre,European Commission Weekly Oil Bulletin,observed_retail_gasoline,observed_retail,True,"Observed Euro-super 95 retail price for Italy, monthly average of official weekly data.",,,0.0,,CHN=regulated domestic product-price mechanism/proxy scenario; controls=observed retail-price pass-through.,-0.031799977692495096,63.69133072161009,-0.0795421388190114,0.2,98.0,-2.0202707317519497,,-2.0202707317519497,-0.7174315309085026,0.0,ARX_one_step_residual_lagged_information,,,,-0.8911774245526921,EIA_STEO_July_2026_ex_post_2022plus,84.38005
ITA,Italy,2014,2014-12,2014-12-31,1.5950699999999998,EUR/litre,European Commission Weekly Oil Bulletin,observed_retail_gasoline,observed_retail,True,"Observed Euro-super 95 retail price for Italy, monthly average of official weekly data.",,,0.0,,CHN=regulated domestic product-price mechanism/proxy scenario; controls=observed retail-price pass-through.,-0.03473606746214969,50.56365788927148,-0.23081536317901152,-0.1,99.05263158,0.10632643425951827,,0.10632643425951827,-2.1369008547896216,0.0,ARX_one_step_residual_lagged_information,,,,-2.2469964143025263,EIA_STEO_July_2026_ex_post_2022plus,86.52622
ITA,Italy,2015,2015-01,2015-01-31,1.4659749999999998,EUR/litre,European Commission Weekly Oil Bulletin,observed_retail_gasoline,observed_retail,True,"Observed Euro-super 95 retail price for Italy, monthly average of official weekly data.",,,0.0,,CHN=regulated domestic product-price mechanism/proxy scenario; controls=observed retail-price pass-through.,-0.08439707230808119,41.13746489304888,-0.2063138338511279,-0.4,98.63157895,-2.0074630812448646,,-2.0074630812448646,-2.4252298762809548,0.0,ARX_one_step_residual_lagged_information,,,,-2.4678988359470786,EIA_STEO_July_2026_ex_post_2022plus,111.985695
ITA,Italy,2015,2015-02,2015-02-28,1.492585,EUR/litre,European Commission Weekly Oil Bulletin,observed_retail_gasoline,observed_retail,True,"Observed Euro-super 95 retail price for Italy, monthly average of official weekly data.",,,0.0,,CHN=regulated domestic product-price mechanism/proxy scenario; controls=observed retail-price pass-through.,0.017988965973685656,51.186061508867205,0.2185479979635132,0.1,99.47368421,-0.4223871100401233,,-0.4223871100401233,1.8344509102038231,0.0,ARX_one_step_residual_lagged_information,,,,1.8059454415522465,EIA_STEO_July_2026_ex_post_2022plus,111.9247
ITA,Italy,2015,2015-03,2015-03-31,1.56818,EUR/litre,European Commission Weekly Oil Bulletin,observed_retail_gasoline,observed_retail,True,"Observed Euro-super 95 retail price for Italy, monthly average of official weekly data.",,,0.0,,CHN=regulated domestic product-price mechanism/proxy scenario; controls=observed retail-price pass-through.,0.04940619517130124,51.66945791253493,0.009399592077930397,0.0,99.78947368,1.1671219947724687,,1.1671219947724687,-0.3517775262248044,0.0,ARX_one_step_residual_lagged_information,,,,-0.363952535983822,EIA_STEO_July_2026_ex_post_2022plus,104.23527
ITA,Italy,2015,2015-04,2015-04-30,1.5870533333333334,EUR/litre,European Commission Weekly Oil Bulletin,observed_retail_gasoline,observed_retail,True,"Observed Euro-super 95 retail price for Italy, monthly average of official weekly data.",,,0.0,,CHN=regulated domestic product-price mechanism/proxy scenario; controls=observed retail-price pass-through.,0.011963336106767142,55.014878092305004,0.06273680851474506,0.0,100.0,0.316289137154957,,0.316289137154957,0.7826519174424931,0.0,ARX_one_step_residual_lagged_information,,,,0.5778479298749288,EIA_STEO_July_2026_ex_post_2022plus,102.19049
ITA,Italy,2015,2015-05,2015-05-31,1.61442,EUR/litre,European Commission Weekly Oil Bulletin,observed_retail_gasoline,observed_retail,True,"Observed Euro-super 95 retail price for Italy, monthly average of official weekly data.",,,0.0,,CHN=regulated domestic product-price mechanism/proxy scenario; controls=observed retail-price pass-through.,0.017096711679136012,57.38927087809214,0.04225370793373262,0.2,100.94736842,2.641463668164157,,2.641463668164157,0.4395394751470354,0.0,ARX_one_step_residual_lagged_information,,,,0.6757557872152448,EIA_STEO_July_2026_ex_post_2022plus,76.26233
ITA,Italy,2015,2015-06,2015-06-30,1.623552,EUR/litre,European Commission Weekly Oil Bulletin,observed_retail_gasoline,observed_retail,True,"Observed Euro-super 95 retail price for Italy, monthly average of official weekly data.",,,0.0,,CHN=regulated domestic product-price mechanism/proxy scenario; controls=observed retail-price pass-through.,0.005640582569641728,54.77017572524931,-0.04671156014189215,0.2,100.42105263,0.10487678150870039,,0.10487678150870039,-0.6104284962240248,0.0,ARX_one_step_residual_lagged_information,,,,-0.3879473150390513,EIA_STEO_July_2026_ex_post_2022plus,85.90597
ITA,Italy,2015,2015-07,2015-07-31,1.6248625,EUR/litre,European Commission Weekly Oil Bulletin,observed_retail_gasoline,observed_retail,True,"Observed Euro-super 95 retail price for Italy, monthly average of official weekly data.",,,0.0,,CHN=regulated domestic product-price mechanism/proxy scenario; controls=observed retail-price pass-through.,0.0008068552034207754,51.43445552690111,-0.06283751833880302,0.4,101.47368421,2.6275815429045224,,2.6275815429045224,-0.7831460792780096,0.0,ARX_one_step_residual_lagged_information,,,,-0.7759917423274519,EIA_STEO_July_2026_ex_post_2022plus,106.80866
ITA,Italy,2015,2015-08,2015-08-31,1.555824,EUR/litre,European Commission Weekly Oil Bulletin,observed_retail_gasoline,observed_retail,True,"Observed Euro-super 95 retail price for Italy, monthly average of official weekly data.",,,0.0,,CHN=regulated domestic product-price mechanism/proxy scenario; controls=observed retail-price pass-through.,-0.043417887998127236,41.780059687621865,-0.20788910412876316,0.4,98.94736842,1.6086137768013486,,1.6086137768013486,-1.7577126486468235,0.0,ARX_one_step_residual_lagged_information,,,,-1.8133556169982417,EIA_STEO_July_2026_ex_post_2022plus,82.47853
ITA,Italy,2015,2015-09,2015-09-30,1.4916525,EUR/litre,European Commission Weekly Oil Bulletin,observed_retail_gasoline,observed_retail,True,"Observed Euro-super 95 retail price for Italy, monthly average of official weekly data.",,,0.0,,CHN=regulated domestic product-price mechanism/proxy scenario; controls=observed retail-price pass-through.,-0.042120743011968276,42.414385728002216,0.015068405986722322,0.1,100.10526316,2.0181247859370366,,2.0181247859370366,0.180515581722499,0.0,ARX_one_step_residual_lagged_information,,,,0.2123176494965866,EIA_STEO_July_2026_ex_post_2022plus,98.767456
ITA,Italy,2015,2015-10,2015-10-31,1.4728125,EUR/litre,European Commission Weekly Oil Bulletin,observed_retail_gasoline,observed_retail,True,"Observed Euro-super 95 retail price for Italy, monthly average of official weekly data.",,,0.0,,CHN=regulated domestic product-price mechanism/proxy scenario; controls=observed retail-price pass-through.,-0.01271072767099335,43.14051183658658,0.01697491470709167,0.4,100.21052632,2.230575755631481,,2.230575755631481,-0.029388872555947,0.0,ARX_one_step_residual_lagged_information,,,,0.1499557039138983,EIA_STEO_July_2026_ex_post_2022plus,91.931885
ITA,Italy,2015,2015-11,2015-11-30,1.457418,EUR/litre,European Commission Weekly Oil Bulletin,observed_retail_gasoline,observed_retail,True,"Observed Euro-super 95 retail price for Italy, monthly average of official weekly data.",,,0.0,,CHN=regulated domestic product-price mechanism/proxy scenario; controls=observed retail-price pass-through.,-0.010507461196507917,41.27433812838809,-0.04422155141451212,0.2,100.94736842,2.9631797595943254,,2.9631797595943254,-1.274489799462995,0.0,ARX_one_step_residual_lagged_information,,,,-0.8362374681880909,EIA_STEO_July_2026_ex_post_2022plus,150.71588
ITA,Italy,2015,2015-12,2015-12-31,1.45564,EUR/litre,European Commission Weekly Oil Bulletin,observed_retail_gasoline,observed_retail,True,"Observed Euro-super 95 retail price for Italy, monthly average of official weekly data.",,,0.0,,CHN=regulated domestic product-price mechanism/proxy scenario; controls=observed retail-price pass-through.,-0.0012207104841635008,34.9071004724627,-0.16755069357591523,0.1,99.05263158,0.0,,0.0,-1.518348872636687,0.0,ARX_one_step_residual_lagged_information,,,,-1.4155485230529918,EIA_STEO_July_2026_ex_post_2022plus,148.23688
ITA,Italy,2016,2016-01,2016-01-31,1.41455,EUR/litre,European Commission Weekly Oil Bulletin,observed_retail_gasoline,observed_retail,True,"Observed Euro-super 95 retail price for Italy, monthly average of official weekly data.",,,0.0,,CHN=regulated domestic product-price mechanism/proxy scenario; controls=observed retail-price pass-through.,-0.028634207140920187,28.28200639082621,-0.21046447459434026,0.4,102.10526316,3.4612789252943976,,3.4612789252943976,-2.33299530373939,0.0,ARX_one_step_residual_lagged_information,,,,-1.9791583657253475,EIA_STEO_July_2026_ex_post_2022plus,118.21114
ITA,Italy,2016,2016-02,2016-02-29,1.375276,EUR/litre,European Commission Weekly Oil Bulletin,observed_retail_gasoline,observed_retail,True,"Observed Euro-super 95 retail price for Italy, monthly average of official weekly data.",,,0.0,,CHN=regulated domestic product-price mechanism/proxy scenario; controls=observed retail-price pass-through.,-0.028157021066083088,29.016615102535958,0.025642814638799027,-0.3,100.63157895,1.1572985589100249,,1.1572985589100249,0.2502414466173734,0.0,ARX_one_step_residual_lagged_information,,,,0.4305199525458617,EIA_STEO_July_2026_ex_post_2022plus,103.74965
ITA,Italy,2016,2016-03,2016-03-31,1.3896166666666667,EUR/litre,European Commission Weekly Oil Bulletin,observed_retail_gasoline,observed_retail,True,"Observed Euro-super 95 retail price for Italy, monthly average of official weekly data.",,,0.0,,CHN=regulated domestic product-price mechanism/proxy scenario; controls=observed retail-price pass-through.,0.010373491483738229,34.325809746025435,0.16802894144500735,-0.2,100.73684211,0.944888928714871,,0.944888928714871,0.9852420612150368,0.0,ARX_one_step_residual_lagged_information,,,,1.5822675667564785,EIA_STEO_July_2026_ex_post_2022plus,109.72029
ITA,Italy,2016,2016-04,2016-04-30,1.4223825,EUR/litre,European Commission Weekly Oil Bulletin,observed_retail_gasoline,observed_retail,True,"Observed Euro-super 95 retail price for Italy, monthly average of official weekly data.",,,0.0,,CHN=regulated domestic product-price mechanism/proxy scenario; controls=observed retail-price pass-through.,0.023305352820235936,36.65221309894588,0.06557626926380555,-0.5,102.52631579,2.4949319053081176,,2.4949319053081176,0.0838172782525009,0.0,ARX_one_step_residual_lagged_information,,,,0.7767219192420621,EIA_STEO_July_2026_ex_post_2022plus,85.22145
ITA,Italy,2016,2016-05,2016-05-31,1.456252,EUR/litre,European Commission Weekly Oil Bulletin,observed_retail_gasoline,observed_retail,True,"Observed Euro-super 95 retail price for Italy, monthly average of official weekly data.",,,0.0,,CHN=regulated domestic product-price mechanism/proxy scenario; controls=observed retail-price pass-through.,0.023532729169276068,41.32601789582243,0.12001846368045088,-0.4,100.73684211,-0.20876833730341104,,-0.20876833730341104,0.5579169894032892,0.0,ARX_one_step_residual_lagged_information,,,,1.0759248987314494,EIA_STEO_July_2026_ex_post_2022plus,88.33242
ITA,Italy,2016,2016-06,2016-06-30,1.47734,EUR/litre,European Commission Weekly Oil Bulletin,observed_retail_gasoline,observed_retail,True,"Observed Euro-super 95 retail price for Italy, monthly average of official weekly data.",,,0.0,,CHN=regulated domestic product-price mechanism/proxy scenario; controls=observed retail-price pass-through.,0.014377161680581674,42.96023327427858,0.03878260533868927,-0.2,99.57894737,-0.8421102364828847,,-0.8421102364828847,0.2953291990002094,0.0,ARX_one_step_residual_lagged_information,,,,0.2876069002708758,EIA_STEO_July_2026_ex_post_2022plus,90.16813
ITA,Italy,2016,2016-07,2016-07-31,1.4552825,EUR/litre,European Commission Weekly Oil Bulletin,observed_retail_gasoline,observed_retail,True,"Observed Euro-super 95 retail price for Italy, monthly average of official weekly data.",,,0.0,,CHN=regulated domestic product-price mechanism/proxy scenario; controls=observed retail-price pass-through.,-0.01504313354925274,40.66322553721064,-0.054950745672880164,-0.1,101.78947368,0.31072008065704537,,0.31072008065704537,-0.7890364899854008,0.0,ARX_one_step_residual_lagged_information,,,,-0.6594625016309432,EIA_STEO_July_2026_ex_post_2022plus,114.61045
ITA,Italy,2016,2016-08,2016-08-31,1.43553,EUR/litre,European Commission Weekly Oil Bulletin,observed_retail_gasoline,observed_retail,True,"Observed Euro-super 95 retail price for Italy, monthly average of official weekly data.",,,0.0,,CHN=regulated domestic product-price mechanism/proxy scenario; controls=observed retail-price pass-through.,-0.013665920850621183,40.90930315589108,0.006033363660247204,-0.1,102.42105263,3.4504206917177704,,3.4504206917177704,0.0811910315784664,0.0,ARX_one_step_residual_lagged_information,,,,0.1761257354996075,EIA_STEO_July_2026_ex_post_2022plus,98.73849
ITA,Italy,2016,2016-09,2016-09-30,1.4531475,EUR/litre,European Commission Weekly Oil Bulletin,observed_retail_gasoline,observed_retail,True,"Observed Euro-super 95 retail price for Italy, monthly average of official weekly data.",,,0.0,,CHN=regulated domestic product-price mechanism/proxy scenario; controls=observed retail-price pass-through.,0.012197774542481665,41.51270878016391,0.014642117815030886,0.1,102.21052632,2.081240576609833,,2.081240576609833,-0.2376557237578802,0.0,ARX_one_step_residual_lagged_information,,,,0.1396420942526995,EIA_STEO_July_2026_ex_post_2022plus,104.54523
ITA,Italy,2016,2016-10,2016-10-31,1.4785,EUR/litre,European Commission Weekly Oil Bulletin,observed_retail_gasoline,observed_retail,True,"Observed Euro-super 95 retail price for Italy, monthly average of official weekly data.",,,0.0,,CHN=regulated domestic product-price mechanism/proxy scenario; controls=observed retail-price pass-through.,0.01729616676571688,44.96606634130953,0.07990850798108395,-0.1,102.73684211,2.4897551625817194,,2.4897551625817194,0.4642565958700504,0.0,ARX_one_step_residual_lagged_information,,,,0.5633942564883699,EIA_STEO_July_2026_ex_post_2022plus,85.74779
ITA,Italy,2016,2016-11,2016-11-30,1.4718875,EUR/litre,European Commission Weekly Oil Bulletin,observed_retail_gasoline,observed_retail,True,"Observed Euro-super 95 retail price for Italy, monthly average of official weekly data.",,,0.0,,CHN=regulated domestic product-price mechanism/proxy scenario; controls=observed retail-price pass-through.,-0.0044824695548088545,41.46738863799395,-0.08100082163426592,0.1,103.68421053,2.6750566334611037,,2.6750566334611037,-0.9727318577270646,0.0,ARX_one_step_residual_lagged_information,,,,-0.9455471790119578,EIA_STEO_July_2026_ex_post_2022plus,82.918755
ITA,Italy,2016,2016-12,2016-12-31,1.4956066666666663,EUR/litre,European Commission Weekly Oil Bulletin,observed_retail_gasoline,observed_retail,True,"Observed Euro-super 95 retail price for Italy, monthly average of official weekly data.",,,0.0,,CHN=regulated domestic product-price mechanism/proxy scenario; controls=observed retail-price pass-through.,0.015986330875136623,50.56161791071761,0.19828544677352689,0.6,105.47368421,6.2810142043813855,,6.2810142043813855,1.835253781522334,0.0,ARX_one_step_residual_lagged_information,,,,1.6159449639177093,EIA_STEO_July_2026_ex_post_2022plus,102.180466
ITA,Italy,2017,2017-01,2017-01-31,1.5443060000000002,EUR/litre,European Commission Weekly Oil Bulletin,observed_retail_gasoline,observed_retail,True,"Observed Euro-super 95 retail price for Italy, monthly average of official weekly data.",,,0.0,,CHN=regulated domestic product-price mechanism/proxy scenario; controls=observed retail-price pass-through.,0.03204269686400374,51.322546333503,0.014937406160422828,1.0,102.31578947,0.20597329063836156,,0.20597329063836156,0.3562813201337297,0.0,ARX_one_step_residual_lagged_information,,,,0.212001757557247,EIA_STEO_July_2026_ex_post_2022plus,105.20123
ITA,Italy,2017,2017-02,2017-02-28,1.5514825,EUR/litre,European Commission Weekly Oil Bulletin,observed_retail_gasoline,observed_retail,True,"Observed Euro-super 95 retail price for Italy, monthly average of official weekly data.",,,0.0,,CHN=regulated domestic product-price mechanism/proxy scenario; controls=observed retail-price pass-through.,0.004636306940933088,51.52220418565317,0.0038827086840993452,1.6,103.26315789,2.5814546441939257,,2.5814546441939257,-0.0616531323660811,0.0,ARX_one_step_residual_lagged_information,,,,0.0441060797080234,EIA_STEO_July_2026_ex_post_2022plus,114.20636
ITA,Italy,2017,2017-03,2017-03-31,1.5438075000000002,EUR/litre,European Commission Weekly Oil Bulletin,observed_retail_gasoline,observed_retail,True,"Observed Euro-super 95 retail price for Italy, monthly average of official weekly data.",,,0.0,,CHN=regulated domestic product-price mechanism/proxy scenario; controls=observed retail-price pass-through.,-0.004959157771597167,48.25918561016153,-0.06542667898150434,1.5,104.21052632,3.3901551669062613,,3.3901551669062613,-0.8914152242102106,0.0,ARX_one_step_residual_lagged_information,,,,-0.5753315680935861,EIA_STEO_July_2026_ex_post_2022plus,96.63588
ITA,Italy,2017,2017-04,2017-04-30,1.54148,EUR/litre,European Commission Weekly Oil Bulletin,observed_retail_gasoline,observed_retail,True,"Observed Euro-super 95 retail price for Italy, monthly average of official weekly data.",,,0.0,,CHN=regulated domestic product-price mechanism/proxy scenario; controls=observed retail-price pass-through.,-0.0015087737797703782,48.82764158549459,0.011710393426705767,2.0,103.78947368,1.224505091439898,,1.224505091439898,-0.0009072287261253,0.0,ARX_one_step_residual_lagged_information,,,,0.1225563534111697,EIA_STEO_July_2026_ex_post_2022plus,119.45992
ITA,Italy,2017,2017-05,2017-05-31,1.53475,EUR/litre,European Commission Weekly Oil Bulletin,observed_retail_gasoline,observed_retail,True,"Observed Euro-super 95 retail price for Italy, monthly average of official weekly data.",,,0.0,,CHN=regulated domestic product-price mechanism/proxy scenario; controls=observed retail-price pass-through.,-0.004375492558823191,45.55163755716742,-0.06945000461191153,1.6,104.63157895,3.7933815181748542,,3.7933815181748542,-0.5808383357267876,0.0,ARX_one_step_residual_lagged_information,,,,-0.3623903429973516,EIA_STEO_July_2026_ex_post_2022plus,102.57996
ITA,Italy,2017,2017-06,2017-06-30,1.506125,EUR/litre,European Commission Weekly Oil Bulletin,observed_retail_gasoline,observed_retail,True,"Observed Euro-super 95 retail price for Italy, monthly average of official weekly data.",,,0.0,,CHN=regulated domestic product-price mechanism/proxy scenario; controls=observed retail-price pass-through.,-0.018827374064165292,41.28062314660803,-0.09845335715565451,1.2,106.0,6.2488323650828015,,6.2488323650828015,-0.9901715991563086,0.0,ARX_one_step_residual_lagged_information,,,,-0.7627598824003294,EIA_STEO_July_2026_ex_post_2022plus,126.78902
ITA,Italy,2017,2017-07,2017-07-31,1.490204,EUR/litre,European Commission Weekly Oil Bulletin,observed_retail_gasoline,observed_retail,True,"Observed Euro-super 95 retail price for Italy, monthly average of official weekly data.",,,0.0,,CHN=regulated domestic product-price mechanism/proxy scenario; controls=observed retail-price pass-through.,-0.010627103923953107,42.051202966508924,0.01849477734716176,1.1,106.84210526,4.844539603440179,,4.844539603440179,-0.0220304104529117,0.0,ARX_one_step_residual_lagged_information,,,,0.40613922085245,EIA_STEO_July_2026_ex_post_2022plus,102.81346
ITA,Italy,2017,2017-08,2017-08-31,1.4985875,EUR/litre,European Commission Weekly Oil Bulletin,observed_retail_gasoline,observed_retail,True,"Observed Euro-super 95 retail price for Italy, monthly average of official weekly data.",,,0.0,,CHN=regulated domestic product-price mechanism/proxy scenario; controls=observed retail-price pass-through.,0.005609974457558509,43.7714145081759,0.04009297351031549,1.4,108.73684211,5.983838699261224,,5.983838699261224,0.1395144133344559,0.0,ARX_one_step_residual_lagged_information,,,,0.5902347710413575,EIA_STEO_July_2026_ex_post_2022plus,138.53162
ITA,Italy,2017,2017-09,2017-09-30,1.519645,EUR/litre,European Commission Weekly Oil Bulletin,observed_retail_gasoline,observed_retail,True,"Observed Euro-super 95 retail price for Italy, monthly average of official weekly data.",,,0.0,,CHN=regulated domestic product-price mechanism/proxy scenario; controls=observed retail-price pass-through.,0.013953757154034074,47.136679752928636,0.07407049375270569,1.4,105.47368421,3.142681330730124,,3.142681330730124,0.3826412875684989,0.0,ARX_one_step_residual_lagged_information,,,,0.7577258362578646,EIA_STEO_July_2026_ex_post_2022plus,115.53445
ITA,Italy,2017,2017-10,2017-10-31,1.524682,EUR/litre,European Commission Weekly Oil Bulletin,observed_retail_gasoline,observed_retail,True,"Observed Euro-super 95 retail price for Italy, monthly average of official weekly data.",,,0.0,,CHN=regulated domestic product-price mechanism/proxy scenario; controls=observed retail-price pass-through.,0.003309108775992997,48.921696085703545,0.03716951954160219,1.1,106.0,3.126830625936261,,3.126830625936261,-0.0764546837583873,0.0,ARX_one_step_residual_lagged_information,,,,0.2150631197695683,EIA_STEO_July_2026_ex_post_2022plus,91.46157
ITA,Italy,2017,2017-11,2017-11-30,1.5426175,EUR/litre,European Commission Weekly Oil Bulletin,observed_retail_gasoline,observed_retail,True,"Observed Euro-super 95 retail price for Italy, monthly average of official weekly data.",,,0.0,,CHN=regulated domestic product-price mechanism/proxy scenario; controls=observed retail-price pass-through.,0.011694785211817493,53.41066326097361,0.08778943174956355,1.0,107.78947368,3.883016435276865,,3.883016435276865,1.031947168545167,0.0,ARX_one_step_residual_lagged_information,,,,0.795920881769235,EIA_STEO_July_2026_ex_post_2022plus,92.596016
ITA,Italy,2017,2017-12,2017-12-31,1.5462433333333332,EUR/litre,European Commission Weekly Oil Bulletin,observed_retail_gasoline,observed_retail,True,"Observed Euro-super 95 retail price for Italy, monthly average of official weekly data.",,,0.0,,CHN=regulated domestic product-price mechanism/proxy scenario; controls=observed retail-price pass-through.,0.002347684272180073,54.38927307026093,0.018156535643168326,1.0,111.26315789,5.343670418784363,,5.343670418784363,0.2316221454684384,0.0,ARX_one_step_residual_lagged_information,,,,0.2361154289400639,EIA_STEO_July_2026_ex_post_2022plus,82.718254
ITA,Italy,2018,2018-01,2018-01-31,1.5653739999999998,EUR/litre,European Commission Weekly Oil Bulletin,observed_retail_gasoline,observed_retail,True,"Observed Euro-super 95 retail price for Italy, monthly average of official weekly data.",,,0.0,,CHN=regulated domestic product-price mechanism/proxy scenario; controls=observed retail-price pass-through.,0.0122964398683591,56.647857699641584,0.04068722212633524,1.1,106.73684211,4.23023797710762,,4.23023797710762,0.5307537819846163,0.0,ARX_one_step_residual_lagged_information,,,,0.6466410329828569,EIA_STEO_July_2026_ex_post_2022plus,92.42679
ITA,Italy,2018,2018-02,2018-02-28,1.56088,EUR/litre,European Commission Weekly Oil Bulletin,observed_retail_gasoline,observed_retail,True,"Observed Euro-super 95 retail price for Italy, monthly average of official weekly data.",,,0.0,,CHN=regulated domestic product-price mechanism/proxy scenario; controls=observed retail-price pass-through.,-0.002875008297786308,52.93538296320238,-0.0677821899734492,0.6,106.21052632,2.814256087376066,,2.814256087376066,-1.0037546449327843,0.0,ARX_one_step_residual_lagged_information,,,,-0.5228083968715923,EIA_STEO_July_2026_ex_post_2022plus,64.49137
ITA,Italy,2018,2018-03,2018-03-31,1.546755,EUR/litre,European Commission Weekly Oil Bulletin,observed_retail_gasoline,observed_retail,True,"Observed Euro-super 95 retail price for Italy, monthly average of official weekly data.",,,0.0,,CHN=regulated domestic product-price mechanism/proxy scenario; controls=observed retail-price pass-through.,-0.009090576771318581,53.52532266668686,0.011082882431034502,0.9,107.78947368,3.3766862391351182,,3.3766862391351182,-0.0942745679504046,0.0,ARX_one_step_residual_lagged_information,,,,0.0930713737533477,EIA_STEO_July_2026_ex_post_2022plus,111.962296
ITA,Italy,2018,2018-04,2018-04-30,1.5694325,EUR/litre,European Commission Weekly Oil Bulletin,observed_retail_gasoline,observed_retail,True,"Observed Euro-super 95 retail price for Italy, monthly average of official weekly data.",,,0.0,,CHN=regulated domestic product-price mechanism/proxy scenario; controls=observed retail-price pass-through.,0.014554901039667667,58.771429629914756,0.0935009833801379,0.6,106.21052632,2.3058665831184655,,2.3058665831184655,0.8022116118069343,0.0,ARX_one_step_residual_lagged_information,,,,0.8103735825471061,EIA_STEO_July_2026_ex_post_2022plus,123.26347
ITA,Italy,2018,2018-05,2018-05-31,1.6160675,EUR/litre,European Commission Weekly Oil Bulletin,observed_retail_gasoline,observed_retail,True,"Observed Euro-super 95 retail price for Italy, monthly average of official weekly data.",,,0.0,,CHN=regulated domestic product-price mechanism/proxy scenario; controls=observed retail-price pass-through.,0.029281639980694607,65.11538710967528,0.10250503624359641,1.0,107.15789474,2.3857990458212797,,2.3857990458212797,0.61791327286101,0.0,ARX_one_step_residual_lagged_information,,,,0.5988011055133343,EIA_STEO_July_2026_ex_post_2022plus,125.66662
ITA,Italy,2018,2018-06,2018-06-30,1.64468,EUR/litre,European Commission Weekly Oil Bulletin,observed_retail_gasoline,observed_retail,True,"Observed Euro-super 95 retail price for Italy, monthly average of official weekly data.",,,0.0,,CHN=regulated domestic product-price mechanism/proxy scenario; controls=observed retail-price pass-through.,0.017550107390209513,63.710316624106675,-0.021814376530367774,1.3,107.57894737,1.4785878059765167,,1.4785878059765167,0.2164778282618993,0.0,ARX_one_step_residual_lagged_information,,,,-0.3193864990554811,EIA_STEO_July_2026_ex_post_2022plus,103.96859
ITA,Italy,2018,2018-07,2018-07-31,1.6308599999999998,EUR/litre,European Commission Weekly Oil Bulletin,observed_retail_gasoline,observed_retail,True,"Observed Euro-super 95 retail price for Italy, monthly average of official weekly data.",,,0.0,,CHN=regulated domestic product-price mechanism/proxy scenario; controls=observed retail-price pass-through.,-0.008438353373952379,63.54926123632473,-0.0025311332392412567,2.0,106.42105263,-0.3948672440696299,,-0.3948672440696299,0.2532337563567078,0.0,ARX_one_step_residual_lagged_information,,,,-0.0241107132650339,EIA_STEO_July_2026_ex_post_2022plus,110.02843
ITA,Italy,2018,2018-08,2018-08-31,1.628725,EUR/litre,European Commission Weekly Oil Bulletin,observed_retail_gasoline,observed_retail,True,"Observed Euro-super 95 retail price for Italy, monthly average of official weekly data.",,,0.0,,CHN=regulated domestic product-price mechanism/proxy scenario; controls=observed retail-price pass-through.,-0.001309982899856621,62.81970676639525,-0.011546546386484557,1.6,107.36842105,-1.266456290939466,,-1.266456290939466,-0.2271250192287946,0.0,ARX_one_step_residual_lagged_information,,,,-0.2227949159068178,EIA_STEO_July_2026_ex_post_2022plus,112.741684
ITA,Italy,2018,2018-09,2018-09-30,1.640175,EUR/litre,European Commission Weekly Oil Bulletin,observed_retail_gasoline,observed_retail,True,"Observed Euro-super 95 retail price for Italy, monthly average of official weekly data.",,,0.0,,CHN=regulated domestic product-price mechanism/proxy scenario; controls=observed retail-price pass-through.,0.007005443315408977,67.62130746370575,0.07365430629007896,1.5,107.47368421,1.8784536519947714,,1.8784536519947714,0.853284043900544,0.0,ARX_one_step_residual_lagged_information,,,,0.7721044015297376,EIA_STEO_July_2026_ex_post_2022plus,75.05391
ITA,Italy,2018,2018-10,2018-10-31,1.656748,EUR/litre,European Commission Weekly Oil Bulletin,observed_retail_gasoline,observed_retail,True,"Observed Euro-super 95 retail price for Italy, monthly average of official weekly data.",,,0.0,,CHN=regulated domestic product-price mechanism/proxy scenario; controls=observed retail-price pass-through.,0.010053701342373877,70.54217790868759,0.042287666584137185,1.6,107.26315789,1.1846140460002097,,1.1846140460002097,0.3098941070137567,0.0,ARX_one_step_residual_lagged_information,,,,0.2422209714529359,EIA_STEO_July_2026_ex_post_2022plus,92.01648
ITA,Italy,2018,2018-11,2018-11-30,1.625295,EUR/litre,European Commission Weekly Oil Bulletin,observed_retail_gasoline,observed_retail,True,"Observed Euro-super 95 retail price for Italy, monthly average of official weekly data.",,,0.0,,CHN=regulated domestic product-price mechanism/proxy scenario; controls=observed retail-price pass-through.,-0.019167307035606596,56.9782828763354,-0.21354060607025094,1.6,105.26315789,-2.371652662325374,,-2.371652662325374,-1.9526225628805007,0.0,ARX_one_step_residual_lagged_information,,,,-2.079541405844165,EIA_STEO_July_2026_ex_post_2022plus,80.407585
ITA,Italy,2018,2018-12,2018-12-31,1.53972,EUR/litre,European Commission Weekly Oil Bulletin,observed_retail_gasoline,observed_retail,True,"Observed Euro-super 95 retail price for Italy, monthly average of official weekly data.",,,0.0,,CHN=regulated domestic product-price mechanism/proxy scenario; controls=observed retail-price pass-through.,-0.054088756054336495,50.405262306077546,-0.12257461260346503,1.1,105.89473684,-4.945263518786014,,-4.945263518786014,-1.0061364944612583,0.0,ARX_one_step_residual_lagged_information,,,,-1.1251766525266678,EIA_STEO_July_2026_ex_post_2022plus,90.607666
ITA,Italy,2019,2019-01,2019-01-31,1.48866,EUR/litre,European Commission Weekly Oil Bulletin,observed_retail_gasoline,observed_retail,True,"Observed Euro-super 95 retail price for Italy, monthly average of official weekly data.",,,0.0,,CHN=regulated domestic product-price mechanism/proxy scenario; controls=observed retail-price pass-through.,-0.03372419525330156,52.03298003391933,0.03178216850144144,1.0,106.31578947,-0.39525743948551906,,-0.39525743948551906,0.188445533632504,0.0,ARX_one_step_residual_lagged_information,,,,0.3188447727567846,EIA_STEO_July_2026_ex_post_2022plus,87.4241
ITA,Italy,2019,2019-02,2019-02-28,1.515015,EUR/litre,European Commission Weekly Oil Bulletin,observed_retail_gasoline,observed_retail,True,"Observed Euro-super 95 retail price for Italy, monthly average of official weekly data.",,,0.0,,CHN=regulated domestic product-price mechanism/proxy scenario; controls=observed retail-price pass-through.,0.01754895344292834,56.35687608409954,0.07982650864073682,1.1,106.94736842,0.6913607735333116,,0.6913607735333116,0.3179255869930876,0.0,ARX_one_step_residual_lagged_information,,,,0.6770586293080596,EIA_STEO_July_2026_ex_post_2022plus,96.80016
ITA,Italy,2019,2019-03,2019-03-31,1.551975,EUR/litre,European Commission Weekly Oil Bulletin,observed_retail_gasoline,observed_retail,True,"Observed Euro-super 95 retail price for Italy, monthly average of official weekly data.",,,0.0,,CHN=regulated domestic product-price mechanism/proxy scenario; controls=observed retail-price pass-through.,0.024102973481448187,58.55072519247687,0.038189218229466526,1.1,106.0,-1.6740912841828326,,-1.6740912841828326,0.2509811626919623,0.0,ARX_one_step_residual_lagged_information,,,,0.3042339624987233,EIA_STEO_July_2026_ex_post_2022plus,82.32829
ITA,Italy,2019,2019-04,2019-04-30,1.5981675,EUR/litre,European Commission Weekly Oil Bulletin,observed_retail_gasoline,observed_retail,True,"Observed Euro-super 95 retail price for Italy, monthly average of official weekly data.",,,0.0,,CHN=regulated domestic product-price mechanism/proxy scenario; controls=observed retail-price pass-through.,0.029329346990294103,63.40982597803501,0.0797253574816903,1.1,104.52631579,-1.5984356343043515,,-1.5984356343043515,0.7415849113131195,0.0,ARX_one_step_residual_lagged_information,,,,0.6807381297896776,EIA_STEO_July_2026_ex_post_2022plus,79.25345
ITA,Italy,2019,2019-05,2019-05-31,1.627235,EUR/litre,European Commission Weekly Oil Bulletin,observed_retail_gasoline,observed_retail,True,"Observed Euro-super 95 retail price for Italy, monthly average of official weekly data.",,,0.0,,CHN=regulated domestic product-price mechanism/proxy scenario; controls=observed retail-price pass-through.,0.018024595047876235,63.7515373878491,0.005374466320483329,1.0,106.73684211,-0.393701294443094,,-0.393701294443094,0.1036321340257055,0.0,ARX_one_step_residual_lagged_information,,,,0.0055781678142461,EIA_STEO_July_2026_ex_post_2022plus,106.4719
ITA,Italy,2019,2019-06,2019-06-30,1.6034125,EUR/litre,European Commission Weekly Oil Bulletin,observed_retail_gasoline,observed_retail,True,"Observed Euro-super 95 retail price for Italy, monthly average of official weekly data.",,,0.0,,CHN=regulated domestic product-price mechanism/proxy scenario; controls=observed retail-price pass-through.,-0.01474808489206847,56.8585465466601,-0.11442675570461613,0.7,106.42105263,-1.0821551772692395,,-1.0821551772692395,-0.7544511920195658,0.0,ARX_one_step_residual_lagged_information,,,,-0.9745194423062468,EIA_STEO_July_2026_ex_post_2022plus,106.588455
ITA,Italy,2019,2019-07,2019-07-31,1.5935739999999998,EUR/litre,European Commission Weekly Oil Bulletin,observed_retail_gasoline,observed_retail,True,"Observed Euro-super 95 retail price for Italy, monthly average of official weekly data.",,,0.0,,CHN=regulated domestic product-price mechanism/proxy scenario; controls=observed retail-price pass-through.,-0.00615487807590992,57.013700330427966,0.002725051696722325,0.2,106.52631579,0.09886308467166316,,0.09886308467166316,-0.1475646384633109,0.0,ARX_one_step_residual_lagged_information,,,,-0.0488585610737776,EIA_STEO_July_2026_ex_post_2022plus,93.521255
ITA,Italy,2019,2019-08,2019-08-31,1.5781825,EUR/litre,European Commission Weekly Oil Bulletin,observed_retail_gasoline,observed_retail,True,"Observed Euro-super 95 retail price for Italy, monthly average of official weekly data.",,,0.0,,CHN=regulated domestic product-price mechanism/proxy scenario; controls=observed retail-price pass-through.,-0.00970542399266705,53.055410768875234,-0.07195474201045382,0.5,105.68421053,-1.5810605967272018,,-1.5810605967272018,-0.8952299415487155,0.0,ARX_one_step_residual_lagged_information,,,,-0.7392204902481774,EIA_STEO_July_2026_ex_post_2022plus,103.40442
ITA,Italy,2019,2019-09,2019-09-30,1.57667,EUR/litre,European Commission Weekly Oil Bulletin,observed_retail_gasoline,observed_retail,True,"Observed Euro-super 95 retail price for Italy, monthly average of official weekly data.",,,0.0,,CHN=regulated domestic product-price mechanism/proxy scenario; controls=observed retail-price pass-through.,-0.0009588404629881087,57.05816514591163,0.07273433507750848,0.2,105.26315789,-2.0782539222631513,,-2.0782539222631513,0.7267762189669941,0.0,ARX_one_step_residual_lagged_information,,,,0.5690958721819117,EIA_STEO_July_2026_ex_post_2022plus,90.36799
ITA,Italy,2019,2019-10,2019-10-31,1.5777275,EUR/litre,European Commission Weekly Oil Bulletin,observed_retail_gasoline,observed_retail,True,"Observed Euro-super 95 retail price for Italy, monthly average of official weekly data.",,,0.0,,CHN=regulated domestic product-price mechanism/proxy scenario; controls=observed retail-price pass-through.,0.0006704925676725426,54.00134183320994,-0.05506229367604609,0.2,104.63157895,-2.4839826496839024,,-2.4839826496839024,-0.5756594546753463,0.0,ARX_one_step_residual_lagged_information,,,,-0.4753168273233417,EIA_STEO_July_2026_ex_post_2022plus,97.83673
ITA,Italy,2019,2019-11,2019-11-30,1.5741125,EUR/litre,European Commission Weekly Oil Bulletin,observed_retail_gasoline,observed_retail,True,"Observed Euro-super 95 retail price for Italy, monthly average of official weekly data.",,,0.0,,CHN=regulated domestic product-price mechanism/proxy scenario; controls=observed retail-price pass-through.,-0.002293899173288816,57.20328355294912,0.05760240649130255,0.2,104.84210526,-0.40080213826589883,,-0.40080213826589883,0.325523975981759,0.0,ARX_one_step_residual_lagged_information,,,,0.5210974588565558,EIA_STEO_July_2026_ex_post_2022plus,73.078384
ITA,Italy,2019,2019-12,2019-12-31,1.57974,EUR/litre,European Commission Weekly Oil Bulletin,observed_retail_gasoline,observed_retail,True,"Observed Euro-super 95 retail price for Italy, monthly average of official weekly data.",,,0.0,,CHN=regulated domestic product-price mechanism/proxy scenario; controls=observed retail-price pass-through.,0.003568655143081967,60.48251512088544,0.05574301549008176,0.5,102.10526316,-3.6441279121756764,,-3.6441279121756764,0.4989297512798961,0.0,ARX_one_step_residual_lagged_information,,,,0.5626427037356834,EIA_STEO_July_2026_ex_post_2022plus,74.27989
ITA,Italy,2020,2020-01,2020-01-31,1.589535,EUR/litre,European Commission Weekly Oil Bulletin,observed_retail_gasoline,observed_retail,True,"Observed Euro-super 95 retail price for Italy, monthly average of official weekly data.",,,0.0,,CHN=regulated domestic product-price mechanism/proxy scenario; controls=observed retail-price pass-through.,0.006181244093415306,57.35173762512795,-0.05315117527640645,0.4,105.36842105,-0.8950830510406682,,-0.8950830510406682,-0.6705064432322924,0.0,ARX_one_step_residual_lagged_information,,,,-0.5101846776295887,EIA_STEO_July_2026_ex_post_2022plus,138.42094
ITA,Italy,2020,2020-02,2020-02-29,1.5544525,EUR/litre,European Commission Weekly Oil Bulletin,observed_retail_gasoline,observed_retail,True,"Observed Euro-super 95 retail price for Italy, monthly average of official weekly data.",,,0.0,,CHN=regulated domestic product-price mechanism/proxy scenario; controls=observed retail-price pass-through.,-0.022318127028488288,51.01396037052977,-0.11710381370183764,0.1,103.47368421,-3.301950798650477,,-3.301950798650477,-1.4886935956750118,0.0,ARX_one_step_residual_lagged_information,,,,-1.2453944208448664,EIA_STEO_July_2026_ex_post_2022plus,75.95556
ITA,Italy,2020,2020-03,2020-03-31,1.498612,EUR/litre,European Commission Weekly Oil Bulletin,observed_retail_gasoline,observed_retail,True,"Observed Euro-super 95 retail price for Italy, monthly average of official weekly data.",,,0.0,,CHN=regulated domestic product-price mechanism/proxy scenario; controls=observed retail-price pass-through.,-0.03658404721113889,28.99031079985964,-0.5651376642123283,0.1,74.42105262999999,-35.370022684320546,,-35.370022684320546,-5.233802918763738,0.0,ARX_one_step_residual_lagged_information,,,,-5.119287024916463,EIA_STEO_July_2026_ex_post_2022plus,81.54003
ITA,Italy,2020,2020-04,2020-04-30,1.4132266666666666,EUR/litre,European Commission Weekly Oil Bulletin,observed_retail_gasoline,observed_retail,True,"Observed Euro-super 95 retail price for Italy, monthly average of official weekly data.",,,0.0,,CHN=regulated domestic product-price mechanism/proxy scenario; controls=observed retail-price pass-through.,-0.058663840360144215,16.906206447859322,-0.5392808638631168,0.1,58.526315790000005,-57.99623697906328,,-57.99623697906328,-5.199309945631854,0.0,ARX_one_step_residual_lagged_information,,,,-5.135860269259506,EIA_STEO_July_2026_ex_post_2022plus,69.3394
ITA,Italy,2020,2020-05,2020-05-31,1.3649525,EUR/litre,European Commission Weekly Oil Bulletin,observed_retail_gasoline,observed_retail,True,"Observed Euro-super 95 retail price for Italy, monthly average of official weekly data.",,,0.0,,CHN=regulated domestic product-price mechanism/proxy scenario; controls=observed retail-price pass-through.,-0.0347558765328701,26.936821159182784,0.46581336701285325,-0.4,84.84210526,-22.957444172609964,,-22.957444172609964,3.9668162669824367,0.0,ARX_one_step_residual_lagged_information,,,,4.331729751051854,EIA_STEO_July_2026_ex_post_2022plus,68.50722
ITA,Italy,2020,2020-06,2020-06-30,1.380964,EUR/litre,European Commission Weekly Oil Bulletin,observed_retail_gasoline,observed_retail,True,"Observed Euro-super 95 retail price for Italy, monthly average of official weekly data.",,,0.0,,CHN=regulated domestic product-price mechanism/proxy scenario; controls=observed retail-price pass-through.,0.01166217652411733,35.76516997909313,0.28348034725563087,-0.4,91.78947368,-14.790579514252666,,-14.790579514252666,2.436789638774949,0.0,ARX_one_step_residual_lagged_information,,,,2.909312404330328,EIA_STEO_July_2026_ex_post_2022plus,71.22786
ITA,Italy,2020,2020-07,2020-07-31,1.4031975,EUR/litre,European Commission Weekly Oil Bulletin,observed_retail_gasoline,observed_retail,True,"Observed Euro-super 95 retail price for Italy, monthly average of official weekly data.",,,0.0,,CHN=regulated domestic product-price mechanism/proxy scenario; controls=observed retail-price pass-through.,0.01597175497147446,37.65021082132132,0.05136403951923629,0.7,98.21052632,-8.127864896213488,,-8.127864896213488,0.01030566042997,0.0,ARX_one_step_residual_lagged_information,,,,0.6537384842262939,EIA_STEO_July_2026_ex_post_2022plus,66.47328
ITA,Italy,2020,2020-08,2020-08-31,1.3994620000000002,EUR/litre,European Commission Weekly Oil Bulletin,observed_retail_gasoline,observed_retail,True,"Observed Euro-super 95 retail price for Italy, monthly average of official weekly data.",,,0.0,,CHN=regulated domestic product-price mechanism/proxy scenario; controls=observed retail-price pass-through.,-0.002665683941982966,37.81297189252873,0.004313661781488953,-0.5,104.94736842,-0.6996530334726359,,-0.6996530334726359,-0.0329631673480962,0.0,ARX_one_step_residual_lagged_information,,,,0.3086337464573048,EIA_STEO_July_2026_ex_post_2022plus,65.46605
ITA,Italy,2020,2020-09,2020-09-30,1.39219,EUR/litre,European Commission Weekly Oil Bulletin,observed_retail_gasoline,observed_retail,True,"Observed Euro-super 95 retail price for Italy, monthly average of official weekly data.",,,0.0,,CHN=regulated domestic product-price mechanism/proxy scenario; controls=observed retail-price pass-through.,-0.005209830199641774,34.71477453319452,-0.0854868401263702,-1.1,100.52631579,-4.604393845117105,,-4.604393845117105,-1.337846087993822,0.0,ARX_one_step_residual_lagged_information,,,,-0.8320689060780462,EIA_STEO_July_2026_ex_post_2022plus,80.37738
ITA,Italy,2020,2020-10,2020-10-31,1.3884325,EUR/litre,European Commission Weekly Oil Bulletin,observed_retail_gasoline,observed_retail,True,"Observed Euro-super 95 retail price for Italy, monthly average of official weekly data.",,,0.0,,CHN=regulated domestic product-price mechanism/proxy scenario; controls=observed retail-price pass-through.,-0.0027026338793825766,34.15295152114984,-0.01631636496218425,-0.6,102.73684211,-1.8274620222525684,,-1.8274620222525684,-0.5674547419519714,0.0,ARX_one_step_residual_lagged_information,,,,-0.1695395031828312,EIA_STEO_July_2026_ex_post_2022plus,76.08317
ITA,Italy,2020,2020-11,2020-11-30,1.388908,EUR/litre,European Commission Weekly Oil Bulletin,observed_retail_gasoline,observed_retail,True,"Observed Euro-super 95 retail price for Italy, monthly average of official weekly data.",,,0.0,,CHN=regulated domestic product-price mechanism/proxy scenario; controls=observed retail-price pass-through.,0.0003424139061422027,36.100885624820606,0.055468387154378185,-0.4,100.63157895,-4.0989344476925815,,-4.0989344476925815,0.159158192905724,0.0,ARX_one_step_residual_lagged_information,,,,0.5531928001953953,EIA_STEO_July_2026_ex_post_2022plus,70.06747
ITA,Italy,2020,2020-12,2020-12-31,1.4164766666666664,EUR/litre,European Commission Weekly Oil Bulletin,observed_retail_gasoline,observed_retail,True,"Observed Euro-super 95 retail price for Italy, monthly average of official weekly data.",,,0.0,,CHN=regulated domestic product-price mechanism/proxy scenario; controls=observed retail-price pass-through.,0.01965474074921275,41.08726943837388,0.12938092991459005,-0.2,100.84210526,-1.2448293578501968,,-1.2448293578501968,0.9731595394932884,0.0,ARX_one_step_residual_lagged_information,,,,1.4542880617593923,EIA_STEO_July_2026_ex_post_2022plus,64.06729
ITA,Italy,2021,2021-01,2021-01-31,1.4640700000000002,EUR/litre,European Commission Weekly Oil Bulletin,observed_retail_gasoline,observed_retail,True,"Observed Euro-super 95 retail price for Italy, monthly average of official weekly data.",,,0.0,,CHN=regulated domestic product-price mechanism/proxy scenario; controls=observed retail-price pass-through.,0.033047660977126525,44.98023070940269,0.09052474817724088,0.7,103.47368421,-1.8145659148165016,,-1.8145659148165016,0.3836631169226632,0.0,ARX_one_step_residual_lagged_information,,,,0.8389414996582737,EIA_STEO_July_2026_ex_post_2022plus,77.4187
ITA,Italy,2021,2021-02,2021-02-28,1.4969675,EUR/litre,European Commission Weekly Oil Bulletin,observed_retail_gasoline,observed_retail,True,"Observed Euro-super 95 retail price for Italy, monthly average of official weekly data.",,,0.0,,CHN=regulated domestic product-price mechanism/proxy scenario; controls=observed retail-price pass-through.,0.022221166511276202,51.49516905924969,0.13526492292173797,1.0,102.947368421053,-0.5099450107259429,,-0.5099450107259429,1.0471454699695986,0.0,ARX_one_step_residual_lagged_information,,,,1.1814795261633393,EIA_STEO_July_2026_ex_post_2022plus,73.9568
ITA,Italy,2021,2021-03,2021-03-31,1.5613,EUR/litre,European Commission Weekly Oil Bulletin,observed_retail_gasoline,observed_retail,True,"Observed Euro-super 95 retail price for Italy, monthly average of official weekly data.",,,0.0,,CHN=regulated domestic product-price mechanism/proxy scenario; controls=observed retail-price pass-through.,0.042077412450353846,54.962697460117845,0.06516672853896521,0.5,103.36842105,32.85606424536507,,32.85606424536507,0.5541671762649659,0.0,ARX_one_step_residual_lagged_information,,,,0.4485084381959874,EIA_STEO_July_2026_ex_post_2022plus,78.61877
ITA,Italy,2021,2021-04,2021-04-30,1.5749933333333337,EUR/litre,European Commission Weekly Oil Bulletin,observed_retail_gasoline,observed_retail,True,"Observed Euro-super 95 retail price for Italy, monthly average of official weekly data.",,,0.0,,CHN=regulated domestic product-price mechanism/proxy scenario; controls=observed retail-price pass-through.,0.008732231899068021,54.16553056734636,-0.014609988393534223,0.8,104.94736842,58.398247569223294,,58.398247569223294,0.1862069716688893,0.0,ARX_one_step_residual_lagged_information,,,,-0.0910692194610425,EIA_STEO_July_2026_ex_post_2022plus,88.16622
ITA,Italy,2021,2021-05,2021-05-31,1.588452,EUR/litre,European Commission Weekly Oil Bulletin,observed_retail_gasoline,observed_retail,True,"Observed Euro-super 95 retail price for Italy, monthly average of official weekly data.",,,0.0,,CHN=regulated domestic product-price mechanism/proxy scenario; controls=observed retail-price pass-through.,0.008508917620455358,56.425907446697146,0.04088366618559913,1.2,103.36842105,19.750756585959994,,19.750756585959994,0.4497531915213519,0.0,ARX_one_step_residual_lagged_information,,,,0.5117128393307618,EIA_STEO_July_2026_ex_post_2022plus,93.00713
ITA,Italy,2021,2021-06,2021-06-30,1.610895,EUR/litre,European Commission Weekly Oil Bulletin,observed_retail_gasoline,observed_retail,True,"Observed Euro-super 95 retail price for Italy, monthly average of official weekly data.",,,0.0,,CHN=regulated domestic product-price mechanism/proxy scenario; controls=observed retail-price pass-through.,0.01402996807711715,60.73294818034544,0.07355794950489969,1.3,105.15789474,13.596535481547534,,13.596535481547534,0.4549932173511998,0.0,ARX_one_step_residual_lagged_information,,,,0.5990337861743334,EIA_STEO_July_2026_ex_post_2022plus,74.12712
ITA,Italy,2021,2021-07,2021-07-31,1.6481975,EUR/litre,European Commission Weekly Oil Bulletin,observed_retail_gasoline,observed_retail,True,"Observed Euro-super 95 retail price for Italy, monthly average of official weekly data.",,,0.0,,CHN=regulated domestic product-price mechanism/proxy scenario; controls=observed retail-price pass-through.,0.022892341377804937,63.585176108601566,0.04589400869434179,1.1,106.10526316,7.731824776093887,,7.731824776093887,0.3769608296477943,0.0,ARX_one_step_residual_lagged_information,,,,0.2441988040870252,EIA_STEO_July_2026_ex_post_2022plus,58.42077
ITA,Italy,2021,2021-08,2021-08-31,1.654344,EUR/litre,European Commission Weekly Oil Bulletin,observed_retail_gasoline,observed_retail,True,"Observed Euro-super 95 retail price for Italy, monthly average of official weekly data.",,,0.0,,CHN=regulated domestic product-price mechanism/proxy scenario; controls=observed retail-price pass-through.,0.0037222890897014582,60.124726314345025,-0.055959186654065185,2.4,104.84210526,-0.10035123973306526,,-0.10035123973306526,-0.2830597305679688,0.0,ARX_one_step_residual_lagged_information,,,,-0.5655219548259344,EIA_STEO_July_2026_ex_post_2022plus,89.48655
ITA,Italy,2021,2021-09,2021-09-30,1.6660775,EUR/litre,European Commission Weekly Oil Bulletin,observed_retail_gasoline,observed_retail,True,"Observed Euro-super 95 retail price for Italy, monthly average of official weekly data.",,,0.0,,CHN=regulated domestic product-price mechanism/proxy scenario; controls=observed retail-price pass-through.,0.007067505640652727,63.31716312411374,0.05173525532876688,2.9,105.57894737,4.9039447490924815,,4.9039447490924815,0.5185963091691657,0.0,ARX_one_step_residual_lagged_information,,,,0.4710994601392794,EIA_STEO_July_2026_ex_post_2022plus,80.69697
ITA,Italy,2021,2021-10,2021-10-31,1.7199099999999998,EUR/litre,European Commission Weekly Oil Bulletin,observed_retail_gasoline,observed_retail,True,"Observed Euro-super 95 retail price for Italy, monthly average of official weekly data.",,,0.0,,CHN=regulated domestic product-price mechanism/proxy scenario; controls=observed retail-price pass-through.,0.03179990260479815,72.01722437933769,0.12874888609655688,3.2,105.47368421,2.6290695180620993,,2.6290695180620993,1.1039672592649925,0.0,ARX_one_step_residual_lagged_information,,,,1.054700192682048,EIA_STEO_July_2026_ex_post_2022plus,79.029236
ITA,Italy,2021,2021-11,2021-11-30,1.74784,EUR/litre,European Commission Weekly Oil Bulletin,observed_retail_gasoline,observed_retail,True,"Observed Euro-super 95 retail price for Italy, monthly average of official weekly data.",,,0.0,,CHN=regulated domestic product-price mechanism/proxy scenario; controls=observed retail-price pass-through.,0.016108775988213253,71.00757033623715,-0.014118822085146476,4.0,107.57894737,6.675885770077539,,6.675885770077539,-0.0706849995392918,0.0,ARX_one_step_residual_lagged_information,,,,-0.2849249323065002,EIA_STEO_July_2026_ex_post_2022plus,86.569145
ITA,Italy,2021,2021-12,2021-12-31,1.7269033333333337,EUR/litre,European Commission Weekly Oil Bulletin,observed_retail_gasoline,observed_retail,True,"Observed Euro-super 95 retail price for Italy, monthly average of official weekly data.",,,0.0,,CHN=regulated domestic product-price mechanism/proxy scenario; controls=observed retail-price pass-through.,-0.012050916015436841,65.63319969594447,-0.0787048349571835,4.2,105.89473684,4.888957270025873,,4.888957270025873,-0.6113686709374714,0.0,ARX_one_step_residual_lagged_information,,,,-0.8254577822011292,EIA_STEO_July_2026_ex_post_2022plus,105.34542
ITA,Italy,2022,2022-01,2022-01-31,1.757226,EUR/litre,European Commission Weekly Oil Bulletin,observed_retail_gasoline,observed_retail,True,"Observed Euro-super 95 retail price for Italy, monthly average of official weekly data.",,,0.0,,CHN=regulated domestic product-price mechanism/proxy scenario; controls=observed retail-price pass-through.,0.017406605429100108,76.4436317859141,0.15247196897890536,5.0,100.84210526,-2.57613422025349,,-2.57613422025349,1.5810680213281163,0.0,ARX_one_step_residual_lagged_information,,,,1.416968417780749,EIA_STEO_July_2026_ex_post_2022plus,138.67499
ITA,Italy,2022,2022-02,2022-02-28,1.843345,EUR/litre,European Commission Weekly Oil Bulletin,observed_retail_gasoline,observed_retail,True,"Observed Euro-super 95 retail price for Italy, monthly average of official weekly data.",,,0.0,,CHN=regulated domestic product-price mechanism/proxy scenario; controls=observed retail-price pass-through.,0.04784542668321723,85.5882376507387,0.11299423325068148,6.2,106.526315789474,3.417417981259341,,3.417417981259341,1.0703315474347286,0.0,ARX_one_step_residual_lagged_information,,,,1.065599386143739,EIA_STEO_July_2026_ex_post_2022plus,216.15901
ITA,Italy,2022,2022-03,2022-03-31,2.0363375,EUR/litre,European Commission Weekly Oil Bulletin,observed_retail_gasoline,observed_retail,True,"Observed Euro-super 95 retail price for Italy, monthly average of official weekly data.",,,0.0,,CHN=regulated domestic product-price mechanism/proxy scenario; controls=observed retail-price pass-through.,0.09957099519879908,106.41239381648685,0.21777419027777611,6.9,106.84210526,3.305258311732384,,3.305258311732384,1.922395201592899,0.0,ARX_one_step_residual_lagged_information,-1.0065993210972508,0.0181492869995741,1.5770688740536394,1.7349150673297866,EIA_STEO_July_2026_ex_post_2022plus,318.95493
ITA,Italy,2022,2022-04,2022-04-30,1.7747866666666667,EUR/litre,European Commission Weekly Oil Bulletin,observed_retail_gasoline,observed_retail,True,"Observed Euro-super 95 retail price for Italy, monthly average of official weekly data.",,,0.0,,CHN=regulated domestic product-price mechanism/proxy scenario; controls=observed retail-price pass-through.,-0.1374726232480078,96.81878536452216,-0.09448101422386568,6.4,108.947368421053,3.740593574766482,,3.740593574766482,-0.6789392095214486,0.0,ARX_one_step_residual_lagged_information,-0.1461343783478032,-1.6477127361273944,-2.144783681849617,-1.0627055388305418,EIA_STEO_July_2026_ex_post_2022plus,191.1431
ITA,Italy,2022,2022-05,2022-05-31,1.833652,EUR/litre,European Commission Weekly Oil Bulletin,observed_retail_gasoline,observed_retail,True,"Observed Euro-super 95 retail price for Italy, monthly average of official weekly data.",,,0.0,,CHN=regulated domestic product-price mechanism/proxy scenario; controls=observed retail-price pass-through.,0.03262937873668359,107.2643820808815,0.10245560833625245,7.3,106.73684211,3.20668758664997,,3.20668758664997,1.1039174182479583,0.0,ARX_one_step_residual_lagged_information,0.2782729613369721,0.1705525783912704,0.9676004022294366,0.7385727675198195,EIA_STEO_July_2026_ex_post_2022plus,142.25848
ITA,Italy,2022,2022-06,2022-06-30,2.023065,EUR/litre,European Commission Weekly Oil Bulletin,observed_retail_gasoline,observed_retail,True,"Observed Euro-super 95 retail price for Italy, monthly average of official weekly data.",,,0.0,,CHN=regulated domestic product-price mechanism/proxy scenario; controls=observed retail-price pass-through.,0.09830408152118952,116.13631734896336,0.07946800324468128,8.5,104.21052632,-0.9049835509544302,,-0.9049835509544302,1.4204844064848343,0.0,ARX_one_step_residual_lagged_information,-0.8531357311139594,1.7693744958686008,1.301702671732937,0.7292934422446856,EIA_STEO_July_2026_ex_post_2022plus,130.70732
ITA,Italy,2022,2022-07,2022-07-31,2.0049200000000003,EUR/litre,European Commission Weekly Oil Bulletin,observed_retail_gasoline,observed_retail,True,"Observed Euro-super 95 retail price for Italy, monthly average of official weekly data.",,,0.0,,CHN=regulated domestic product-price mechanism/proxy scenario; controls=observed retail-price pass-through.,-0.009009528455573457,110.08091948603908,-0.05354892367931274,8.4,104.94736842,-1.097267869934715,,-1.097267869934715,-0.4806703313575357,0.0,ARX_one_step_residual_lagged_information,-1.1071407029483085,-0.3915175098824278,-1.1564901391733493,-0.8559327971030861,EIA_STEO_July_2026_ex_post_2022plus,117.176765
ITA,Italy,2022,2022-08,2022-08-31,1.7977519999999998,EUR/litre,European Commission Weekly Oil Bulletin,observed_retail_gasoline,observed_retail,True,"Observed Euro-super 95 retail price for Italy, monthly average of official weekly data.",,,0.0,,CHN=regulated domestic product-price mechanism/proxy scenario; controls=observed retail-price pass-through.,-0.10906716421153428,99.18328840960662,-0.10424619055290929,9.1,107.78947368,2.772454800591273,,2.772454800591273,-0.326717240364054,0.0,ARX_one_step_residual_lagged_information,-0.292921464944351,-0.8158523115998736,-1.077247986154523,-1.0058533166977166,EIA_STEO_July_2026_ex_post_2022plus,132.86322
ITA,Italy,2022,2022-09,2022-09-30,1.7041025,EUR/litre,European Commission Weekly Oil Bulletin,observed_retail_gasoline,observed_retail,True,"Observed Euro-super 95 retail price for Italy, monthly average of official weekly data.",,,0.0,,CHN=regulated domestic product-price mechanism/proxy scenario; controls=observed retail-price pass-through.,-0.05349841632139607,90.70144185261816,-0.08939628254990062,9.5,104.94736842,-0.6000018025082099,,-0.6000018025082099,-0.9341469186120064,0.0,ARX_one_step_residual_lagged_information,0.0002699968113363,0.2110253233709895,-1.4383260217963714,-1.0448689963496265,EIA_STEO_July_2026_ex_post_2022plus,131.98587
ITA,Italy,2022,2022-10,2022-10-31,1.6718319999999998,EUR/litre,European Commission Weekly Oil Bulletin,observed_retail_gasoline,observed_retail,True,"Observed Euro-super 95 retail price for Italy, monthly average of official weekly data.",,,0.0,,CHN=regulated domestic product-price mechanism/proxy scenario; controls=observed retail-price pass-through.,-0.01911854803487889,94.73294957174477,0.04348862208337945,12.6,103.68421053,-1.7111640432198705,,-1.7111640432198705,0.9824903126999572,0.0,ARX_one_step_residual_lagged_information,0.1220815835578238,-2.349045123913712,0.5797360556193126,0.3549288380414978,EIA_STEO_July_2026_ex_post_2022plus,143.16241
ITA,Italy,2022,2022-11,2022-11-30,1.6886425,EUR/litre,European Commission Weekly Oil Bulletin,observed_retail_gasoline,observed_retail,True,"Observed Euro-super 95 retail price for Italy, monthly average of official weekly data.",,,0.0,,CHN=regulated domestic product-price mechanism/proxy scenario; controls=observed retail-price pass-through.,0.0100049205700935,89.73186010345955,-0.054235984918542535,12.5,103.57894736842098,-3.789087372607458,,-3.789087372607458,0.2475833527162003,0.0,ARX_one_step_residual_lagged_information,-0.1065800475073294,0.1156073078361167,-0.0009838159336983,-0.197192597872037,EIA_STEO_July_2026_ex_post_2022plus,116.716286
ITA,Italy,2022,2022-12,2022-12-31,1.6698025,EUR/litre,European Commission Weekly Oil Bulletin,observed_retail_gasoline,observed_retail,True,"Observed Euro-super 95 retail price for Italy, monthly average of official weekly data.",,,0.0,,CHN=regulated domestic product-price mechanism/proxy scenario; controls=observed retail-price pass-through.,-0.011219595753470202,76.41324244818966,-0.16066987947516864,12.2,104.84210526,-0.9990093085326279,,-0.9990093085326279,-1.3933163065402654,0.0,ARX_one_step_residual_lagged_information,0.6273075468526614,1.3108545958145574,-1.9081433053142292,-1.1324502352122976,EIA_STEO_July_2026_ex_post_2022plus,111.19594
ITA,Italy,2023,2023-01,2023-01-31,1.830692,EUR/litre,European Commission Weekly Oil Bulletin,observed_retail_gasoline,observed_retail,True,"Observed Euro-super 95 retail price for Italy, monthly average of official weekly data.",,,0.0,,CHN=regulated domestic product-price mechanism/proxy scenario; controls=observed retail-price pass-through.,0.0919886814902019,76.5618457334449,0.0019428435540103095,10.7,103.68421053,2.7793863268076535,,2.7793863268076535,-0.1362017123909658,0.0,ARX_one_step_residual_lagged_information,0.1257062260210339,-2.376852943604539,0.3712807158762576,0.1731194061007357,EIA_STEO_July_2026_ex_post_2022plus,104.267044
ITA,Italy,2023,2023-02,2023-02-28,1.8621425,EUR/litre,European Commission Weekly Oil Bulletin,observed_retail_gasoline,observed_retail,True,"Observed Euro-super 95 retail price for Italy, monthly average of official weekly data.",,,0.0,,CHN=regulated domestic product-price mechanism/proxy scenario; controls=observed retail-price pass-through.,0.01703366908666648,77.17240887576307,0.007943139986326564,9.8,104.736842105263,-1.6941112688822813,,-1.6941112688822813,-0.2064568592249621,0.0,ARX_one_step_residual_lagged_information,-0.3410759897279797,1.261675081781293,0.7094859485014099,0.0039916586781382,EIA_STEO_July_2026_ex_post_2022plus,120.99438
ITA,Italy,2023,2023-03,2023-03-31,1.8547425,EUR/litre,European Commission Weekly Oil Bulletin,observed_retail_gasoline,observed_retail,True,"Observed Euro-super 95 retail price for Italy, monthly average of official weekly data.",,,0.0,,CHN=regulated domestic product-price mechanism/proxy scenario; controls=observed retail-price pass-through.,-0.003981834131133732,73.23313951047788,-0.05239395109555822,8.0,104.0,-2.6961193698463504,,-2.6961193698463504,-0.2346375777480235,0.0,ARX_one_step_residual_lagged_information,-0.5978459691440822,0.866013951758538,-0.0251238238492574,-0.4821307967247998,EIA_STEO_July_2026_ex_post_2022plus,105.379974
ITA,Italy,2023,2023-04,2023-04-30,1.8742675,EUR/litre,European Commission Weekly Oil Bulletin,observed_retail_gasoline,observed_retail,True,"Observed Euro-super 95 retail price for Italy, monthly average of official weekly data.",,,0.0,,CHN=regulated domestic product-price mechanism/proxy scenario; controls=observed retail-price pass-through.,0.010472044017936222,77.21266367927558,0.052915436803451676,8.6,101.789473684211,-6.795821024617421,,-6.795821024617421,0.9255214358403244,0.0,ARX_one_step_residual_lagged_information,0.73745645972952,-0.5069858441380255,0.9591043655415706,0.6984580366746174,EIA_STEO_July_2026_ex_post_2022plus,106.809654
ITA,Italy,2023,2023-05,2023-05-31,1.825982,EUR/litre,European Commission Weekly Oil Bulletin,observed_retail_gasoline,observed_retail,True,"Observed Euro-super 95 retail price for Italy, monthly average of official weekly data.",,,0.0,,CHN=regulated domestic product-price mechanism/proxy scenario; controls=observed retail-price pass-through.,-0.026099991913681952,69.45245242212528,-0.10592110024386425,8.0,103.36842105,-3.20668758664997,,-3.20668758664997,-1.147490113914091,0.0,ARX_one_step_residual_lagged_information,-0.3295831531959921,0.2245607169064824,-1.3532619292581174,-1.0658903841627825,EIA_STEO_July_2026_ex_post_2022plus,108.46768
ITA,Italy,2023,2023-06,2023-06-30,1.8367675,EUR/litre,European Commission Weekly Oil Bulletin,observed_retail_gasoline,observed_retail,True,"Observed Euro-super 95 retail price for Italy, monthly average of official weekly data.",,,0.0,,CHN=regulated domestic product-price mechanism/proxy scenario; controls=observed retail-price pass-through.,0.005889308659318915,69.0428982361901,-0.0059143556491187965,6.8,103.47368421,-0.7095823026959103,,-0.7095823026959103,0.0600737387890764,0.0,ARX_one_step_residual_lagged_information,-0.1612810686029946,2.025246693694372,0.3859428456194001,-0.0824950425078528,EIA_STEO_July_2026_ex_post_2022plus,110.528946
ITA,Italy,2023,2023-07,2023-07-31,1.862582,EUR/litre,European Commission Weekly Oil Bulletin,observed_retail_gasoline,observed_retail,True,"Observed Euro-super 95 retail price for Italy, monthly average of official weekly data.",,,0.0,,CHN=regulated domestic product-price mechanism/proxy scenario; controls=observed retail-price pass-through.,0.013956463976820155,72.39283410020285,0.04737929299521948,6.3,102.63157895,-2.2313298928319902,,-2.2313298928319902,0.6620500987538598,0.0,ARX_one_step_residual_lagged_information,0.2407922554032768,-0.2884870142408646,0.9265930743431204,0.6236721502550346,EIA_STEO_July_2026_ex_post_2022plus,107.448784
ITA,Italy,2023,2023-08,2023-08-31,1.940545,EUR/litre,European Commission Weekly Oil Bulletin,observed_retail_gasoline,observed_retail,True,"Observed Euro-super 95 retail price for Italy, monthly average of official weekly data.",,,0.0,,CHN=regulated domestic product-price mechanism/proxy scenario; controls=observed retail-price pass-through.,0.04100516430939083,78.96505759601008,0.08689812773168004,5.6,103.36842105,-4.18804972313831,,-4.18804972313831,0.5974681965228895,0.0,ARX_one_step_residual_lagged_information,-0.1253284831553398,-0.5749444993505445,1.3085877528860088,0.6666653733488299,EIA_STEO_July_2026_ex_post_2022plus,101.14118
ITA,Italy,2023,2023-09,2023-09-30,1.98081,EUR/litre,European Commission Weekly Oil Bulletin,observed_retail_gasoline,observed_retail,True,"Observed Euro-super 95 retail price for Italy, monthly average of official weekly data.",,,0.0,,CHN=regulated domestic product-price mechanism/proxy scenario; controls=observed retail-price pass-through.,0.02053699050321023,87.82655047177246,0.10635840639275163,5.6,102.94736842,-1.92410999272159,,-1.92410999272159,1.1863314246320713,0.0,ARX_one_step_residual_lagged_information,-0.9313361053345596,-0.3883915338688654,1.7988485894835846,0.7737924217185663,EIA_STEO_July_2026_ex_post_2022plus,98.63481
ITA,Italy,2023,2023-10,2023-10-31,1.928256,EUR/litre,European Commission Weekly Oil Bulletin,observed_retail_gasoline,observed_retail,True,"Observed Euro-super 95 retail price for Italy, monthly average of official weekly data.",,,0.0,,CHN=regulated domestic product-price mechanism/proxy scenario; controls=observed retail-price pass-through.,-0.026889884503816575,85.75617871833008,-0.02385571362660066,1.8,102.94736842,-0.7131971183029329,,-0.7131971183029329,0.0954693816472539,0.0,ARX_one_step_residual_lagged_information,-0.5450745786020462,-0.9512388700907632,-0.2268851255126473,-0.3190547350622526,EIA_STEO_July_2026_ex_post_2022plus,197.88701
ITA,Italy,2023,2023-11,2023-11-30,1.827545,EUR/litre,European Commission Weekly Oil Bulletin,observed_retail_gasoline,observed_retail,True,"Observed Euro-super 95 retail price for Italy, monthly average of official weekly data.",,,0.0,,CHN=regulated domestic product-price mechanism/proxy scenario; controls=observed retail-price pass-through.,-0.0536424313152013,76.66971822467737,-0.11200131608092345,0.6,100.947368421053,-2.573482216881118,,-2.573482216881118,-0.4738513627810214,0.0,ARX_one_step_residual_lagged_information,-0.0010804313463027,0.7161848335558986,-0.8649564873363561,-0.8216812308212115,EIA_STEO_July_2026_ex_post_2022plus,156.69614
ITA,Italy,2023,2023-12,2023-12-31,1.77724,EUR/litre,European Commission Weekly Oil Bulletin,observed_retail_gasoline,observed_retail,True,"Observed Euro-super 95 retail price for Italy, monthly average of official weekly data.",,,0.0,,CHN=regulated domestic product-price mechanism/proxy scenario; controls=observed retail-price pass-through.,-0.02791193700043737,71.16785351043693,-0.07446560157039084,0.6,103.26315789,-1.5174798034986559,,-1.5174798034986559,-0.8493628951263789,0.0,ARX_one_step_residual_lagged_information,0.2473668489230205,0.5002792624080379,-0.7547883177021754,-0.6169674999765228,EIA_STEO_July_2026_ex_post_2022plus,142.27946
ITA,Italy,2024,2024-01,2024-01-31,1.7808619999999995,EUR/litre,European Commission Weekly Oil Bulletin,observed_retail_gasoline,observed_retail,True,"Observed Euro-super 95 retail price for Italy, monthly average of official weekly data.",,,0.0,,CHN=regulated domestic product-price mechanism/proxy scenario; controls=observed retail-price pass-through.,0.002035917604996551,73.51730023948647,0.03247953510670065,0.9,100.105263157895,-3.5127578662228487,,-3.5127578662228487,0.1289068697168128,0.0,ARX_one_step_residual_lagged_information,1.6419523155192652,-1.676517032990502,-0.2153688039706747,0.2868767271983697,EIA_STEO_July_2026_ex_post_2022plus,160.37366
ITA,Italy,2024,2024-02,2024-02-29,1.847395,EUR/litre,European Commission Weekly Oil Bulletin,observed_retail_gasoline,observed_retail,True,"Observed Euro-super 95 retail price for Italy, monthly average of official weekly data.",,,0.0,,CHN=regulated domestic product-price mechanism/proxy scenario; controls=observed retail-price pass-through.,0.036679021920064114,77.34583672807462,0.05076599582779906,0.8,101.15789474,-3.476832815708164,,-3.476832815708164,0.4772604335319077,0.0,ARX_one_step_residual_lagged_information,-0.3506955281109208,0.8216269591485711,0.8415975139787104,0.3737731033970987,EIA_STEO_July_2026_ex_post_2022plus,146.59818
ITA,Italy,2024,2024-03,2024-03-31,1.8583175,EUR/litre,European Commission Weekly Oil Bulletin,observed_retail_gasoline,observed_retail,True,"Observed Euro-super 95 retail price for Italy, monthly average of official weekly data.",,,0.0,,CHN=regulated domestic product-price mechanism/proxy scenario; controls=observed retail-price pass-through.,0.005894969796135241,78.57272284628296,0.01573784986693383,1.2,100.21052632,-3.711766291448537,,-3.711766291448537,0.4585742395844509,0.0,ARX_one_step_residual_lagged_information,-0.9394214653003268,-0.218782261100837,0.7415869791796121,0.2059987010644816,EIA_STEO_July_2026_ex_post_2022plus,133.21317
ITA,Italy,2024,2024-04,2024-04-30,1.907362,EUR/litre,European Commission Weekly Oil Bulletin,observed_retail_gasoline,observed_retail,True,"Observed Euro-super 95 retail price for Italy, monthly average of official weekly data.",,,0.0,,CHN=regulated domestic product-price mechanism/proxy scenario; controls=observed retail-price pass-through.,0.026049627094351768,83.8710975877504,0.0652564660602808,0.9,99.1578947368421,-2.619322087693554,,-2.619322087693554,0.5833845726716669,0.0,ARX_one_step_residual_lagged_information,0.0524693730823447,0.4241423653216205,0.1921506745659527,0.4724081417646454,EIA_STEO_July_2026_ex_post_2022plus,163.94734
ITA,Italy,2024,2024-05,2024-05-31,1.891925,EUR/litre,European Commission Weekly Oil Bulletin,observed_retail_gasoline,observed_retail,True,"Observed Euro-super 95 retail price for Italy, monthly average of official weekly data.",,,0.0,,CHN=regulated domestic product-price mechanism/proxy scenario; controls=observed retail-price pass-through.,-0.008126306304744091,75.62179345029281,-0.10353655289008046,0.7,99.26315789,-4.052502574326944,,-4.052502574326944,-0.5039500293191513,0.0,ARX_one_step_residual_lagged_information,-0.5104034817820186,0.5114751952490312,-1.5662552012988609,-0.8883495772932078,EIA_STEO_July_2026_ex_post_2022plus,130.52187
ITA,Italy,2024,2024-06,2024-06-30,1.851455,EUR/litre,European Commission Weekly Oil Bulletin,observed_retail_gasoline,observed_retail,True,"Observed Euro-super 95 retail price for Italy, monthly average of official weekly data.",,,0.0,,CHN=regulated domestic product-price mechanism/proxy scenario; controls=observed retail-price pass-through.,-0.021623012793720475,76.41689746659422,0.010459327951701347,0.9,99.47368421,-3.942419265362851,,-3.942419265362851,0.142921377583839,0.0,ARX_one_step_residual_lagged_information,0.135415096587442,0.8578224166918471,0.2823280479124487,0.0509880659209963,EIA_STEO_July_2026_ex_post_2022plus,113.0928
ITA,Italy,2024,2024-07,2024-07-31,1.86294,EUR/litre,European Commission Weekly Oil Bulletin,observed_retail_gasoline,observed_retail,True,"Observed Euro-super 95 retail price for Italy, monthly average of official weekly data.",,,0.0,,CHN=regulated domestic product-price mechanism/proxy scenario; controls=observed retail-price pass-through.,0.0061840685233697235,78.50849226080761,0.027002957856998577,1.6,98.21052632,-4.403227013327182,,-4.403227013327182,0.7229795488506434,0.0,ARX_one_step_residual_lagged_information,-0.0842321717449407,0.4767769704758104,0.9668853973155548,0.3157816699956526,EIA_STEO_July_2026_ex_post_2022plus,92.394875
ITA,Italy,2024,2024-08,2024-08-31,1.824915,EUR/litre,European Commission Weekly Oil Bulletin,observed_retail_gasoline,observed_retail,True,"Observed Euro-super 95 retail price for Italy, monthly average of official weekly data.",,,0.0,,CHN=regulated domestic product-price mechanism/proxy scenario; controls=observed retail-price pass-through.,-0.020622474374336508,72.92292082191923,-0.07380379643998314,1.3,98.94736842,-4.3711433075595885,,-4.3711433075595885,-0.4732701054299444,0.0,ARX_one_step_residual_lagged_information,-0.3119411058043767,-0.476089089860104,-0.6199701551552624,-0.5415501311640435,EIA_STEO_July_2026_ex_post_2022plus,140.97507
ITA,Italy,2024,2024-09,2024-09-30,1.763072,EUR/litre,European Commission Weekly Oil Bulletin,observed_retail_gasoline,observed_retail,True,"Observed Euro-super 95 retail price for Italy, monthly average of official weekly data.",,,0.0,,CHN=regulated domestic product-price mechanism/proxy scenario; controls=observed retail-price pass-through.,-0.034475668547337524,66.65747352288446,-0.08983583294899766,0.7,98.0,-4.925039274752496,,-4.925039274752496,-0.8658379762314432,0.0,ARX_one_step_residual_lagged_information,0.839714512263326,-0.1256878161011288,-0.9188666107554706,-0.7650552595784654,EIA_STEO_July_2026_ex_post_2022plus,130.35878
ITA,Italy,2024,2024-10,2024-10-31,1.75408,EUR/litre,European Commission Weekly Oil Bulletin,observed_retail_gasoline,observed_retail,True,"Observed Euro-super 95 retail price for Italy, monthly average of official weekly data.",,,0.0,,CHN=regulated domestic product-price mechanism/proxy scenario; controls=observed retail-price pass-through.,-0.005113239115893675,69.42687361590521,0.04070684923976753,1.0,98.52631579,-4.389419354165813,,-4.389419354165813,0.0709716755550606,0.0,ARX_one_step_residual_lagged_information,-0.1270129992521205,0.4412581297750677,1.037811954634858,0.194310982834898,EIA_STEO_July_2026_ex_post_2022plus,130.68921
ITA,Italy,2024,2024-11,2024-11-30,1.7562225,EUR/litre,European Commission Weekly Oil Bulletin,observed_retail_gasoline,observed_retail,True,"Observed Euro-super 95 retail price for Italy, monthly average of official weekly data.",,,0.0,,CHN=regulated domestic product-price mechanism/proxy scenario; controls=observed retail-price pass-through.,0.001220692670243162,70.00928563923075,0.008353864786598386,1.4,98.73684211,-2.2141125829242547,,-2.2141125829242547,0.0873022292495407,0.0,ARX_one_step_residual_lagged_information,0.0201306690610133,-0.0969751819774855,0.2436188663879124,-0.1640972985961657,EIA_STEO_July_2026_ex_post_2022plus,128.90164
ITA,Italy,2024,2024-12,2024-12-31,1.756494,EUR/litre,European Commission Weekly Oil Bulletin,observed_retail_gasoline,observed_retail,True,"Observed Euro-super 95 retail price for Italy, monthly average of official weekly data.",,,0.0,,CHN=regulated domestic product-price mechanism/proxy scenario; controls=observed retail-price pass-through.,0.00015458121971445582,70.53109935567609,0.0074258529224779934,1.3,96.42105263,-6.8556094861736305,,-6.8556094861736305,0.3102076146861468,0.0,ARX_one_step_residual_lagged_information,0.2173397150450451,0.1222955247845891,0.0733883465028701,-0.0659741474766801,EIA_STEO_July_2026_ex_post_2022plus,142.36644
ITA,Italy,2025,2025-01,2025-01-31,1.805,EUR/litre,European Commission Weekly Oil Bulletin,observed_retail_gasoline,observed_retail,True,"Observed Euro-super 95 retail price for Italy, monthly average of official weekly data.",,,0.0,,CHN=regulated domestic product-price mechanism/proxy scenario; controls=observed retail-price pass-through.,0.027240814950793668,76.55103210881236,0.08190386665562066,1.7,99.0526315789474,-1.0570922960013718,,-1.0570922960013718,0.8123927123383431,0.0,ARX_one_step_residual_lagged_information,0.6359025273679658,-1.2138340022718264,1.02521220416324,0.6483051355409588,EIA_STEO_July_2026_ex_post_2022plus,113.233154
ITA,Italy,2025,2025-02,2025-02-28,1.8238125,EUR/litre,European Commission Weekly Oil Bulletin,observed_retail_gasoline,observed_retail,True,"Observed Euro-super 95 retail price for Italy, monthly average of official weekly data.",,,0.0,,CHN=regulated domestic product-price mechanism/proxy scenario; controls=observed retail-price pass-through.,0.010368498530787584,72.44882516283957,-0.055077152017580566,1.7,98.10526316,-3.064159429445912,,-3.064159429445912,-0.2548971192910224,0.0,ARX_one_step_residual_lagged_information,-0.2901040673386556,0.5347725017250081,-0.2545656191816152,-0.4635306987244063,EIA_STEO_July_2026_ex_post_2022plus,136.98059
ITA,Italy,2025,2025-03,2025-03-31,1.785842,EUR/litre,European Commission Weekly Oil Bulletin,observed_retail_gasoline,observed_retail,True,"Observed Euro-super 95 retail price for Italy, monthly average of official weekly data.",,,0.0,,CHN=regulated domestic product-price mechanism/proxy scenario; controls=observed retail-price pass-through.,-0.021039077620122915,67.27026136317915,-0.07416219548557379,2.1,98.1052631578948,-2.1232220147790137,,-2.1232220147790137,-0.4645996596224648,0.0,ARX_one_step_residual_lagged_information,-0.688335679359836,-0.5714922332317939,-0.3546901280457707,-0.3430002814620633,EIA_STEO_July_2026_ex_post_2022plus,175.90112
ITA,Italy,2025,2025-04,2025-04-30,1.730315,EUR/litre,European Commission Weekly Oil Bulletin,observed_retail_gasoline,observed_retail,True,"Observed Euro-super 95 retail price for Italy, monthly average of official weekly data.",,,0.0,,CHN=regulated domestic product-price mechanism/proxy scenario; controls=observed retail-price pass-through.,-0.03158653983568549,60.68410615594361,-0.10303643610806112,2.0,98.84210526315788,-0.3189795368101045,,-0.3189795368101045,-0.868086239735507,0.0,ARX_one_step_residual_lagged_information,0.2930636685415768,0.2279119741214474,-0.7469248503973182,-0.6091974664146321,EIA_STEO_July_2026_ex_post_2022plus,140.9737
ITA,Italy,2025,2025-05,2025-05-31,1.695745,EUR/litre,European Commission Weekly Oil Bulletin,observed_retail_gasoline,observed_retail,True,"Observed Euro-super 95 retail price for Italy, monthly average of official weekly data.",,,0.0,,CHN=regulated domestic product-price mechanism/proxy scenario; controls=observed retail-price pass-through.,-0.020181300567958638,57.17371978070036,-0.05958747279226806,1.7,98.421052631579,-0.8519753297050237,,-0.8519753297050237,-0.8767581134650966,0.0,ARX_one_step_residual_lagged_information,-0.1849471396246474,0.1319099499355387,-1.2315381828967435,-0.518940378114846,EIA_STEO_July_2026_ex_post_2022plus,166.82773
ITA,Italy,2025,2025-06,2025-06-30,1.7121400000000002,EUR/litre,European Commission Weekly Oil Bulletin,observed_retail_gasoline,observed_retail,True,"Observed Euro-super 95 retail price for Italy, monthly average of official weekly data.",,,0.0,,CHN=regulated domestic product-price mechanism/proxy scenario; controls=observed retail-price pass-through.,0.009621877785169985,61.95030888311374,0.08023824565391191,1.7,98.73684211,-0.743497843425267,,-0.743497843425267,0.6150872283378265,0.0,ARX_one_step_residual_lagged_information,-0.7736226140427449,0.9412264670701896,1.2678312670009986,0.9468233793284432,EIA_STEO_July_2026_ex_post_2022plus,221.1349
ITA,Italy,2025,2025-07,2025-07-31,1.727535,EUR/litre,European Commission Weekly Oil Bulletin,observed_retail_gasoline,observed_retail,True,"Observed Euro-super 95 retail price for Italy, monthly average of official weekly data.",,,0.0,,CHN=regulated domestic product-price mechanism/proxy scenario; controls=observed retail-price pass-through.,0.008951486869452685,60.87491894555394,-0.017511344157405517,1.7,99.36842105,1.1720965228801283,,1.1720965228801283,-0.4033550140188083,0.0,ARX_one_step_residual_lagged_information,-1.1682450105547364,0.1260315286359498,0.0950790900832642,-0.0577284006113777,EIA_STEO_July_2026_ex_post_2022plus,134.222
ITA,Italy,2025,2025-08,2025-08-31,1.7046825,EUR/litre,European Commission Weekly Oil Bulletin,observed_retail_gasoline,observed_retail,True,"Observed Euro-super 95 retail price for Italy, monthly average of official weekly data.",,,0.0,,CHN=regulated domestic product-price mechanism/proxy scenario; controls=observed retail-price pass-through.,-0.013316660560344862,58.270985875177296,-0.04371694981351837,1.6,97.15789474,-1.8250640718056488,,-1.8250640718056488,-0.5493786877288871,0.0,ARX_one_step_residual_lagged_information,-0.4770822703581621,-1.6779376481662809,-0.5524761817389533,-0.4275928576484169,EIA_STEO_July_2026_ex_post_2022plus,138.98846
ITA,Italy,2025,2025-09,2025-09-30,1.707628,EUR/litre,European Commission Weekly Oil Bulletin,observed_retail_gasoline,observed_retail,True,"Observed Euro-super 95 retail price for Italy, monthly average of official weekly data.",,,0.0,,CHN=regulated domestic product-price mechanism/proxy scenario; controls=observed retail-price pass-through.,0.0017263966638293438,57.91677537697368,-0.006097227310950082,1.7,99.36842105,1.386688884195042,,1.386688884195042,-0.0071099994993592,0.0,ARX_one_step_residual_lagged_information,-0.6061545647006145,-0.0823683340230494,0.532549747002025,0.0103453625092955,EIA_STEO_July_2026_ex_post_2022plus,126.740585
ITA,Italy,2025,2025-10,2025-10-31,1.69548,EUR/litre,European Commission Weekly Oil Bulletin,observed_retail_gasoline,observed_retail,True,"Observed Euro-super 95 retail price for Italy, monthly average of official weekly data.",,,0.0,,CHN=regulated domestic product-price mechanism/proxy scenario; controls=observed retail-price pass-through.,-0.007139386466392117,55.44732828429924,-0.04357354258118917,1.3,98.42105263,-0.10689472102898279,,-0.10689472102898279,-0.6707608532704867,0.0,ARX_one_step_residual_lagged_information,-0.0857012731495518,-0.9132498243817492,-0.3943717482544503,-0.4857234268549851,EIA_STEO_July_2026_ex_post_2022plus,154.51292
ITA,Italy,2025,2025-11,2025-11-30,1.71265,EUR/litre,European Commission Weekly Oil Bulletin,observed_retail_gasoline,observed_retail,True,"Observed Euro-super 95 retail price for Italy, monthly average of official weekly data.",,,0.0,,CHN=regulated domestic product-price mechanism/proxy scenario; controls=observed retail-price pass-through.,0.010075991975650678,55.19752723300388,-0.004515374430233088,1.1,99.68421053,0.9549144168838453,,0.9549144168838453,-0.139241854048661,0.0,ARX_one_step_residual_lagged_information,0.6110283706064591,-0.254592930047038,0.266788371093296,-0.1129228160497914,EIA_STEO_July_2026_ex_post_2022plus,104.35177
ITA,Italy,2025,2025-12,2025-12-31,1.7044640000000002,EUR/litre,European Commission Weekly Oil Bulletin,observed_retail_gasoline,observed_retail,True,"Observed Euro-super 95 retail price for Italy, monthly average of official weekly data.",,,0.0,,CHN=regulated domestic product-price mechanism/proxy scenario; controls=observed retail-price pass-through.,-0.0047911867496668314,53.4107122513483,-0.032906825970404174,1.2,99.1578947368421,2.7988909918608584,,2.7988909918608584,-0.2016610852774151,0.0,ARX_one_step_residual_lagged_information,0.3406487543149234,1.667144313649219,-0.38229167333291,-0.1887220496603941,EIA_STEO_July_2026_ex_post_2022plus,132.48622
ITA,Italy,2026,2026-01,2026-01-31,1.635775,EUR/litre,European Commission Weekly Oil Bulletin,observed_retail_gasoline,observed_retail,True,"Observed Euro-super 95 retail price for Italy, monthly average of official weekly data.",,,0.0,,CHN=regulated domestic product-price mechanism/proxy scenario; controls=observed retail-price pass-through.,-0.041133993649550504,56.71582298910502,0.06004190706017587,1.0,98.5263157894737,-0.532766310778765,,-0.532766310778765,0.2750306566574815,0.0,ARX_one_step_residual_lagged_information,0.8201735363129875,-1.85424702258574,0.3620355723545016,0.575861953635052,EIA_STEO_July_2026_ex_post_2022plus,168.62987
ITA,Italy,2026,2026-02,2026-02-28,1.64733,EUR/litre,European Commission Weekly Oil Bulletin,observed_retail_gasoline,observed_retail,True,"Observed Euro-super 95 retail price for Italy, monthly average of official weekly data.",,,0.0,,CHN=regulated domestic product-price mechanism/proxy scenario; controls=observed retail-price pass-through.,0.00703909726396984,59.95191584370087,0.055489601456502946,1.5,98.6315789473684,0.5350467531371805,,0.5350467531371805,0.3339229070810656,0.0,ARX_one_step_residual_lagged_information,-0.999286758896148,0.0622948976139721,1.7613789435485931,0.5710660870877855,EIA_STEO_July_2026_ex_post_2022plus,119.86541
ITA,Italy,2026,2026-03,2026-03-31,1.749368,EUR/litre,European Commission Weekly Oil Bulletin,observed_retail_gasoline,observed_retail,True,"Observed Euro-super 95 retail price for Italy, monthly average of official weekly data.",,,0.0,,CHN=regulated domestic product-price mechanism/proxy scenario; controls=observed retail-price pass-through.,0.060098784426510454,89.24472645813876,0.39783949328787926,1.6,99.36842105,1.2793351433425748,,1.2793351433425748,3.376405252856505,31.291581847716888,ARX_one_step_residual_lagged_information,5.484835246552658,1.2924681383110217,0.8443446038737501,3.4612577224309096,EIA_STEO_July_2026_ex_post_2022plus,330.94464
ITA,Italy,2026,2026-04,2026-04-30,1.7598725,EUR/litre,European Commission Weekly Oil Bulletin,observed_retail_gasoline,observed_retail,True,"Observed Euro-super 95 retail price for Italy, monthly average of official weekly data.",,,0.0,,CHN=regulated domestic product-price mechanism/proxy scenario; controls=observed retail-price pass-through.,0.005986783393614692,100.27378605881327,0.11652197385254226,2.8,99.78947368421048,0.9539023046759354,,0.9539023046759354,1.75018743288511,45.60342792918989,ARX_one_step_residual_lagged_information,0.8642912883082042,-0.3411547833117644,-0.086404468760625,1.1835622398878922,EIA_STEO_July_2026_ex_post_2022plus,254.4295
ITA,Italy,2026,2026-05,2026-05-31,1.905775,EUR/litre,European Commission Weekly Oil Bulletin,observed_retail_gasoline,observed_retail,True,"Observed Euro-super 95 retail price for Italy, monthly average of official weekly data.",,,0.0,,CHN=regulated domestic product-price mechanism/proxy scenario; controls=observed retail-price pass-through.,0.07964738675103156,91.7233114624072,-0.08912774408637514,3.2,99.4736842105263,1.0638398205054855,,1.0638398205054855,-0.6467643070698686,35.51076205304209,ARX_one_step_residual_lagged_information,1.2158643211114364,0.6212412530441142,-1.4246702499142585,-0.8420688201169135,EIA_STEO_July_2026_ex_post_2022plus,203.55667
ITA,Italy,2026,2026-06,2026-06-30,1.886016,EUR/litre,European Commission Weekly Oil Bulletin,observed_retail_gasoline,observed_retail,True,"Observed Euro-super 95 retail price for Italy, monthly average of official weekly data.",,,0.0,,CHN=regulated domestic product-price mechanism/proxy scenario; controls=observed retail-price pass-through.,-0.010422082256762666,74.15989930825798,-0.21255299788325832,3.0,,,,,-1.9544531673525685,13.419217686592136,ARX_one_step_residual_lagged_information,-1.4097797182221925,1.34403383292758,-1.7211543679010104,-2.1022427529981784,EIA_STEO_July_2026_ex_post_2022plus,173.63956
JPN,Japan,2010,2010-01,2010-01-31,126.85,JPY/litre,Japan METI weekly fuel survey monthly average,observed_retail_gasoline,observed_retail,True,"Observed regular gasoline retail price, monthly average of official weekly data.",,,0.0,,CHN=regulated domestic product-price mechanism/proxy scenario; controls=observed retail-price pass-through.,,6938.927439335182,,-1.3,101.13919089,,,,,0.0,ARX_one_step_residual_lagged_information,,,,,EIA_STEO_July_2026_ex_post_2022plus,91.581024
JPN,Japan,2010,2010-02,2010-02-28,128.875,JPY/litre,Japan METI weekly fuel survey monthly average,observed_retail_gasoline,observed_retail,True,"Observed regular gasoline retail price, monthly average of official weekly data.",,,0.0,,CHN=regulated domestic product-price mechanism/proxy scenario; controls=observed retail-price pass-through.,0.015837656291832758,6647.975951523544,-0.04283477478235298,-1.1,101.44722903,,,,,0.0,ARX_one_step_residual_lagged_information,,,,-0.3032967911263553,EIA_STEO_July_2026_ex_post_2022plus,80.72536
JPN,Japan,2010,2010-03,2010-03-31,130.1,JPY/litre,Japan METI weekly fuel survey monthly average,observed_retail_gasoline,observed_retail,True,"Observed regular gasoline retail price, monthly average of official weekly data.",,,0.0,,CHN=regulated domestic product-price mechanism/proxy scenario; controls=observed retail-price pass-through.,0.009460443181335876,7150.912484120983,0.07292752857352269,-1.1,101.75526718,,,,0.6649089715350993,0.0,ARX_one_step_residual_lagged_information,,,,0.6099372225739654,EIA_STEO_July_2026_ex_post_2022plus,74.11694
JPN,Japan,2010,2010-04,2010-04-30,134.45,JPY/litre,Japan METI weekly fuel survey monthly average,observed_retail_gasoline,observed_retail,True,"Observed regular gasoline retail price, monthly average of official weekly data.",,,0.0,,CHN=regulated domestic product-price mechanism/proxy scenario; controls=observed retail-price pass-through.,0.03288899719641414,7926.437820779221,0.10296376307674038,-1.2,102.98741976,,,,0.4028380359462471,0.0,ARX_one_step_residual_lagged_information,,,,0.6718067118329473,EIA_STEO_July_2026_ex_post_2022plus,88.76158
JPN,Japan,2010,2010-05,2010-05-31,139.22,JPY/litre,Japan METI weekly fuel survey monthly average,observed_retail_gasoline,observed_retail,True,"Observed regular gasoline retail price, monthly average of official weekly data.",,,0.0,,CHN=regulated domestic product-price mechanism/proxy scenario; controls=observed retail-price pass-through.,0.03486303302564675,6984.935471500001,-0.12644797728360935,-0.9,102.57670222,,,,-1.245326441316874,0.0,ARX_one_step_residual_lagged_information,,,,-1.0268947136592814,EIA_STEO_July_2026_ex_post_2022plus,88.95871
JPN,Japan,2010,2010-06,2010-06-30,137.3,JPY/litre,Japan METI weekly fuel survey monthly average,observed_retail_gasoline,observed_retail,True,"Observed regular gasoline retail price, monthly average of official weekly data.",,,0.0,,CHN=regulated domestic product-price mechanism/proxy scenario; controls=observed retail-price pass-through.,-0.013887102966595677,6788.732314462811,-0.02849152927378462,-0.7,101.96062594,,,,0.2255323976097343,0.0,ARX_one_step_residual_lagged_information,,,,-0.1507182773498169,EIA_STEO_July_2026_ex_post_2022plus,96.4537
JPN,Japan,2010,2010-07,2010-07-31,135.3,JPY/litre,Japan METI weekly fuel survey monthly average,observed_retail_gasoline,observed_retail,True,"Observed regular gasoline retail price, monthly average of official weekly data.",,,0.0,,CHN=regulated domestic product-price mechanism/proxy scenario; controls=observed retail-price pass-through.,-0.014673777597182358,6613.285990476191,-0.026183570774445997,-0.9,103.19277851,,,,0.0183785724735484,0.0,ARX_one_step_residual_lagged_information,,,,0.0953764416571573,EIA_STEO_July_2026_ex_post_2022plus,79.38138
JPN,Japan,2010,2010-08,2010-08-31,133.76,JPY/litre,Japan METI weekly fuel survey monthly average,observed_retail_gasoline,observed_retail,True,"Observed regular gasoline retail price, monthly average of official weekly data.",,,0.0,,CHN=regulated domestic product-price mechanism/proxy scenario; controls=observed retail-price pass-through.,-0.01144738584035121,6577.076103305784,-0.005490369085036306,-0.9,103.70617543,,,,-0.2971603211043686,0.0,ARX_one_step_residual_lagged_information,,,,0.1714737090029941,EIA_STEO_July_2026_ex_post_2022plus,80.993866
JPN,Japan,2010,2010-09,2010-09-30,132.775,JPY/litre,Japan METI weekly fuel survey monthly average,observed_retail_gasoline,observed_retail,True,"Observed regular gasoline retail price, monthly average of official weekly data.",,,0.0,,CHN=regulated domestic product-price mechanism/proxy scenario; controls=observed retail-price pass-through.,-0.00739118302792896,6566.400170068028,-0.001624522365862191,-0.6,105.04100739,,,,-0.2043699181250192,0.0,ARX_one_step_residual_lagged_information,,,,0.0902555866263886,EIA_STEO_July_2026_ex_post_2022plus,71.16855
JPN,Japan,2010,2010-10,2010-10-31,132.175,JPY/litre,Japan METI weekly fuel survey monthly average,observed_retail_gasoline,observed_retail,True,"Observed regular gasoline retail price, monthly average of official weekly data.",,,0.0,,CHN=regulated domestic product-price mechanism/proxy scenario; controls=observed retail-price pass-through.,-0.004529164186948265,6756.066993333333,0.028475152006389948,0.2,102.06330532,,,,0.2447619163905536,0.0,ARX_one_step_residual_lagged_information,,,,0.55058817992492,EIA_STEO_July_2026_ex_post_2022plus,65.991936
JPN,Japan,2010,2010-11,2010-11-30,132.34,JPY/litre,Japan METI weekly fuel survey monthly average,observed_retail_gasoline,observed_retail,True,"Observed regular gasoline retail price, monthly average of official weekly data.",,,0.0,,CHN=regulated domestic product-price mechanism/proxy scenario; controls=observed retail-price pass-through.,0.0012475664623989857,7036.702802857143,0.040698793571745995,0.1,103.8088548,,,,-0.2741777448992844,0.0,ARX_one_step_residual_lagged_information,,,,0.2820325786435058,EIA_STEO_July_2026_ex_post_2022plus,94.70517
JPN,Japan,2010,2010-12,2010-12-31,133.26666666666665,JPY/litre,Japan METI weekly fuel survey monthly average,observed_retail_gasoline,observed_retail,True,"Observed regular gasoline retail price, monthly average of official weekly data.",,,0.0,,CHN=regulated domestic product-price mechanism/proxy scenario; controls=observed retail-price pass-through.,0.00697776481427681,7620.960096753244,0.07976265011877537,0.0,104.11689294,,,,0.629397828165678,0.0,ARX_one_step_residual_lagged_information,,,,0.6407071074337796,EIA_STEO_July_2026_ex_post_2022plus,97.203896
JPN,Japan,2011,2011-01,2011-01-31,136.72,JPY/litre,Japan METI weekly fuel survey monthly average,observed_retail_gasoline,observed_retail,True,"Observed regular gasoline retail price, monthly average of official weekly data.",,,0.0,,CHN=regulated domestic product-price mechanism/proxy scenario; controls=observed retail-price pass-through.,0.025582905409144985,7975.2541875,0.04544116249287633,-0.6,104.83564861,3.589617681981494,,3.589617681981494,0.5376783805814174,0.0,ARX_one_step_residual_lagged_information,,,,0.4941626184144203,EIA_STEO_July_2026_ex_post_2022plus,79.421616
JPN,Japan,2011,2011-02,2011-02-28,138.3,JPY/litre,Japan METI weekly fuel survey monthly average,observed_retail_gasoline,observed_retail,True,"Observed regular gasoline retail price, monthly average of official weekly data.",,,0.0,,CHN=regulated domestic product-price mechanism/proxy scenario; controls=observed retail-price pass-through.,0.011490199863377626,8560.417180055401,0.07080540375014444,-0.5,105.24636615,3.6765193828967924,,3.6765193828967924,0.4383391612164326,0.0,ARX_one_step_residual_lagged_information,,,,0.6591419106383717,EIA_STEO_July_2026_ex_post_2022plus,90.01449
JPN,Japan,2011,2011-03,2011-03-31,149.225,JPY/litre,Japan METI weekly fuel survey monthly average,observed_retail_gasoline,observed_retail,True,"Observed regular gasoline retail price, monthly average of official weekly data.",,,0.0,,CHN=regulated domestic product-price mechanism/proxy scenario; controls=observed retail-price pass-through.,0.07602999538400113,9360.291085066163,0.08932746388392587,-0.5,88.61230633,-13.829984328425304,,-13.829984328425304,0.8357482659415222,0.0,ARX_one_step_residual_lagged_information,,,,0.9207448607187292,EIA_STEO_July_2026_ex_post_2022plus,136.8883
JPN,Japan,2011,2011-04,2011-04-30,152.125,JPY/litre,Japan METI weekly fuel survey monthly average,observed_retail_gasoline,observed_retail,True,"Observed regular gasoline retail price, monthly average of official weekly data.",,,0.0,,CHN=regulated domestic product-price mechanism/proxy scenario; controls=observed retail-price pass-through.,0.01924731725297768,10252.322209523809,0.09102784811316589,-0.4,90.25517643,-13.196589038446227,,-13.196589038446227,0.6102147501828945,0.0,ARX_one_step_residual_lagged_information,,,,0.664567897821464,EIA_STEO_July_2026_ex_post_2022plus,91.01777
JPN,Japan,2011,2011-05,2011-05-31,150.76,JPY/litre,Japan METI weekly fuel survey monthly average,observed_retail_gasoline,observed_retail,True,"Observed regular gasoline retail price, monthly average of official weekly data.",,,0.0,,CHN=regulated domestic product-price mechanism/proxy scenario; controls=observed retail-price pass-through.,-0.00901338290875664,9328.568623129253,-0.09442265046046394,-0.4,96.21058057,-6.407149631347497,,-6.407149631347497,-0.777639715251193,0.0,ARX_one_step_residual_lagged_information,,,,-0.6474790299039047,EIA_STEO_July_2026_ex_post_2022plus,105.34492
JPN,Japan,2011,2011-06,2011-06-30,147.875,JPY/litre,Japan METI weekly fuel survey monthly average,observed_retail_gasoline,observed_retail,True,"Observed regular gasoline retail price, monthly average of official weekly data.",,,0.0,,CHN=regulated domestic product-price mechanism/proxy scenario; controls=observed retail-price pass-through.,-0.01932184610038412,9155.137132438014,-0.018766429509740945,-0.4,100.11239707,-1.8293193057284718,,-1.8293193057284718,0.0702234067904248,0.0,ARX_one_step_residual_lagged_information,,,,-0.0987762102829687,EIA_STEO_July_2026_ex_post_2022plus,84.391846
JPN,Japan,2011,2011-07,2011-07-31,149.29999999999998,JPY/litre,Japan METI weekly fuel survey monthly average,observed_retail_gasoline,observed_retail,True,"Observed regular gasoline retail price, monthly average of official weekly data.",,,0.0,,CHN=regulated domestic product-price mechanism/proxy scenario; controls=observed retail-price pass-through.,0.009590382246593698,9269.272573749999,0.012389748509365361,0.2,101.0365115,-2.111692340487803,,-2.111692340487803,0.3858852240978259,0.0,ARX_one_step_residual_lagged_information,,,,0.2462356339388283,EIA_STEO_July_2026_ex_post_2022plus,78.92476
JPN,Japan,2011,2011-08,2011-08-31,149.84,JPY/litre,Japan METI weekly fuel survey monthly average,observed_retail_gasoline,observed_retail,True,"Observed regular gasoline retail price, monthly average of official weekly data.",,,0.0,,CHN=regulated domestic product-price mechanism/proxy scenario; controls=observed retail-price pass-through.,0.0036103535906883977,8483.119198221342,-0.08862669334024176,0.2,102.57670222,-1.0950831306150377,,-1.0950831306150377,-0.5582166812243278,0.0,ARX_one_step_residual_lagged_information,,,,-0.5552364559967694,EIA_STEO_July_2026_ex_post_2022plus,86.95157
JPN,Japan,2011,2011-09,2011-09-30,146.25,JPY/litre,Japan METI weekly fuel survey monthly average,observed_retail_gasoline,observed_retail,True,"Observed regular gasoline retail price, monthly average of official weekly data.",,,0.0,,CHN=regulated domestic product-price mechanism/proxy scenario; controls=observed retail-price pass-through.,-0.024250572023866823,8665.152997959183,0.021231367868058015,0.0,101.96062594,-2.9764101922272523,,-2.9764101922272523,0.4377547339848582,0.0,ARX_one_step_residual_lagged_information,,,,0.2113650258872441,EIA_STEO_July_2026_ex_post_2022plus,83.35045
JPN,Japan,2011,2011-10,2011-10-31,142.98,JPY/litre,Japan METI weekly fuel survey monthly average,observed_retail_gasoline,observed_retail,True,"Observed regular gasoline retail price, monthly average of official weekly data.",,,0.0,,CHN=regulated domestic product-price mechanism/proxy scenario; controls=observed retail-price pass-through.,-0.022612725773260678,8396.24065,-0.0315255160119996,-0.2,103.60349604,1.4977813657027994,,1.4977813657027994,0.3412450295945062,0.0,ARX_one_step_residual_lagged_information,,,,-0.2784386365687011,EIA_STEO_July_2026_ex_post_2022plus,76.339935
JPN,Japan,2011,2011-11,2011-11-30,143.125,JPY/litre,Japan METI weekly fuel survey monthly average,observed_retail_gasoline,observed_retail,True,"Observed regular gasoline retail price, monthly average of official weekly data.",,,0.0,,CHN=regulated domestic product-price mechanism/proxy scenario; controls=observed retail-price pass-through.,0.0010136139697989321,8591.118082619048,0.022944824476837766,-0.5,101.5499084,-2.2000887444512784,,-2.2000887444512784,0.3257368481652395,0.0,ARX_one_step_residual_lagged_information,,,,0.0968664907176188,EIA_STEO_July_2026_ex_post_2022plus,83.15768
JPN,Japan,2011,2011-12,2011-12-31,143.55,JPY/litre,Japan METI weekly fuel survey monthly average,observed_retail_gasoline,observed_retail,True,"Observed regular gasoline retail price, monthly average of official weekly data.",,,0.0,,CHN=regulated domestic product-price mechanism/proxy scenario; controls=observed retail-price pass-through.,0.0029650322585688116,8391.965331666668,-0.02345414851425076,-0.2,103.60349604,-0.4943163720415811,,-0.4943163720415811,-0.0884835248368668,0.0,ARX_one_step_residual_lagged_information,,,,-0.2504464752252303,EIA_STEO_July_2026_ex_post_2022plus,85.341324
JPN,Japan,2012,2012-01,2012-01-31,143.14,JPY/litre,Japan METI weekly fuel survey monthly average,observed_retail_gasoline,observed_retail,True,"Observed regular gasoline retail price, monthly average of official weekly data.",,,0.0,,CHN=regulated domestic product-price mechanism/proxy scenario; controls=observed retail-price pass-through.,-0.002860234256621297,8518.837304,0.015005124893608723,0.1,103.91153419,-0.8853968178980764,,-0.8853968178980764,0.4289673339077038,0.0,ARX_one_step_residual_lagged_information,,,,0.2328532785430842,EIA_STEO_July_2026_ex_post_2022plus,79.63497
JPN,Japan,2012,2012-02,2012-02-29,143.7,JPY/litre,Japan METI weekly fuel survey monthly average,observed_retail_gasoline,observed_retail,True,"Observed regular gasoline retail price, monthly average of official weekly data.",,,0.0,,CHN=regulated domestic product-price mechanism/proxy scenario; controls=observed retail-price pass-through.,0.0039046207745272454,9363.589689999999,0.09454886599360002,0.3,103.70617543,-1.4742281697222026,,-1.4742281697222026,0.651930271381068,0.0,ARX_one_step_residual_lagged_information,,,,0.6896277573350593,EIA_STEO_July_2026_ex_post_2022plus,92.44582
JPN,Japan,2012,2012-03,2012-03-31,153.75,JPY/litre,Japan METI weekly fuel survey monthly average,observed_retail_gasoline,observed_retail,True,"Observed regular gasoline retail price, monthly average of official weekly data.",,,0.0,,CHN=regulated domestic product-price mechanism/proxy scenario; controls=observed retail-price pass-through.,0.06760011360164864,10344.973450413225,0.09967201392119662,0.5,103.50081666,15.53087575136276,,15.53087575136276,0.2582175114967004,0.0,ARX_one_step_residual_lagged_information,,,,0.4569442574138738,EIA_STEO_July_2026_ex_post_2022plus,88.75998
JPN,Japan,2012,2012-04,2012-04-30,157.275,JPY/litre,Japan METI weekly fuel survey monthly average,observed_retail_gasoline,observed_retail,True,"Observed regular gasoline retail price, monthly average of official weekly data.",,,0.0,,CHN=regulated domestic product-price mechanism/proxy scenario; controls=observed retail-price pass-through.,0.022667958769465812,9703.294753968254,-0.0640352515832614,0.4,102.98741976,13.196589038446227,,13.196589038446227,-0.1656370693035655,0.0,ARX_one_step_residual_lagged_information,,,,-0.4603505460526653,EIA_STEO_July_2026_ex_post_2022plus,96.016685
JPN,Japan,2012,2012-05,2012-05-31,151.14,JPY/litre,Japan METI weekly fuel survey monthly average,observed_retail_gasoline,observed_retail,True,"Observed regular gasoline retail price, monthly average of official weekly data.",,,0.0,,CHN=regulated domestic product-price mechanism/proxy scenario; controls=observed retail-price pass-through.,-0.03978930586352014,8790.39878160173,-0.0988054148804185,0.2,101.13919089,4.995835895983536,,4.995835895983536,-0.5059024038627317,0.0,ARX_one_step_residual_lagged_information,,,,-0.7366847206805783,EIA_STEO_July_2026_ex_post_2022plus,78.17116
JPN,Japan,2012,2012-06,2012-06-30,143.325,JPY/litre,Japan METI weekly fuel survey monthly average,observed_retail_gasoline,observed_retail,True,"Observed regular gasoline retail price, monthly average of official weekly data.",,,0.0,,CHN=regulated domestic product-price mechanism/proxy scenario; controls=observed retail-price pass-through.,-0.05309178079812682,7547.298134693877,-0.15247044205499982,-0.2,100.42043522,0.3072199088446581,,0.3072199088446581,-0.9255492338723936,0.0,ARX_one_step_residual_lagged_information,,,,-1.3741629456650917,EIA_STEO_July_2026_ex_post_2022plus,77.82243
JPN,Japan,2012,2012-07,2012-07-31,139.62,JPY/litre,Japan METI weekly fuel survey monthly average,observed_retail_gasoline,observed_retail,True,"Observed regular gasoline retail price, monthly average of official weekly data.",,,0.0,,CHN=regulated domestic product-price mechanism/proxy scenario; controls=observed retail-price pass-through.,-0.026190332252190807,8100.172502721086,0.07069572182560258,-0.4,99.9070383,-1.1241814889644708,,-1.1241814889644708,1.0306872349075964,0.0,ARX_one_step_residual_lagged_information,,,,0.6927159574035089,EIA_STEO_July_2026_ex_post_2022plus,82.80802
JPN,Japan,2012,2012-08,2012-08-31,142.725,JPY/litre,Japan METI weekly fuel survey monthly average,observed_retail_gasoline,observed_retail,True,"Observed regular gasoline retail price, monthly average of official weekly data.",,,0.0,,CHN=regulated domestic product-price mechanism/proxy scenario; controls=observed retail-price pass-through.,0.021995255308067563,8920.08905311909,0.09642057199175724,-0.4,98.67488573,-3.878036956819386,,-3.878036956819386,0.9373887884778536,0.0,ARX_one_step_residual_lagged_information,,,,0.9147117790437258,EIA_STEO_July_2026_ex_post_2022plus,74.87836
JPN,Japan,2012,2012-09,2012-09-30,148.45,JPY/litre,Japan METI weekly fuel survey monthly average,observed_retail_gasoline,observed_retail,True,"Observed regular gasoline retail price, monthly average of official weekly data.",,,0.0,,CHN=regulated domestic product-price mechanism/proxy scenario; controls=observed retail-price pass-through.,0.0393284993594456,8818.633666759,-0.011438985123053413,-0.3,96.51861871,-5.48507888288059,,-5.48507888288059,-0.0980035932075305,0.0,ARX_one_step_residual_lagged_information,,,,-0.0456183630623779,EIA_STEO_July_2026_ex_post_2022plus,69.28051
JPN,Japan,2012,2012-10,2012-10-31,148.07999999999998,JPY/litre,Japan METI weekly fuel survey monthly average,observed_retail_gasoline,observed_retail,True,"Observed regular gasoline retail price, monthly average of official weekly data.",,,0.0,,CHN=regulated domestic product-price mechanism/proxy scenario; controls=observed retail-price pass-through.,-0.0024955329445273122,8826.631248023716,0.0009064847539530518,-0.4,96.82665686,-6.764873765853352,,-6.764873765853352,-0.2679054425995422,0.0,ARX_one_step_residual_lagged_information,,,,-0.1002917364061254,EIA_STEO_July_2026_ex_post_2022plus,81.663666
JPN,Japan,2012,2012-11,2012-11-30,146.02499999999998,JPY/litre,Japan METI weekly fuel survey monthly average,observed_retail_gasoline,observed_retail,True,"Observed regular gasoline retail price, monthly average of official weekly data.",,,0.0,,CHN=regulated domestic product-price mechanism/proxy scenario; controls=observed retail-price pass-through.,-0.013974828338868761,8837.070572142859,0.0011820087817220326,-0.2,96.10790119,-5.507885499246434,,-5.507885499246434,-0.1360930675184166,0.0,ARX_one_step_residual_lagged_information,,,,-0.2275318220348529,EIA_STEO_July_2026_ex_post_2022plus,81.38964
JPN,Japan,2012,2012-12,2012-12-31,147.35,JPY/litre,Japan METI weekly fuel survey monthly average,observed_retail_gasoline,observed_retail,True,"Observed regular gasoline retail price, monthly average of official weekly data.",,,0.0,,CHN=regulated domestic product-price mechanism/proxy scenario; controls=observed retail-price pass-through.,0.00903286925733049,9174.557007,0.037478671670953645,-0.1,97.44273315,-6.130622167868882,,-6.130622167868882,0.2928570791122005,0.0,ARX_one_step_residual_lagged_information,,,,0.0314715953075064,EIA_STEO_July_2026_ex_post_2022plus,74.83156
JPN,Japan,2013,2013-01,2013-01-31,150.275,JPY/litre,Japan METI weekly fuel survey monthly average,observed_retail_gasoline,observed_retail,True,"Observed regular gasoline retail price, monthly average of official weekly data.",,,0.0,,CHN=regulated domestic product-price mechanism/proxy scenario; controls=observed retail-price pass-through.,0.019656239741522086,10060.002438095236,0.09213329686776817,-0.3,95.42844171,-8.516323920548263,,-8.516323920548263,0.2702371147969803,0.0,ARX_one_step_residual_lagged_information,,,,0.282762059864369,EIA_STEO_July_2026_ex_post_2022plus,90.65749
JPN,Japan,2013,2013-02,2013-02-28,154.225,JPY/litre,Japan METI weekly fuel survey monthly average,observed_retail_gasoline,observed_retail,True,"Observed regular gasoline retail price, monthly average of official weekly data.",,,0.0,,CHN=regulated domestic product-price mechanism/proxy scenario; controls=observed retail-price pass-through.,0.025945626170477354,10792.882185041552,0.07031945288912667,-0.7,97.02891872,-6.655259917335243,,-6.655259917335243,0.3747890556133226,0.0,ARX_one_step_residual_lagged_information,,,,0.2441880963110106,EIA_STEO_July_2026_ex_post_2022plus,81.59033
JPN,Japan,2013,2013-03,2013-03-31,155.775,JPY/litre,Japan METI weekly fuel survey monthly average,observed_retail_gasoline,observed_retail,True,"Observed regular gasoline retail price, monthly average of official weekly data.",,,0.0,,CHN=regulated domestic product-price mechanism/proxy scenario; controls=observed retail-price pass-through.,0.010000083334582577,10280.08098,-0.04867872248818372,-0.9,97.92918704,-5.5334866850635045,,-5.5334866850635045,-0.3312244357951538,0.0,ARX_one_step_residual_lagged_information,,,,-0.6295897367868111,EIA_STEO_July_2026_ex_post_2022plus,75.89672
JPN,Japan,2013,2013-04,2013-04-30,154.45999999999998,JPY/litre,Japan METI weekly fuel survey monthly average,observed_retail_gasoline,observed_retail,True,"Observed regular gasoline retail price, monthly average of official weekly data.",,,0.0,,CHN=regulated domestic product-price mechanism/proxy scenario; controls=observed retail-price pass-through.,-0.008477495289167969,9995.59634876033,-0.028063506547015393,-0.7,98.12924666,-4.832138928792595,,-4.832138928792595,-0.2462397297504745,0.0,ARX_one_step_residual_lagged_information,,,,-0.5518556127380099,EIA_STEO_July_2026_ex_post_2022plus,95.10787
JPN,Japan,2013,2013-05,2013-05-31,152.05,JPY/litre,Japan METI weekly fuel survey monthly average,observed_retail_gasoline,observed_retail,True,"Observed regular gasoline retail price, monthly average of official weekly data.",,,0.0,,CHN=regulated domestic product-price mechanism/proxy scenario; controls=observed retail-price pass-through.,-0.015725749017743595,10350.07772913223,0.03484939886337912,-0.3,99.62969386,-1.5037444435912484,,-1.5037444435912484,0.0736394107845082,0.0,ARX_one_step_residual_lagged_information,,,,0.022660700470914,EIA_STEO_July_2026_ex_post_2022plus,83.717316
JPN,Japan,2013,2013-06,2013-06-30,151.775,JPY/litre,Japan METI weekly fuel survey monthly average,observed_retail_gasoline,observed_retail,True,"Observed regular gasoline retail price, monthly average of official weekly data.",,,0.0,,CHN=regulated domestic product-price mechanism/proxy scenario; controls=observed retail-price pass-through.,-0.00181025310687577,10007.3775825,-0.03367145051005771,0.2,98.62939573,-1.7996376282143345,,-1.7996376282143345,0.2387265807285764,0.0,ARX_one_step_residual_lagged_information,,,,0.0271055226965062,EIA_STEO_July_2026_ex_post_2022plus,82.97301
JPN,Japan,2013,2013-07,2013-07-31,155.12,JPY/litre,Japan METI weekly fuel survey monthly average,observed_retail_gasoline,observed_retail,True,"Observed regular gasoline retail price, monthly average of official weekly data.",,,0.0,,CHN=regulated domestic product-price mechanism/proxy scenario; controls=observed retail-price pass-through.,0.021799849917898406,10757.994595041324,0.07232658220375399,0.7,100.12984293,0.22276364315070296,,0.22276364315070296,0.6958731969196498,0.0,ARX_one_step_residual_lagged_information,,,,0.4344015857417522,EIA_STEO_July_2026_ex_post_2022plus,73.975815
JPN,Japan,2013,2013-08,2013-08-31,160.17499999999998,JPY/litre,Japan METI weekly fuel survey monthly average,observed_retail_gasoline,observed_retail,True,"Observed regular gasoline retail price, monthly average of official weekly data.",,,0.0,,CHN=regulated domestic product-price mechanism/proxy scenario; controls=observed retail-price pass-through.,0.03206795659068895,10884.594169214875,0.011699249063829242,0.9,100.42993237,1.7629830496503907,,1.7629830496503907,0.4912213200718924,0.0,ARX_one_step_residual_lagged_information,,,,0.2770044599337098,EIA_STEO_July_2026_ex_post_2022plus,90.95675
JPN,Japan,2013,2013-09,2013-09-30,160.8,JPY/litre,Japan METI weekly fuel survey monthly average,observed_retail_gasoline,observed_retail,True,"Observed regular gasoline retail price, monthly average of official weekly data.",,,0.0,,CHN=regulated domestic product-price mechanism/proxy scenario; controls=observed retail-price pass-through.,0.0038943892197806917,11071.488765,0.017024813626129287,1.1,101.23017087,4.766091381318205,,4.766091381318205,0.0882692659533272,0.0,ARX_one_step_residual_lagged_information,,,,0.020851986559802,EIA_STEO_July_2026_ex_post_2022plus,100.45933
JPN,Japan,2013,2013-10,2013-10-31,159.625,JPY/litre,Japan METI weekly fuel survey monthly average,observed_retail_gasoline,observed_retail,True,"Observed regular gasoline retail price, monthly average of official weekly data.",,,0.0,,CHN=regulated domestic product-price mechanism/proxy scenario; controls=observed retail-price pass-through.,-0.007334042392162843,10664.411530434783,-0.03746105137019207,1.1,101.53026031,4.743454802526514,,4.743454802526514,-0.167501298206257,0.0,ARX_one_step_residual_lagged_information,,,,-0.21653964775583,EIA_STEO_July_2026_ex_post_2022plus,72.95312
JPN,Japan,2013,2013-11,2013-11-30,158.125,JPY/litre,Japan METI weekly fuel survey monthly average,observed_retail_gasoline,observed_retail,True,"Observed regular gasoline retail price, monthly average of official weekly data.",,,0.0,,CHN=regulated domestic product-price mechanism/proxy scenario; controls=observed retail-price pass-through.,-0.00944145487091852,10787.142568421054,0.011442749236930894,1.5,101.93037956,5.881849589054955,,5.881849589054955,-0.1532187541024732,0.0,ARX_one_step_residual_lagged_information,,,,-0.1148950493060984,EIA_STEO_July_2026_ex_post_2022plus,77.77902
JPN,Japan,2013,2013-12,2013-12-31,157.575,JPY/litre,Japan METI weekly fuel survey monthly average,observed_retail_gasoline,observed_retail,True,"Observed regular gasoline retail price, monthly average of official weekly data.",,,0.0,,CHN=regulated domestic product-price mechanism/proxy scenario; controls=observed retail-price pass-through.,-0.00348432408261079,11458.884733333332,0.06041046634795322,1.6,101.93037956,4.502517376819082,,4.502517376819082,0.5638340253922685,0.0,ARX_one_step_residual_lagged_information,,,,0.2454849292005171,EIA_STEO_July_2026_ex_post_2022plus,70.37249
JPN,Japan,2014,2014-01,2014-01-31,158.55,JPY/litre,Japan METI weekly fuel survey monthly average,observed_retail_gasoline,observed_retail,True,"Observed regular gasoline retail price, monthly average of official weekly data.",,,0.0,,CHN=regulated domestic product-price mechanism/proxy scenario; controls=observed retail-price pass-through.,0.006168465585182581,11218.449835714284,-0.021205658602921673,1.4,103.63088639,8.24587514166586,,8.24587514166586,-0.1058431113118916,0.0,ARX_one_step_residual_lagged_information,,,,-0.2283267688664224,EIA_STEO_July_2026_ex_post_2022plus,77.91597
JPN,Japan,2014,2014-02,2014-02-28,158.3,JPY/litre,Japan METI weekly fuel survey monthly average,observed_retail_gasoline,observed_retail,True,"Observed regular gasoline retail price, monthly average of official weekly data.",,,0.0,,CHN=regulated domestic product-price mechanism/proxy scenario; controls=observed retail-price pass-through.,-0.001578034097390102,11121.49490803324,-0.008680015777065009,1.5,102.9306777,5.90466643979175,,5.90466643979175,0.3065588814478375,0.0,ARX_one_step_residual_lagged_information,,,,0.0613303731656642,EIA_STEO_July_2026_ex_post_2022plus,69.003525
JPN,Japan,2014,2014-03,2014-03-31,158.45,JPY/litre,Japan METI weekly fuel survey monthly average,observed_retail_gasoline,observed_retail,True,"Observed regular gasoline retail price, monthly average of official weekly data.",,,0.0,,CHN=regulated domestic product-price mechanism/proxy scenario; controls=observed retail-price pass-through.,0.0009471192499637127,10999.549485260768,-0.011025397888351662,1.6,104.33109508,6.332481247613586,,6.332481247613586,-0.0046487215311387,0.0,ARX_one_step_residual_lagged_information,,,,-0.1266831641102359,EIA_STEO_July_2026_ex_post_2022plus,119.838554
JPN,Japan,2014,2014-04,2014-04-30,164.3,JPY/litre,Japan METI weekly fuel survey monthly average,observed_retail_gasoline,observed_retail,True,"Observed regular gasoline retail price, monthly average of official weekly data.",,,0.0,,CHN=regulated domestic product-price mechanism/proxy scenario; controls=observed retail-price pass-through.,0.03625493890629272,11040.405776623375,0.003707479228154398,3.4,99.82975349,1.7180816817679911,,1.7180816817679911,0.0818376161420442,0.0,ARX_one_step_residual_lagged_information,,,,0.018195172999865,EIA_STEO_July_2026_ex_post_2022plus,93.22154
JPN,Japan,2014,2014-05,2014-05-31,165.475,JPY/litre,Japan METI weekly fuel survey monthly average,observed_retail_gasoline,observed_retail,True,"Observed regular gasoline retail price, monthly average of official weekly data.",,,0.0,,CHN=regulated domestic product-price mechanism/proxy scenario; controls=observed retail-price pass-through.,0.007126100961763804,11148.210573593075,0.009717203051071266,3.7,101.93037956,2.2829775622564163,,2.2829775622564163,0.2316098213092671,0.0,ARX_one_step_residual_lagged_information,,,,0.1464362431941387,EIA_STEO_July_2026_ex_post_2022plus,83.428856
JPN,Japan,2014,2014-06,2014-06-30,167.07999999999998,JPY/litre,Japan METI weekly fuel survey monthly average,observed_retail_gasoline,observed_retail,True,"Observed regular gasoline retail price, monthly average of official weekly data.",,,0.0,,CHN=regulated domestic product-price mechanism/proxy scenario; controls=observed retail-price pass-through.,0.00965261362398806,11410.141414965985,0.023223559393375837,3.6,100.62999199,2.0080996034472776,,2.0080996034472776,0.2848465559002022,0.0,ARX_one_step_residual_lagged_information,,,,0.1831261435239828,EIA_STEO_July_2026_ex_post_2022plus,98.767105
JPN,Japan,2014,2014-07,2014-07-31,169.75,JPY/litre,Japan METI weekly fuel survey monthly average,observed_retail_gasoline,observed_retail,True,"Observed regular gasoline retail price, monthly average of official weekly data.",,,0.0,,CHN=regulated domestic product-price mechanism/proxy scenario; controls=observed retail-price pass-through.,0.015854026809830835,10862.594818181817,-0.049177338246916946,3.4,100.42993237,0.29925209429197963,,0.29925209429197963,-0.2624127689536664,0.0,ARX_one_step_residual_lagged_information,,,,-0.4307517136082288,EIA_STEO_July_2026_ex_post_2022plus,138.75395
JPN,Japan,2014,2014-08,2014-08-31,169.0,JPY/litre,Japan METI weekly fuel survey monthly average,observed_retail_gasoline,observed_retail,True,"Observed regular gasoline retail price, monthly average of official weekly data.",,,0.0,,CHN=regulated domestic product-price mechanism/proxy scenario; controls=observed retail-price pass-through.,-0.004428051515732001,10459.924402267574,-0.037773988205971776,3.3,99.52966404,-0.9004563213068195,,-0.9004563213068195,-0.4675598545317212,0.0,ARX_one_step_residual_lagged_information,,,,-0.4633679333705456,EIA_STEO_July_2026_ex_post_2022plus,136.44559
JPN,Japan,2014,2014-09,2014-09-30,167.06,JPY/litre,Japan METI weekly fuel survey monthly average,observed_retail_gasoline,observed_retail,True,"Observed regular gasoline retail price, monthly average of official weekly data.",,,0.0,,CHN=regulated domestic product-price mechanism/proxy scenario; controls=observed retail-price pass-through.,-0.011545685595312882,10430.116065306123,-0.002853834317702919,3.2,100.62999199,-0.5946499200884858,,-0.5946499200884858,-0.2594703158071751,0.0,ARX_one_step_residual_lagged_information,,,,-0.425769283388323,EIA_STEO_July_2026_ex_post_2022plus,131.55666
JPN,Japan,2014,2014-10,2014-10-31,164.25,JPY/litre,Japan METI weekly fuel survey monthly average,observed_retail_gasoline,observed_retail,True,"Observed regular gasoline retail price, monthly average of official weekly data.",,,0.0,,CHN=regulated domestic product-price mechanism/proxy scenario; controls=observed retail-price pass-through.,-0.01696337196304043,9444.228324901185,-0.09929360132976583,2.9,100.62999199,-0.8906540835882382,,-0.8906540835882382,-0.7647647452878167,0.0,ARX_one_step_residual_lagged_information,,,,-0.9749528418023932,EIA_STEO_July_2026_ex_post_2022plus,83.661
JPN,Japan,2014,2014-11,2014-11-30,159.25,JPY/litre,Japan METI weekly fuel survey monthly average,observed_retail_gasoline,observed_retail,True,"Observed regular gasoline retail price, monthly average of official weekly data.",,,0.0,,CHN=regulated domestic product-price mechanism/proxy scenario; controls=observed retail-price pass-through.,-0.030914362912447757,9238.583025730994,-0.022015273946188074,2.4,100.62999199,-1.2839682558652754,,-1.2839682558652754,-0.7174315309085026,0.0,ARX_one_step_residual_lagged_information,,,,-0.8911774245526921,EIA_STEO_July_2026_ex_post_2022plus,84.38005
JPN,Japan,2014,2014-12,2014-12-31,153.55,JPY/litre,Japan METI weekly fuel survey monthly average,observed_retail_gasoline,observed_retail,True,"Observed regular gasoline retail price, monthly average of official weekly data.",,,0.0,,CHN=regulated domestic product-price mechanism/proxy scenario; controls=observed retail-price pass-through.,-0.03644904756544065,7438.0199833333345,-0.21678383954693992,2.4,100.22987274,-1.6823751549129184,,-1.6823751549129184,-2.1369008547896216,0.0,ARX_one_step_residual_lagged_information,,,,-2.2469964143025263,EIA_STEO_July_2026_ex_post_2022plus,86.52622
JPN,Japan,2015,2015-01,2015-01-31,140.89999999999998,JPY/litre,Japan METI weekly fuel survey monthly average,observed_retail_gasoline,observed_retail,True,"Observed regular gasoline retail price, monthly average of official weekly data.",,,0.0,,CHN=regulated domestic product-price mechanism/proxy scenario; controls=observed retail-price pass-through.,-0.08597582798219783,5647.560875,-0.2753809337456605,2.4,102.73061807,-0.8725212909755697,,-0.8725212909755697,-2.4252298762809548,0.0,ARX_one_step_residual_lagged_information,,,,-2.4678988359470786,EIA_STEO_July_2026_ex_post_2022plus,111.985695
JPN,Japan,2015,2015-02,2015-02-28,135.275,JPY/litre,Japan METI weekly fuel survey monthly average,observed_retail_gasoline,observed_retail,True,"Observed regular gasoline retail price, monthly average of official weekly data.",,,0.0,,CHN=regulated domestic product-price mechanism/proxy scenario; controls=observed retail-price pass-through.,-0.04074067537583481,6899.42158,0.20021383069613385,2.2,99.82975349,-3.058945955558645,,-3.058945955558645,1.8344509102038231,0.0,ARX_one_step_residual_lagged_information,,,,1.8059454415522465,EIA_STEO_July_2026_ex_post_2022plus,111.9247
JPN,Japan,2015,2015-03,2015-03-31,139.96,JPY/litre,Japan METI weekly fuel survey monthly average,observed_retail_gasoline,observed_retail,True,"Observed regular gasoline retail price, monthly average of official weekly data.",,,0.0,,CHN=regulated domestic product-price mechanism/proxy scenario; controls=observed retail-price pass-through.,0.034046923970688425,6728.30389752066,-0.02511448838067487,2.3,99.32960442,-4.912579099787706,,-4.912579099787706,-0.3517775262248044,0.0,ARX_one_step_residual_lagged_information,,,,-0.363952535983822,EIA_STEO_July_2026_ex_post_2022plus,104.23527
JPN,Japan,2015,2015-04,2015-04-30,139.275,JPY/litre,Japan METI weekly fuel survey monthly average,observed_retail_gasoline,observed_retail,True,"Observed regular gasoline retail price, monthly average of official weekly data.",,,0.0,,CHN=regulated domestic product-price mechanism/proxy scenario; controls=observed retail-price pass-through.,-0.004906271592608036,7113.720329220779,0.055702269297782436,0.6,99.72972368,-0.10025063183789484,,-0.10025063183789484,0.7826519174424931,0.0,ARX_one_step_residual_lagged_information,,,,0.5778479298749288,EIA_STEO_July_2026_ex_post_2022plus,102.19049
JPN,Japan,2015,2015-05,2015-05-31,141.6,JPY/litre,Japan METI weekly fuel survey monthly average,observed_retail_gasoline,observed_retail,True,"Observed regular gasoline retail price, monthly average of official weekly data.",,,0.0,,CHN=regulated domestic product-price mechanism/proxy scenario; controls=observed retail-price pass-through.,0.016555785352739605,7740.131850000001,0.08439336231929673,0.5,99.72972368,-2.1826263176262017,,-2.1826263176262017,0.4395394751470354,0.0,ARX_one_step_residual_lagged_information,,,,0.6757557872152448,EIA_STEO_July_2026_ex_post_2022plus,76.26233
JPN,Japan,2015,2015-06,2015-06-30,144.16,JPY/litre,Japan METI weekly fuel survey monthly average,observed_retail_gasoline,observed_retail,True,"Observed regular gasoline retail price, monthly average of official weekly data.",,,0.0,,CHN=regulated domestic product-price mechanism/proxy scenario; controls=observed retail-price pass-through.,0.01791761260040836,7605.940584917355,-0.01748912447168216,0.4,100.52996218,-0.09945301355589464,,-0.09945301355589464,-0.6104284962240248,0.0,ARX_one_step_residual_lagged_information,,,,-0.3879473150390513,EIA_STEO_July_2026_ex_post_2022plus,85.90597
JPN,Japan,2015,2015-07,2015-07-31,143.975,JPY/litre,Japan METI weekly fuel survey monthly average,observed_retail_gasoline,observed_retail,True,"Observed regular gasoline retail price, monthly average of official weekly data.",,,0.0,,CHN=regulated domestic product-price mechanism/proxy scenario; controls=observed retail-price pass-through.,-0.0012841204672913165,6974.625858498023,-0.08665091195855545,0.2,100.42993237,0.0,,0.0,-0.7831460792780096,0.0,ARX_one_step_residual_lagged_information,,,,-0.7759917423274519,EIA_STEO_July_2026_ex_post_2022plus,106.80866
JPN,Japan,2015,2015-08,2015-08-31,138.38,JPY/litre,Japan METI weekly fuel survey monthly average,observed_retail_gasoline,observed_retail,True,"Observed regular gasoline retail price, monthly average of official weekly data.",,,0.0,,CHN=regulated domestic product-price mechanism/proxy scenario; controls=observed retail-price pass-through.,-0.039636149322070935,5721.5222,-0.19804379704055108,0.2,98.82945535,-0.7060039393132378,,-0.7060039393132378,-1.7577126486468235,0.0,ARX_one_step_residual_lagged_information,,,,-1.8133556169982417,EIA_STEO_July_2026_ex_post_2022plus,82.47853
JPN,Japan,2015,2015-09,2015-09-30,135.15,JPY/litre,Japan METI weekly fuel survey monthly average,observed_retail_gasoline,observed_retail,True,"Observed regular gasoline retail price, monthly average of official weekly data.",,,0.0,,CHN=regulated domestic product-price mechanism/proxy scenario; controls=observed retail-price pass-through.,-0.02361825134820883,5721.811906926407,5.0633307349556844e-05,0.0,100.52996218,-0.09945301355589464,,-0.09945301355589464,0.180515581722499,0.0,ARX_one_step_residual_lagged_information,,,,0.2123176494965866,EIA_STEO_July_2026_ex_post_2022plus,98.767456
JPN,Japan,2015,2015-10,2015-10-31,133.925,JPY/litre,Japan METI weekly fuel survey monthly average,observed_retail_gasoline,observed_retail,True,"Observed regular gasoline retail price, monthly average of official weekly data.",,,0.0,,CHN=regulated domestic product-price mechanism/proxy scenario; controls=observed retail-price pass-through.,-0.009105330955431867,5813.929252380953,0.015971111392692805,0.3,100.62999199,0.0,,0.0,-0.029388872555947,0.0,ARX_one_step_residual_lagged_information,,,,0.1499557039138983,EIA_STEO_July_2026_ex_post_2022plus,91.931885
JPN,Japan,2015,2015-11,2015-11-30,131.18,JPY/litre,Japan METI weekly fuel survey monthly average,observed_retail_gasoline,observed_retail,True,"Observed regular gasoline retail price, monthly average of official weekly data.",,,0.0,,CHN=regulated domestic product-price mechanism/proxy scenario; controls=observed retail-price pass-through.,-0.020709515901435438,5429.120592481204,-0.06847946624209911,0.3,100.02981311,-0.59820716908634,,-0.59820716908634,-1.274489799462995,0.0,ARX_one_step_residual_lagged_information,,,,-0.8362374681880909,EIA_STEO_July_2026_ex_post_2022plus,150.71588
JPN,Japan,2015,2015-12,2015-12-31,125.83333333333331,JPY/litre,Japan METI weekly fuel survey monthly average,observed_retail_gasoline,observed_retail,True,"Observed regular gasoline retail price, monthly average of official weekly data.",,,0.0,,CHN=regulated domestic product-price mechanism/proxy scenario; controls=observed retail-price pass-through.,-0.0416121458446197,4622.793463636364,-0.1607779991496603,0.2,98.12924666,-2.1180822126433796,,-2.1180822126433796,-1.518348872636687,0.0,ARX_one_step_residual_lagged_information,,,,-1.4155485230529918,EIA_STEO_July_2026_ex_post_2022plus,148.23688
JPN,Japan,2016,2016-01,2016-01-31,117.925,JPY/litre,Japan METI weekly fuel survey monthly average,observed_retail_gasoline,observed_retail,True,"Observed regular gasoline retail price, monthly average of official weekly data.",,,0.0,,CHN=regulated domestic product-price mechanism/proxy scenario; controls=observed retail-price pass-through.,-0.06490945085064403,3629.472623947368,-0.24191181311467425,-0.1,100.32990255,-2.3646422018642532,,-2.3646422018642532,-2.33299530373939,0.0,ARX_one_step_residual_lagged_information,,,,-1.9791583657253475,EIA_STEO_July_2026_ex_post_2022plus,118.21114
JPN,Japan,2016,2016-02,2016-02-29,113.12,JPY/litre,Japan METI weekly fuel survey monthly average,observed_retail_gasoline,observed_retail,True,"Observed regular gasoline retail price, monthly average of official weekly data.",,,0.0,,CHN=regulated domestic product-price mechanism/proxy scenario; controls=observed retail-price pass-through.,-0.041599627022062435,3688.49871325,0.0161321674245265,0.2,99.52966404,-0.3010539259887146,,-0.3010539259887146,0.2502414466173734,0.0,ARX_one_step_residual_lagged_information,,,,0.4305199525458617,EIA_STEO_July_2026_ex_post_2022plus,103.74965
JPN,Japan,2016,2016-03,2016-03-31,112.575,JPY/litre,Japan METI weekly fuel survey monthly average,observed_retail_gasoline,observed_retail,True,"Observed regular gasoline retail price, monthly average of official weekly data.",,,0.0,,CHN=regulated domestic product-price mechanism/proxy scenario; controls=observed retail-price pass-through.,-0.004829535960627851,4315.173084782609,0.1569179135915313,0.0,99.9297833,0.6024114616683285,,0.6024114616683285,0.9852420612150368,0.0,ARX_one_step_residual_lagged_information,,,,1.5822675667564785,EIA_STEO_July_2026_ex_post_2022plus,109.72029
JPN,Japan,2016,2016-04,2016-04-30,116.15,JPY/litre,Japan METI weekly fuel survey monthly average,observed_retail_gasoline,observed_retail,True,"Observed regular gasoline retail price, monthly average of official weekly data.",,,0.0,,CHN=regulated domestic product-price mechanism/proxy scenario; controls=observed retail-price pass-through.,0.03126279302878299,4555.533373015874,0.054205183939112445,-0.3,99.22957461,-0.5027662721339254,,-0.5027662721339254,0.0838172782525009,0.0,ARX_one_step_residual_lagged_information,,,,0.7767219192420621,EIA_STEO_July_2026_ex_post_2022plus,85.22145
JPN,Japan,2016,2016-05,2016-05-31,118.74,JPY/litre,Japan METI weekly fuel survey monthly average,observed_retail_gasoline,observed_retail,True,"Observed regular gasoline retail price, monthly average of official weekly data.",,,0.0,,CHN=regulated domestic product-price mechanism/proxy scenario; controls=observed retail-price pass-through.,0.02205376962611094,5087.819133560092,0.1105066577383802,-0.5,98.72942555,-1.0080730516267344,,-1.0080730516267344,0.5579169894032892,0.0,ARX_one_step_residual_lagged_information,,,,1.0759248987314494,EIA_STEO_July_2026_ex_post_2022plus,88.33242
JPN,Japan,2016,2016-06,2016-06-30,123.525,JPY/litre,Japan METI weekly fuel survey monthly average,observed_retail_gasoline,observed_retail,True,"Observed regular gasoline retail price, monthly average of official weekly data.",,,0.0,,CHN=regulated domestic product-price mechanism/proxy scenario; controls=observed retail-price pass-through.,0.03950733588928479,5082.8940429752065,-0.0009684848809250468,-0.4,99.22957461,-1.3019713203389571,,-1.3019713203389571,0.2953291990002094,0.0,ARX_one_step_residual_lagged_information,,,,0.2876069002708758,EIA_STEO_July_2026_ex_post_2022plus,90.16813
JPN,Japan,2016,2016-07,2016-07-31,123.05,JPY/litre,Japan METI weekly fuel survey monthly average,observed_retail_gasoline,observed_retail,True,"Observed regular gasoline retail price, monthly average of official weekly data.",,,0.0,,CHN=regulated domestic product-price mechanism/proxy scenario; controls=observed retail-price pass-through.,-0.0038527878947487437,4683.58390904762,-0.08181718348410172,-0.4,99.72972368,-0.6996530271559998,,-0.6996530271559998,-0.7890364899854008,0.0,ARX_one_step_residual_lagged_information,,,,-0.6594625016309432,EIA_STEO_July_2026_ex_post_2022plus,114.61045
JPN,Japan,2016,2016-08,2016-08-31,121.94,JPY/litre,Japan METI weekly fuel survey monthly average,observed_retail_gasoline,observed_retail,True,"Observed regular gasoline retail price, monthly average of official weekly data.",,,0.0,,CHN=regulated domestic product-price mechanism/proxy scenario; controls=observed retail-price pass-through.,-0.009061656357395087,4641.069994706996,-0.009118667430527694,-0.5,100.62999199,1.805465295224984,,1.805465295224984,0.0811910315784664,0.0,ARX_one_step_residual_lagged_information,,,,0.1761257354996075,EIA_STEO_July_2026_ex_post_2022plus,98.73849
JPN,Japan,2016,2016-09,2016-09-30,122.9,JPY/litre,Japan METI weekly fuel survey monthly average,observed_retail_gasoline,observed_retail,True,"Observed regular gasoline retail price, monthly average of official weekly data.",,,0.0,,CHN=regulated domestic product-price mechanism/proxy scenario; controls=observed retail-price pass-through.,0.007841896092319445,4739.862857792208,0.021063260372107706,-0.5,101.03011124,0.49627892869761325,,0.49627892869761325,-0.2376557237578802,0.0,ARX_one_step_residual_lagged_information,,,,0.1396420942526995,EIA_STEO_July_2026_ex_post_2022plus,104.54523
JPN,Japan,2016,2016-10,2016-10-31,124.48,JPY/litre,Japan METI weekly fuel survey monthly average,observed_retail_gasoline,observed_retail,True,"Observed regular gasoline retail price, monthly average of official weekly data.",,,0.0,,CHN=regulated domestic product-price mechanism/proxy scenario; controls=observed retail-price pass-through.,0.012774043858091666,5145.746798809525,0.0821623068198214,0.1,101.13014106,0.49578684047242305,,0.49578684047242305,0.4642565958700504,0.0,ARX_one_step_residual_lagged_information,,,,0.5633942564883699,EIA_STEO_July_2026_ex_post_2022plus,85.74779
JPN,Japan,2016,2016-11,2016-11-30,126.05,JPY/litre,Japan METI weekly fuel survey monthly average,observed_retail_gasoline,observed_retail,True,"Observed regular gasoline retail price, monthly average of official weekly data.",,,0.0,,CHN=regulated domestic product-price mechanism/proxy scenario; controls=observed retail-price pass-through.,0.01253359320384817,4851.099020454545,-0.058965227718433155,0.5,102.13043919,2.078253922845086,,2.078253922845086,-0.9727318577270646,0.0,ARX_one_step_residual_lagged_information,,,,-0.9455471790119578,EIA_STEO_July_2026_ex_post_2022plus,82.918755
JPN,Japan,2016,2016-12,2016-12-31,128.325,JPY/litre,Japan METI weekly fuel survey monthly average,observed_retail_gasoline,observed_retail,True,"Observed regular gasoline retail price, monthly average of official weekly data.",,,0.0,,CHN=regulated domestic product-price mechanism/proxy scenario; controls=observed retail-price pass-through.,0.017887454812437475,6183.68446,0.2427090033223216,0.3,101.53026031,3.407143195279261,,3.407143195279261,1.835253781522334,0.0,ARX_one_step_residual_lagged_information,,,,1.6159449639177093,EIA_STEO_July_2026_ex_post_2022plus,102.180466
JPN,Japan,2017,2017-01,2017-01-31,130.875,JPY/litre,Japan METI weekly fuel survey monthly average,observed_retail_gasoline,observed_retail,True,"Observed regular gasoline retail price, monthly average of official weekly data.",,,0.0,,CHN=regulated domestic product-price mechanism/proxy scenario; controls=observed retail-price pass-through.,0.019676560744334104,6269.336598245614,0.01375625858765872,0.4,100.73002181,0.39801048316530085,,0.39801048316530085,0.3562813201337297,0.0,ARX_one_step_residual_lagged_information,,,,0.212001757557247,EIA_STEO_July_2026_ex_post_2022plus,105.20123
JPN,Japan,2017,2017-02,2017-02-28,130.775,JPY/litre,Japan METI weekly fuel survey monthly average,observed_retail_gasoline,observed_retail,True,"Observed regular gasoline retail price, monthly average of official weekly data.",,,0.0,,CHN=regulated domestic product-price mechanism/proxy scenario; controls=observed retail-price pass-through.,-0.0007643799340257829,6195.401881052633,-0.011863158526919548,0.3,101.4302305,1.8915447100934735,,1.8915447100934735,-0.0616531323660811,0.0,ARX_one_step_residual_lagged_information,,,,0.0441060797080234,EIA_STEO_July_2026_ex_post_2022plus,114.20636
JPN,Japan,2017,2017-03,2017-03-31,133.3,JPY/litre,Japan METI weekly fuel survey monthly average,observed_retail_gasoline,observed_retail,True,"Observed regular gasoline retail price, monthly average of official weekly data.",,,0.0,,CHN=regulated domestic product-price mechanism/proxy scenario; controls=observed retail-price pass-through.,0.019123937927988166,5825.265168241966,-0.061602863957014975,0.2,101.53026031,1.5889112829206908,,1.5889112829206908,-0.8914152242102106,0.0,ARX_one_step_residual_lagged_information,,,,-0.5753315680935861,EIA_STEO_July_2026_ex_post_2022plus,96.63588
JPN,Japan,2017,2017-04,2017-04-30,133.925,JPY/litre,Japan METI weekly fuel survey monthly average,observed_retail_gasoline,observed_retail,True,"Observed regular gasoline retail price, monthly average of official weekly data.",,,0.0,,CHN=regulated domestic product-price mechanism/proxy scenario; controls=observed retail-price pass-through.,0.004677714582361325,5758.628439473684,-0.011505192654379215,0.4,103.83094601,4.53279564093112,,4.53279564093112,-0.0009072287261253,0.0,ARX_one_step_residual_lagged_information,,,,0.1225563534111697,EIA_STEO_July_2026_ex_post_2022plus,119.45992
JPN,Japan,2017,2017-05,2017-05-31,132.64,JPY/litre,Japan METI weekly fuel survey monthly average,observed_retail_gasoline,observed_retail,True,"Observed regular gasoline retail price, monthly average of official weekly data.",,,0.0,,CHN=regulated domestic product-price mechanism/proxy scenario; controls=observed retail-price pass-through.,-0.009641250380039601,5648.831805533598,-0.019250564508254797,0.4,102.23046901,3.484673133779914,,3.484673133779914,-0.5808383357267876,0.0,ARX_one_step_residual_lagged_information,,,,-0.3623903429973516,EIA_STEO_July_2026_ex_post_2022plus,102.57996
JPN,Japan,2017,2017-06,2017-06-30,131.225,JPY/litre,Japan METI weekly fuel survey monthly average,observed_retail_gasoline,observed_retail,True,"Observed regular gasoline retail price, monthly average of official weekly data.",,,0.0,,CHN=regulated domestic product-price mechanism/proxy scenario; controls=observed retail-price pass-through.,-0.010725284248621847,5142.8847334710745,-0.0938346094699849,0.4,103.0307075,3.7590973857600574,,3.7590973857600574,-0.9901715991563086,0.0,ARX_one_step_residual_lagged_information,,,,-0.7627598824003294,EIA_STEO_July_2026_ex_post_2022plus,126.78902
JPN,Japan,2017,2017-07,2017-07-31,130.74,JPY/litre,Japan METI weekly fuel survey monthly average,observed_retail_gasoline,observed_retail,True,"Observed regular gasoline retail price, monthly average of official weekly data.",,,0.0,,CHN=regulated domestic product-price mechanism/proxy scenario; controls=observed retail-price pass-through.,-0.00370278895377929,5449.815564285715,0.057967612459050244,0.4,102.53055844,2.769712153906223,,2.769712153906223,-0.0220304104529117,0.0,ARX_one_step_residual_lagged_information,,,,0.40613922085245,EIA_STEO_July_2026_ex_post_2022plus,102.81346
JPN,Japan,2017,2017-08,2017-08-31,131.3,JPY/litre,Japan METI weekly fuel survey monthly average,observed_retail_gasoline,observed_retail,True,"Observed regular gasoline retail price, monthly average of official weekly data.",,,0.0,,CHN=regulated domestic product-price mechanism/proxy scenario; controls=observed retail-price pass-through.,0.004274163124167174,5678.531160680529,0.04111083413191707,0.7,103.83094601,3.131371307036268,,3.131371307036268,0.1395144133344559,0.0,ARX_one_step_residual_lagged_information,,,,0.5902347710413575,EIA_STEO_July_2026_ex_post_2022plus,138.53162
JPN,Japan,2017,2017-09,2017-09-30,131.65,JPY/litre,Japan METI weekly fuel survey monthly average,observed_retail_gasoline,observed_retail,True,"Observed regular gasoline retail price, monthly average of official weekly data.",,,0.0,,CHN=regulated domestic product-price mechanism/proxy scenario; controls=observed retail-price pass-through.,0.0026621046335675302,6220.388902857142,0.09113982855263991,0.7,102.63058825,1.5717415897918308,,1.5717415897918308,0.3826412875684989,0.0,ARX_one_step_residual_lagged_information,,,,0.7577258362578646,EIA_STEO_July_2026_ex_post_2022plus,115.53445
JPN,Japan,2017,2017-10,2017-10-31,135.1,JPY/litre,Japan METI weekly fuel survey monthly average,observed_retail_gasoline,observed_retail,True,"Observed regular gasoline retail price, monthly average of official weekly data.",,,0.0,,CHN=regulated domestic product-price mechanism/proxy scenario; controls=observed retail-price pass-through.,0.025868359023834664,6493.471332683983,0.0429648324155707,0.2,103.23076713999998,2.0558727065303373,,2.0558727065303373,-0.0764546837583873,0.0,ARX_one_step_residual_lagged_information,,,,0.2150631197695683,EIA_STEO_July_2026_ex_post_2022plus,91.46157
JPN,Japan,2017,2017-11,2017-11-30,139.0,JPY/litre,Japan METI weekly fuel survey monthly average,observed_retail_gasoline,observed_retail,True,"Observed regular gasoline retail price, monthly average of official weekly data.",,,0.0,,CHN=regulated domestic product-price mechanism/proxy scenario; controls=observed retail-price pass-through.,0.028458688164538337,7075.341022272728,0.08581838160843525,0.6,104.03100563,1.8438173882535658,,1.8438173882535658,1.031947168545167,0.0,ARX_one_step_residual_lagged_information,,,,0.795920881769235,EIA_STEO_July_2026_ex_post_2022plus,92.596016
JPN,Japan,2017,2017-12,2017-12-31,141.5,JPY/litre,Japan METI weekly fuel survey monthly average,observed_retail_gasoline,observed_retail,True,"Observed regular gasoline retail price, monthly average of official weekly data.",,,0.0,,CHN=regulated domestic product-price mechanism/proxy scenario; controls=observed retail-price pass-through.,0.017825783952600815,7270.396081578946,0.027195128313463712,1.0,105.53145283,3.8652154391334292,,3.8652154391334292,0.2316221454684384,0.0,ARX_one_step_residual_lagged_information,,,,0.2361154289400639,EIA_STEO_July_2026_ex_post_2022plus,82.718254
JPN,Japan,2018,2018-01,2018-01-31,143.65,JPY/litre,Japan METI weekly fuel survey monthly average,observed_retail_gasoline,observed_retail,True,"Observed regular gasoline retail price, monthly average of official weekly data.",,,0.0,,CHN=regulated domestic product-price mechanism/proxy scenario; controls=observed retail-price pass-through.,0.015080068342006037,7658.663015151514,0.052026655706413294,1.4,102.11881611,1.3693112706373078,,1.3693112706373078,0.5307537819846163,0.0,ARX_one_step_residual_lagged_information,,,,0.6466410329828569,EIA_STEO_July_2026_ex_post_2022plus,92.42679
JPN,Japan,2018,2018-02,2018-02-28,144.725,JPY/litre,Japan METI weekly fuel survey monthly average,observed_retail_gasoline,observed_retail,True,"Observed regular gasoline retail price, monthly average of official weekly data.",,,0.0,,CHN=regulated domestic product-price mechanism/proxy scenario; controls=observed retail-price pass-through.,0.007455604539769567,7052.330474999999,-0.08247930138571391,1.5,104.12293204,2.6201062041116607,,2.6201062041116607,-1.0037546449327843,0.0,ARX_one_step_residual_lagged_information,,,,-0.5228083968715923,EIA_STEO_July_2026_ex_post_2022plus,64.49137
JPN,Japan,2018,2018-03,2018-03-31,143.65,JPY/litre,Japan METI weekly fuel survey monthly average,observed_retail_gasoline,observed_retail,True,"Observed regular gasoline retail price, monthly average of official weekly data.",,,0.0,,CHN=regulated domestic product-price mechanism/proxy scenario; controls=observed retail-price pass-through.,-0.007455604539769567,7000.857446969695,-0.0073254920518088795,1.1,105.12499,3.479313798566519,,3.479313798566519,-0.0942745679504046,0.0,ARX_one_step_residual_lagged_information,,,,0.0930713737533477,EIA_STEO_July_2026_ex_post_2022plus,111.962296
JPN,Japan,2018,2018-04,2018-04-30,143.45,JPY/litre,Japan METI weekly fuel survey monthly average,observed_retail_gasoline,observed_retail,True,"Observed regular gasoline retail price, monthly average of official weekly data.",,,0.0,,CHN=regulated domestic product-price mechanism/proxy scenario; controls=observed retail-price pass-through.,-0.0013932429979242045,7762.657270476191,0.10329207336317658,0.6,103.8496435,0.018006006333681768,,0.018006006333681768,0.8022116118069343,0.0,ARX_one_step_residual_lagged_information,,,,0.8103735825471061,EIA_STEO_July_2026_ex_post_2022plus,123.26347
JPN,Japan,2018,2018-05,2018-05-31,147.72,JPY/litre,Japan METI weekly fuel survey monthly average,observed_retail_gasoline,observed_retail,True,"Observed regular gasoline retail price, monthly average of official weekly data.",,,0.0,,CHN=regulated domestic product-price mechanism/proxy scenario; controls=observed retail-price pass-through.,0.029332047556988705,8443.273911688311,0.0840454302797955,0.7,104.12293204,1.8342475379011347,,1.8342475379011347,0.61791327286101,0.0,ARX_one_step_residual_lagged_information,,,,0.5988011055133343,EIA_STEO_July_2026_ex_post_2022plus,125.66662
JPN,Japan,2018,2018-06,2018-06-30,152.0,JPY/litre,Japan METI weekly fuel survey monthly average,observed_retail_gasoline,observed_retail,True,"Observed regular gasoline retail price, monthly average of official weekly data.",,,0.0,,CHN=regulated domestic product-price mechanism/proxy scenario; controls=observed retail-price pass-through.,0.02856193086191361,8189.271541950113,-0.030545188528625644,0.7,103.66745114,0.6161115884013135,,0.6161115884013135,0.2164778282618993,0.0,ARX_one_step_residual_lagged_information,,,,-0.3193864990554811,EIA_STEO_July_2026_ex_post_2022plus,103.96859
JPN,Japan,2018,2018-07,2018-07-31,152.1,JPY/litre,Japan METI weekly fuel survey monthly average,observed_retail_gasoline,observed_retail,True,"Observed regular gasoline retail price, monthly average of official weekly data.",,,0.0,,CHN=regulated domestic product-price mechanism/proxy scenario; controls=observed retail-price pass-through.,0.0006576784189702423,8280.886936363637,0.011125131486450002,0.9,103.48525879,0.9268290143793934,,0.9268290143793934,0.2532337563567078,0.0,ARX_one_step_residual_lagged_information,,,,-0.0241107132650339,EIA_STEO_July_2026_ex_post_2022plus,110.02843
JPN,Japan,2018,2018-08,2018-08-31,151.975,JPY/litre,Japan METI weekly fuel survey monthly average,observed_retail_gasoline,observed_retail,True,"Observed regular gasoline retail price, monthly average of official weekly data.",,,0.0,,CHN=regulated domestic product-price mechanism/proxy scenario; controls=observed retail-price pass-through.,-0.0008221656304607805,8050.384684310019,-0.028230203419241207,1.3,103.8496435,0.018006006333681768,,0.018006006333681768,-0.2271250192287946,0.0,ARX_one_step_residual_lagged_information,,,,-0.2227949159068178,EIA_STEO_July_2026_ex_post_2022plus,112.741684
JPN,Japan,2018,2018-09,2018-09-30,153.3,JPY/litre,Japan METI weekly fuel survey monthly average,observed_retail_gasoline,observed_retail,True,"Observed regular gasoline retail price, monthly average of official weekly data.",,,0.0,,CHN=regulated domestic product-price mechanism/proxy scenario; controls=observed retail-price pass-through.,0.008680752242982592,8843.473492105262,0.0939598512848363,1.2,102.11881611,-0.4999020215696426,,-0.4999020215696426,0.853284043900544,0.0,ARX_one_step_residual_lagged_information,,,,0.7721044015297376,EIA_STEO_July_2026_ex_post_2022plus,75.05391
JPN,Japan,2018,2018-10,2018-10-31,158.38,JPY/litre,Japan METI weekly fuel survey monthly average,observed_retail_gasoline,observed_retail,True,"Observed regular gasoline retail price, monthly average of official weekly data.",,,0.0,,CHN=regulated domestic product-price mechanism/proxy scenario; controls=observed retail-price pass-through.,0.032600422904497606,9134.093974703559,0.032334274715656974,1.4,105.85375943,2.50915737135049,,2.50915737135049,0.3098941070137567,0.0,ARX_one_step_residual_lagged_information,,,,0.2422209714529359,EIA_STEO_July_2026_ex_post_2022plus,92.01648
JPN,Japan,2018,2018-11,2018-11-30,156.5,JPY/litre,Japan METI weekly fuel survey monthly average,observed_retail_gasoline,observed_retail,True,"Observed regular gasoline retail price, monthly average of official weekly data.",,,0.0,,CHN=regulated domestic product-price mechanism/proxy scenario; controls=observed retail-price pass-through.,-0.011941198802058572,7338.429430909091,-0.21888915741988235,0.8,104.30512439,0.26315062889867846,,0.26315062889867846,-1.9526225628805007,0.0,ARX_one_step_residual_lagged_information,,,,-2.079541405844165,EIA_STEO_July_2026_ex_post_2022plus,80.407585
JPN,Japan,2018,2018-12,2018-12-31,148.775,JPY/litre,Japan METI weekly fuel survey monthly average,observed_retail_gasoline,observed_retail,True,"Observed regular gasoline retail price, monthly average of official weekly data.",,,0.0,,CHN=regulated domestic product-price mechanism/proxy scenario; controls=observed retail-price pass-through.,-0.050620912449291566,6436.024132026143,-0.13121386707909544,0.3,104.39622057,-1.081556621745694,,-1.081556621745694,-1.0061364944612583,0.0,ARX_one_step_residual_lagged_information,,,,-1.1251766525266678,EIA_STEO_July_2026_ex_post_2022plus,90.607666
JPN,Japan,2019,2019-01,2019-01-31,143.025,JPY/litre,Japan METI weekly fuel survey monthly average,observed_retail_gasoline,observed_retail,True,"Observed regular gasoline retail price, monthly average of official weekly data.",,,0.0,,CHN=regulated domestic product-price mechanism/proxy scenario; controls=observed retail-price pass-through.,-0.03941565737632313,6473.293777499999,0.005774084933483081,0.2,101.93662375,-0.1785714789463988,,-0.1785714789463988,0.188445533632504,0.0,ARX_one_step_residual_lagged_information,,,,0.3188447727567846,EIA_STEO_July_2026_ex_post_2022plus,87.4241
JPN,Japan,2019,2019-02,2019-02-28,143.25,JPY/litre,Japan METI weekly fuel survey monthly average,observed_retail_gasoline,observed_retail,True,"Observed regular gasoline retail price, monthly average of official weekly data.",,,0.0,,CHN=regulated domestic product-price mechanism/proxy scenario; controls=observed retail-price pass-through.,0.0015719154402562552,7063.79762,0.08729774980635518,0.2,103.48525879,-0.614306451768698,,-0.614306451768698,0.3179255869930876,0.0,ARX_one_step_residual_lagged_information,,,,0.6770586293080596,EIA_STEO_July_2026_ex_post_2022plus,96.80016
JPN,Japan,2019,2019-03,2019-03-31,145.225,JPY/litre,Japan METI weekly fuel survey monthly average,observed_retail_gasoline,observed_retail,True,"Observed regular gasoline retail price, monthly average of official weekly data.",,,0.0,,CHN=regulated domestic product-price mechanism/proxy scenario; controls=observed retail-price pass-through.,0.013692908283746696,7350.924279591838,0.03984324424312469,0.5,102.66539318,-2.367493303063206,,-2.367493303063206,0.2509811626919623,0.0,ARX_one_step_residual_lagged_information,,,,0.3042339624987233,EIA_STEO_July_2026_ex_post_2022plus,82.32829
JPN,Japan,2019,2019-04,2019-04-30,146.975,JPY/litre,Japan METI weekly fuel survey monthly average,observed_retail_gasoline,observed_retail,True,"Observed regular gasoline retail price, monthly average of official weekly data.",,,0.0,,CHN=regulated domestic product-price mechanism/proxy scenario; controls=observed retail-price pass-through.,0.011978240409722396,7952.58646969697,0.07867116021021836,0.9,102.48320082,-1.3245226773131336,,-1.3245226773131336,0.7415849113131195,0.0,ARX_one_step_residual_lagged_information,,,,0.6807381297896776,EIA_STEO_July_2026_ex_post_2022plus,79.25345
JPN,Japan,2019,2019-05,2019-05-31,150.175,JPY/litre,Japan METI weekly fuel survey monthly average,observed_retail_gasoline,observed_retail,True,"Observed regular gasoline retail price, monthly average of official weekly data.",,,0.0,,CHN=regulated domestic product-price mechanism/proxy scenario; controls=observed retail-price pass-through.,0.02153877644790736,7842.907719628099,-0.01388756964623461,0.7,103.57635497,-0.526317003388499,,-0.526317003388499,0.1036321340257055,0.0,ARX_one_step_residual_lagged_information,,,,0.0055781678142461,EIA_STEO_July_2026_ex_post_2022plus,106.4719
JPN,Japan,2019,2019-06,2019-06-30,147.875,JPY/litre,Japan METI weekly fuel survey monthly average,observed_retail_gasoline,observed_retail,True,"Observed regular gasoline retail price, monthly average of official weekly data.",,,0.0,,CHN=regulated domestic product-price mechanism/proxy scenario; controls=observed retail-price pass-through.,-0.01543395843767481,6940.2131042500005,-0.1222771674964509,0.7,102.30100847,-1.3268659873618027,,-1.3268659873618027,-0.7544511920195658,0.0,ARX_one_step_residual_lagged_information,,,,-0.9745194423062468,EIA_STEO_July_2026_ex_post_2022plus,106.588455
JPN,Japan,2019,2019-07,2019-07-31,145.7,JPY/litre,Japan METI weekly fuel survey monthly average,observed_retail_gasoline,observed_retail,True,"Observed regular gasoline retail price, monthly average of official weekly data.",,,0.0,,CHN=regulated domestic product-price mechanism/proxy scenario; controls=observed retail-price pass-through.,-0.014817609097391937,6921.5702015810275,-0.00268982907870452,0.5,102.20991229,-1.2400513206550556,,-1.2400513206550556,-0.1475646384633109,0.0,ARX_one_step_residual_lagged_information,,,,-0.0488585610737776,EIA_STEO_July_2026_ex_post_2022plus,93.521255
JPN,Japan,2019,2019-08,2019-08-31,144.6,JPY/litre,Japan METI weekly fuel survey monthly average,observed_retail_gasoline,observed_retail,True,"Observed regular gasoline retail price, monthly average of official weekly data.",,,0.0,,CHN=regulated domestic product-price mechanism/proxy scenario; controls=observed retail-price pass-through.,-0.007578403476494522,6269.570161157025,-0.09893485417738468,0.3,101.20785431999998,-2.5767751780980674,,-2.5767751780980674,-0.8952299415487155,0.0,ARX_one_step_residual_lagged_information,,,,-0.7392204902481774,EIA_STEO_July_2026_ex_post_2022plus,103.40442
JPN,Japan,2019,2019-09,2019-09-30,143.66,JPY/litre,Japan METI weekly fuel survey monthly average,observed_retail_gasoline,observed_retail,True,"Observed regular gasoline retail price, monthly average of official weekly data.",,,0.0,,CHN=regulated domestic product-price mechanism/proxy scenario; controls=observed retail-price pass-through.,-0.0065219130780089785,6756.379733333335,0.0747794067390597,0.2,102.39210464,0.2672607327460774,,0.2672607327460774,0.7267762189669941,0.0,ARX_one_step_residual_lagged_information,,,,0.5690958721819117,EIA_STEO_July_2026_ex_post_2022plus,90.36799
JPN,Japan,2019,2019-10,2019-10-31,147.175,JPY/litre,Japan METI weekly fuel survey monthly average,observed_retail_gasoline,observed_retail,True,"Observed regular gasoline retail price, monthly average of official weekly data.",,,0.0,,CHN=regulated domestic product-price mechanism/proxy scenario; controls=observed retail-price pass-through.,0.024172958267669742,6457.178525691701,-0.045294742536585275,0.2,98.7482575,-6.948475547431521,,-6.948475547431521,-0.5756594546753463,0.0,ARX_one_step_residual_lagged_information,,,,-0.4753168273233417,EIA_STEO_July_2026_ex_post_2022plus,97.83673
JPN,Japan,2019,2019-11,2019-11-30,146.875,JPY/litre,Japan METI weekly fuel survey monthly average,observed_retail_gasoline,observed_retail,True,"Observed regular gasoline retail price, monthly average of official weekly data.",,,0.0,,CHN=regulated domestic product-price mechanism/proxy scenario; controls=observed retail-price pass-through.,-0.0020404700159017963,6881.114874686718,0.06358822289868549,0.5,98.01948808,-6.2154175195686,,-6.2154175195686,0.325523975981759,0.0,ARX_one_step_residual_lagged_information,,,,0.5210974588565558,EIA_STEO_July_2026_ex_post_2022plus,73.078384
JPN,Japan,2019,2019-12,2019-12-31,147.9,JPY/litre,Japan METI weekly fuel survey monthly average,observed_retail_gasoline,observed_retail,True,"Observed regular gasoline retail price, monthly average of official weekly data.",,,0.0,,CHN=regulated domestic product-price mechanism/proxy scenario; controls=observed retail-price pass-through.,0.0069544848183307195,7333.454302040816,0.0636659757303839,0.8,98.38387279,-5.931657714098648,,-5.931657714098648,0.4989297512798961,0.0,ARX_one_step_residual_lagged_information,,,,0.5626427037356834,EIA_STEO_July_2026_ex_post_2022plus,74.27989
JPN,Japan,2020,2020-01,2020-01-31,151.075,JPY/litre,Japan METI weekly fuel survey monthly average,observed_retail_gasoline,observed_retail,True,"Observed regular gasoline retail price, monthly average of official weekly data.",,,0.0,,CHN=regulated domestic product-price mechanism/proxy scenario; controls=observed retail-price pass-through.,0.02124003253086837,6954.326666666668,-0.05308265244272725,0.7,98.47496897,-3.454889063932054,,-3.454889063932054,-0.6705064432322924,0.0,ARX_one_step_residual_lagged_information,,,,-0.5101846776295887,EIA_STEO_July_2026_ex_post_2022plus,138.42094
JPN,Japan,2020,2020-02,2020-02-29,149.375,JPY/litre,Japan METI weekly fuel survey monthly average,observed_retail_gasoline,observed_retail,True,"Observed regular gasoline retail price, monthly average of official weekly data.",,,0.0,,CHN=regulated domestic product-price mechanism/proxy scenario; controls=observed retail-price pass-through.,-0.011316479561847004,6123.9104168421045,-0.1271631583657964,0.4,96.01537215,-7.492087020050953,,-7.492087020050953,-1.4886935956750118,0.0,ARX_one_step_residual_lagged_information,,,,-1.2453944208448664,EIA_STEO_July_2026_ex_post_2022plus,75.95556
JPN,Japan,2020,2020-03,2020-03-31,142.68,JPY/litre,Japan METI weekly fuel survey monthly average,observed_retail_gasoline,observed_retail,True,"Observed regular gasoline retail price, monthly average of official weekly data.",,,0.0,,CHN=regulated domestic product-price mechanism/proxy scenario; controls=observed retail-price pass-through.,-0.04585556219508469,3446.5762190082637,-0.5748195114778589,0.4,96.10646833,-6.601846810181922,,-6.601846810181922,-5.233802918763738,0.0,ARX_one_step_residual_lagged_information,,,,-5.119287024916463,EIA_STEO_July_2026_ex_post_2022plus,81.54003
JPN,Japan,2020,2020-04,2020-04-30,131.375,JPY/litre,Japan METI weekly fuel survey monthly average,observed_retail_gasoline,observed_retail,True,"Observed regular gasoline retail price, monthly average of official weekly data.",,,0.0,,CHN=regulated domestic product-price mechanism/proxy scenario; controls=observed retail-price pass-through.,-0.08254853129357542,1980.0745284090908,-0.5542468533919038,0.1,87.08794666,-16.278040149954442,,-16.278040149954442,-5.199309945631854,0.0,ARX_one_step_residual_lagged_information,,,,-5.135860269259506,EIA_STEO_July_2026_ex_post_2022plus,69.3394
JPN,Japan,2020,2020-05,2020-05-31,125.73333333333332,JPY/litre,Japan METI weekly fuel survey monthly average,observed_retail_gasoline,observed_retail,True,"Observed regular gasoline retail price, monthly average of official weekly data.",,,0.0,,CHN=regulated domestic product-price mechanism/proxy scenario; controls=observed retail-price pass-through.,-0.04389256710592271,3149.4231578947374,0.4640848269816402,0.1,79.7091562,-26.19246073857493,,-26.19246073857493,3.9668162669824367,0.0,ARX_one_step_residual_lagged_information,,,,4.331729751051854,EIA_STEO_July_2026_ex_post_2022plus,68.50722
JPN,Japan,2020,2020-06,2020-06-30,129.86,JPY/litre,Japan METI weekly fuel survey monthly average,observed_retail_gasoline,observed_retail,True,"Observed regular gasoline retail price, monthly average of official weekly data.",,,0.0,,CHN=regulated domestic product-price mechanism/proxy scenario; controls=observed retail-price pass-through.,0.0322936849891482,4331.831087603305,0.3187710250068747,0.1,81.89546448,-22.247592030477126,,-22.247592030477126,2.436789638774949,0.0,ARX_one_step_residual_lagged_information,,,,2.909312404330328,EIA_STEO_July_2026_ex_post_2022plus,71.22786
JPN,Japan,2020,2020-07,2020-07-31,131.9,JPY/litre,Japan METI weekly fuel survey monthly average,observed_retail_gasoline,observed_retail,True,"Observed regular gasoline retail price, monthly average of official weekly data.",,,0.0,,CHN=regulated domestic product-price mechanism/proxy scenario; controls=observed retail-price pass-through.,0.015587112642927892,4613.153735177867,0.06292139393038099,0.3,86.54136958000001,-16.64061015574685,,-16.64061015574685,0.01030566042997,0.0,ARX_one_step_residual_lagged_information,,,,0.6537384842262939,EIA_STEO_July_2026_ex_post_2022plus,66.47328
JPN,Japan,2020,2020-08,2020-08-31,135.22,JPY/litre,Japan METI weekly fuel survey monthly average,observed_retail_gasoline,observed_retail,True,"Observed regular gasoline retail price, monthly average of official weekly data.",,,0.0,,CHN=regulated domestic product-price mechanism/proxy scenario; controls=observed retail-price pass-through.,0.024859021939263037,4742.591177142857,0.027671917658715017,0.2,89.09206257999999,-12.750611959046587,,-12.750611959046587,-0.0329631673480962,0.0,ARX_one_step_residual_lagged_information,,,,0.3086337464573048,EIA_STEO_July_2026_ex_post_2022plus,65.46605
JPN,Japan,2020,2020-09,2020-09-30,135.25,JPY/litre,Japan METI weekly fuel survey monthly average,observed_retail_gasoline,observed_retail,True,"Observed regular gasoline retail price, monthly average of official weekly data.",,,0.0,,CHN=regulated domestic product-price mechanism/proxy scenario; controls=observed retail-price pass-through.,0.00022183606405956624,4319.599943073593,-0.09342085598847838,0.0,91.00508233,-11.78942517702799,,-11.78942517702799,-1.337846087993822,0.0,ARX_one_step_residual_lagged_information,,,,-0.8320689060780462,EIA_STEO_July_2026_ex_post_2022plus,80.37738
JPN,Japan,2020,2020-10,2020-10-31,134.15,JPY/litre,Japan METI weekly fuel survey monthly average,observed_retail_gasoline,observed_retail,True,"Observed regular gasoline retail price, monthly average of official weekly data.",,,0.0,,CHN=regulated domestic product-price mechanism/proxy scenario; controls=observed retail-price pass-through.,-0.00816634085495771,4228.32293939394,-0.021357345982341513,-0.4,95.19550654,-3.66410175826557,,-3.66410175826557,-0.5674547419519714,0.0,ARX_one_step_residual_lagged_information,,,,-0.1695395031828312,EIA_STEO_July_2026_ex_post_2022plus,76.08317
JPN,Japan,2020,2020-11,2020-11-30,133.07999999999998,JPY/litre,Japan METI weekly fuel survey monthly average,observed_retail_gasoline,observed_retail,True,"Observed regular gasoline retail price, monthly average of official weekly data.",,,0.0,,CHN=regulated domestic product-price mechanism/proxy scenario; controls=observed retail-price pass-through.,-0.008008125721358006,4457.3454693121685,0.05274795636994867,-0.9,94.46673711,-3.6918532576810215,,-3.6918532576810215,0.159158192905724,0.0,ARX_one_step_residual_lagged_information,,,,0.5531928001953953,EIA_STEO_July_2026_ex_post_2022plus,70.06747
JPN,Japan,2020,2020-12,2020-12-31,134.76666666666665,JPY/litre,Japan METI weekly fuel survey monthly average,observed_retail_gasoline,observed_retail,True,"Observed regular gasoline retail price, monthly average of official weekly data.",,,0.0,,CHN=regulated domestic product-price mechanism/proxy scenario; controls=observed retail-price pass-through.,0.012594436828339717,5189.10138961039,0.15200713694447465,-1.2,94.37564094,-4.159389725213636,,-4.159389725213636,0.9731595394932884,0.0,ARX_one_step_residual_lagged_information,,,,1.4542880617593923,EIA_STEO_July_2026_ex_post_2022plus,64.06729
JPN,Japan,2021,2021-01,2021-01-31,137.275,JPY/litre,Japan METI weekly fuel survey monthly average,observed_retail_gasoline,observed_retail,True,"Observed regular gasoline retail price, monthly average of official weekly data.",,,0.0,,CHN=regulated domestic product-price mechanism/proxy scenario; controls=observed retail-price pass-through.,0.018441325186321578,5684.90217,0.09125337908124109,-0.7,96.92633393,-1.5851147792496967,,-1.5851147792496967,0.3836631169226632,0.0,ARX_one_step_residual_lagged_information,,,,0.8389414996582737,EIA_STEO_July_2026_ex_post_2022plus,77.4187
JPN,Japan,2021,2021-02,2021-02-28,140.85,JPY/litre,Japan METI weekly fuel survey monthly average,observed_retail_gasoline,observed_retail,True,"Observed regular gasoline retail price, monthly average of official weekly data.",,,0.0,,CHN=regulated domestic product-price mechanism/proxy scenario; controls=observed retail-price pass-through.,0.025709281157444863,6562.533684473685,0.14356284216558812,-0.5,96.10646833,0.0948316824358919,,0.0948316824358919,1.0471454699695986,0.0,ARX_one_step_residual_lagged_information,,,,1.1814795261633393,EIA_STEO_July_2026_ex_post_2022plus,73.9568
JPN,Japan,2021,2021-03,2021-03-31,147.6,JPY/litre,Japan METI weekly fuel survey monthly average,observed_retail_gasoline,observed_retail,True,"Observed regular gasoline retail price, monthly average of official weekly data.",,,0.0,,CHN=regulated domestic product-price mechanism/proxy scenario; controls=observed retail-price pass-through.,0.046810417843990315,7110.010121739129,0.08012690662938837,-0.4,96.74414158,0.6613155896028289,,0.6613155896028289,0.5541671762649659,0.0,ARX_one_step_residual_lagged_information,,,,0.4485084381959874,EIA_STEO_July_2026_ex_post_2022plus,78.61877
JPN,Japan,2021,2021-04,2021-04-30,150.4,JPY/litre,Japan METI weekly fuel survey monthly average,observed_retail_gasoline,observed_retail,True,"Observed regular gasoline retail price, monthly average of official weekly data.",,,0.0,,CHN=regulated domestic product-price mechanism/proxy scenario; controls=observed retail-price pass-through.,0.018792499349367553,7066.795335,-0.006096566779021373,-1.1,98.7482575,12.565526884819356,,12.565526884819356,0.1862069716688893,0.0,ARX_one_step_residual_lagged_information,,,,-0.0910692194610425,EIA_STEO_July_2026_ex_post_2022plus,88.16622
JPN,Japan,2021,2021-05,2021-05-31,151.875,JPY/litre,Japan METI weekly fuel survey monthly average,observed_retail_gasoline,observed_retail,True,"Observed regular gasoline retail price, monthly average of official weekly data.",,,0.0,,CHN=regulated domestic product-price mechanism/proxy scenario; controls=observed retail-price pass-through.,0.00975940257907304,7477.904778947368,0.056545542354806244,-0.8,94.64892947,17.179010467459843,,17.179010467459843,0.4497531915213519,0.0,ARX_one_step_residual_lagged_information,,,,0.5117128393307618,EIA_STEO_July_2026_ex_post_2022plus,93.00713
JPN,Japan,2021,2021-06,2021-06-30,154.825,JPY/litre,Japan METI weekly fuel survey monthly average,observed_retail_gasoline,observed_retail,True,"Observed regular gasoline retail price, monthly average of official weekly data.",,,0.0,,CHN=regulated domestic product-price mechanism/proxy scenario; controls=observed retail-price pass-through.,0.019237632729312004,8055.898511570246,0.07445191448634603,-0.5,98.83935368,18.805223147503014,,18.805223147503014,0.4549932173511998,0.0,ARX_one_step_residual_lagged_information,,,,0.5990337861743334,EIA_STEO_July_2026_ex_post_2022plus,74.12712
JPN,Japan,2021,2021-07,2021-07-31,158.05,JPY/litre,Japan METI weekly fuel survey monthly average,observed_retail_gasoline,observed_retail,True,"Observed regular gasoline retail price, monthly average of official weekly data.",,,0.0,,CHN=regulated domestic product-price mechanism/proxy scenario; controls=observed retail-price pass-through.,0.02061599183750218,8284.356980519482,0.0279644779081476,-0.3,97.38181483,11.801692651131201,,11.801692651131201,0.3769608296477943,0.0,ARX_one_step_residual_lagged_information,,,,0.2441988040870252,EIA_STEO_July_2026_ex_post_2022plus,58.42077
JPN,Japan,2021,2021-08,2021-08-31,158.26,JPY/litre,Japan METI weekly fuel survey monthly average,observed_retail_gasoline,observed_retail,True,"Observed regular gasoline retail price, monthly average of official weekly data.",,,0.0,,CHN=regulated domestic product-price mechanism/proxy scenario; controls=observed retail-price pass-through.,0.0013278115194204076,7771.766589610391,-0.0638715365290814,-0.4,94.28454476,5.664703571865903,,5.664703571865903,-0.2830597305679688,0.0,ARX_one_step_residual_lagged_information,,,,-0.5655219548259344,EIA_STEO_July_2026_ex_post_2022plus,89.48655
JPN,Japan,2021,2021-09,2021-09-30,158.375,JPY/litre,Japan METI weekly fuel survey monthly average,observed_retail_gasoline,observed_retail,True,"Observed regular gasoline retail price, monthly average of official weekly data.",,,0.0,,CHN=regulated domestic product-price mechanism/proxy scenario; controls=observed retail-price pass-through.,0.0007263884602561888,8205.739123376623,0.05433630370663245,0.2,89.54754348,-1.6145658432862753,,-1.6145658432862753,0.5185963091691657,0.0,ARX_one_step_residual_lagged_information,,,,0.4710994601392794,EIA_STEO_July_2026_ex_post_2022plus,80.69697
JPN,Japan,2021,2021-10,2021-10-31,163.5,JPY/litre,Japan METI weekly fuel survey monthly average,observed_retail_gasoline,observed_retail,True,"Observed regular gasoline retail price, monthly average of official weekly data.",,,0.0,,CHN=regulated domestic product-price mechanism/proxy scenario; controls=observed retail-price pass-through.,0.03184735169600472,9449.95464047619,0.14117613899055392,0.1,93.46467915,-1.8349138650688879,,-1.8349138650688879,1.1039672592649925,0.0,ARX_one_step_residual_lagged_information,,,,1.054700192682048,EIA_STEO_July_2026_ex_post_2022plus,79.029236
JPN,Japan,2021,2021-11,2021-11-30,168.78,JPY/litre,Japan METI weekly fuel survey monthly average,observed_retail_gasoline,observed_retail,True,"Observed regular gasoline retail price, monthly average of official weekly data.",,,0.0,,CHN=regulated domestic product-price mechanism/proxy scenario; controls=observed retail-price pass-through.,0.03178310139251206,9236.86325,-0.022807588633872555,0.6,97.56400718,3.226086222662339,,3.226086222662339,-0.0706849995392918,0.0,ARX_one_step_residual_lagged_information,,,,-0.2849249323065002,EIA_STEO_July_2026_ex_post_2022plus,86.569145
JPN,Japan,2021,2021-12,2021-12-31,166.33333333333334,JPY/litre,Japan METI weekly fuel survey monthly average,observed_retail_gasoline,observed_retail,True,"Observed regular gasoline retail price, monthly average of official weekly data.",,,0.0,,CHN=regulated domestic product-price mechanism/proxy scenario; controls=observed retail-price pass-through.,-0.014602284646411334,8443.037220408163,-0.089860248799015,0.8,96.28866068,2.006756295958567,,2.006756295958567,-0.6113686709374714,0.0,ARX_one_step_residual_lagged_information,,,,-0.8254577822011292,EIA_STEO_July_2026_ex_post_2022plus,105.34542
JPN,Japan,2022,2022-01,2022-01-31,168.14,JPY/litre,Japan METI weekly fuel survey monthly average,observed_retail_gasoline,observed_retail,True,"Observed regular gasoline retail price, monthly average of official weekly data.",,,0.0,,CHN=regulated domestic product-price mechanism/proxy scenario; controls=observed retail-price pass-through.,0.010803158623741815,9933.007216904762,0.16252116967973862,0.5,95.65098744,-1.3245226655103082,,-1.3245226655103082,1.5810680213281163,0.0,ARX_one_step_residual_lagged_information,,,,1.416968417780749,EIA_STEO_July_2026_ex_post_2022plus,138.67499
JPN,Japan,2022,2022-02,2022-02-28,171.85,JPY/litre,Japan METI weekly fuel survey monthly average,observed_retail_gasoline,observed_retail,True,"Observed regular gasoline retail price, monthly average of official weekly data.",,,0.0,,CHN=regulated domestic product-price mechanism/proxy scenario; controls=observed retail-price pass-through.,0.02182503758869192,11196.67327631579,0.11975343148747974,0.9,96.6530454,0.5671092692733914,,0.5671092692733914,1.0703315474347286,0.0,ARX_one_step_residual_lagged_information,,,,1.065599386143739,EIA_STEO_July_2026_ex_post_2022plus,216.15901
JPN,Japan,2022,2022-03,2022-03-31,174.6,JPY/litre,Japan METI weekly fuel survey monthly average,observed_retail_gasoline,observed_retail,True,"Observed regular gasoline retail price, monthly average of official weekly data.",,,0.0,,CHN=regulated domestic product-price mechanism/proxy scenario; controls=observed retail-price pass-through.,0.015875640109658917,13902.632021172023,0.21646147097373358,1.2,96.01537215,-0.7561472720387208,,-0.7561472720387208,1.922395201592899,0.0,ARX_one_step_residual_lagged_information,-1.0065993210972508,0.0181492869995741,1.5770688740536394,1.7349150673297866,EIA_STEO_July_2026_ex_post_2022plus,318.95493
JPN,Japan,2022,2022-04,2022-04-30,173.6,JPY/litre,Japan METI weekly fuel survey monthly average,observed_retail_gasoline,observed_retail,True,"Observed regular gasoline retail price, monthly average of official weekly data.",,,0.0,,CHN=regulated domestic product-price mechanism/proxy scenario; controls=observed retail-price pass-through.,-0.005743841179251419,13215.624184962408,-0.05067839624614123,2.5,95.65098744,-3.1867738751962804,,-3.1867738751962804,-0.6789392095214486,0.0,ARX_one_step_residual_lagged_information,-0.1461343783478032,-1.6477127361273944,-2.144783681849617,-1.0627055388305418,EIA_STEO_July_2026_ex_post_2022plus,191.1431
JPN,Japan,2022,2022-05,2022-05-31,169.625,JPY/litre,Japan METI weekly fuel survey monthly average,observed_retail_gasoline,observed_retail,True,"Observed regular gasoline retail price, monthly average of official weekly data.",,,0.0,,CHN=regulated domestic product-price mechanism/proxy scenario; controls=observed retail-price pass-through.,-0.023163684071216828,14603.390303401362,0.09985393431241896,2.5,91.09617851,-3.8258712097121617,,-3.8258712097121617,1.1039174182479583,0.0,ARX_one_step_residual_lagged_information,0.2782729613369721,0.1705525783912704,0.9676004022294366,0.7385727675198195,EIA_STEO_July_2026_ex_post_2022plus,142.25848
JPN,Japan,2022,2022-06,2022-06-30,172.45,JPY/litre,Japan METI weekly fuel survey monthly average,observed_retail_gasoline,observed_retail,True,"Observed regular gasoline retail price, monthly average of official weekly data.",,,0.0,,CHN=regulated domestic product-price mechanism/proxy scenario; controls=observed retail-price pass-through.,0.016517221227816847,16438.59291609977,0.11837808260119331,2.4,96.10646833,-2.8039220010209753,,-2.8039220010209753,1.4204844064848343,0.0,ARX_one_step_residual_lagged_information,-0.8531357311139594,1.7693744958686008,1.301702671732937,0.7292934422446856,EIA_STEO_July_2026_ex_post_2022plus,130.70732
JPN,Japan,2022,2022-07,2022-07-31,172.025,JPY/litre,Japan METI weekly fuel survey monthly average,observed_retail_gasoline,observed_retail,True,"Observed regular gasoline retail price, monthly average of official weekly data.",,,0.0,,CHN=regulated domestic product-price mechanism/proxy scenario; controls=observed retail-price pass-through.,-0.0024675242943068554,15301.252474285713,-0.07169711080767449,2.6,96.56194922,-0.8454723954001153,,-0.8454723954001153,-0.4806703313575357,0.0,ARX_one_step_residual_lagged_information,-1.1071407029483085,-0.3915175098824278,-1.1564901391733493,-0.8559327971030861,EIA_STEO_July_2026_ex_post_2022plus,117.176765
JPN,Japan,2022,2022-08,2022-08-31,169.45999999999998,JPY/litre,Japan METI weekly fuel survey monthly average,observed_retail_gasoline,observed_retail,True,"Observed regular gasoline retail price, monthly average of official weekly data.",,,0.0,,CHN=regulated domestic product-price mechanism/proxy scenario; controls=observed retail-price pass-through.,-0.015022904318224839,13588.733451383401,-0.11869365939448073,3.0,97.9283919,3.7919234857360706,,3.7919234857360706,-0.326717240364054,0.0,ARX_one_step_residual_lagged_information,-0.292921464944351,-0.8158523115998736,-1.077247986154523,-1.0058533166977166,EIA_STEO_July_2026_ex_post_2022plus,132.86322
JPN,Japan,2022,2022-09,2022-09-30,169.725,JPY/litre,Japan METI weekly fuel survey monthly average,observed_retail_gasoline,observed_retail,True,"Observed regular gasoline retail price, monthly average of official weekly data.",,,0.0,,CHN=regulated domestic product-price mechanism/proxy scenario; controls=observed retail-price pass-through.,0.00156256941739219,12861.879791836735,-0.054973145042005456,3.0,97.10852629,8.105948450937728,,8.105948450937728,-0.9341469186120064,0.0,ARX_one_step_residual_lagged_information,0.0002699968113363,0.2110253233709895,-1.4383260217963714,-1.0448689963496265,EIA_STEO_July_2026_ex_post_2022plus,131.98587
JPN,Japan,2022,2022-10,2022-10-31,169.04,JPY/litre,Japan METI weekly fuel survey monthly average,observed_retail_gasoline,observed_retail,True,"Observed regular gasoline retail price, monthly average of official weekly data.",,,0.0,,CHN=regulated domestic product-price mechanism/proxy scenario; controls=observed retail-price pass-through.,-0.004044106879909748,13724.596593095239,0.06492171316353357,3.7,96.83523776,3.5427352664679113,,3.5427352664679113,0.9824903126999572,0.0,ARX_one_step_residual_lagged_information,0.1220815835578238,-2.349045123913712,0.5797360556193126,0.3549288380414978,EIA_STEO_July_2026_ex_post_2022plus,143.16241
JPN,Japan,2022,2022-11,2022-11-30,167.775,JPY/litre,Japan METI weekly fuel survey monthly average,observed_retail_gasoline,observed_retail,True,"Observed regular gasoline retail price, monthly average of official weekly data.",,,0.0,,CHN=regulated domestic product-price mechanism/proxy scenario; controls=observed retail-price pass-through.,-0.007511577263497493,13021.674422727276,-0.052574362431673904,3.8,96.10646833,-1.505202447414078,,-1.505202447414078,0.2475833527162003,0.0,ARX_one_step_residual_lagged_information,-0.1065800475073294,0.1156073078361167,-0.0009838159336983,-0.197192597872037,EIA_STEO_July_2026_ex_post_2022plus,116.716286
JPN,Japan,2022,2022-12,2022-12-31,168.075,JPY/litre,Japan METI weekly fuel survey monthly average,observed_retail_gasoline,observed_retail,True,"Observed regular gasoline retail price, monthly average of official weekly data.",,,0.0,,CHN=regulated domestic product-price mechanism/proxy scenario; controls=observed retail-price pass-through.,0.0017865123107974057,10917.842192380955,-0.1762168830470472,4.0,95.83317979,-0.47415925462237496,,-0.47415925462237496,-1.3933163065402654,0.0,ARX_one_step_residual_lagged_information,0.6273075468526614,1.3108545958145574,-1.9081433053142292,-1.1324502352122976,EIA_STEO_July_2026_ex_post_2022plus,111.19594
JPN,Japan,2023,2023-01,2023-01-31,168.14999999999998,JPY/litre,Japan METI weekly fuel survey monthly average,observed_retail_gasoline,observed_retail,True,"Observed regular gasoline retail price, monthly average of official weekly data.",,,0.0,,CHN=regulated domestic product-price mechanism/proxy scenario; controls=observed retail-price pass-through.,0.0004461298311779771,10762.105103571428,-0.014367172166533493,4.3,92.09823647,-3.78502242173413,,-3.78502242173413,-0.1362017123909658,0.0,ARX_one_step_residual_lagged_information,0.1257062260210339,-2.376852943604539,0.3712807158762576,0.1731194061007357,EIA_STEO_July_2026_ex_post_2022plus,104.267044
JPN,Japan,2023,2023-02,2023-02-28,167.45,JPY/litre,Japan METI weekly fuel survey monthly average,observed_retail_gasoline,observed_retail,True,"Observed regular gasoline retail price, monthly average of official weekly data.",,,0.0,,CHN=regulated domestic product-price mechanism/proxy scenario; controls=observed retail-price pass-through.,-0.004171638946065315,10987.629989473686,0.020738916415961484,3.3,95.10441036,-1.6152370227292323,,-1.6152370227292323,-0.2064568592249621,0.0,ARX_one_step_residual_lagged_information,-0.3410759897279797,1.261675081781293,0.7094859485014099,0.0039916586781382,EIA_STEO_July_2026_ex_post_2022plus,120.99438
JPN,Japan,2023,2023-03,2023-03-31,167.575,JPY/litre,Japan METI weekly fuel survey monthly average,observed_retail_gasoline,observed_retail,True,"Observed regular gasoline retail price, monthly average of official weekly data.",,,0.0,,CHN=regulated domestic product-price mechanism/proxy scenario; controls=observed retail-price pass-through.,0.0007462130038078385,10483.875949338375,-0.04693164059799848,3.2,95.10441036,-0.953296071019949,,-0.953296071019949,-0.2346375777480235,0.0,ARX_one_step_residual_lagged_information,-0.5978459691440822,0.866013951758538,-0.0251238238492574,-0.4821307967247998,EIA_STEO_July_2026_ex_post_2022plus,105.379974
JPN,Japan,2023,2023-04,2023-04-30,168.175,JPY/litre,Japan METI weekly fuel survey monthly average,observed_retail_gasoline,observed_retail,True,"Observed regular gasoline retail price, monthly average of official weekly data.",,,0.0,,CHN=regulated domestic product-price mechanism/proxy scenario; controls=observed retail-price pass-through.,0.003574091667648105,11297.059222499998,0.07470399303988273,3.5,95.46879508,-0.19065783017060411,,-0.19065783017060411,0.9255214358403244,0.0,ARX_one_step_residual_lagged_information,0.73745645972952,-0.5069858441380255,0.9591043655415706,0.6984580366746174,EIA_STEO_July_2026_ex_post_2022plus,106.809654
JPN,Japan,2023,2023-05,2023-05-31,168.025,JPY/litre,Japan METI weekly fuel survey monthly average,observed_retail_gasoline,observed_retail,True,"Observed regular gasoline retail price, monthly average of official weekly data.",,,0.0,,CHN=regulated domestic product-price mechanism/proxy scenario; controls=observed retail-price pass-through.,-0.0008923260556397139,10342.855419090909,-0.0882464623781587,3.2,93.10029444,2.1761491811372657,,2.1761491811372657,-1.147490113914091,0.0,ARX_one_step_residual_lagged_information,-0.3295831531959921,0.2245607169064824,-1.3532619292581174,-1.0658903841627825,EIA_STEO_July_2026_ex_post_2022plus,108.46768
JPN,Japan,2023,2023-06,2023-06-30,169.775,JPY/litre,Japan METI weekly fuel survey monthly average,observed_retail_gasoline,observed_retail,True,"Observed regular gasoline retail price, monthly average of official weekly data.",,,0.0,,CHN=regulated domestic product-price mechanism/proxy scenario; controls=observed retail-price pass-through.,0.010361253143825522,10579.111340259742,0.022585444924200004,3.3,95.46879508,-0.6657181033547843,,-0.6657181033547843,0.0600737387890764,0.0,ARX_one_step_residual_lagged_information,-0.1612810686029946,2.025246693694372,0.3859428456194001,-0.0824950425078528,EIA_STEO_July_2026_ex_post_2022plus,110.528946
JPN,Japan,2023,2023-07,2023-07-31,174.26,JPY/litre,Japan METI weekly fuel survey monthly average,observed_retail_gasoline,observed_retail,True,"Observed regular gasoline retail price, monthly average of official weekly data.",,,0.0,,CHN=regulated domestic product-price mechanism/proxy scenario; controls=observed retail-price pass-through.,0.026074405803285572,11290.114510476187,0.06504609215832424,3.3,94.28454476,-2.386748137762673,,-2.386748137762673,0.6620500987538598,0.0,ARX_one_step_residual_lagged_information,0.2407922554032768,-0.2884870142408646,0.9265930743431204,0.6236721502550346,EIA_STEO_July_2026_ex_post_2022plus,107.448784
JPN,Japan,2023,2023-08,2023-08-31,182.875,JPY/litre,Japan METI weekly fuel survey monthly average,observed_retail_gasoline,observed_retail,True,"Observed regular gasoline retail price, monthly average of official weekly data.",,,0.0,,CHN=regulated domestic product-price mechanism/proxy scenario; controls=observed retail-price pass-through.,0.04825442253714751,12472.50541007905,0.099599133757172,3.2,94.01125622,-4.0821994562803,,-4.0821994562803,0.5974681965228895,0.0,ARX_one_step_residual_lagged_information,-0.1253284831553398,-0.5749444993505445,1.3085877528860088,0.6666653733488299,EIA_STEO_July_2026_ex_post_2022plus,101.14118
JPN,Japan,2023,2023-09,2023-09-30,183.45,JPY/litre,Japan METI weekly fuel survey monthly average,observed_retail_gasoline,observed_retail,True,"Observed regular gasoline retail price, monthly average of official weekly data.",,,0.0,,CHN=regulated domestic product-price mechanism/proxy scenario; controls=observed retail-price pass-through.,0.003139291461002891,13856.385411904763,0.10521951244398053,3.0,94.1023524,-3.144613559787679,,-3.144613559787679,1.1863314246320713,0.0,ARX_one_step_residual_lagged_information,-0.9313361053345596,-0.3883915338688654,1.7988485894835846,0.7737924217185663,EIA_STEO_July_2026_ex_post_2022plus,98.63481
JPN,Japan,2023,2023-10,2023-10-31,175.54000000000002,JPY/litre,Japan METI weekly fuel survey monthly average,observed_retail_gasoline,observed_retail,True,"Observed regular gasoline retail price, monthly average of official weekly data.",,,0.0,,CHN=regulated domestic product-price mechanism/proxy scenario; controls=observed retail-price pass-through.,-0.0440752136373197,13552.544027272725,-0.022171886164620958,3.3,95.19550654,-1.7078214013990234,,-1.7078214013990234,0.0954693816472539,0.0,ARX_one_step_residual_lagged_information,-0.5450745786020462,-0.9512388700907632,-0.2268851255126473,-0.3190547350622526,EIA_STEO_July_2026_ex_post_2022plus,197.88701
JPN,Japan,2023,2023-11,2023-11-30,173.65,JPY/litre,Japan METI weekly fuel survey monthly average,observed_retail_gasoline,observed_retail,True,"Observed regular gasoline retail price, monthly average of official weekly data.",,,0.0,,CHN=regulated domestic product-price mechanism/proxy scenario; controls=observed retail-price pass-through.,-0.010825157973888722,12414.37626,-0.08771910393259752,2.8,94.64892947,-1.5282054851198268,,-1.5282054851198268,-0.4738513627810214,0.0,ARX_one_step_residual_lagged_information,-0.0010804313463027,0.7161848335558986,-0.8649564873363561,-0.8216812308212115,EIA_STEO_July_2026_ex_post_2022plus,156.69614
JPN,Japan,2023,2023-12,2023-12-31,174.975,JPY/litre,Japan METI weekly fuel survey monthly average,observed_retail_gasoline,observed_retail,True,"Observed regular gasoline retail price, monthly average of official weekly data.",,,0.0,,CHN=regulated domestic product-price mechanism/proxy scenario; controls=observed retail-price pass-through.,0.007601327385520662,11177.435404473687,-0.1049581268184614,2.6,95.55989126,-0.2855784843563747,,-0.2855784843563747,-0.8493628951263789,0.0,ARX_one_step_residual_lagged_information,0.2473668489230205,0.5002792624080379,-0.7547883177021754,-0.6169674999765228,EIA_STEO_July_2026_ex_post_2022plus,142.27946
JPN,Japan,2024,2024-01,2024-01-31,175.25,JPY/litre,Japan METI weekly fuel survey monthly average,observed_retail_gasoline,observed_retail,True,"Observed regular gasoline retail price, monthly average of official weekly data.",,,0.0,,CHN=regulated domestic product-price mechanism/proxy scenario; controls=observed retail-price pass-through.,0.001570419339095963,11721.696648051948,0.04754448882168383,2.2,89.18315876,-3.216357646522816,,-3.216357646522816,0.1289068697168128,0.0,ARX_one_step_residual_lagged_information,1.6419523155192652,-1.676517032990502,-0.2153688039706747,0.2868767271983697,EIA_STEO_July_2026_ex_post_2022plus,160.37366
JPN,Japan,2024,2024-02,2024-02-29,174.5,JPY/litre,Japan METI weekly fuel survey monthly average,observed_retail_gasoline,observed_retail,True,"Observed regular gasoline retail price, monthly average of official weekly data.",,,0.0,,CHN=regulated domestic product-price mechanism/proxy scenario; controls=observed retail-price pass-through.,-0.004288784272217683,12489.57521904762,0.06345277501166358,2.8,89.27425493999999,-6.326219672904099,,-6.326219672904099,0.4772604335319077,0.0,ARX_one_step_residual_lagged_information,-0.3506955281109208,0.8216269591485711,0.8415975139787104,0.3737731033970987,EIA_STEO_July_2026_ex_post_2022plus,146.59818
JPN,Japan,2024,2024-03,2024-03-31,174.375,JPY/litre,Japan METI weekly fuel survey monthly average,observed_retail_gasoline,observed_retail,True,"Observed regular gasoline retail price, monthly average of official weekly data.",,,0.0,,CHN=regulated domestic product-price mechanism/proxy scenario; controls=observed retail-price pass-through.,-0.0007165890668519026,12795.779457857143,0.024221072822612655,2.7,92.46262119,-2.817087689459541,,-2.817087689459541,0.4585742395844509,0.0,ARX_one_step_residual_lagged_information,-0.9394214653003268,-0.218782261100837,0.7415869791796121,0.2059987010644816,EIA_STEO_July_2026_ex_post_2022plus,133.21317
JPN,Japan,2024,2024-04,2024-04-30,174.84,JPY/litre,Japan METI weekly fuel survey monthly average,observed_retail_gasoline,observed_retail,True,"Observed regular gasoline retail price, monthly average of official weekly data.",,,0.0,,CHN=regulated domestic product-price mechanism/proxy scenario; controls=observed retail-price pass-through.,0.0026631174194839957,13840.573476190475,0.0784889987741817,2.5,91.64275558,-4.090151424879185,,-4.090151424879185,0.5833845726716669,0.0,ARX_one_step_residual_lagged_information,0.0524693730823447,0.4241423653216205,0.1921506745659527,0.4724081417646454,EIA_STEO_July_2026_ex_post_2022plus,163.94734
JPN,Japan,2024,2024-05,2024-05-31,174.75,JPY/litre,Japan METI weekly fuel survey monthly average,observed_retail_gasoline,observed_retail,True,"Observed regular gasoline retail price, monthly average of official weekly data.",,,0.0,,CHN=regulated domestic product-price mechanism/proxy scenario; controls=observed retail-price pass-through.,-0.0005148888811943308,12741.704394805196,-0.08272396132438153,2.8,92.73590972,-0.392157371733326,,-0.392157371733326,-0.5039500293191513,0.0,ARX_one_step_residual_lagged_information,-0.5104034817820186,0.5114751952490312,-1.5662552012988609,-0.8883495772932078,EIA_STEO_July_2026_ex_post_2022plus,130.52187
JPN,Japan,2024,2024-06,2024-06-30,174.775,JPY/litre,Japan METI weekly fuel survey monthly average,observed_retail_gasoline,observed_retail,True,"Observed regular gasoline retail price, monthly average of official weekly data.",,,0.0,,CHN=regulated domestic product-price mechanism/proxy scenario; controls=observed retail-price pass-through.,0.00014305128412939183,12983.353560000003,0.018787617394552925,2.8,91.36946705,-4.388807688605123,,-4.388807688605123,0.142921377583839,0.0,ARX_one_step_residual_lagged_information,0.135415096587442,0.8578224166918471,0.2823280479124487,0.0509880659209963,EIA_STEO_July_2026_ex_post_2022plus,113.0928
JPN,Japan,2024,2024-07,2024-07-31,175.6,JPY/litre,Japan METI weekly fuel survey monthly average,observed_retail_gasoline,observed_retail,True,"Observed regular gasoline retail price, monthly average of official weekly data.",,,0.0,,CHN=regulated domestic product-price mechanism/proxy scenario; controls=observed retail-price pass-through.,0.004709248802967636,13413.152584980238,0.0325677202155763,2.8,93.46467915,-0.8733680005039268,,-0.8733680005039268,0.7229795488506434,0.0,ARX_one_step_residual_lagged_information,-0.0842321717449407,0.4767769704758104,0.9668853973155548,0.3157816699956526,EIA_STEO_July_2026_ex_post_2022plus,92.394875
JPN,Japan,2024,2024-08,2024-08-31,174.55,JPY/litre,Japan METI weekly fuel survey monthly average,observed_retail_gasoline,observed_retail,True,"Observed regular gasoline retail price, monthly average of official weekly data.",,,0.0,,CHN=regulated domestic product-price mechanism/proxy scenario; controls=observed retail-price pass-through.,-0.0059974476499711216,11753.085849783549,-0.13211993013413093,3.0,91.5516594,-2.651112555150714,,-2.651112555150714,-0.4732701054299444,0.0,ARX_one_step_residual_lagged_information,-0.3119411058043767,-0.476089089860104,-0.6199701551552624,-0.5415501311640435,EIA_STEO_July_2026_ex_post_2022plus,140.97507
JPN,Japan,2024,2024-09,2024-09-30,174.6,JPY/litre,Japan METI weekly fuel survey monthly average,observed_retail_gasoline,observed_retail,True,"Observed regular gasoline retail price, monthly average of official weekly data.",,,0.0,,CHN=regulated domestic product-price mechanism/proxy scenario; controls=observed retail-price pass-through.,0.00028640985445615996,10580.978566666667,-0.10505791734709291,2.5,92.28042883,-1.955096486896224,,-1.955096486896224,-0.8658379762314432,0.0,ARX_one_step_residual_lagged_information,0.839714512263326,-0.1256878161011288,-0.9188666107554706,-0.7650552595784654,EIA_STEO_July_2026_ex_post_2022plus,130.35878
JPN,Japan,2024,2024-10,2024-10-31,174.9,JPY/litre,Japan METI weekly fuel survey monthly average,observed_retail_gasoline,observed_retail,True,"Observed regular gasoline retail price, monthly average of official weekly data.",,,0.0,,CHN=regulated domestic product-price mechanism/proxy scenario; controls=observed retail-price pass-through.,0.0017167386190548584,11336.640474308299,0.06898208566089004,2.3,93.82906387,-1.4458083094149643,,-1.4458083094149643,0.0709716755550606,0.0,ARX_one_step_residual_lagged_information,-0.1270129992521205,0.4412581297750677,1.037811954634858,0.194310982834898,EIA_STEO_July_2026_ex_post_2022plus,130.68921
JPN,Japan,2024,2024-11,2024-11-30,174.725,JPY/litre,Japan METI weekly fuel survey monthly average,observed_retail_gasoline,observed_retail,True,"Observed regular gasoline retail price, monthly average of official weekly data.",,,0.0,,CHN=regulated domestic product-price mechanism/proxy scenario; controls=observed retail-price pass-through.,-0.0010010726613636223,11427.802192982457,0.008009175301825877,2.9,92.09823647,-2.7318772097984834,,-2.7318772097984834,0.0873022292495407,0.0,ARX_one_step_residual_lagged_information,0.0201306690610133,-0.0969751819774855,0.2436188663879124,-0.1640972985961657,EIA_STEO_July_2026_ex_post_2022plus,128.90164
JPN,Japan,2024,2024-12,2024-12-31,176.875,JPY/litre,Japan METI weekly fuel survey monthly average,observed_retail_gasoline,observed_retail,True,"Observed regular gasoline retail price, monthly average of official weekly data.",,,0.0,,CHN=regulated domestic product-price mechanism/proxy scenario; controls=observed retail-price pass-through.,0.012229959034309346,11360.646235714285,-0.005893876617555804,3.6,91.91604412,-3.887758803708774,,-3.887758803708774,0.3102076146861468,0.0,ARX_one_step_residual_lagged_information,0.2173397150450451,0.1222955247845891,0.0733883465028701,-0.0659741474766801,EIA_STEO_July_2026_ex_post_2022plus,142.36644
JPN,Japan,2025,2025-01,2025-01-31,182.875,JPY/litre,Japan METI weekly fuel survey monthly average,observed_retail_gasoline,observed_retail,True,"Observed regular gasoline retail price, monthly average of official weekly data.",,,0.0,,CHN=regulated domestic product-price mechanism/proxy scenario; controls=observed retail-price pass-through.,0.03335959094278618,12404.391718614717,0.08789528214163944,4.0,91.46056322,2.5215657691456173,,2.5215657691456173,0.8123927123383431,0.0,ARX_one_step_residual_lagged_information,0.6359025273679658,-1.2138340022718264,1.02521220416324,0.6483051355409588,EIA_STEO_July_2026_ex_post_2022plus,113.233154
JPN,Japan,2025,2025-02,2025-02-28,184.45,JPY/litre,Japan METI weekly fuel survey monthly average,observed_retail_gasoline,observed_retail,True,"Observed regular gasoline retail price, monthly average of official weekly data.",,,0.0,,CHN=regulated domestic product-price mechanism/proxy scenario; controls=observed retail-price pass-through.,0.008575564702396399,11434.256772631581,-0.08143675123547922,3.7,92.64481354,3.7059824331294955,,3.7059824331294955,-0.2548971192910224,0.0,ARX_one_step_residual_lagged_information,-0.2901040673386556,0.5347725017250081,-0.2545656191816152,-0.4635306987244063,EIA_STEO_July_2026_ex_post_2022plus,136.98059
JPN,Japan,2025,2025-03,2025-03-31,184.44,JPY/litre,Japan METI weekly fuel survey monthly average,observed_retail_gasoline,observed_retail,True,"Observed regular gasoline retail price, monthly average of official weekly data.",,,0.0,,CHN=regulated domestic product-price mechanism/proxy scenario; controls=observed retail-price pass-through.,-5.421670417948832e-05,10841.386512244899,-0.05324293466208907,3.6,92.09823647,-0.3948672520029284,,-0.3948672520029284,-0.4645996596224648,0.0,ARX_one_step_residual_lagged_information,-0.688335679359836,-0.5714922332317939,-0.3546901280457707,-0.3430002814620633,EIA_STEO_July_2026_ex_post_2022plus,175.90112
JPN,Japan,2025,2025-04,2025-04-30,185.6,JPY/litre,Japan METI weekly fuel survey monthly average,observed_retail_gasoline,observed_retail,True,"Observed regular gasoline retail price, monthly average of official weekly data.",,,0.0,,CHN=regulated domestic product-price mechanism/proxy scenario; controls=observed retail-price pass-through.,0.006269613013595077,9820.132574318182,-0.09893627215077849,3.6,91.46056322,-0.19900504406153985,,-0.19900504406153985,-0.868086239735507,0.0,ARX_one_step_residual_lagged_information,0.2930636685415768,0.2279119741214474,-0.7469248503973182,-0.6091974664146321,EIA_STEO_July_2026_ex_post_2022plus,140.9737
JPN,Japan,2025,2025-05,2025-05-31,180.9,JPY/litre,Japan METI weekly fuel survey monthly average,observed_retail_gasoline,observed_retail,True,"Observed regular gasoline retail price, monthly average of official weekly data.",,,0.0,,CHN=regulated domestic product-price mechanism/proxy scenario; controls=observed retail-price pass-through.,-0.025649427950850345,9337.705104761906,-0.05037410679319798,3.5,92.09823647,-0.6899978094902615,,-0.6899978094902615,-0.8767581134650966,0.0,ARX_one_step_residual_lagged_information,-0.1849471396246474,0.1319099499355387,-1.2315381828967435,-0.518940378114846,EIA_STEO_July_2026_ex_post_2022plus,166.82773
JPN,Japan,2025,2025-06,2025-06-30,172.94,JPY/litre,Japan METI weekly fuel survey monthly average,observed_retail_gasoline,observed_retail,True,"Observed regular gasoline retail price, monthly average of official weekly data.",,,0.0,,CHN=regulated domestic product-price mechanism/proxy scenario; controls=observed retail-price pass-through.,-0.044999678868965276,10322.589256666666,0.1002741096260813,3.3,92.46262119,1.1893103490445256,,1.1893103490445256,0.6150872283378265,0.0,ARX_one_step_residual_lagged_information,-0.7736226140427449,0.9412264670701896,1.2678312670009986,0.9468233793284432,EIA_STEO_July_2026_ex_post_2022plus,221.1349
JPN,Japan,2025,2025-07,2025-07-31,173.6,JPY/litre,Japan METI weekly fuel survey monthly average,observed_retail_gasoline,observed_retail,True,"Observed regular gasoline retail price, monthly average of official weekly data.",,,0.0,,CHN=regulated domestic product-price mechanism/proxy scenario; controls=observed retail-price pass-through.,0.0038090886939654567,10457.37687450593,0.012973024823276447,3.1,92.09823647,-1.4727806735959525,,-1.4727806735959525,-0.4033550140188083,0.0,ARX_one_step_residual_lagged_information,-1.1682450105547364,0.1260315286359498,0.0950790900832642,-0.0577284006113777,EIA_STEO_July_2026_ex_post_2022plus,134.222
JPN,Japan,2025,2025-08,2025-08-31,174.5,JPY/litre,Japan METI weekly fuel survey monthly average,observed_retail_gasoline,observed_retail,True,"Observed regular gasoline retail price, monthly average of official weekly data.",,,0.0,,CHN=regulated domestic product-price mechanism/proxy scenario; controls=observed retail-price pass-through.,0.00517093941623159,10009.370642857144,-0.04378593186203261,2.7,90.7317938,-0.8995562836198623,,-0.8995562836198623,-0.5493786877288871,0.0,ARX_one_step_residual_lagged_information,-0.4770822703581621,-1.6779376481662809,-0.5524761817389533,-0.4275928576484169,EIA_STEO_July_2026_ex_post_2022plus,138.98846
JPN,Japan,2025,2025-09,2025-09-30,174.92000000000002,JPY/litre,Japan METI weekly fuel survey monthly average,observed_retail_gasoline,observed_retail,True,"Observed regular gasoline retail price, monthly average of official weekly data.",,,0.0,,CHN=regulated domestic product-price mechanism/proxy scenario; controls=observed retail-price pass-through.,0.002403984902238143,10052.523553246752,0.004301984301243067,2.9,92.55371737,0.29571239380601355,,0.29571239380601355,-0.0071099994993592,0.0,ARX_one_step_residual_lagged_information,-0.6061545647006145,-0.0823683340230494,0.532549747002025,0.0103453625092955,EIA_STEO_July_2026_ex_post_2022plus,126.740585
JPN,Japan,2025,2025-10,2025-10-31,174.525,JPY/litre,Japan METI weekly fuel survey monthly average,observed_retail_gasoline,observed_retail,True,"Observed regular gasoline retail price, monthly average of official weekly data.",,,0.0,,CHN=regulated domestic product-price mechanism/proxy scenario; controls=observed retail-price pass-through.,-0.002260728688254332,9768.94881422925,-0.028614835765383262,3.0,93.28248679,-0.5842275719772694,,-0.5842275719772694,-0.6707608532704867,0.0,ARX_one_step_residual_lagged_information,-0.0857012731495518,-0.9132498243817492,-0.3943717482544503,-0.4857234268549851,EIA_STEO_July_2026_ex_post_2022plus,154.51292
JPN,Japan,2025,2025-11,2025-11-30,171.425,JPY/litre,Japan METI weekly fuel survey monthly average,observed_retail_gasoline,observed_retail,True,"Observed regular gasoline retail price, monthly average of official weekly data.",,,0.0,,CHN=regulated domestic product-price mechanism/proxy scenario; controls=observed retail-price pass-through.,-0.017922144686036923,9897.537465555555,0.01307711830146907,2.9,91.18727469,-0.9940439649713362,,-0.9940439649713362,-0.139241854048661,0.0,ARX_one_step_residual_lagged_information,0.6110283706064591,-0.254592930047038,0.266788371093296,-0.1129228160497914,EIA_STEO_July_2026_ex_post_2022plus,104.35177
JPN,Japan,2025,2025-12,2025-12-31,161.55,JPY/litre,Japan METI weekly fuel survey monthly average,observed_retail_gasoline,observed_retail,True,"Observed regular gasoline retail price, monthly average of official weekly data.",,,0.0,,CHN=regulated domestic product-price mechanism/proxy scenario; controls=observed retail-price pass-through.,-0.05933116089992119,9751.592307142857,-0.014855400117770756,2.1,91.18727469,-0.7960241059147499,,-0.7960241059147499,-0.2016610852774151,0.0,ARX_one_step_residual_lagged_information,0.3406487543149234,1.667144313649219,-0.38229167333291,-0.1887220496603941,EIA_STEO_July_2026_ex_post_2022plus,132.48622
JPN,Japan,2026,2026-01,2026-01-31,155.225,JPY/litre,Japan METI weekly fuel survey monthly average,observed_retail_gasoline,observed_retail,True,"Observed regular gasoline retail price, monthly average of official weekly data.",,,0.0,,CHN=regulated domestic product-price mechanism/proxy scenario; controls=observed retail-price pass-through.,-0.03993901501955044,10433.296277380952,0.06757167195430114,1.5,93.73796769,2.4595435660791587,,2.4595435660791587,0.2750306566574815,0.0,ARX_one_step_residual_lagged_information,0.8201735363129875,-1.85424702258574,0.3620355723545016,0.575861953635052,EIA_STEO_July_2026_ex_post_2022plus,168.62987
JPN,Japan,2026,2026-02,2026-02-28,156.225,JPY/litre,Japan METI weekly fuel survey monthly average,observed_retail_gasoline,observed_retail,True,"Observed regular gasoline retail price, monthly average of official weekly data.",,,0.0,,CHN=regulated domestic product-price mechanism/proxy scenario; controls=observed retail-price pass-through.,0.006421598564188891,10994.685626842105,0.05240977404046632,1.3,92.73590972,0.09828010780239538,,0.09828010780239538,0.3339229070810656,0.0,ARX_one_step_residual_lagged_information,-0.999286758896148,0.0622948976139721,1.7613789435485931,0.5710660870877855,EIA_STEO_July_2026_ex_post_2022plus,119.86541
JPN,Japan,2026,2026-03,2026-03-31,171.8,JPY/litre,Japan METI weekly fuel survey monthly average,observed_retail_gasoline,observed_retail,True,"Observed regular gasoline retail price, monthly average of official weekly data.",,,0.0,,CHN=regulated domestic product-price mechanism/proxy scenario; controls=observed retail-price pass-through.,0.09503373373500956,16365.670948760331,0.39777387489693616,1.5,92.55371737,0.493340919864238,,0.493340919864238,3.376405252856505,31.291581847716888,ARX_one_step_residual_lagged_information,5.484835246552658,1.2924681383110217,0.8443446038737501,3.4612577224309096,EIA_STEO_July_2026_ex_post_2022plus,330.94464
JPN,Japan,2026,2026-04,2026-04-30,168.525,JPY/litre,Japan METI weekly fuel survey monthly average,observed_retail_gasoline,observed_retail,True,"Observed regular gasoline retail price, monthly average of official weekly data.",,,0.0,,CHN=regulated domestic product-price mechanism/proxy scenario; controls=observed retail-price pass-through.,-0.019246902810652777,18662.467124999996,0.13132849518947332,1.4,93.1913906191702,1.8747465781039807,,1.8747465781039807,1.75018743288511,45.60342792918989,ARX_one_step_residual_lagged_information,0.8642912883082042,-0.3411547833117644,-0.086404468760625,1.1835622398878922,EIA_STEO_July_2026_ex_post_2022plus,254.4295
JPN,Japan,2026,2026-05,2026-05-31,169.26666666666665,JPY/litre,Japan METI weekly fuel survey monthly average,observed_retail_gasoline,observed_retail,True,"Observed regular gasoline retail price, monthly average of official weekly data.",,,0.0,,CHN=regulated domestic product-price mechanism/proxy scenario; controls=observed retail-price pass-through.,0.004391273862966116,16944.429181578944,-0.09657528335827337,1.5,92.7359097266034,0.6899978166109655,,0.6899978166109655,-0.6467643070698686,35.51076205304209,ARX_one_step_residual_lagged_information,1.2158643211114364,0.6212412530441142,-1.4246702499142585,-0.8420688201169135,EIA_STEO_July_2026_ex_post_2022plus,203.55667
JPN,Japan,2026,2026-06,2026-06-30,169.66,JPY/litre,Japan METI weekly fuel survey monthly average,observed_retail_gasoline,observed_retail,True,"Observed regular gasoline retail price, monthly average of official weekly data.",,,0.0,,CHN=regulated domestic product-price mechanism/proxy scenario; controls=observed retail-price pass-through.,0.002321053777119886,13729.611845454545,-0.21038416911358127,1.7,,,,,-1.9544531673525685,13.419217686592136,ARX_one_step_residual_lagged_information,-1.4097797182221925,1.34403383292758,-1.7211543679010104,-2.1022427529981784,EIA_STEO_July_2026_ex_post_2022plus,173.63956
KOR,Korea,2010,2010-01,2010-01-31,1661.15,KRW/litre,KOSIS / Korea National Oil Corporation monthly gasoline,observed_retail_gasoline,observed_retail,True,Observed regular gasoline national monthly average from KOSIS/KNOC.,,,0.0,,CHN=regulated domestic product-price mechanism/proxy scenario; controls=observed retail-price pass-through.,,86693.29785595568,,3.518496,87.80975688,,,,,0.0,ARX_one_step_residual_lagged_information,,,,,EIA_STEO_July_2026_ex_post_2022plus,91.581024
KOR,Korea,2010,2010-02,2010-02-28,1663.6,KRW/litre,KOSIS / Korea National Oil Corporation monthly gasoline,observed_retail_gasoline,observed_retail,True,Observed regular gasoline national monthly average from KOSIS/KNOC.,,,0.0,,CHN=regulated domestic product-price mechanism/proxy scenario; controls=observed retail-price pass-through.,0.0014737952889483097,85232.00861634348,-0.016999526831552814,2.983924,88.54817258,,,,,0.0,ARX_one_step_residual_lagged_information,,,,-0.3032967911263553,EIA_STEO_July_2026_ex_post_2022plus,80.72536
KOR,Korea,2010,2010-03,2010-03-31,1691.23,KRW/litre,KOSIS / Korea National Oil Corporation monthly gasoline,observed_retail_gasoline,observed_retail,True,Observed regular gasoline national monthly average from KOSIS/KNOC.,,,0.0,,CHN=regulated domestic product-price mechanism/proxy scenario; controls=observed retail-price pass-through.,0.016472145973517094,89554.39407693762,0.04946914445462447,2.458154,90.39633984,,,,0.6649089715350993,0.0,ARX_one_step_residual_lagged_information,,,,0.6099372225739654,EIA_STEO_July_2026_ex_post_2022plus,74.11694
KOR,Korea,2010,2010-04,2010-04-30,1724.53,KRW/litre,KOSIS / Korea National Oil Corporation monthly gasoline,observed_retail_gasoline,observed_retail,True,Observed regular gasoline national monthly average from KOSIS/KNOC.,,,0.0,,CHN=regulated domestic product-price mechanism/proxy scenario; controls=observed retail-price pass-through.,0.019498474730074378,94610.58423593074,0.05492315817793525,2.598316,91.78698729,,,,0.4028380359462471,0.0,ARX_one_step_residual_lagged_information,,,,0.6718067118329473,EIA_STEO_July_2026_ex_post_2022plus,88.76158
KOR,Korea,2010,2010-05,2010-05-31,1732.36,KRW/litre,KOSIS / Korea National Oil Corporation monthly gasoline,observed_retail_gasoline,observed_retail,True,Observed regular gasoline national monthly average from KOSIS/KNOC.,,,0.0,,CHN=regulated domestic product-price mechanism/proxy scenario; controls=observed retail-price pass-through.,0.00453009114575309,88464.43216550001,-0.06716877910318253,2.702058,92.37325105,,,,-1.245326441316874,0.0,ARX_one_step_residual_lagged_information,,,,-1.0268947136592814,EIA_STEO_July_2026_ex_post_2022plus,88.95871
KOR,Korea,2010,2010-06,2010-06-30,1714.87,KRW/litre,KOSIS / Korea National Oil Corporation monthly gasoline,observed_retail_gasoline,observed_retail,True,Observed regular gasoline national monthly average from KOSIS/KNOC.,,,0.0,,CHN=regulated domestic product-price mechanism/proxy scenario; controls=observed retail-price pass-through.,-0.010147364740429765,90768.06928305786,0.02570698908535718,2.688929,92.62329095,,,,0.2255323976097343,0.0,ARX_one_step_residual_lagged_information,,,,-0.1507182773498169,EIA_STEO_July_2026_ex_post_2022plus,96.4537
KOR,Korea,2010,2010-07,2010-07-31,1722.36,KRW/litre,KOSIS / Korea National Oil Corporation monthly gasoline,observed_retail_gasoline,observed_retail,True,Observed regular gasoline national monthly average from KOSIS/KNOC.,,,0.0,,CHN=regulated domestic product-price mechanism/proxy scenario; controls=observed retail-price pass-through.,0.00435816739361794,90983.92380952383,0.0023752655943809486,2.530742,93.01909879,,,,0.0183785724735484,0.0,ARX_one_step_residual_lagged_information,,,,0.0953764416571573,EIA_STEO_July_2026_ex_post_2022plus,79.38138
KOR,Korea,2010,2010-08,2010-08-31,1715.79,KRW/litre,KOSIS / Korea National Oil Corporation monthly gasoline,observed_retail_gasoline,observed_retail,True,Observed regular gasoline national monthly average from KOSIS/KNOC.,,,0.0,,CHN=regulated domestic product-price mechanism/proxy scenario; controls=observed retail-price pass-through.,-0.0038218274345114267,90869.36949276857,-0.001259854356520762,2.681788,92.44773102,,,,-0.2971603211043686,0.0,ARX_one_step_residual_lagged_information,,,,0.1714737090029941,EIA_STEO_July_2026_ex_post_2022plus,80.993866
KOR,Korea,2010,2010-09,2010-09-30,1700.31,KRW/litre,KOSIS / Korea National Oil Corporation monthly gasoline,observed_retail_gasoline,observed_retail,True,Observed regular gasoline national monthly average from KOSIS/KNOC.,,,0.0,,CHN=regulated domestic product-price mechanism/proxy scenario; controls=observed retail-price pass-through.,-0.00906302857557062,90289.57768140589,-0.006400940168946434,3.407571,92.79033888,,,,-0.2043699181250192,0.0,ARX_one_step_residual_lagged_information,,,,0.0902555866263886,EIA_STEO_July_2026_ex_post_2022plus,71.16855
KOR,Korea,2010,2010-10,2010-10-31,1699.57,KRW/litre,KOSIS / Korea National Oil Corporation monthly gasoline,observed_retail_gasoline,observed_retail,True,Observed regular gasoline national monthly average from KOSIS/KNOC.,,,0.0,,CHN=regulated domestic product-price mechanism/proxy scenario; controls=observed retail-price pass-through.,-0.00043530948838554906,92744.90297142857,0.02683071054043573,3.682555,93.83837846,,,,0.2447619163905536,0.0,ARX_one_step_residual_lagged_information,,,,0.55058817992492,EIA_STEO_July_2026_ex_post_2022plus,65.991936
KOR,Korea,2010,2010-11,2010-11-30,1716.22,KRW/litre,KOSIS / Korea National Oil Corporation monthly gasoline,observed_retail_gasoline,observed_retail,True,Observed regular gasoline national monthly average from KOSIS/KNOC.,,,0.0,,CHN=regulated domestic product-price mechanism/proxy scenario; controls=observed retail-price pass-through.,0.00974892008571615,96328.33236714285,0.03790973946139786,2.988718,94.28419429,,,,-0.2741777448992844,0.0,ARX_one_step_residual_lagged_information,,,,0.2820325786435058,EIA_STEO_July_2026_ex_post_2022plus,94.70517
KOR,Korea,2010,2010-12,2010-12-31,1771.07,KRW/litre,KOSIS / Korea National Oil Corporation monthly gasoline,observed_retail_gasoline,observed_retail,True,Observed regular gasoline national monthly average from KOSIS/KNOC.,,,0.0,,CHN=regulated domestic product-price mechanism/proxy scenario; controls=observed retail-price pass-through.,0.0314596857348759,104750.80611363632,0.08382176941526609,3.033703,95.58759376,,,,0.629397828165678,0.0,ARX_one_step_residual_lagged_information,,,,0.6407071074337796,EIA_STEO_July_2026_ex_post_2022plus,97.203896
KOR,Korea,2011,2011-01,2011-01-31,1825.35,KRW/litre,KOSIS / Korea National Oil Corporation monthly gasoline,observed_retail_gasoline,observed_retail,True,Observed regular gasoline national monthly average from KOSIS/KNOC.,,,0.0,,CHN=regulated domestic product-price mechanism/proxy scenario; controls=observed retail-price pass-through.,0.03018786575750454,107997.00713624999,0.030519260670644144,3.441084,98.78384849,11.776149390525514,,11.776149390525514,0.5376783805814174,0.0,ARX_one_step_residual_lagged_information,,,,0.4941626184144203,EIA_STEO_July_2026_ex_post_2022plus,79.421616
KOR,Korea,2011,2011-02,2011-02-28,1850.03,KRW/litre,KOSIS / Korea National Oil Corporation monthly gasoline,observed_retail_gasoline,observed_retail,True,Observed regular gasoline national monthly average from KOSIS/KNOC.,,,0.0,,CHN=regulated domestic product-price mechanism/proxy scenario; controls=observed retail-price pass-through.,0.013430105706186524,115896.43239058171,0.07059345304345221,3.939291,95.62376975,7.6874699842719885,,7.6874699842719885,0.4383391612164326,0.0,ARX_one_step_residual_lagged_information,,,,0.6591419106383717,EIA_STEO_July_2026_ex_post_2022plus,90.01449
KOR,Korea,2011,2011-03,2011-03-31,1939.0,KRW/litre,KOSIS / Korea National Oil Corporation monthly gasoline,observed_retail_gasoline,observed_retail,True,Observed regular gasoline national monthly average from KOSIS/KNOC.,,,0.0,,CHN=regulated domestic product-price mechanism/proxy scenario; controls=observed retail-price pass-through.,0.04697052108554711,128316.7068431002,0.10180451207737562,4.133215,98.17630473,8.256111213246253,,8.256111213246253,0.8357482659415222,0.0,ARX_one_step_residual_lagged_information,,,,0.9207448607187292,EIA_STEO_July_2026_ex_post_2022plus,136.8883
KOR,Korea,2011,2011-04,2011-04-30,1951.21,KRW/litre,KOSIS / Korea National Oil Corporation monthly gasoline,observed_retail_gasoline,observed_retail,True,Observed regular gasoline national monthly average from KOSIS/KNOC.,,,0.0,,CHN=regulated domestic product-price mechanism/proxy scenario; controls=observed retail-price pass-through.,0.006277316697175905,133511.09370899468,0.03968309317187746,3.816785,96.95802522,5.480761823287228,,5.480761823287228,0.6102147501828945,0.0,ARX_one_step_residual_lagged_information,,,,0.664567897821464,EIA_STEO_July_2026_ex_post_2022plus,91.01777
KOR,Korea,2011,2011-05,2011-05-31,1938.45,KRW/litre,KOSIS / Korea National Oil Corporation monthly gasoline,observed_retail_gasoline,observed_retail,True,Observed regular gasoline national monthly average from KOSIS/KNOC.,,,0.0,,CHN=regulated domestic product-price mechanism/proxy scenario; controls=observed retail-price pass-through.,-0.00656100830051809,124689.74270294784,-0.06835597981907604,3.91162,97.44746502,5.347596654405873,,5.347596654405873,-0.777639715251193,0.0,ARX_one_step_residual_lagged_information,,,,-0.6474790299039047,EIA_STEO_July_2026_ex_post_2022plus,105.34492
KOR,Korea,2011,2011-06,2011-06-30,1915.35,KRW/litre,KOSIS / Korea National Oil Corporation monthly gasoline,observed_retail_gasoline,observed_retail,True,Observed regular gasoline national monthly average from KOSIS/KNOC.,,,0.0,,CHN=regulated domestic product-price mechanism/proxy scenario; controls=observed retail-price pass-through.,-0.011988311100510352,122991.3200072314,-0.01371480967707761,4.217757,98.18162473,5.827844481138911,,5.827844481138911,0.0702234067904248,0.0,ARX_one_step_residual_lagged_information,,,,-0.0987762102829687,EIA_STEO_July_2026_ex_post_2022plus,84.391846
KOR,Korea,2011,2011-07,2011-07-31,1934.65,KRW/litre,KOSIS / Korea National Oil Corporation monthly gasoline,observed_retail_gasoline,observed_retail,True,Observed regular gasoline national monthly average from KOSIS/KNOC.,,,0.0,,CHN=regulated domestic product-price mechanism/proxy scenario; controls=observed retail-price pass-through.,0.01002605801161316,123690.7032375,0.005670337019221705,4.509708,97.92732883,5.14208256384503,,5.14208256384503,0.3858852240978259,0.0,ARX_one_step_residual_lagged_information,,,,0.2462356339388283,EIA_STEO_July_2026_ex_post_2022plus,78.92476
KOR,Korea,2011,2011-08,2011-08-31,1945.16,KRW/litre,KOSIS / Korea National Oil Corporation monthly gasoline,observed_retail_gasoline,observed_retail,True,Observed regular gasoline national monthly average from KOSIS/KNOC.,,,0.0,,CHN=regulated domestic product-price mechanism/proxy scenario; controls=observed retail-price pass-through.,0.005417804329581166,118363.33221739129,-0.044025140479716285,4.685678,97.39852104,5.216761138688142,,5.216761138688142,-0.5582166812243278,0.0,ARX_one_step_residual_lagged_information,,,,-0.5552364559967694,EIA_STEO_July_2026_ex_post_2022plus,86.95157
KOR,Korea,2011,2011-09,2011-09-30,1944.4,KRW/litre,KOSIS / Korea National Oil Corporation monthly gasoline,observed_retail_gasoline,observed_retail,True,Observed regular gasoline national monthly average from KOSIS/KNOC.,,,0.0,,CHN=regulated domestic product-price mechanism/proxy scenario; controls=observed retail-price pass-through.,-0.00039078970869343976,126589.32551247167,0.06718920913317383,3.759002,97.7528329,5.209965204359701,,5.209965204359701,0.4377547339848582,0.0,ARX_one_step_residual_lagged_information,,,,0.2113650258872441,EIA_STEO_July_2026_ex_post_2022plus,83.35045
KOR,Korea,2011,2011-10,2011-10-31,1978.34,KRW/litre,KOSIS / Korea National Oil Corporation monthly gasoline,observed_retail_gasoline,observed_retail,True,Observed regular gasoline national monthly average from KOSIS/KNOC.,,,0.0,,CHN=regulated domestic product-price mechanism/proxy scenario; controls=observed retail-price pass-through.,0.017304663038612667,126057.54174999999,-0.004209706247879197,3.562064,99.72974411,6.0890044224850115,,6.0890044224850115,0.3412450295945062,0.0,ARX_one_step_residual_lagged_information,,,,-0.2784386365687011,EIA_STEO_July_2026_ex_post_2022plus,76.339935
KOR,Korea,2011,2011-11,2011-11-30,1981.02,KRW/litre,KOSIS / Korea National Oil Corporation monthly gasoline,observed_retail_gasoline,observed_retail,True,Observed regular gasoline national monthly average from KOSIS/KNOC.,,,0.0,,CHN=regulated domestic product-price mechanism/proxy scenario; controls=observed retail-price pass-through.,0.0013537543488304493,125553.14367023809,-0.004009358780615813,4.174625,97.71240092,3.5714914882252202,,3.5714914882252202,0.3257368481652395,0.0,ARX_one_step_residual_lagged_information,,,,0.0968664907176188,EIA_STEO_July_2026_ex_post_2022plus,83.15768
KOR,Korea,2011,2011-12,2011-12-31,1943.0,KRW/litre,KOSIS / Korea National Oil Corporation monthly gasoline,observed_retail_gasoline,observed_retail,True,Observed regular gasoline national monthly average from KOSIS/KNOC.,,,0.0,,CHN=regulated domestic product-price mechanism/proxy scenario; controls=observed retail-price pass-through.,-0.01937869318130314,123848.94622976192,-0.01366647701996726,4.158119,95.85146566,0.27567213076320485,,0.27567213076320485,-0.0884835248368668,0.0,ARX_one_step_residual_lagged_information,,,,-0.2504464752252303,EIA_STEO_July_2026_ex_post_2022plus,85.341324
KOR,Korea,2012,2012-01,2012-01-31,1955.08,KRW/litre,KOSIS / Korea National Oil Corporation monthly gasoline,observed_retail_gasoline,observed_retail,True,Observed regular gasoline national monthly average from KOSIS/KNOC.,,,0.0,,CHN=regulated domestic product-price mechanism/proxy scenario; controls=observed retail-price pass-through.,0.0061979429209086945,126218.28966500002,0.018950218176838618,3.345868,98.08799276,-0.706915344935588,,-0.706915344935588,0.4289673339077038,0.0,ARX_one_step_residual_lagged_information,,,,0.2328532785430842,EIA_STEO_July_2026_ex_post_2022plus,79.63497
KOR,Korea,2012,2012-02,2012-02-29,1986.54,KRW/litre,KOSIS / Korea National Oil Corporation monthly gasoline,observed_retail_gasoline,observed_retail,True,Observed regular gasoline national monthly average from KOSIS/KNOC.,,,0.0,,CHN=regulated domestic product-price mechanism/proxy scenario; controls=observed retail-price pass-through.,0.015963318671022186,133967.22963000002,0.059582349405999935,3.032894,102.33228707,6.780380809069619,,6.780380809069619,0.651930271381068,0.0,ARX_one_step_residual_lagged_information,,,,0.6896277573350593,EIA_STEO_July_2026_ex_post_2022plus,92.44582
KOR,Korea,2012,2012-03,2012-03-31,2029.95,KRW/litre,KOSIS / Korea National Oil Corporation monthly gasoline,observed_retail_gasoline,observed_retail,True,Observed regular gasoline national monthly average from KOSIS/KNOC.,,,0.0,,CHN=regulated domestic product-price mechanism/proxy scenario; controls=observed retail-price pass-through.,0.0216167302212531,141272.90754545457,0.05309831914772367,2.662543,99.04878438,0.8847610062392874,,0.8847610062392874,0.2582175114967004,0.0,ARX_one_step_residual_lagged_information,,,,0.4569442574138738,EIA_STEO_July_2026_ex_post_2022plus,88.75998
KOR,Korea,2012,2012-04,2012-04-30,2058.68,KRW/litre,KOSIS / Korea National Oil Corporation monthly gasoline,observed_retail_gasoline,observed_retail,True,Observed regular gasoline national monthly average from KOSIS/KNOC.,,,0.0,,CHN=regulated domestic product-price mechanism/proxy scenario; controls=observed retail-price pass-through.,0.014053838508842453,135546.43503968258,-0.04137925855681601,2.552477,100.26493589,3.353788636506838,,3.353788636506838,-0.1656370693035655,0.0,ARX_one_step_residual_lagged_information,,,,-0.4603505460526653,EIA_STEO_July_2026_ex_post_2022plus,96.016685
KOR,Korea,2012,2012-05,2012-05-31,2035.76,KRW/litre,KOSIS / Korea National Oil Corporation monthly gasoline,observed_retail_gasoline,observed_retail,True,Observed regular gasoline national monthly average from KOSIS/KNOC.,,,0.0,,CHN=regulated domestic product-price mechanism/proxy scenario; controls=observed retail-price pass-through.,-0.011195787169768323,127628.7742582251,-0.060188426553686725,2.538633,100.87460765,3.4564824635105573,,3.4564824635105573,-0.5059024038627317,0.0,ARX_one_step_residual_lagged_information,,,,-0.7366847206805783,EIA_STEO_July_2026_ex_post_2022plus,78.17116
KOR,Korea,2012,2012-06,2012-06-30,1968.78,KRW/litre,KOSIS / Korea National Oil Corporation monthly gasoline,observed_retail_gasoline,observed_retail,True,Observed regular gasoline national monthly average from KOSIS/KNOC.,,,0.0,,CHN=regulated domestic product-price mechanism/proxy scenario; controls=observed retail-price pass-through.,-0.033455151976615305,110703.07050612244,-0.14227427256708047,2.195829,98.94876842,0.7783148507630067,,0.7783148507630067,-0.9255492338723936,0.0,ARX_one_step_residual_lagged_information,,,,-1.3741629456650917,EIA_STEO_July_2026_ex_post_2022plus,77.82243
KOR,Korea,2012,2012-07,2012-07-31,1901.38,KRW/litre,KOSIS / Korea National Oil Corporation monthly gasoline,observed_retail_gasoline,observed_retail,True,Observed regular gasoline national monthly average from KOSIS/KNOC.,,,0.0,,CHN=regulated domestic product-price mechanism/proxy scenario; controls=observed retail-price pass-through.,-0.03483412324874102,117218.94630748295,0.05719194547875617,1.476105,97.91775283,-0.009779158022737988,,-0.009779158022737988,1.0306872349075964,0.0,ARX_one_step_residual_lagged_information,,,,0.6927159574035089,EIA_STEO_July_2026_ex_post_2022plus,82.80802
KOR,Korea,2012,2012-08,2012-08-31,1971.31,KRW/litre,KOSIS / Korea National Oil Corporation monthly gasoline,observed_retail_gasoline,observed_retail,True,Observed regular gasoline national monthly average from KOSIS/KNOC.,,,0.0,,CHN=regulated domestic product-price mechanism/proxy scenario; controls=observed retail-price pass-through.,0.036118358049325394,128290.25856049151,0.09025181970547358,1.265613,96.18875352,-1.2498582577989303,,-1.2498582577989303,0.9373887884778536,0.0,ARX_one_step_residual_lagged_information,,,,0.9147117790437258,EIA_STEO_July_2026_ex_post_2022plus,74.87836
KOR,Korea,2012,2012-09,2012-09-30,2024.45,KRW/litre,KOSIS / Korea National Oil Corporation monthly gasoline,observed_retail_gasoline,observed_retail,True,Observed regular gasoline national monthly average from KOSIS/KNOC.,,,0.0,,CHN=regulated domestic product-price mechanism/proxy scenario; controls=observed retail-price pass-through.,0.02659976235739947,126744.90753545707,-0.01211887726771721,2.087839,97.13996914,-0.6289260287966947,,-0.6289260287966947,-0.0980035932075305,0.0,ARX_one_step_residual_lagged_information,,,,-0.0456183630623779,EIA_STEO_July_2026_ex_post_2022plus,69.28051
KOR,Korea,2012,2012-10,2012-10-31,2005.73,KRW/litre,KOSIS / Korea National Oil Corporation monthly gasoline,observed_retail_gasoline,observed_retail,True,Observed regular gasoline national monthly average from KOSIS/KNOC.,,,0.0,,CHN=regulated domestic product-price mechanism/proxy scenario; controls=observed retail-price pass-through.,-0.009289974459434802,123483.21488833992,-0.02607122943323681,2.090704,99.87019205,0.14072946703436173,,0.14072946703436173,-0.2679054425995422,0.0,ARX_one_step_residual_lagged_information,,,,-0.1002917364061254,EIA_STEO_July_2026_ex_post_2022plus,81.663666
KOR,Korea,2012,2012-11,2012-11-30,1955.99,KRW/litre,KOSIS / Korea National Oil Corporation monthly gasoline,observed_retail_gasoline,observed_retail,True,Observed regular gasoline national monthly average from KOSIS/KNOC.,,,0.0,,CHN=regulated domestic product-price mechanism/proxy scenario; controls=observed retail-price pass-through.,-0.02511162514437615,118541.48686071431,-0.04084223560101208,1.631431,100.51816779,2.831000564052921,,2.831000564052921,-0.1360930675184166,0.0,ARX_one_step_residual_lagged_information,,,,-0.2275318220348529,EIA_STEO_July_2026_ex_post_2022plus,81.38964
KOR,Korea,2012,2012-12,2012-12-31,1935.58,KRW/litre,KOSIS / Korea National Oil Corporation monthly gasoline,observed_retail_gasoline,observed_retail,True,Observed regular gasoline national monthly average from KOSIS/KNOC.,,,0.0,,CHN=regulated domestic product-price mechanism/proxy scenario; controls=observed retail-price pass-through.,-0.010489435954846194,117730.41241500001,-0.006865629253050898,1.426072,100.38835984,4.624650212882564,,4.624650212882564,0.2928570791122005,0.0,ARX_one_step_residual_lagged_information,,,,0.0314715953075064,EIA_STEO_July_2026_ex_post_2022plus,74.83156
KOR,Korea,2013,2013-01,2013-01-31,1924.55,KRW/litre,KOSIS / Korea National Oil Corporation monthly gasoline,observed_retail_gasoline,observed_retail,True,Observed regular gasoline national monthly average from KOSIS/KNOC.,,,0.0,,CHN=regulated domestic product-price mechanism/proxy scenario; controls=observed retail-price pass-through.,-0.005714848991876131,120474.1529904762,0.02303786177656164,1.628636,102.12587115,4.034112225753095,,4.034112225753095,0.2702371147969803,0.0,ARX_one_step_residual_lagged_information,,,,0.282762059864369,EIA_STEO_July_2026_ex_post_2022plus,90.65749
KOR,Korea,2013,2013-02,2013-02-28,1952.49,KRW/litre,KOSIS / Korea National Oil Corporation monthly gasoline,observed_retail_gasoline,observed_retail,True,Observed regular gasoline national monthly average from KOSIS/KNOC.,,,0.0,,CHN=regulated domestic product-price mechanism/proxy scenario; controls=observed retail-price pass-through.,0.014413306901267298,126182.71453074792,0.04629573995461911,1.583177,99.87976805,-2.425809167302795,,-2.425809167302795,0.3747890556133226,0.0,ARX_one_step_residual_lagged_information,,,,0.2441880963110106,EIA_STEO_July_2026_ex_post_2022plus,81.59033
KOR,Korea,2013,2013-03,2013-03-31,1986.49,KRW/litre,KOSIS / Korea National Oil Corporation monthly gasoline,observed_retail_gasoline,observed_retail,True,Observed regular gasoline national monthly average from KOSIS/KNOC.,,,0.0,,CHN=regulated domestic product-price mechanism/proxy scenario; controls=observed retail-price pass-through.,0.01726378120082117,119632.82368857143,-0.05330372245313875,1.460475,98.92323243,-0.1268380944492442,,-0.1268380944492442,-0.3312244357951538,0.0,ARX_one_step_residual_lagged_information,,,,-0.6295897367868111,EIA_STEO_July_2026_ex_post_2022plus,75.89672
KOR,Korea,2013,2013-04,2013-04-30,1949.39,KRW/litre,KOSIS / Korea National Oil Corporation monthly gasoline,observed_retail_gasoline,observed_retail,True,Observed regular gasoline national monthly average from KOSIS/KNOC.,,,0.0,,CHN=regulated domestic product-price mechanism/proxy scenario; controls=observed retail-price pass-through.,-0.01885275915619289,114609.7546177686,-0.042894329932922304,1.329622,99.78081609,-0.48401002302069784,,-0.48401002302069784,-0.2462397297504745,0.0,ARX_one_step_residual_lagged_information,,,,-0.5518556127380099,EIA_STEO_July_2026_ex_post_2022plus,95.10787
KOR,Korea,2013,2013-05,2013-05-31,1899.89,KRW/litre,KOSIS / Korea National Oil Corporation monthly gasoline,observed_retail_gasoline,observed_retail,True,Observed regular gasoline national monthly average from KOSIS/KNOC.,,,0.0,,CHN=regulated domestic product-price mechanism/proxy scenario; controls=observed retail-price pass-through.,-0.025720513364704267,113993.36490743798,-0.0053926753526063465,1.148536,99.32116827,-1.5519513858333944,,-1.5519513858333944,0.0736394107845082,0.0,ARX_one_step_residual_lagged_information,,,,0.022660700470914,EIA_STEO_July_2026_ex_post_2022plus,83.717316
KOR,Korea,2013,2013-06,2013-06-30,1901.97,KRW/litre,KOSIS / Korea National Oil Corporation monthly gasoline,observed_retail_gasoline,observed_retail,True,Observed regular gasoline national monthly average from KOSIS/KNOC.,,,0.0,,CHN=regulated domestic product-price mechanism/proxy scenario; controls=observed retail-price pass-through.,0.0010942013685548702,116814.50731574999,0.024447025017275692,1.168716,99.31584827,0.370293273272182,,0.370293273272182,0.2387265807285764,0.0,ARX_one_step_residual_lagged_information,,,,0.0271055226965062,EIA_STEO_July_2026_ex_post_2022plus,82.97301
KOR,Korea,2013,2013-07,2013-07-31,1933.09,KRW/litre,KOSIS / Korea National Oil Corporation monthly gasoline,observed_retail_gasoline,observed_retail,True,Observed regular gasoline national monthly average from KOSIS/KNOC.,,,0.0,,CHN=regulated domestic product-price mechanism/proxy scenario; controls=observed retail-price pass-through.,0.01622956776586104,121428.06754090909,0.038734781605734625,1.615408,98.16779273,0.2550315830877281,,0.2550315830877281,0.6958731969196498,0.0,ARX_one_step_residual_lagged_information,,,,0.4344015857417522,EIA_STEO_July_2026_ex_post_2022plus,73.975815
KOR,Korea,2013,2013-08,2013-08-31,1947.65,KRW/litre,KOSIS / Korea National Oil Corporation monthly gasoline,observed_retail_gasoline,observed_retail,True,Observed regular gasoline national monthly average from KOSIS/KNOC.,,,0.0,,CHN=regulated domestic product-price mechanism/proxy scenario; controls=observed retail-price pass-through.,0.007503758725584397,124182.51277355374,0.02243030990425332,1.505634,99.56163218,3.446442773735292,,3.446442773735292,0.4912213200718924,0.0,ARX_one_step_residual_lagged_information,,,,0.2770044599337098,EIA_STEO_July_2026_ex_post_2022plus,90.95675
KOR,Korea,2013,2013-09,2013-09-30,1934.56,KRW/litre,KOSIS / Korea National Oil Corporation monthly gasoline,observed_retail_gasoline,observed_retail,True,Observed regular gasoline national monthly average from KOSIS/KNOC.,,,0.0,,CHN=regulated domestic product-price mechanism/proxy scenario; controls=observed retail-price pass-through.,-0.006743607175788924,120782.17530975,-0.027763641431107544,0.9804134,97.73261691,0.6082431696972534,,0.6082431696972534,0.0882692659533272,0.0,ARX_one_step_residual_lagged_information,,,,0.020851986559802,EIA_STEO_July_2026_ex_post_2022plus,100.45933
KOR,Korea,2013,2013-10,2013-10-31,1903.16,KRW/litre,KOSIS / Korea National Oil Corporation monthly gasoline,observed_retail_gasoline,observed_retail,True,Observed regular gasoline national monthly average from KOSIS/KNOC.,,,0.0,,CHN=regulated domestic product-price mechanism/proxy scenario; controls=observed retail-price pass-through.,-0.01636424789218527,116260.00397944666,-0.038159622728425546,0.860958,100.70862372,0.8360170540570699,,0.8360170540570699,-0.167501298206257,0.0,ARX_one_step_residual_lagged_information,,,,-0.21653964775583,EIA_STEO_July_2026_ex_post_2022plus,72.95312
KOR,Korea,2013,2013-11,2013-11-30,1879.99,KRW/litre,KOSIS / Korea National Oil Corporation monthly gasoline,observed_retail_gasoline,observed_retail,True,Observed regular gasoline national monthly average from KOSIS/KNOC.,,,0.0,,CHN=regulated domestic product-price mechanism/proxy scenario; controls=observed retail-price pass-through.,-0.012249204872839314,114428.07264842103,-0.01588265737623118,1.200943,99.97978401,-0.5370479540300899,,-0.5370479540300899,-0.1532187541024732,0.0,ARX_one_step_residual_lagged_information,,,,-0.1148950493060984,EIA_STEO_July_2026_ex_post_2022plus,77.77902
KOR,Korea,2013,2013-12,2013-12-31,1881.14,KRW/litre,KOSIS / Korea National Oil Corporation monthly gasoline,observed_retail_gasoline,observed_retail,True,Observed regular gasoline national monthly average from KOSIS/KNOC.,,,0.0,,CHN=regulated domestic product-price mechanism/proxy scenario; controls=observed retail-price pass-through.,0.0006115183659369805,116918.58744603174,0.02153141967263217,1.143477,101.31935947,0.9231240574219868,,0.9231240574219868,0.5638340253922685,0.0,ARX_one_step_residual_lagged_information,,,,0.2454849292005171,EIA_STEO_July_2026_ex_post_2022plus,70.37249
KOR,Korea,2014,2014-01,2014-01-31,1886.35,KRW/litre,KOSIS / Korea National Oil Corporation monthly gasoline,observed_retail_gasoline,observed_retail,True,Observed regular gasoline national monthly average from KOSIS/KNOC.,,,0.0,,CHN=regulated domestic product-price mechanism/proxy scenario; controls=observed retail-price pass-through.,0.0027657688918338863,115375.3099121212,-0.013287479850156103,1.08058,101.80454328,-0.31513507862372947,,-0.31513507862372947,-0.1058431113118916,0.0,ARX_one_step_residual_lagged_information,,,,-0.2283267688664224,EIA_STEO_July_2026_ex_post_2022plus,77.91597
KOR,Korea,2014,2014-02,2014-02-28,1880.72,KRW/litre,KOSIS / Korea National Oil Corporation monthly gasoline,observed_retail_gasoline,observed_retail,True,Observed regular gasoline national monthly average from KOSIS/KNOC.,,,0.0,,CHN=regulated domestic product-price mechanism/proxy scenario; controls=observed retail-price pass-through.,-0.0029890626889157446,116665.82163490303,0.011123243711413267,1.01249,101.45342342,1.5632667479310136,,1.5632667479310136,0.3065588814478375,0.0,ARX_one_step_residual_lagged_information,,,,0.0613303731656642,EIA_STEO_July_2026_ex_post_2022plus,69.003525
KOR,Korea,2014,2014-03,2014-03-31,1880.81,KRW/litre,KOSIS / Korea National Oil Corporation monthly gasoline,observed_retail_gasoline,observed_retail,True,Observed regular gasoline national monthly average from KOSIS/KNOC.,,,0.0,,CHN=regulated domestic product-price mechanism/proxy scenario; controls=observed retail-price pass-through.,4.785286838959735e-05,115057.38707709749,-0.013882600702855186,1.292065,102.12693515,3.1872382504611885,,3.1872382504611885,-0.0046487215311387,0.0,ARX_one_step_residual_lagged_information,,,,-0.1266831641102359,EIA_STEO_July_2026_ex_post_2022plus,119.838554
KOR,Korea,2014,2014-04,2014-04-30,1875.88,KRW/litre,KOSIS / Korea National Oil Corporation monthly gasoline,observed_retail_gasoline,observed_retail,True,Observed regular gasoline national monthly average from KOSIS/KNOC.,,,0.0,,CHN=regulated domestic product-price mechanism/proxy scenario; controls=observed retail-price pass-through.,-0.0026246524627522305,112349.38267142857,-0.023817518031952645,1.498551,102.57700697,2.763786272245561,,2.763786272245561,0.0818376161420442,0.0,ARX_one_step_residual_lagged_information,,,,0.018195172999865,EIA_STEO_July_2026_ex_post_2022plus,93.22154
KOR,Korea,2014,2014-05,2014-05-31,1869.49,KRW/litre,KOSIS / Korea National Oil Corporation monthly gasoline,observed_retail_gasoline,observed_retail,True,Observed regular gasoline national monthly average from KOSIS/KNOC.,,,0.0,,CHN=regulated domestic product-price mechanism/proxy scenario; controls=observed retail-price pass-through.,-0.0034122162563452463,112254.19984242425,-0.0008475629251947225,1.665535,99.16476033,-0.15760106872786395,,-0.15760106872786395,0.2316098213092671,0.0,ARX_one_step_residual_lagged_information,,,,0.1464362431941387,EIA_STEO_July_2026_ex_post_2022plus,83.428856
KOR,Korea,2014,2014-06,2014-06-30,1861.28,KRW/litre,KOSIS / Korea National Oil Corporation monthly gasoline,observed_retail_gasoline,observed_retail,True,Observed regular gasoline national monthly average from KOSIS/KNOC.,,,0.0,,CHN=regulated domestic product-price mechanism/proxy scenario; controls=observed retail-price pass-through.,-0.004401243310602432,113890.75997959182,0.014473802190718033,1.658937,101.7396393,2.4111835861042152,,2.4111835861042152,0.2848465559002022,0.0,ARX_one_step_residual_lagged_information,,,,0.1831261435239828,EIA_STEO_July_2026_ex_post_2022plus,98.767105
KOR,Korea,2014,2014-07,2014-07-31,1856.59,KRW/litre,KOSIS / Korea National Oil Corporation monthly gasoline,observed_retail_gasoline,observed_retail,True,Observed regular gasoline national monthly average from KOSIS/KNOC.,,,0.0,,CHN=regulated domestic product-price mechanism/proxy scenario; controls=observed retail-price pass-through.,-0.0025229513069398024,109013.95346074378,-0.04376385575298514,1.589728,102.27483109,4.098542699482799,,4.098542699482799,-0.2624127689536664,0.0,ARX_one_step_residual_lagged_information,,,,-0.4307517136082288,EIA_STEO_July_2026_ex_post_2022plus,138.75395
KOR,Korea,2014,2014-08,2014-08-31,1842.01,KRW/litre,KOSIS / Korea National Oil Corporation monthly gasoline,observed_retail_gasoline,observed_retail,True,Observed regular gasoline national monthly average from KOSIS/KNOC.,,,0.0,,CHN=regulated domestic product-price mechanism/proxy scenario; controls=observed retail-price pass-through.,-0.007884105079350334,104102.57397619048,-0.04609918612614017,1.408224,98.41357663,-1.1598102875518101,,-1.1598102875518101,-0.4675598545317212,0.0,ARX_one_step_residual_lagged_information,,,,-0.4633679333705456,EIA_STEO_July_2026_ex_post_2022plus,136.44559
KOR,Korea,2014,2014-09,2014-09-30,1814.2,KRW/litre,KOSIS / Korea National Oil Corporation monthly gasoline,observed_retail_gasoline,observed_retail,True,Observed regular gasoline national monthly average from KOSIS/KNOC.,,,0.0,,CHN=regulated domestic product-price mechanism/proxy scenario; controls=observed retail-price pass-through.,-0.015212767501322944,100576.17864489797,-0.03446126447976283,1.146448,98.06139278,0.33583885384054213,,0.33583885384054213,-0.2594703158071751,0.0,ARX_one_step_residual_lagged_information,,,,-0.425769283388323,EIA_STEO_July_2026_ex_post_2022plus,131.55666
KOR,Korea,2014,2014-10,2014-10-31,1781.07,KRW/litre,KOSIS / Korea National Oil Corporation monthly gasoline,observed_retail_gasoline,observed_retail,True,Observed regular gasoline national monthly average from KOSIS/KNOC.,,,0.0,,CHN=regulated domestic product-price mechanism/proxy scenario; controls=observed retail-price pass-through.,-0.018430291901623264,92700.09736007905,-0.08154591398974631,1.149956,97.76347289,-2.9680414349154915,,-2.9680414349154915,-0.7647647452878167,0.0,ARX_one_step_residual_lagged_information,,,,-0.9749528418023932,EIA_STEO_July_2026_ex_post_2022plus,83.661
KOR,Korea,2014,2014-11,2014-11-30,1730.16,KRW/litre,KOSIS / Korea National Oil Corporation monthly gasoline,observed_retail_gasoline,observed_retail,True,Observed regular gasoline national monthly average from KOSIS/KNOC.,,,0.0,,CHN=regulated domestic product-price mechanism/proxy scenario; controls=observed retail-price pass-through.,-0.029000417514787102,87212.70215555554,-0.06101953561375062,0.9654624,98.40400064,-1.5886545508716488,,-1.5886545508716488,-0.7174315309085026,0.0,ARX_one_step_residual_lagged_information,,,,-0.8911774245526921,EIA_STEO_July_2026_ex_post_2022plus,84.38005
KOR,Korea,2014,2014-12,2014-12-31,1652.23,KRW/litre,KOSIS / Korea National Oil Corporation monthly gasoline,observed_retail_gasoline,observed_retail,True,Observed regular gasoline national monthly average from KOSIS/KNOC.,,,0.0,,CHN=regulated domestic product-price mechanism/proxy scenario; controls=observed retail-price pass-through.,-0.04608799919283779,68731.96611666668,-0.23813559612122503,0.8334317,100.96291961,-0.3524186404592733,,-0.3524186404592733,-2.1369008547896216,0.0,ARX_one_step_residual_lagged_information,,,,-2.2469964143025263,EIA_STEO_July_2026_ex_post_2022plus,86.52622
KOR,Korea,2015,2015-01,2015-01-31,1504.82,KRW/litre,KOSIS / Korea National Oil Corporation monthly gasoline,observed_retail_gasoline,observed_retail,True,Observed regular gasoline national monthly average from KOSIS/KNOC.,,,0.0,,CHN=regulated domestic product-price mechanism/proxy scenario; controls=observed retail-price pass-through.,-0.09345260087033225,51968.54473500001,-0.2795757644989312,0.9740745,99.05304038,-2.739926451027941,,-2.739926451027941,-2.4252298762809548,0.0,ARX_one_step_residual_lagged_information,,,,-2.4678988359470786,EIA_STEO_July_2026_ex_post_2022plus,111.985695
KOR,Korea,2015,2015-02,2015-02-28,1439.09,KRW/litre,KOSIS / Korea National Oil Corporation monthly gasoline,observed_retail_gasoline,observed_retail,True,Observed regular gasoline national monthly average from KOSIS/KNOC.,,,0.0,,CHN=regulated domestic product-price mechanism/proxy scenario; controls=observed retail-price pass-through.,-0.04466232033671513,63989.900006578944,0.2080866319008905,0.6458821,100.2425919,-1.2006643404578021,,-1.2006643404578021,1.8344509102038231,0.0,ARX_one_step_residual_lagged_information,,,,1.8059454415522465,EIA_STEO_July_2026_ex_post_2022plus,111.9247
KOR,Korea,2015,2015-03,2015-03-31,1507.7,KRW/litre,KOSIS / Korea National Oil Corporation monthly gasoline,observed_retail_gasoline,observed_retail,True,Observed regular gasoline national monthly average from KOSIS/KNOC.,,,0.0,,CHN=regulated domestic product-price mechanism/proxy scenario; controls=observed retail-price pass-through.,0.04657434142032457,62194.947766115685,-0.028451487687776833,0.4705108,99.41373623,-2.6926206274187514,,-2.6926206274187514,-0.3517775262248044,0.0,ARX_one_step_residual_lagged_information,,,,-0.363952535983822,EIA_STEO_July_2026_ex_post_2022plus,104.23527
KOR,Korea,2015,2015-04,2015-04-30,1507.44,KRW/litre,KOSIS / Korea National Oil Corporation monthly gasoline,observed_retail_gasoline,observed_retail,True,Observed regular gasoline national monthly average from KOSIS/KNOC.,,,0.0,,CHN=regulated domestic product-price mechanism/proxy scenario; controls=observed retail-price pass-through.,-0.00017246297063788774,64564.261098701296,0.03738725311105284,0.4362409,100.33728787,-2.207641472470012,,-2.207641472470012,0.7826519174424931,0.0,ARX_one_step_residual_lagged_information,,,,0.5778479298749288,EIA_STEO_July_2026_ex_post_2022plus,102.19049
KOR,Korea,2015,2015-05,2015-05-31,1542.2,KRW/litre,KOSIS / Korea National Oil Corporation monthly gasoline,observed_retail_gasoline,observed_retail,True,Observed regular gasoline national monthly average from KOSIS/KNOC.,,,0.0,,CHN=regulated domestic product-price mechanism/proxy scenario; controls=observed retail-price pass-through.,0.022797120584625574,70010.6837375,0.08098683129274775,0.5520881,97.7570889,-1.4296995617685937,,-1.4296995617685937,0.4395394751470354,0.0,ARX_one_step_residual_lagged_information,,,,0.6757557872152448,EIA_STEO_July_2026_ex_post_2022plus,76.26233
KOR,Korea,2015,2015-06,2015-06-30,1580.03,KRW/litre,KOSIS / Korea National Oil Corporation monthly gasoline,observed_retail_gasoline,observed_retail,True,Observed regular gasoline national monthly average from KOSIS/KNOC.,,,0.0,,CHN=regulated domestic product-price mechanism/proxy scenario; controls=observed retail-price pass-through.,0.024233865783666708,68417.52873822313,-0.023018795324682984,0.7013412,99.57652817,-2.149051820238146,,-2.149051820238146,-0.6104284962240248,0.0,ARX_one_step_residual_lagged_information,,,,-0.3879473150390513,EIA_STEO_July_2026_ex_post_2022plus,85.90597
KOR,Korea,2015,2015-07,2015-07-31,1576.02,KRW/litre,KOSIS / Korea National Oil Corporation monthly gasoline,observed_retail_gasoline,observed_retail,True,Observed regular gasoline national monthly average from KOSIS/KNOC.,,,0.0,,CHN=regulated domestic product-price mechanism/proxy scenario; controls=observed retail-price pass-through.,-0.002541152489894394,64850.18353221343,-0.053549319038150855,0.7352785,98.57636857,-3.6832049078587836,,-3.6832049078587836,-0.7831460792780096,0.0,ARX_one_step_residual_lagged_information,,,,-0.7759917423274519,EIA_STEO_July_2026_ex_post_2022plus,106.80866
KOR,Korea,2015,2015-08,2015-08-31,1544.49,KRW/litre,KOSIS / Korea National Oil Corporation monthly gasoline,observed_retail_gasoline,observed_retail,True,Observed regular gasoline national monthly average from KOSIS/KNOC.,,,0.0,,CHN=regulated domestic product-price mechanism/proxy scenario; controls=observed retail-price pass-through.,-0.020208922942201113,54801.359300000004,-0.16836474247110722,0.7001513,100.97462361,2.5690465463402923,,2.5690465463402923,-1.7577126486468235,0.0,ARX_one_step_residual_lagged_information,,,,-1.8133556169982417,EIA_STEO_July_2026_ex_post_2022plus,82.47853
KOR,Korea,2015,2015-09,2015-09-30,1511.5,KRW/litre,KOSIS / Korea National Oil Corporation monthly gasoline,observed_retail_gasoline,observed_retail,True,Observed regular gasoline national monthly average from KOSIS/KNOC.,,,0.0,,CHN=regulated domestic product-price mechanism/proxy scenario; controls=observed retail-price pass-through.,-0.021591223530919024,56401.56292272727,0.028781871125069358,0.503757,102.15459914,4.0893604179961685,,4.0893604179961685,0.180515581722499,0.0,ARX_one_step_residual_lagged_information,,,,0.2123176494965866,EIA_STEO_July_2026_ex_post_2022plus,98.767456
KOR,Korea,2015,2015-10,2015-10-31,1498.67,KRW/litre,KOSIS / Korea National Oil Corporation monthly gasoline,observed_retail_gasoline,observed_retail,True,Observed regular gasoline national monthly average from KOSIS/KNOC.,,,0.0,,CHN=regulated domestic product-price mechanism/proxy scenario; controls=observed retail-price pass-through.,-0.008524487117280266,55365.129876190476,-0.018546898551029756,0.8078128,101.14379954,3.39922426363648,,3.39922426363648,-0.029388872555947,0.0,ARX_one_step_residual_lagged_information,,,,0.1499557039138983,EIA_STEO_July_2026_ex_post_2022plus,91.931885
KOR,Korea,2015,2015-11,2015-11-30,1473.58,KRW/litre,KOSIS / Korea National Oil Corporation monthly gasoline,observed_retail_gasoline,observed_retail,True,Observed regular gasoline national monthly average from KOSIS/KNOC.,,,0.0,,CHN=regulated domestic product-price mechanism/proxy scenario; controls=observed retail-price pass-through.,-0.016883233897418748,51061.46373784462,-0.08091989254630683,0.8200819,100.60115976,2.208232588630299,,2.208232588630299,-1.274489799462995,0.0,ARX_one_step_residual_lagged_information,,,,-0.8362374681880909,EIA_STEO_July_2026_ex_post_2022plus,150.71588
KOR,Korea,2015,2015-12,2015-12-31,1432.92,KRW/litre,KOSIS / Korea National Oil Corporation monthly gasoline,observed_retail_gasoline,observed_retail,True,Observed regular gasoline national monthly average from KOSIS/KNOC.,,,0.0,,CHN=regulated domestic product-price mechanism/proxy scenario; controls=observed retail-price pass-through.,-0.027980493871520018,44464.34334380166,-0.13834248361033374,1.131843,99.68931212,-1.2694846037123675,,-1.2694846037123675,-1.518348872636687,0.0,ARX_one_step_residual_lagged_information,,,,-1.4155485230529918,EIA_STEO_July_2026_ex_post_2022plus,148.23688
KOR,Korea,2016,2016-01,2016-01-31,1385.25,KRW/litre,KOSIS / Korea National Oil Corporation monthly gasoline,observed_retail_gasoline,observed_retail,True,Observed regular gasoline national monthly average from KOSIS/KNOC.,,,0.0,,CHN=regulated domestic product-price mechanism/proxy scenario; controls=observed retail-price pass-through.,-0.03383369158583438,36941.257709473684,-0.1853585732568952,0.6223387,99.92764803,0.8790936341569022,,0.8790936341569022,-2.33299530373939,0.0,ARX_one_step_residual_lagged_information,,,,-1.9791583657253475,EIA_STEO_July_2026_ex_post_2022plus,118.21114
KOR,Korea,2016,2016-02,2016-02-29,1351.65,KRW/litre,KOSIS / Korea National Oil Corporation monthly gasoline,observed_retail_gasoline,observed_retail,True,Observed regular gasoline national monthly average from KOSIS/KNOC.,,,0.0,,CHN=regulated domestic product-price mechanism/proxy scenario; controls=observed retail-price pass-through.,-0.02455456039830306,39140.05747275,0.057817408804600845,1.113261,100.82672767,0.5810308749258475,,0.5810308749258475,0.2502414466173734,0.0,ARX_one_step_residual_lagged_information,,,,0.4305199525458617,EIA_STEO_July_2026_ex_post_2022plus,103.74965
KOR,Korea,2016,2016-03,2016-03-31,1350.13,KRW/litre,KOSIS / Korea National Oil Corporation monthly gasoline,observed_retail_gasoline,observed_retail,True,Observed regular gasoline national monthly average from KOSIS/KNOC.,,,0.0,,CHN=regulated domestic product-price mechanism/proxy scenario; controls=observed retail-price pass-through.,-0.0011251842565753734,45148.443069960485,0.14280936541213585,0.8425303,101.80135128,2.373308233499838,,2.373308233499838,0.9852420612150368,0.0,ARX_one_step_residual_lagged_information,,,,1.5822675667564785,EIA_STEO_July_2026_ex_post_2022plus,109.72029
KOR,Korea,2016,2016-04,2016-04-30,1361.74,KRW/litre,KOSIS / Korea National Oil Corporation monthly gasoline,observed_retail_gasoline,observed_retail,True,Observed regular gasoline national monthly average from KOSIS/KNOC.,,,0.0,,CHN=regulated domestic product-price mechanism/proxy scenario; controls=observed retail-price pass-through.,0.008562409652409286,47646.04472222222,0.05384382400798415,1.001849,100.35750386,0.020146003684651248,,0.020146003684651248,0.0838172782525009,0.0,ARX_one_step_residual_lagged_information,,,,0.7767219192420621,EIA_STEO_July_2026_ex_post_2022plus,85.22145
KOR,Korea,2016,2016-05,2016-05-31,1388.74,KRW/litre,KOSIS / Korea National Oil Corporation monthly gasoline,observed_retail_gasoline,observed_retail,True,Observed regular gasoline national monthly average from KOSIS/KNOC.,,,0.0,,CHN=regulated domestic product-price mechanism/proxy scenario; controls=observed retail-price pass-through.,0.019633567462852497,54865.761596371885,0.14108988384932175,0.7798504,103.12496675,5.3455805278462165,,5.3455805278462165,0.5579169894032892,0.0,ARX_one_step_residual_lagged_information,,,,1.0759248987314494,EIA_STEO_July_2026_ex_post_2022plus,88.33242
KOR,Korea,2016,2016-06,2016-06-30,1437.57,KRW/litre,KOSIS / Korea National Oil Corporation monthly gasoline,observed_retail_gasoline,observed_retail,True,Observed regular gasoline national monthly average from KOSIS/KNOC.,,,0.0,,CHN=regulated domestic product-price mechanism/proxy scenario; controls=observed retail-price pass-through.,0.03455732693024238,56217.831834710756,0.02434449538021255,0.7396559,102.7578869,3.1449132707065175,,3.1449132707065175,0.2953291990002094,0.0,ARX_one_step_residual_lagged_information,,,,0.2876069002708758,EIA_STEO_July_2026_ex_post_2022plus,90.16813
KOR,Korea,2016,2016-07,2016-07-31,1437.15,KRW/litre,KOSIS / Korea National Oil Corporation monthly gasoline,observed_retail_gasoline,observed_retail,True,Observed regular gasoline national monthly average from KOSIS/KNOC.,,,0.0,,CHN=regulated domestic product-price mechanism/proxy scenario; controls=observed retail-price pass-through.,-0.000292202373092465,51284.054826190484,-0.09185411724564929,0.3691628,102.07586317,3.4884730195280156,,3.4884730195280156,-0.7890364899854008,0.0,ARX_one_step_residual_lagged_information,,,,-0.6594625016309432,EIA_STEO_July_2026_ex_post_2022plus,114.61045
KOR,Korea,2016,2016-08,2016-08-31,1411.69,KRW/litre,KOSIS / Korea National Oil Corporation monthly gasoline,observed_retail_gasoline,observed_retail,True,Observed regular gasoline national monthly average from KOSIS/KNOC.,,,0.0,,CHN=regulated domestic product-price mechanism/proxy scenario; controls=observed retail-price pass-through.,-0.017874417557928624,50886.615394707005,-0.007779951629856896,0.4873284,101.03101559,0.05583208635977499,,0.05583208635977499,0.0811910315784664,0.0,ARX_one_step_residual_lagged_information,,,,0.1761257354996075,EIA_STEO_July_2026_ex_post_2022plus,98.73849
KOR,Korea,2016,2016-09,2016-09-30,1408.2,KRW/litre,KOSIS / Korea National Oil Corporation monthly gasoline,observed_retail_gasoline,observed_retail,True,Observed regular gasoline national monthly average from KOSIS/KNOC.,,,0.0,,CHN=regulated domestic product-price mechanism/proxy scenario; controls=observed retail-price pass-through.,-0.002475275122030496,51613.98360086581,0.014192705660308391,1.348904,101.17146353,-0.9670607486659932,,-0.9670607486659932,-0.2376557237578802,0.0,ARX_one_step_residual_lagged_information,,,,0.1396420942526995,EIA_STEO_July_2026_ex_post_2022plus,104.54523
KOR,Korea,2016,2016-10,2016-10-31,1416.6,KRW/litre,KOSIS / Korea National Oil Corporation monthly gasoline,observed_retail_gasoline,observed_retail,True,Observed regular gasoline national monthly average from KOSIS/KNOC.,,,0.0,,CHN=regulated domestic product-price mechanism/proxy scenario; controls=observed retail-price pass-through.,0.00594734123448859,55869.46642952382,0.0792253774206717,1.487901,100.06171198,-1.075614663290203,,-1.075614663290203,0.4642565958700504,0.0,ARX_one_step_residual_lagged_information,,,,0.5633942564883699,EIA_STEO_July_2026_ex_post_2022plus,85.74779
KOR,Korea,2016,2016-11,2016-11-30,1426.95,KRW/litre,KOSIS / Korea National Oil Corporation monthly gasoline,observed_retail_gasoline,observed_retail,True,Observed regular gasoline national monthly average from KOSIS/KNOC.,,,0.0,,CHN=regulated domestic product-price mechanism/proxy scenario; controls=observed retail-price pass-through.,0.007279665001053814,52012.685372727276,-0.07153037490497915,1.530817,105.14337394,4.416109882309005,,4.416109882309005,-0.9727318577270646,0.0,ARX_one_step_residual_lagged_information,,,,-0.9455471790119578,EIA_STEO_July_2026_ex_post_2022plus,82.918755
KOR,Korea,2016,2016-12,2016-12-31,1454.61,KRW/litre,KOSIS / Korea National Oil Corporation monthly gasoline,observed_retail_gasoline,observed_retail,True,Observed regular gasoline national monthly average from KOSIS/KNOC.,,,0.0,,CHN=regulated domestic product-price mechanism/proxy scenario; controls=observed retail-price pass-through.,0.019198524118430704,63067.68709500001,0.19272090966593147,1.337962,103.86444645,4.10281786379576,,4.10281786379576,1.835253781522334,0.0,ARX_one_step_residual_lagged_information,,,,1.6159449639177093,EIA_STEO_July_2026_ex_post_2022plus,102.180466
KOR,Korea,2017,2017-01,2017-01-31,1507.88,KRW/litre,KOSIS / Korea National Oil Corporation monthly gasoline,observed_retail_gasoline,observed_retail,True,Observed regular gasoline national monthly average from KOSIS/KNOC.,,,0.0,,CHN=regulated domestic product-price mechanism/proxy scenario; controls=observed retail-price pass-through.,0.03596686736577226,64351.74981052631,0.020155577783159018,2.240843,106.28078949,6.163814483931507,,6.163814483931507,0.3562813201337297,0.0,ARX_one_step_residual_lagged_information,,,,0.212001757557247,EIA_STEO_July_2026_ex_post_2022plus,105.20123
KOR,Korea,2017,2017-02,2017-02-28,1516.65,KRW/litre,KOSIS / Korea National Oil Corporation monthly gasoline,observed_retail_gasoline,observed_retail,True,Observed regular gasoline national monthly average from KOSIS/KNOC.,,,0.0,,CHN=regulated domestic product-price mechanism/proxy scenario; controls=observed retail-price pass-through.,0.00579926440073919,62577.971661578966,-0.027950799967218387,2.082811,105.20827792,4.253850871426312,,4.253850871426312,-0.0616531323660811,0.0,ARX_one_step_residual_lagged_information,,,,0.0441060797080234,EIA_STEO_July_2026_ex_post_2022plus,114.20636
KOR,Korea,2017,2017-03,2017-03-31,1506.81,KRW/litre,KOSIS / Korea National Oil Corporation monthly gasoline,observed_retail_gasoline,observed_retail,True,Observed regular gasoline national monthly average from KOSIS/KNOC.,,,0.0,,CHN=regulated domestic product-price mechanism/proxy scenario; controls=observed retail-price pass-through.,-0.006509121828820241,58494.94115500946,-0.06747305127218617,2.276897,106.90429324,4.891060059811458,,4.891060059811458,-0.8914152242102106,0.0,ARX_one_step_residual_lagged_information,,,,-0.5753315680935861,EIA_STEO_July_2026_ex_post_2022plus,96.63588
KOR,Korea,2017,2017-04,2017-04-30,1487.54,KRW/litre,KOSIS / Korea National Oil Corporation monthly gasoline,observed_retail_gasoline,observed_retail,True,Observed regular gasoline national monthly average from KOSIS/KNOC.,,,0.0,,CHN=regulated domestic product-price mechanism/proxy scenario; controls=observed retail-price pass-through.,-0.012871084562160462,59326.33266710526,0.014112991390298646,1.955573,104.91461403,4.440797028937382,,4.440797028937382,-0.0009072287261253,0.0,ARX_one_step_residual_lagged_information,,,,0.1225563534111697,EIA_STEO_July_2026_ex_post_2022plus,119.45992
KOR,Korea,2017,2017-05,2017-05-31,1481.18,KRW/litre,KOSIS / Korea National Oil Corporation monthly gasoline,observed_retail_gasoline,observed_retail,True,Observed regular gasoline national monthly average from KOSIS/KNOC.,,,0.0,,CHN=regulated domestic product-price mechanism/proxy scenario; controls=observed retail-price pass-through.,-0.004284681431727222,56624.17678833993,-0.04661722016284209,2.003555,105.35191786,2.136482250510774,,2.136482250510774,-0.5808383357267876,0.0,ARX_one_step_residual_lagged_information,,,,-0.3623903429973516,EIA_STEO_July_2026_ex_post_2022plus,102.57996
KOR,Korea,2017,2017-06,2017-06-30,1461.57,KRW/litre,KOSIS / Korea National Oil Corporation monthly gasoline,observed_retail_gasoline,observed_retail,True,Observed regular gasoline national monthly average from KOSIS/KNOC.,,,0.0,,CHN=regulated domestic product-price mechanism/proxy scenario; controls=observed retail-price pass-through.,-0.013327866981223124,52435.28979752066,-0.07685621167668977,1.806278,103.47289461,0.6934081999292907,,0.6934081999292907,-0.9901715991563086,0.0,ARX_one_step_residual_lagged_information,,,,-0.7627598824003294,EIA_STEO_July_2026_ex_post_2022plus,126.78902
KOR,Korea,2017,2017-07,2017-07-31,1438.62,KRW/litre,KOSIS / Korea National Oil Corporation monthly gasoline,observed_retail_gasoline,observed_retail,True,Observed regular gasoline national monthly average from KOSIS/KNOC.,,,0.0,,CHN=regulated domestic product-price mechanism/proxy scenario; controls=observed retail-price pass-through.,-0.01582687965985219,54865.4293,0.04530361300611041,2.167011,104.45815822,2.307029801179894,,2.307029801179894,-0.0220304104529117,0.0,ARX_one_step_residual_lagged_information,,,,0.40613922085245,EIA_STEO_July_2026_ex_post_2022plus,102.81346
KOR,Korea,2017,2017-08,2017-08-31,1451.82,KRW/litre,KOSIS / Korea National Oil Corporation monthly gasoline,observed_retail_gasoline,observed_retail,True,Observed regular gasoline national monthly average from KOSIS/KNOC.,,,0.0,,CHN=regulated domestic product-price mechanism/proxy scenario; controls=observed retail-price pass-through.,0.009133621016321314,58439.87321739131,0.06311497035830804,2.488581,104.29962228,3.18401857738575,,3.18401857738575,0.1395144133344559,0.0,ARX_one_step_residual_lagged_information,,,,0.5902347710413575,EIA_STEO_July_2026_ex_post_2022plus,138.53162
KOR,Korea,2017,2017-09,2017-09-30,1479.66,KRW/litre,KOSIS / Korea National Oil Corporation monthly gasoline,observed_retail_gasoline,observed_retail,True,Observed regular gasoline national monthly average from KOSIS/KNOC.,,,0.0,,CHN=regulated domestic product-price mechanism/proxy scenario; controls=observed retail-price pass-through.,0.018994389878458584,63542.51698999999,0.0837108233107422,2.000062,104.96462201,3.680662398425749,,3.680662398425749,0.3826412875684989,0.0,ARX_one_step_residual_lagged_information,,,,0.7577258362578646,EIA_STEO_July_2026_ex_post_2022plus,115.53445
KOR,Korea,2017,2017-10,2017-10-31,1504.49,KRW/litre,KOSIS / Korea National Oil Corporation monthly gasoline,observed_retail_gasoline,observed_retail,True,Observed regular gasoline national monthly average from KOSIS/KNOC.,,,0.0,,CHN=regulated domestic product-price mechanism/proxy scenario; controls=observed retail-price pass-through.,0.016641638685008786,65034.557695238094,0.023209544724293707,1.761795,105.4881098,5.281112779911723,,5.281112779911723,-0.0764546837583873,0.0,ARX_one_step_residual_lagged_information,,,,0.2150631197695683,EIA_STEO_July_2026_ex_post_2022plus,91.46157
KOR,Korea,2017,2017-11,2017-11-30,1521.11,KRW/litre,KOSIS / Korea National Oil Corporation monthly gasoline,observed_retail_gasoline,observed_retail,True,Observed regular gasoline national monthly average from KOSIS/KNOC.,,,0.0,,CHN=regulated domestic product-price mechanism/proxy scenario; controls=observed retail-price pass-through.,0.010986361164294856,68972.61225431818,0.05879071648565137,1.153403,105.78390169,0.6073465055796312,,0.6073465055796312,1.031947168545167,0.0,ARX_one_step_residual_lagged_information,,,,0.795920881769235,EIA_STEO_July_2026_ex_post_2022plus,92.596016
KOR,Korea,2017,2017-12,2017-12-31,1540.27,KRW/litre,KOSIS / Korea National Oil Corporation monthly gasoline,observed_retail_gasoline,observed_retail,True,Observed regular gasoline national monthly average from KOSIS/KNOC.,,,0.0,,CHN=regulated domestic product-price mechanism/proxy scenario; controls=observed retail-price pass-through.,0.01251739422960707,69710.39137894736,0.010639891918295064,1.407486,103.38351865,-0.4641094189014261,,-0.4641094189014261,0.2316221454684384,0.0,ARX_one_step_residual_lagged_information,,,,0.2361154289400639,EIA_STEO_July_2026_ex_post_2022plus,82.718254
KOR,Korea,2018,2018-01,2018-01-31,1551.76,KRW/litre,KOSIS / Korea National Oil Corporation monthly gasoline,observed_retail_gasoline,observed_retail,True,Observed regular gasoline national monthly average from KOSIS/KNOC.,,,0.0,,CHN=regulated domestic product-price mechanism/proxy scenario; controls=observed retail-price pass-through.,0.007432044894611245,73611.5706969697,0.0544528300652285,0.7600189,105.4934298,-0.7435875061119646,,-0.7435875061119646,0.5307537819846163,0.0,ARX_one_step_residual_lagged_information,,,,0.6466410329828569,EIA_STEO_July_2026_ex_post_2022plus,92.42679
KOR,Korea,2018,2018-02,2018-02-28,1564.55,KRW/litre,KOSIS / Korea National Oil Corporation monthly gasoline,observed_retail_gasoline,observed_retail,True,Observed regular gasoline national monthly average from KOSIS/KNOC.,,,0.0,,CHN=regulated domestic product-price mechanism/proxy scenario; controls=observed retail-price pass-through.,0.008208472080581508,70443.27362368422,-0.043994467456291986,1.252663,105.60834176,0.3795377431312197,,0.3795377431312197,-1.0037546449327843,0.0,ARX_one_step_residual_lagged_information,,,,-0.5228083968715923,EIA_STEO_July_2026_ex_post_2022plus,64.49137
KOR,Korea,2018,2018-03,2018-03-31,1557.85,KRW/litre,KOSIS / Korea National Oil Corporation monthly gasoline,observed_retail_gasoline,observed_retail,True,Observed regular gasoline national monthly average from KOSIS/KNOC.,,,0.0,,CHN=regulated domestic product-price mechanism/proxy scenario; controls=observed retail-price pass-through.,-0.004291577173440864,70633.99236363637,0.002703750385309789,1.2156,104.26983029,-2.4951917298016824,,-2.4951917298016824,-0.0942745679504046,0.0,ARX_one_step_residual_lagged_information,,,,0.0930713737533477,EIA_STEO_July_2026_ex_post_2022plus,111.962296
KOR,Korea,2018,2018-04,2018-04-30,1551.33,KRW/litre,KOSIS / Korea National Oil Corporation monthly gasoline,observed_retail_gasoline,observed_retail,True,Observed regular gasoline national monthly average from KOSIS/KNOC.,,,0.0,,CHN=regulated domestic product-price mechanism/proxy scenario; controls=observed retail-price pass-through.,-0.004194038014657231,77012.46993809524,0.08645584912541615,1.528088,107.38096505,2.3236112578624457,,2.3236112578624457,0.8022116118069343,0.0,ARX_one_step_residual_lagged_information,,,,0.8103735825471061,EIA_STEO_July_2026_ex_post_2022plus,123.26347
KOR,Korea,2018,2018-05,2018-05-31,1580.29,KRW/litre,KOSIS / Korea National Oil Corporation monthly gasoline,observed_retail_gasoline,observed_retail,True,Observed regular gasoline national monthly average from KOSIS/KNOC.,,,0.0,,CHN=regulated domestic product-price mechanism/proxy scenario; controls=observed retail-price pass-through.,0.018495746980095262,82876.12485887446,0.07337966538204199,1.469051,107.98212481,2.4659357671582782,,2.4659357671582782,0.61791327286101,0.0,ARX_one_step_residual_lagged_information,,,,0.5988011055133343,EIA_STEO_July_2026_ex_post_2022plus,125.66662
KOR,Korea,2018,2018-06,2018-06-30,1609.08,KRW/litre,KOSIS / Korea National Oil Corporation monthly gasoline,observed_retail_gasoline,observed_retail,True,Observed regular gasoline national monthly average from KOSIS/KNOC.,,,0.0,,CHN=regulated domestic product-price mechanism/proxy scenario; controls=observed retail-price pass-through.,0.018054212596935848,81425.2409297052,-0.01766171129812477,1.480408,107.31499707,3.6458716950095393,,3.6458716950095393,0.2164778282618993,0.0,ARX_one_step_residual_lagged_information,,,,-0.3193864990554811,EIA_STEO_July_2026_ex_post_2022plus,103.96859
KOR,Korea,2018,2018-07,2018-07-31,1610.91,KRW/litre,KOSIS / Korea National Oil Corporation monthly gasoline,observed_retail_gasoline,observed_retail,True,Observed regular gasoline national monthly average from KOSIS/KNOC.,,,0.0,,CHN=regulated domestic product-price mechanism/proxy scenario; controls=observed retail-price pass-through.,0.00113664961507709,83328.15297272727,0.023101152861030982,1.118986,107.90658084,3.2479269165506253,,3.2479269165506253,0.2532337563567078,0.0,ARX_one_step_residual_lagged_information,,,,-0.0241107132650339,EIA_STEO_July_2026_ex_post_2022plus,110.02843
KOR,Korea,2018,2018-08,2018-08-31,1618.29,KRW/litre,KOSIS / Korea National Oil Corporation monthly gasoline,observed_retail_gasoline,observed_retail,True,Observed regular gasoline national monthly average from KOSIS/KNOC.,,,0.0,,CHN=regulated domestic product-price mechanism/proxy scenario; controls=observed retail-price pass-through.,0.004570799485137833,81262.6185879017,-0.02510034808616446,1.431806,108.45454062,3.9063364199188655,,3.9063364199188655,-0.2271250192287946,0.0,ARX_one_step_residual_lagged_information,,,,-0.2227949159068178,EIA_STEO_July_2026_ex_post_2022plus,112.741684
KOR,Korea,2018,2018-09,2018-09-30,1637.58,KRW/litre,KOSIS / Korea National Oil Corporation monthly gasoline,observed_retail_gasoline,observed_retail,True,Observed regular gasoline national monthly average from KOSIS/KNOC.,,,0.0,,CHN=regulated domestic product-price mechanism/proxy scenario; controls=observed retail-price pass-through.,0.011849506098108087,88343.71962,0.08354899616141154,2.087153,106.29249348,1.2571306341010668,,1.2571306341010668,0.853284043900544,0.0,ARX_one_step_residual_lagged_information,,,,0.7721044015297376,EIA_STEO_July_2026_ex_post_2022plus,75.05391
KOR,Korea,2018,2018-10,2018-10-31,1681.12,KRW/litre,KOSIS / Korea National Oil Corporation monthly gasoline,observed_retail_gasoline,observed_retail,True,Observed regular gasoline national monthly average from KOSIS/KNOC.,,,0.0,,CHN=regulated domestic product-price mechanism/proxy scenario; controls=observed retail-price pass-through.,0.02624069566259113,91697.2234826087,0.03725698952384171,2.002508,108.41091664,2.733054769891563,,2.733054769891563,0.3098941070137567,0.0,ARX_one_step_residual_lagged_information,,,,0.2422209714529359,EIA_STEO_July_2026_ex_post_2022plus,92.01648
KOR,Korea,2018,2018-11,2018-11-30,1580.91,KRW/litre,KOSIS / Korea National Oil Corporation monthly gasoline,observed_retail_gasoline,observed_retail,True,Observed regular gasoline national monthly average from KOSIS/KNOC.,,,0.0,,CHN=regulated domestic product-price mechanism/proxy scenario; controls=observed retail-price pass-through.,-0.061459607347543965,72864.04266818182,-0.22989682506591613,2.037043,106.2520615,0.441586006174699,,0.441586006174699,-1.9526225628805007,0.0,ARX_one_step_residual_lagged_information,,,,-2.079541405844165,EIA_STEO_July_2026_ex_post_2022plus,80.407585
KOR,Korea,2018,2018-12,2018-12-31,1433.13,KRW/litre,KOSIS / Korea National Oil Corporation monthly gasoline,observed_retail_gasoline,observed_retail,True,Observed regular gasoline national monthly average from KOSIS/KNOC.,,,0.0,,CHN=regulated domestic product-price mechanism/proxy scenario; controls=observed retail-price pass-through.,-0.09813976710764027,64384.907132026136,-0.12371603112828922,1.320395,103.96978241,0.5654747903294677,,0.5654747903294677,-1.0061364944612583,0.0,ARX_one_step_residual_lagged_information,,,,-1.1251766525266678,EIA_STEO_July_2026_ex_post_2022plus,90.607666
KOR,Korea,2019,2019-01,2019-01-31,1351.19,KRW/litre,KOSIS / Korea National Oil Corporation monthly gasoline,observed_retail_gasoline,observed_retail,True,Observed regular gasoline national monthly average from KOSIS/KNOC.,,,0.0,,CHN=regulated domestic product-price mechanism/proxy scenario; controls=observed retail-price pass-through.,-0.058875177847969695,66558.2960590909,0.03319895177204657,0.7930198,105.20934192,-0.2696576317690713,,-0.2696576317690713,0.188445533632504,0.0,ARX_one_step_residual_lagged_information,,,,0.3188447727567846,EIA_STEO_July_2026_ex_post_2022plus,87.4241
KOR,Korea,2019,2019-02,2019-02-28,1343.77,KRW/litre,KOSIS / Korea National Oil Corporation monthly gasoline,observed_retail_gasoline,observed_retail,True,Observed regular gasoline national monthly average from KOSIS/KNOC.,,,0.0,,CHN=regulated domestic product-price mechanism/proxy scenario; controls=observed retail-price pass-through.,-0.0055065891511691945,71753.02091666666,0.0751517610100727,0.4612817,101.15656754,-4.306787186599781,,-4.306787186599781,0.3179255869930876,0.0,ARX_one_step_residual_lagged_information,,,,0.6770586293080596,EIA_STEO_July_2026_ex_post_2022plus,96.80016
KOR,Korea,2019,2019-03,2019-03-31,1369.52,KRW/litre,KOSIS / Korea National Oil Corporation monthly gasoline,observed_retail_gasoline,observed_retail,True,Observed regular gasoline national monthly average from KOSIS/KNOC.,,,0.0,,CHN=regulated domestic product-price mechanism/proxy scenario; controls=observed retail-price pass-through.,0.018981216980381355,74842.43892312926,0.04215513225049605,0.3746797,103.63462255,-0.6110592705848461,,-0.6110592705848461,0.2509811626919623,0.0,ARX_one_step_residual_lagged_information,,,,0.3042339624987233,EIA_STEO_July_2026_ex_post_2022plus,82.32829
KOR,Korea,2019,2019-04,2019-04-30,1424.39,KRW/litre,KOSIS / Korea National Oil Corporation monthly gasoline,observed_retail_gasoline,observed_retail,True,Observed regular gasoline national monthly average from KOSIS/KNOC.,,,0.0,,CHN=regulated domestic product-price mechanism/proxy scenario; controls=observed retail-price pass-through.,0.0392833384125959,81360.22016666667,0.08350136844453715,0.555943,106.56806937,-0.7599002200786131,,-0.7599002200786131,0.7415849113131195,0.0,ARX_one_step_residual_lagged_information,,,,0.6807381297896776,EIA_STEO_July_2026_ex_post_2022plus,79.25345
KOR,Korea,2019,2019-05,2019-05-31,1517.22,KRW/litre,KOSIS / Korea National Oil Corporation monthly gasoline,observed_retail_gasoline,observed_retail,True,Observed regular gasoline national monthly average from KOSIS/KNOC.,,,0.0,,CHN=regulated domestic product-price mechanism/proxy scenario; controls=observed retail-price pass-through.,0.06313606102643643,84365.49998016527,0.0362720922093569,0.6799422,105.72750971,-2.110058123632008,,-2.110058123632008,0.1036321340257055,0.0,ARX_one_step_residual_lagged_information,,,,0.0055781678142461,EIA_STEO_July_2026_ex_post_2022plus,106.4719
KOR,Korea,2019,2019-06,2019-06-30,1517.54,KRW/litre,KOSIS / Korea National Oil Corporation monthly gasoline,observed_retail_gasoline,observed_retail,True,Observed regular gasoline national monthly average from KOSIS/KNOC.,,,0.0,,CHN=regulated domestic product-price mechanism/proxy scenario; controls=observed retail-price pass-through.,0.0002108898240296142,75381.02748225,-0.11260293157876688,0.720801,105.24445389999998,-1.9482630893559616,,-1.9482630893559616,-0.7544511920195658,0.0,ARX_one_step_residual_lagged_information,,,,-0.9745194423062468,EIA_STEO_July_2026_ex_post_2022plus,106.588455
KOR,Korea,2019,2019-07,2019-07-31,1491.5,KRW/litre,KOSIS / Korea National Oil Corporation monthly gasoline,observed_retail_gasoline,observed_retail,True,Observed regular gasoline national monthly average from KOSIS/KNOC.,,,0.0,,CHN=regulated domestic product-price mechanism/proxy scenario; controls=observed retail-price pass-through.,-0.017308277774781722,75247.80846324112,-0.0017688386543959211,0.6055381,108.33537267,0.3965857550247698,,0.3965857550247698,-0.1475646384633109,0.0,ARX_one_step_residual_lagged_information,,,,-0.0488585610737776,EIA_STEO_July_2026_ex_post_2022plus,93.521255
KOR,Korea,2019,2019-08,2019-08-31,1493.72,KRW/litre,KOSIS / Korea National Oil Corporation monthly gasoline,observed_retail_gasoline,observed_retail,True,Observed regular gasoline national monthly average from KOSIS/KNOC.,,,0.0,,CHN=regulated domestic product-price mechanism/proxy scenario; controls=observed retail-price pass-through.,0.0014873278413292113,71462.92854214876,-0.05160794647907174,-0.03720014,106.07118157,-2.222071173701412,,-2.222071173701412,-0.8952299415487155,0.0,ARX_one_step_residual_lagged_information,,,,-0.7392204902481774,EIA_STEO_July_2026_ex_post_2022plus,103.40442
KOR,Korea,2019,2019-09,2019-09-30,1529.27,KRW/litre,KOSIS / Korea National Oil Corporation monthly gasoline,observed_retail_gasoline,observed_retail,True,Observed regular gasoline national monthly average from KOSIS/KNOC.,,,0.0,,CHN=regulated domestic product-price mechanism/proxy scenario; controls=observed retail-price pass-through.,0.023520844547380904,75022.23365333334,0.04860568500144424,-0.4260584,108.65350854,2.196933182607186,,2.196933182607186,0.7267762189669941,0.0,ARX_one_step_residual_lagged_information,,,,0.5690958721819117,EIA_STEO_July_2026_ex_post_2022plus,90.36799
KOR,Korea,2019,2019-10,2019-10-31,1540.47,KRW/litre,KOSIS / Korea National Oil Corporation monthly gasoline,observed_retail_gasoline,observed_retail,True,Observed regular gasoline national monthly average from KOSIS/KNOC.,,,0.0,,CHN=regulated domestic product-price mechanism/proxy scenario; controls=observed retail-price pass-through.,0.007297067306894611,70667.2384505929,-0.05980244106203969,0.0,108.20769272,-0.18763298335553458,,-0.18763298335553458,-0.5756594546753463,0.0,ARX_one_step_residual_lagged_information,,,,-0.4753168273233417,EIA_STEO_July_2026_ex_post_2022plus,97.83673
KOR,Korea,2019,2019-11,2019-11-30,1535.65,KRW/litre,KOSIS / Korea National Oil Corporation monthly gasoline,observed_retail_gasoline,observed_retail,True,Observed regular gasoline national monthly average from KOSIS/KNOC.,,,0.0,,CHN=regulated domestic product-price mechanism/proxy scenario; controls=observed retail-price pass-through.,-0.003133820491202144,73787.18988972431,0.043203060556727735,0.1520185,108.17683673,1.795305524415003,,1.795305524415003,0.325523975981759,0.0,ARX_one_step_residual_lagged_information,,,,0.5210974588565558,EIA_STEO_July_2026_ex_post_2022plus,73.078384
KOR,Korea,2019,2019-12,2019-12-31,1548.47,KRW/litre,KOSIS / Korea National Oil Corporation monthly gasoline,observed_retail_gasoline,observed_retail,True,Observed regular gasoline national monthly average from KOSIS/KNOC.,,,0.0,,CHN=regulated domestic product-price mechanism/proxy scenario; controls=observed retail-price pass-through.,0.008313602479038451,78960.32980408164,0.0677604341567033,0.7384734,110.59530776,6.177735969934606,,6.177735969934606,0.4989297512798961,0.0,ARX_one_step_residual_lagged_information,,,,0.5626427037356834,EIA_STEO_July_2026_ex_post_2022plus,74.27989
KOR,Korea,2020,2020-01,2020-01-31,1568.44,KRW/litre,KOSIS / Korea National Oil Corporation monthly gasoline,observed_retail_gasoline,observed_retail,True,Observed regular gasoline national monthly average from KOSIS/KNOC.,,,0.0,,CHN=regulated domestic product-price mechanism/proxy scenario; controls=observed retail-price pass-through.,0.012814148152754612,74303.6739004329,-0.06078517462234423,1.219611,106.82555727,1.524510029734838,,1.524510029734838,-0.6705064432322924,0.0,ARX_one_step_residual_lagged_information,,,,-0.5101846776295887,EIA_STEO_July_2026_ex_post_2022plus,138.42094
KOR,Korea,2020,2020-02,2020-02-29,1545.29,KRW/litre,KOSIS / Korea National Oil Corporation monthly gasoline,observed_retail_gasoline,observed_retail,True,Observed regular gasoline national monthly average from KOSIS/KNOC.,,,0.0,,CHN=regulated domestic product-price mechanism/proxy scenario; controls=observed retail-price pass-through.,-0.01486989980764708,66528.80403473685,-0.11052540008243561,0.8548902,102.9951588,1.801249495756263,,1.801249495756263,-1.4886935956750118,0.0,ARX_one_step_residual_lagged_information,,,,-1.2453944208448664,EIA_STEO_July_2026_ex_post_2022plus,75.95556
KOR,Korea,2020,2020-03,2020-03-31,1469.06,KRW/litre,KOSIS / Korea National Oil Corporation monthly gasoline,observed_retail_gasoline,observed_retail,True,Observed regular gasoline national monthly average from KOSIS/KNOC.,,,0.0,,CHN=regulated domestic product-price mechanism/proxy scenario; controls=observed retail-price pass-through.,-0.050588854531932625,38996.068574380166,-0.5341741619985179,0.8262628,107.78315689,3.9249933711532847,,3.9249933711532847,-5.233802918763738,0.0,ARX_one_step_residual_lagged_information,,,,-5.119287024916463,EIA_STEO_July_2026_ex_post_2022plus,81.54003
KOR,Korea,2020,2020-04,2020-04-30,1323.66,KRW/litre,KOSIS / Korea National Oil Corporation monthly gasoline,observed_retail_gasoline,observed_retail,True,Observed regular gasoline national monthly average from KOSIS/KNOC.,,,0.0,,CHN=regulated domestic product-price mechanism/proxy scenario; controls=observed retail-price pass-through.,-0.10422211351569288,22479.311412727275,-0.5508654418133663,0.01909912,104.27195829,-2.17814604163884,,-2.17814604163884,-5.199309945631854,0.0,ARX_one_step_residual_lagged_information,,,,-5.135860269259506,EIA_STEO_July_2026_ex_post_2022plus,69.3394
KOR,Korea,2020,2020-05,2020-05-31,1255.08,KRW/litre,KOSIS / Korea National Oil Corporation monthly gasoline,observed_retail_gasoline,observed_retail,True,Observed regular gasoline national monthly average from KOSIS/KNOC.,,,0.0,,CHN=regulated domestic product-price mechanism/proxy scenario; controls=observed retail-price pass-through.,-0.05320131138154949,36081.284147368424,0.4731788927787832,-0.2127403,96.61116136,-9.017084459792901,,-9.017084459792901,3.9668162669824367,0.0,ARX_one_step_residual_lagged_information,,,,4.331729751051854,EIA_STEO_July_2026_ex_post_2022plus,68.50722
KOR,Korea,2020,2020-06,2020-06-30,1322.88,KRW/litre,KOSIS / Korea National Oil Corporation monthly gasoline,observed_retail_gasoline,observed_retail,True,Observed regular gasoline national monthly average from KOSIS/KNOC.,,,0.0,,CHN=regulated domestic product-price mechanism/proxy scenario; controls=observed retail-price pass-through.,0.05261186249917138,48599.8714766529,0.2978466001609412,0.2201204,102.9951588,-2.160379145400526,,-2.160379145400526,2.436789638774949,0.0,ARX_one_step_residual_lagged_information,,,,2.909312404330328,EIA_STEO_July_2026_ex_post_2022plus,71.22786
KOR,Korea,2020,2020-07,2020-07-31,1360.25,KRW/litre,KOSIS / Korea National Oil Corporation monthly gasoline,observed_retail_gasoline,observed_retail,True,Observed regular gasoline national monthly average from KOSIS/KNOC.,,,0.0,,CHN=regulated domestic product-price mechanism/proxy scenario; controls=observed retail-price pass-through.,0.02785732831268639,51830.87552905139,0.0643651379913468,0.4466311,105.01675799,-3.1111780803025013,,-3.1111780803025013,0.01030566042997,0.0,ARX_one_step_residual_lagged_information,,,,0.6537384842262939,EIA_STEO_July_2026_ex_post_2022plus,66.47328
KOR,Korea,2020,2020-08,2020-08-31,1361.09,KRW/litre,KOSIS / Korea National Oil Corporation monthly gasoline,observed_retail_gasoline,observed_retail,True,Observed regular gasoline national monthly average from KOSIS/KNOC.,,,0.0,,CHN=regulated domestic product-price mechanism/proxy scenario; controls=observed retail-price pass-through.,0.000617342946252819,53095.19853714285,0.0241004767491777,0.7694242,106.18715753,0.1092781296914147,,0.1092781296914147,-0.0329631673480962,0.0,ARX_one_step_residual_lagged_information,,,,0.3086337464573048,EIA_STEO_July_2026_ex_post_2022plus,65.46605
KOR,Korea,2020,2020-09,2020-09-30,1352.47,KRW/litre,KOSIS / Korea National Oil Corporation monthly gasoline,observed_retail_gasoline,observed_retail,True,Observed regular gasoline national monthly average from KOSIS/KNOC.,,,0.0,,CHN=regulated domestic product-price mechanism/proxy scenario; controls=observed retail-price pass-through.,-0.0063532989836820875,48144.88558658008,-0.09787158687483988,0.9479528,110.7623557,1.9222968273322927,,1.9222968273322927,-1.337846087993822,0.0,ARX_one_step_residual_lagged_information,,,,-0.8320689060780462,EIA_STEO_July_2026_ex_post_2022plus,80.37738
KOR,Korea,2020,2020-10,2020-10-31,1333.28,KRW/litre,KOSIS / Korea National Oil Corporation monthly gasoline,observed_retail_gasoline,observed_retail,True,Observed regular gasoline national monthly average from KOSIS/KNOC.,,,0.0,,CHN=regulated domestic product-price mechanism/proxy scenario; controls=observed retail-price pass-through.,-0.014290478694708675,45967.51985303032,-0.04627985731679729,0.138943,110.33675587,1.9484645085182883,,1.9484645085182883,-0.5674547419519714,0.0,ARX_one_step_residual_lagged_information,,,,-0.1695395031828312,EIA_STEO_July_2026_ex_post_2022plus,76.08317
KOR,Korea,2020,2020-11,2020-11-30,1319.59,KRW/litre,KOSIS / Korea National Oil Corporation monthly gasoline,observed_retail_gasoline,observed_retail,True,Observed regular gasoline national monthly average from KOSIS/KNOC.,,,0.0,,CHN=regulated domestic product-price mechanism/proxy scenario; controls=observed retail-price pass-through.,-0.010320989362139876,47648.871508994715,0.03592388996402818,0.6121772,111.08155557,2.6497401178283475,,2.6497401178283475,0.159158192905724,0.0,ARX_one_step_residual_lagged_information,,,,0.5531928001953953,EIA_STEO_July_2026_ex_post_2022plus,70.06747
KOR,Korea,2020,2020-12,2020-12-31,1367.77,KRW/litre,KOSIS / Korea National Oil Corporation monthly gasoline,observed_retail_gasoline,observed_retail,True,Observed regular gasoline national monthly average from KOSIS/KNOC.,,,0.0,,CHN=regulated domestic product-price mechanism/proxy scenario; controls=observed retail-price pass-through.,0.035860594120561196,54682.42048571429,0.1376833303544931,0.6127217,112.03915518,1.2970747148945527,,1.2970747148945527,0.9731595394932884,0.0,ARX_one_step_residual_lagged_information,,,,1.4542880617593923,EIA_STEO_July_2026_ex_post_2022plus,64.06729
KOR,Korea,2021,2021-01,2021-01-31,1441.84,KRW/litre,KOSIS / Korea National Oil Corporation monthly gasoline,observed_retail_gasoline,observed_retail,True,Observed regular gasoline national monthly average from KOSIS/KNOC.,,,0.0,,CHN=regulated domestic product-price mechanism/proxy scenario; controls=observed retail-price pass-through.,0.0527383992922319,60154.81518000001,0.09537921482741396,0.9491458,112.57115497,5.23883121508204,,5.23883121508204,0.3836631169226632,0.0,ARX_one_step_residual_lagged_information,,,,0.8389414996582737,EIA_STEO_July_2026_ex_post_2022plus,77.4187
KOR,Korea,2021,2021-02,2021-02-28,1463.22,KRW/litre,KOSIS / Korea National Oil Corporation monthly gasoline,observed_retail_gasoline,observed_retail,True,Observed regular gasoline national monthly average from KOSIS/KNOC.,,,0.0,,CHN=regulated domestic product-price mechanism/proxy scenario; controls=observed retail-price pass-through.,0.014719410970095659,69239.86490473684,0.14065528710577269,1.417732,115.44395382,11.410317869583508,,11.410317869583508,1.0471454699695986,0.0,ARX_one_step_residual_lagged_information,,,,1.1814795261633393,EIA_STEO_July_2026_ex_post_2022plus,73.9568
KOR,Korea,2021,2021-03,2021-03-31,1513.27,KRW/litre,KOSIS / Korea National Oil Corporation monthly gasoline,observed_retail_gasoline,observed_retail,True,Observed regular gasoline national monthly average from KOSIS/KNOC.,,,0.0,,CHN=regulated domestic product-price mechanism/proxy scenario; controls=observed retail-price pass-through.,0.03363338561662932,73929.93689130433,0.06554106675071658,1.901141,114.06075438,5.660983738950698,,5.660983738950698,0.5541671762649659,0.0,ARX_one_step_residual_lagged_information,,,,0.4485084381959874,EIA_STEO_July_2026_ex_post_2022plus,78.61877
KOR,Korea,2021,2021-04,2021-04-30,1534.52,KRW/litre,KOSIS / Korea National Oil Corporation monthly gasoline,observed_retail_gasoline,observed_retail,True,Observed regular gasoline national monthly average from KOSIS/KNOC.,,,0.0,,CHN=regulated domestic product-price mechanism/proxy scenario; controls=observed retail-price pass-through.,0.013944756265000358,72444.29951499999,-0.02029986191233135,2.492462,112.9967548,8.03566301374472,,8.03566301374472,0.1862069716688893,0.0,ARX_one_step_residual_lagged_information,,,,-0.0910692194610425,EIA_STEO_July_2026_ex_post_2022plus,88.16622
KOR,Korea,2021,2021-05,2021-05-31,1541.51,KRW/litre,KOSIS / Korea National Oil Corporation monthly gasoline,observed_retail_gasoline,observed_retail,True,Observed regular gasoline national monthly average from KOSIS/KNOC.,,,0.0,,CHN=regulated domestic product-price mechanism/proxy scenario; controls=observed retail-price pass-through.,0.004544826956691672,77008.91113026316,0.06110316009344352,2.624698,112.14555514,14.910335043794909,,14.910335043794909,0.4497531915213519,0.0,ARX_one_step_residual_lagged_information,,,,0.5117128393307618,EIA_STEO_July_2026_ex_post_2022plus,93.00713
KOR,Korea,2021,2021-06,2021-06-30,1577.33,KRW/litre,KOSIS / Korea National Oil Corporation monthly gasoline,observed_retail_gasoline,observed_retail,True,Observed regular gasoline national monthly average from KOSIS/KNOC.,,,0.0,,CHN=regulated domestic product-price mechanism/proxy scenario; controls=observed retail-price pass-through.,0.022971088663623185,82134.5405570248,0.06443749710157576,2.346806,113.10315476,9.361829109532938,,9.361829109532938,0.4549932173511998,0.0,ARX_one_step_residual_lagged_information,,,,0.5990337861743334,EIA_STEO_July_2026_ex_post_2022plus,74.12712
KOR,Korea,2021,2021-07,2021-07-31,1629.26,KRW/litre,KOSIS / Korea National Oil Corporation monthly gasoline,observed_retail_gasoline,observed_retail,True,Observed regular gasoline national monthly average from KOSIS/KNOC.,,,0.0,,CHN=regulated domestic product-price mechanism/proxy scenario; controls=observed retail-price pass-through.,0.032392379830526785,86169.80445562772,0.04796117873949157,2.639767,115.76315369,9.742638797286673,,9.742638797286673,0.3769608296477943,0.0,ARX_one_step_residual_lagged_information,,,,0.2441988040870252,EIA_STEO_July_2026_ex_post_2022plus,58.42077
KOR,Korea,2021,2021-08,2021-08-31,1645.75,KRW/litre,KOSIS / Korea National Oil Corporation monthly gasoline,observed_retail_gasoline,observed_retail,True,Observed regular gasoline national monthly average from KOSIS/KNOC.,,,0.0,,CHN=regulated domestic product-price mechanism/proxy scenario; controls=observed retail-price pass-through.,0.010070283360868792,82137.04696363639,-0.04793066333935947,2.555145,115.97595361,8.817969886921784,,8.817969886921784,-0.2830597305679688,0.0,ARX_one_step_residual_lagged_information,,,,-0.5655219548259344,EIA_STEO_July_2026_ex_post_2022plus,89.48655
KOR,Korea,2021,2021-09,2021-09-30,1642.68,KRW/litre,KOSIS / Korea National Oil Corporation monthly gasoline,observed_retail_gasoline,observed_retail,True,Observed regular gasoline national monthly average from KOSIS/KNOC.,,,0.0,,CHN=regulated domestic product-price mechanism/proxy scenario; controls=observed retail-price pass-through.,-0.0018671529525642327,87361.69155844157,0.06166771826276474,2.41215,115.44395382,4.139819729402117,,4.139819729402117,0.5185963091691657,0.0,ARX_one_step_residual_lagged_information,,,,0.4710994601392794,EIA_STEO_July_2026_ex_post_2022plus,80.69697
KOR,Korea,2021,2021-10,2021-10-31,1712.32,KRW/litre,KOSIS / Korea National Oil Corporation monthly gasoline,observed_retail_gasoline,observed_retail,True,Observed regular gasoline national monthly average from KOSIS/KNOC.,,,0.0,,CHN=regulated domestic product-price mechanism/proxy scenario; controls=observed retail-price pass-through.,0.04152012172751807,98732.83938095238,0.1223607353727445,3.164304,116.18875352,5.167894799398631,,5.167894799398631,1.1039672592649925,0.0,ARX_one_step_residual_lagged_information,,,,1.054700192682048,EIA_STEO_July_2026_ex_post_2022plus,79.029236
KOR,Korea,2021,2021-11,2021-11-30,1737.39,KRW/litre,KOSIS / Korea National Oil Corporation monthly gasoline,observed_retail_gasoline,observed_retail,True,Observed regular gasoline national monthly average from KOSIS/KNOC.,,,0.0,,CHN=regulated domestic product-price mechanism/proxy scenario; controls=observed retail-price pass-through.,0.014534810959368372,95968.063,-0.028402151224071304,3.776601,117.78475289,5.859416427556763,,5.859416427556763,-0.0706849995392918,0.0,ARX_one_step_residual_lagged_information,,,,-0.2849249323065002,EIA_STEO_July_2026_ex_post_2022plus,86.569145
KOR,Korea,2021,2021-12,2021-12-31,1646.37,KRW/litre,KOSIS / Korea National Oil Corporation monthly gasoline,observed_retail_gasoline,observed_retail,True,Observed regular gasoline national monthly average from KOSIS/KNOC.,,,0.0,,CHN=regulated domestic product-price mechanism/proxy scenario; controls=observed retail-price pass-through.,-0.053811122742882134,87809.47314149661,-0.08884606966425679,3.697797,122.2535511,8.724876576511686,,8.724876576511686,-0.6113686709374714,0.0,ARX_one_step_residual_lagged_information,,,,-0.8254577822011292,EIA_STEO_July_2026_ex_post_2022plus,105.34542
KOR,Korea,2022,2022-01,2022-01-31,1635.22,KRW/litre,KOSIS / Korea National Oil Corporation monthly gasoline,observed_retail_gasoline,observed_retail,True,Observed regular gasoline national monthly average from KOSIS/KNOC.,,,0.0,,CHN=regulated domestic product-price mechanism/proxy scenario; controls=observed retail-price pass-through.,-0.006795512485072486,103463.24919261903,0.1640470800140008,3.770784,122.99835079999998,8.858543682237752,,8.858543682237752,1.5810680213281163,0.0,ARX_one_step_residual_lagged_information,,,,1.416968417780749,EIA_STEO_July_2026_ex_post_2022plus,138.67499
KOR,Korea,2022,2022-02,2022-02-28,1714.61,KRW/litre,KOSIS / Korea National Oil Corporation monthly gasoline,observed_retail_gasoline,observed_retail,True,Observed regular gasoline national monthly average from KOSIS/KNOC.,,,0.0,,CHN=regulated domestic product-price mechanism/proxy scenario; controls=observed retail-price pass-through.,0.047408297637379526,116469.58208263159,0.11841367152562476,3.780272,121.29595148,4.94482754215797,,4.94482754215797,1.0703315474347286,0.0,ARX_one_step_residual_lagged_information,,,,1.065599386143739,EIA_STEO_July_2026_ex_post_2022plus,216.15901
KOR,Korea,2022,2022-03,2022-03-31,1938.46,KRW/litre,KOSIS / Korea National Oil Corporation monthly gasoline,observed_retail_gasoline,observed_retail,True,Observed regular gasoline national monthly average from KOSIS/KNOC.,,,0.0,,CHN=regulated domestic product-price mechanism/proxy scenario; controls=observed retail-price pass-through.,0.12270819389513665,143137.75315236294,0.2061773344229909,4.183032,121.93435123,6.675155563689916,,6.675155563689916,1.922395201592899,0.0,ARX_one_step_residual_lagged_information,-1.0065993210972508,0.0181492869995741,1.5770688740536394,1.7349150673297866,EIA_STEO_July_2026_ex_post_2022plus,318.95493
KOR,Korea,2022,2022-04,2022-04-30,1976.53,KRW/litre,KOSIS / Korea National Oil Corporation monthly gasoline,observed_retail_gasoline,observed_retail,True,Observed regular gasoline national monthly average from KOSIS/KNOC.,,,0.0,,CHN=regulated domestic product-price mechanism/proxy scenario; controls=observed retail-price pass-through.,0.01944893858024077,129166.48487368423,-0.10270532263880483,4.755835,119.80635207999998,5.85176069304465,,5.85176069304465,-0.6789392095214486,0.0,ARX_one_step_residual_lagged_information,-0.1461343783478032,-1.6477127361273944,-2.144783681849617,-1.0627055388305418,EIA_STEO_July_2026_ex_post_2022plus,191.1431
KOR,Korea,2022,2022-05,2022-05-31,1967.07,KRW/litre,KOSIS / Korea National Oil Corporation monthly gasoline,observed_retail_gasoline,observed_retail,True,Observed regular gasoline national monthly average from KOSIS/KNOC.,,,0.0,,CHN=regulated domestic product-price mechanism/proxy scenario; controls=observed retail-price pass-through.,-0.004797656022648589,143803.68854263038,0.10734694276829693,5.340519,118.31675267,5.356774569719214,,5.356774569719214,1.1039174182479583,0.0,ARX_one_step_residual_lagged_information,0.2782729613369721,0.1705525783912704,0.9676004022294366,0.7385727675198195,EIA_STEO_July_2026_ex_post_2022plus,142.25848
KOR,Korea,2022,2022-06,2022-06-30,2084.0,KRW/litre,KOSIS / Korea National Oil Corporation monthly gasoline,observed_retail_gasoline,observed_retail,True,Observed regular gasoline national monthly average from KOSIS/KNOC.,,,0.0,,CHN=regulated domestic product-price mechanism/proxy scenario; controls=observed retail-price pass-through.,0.05774399792879592,156751.67177687076,0.08621374923629332,6.036257,119.69995212,5.66879362852557,,5.66879362852557,1.4204844064848343,0.0,ARX_one_step_residual_lagged_information,-0.8531357311139594,1.7693744958686008,1.301702671732937,0.7292934422446856,EIA_STEO_July_2026_ex_post_2022plus,130.70732
KOR,Korea,2022,2022-07,2022-07-31,2029.99,KRW/litre,KOSIS / Korea National Oil Corporation monthly gasoline,observed_retail_gasoline,observed_retail,True,Observed regular gasoline national monthly average from KOSIS/KNOC.,,,0.0,,CHN=regulated domestic product-price mechanism/proxy scenario; controls=observed retail-price pass-through.,-0.026258256957932602,146402.13609428573,-0.06830565247062204,6.32701,118.63595254999998,2.4513256556192076,,2.4513256556192076,-0.4806703313575357,0.0,ARX_one_step_residual_lagged_information,-1.1071407029483085,-0.3915175098824278,-1.1564901391733493,-0.8559327971030861,EIA_STEO_July_2026_ex_post_2022plus,117.176765
KOR,Korea,2022,2022-08,2022-08-31,1792.19,KRW/litre,KOSIS / Korea National Oil Corporation monthly gasoline,observed_retail_gasoline,observed_retail,True,Observed regular gasoline national monthly average from KOSIS/KNOC.,,,0.0,,CHN=regulated domestic product-price mechanism/proxy scenario; controls=observed retail-price pass-through.,-0.12459253121517744,132530.15500711463,-0.09954698773662507,5.722628,113.95435442,-1.7584904763444875,,-1.7584904763444875,-0.326717240364054,0.0,ARX_one_step_residual_lagged_information,-0.292921464944351,-0.8158523115998736,-1.077247986154523,-1.0058533166977166,EIA_STEO_July_2026_ex_post_2022plus,132.86322
KOR,Korea,2022,2022-09,2022-09-30,1730.0,KRW/litre,KOSIS / Korea National Oil Corporation monthly gasoline,observed_retail_gasoline,observed_retail,True,Observed regular gasoline national monthly average from KOSIS/KNOC.,,,0.0,,CHN=regulated domestic product-price mechanism/proxy scenario; controls=observed retail-price pass-through.,-0.035316927208323357,125345.07705170067,-0.05573965427928762,5.476398,113.84795446,-1.3921338504846226,,-1.3921338504846226,-0.9341469186120064,0.0,ARX_one_step_residual_lagged_information,0.0002699968113363,0.2110253233709895,-1.4383260217963714,-1.0448689963496265,EIA_STEO_July_2026_ex_post_2022plus,131.98587
KOR,Korea,2022,2022-10,2022-10-31,1666.65,KRW/litre,KOSIS / Korea National Oil Corporation monthly gasoline,observed_retail_gasoline,observed_retail,True,Observed regular gasoline national monthly average from KOSIS/KNOC.,,,0.0,,CHN=regulated domestic product-price mechanism/proxy scenario; controls=observed retail-price pass-through.,-0.03730578479369662,133097.36276428573,0.06001036104969515,5.621674,110.7623557,-4.782908760654259,,-4.782908760654259,0.9824903126999572,0.0,ARX_one_step_residual_lagged_information,0.1220815835578238,-2.349045123913712,0.5797360556193126,0.3549288380414978,EIA_STEO_July_2026_ex_post_2022plus,143.16241
KOR,Korea,2022,2022-11,2022-11-30,1650.32,KRW/litre,KOSIS / Korea National Oil Corporation monthly gasoline,observed_retail_gasoline,observed_retail,True,Observed regular gasoline national monthly average from KOSIS/KNOC.,,,0.0,,CHN=regulated domestic product-price mechanism/proxy scenario; controls=observed retail-price pass-through.,-0.00984641521337526,124488.65184545457,-0.06686634934785296,5.006258,111.18795552,-5.7636768386176485,,-5.7636768386176485,0.2475833527162003,0.0,ARX_one_step_residual_lagged_information,-0.1065800475073294,0.1156073078361167,-0.0009838159336983,-0.197192597872037,EIA_STEO_July_2026_ex_post_2022plus,116.716286
KOR,Korea,2022,2022-12,2022-12-31,1563.68,KRW/litre,KOSIS / Korea National Oil Corporation monthly gasoline,observed_retail_gasoline,observed_retail,True,Observed regular gasoline national monthly average from KOSIS/KNOC.,,,0.0,,CHN=regulated domestic product-price mechanism/proxy scenario; controls=observed retail-price pass-through.,-0.053927190894226484,104680.28065142858,-0.17330380321476468,5.017301,107.03835718,-13.290992724419937,,-13.290992724419937,-1.3933163065402654,0.0,ARX_one_step_residual_lagged_information,0.6273075468526614,1.3108545958145574,-1.9081433053142292,-1.1324502352122976,EIA_STEO_July_2026_ex_post_2022plus,111.19594
KOR,Korea,2023,2023-01,2023-01-31,1562.93,KRW/litre,KOSIS / Korea National Oil Corporation monthly gasoline,observed_retail_gasoline,observed_retail,True,Observed regular gasoline national monthly average from KOSIS/KNOC.,,,0.0,,CHN=regulated domestic product-price mechanism/proxy scenario; controls=observed retail-price pass-through.,-0.00047975284054313505,102555.092065,-0.02051062095300793,4.978541,109.59195616,-11.540696803263728,,-11.540696803263728,-0.1362017123909658,0.0,ARX_one_step_residual_lagged_information,0.1257062260210339,-2.376852943604539,0.3712807158762576,0.1731194061007357,EIA_STEO_July_2026_ex_post_2022plus,104.267044
KOR,Korea,2023,2023-02,2023-02-28,1578.49,KRW/litre,KOSIS / Korea National Oil Corporation monthly gasoline,observed_retail_gasoline,observed_retail,True,Observed regular gasoline national monthly average from KOSIS/KNOC.,,,0.0,,CHN=regulated domestic product-price mechanism/proxy scenario; controls=observed retail-price pass-through.,0.009906429099710401,105330.60416578948,0.026703877017798305,4.65756,108.63435655,-11.024572317607362,,-11.024572317607362,-0.2064568592249621,0.0,ARX_one_step_residual_lagged_information,-0.3410759897279797,1.261675081781293,0.7094859485014099,0.0039916586781382,EIA_STEO_July_2026_ex_post_2022plus,120.99438
KOR,Korea,2023,2023-03,2023-03-31,1592.25,KRW/litre,KOSIS / Korea National Oil Corporation monthly gasoline,observed_retail_gasoline,observed_retail,True,Observed regular gasoline national monthly average from KOSIS/KNOC.,,,0.0,,CHN=regulated domestic product-price mechanism/proxy scenario; controls=observed retail-price pass-through.,0.00867941640178227,102436.52003081287,-0.027860724814628313,4.165881,112.78395489,-7.800871016748889,,-7.800871016748889,-0.2346375777480235,0.0,ARX_one_step_residual_lagged_information,-0.5978459691440822,0.866013951758538,-0.0251238238492574,-0.4821307967247998,EIA_STEO_July_2026_ex_post_2022plus,105.379974
KOR,Korea,2023,2023-04,2023-04-30,1640.95,KRW/litre,KOSIS / Korea National Oil Corporation monthly gasoline,observed_retail_gasoline,observed_retail,True,Observed regular gasoline national monthly average from KOSIS/KNOC.,,,0.0,,CHN=regulated domestic product-price mechanism/proxy scenario; controls=observed retail-price pass-through.,0.030127232148337235,111896.70105166668,0.0883328437148947,3.688102,110.97515561,-7.657035371950993,,-7.657035371950993,0.9255214358403244,0.0,ARX_one_step_residual_lagged_information,0.73745645972952,-0.5069858441380255,0.9591043655415706,0.6984580366746174,EIA_STEO_July_2026_ex_post_2022plus,106.809654
KOR,Korea,2023,2023-05,2023-05-31,1628.81,KRW/litre,KOSIS / Korea National Oil Corporation monthly gasoline,observed_retail_gasoline,observed_retail,True,Observed regular gasoline national monthly average from KOSIS/KNOC.,,,0.0,,CHN=regulated domestic product-price mechanism/proxy scenario; controls=observed retail-price pass-through.,-0.007425655573261025,100179.60568,-0.11061150185821944,3.376744,115.55035378,-2.36589742875406,,-2.36589742875406,-1.147490113914091,0.0,ARX_one_step_residual_lagged_information,-0.3295831531959921,0.2245607169064824,-1.3532619292581174,-1.0658903841627825,EIA_STEO_July_2026_ex_post_2022plus,108.46768
KOR,Korea,2023,2023-06,2023-06-30,1580.64,KRW/litre,KOSIS / Korea National Oil Corporation monthly gasoline,observed_retail_gasoline,observed_retail,True,Observed regular gasoline national monthly average from KOSIS/KNOC.,,,0.0,,CHN=regulated domestic product-price mechanism/proxy scenario; controls=observed retail-price pass-through.,-0.030019858530387467,97085.1175948052,-0.031376537104877755,2.726181,112.67755493,-6.045796902788414,,-6.045796902788414,0.0600737387890764,0.0,ARX_one_step_residual_lagged_information,-0.1612810686029946,2.025246693694372,0.3859428456194001,-0.0824950425078528,EIA_STEO_July_2026_ex_post_2022plus,110.528946
KOR,Korea,2023,2023-07,2023-07-31,1585.48,KRW/litre,KOSIS / Korea National Oil Corporation monthly gasoline,observed_retail_gasoline,observed_retail,True,Observed regular gasoline national monthly average from KOSIS/KNOC.,,,0.0,,CHN=regulated domestic product-price mechanism/proxy scenario; controls=observed retail-price pass-through.,0.003057372285426574,102721.28874023809,0.0564312913082734,2.354456,110.7623557,-6.867261527155755,,-6.867261527155755,0.6620500987538598,0.0,ARX_one_step_residual_lagged_information,0.2407922554032768,-0.2884870142408646,0.9265930743431204,0.6236721502550346,EIA_STEO_July_2026_ex_post_2022plus,107.448784
KOR,Korea,2023,2023-08,2023-08-31,1716.76,KRW/litre,KOSIS / Korea National Oil Corporation monthly gasoline,observed_retail_gasoline,observed_retail,True,Observed regular gasoline national monthly average from KOSIS/KNOC.,,,0.0,,CHN=regulated domestic product-price mechanism/proxy scenario; controls=observed retail-price pass-through.,0.07955159286218372,113866.28290019762,0.10300541691607634,3.360029,115.33755386,1.2065111493393843,,1.2065111493393843,0.5974681965228895,0.0,ARX_one_step_residual_lagged_information,-0.1253284831553398,-0.5749444993505445,1.3085877528860088,0.6666653733488299,EIA_STEO_July_2026_ex_post_2022plus,101.14118
KOR,Korea,2023,2023-09,2023-09-30,1769.15,KRW/litre,KOSIS / Korea National Oil Corporation monthly gasoline,observed_retail_gasoline,observed_retail,True,Observed regular gasoline national monthly average from KOSIS/KNOC.,,,0.0,,CHN=regulated domestic product-price mechanism/proxy scenario; controls=observed retail-price pass-through.,0.030060411789969876,125047.86839476193,0.0936718082286454,3.703363,117.9975528,3.580005989330637,,3.580005989330637,1.1863314246320713,0.0,ARX_one_step_residual_lagged_information,-0.9313361053345596,-0.3883915338688654,1.7988485894835846,0.7737924217185663,EIA_STEO_July_2026_ex_post_2022plus,98.63481
KOR,Korea,2023,2023-10,2023-10-31,1775.89,KRW/litre,KOSIS / Korea National Oil Corporation monthly gasoline,observed_retail_gasoline,observed_retail,True,Observed regular gasoline national monthly average from KOSIS/KNOC.,,,0.0,,CHN=regulated domestic product-price mechanism/proxy scenario; controls=observed retail-price pass-through.,0.0038025004632631365,122441.01825,-0.021067180794020146,3.765115,116.08235357,4.691291719882074,,4.691291719882074,0.0954693816472539,0.0,ARX_one_step_residual_lagged_information,-0.5450745786020462,-0.9512388700907632,-0.2268851255126473,-0.3190547350622526,EIA_STEO_July_2026_ex_post_2022plus,197.88701
KOR,Korea,2023,2023-11,2023-11-30,1684.05,KRW/litre,KOSIS / Korea National Oil Corporation monthly gasoline,observed_retail_gasoline,observed_retail,True,Observed regular gasoline national monthly average from KOSIS/KNOC.,,,0.0,,CHN=regulated domestic product-price mechanism/proxy scenario; controls=observed retail-price pass-through.,-0.05310009912410951,108498.29276,-0.1208949924349838,3.309801,118.31675267,6.2143310427064335,,6.2143310427064335,-0.4738513627810214,0.0,ARX_one_step_residual_lagged_information,-0.0010804313463027,0.7161848335558986,-0.8649564873363561,-0.8216812308212115,EIA_STEO_July_2026_ex_post_2022plus,156.69614
KOR,Korea,2023,2023-12,2023-12-31,1600.58,KRW/litre,KOSIS / Korea National Oil Corporation monthly gasoline,observed_retail_gasoline,observed_retail,True,Observed regular gasoline national monthly average from KOSIS/KNOC.,,,0.0,,CHN=regulated domestic product-price mechanism/proxy scenario; controls=observed retail-price pass-through.,-0.05083554303227622,101261.51808184212,-0.06902797957623186,3.175911,116.93355323,8.841860381670408,,8.841860381670408,-0.8493628951263789,0.0,ARX_one_step_residual_lagged_information,0.2473668489230205,0.5002792624080379,-0.7547883177021754,-0.6169674999765228,EIA_STEO_July_2026_ex_post_2022plus,142.27946
KOR,Korea,2024,2024-01,2024-01-31,1569.25,KRW/litre,KOSIS / Korea National Oil Corporation monthly gasoline,observed_retail_gasoline,observed_retail,True,Observed regular gasoline national monthly average from KOSIS/KNOC.,,,0.0,,CHN=regulated domestic product-price mechanism/proxy scenario; controls=observed retail-price pass-through.,-0.019768265342980484,106237.48599458876,0.04797056364397889,2.81639,115.86955365,5.5701041719836475,,5.5701041719836475,0.1289068697168128,0.0,ARX_one_step_residual_lagged_information,1.6419523155192652,-1.676517032990502,-0.2153688039706747,0.2868767271983697,EIA_STEO_July_2026_ex_post_2022plus,160.37366
KOR,Korea,2024,2024-02,2024-02-29,1614.51,KRW/litre,KOSIS / Korea National Oil Corporation monthly gasoline,observed_retail_gasoline,observed_retail,True,Observed regular gasoline national monthly average from KOSIS/KNOC.,,,0.0,,CHN=regulated domestic product-price mechanism/proxy scenario; controls=observed retail-price pass-through.,0.02843370684957769,111137.2681847619,0.04508906560973536,3.126983,118.52955259,8.717460230347562,,8.717460230347562,0.4772604335319077,0.0,ARX_one_step_residual_lagged_information,-0.3506955281109208,0.8216269591485711,0.8415975139787104,0.3737731033970987,EIA_STEO_July_2026_ex_post_2022plus,146.59818
KOR,Korea,2024,2024-03,2024-03-31,1639.1,KRW/litre,KOSIS / Korea National Oil Corporation monthly gasoline,observed_retail_gasoline,observed_retail,True,Observed regular gasoline national monthly average from KOSIS/KNOC.,,,0.0,,CHN=regulated domestic product-price mechanism/proxy scenario; controls=observed retail-price pass-through.,0.01511580564809556,113736.38457285715,0.023117267000793973,3.103511,114.91195404,1.8692133022003787,,1.8692133022003787,0.4585742395844509,0.0,ARX_one_step_residual_lagged_information,-0.9394214653003268,-0.218782261100837,0.7415869791796121,0.2059987010644816,EIA_STEO_July_2026_ex_post_2022plus,133.21317
KOR,Korea,2024,2024-04,2024-04-30,1687.79,KRW/litre,KOSIS / Korea National Oil Corporation monthly gasoline,observed_retail_gasoline,observed_retail,True,Observed regular gasoline national monthly average from KOSIS/KNOC.,,,0.0,,CHN=regulated domestic product-price mechanism/proxy scenario; controls=observed retail-price pass-through.,0.029272670138384527,123022.31414285714,0.07848240011002794,2.92498,118.42315263,6.495789626797155,,6.495789626797155,0.5833845726716669,0.0,ARX_one_step_residual_lagged_information,0.0524693730823447,0.4241423653216205,0.1921506745659527,0.4724081417646454,EIA_STEO_July_2026_ex_post_2022plus,163.94734
KOR,Korea,2024,2024-05,2024-05-31,1697.47,KRW/litre,KOSIS / Korea National Oil Corporation monthly gasoline,observed_retail_gasoline,observed_retail,True,Observed regular gasoline national monthly average from KOSIS/KNOC.,,,0.0,,CHN=regulated domestic product-price mechanism/proxy scenario; controls=observed retail-price pass-through.,0.005718926394380652,111560.99548290043,-0.09779426869868502,2.672546,119.06155238,2.993420785563128,,2.993420785563128,-0.5039500293191513,0.0,ARX_one_step_residual_lagged_information,-0.5104034817820186,0.5114751952490312,-1.5662552012988609,-0.8883495772932078,EIA_STEO_July_2026_ex_post_2022plus,130.52187
KOR,Korea,2024,2024-06,2024-06-30,1657.37,KRW/litre,KOSIS / Korea National Oil Corporation monthly gasoline,observed_retail_gasoline,observed_retail,True,Observed regular gasoline national monthly average from KOSIS/KNOC.,,,0.0,,CHN=regulated domestic product-price mechanism/proxy scenario; controls=observed retail-price pass-through.,-0.023906898616512073,113421.56273684211,0.016540034793626646,2.410939,117.78475289,4.432858713128152,,4.432858713128152,0.142921377583839,0.0,ARX_one_step_residual_lagged_information,0.135415096587442,0.8578224166918471,0.2823280479124487,0.0509880659209963,EIA_STEO_July_2026_ex_post_2022plus,113.0928
KOR,Korea,2024,2024-07,2024-07-31,1707.13,KRW/litre,KOSIS / Korea National Oil Corporation monthly gasoline,observed_retail_gasoline,observed_retail,True,Observed regular gasoline national monthly average from KOSIS/KNOC.,,,0.0,,CHN=regulated domestic product-price mechanism/proxy scenario; controls=observed retail-price pass-through.,0.02958158928366128,117685.53150355733,0.03690455899835321,2.551892,114.48635421,3.306867210180986,,3.306867210180986,0.7229795488506434,0.0,ARX_one_step_residual_lagged_information,-0.0842321717449407,0.4767769704758104,0.9668853973155548,0.3157816699956526,EIA_STEO_July_2026_ex_post_2022plus,92.394875
KOR,Korea,2024,2024-08,2024-08-31,1691.28,KRW/litre,KOSIS / Korea National Oil Corporation monthly gasoline,observed_retail_gasoline,observed_retail,True,Observed regular gasoline national monthly average from KOSIS/KNOC.,,,0.0,,CHN=regulated domestic product-price mechanism/proxy scenario; controls=observed retail-price pass-through.,-0.00932795920835261,108595.57517229437,-0.08038541740752869,2.012825,120.55115178,4.421107907540112,,4.421107907540112,-0.4732701054299444,0.0,ARX_one_step_residual_lagged_information,-0.3119411058043767,-0.476089089860104,-0.6199701551552624,-0.5415501311640435,EIA_STEO_July_2026_ex_post_2022plus,140.97507
KOR,Korea,2024,2024-09,2024-09-30,1622.2,KRW/litre,KOSIS / Korea National Oil Corporation monthly gasoline,observed_retail_gasoline,observed_retail,True,Observed regular gasoline national monthly average from KOSIS/KNOC.,,,0.0,,CHN=regulated domestic product-price mechanism/proxy scenario; controls=observed retail-price pass-through.,-0.041702386050632256,98493.86730833333,-0.09763637698926075,1.595038,119.80635207999998,1.5212821378772112,,1.5212821378772112,-0.8658379762314432,0.0,ARX_one_step_residual_lagged_information,0.839714512263326,-0.1256878161011288,-0.9188666107554706,-0.7650552595784654,EIA_STEO_July_2026_ex_post_2022plus,130.35878
KOR,Korea,2024,2024-10,2024-10-31,1591.34,KRW/litre,KOSIS / Korea National Oil Corporation monthly gasoline,observed_retail_gasoline,observed_retail,True,Observed regular gasoline national monthly average from KOSIS/KNOC.,,,0.0,,CHN=regulated domestic product-price mechanism/proxy scenario; controls=observed retail-price pass-through.,-0.01920682405532581,103039.52835177864,0.045118399603572,1.253642,121.18955152,4.305597755428536,,4.305597755428536,0.0709716755550606,0.0,ARX_one_step_residual_lagged_information,-0.1270129992521205,0.4412581297750677,1.037811954634858,0.194310982834898,EIA_STEO_July_2026_ex_post_2022plus,130.68921
KOR,Korea,2024,2024-11,2024-11-30,1628.29,KRW/litre,KOSIS / Korea National Oil Corporation monthly gasoline,observed_retail_gasoline,observed_retail,True,Observed regular gasoline national monthly average from KOSIS/KNOC.,,,0.0,,CHN=regulated domestic product-price mechanism/proxy scenario; controls=observed retail-price pass-through.,0.02295395579595816,103713.09404761906,0.006515690790257267,1.526447,117.9975528,-0.2701487440575079,,-0.2701487440575079,0.0873022292495407,0.0,ARX_one_step_residual_lagged_information,0.0201306690610133,-0.0969751819774855,0.2436188663879124,-0.1640972985961657,EIA_STEO_July_2026_ex_post_2022plus,128.90164
KOR,Korea,2024,2024-12,2024-12-31,1653.64,KRW/litre,KOSIS / Korea National Oil Corporation monthly gasoline,observed_retail_gasoline,observed_retail,True,Observed regular gasoline national monthly average from KOSIS/KNOC.,,,0.0,,CHN=regulated domestic product-price mechanism/proxy scenario; controls=observed retail-price pass-through.,0.015448534344948861,106357.43380166667,0.0251770628033956,1.933824,122.46635101,4.6230454260753895,,4.6230454260753895,0.3102076146861468,0.0,ARX_one_step_residual_lagged_information,0.2173397150450451,0.1222955247845891,0.0733883465028701,-0.0659741474766801,EIA_STEO_July_2026_ex_post_2022plus,142.36644
KOR,Korea,2025,2025-01,2025-01-31,1709.29,KRW/litre,KOSIS / Korea National Oil Corporation monthly gasoline,observed_retail_gasoline,observed_retail,True,Observed regular gasoline national monthly average from KOSIS/KNOC.,,,0.0,,CHN=regulated domestic product-price mechanism/proxy scenario; controls=observed retail-price pass-through.,0.03309916087518783,115115.91237770564,0.07913411585043129,2.244411,120.33835186,3.7842353163243914,,3.7842353163243914,0.8123927123383431,0.0,ARX_one_step_residual_lagged_information,0.6359025273679658,-1.2138340022718264,1.02521220416324,0.6483051355409588,EIA_STEO_July_2026_ex_post_2022plus,113.233154
KOR,Korea,2025,2025-02,2025-02-28,1728.26,KRW/litre,KOSIS / Korea National Oil Corporation monthly gasoline,observed_retail_gasoline,observed_retail,True,Observed regular gasoline national monthly average from KOSIS/KNOC.,,,0.0,,CHN=regulated domestic product-price mechanism/proxy scenario; controls=observed retail-price pass-through.,0.011037042411534692,108992.30624526316,-0.05466225962624094,2.021445,120.65755174,1.7794063810140592,,1.7794063810140592,-0.2548971192910224,0.0,ARX_one_step_residual_lagged_information,-0.2901040673386556,0.5347725017250081,-0.2545656191816152,-0.4635306987244063,EIA_STEO_July_2026_ex_post_2022plus,136.98059
KOR,Korea,2025,2025-03,2025-03-31,1688.93,KRW/litre,KOSIS / Korea National Oil Corporation monthly gasoline,observed_retail_gasoline,observed_retail,True,Observed regular gasoline national monthly average from KOSIS/KNOC.,,,0.0,,CHN=regulated domestic product-price mechanism/proxy scenario; controls=observed retail-price pass-through.,-0.023019929701400876,106069.61586734693,-0.02718166282264356,2.053532,123.31755067,7.059652315571263,,7.059652315571263,-0.4645996596224648,0.0,ARX_one_step_residual_lagged_information,-0.688335679359836,-0.5714922332317939,-0.3546901280457707,-0.3430002814620633,EIA_STEO_July_2026_ex_post_2022plus,175.90112
KOR,Korea,2025,2025-04,2025-04-30,1646.69,KRW/litre,KOSIS / Korea National Oil Corporation monthly gasoline,observed_retail_gasoline,observed_retail,True,Observed regular gasoline national monthly average from KOSIS/KNOC.,,,0.0,,CHN=regulated domestic product-price mechanism/proxy scenario; controls=observed retail-price pass-through.,-0.02532797985319668,98098.53555886364,-0.07812319359373632,2.078765,123.21115072,3.963530689983674,,3.963530689983674,-0.868086239735507,0.0,ARX_one_step_residual_lagged_information,0.2930636685415768,0.2279119741214474,-0.7469248503973182,-0.6091974664146321,EIA_STEO_July_2026_ex_post_2022plus,140.9737
KOR,Korea,2025,2025-05,2025-05-31,1636.45,KRW/litre,KOSIS / Korea National Oil Corporation monthly gasoline,observed_retail_gasoline,observed_retail,True,Observed regular gasoline national monthly average from KOSIS/KNOC.,,,0.0,,CHN=regulated domestic product-price mechanism/proxy scenario; controls=observed retail-price pass-through.,-0.006237950988938756,89682.32886047619,-0.08969869142879006,1.90184,120.55115178,1.2433552681091697,,1.2433552681091697,-0.8767581134650966,0.0,ARX_one_step_residual_lagged_information,-0.1849471396246474,0.1319099499355387,-1.2315381828967435,-0.518940378114846,EIA_STEO_July_2026_ex_post_2022plus,166.82773
KOR,Korea,2025,2025-06,2025-06-30,1642.08,KRW/litre,KOSIS / Korea National Oil Corporation monthly gasoline,observed_retail_gasoline,observed_retail,True,Observed regular gasoline national monthly average from KOSIS/KNOC.,,,0.0,,CHN=regulated domestic product-price mechanism/proxy scenario; controls=observed retail-price pass-through.,0.003434469432392895,97499.05906428571,0.08356898034762494,2.169712,123.84955046,5.020869554817331,,5.020869554817331,0.6150872283378265,0.0,ARX_one_step_residual_lagged_information,-0.7736226140427449,0.9412264670701896,1.2678312670009986,0.9468233793284432,EIA_STEO_July_2026_ex_post_2022plus,221.1349
KOR,Korea,2025,2025-07,2025-07-31,1667.58,KRW/litre,KOSIS / Korea National Oil Corporation monthly gasoline,observed_retail_gasoline,observed_retail,True,Observed regular gasoline national monthly average from KOSIS/KNOC.,,,0.0,,CHN=regulated domestic product-price mechanism/proxy scenario; controls=observed retail-price pass-through.,0.015409742753556444,97986.98046343873,0.004991890096492924,2.094103,122.89195084,7.084988216829569,,7.084988216829569,-0.4033550140188083,0.0,ARX_one_step_residual_lagged_information,-1.1682450105547364,0.1260315286359498,0.0950790900832642,-0.0577284006113777,EIA_STEO_July_2026_ex_post_2022plus,134.222
KOR,Korea,2025,2025-08,2025-08-31,1665.91,KRW/litre,KOSIS / Korea National Oil Corporation monthly gasoline,observed_retail_gasoline,observed_retail,True,Observed regular gasoline national monthly average from KOSIS/KNOC.,,,0.0,,CHN=regulated domestic product-price mechanism/proxy scenario; controls=observed retail-price pass-through.,-0.0010019529920359815,94271.36536190477,-0.038657128602810786,1.66754,124.91355003,3.554773931954802,,3.554773931954802,-0.5493786877288871,0.0,ARX_one_step_residual_lagged_information,-0.4770822703581621,-1.6779376481662809,-0.5524761817389533,-0.4275928576484169,EIA_STEO_July_2026_ex_post_2022plus,138.98846
KOR,Korea,2025,2025-09,2025-09-30,1659.88,KRW/litre,KOSIS / Korea National Oil Corporation monthly gasoline,observed_retail_gasoline,observed_retail,True,Observed regular gasoline national monthly average from KOSIS/KNOC.,,,0.0,,CHN=regulated domestic product-price mechanism/proxy scenario; controls=observed retail-price pass-through.,-0.0036262100779493878,94697.29575064935,0.004507954996745056,2.10205,125.33914986,4.514655545606239,,4.514655545606239,-0.0071099994993592,0.0,ARX_one_step_residual_lagged_information,-0.6061545647006145,-0.0823683340230494,0.532549747002025,0.0103453625092955,EIA_STEO_July_2026_ex_post_2022plus,126.740585
KOR,Korea,2025,2025-10,2025-10-31,1663.22,KRW/litre,KOSIS / Korea National Oil Corporation monthly gasoline,observed_retail_gasoline,observed_retail,True,Observed regular gasoline national monthly average from KOSIS/KNOC.,,,0.0,,CHN=regulated domestic product-price mechanism/proxy scenario; controls=observed retail-price pass-through.,0.0020101719025529263,91850.5037055336,-0.03052314817739976,2.38033,118.52955259,-2.2193542910103226,,-2.2193542910103226,-0.6707608532704867,0.0,ARX_one_step_residual_lagged_information,-0.0857012731495518,-0.9132498243817492,-0.3943717482544503,-0.4857234268549851,EIA_STEO_July_2026_ex_post_2022plus,154.51292
KOR,Korea,2025,2025-11,2025-11-30,1718.14,KRW/litre,KOSIS / Korea National Oil Corporation monthly gasoline,observed_retail_gasoline,observed_retail,True,Observed regular gasoline national monthly average from KOSIS/KNOC.,,,0.0,,CHN=regulated domestic product-price mechanism/proxy scenario; controls=observed retail-price pass-through.,0.03248682784530743,93135.89347444444,0.01389735111769319,2.447552,119.80635207999998,1.5212821378772112,,1.5212821378772112,-0.139241854048661,0.0,ARX_one_step_residual_lagged_information,0.6110283706064591,-0.254592930047038,0.266788371093296,-0.1129228160497914,EIA_STEO_July_2026_ex_post_2022plus,104.35177
KOR,Korea,2025,2025-12,2025-12-31,1740.2,KRW/litre,KOSIS / Korea National Oil Corporation monthly gasoline,observed_retail_gasoline,observed_retail,True,Observed regular gasoline national monthly average from KOSIS/KNOC.,,,0.0,,CHN=regulated domestic product-price mechanism/proxy scenario; controls=observed retail-price pass-through.,0.012757738803088614,91649.58179285715,-0.016087235579334447,2.314855,122.04075118,-0.3481291594576774,,-0.3481291594576774,-0.2016610852774151,0.0,ARX_one_step_residual_lagged_information,0.3406487543149234,1.667144313649219,-0.38229167333291,-0.1887220496603941,EIA_STEO_July_2026_ex_post_2022plus,132.48622
KOR,Korea,2026,2026-01,2026-01-31,1704.38,KRW/litre,KOSIS / Korea National Oil Corporation monthly gasoline,observed_retail_gasoline,observed_retail,True,Observed regular gasoline national monthly average from KOSIS/KNOC.,,,0.0,,CHN=regulated domestic product-price mechanism/proxy scenario; controls=observed retail-price pass-through.,-0.020798640909678312,96939.49906666667,0.05611465176043495,2.005013,119.06155238,-1.066676772666586,,-1.066676772666586,0.2750306566574815,0.0,ARX_one_step_residual_lagged_information,0.8201735363129875,-1.85424702258574,0.3620355723545016,0.575861953635052,EIA_STEO_July_2026_ex_post_2022plus,168.62987
KOR,Korea,2026,2026-02,2026-02-28,1688.6,KRW/litre,KOSIS / Korea National Oil Corporation monthly gasoline,observed_retail_gasoline,observed_retail,True,Observed regular gasoline national monthly average from KOSIS/KNOC.,,,0.0,,CHN=regulated domestic product-price mechanism/proxy scenario; controls=observed retail-price pass-through.,-0.009301624986846946,102593.74775842106,0.05668992990644206,1.998622,125.23274991,3.7217622972296915,,3.7217622972296915,0.3339229070810656,0.0,ARX_one_step_residual_lagged_information,-0.999286758896148,0.0622948976139721,1.7613789435485931,0.5710660870877855,EIA_STEO_July_2026_ex_post_2022plus,119.86541
KOR,Korea,2026,2026-03,2026-03-31,1836.41,KRW/litre,KOSIS / Korea National Oil Corporation monthly gasoline,observed_retail_gasoline,observed_retail,True,Observed regular gasoline national monthly average from KOSIS/KNOC.,,,0.0,,CHN=regulated domestic product-price mechanism/proxy scenario; controls=observed retail-price pass-through.,0.08391279556156572,153723.86829421486,0.4043809370745599,2.158397,125.97754961,2.1340972136457914,,2.1340972136457914,3.376405252856505,31.291581847716888,ARX_one_step_residual_lagged_information,5.484835246552658,1.2924681383110217,0.8443446038737501,3.4612577224309096,EIA_STEO_July_2026_ex_post_2022plus,330.94464
KOR,Korea,2026,2026-04,2026-04-30,1986.07,KRW/litre,KOSIS / Korea National Oil Corporation monthly gasoline,observed_retail_gasoline,observed_retail,True,Observed regular gasoline national monthly average from KOSIS/KNOC.,,,0.0,,CHN=regulated domestic product-price mechanism/proxy scenario; controls=observed retail-price pass-through.,0.07834523291409123,174030.92593749997,0.12407508876712825,2.56917,125.12634995,1.5424470293746495,,1.5424470293746495,1.75018743288511,45.60342792918989,ARX_one_step_residual_lagged_information,0.8642912883082042,-0.3411547833117644,-0.086404468760625,1.1835622398878922,EIA_STEO_July_2026_ex_post_2022plus,254.4295
KOR,Korea,2026,2026-05,2026-05-31,2011.23,KRW/litre,KOSIS / Korea National Oil Corporation monthly gasoline,observed_retail_gasoline,observed_retail,True,Observed regular gasoline national monthly average from KOSIS/KNOC.,,,0.0,,CHN=regulated domestic product-price mechanism/proxy scenario; controls=observed retail-price pass-through.,0.012588663481458262,159465.96407368418,-0.08740251062831739,3.139245,121.402351439059,0.703608883024387,,0.703608883024387,-0.6467643070698686,35.51076205304209,ARX_one_step_residual_lagged_information,1.2158643211114364,0.6212412530441142,-1.4246702499142585,-0.8420688201169135,EIA_STEO_July_2026_ex_post_2022plus,203.55667
KOR,Korea,2026,2026-06,2026-06-30,2004.67,KRW/litre,KOSIS / Korea National Oil Corporation monthly gasoline,observed_retail_gasoline,observed_retail,True,Observed regular gasoline national monthly average from KOSIS/KNOC.,,,0.0,,CHN=regulated domestic product-price mechanism/proxy scenario; controls=observed retail-price pass-through.,-0.0032670165267010276,130614.65624675325,-0.1995790751102362,3.163958,,,,,-1.9544531673525685,13.419217686592136,ARX_one_step_residual_lagged_information,-1.4097797182221925,1.34403383292758,-1.7211543679010104,-2.1022427529981784,EIA_STEO_July_2026_ex_post_2022plus,173.63956
