date,brent_usd_bbl,wti_usd_bbl,usd_broad_index,cny_per_usd,jpy_per_usd,krw_per_usd,usd_per_eur,eur_per_usd
2010-01-01,,,,,,,,
2010-01-04,79.05,81.52,92.3566,6.8273,92.55,1149.0,1.4419,0.6935293709688606
2010-01-05,79.27,81.74,92.2236,6.8258,91.48,1138.2,1.4402,0.6943480072212194
2010-01-06,80.14,83.12,92.0941,6.8272,92.53,1130.0,1.4404,0.6942515967786727
2010-01-07,80.57,82.6,92.3684,6.828,93.31,1135.0,1.4314,0.698616738857063
2010-01-08,80.06,82.74,92.1485,6.8274,92.7,1127.75,1.4357,0.6965243435258063
2010-01-11,80.14,82.54,91.5997,6.8263,91.9,1120.0,1.4536,0.6879471656576774
2010-01-12,79.38,80.79,91.7005,6.8267,90.95,1120.25,1.4523,0.6885629690835228
2010-01-13,77.57,79.66,91.7272,6.8295,91.38,1122.0,1.4492,0.690035881865857
2010-01-14,77.61,79.35,91.5864,6.8265,91.03,1122.5,1.4478,0.6907031357922365
2010-01-15,76.85,77.96,91.7668,6.8269,90.79,1123.0,1.4376,0.6956037840845855
2010-01-18,,,,,,,,
2010-01-19,75.18,78.98,91.9611,6.8268,91.13,1129.3,1.4269,0.7008199593524423
2010-01-20,75.09,77.42,92.6766,6.8258,91.23,1133.5,1.4094,0.7095217823187172
2010-01-21,74.13,75.84,92.6627,6.8268,90.25,1141.0,1.4106,0.7089181908407769
2010-01-22,72.73,74.25,92.943,6.827,90.07,1153.0,1.4154,0.7065140596297866
2010-01-25,72.18,74.9,92.9099,6.8268,90.12,1146.0,1.4146,0.7069136151562279
2010-01-26,72.63,74.67,93.3298,6.8263,89.63,1163.1,1.4063,0.7110858280594468
2010-01-27,72.75,73.64,93.2835,6.8268,89.41,1162.0,1.4053,0.7115918309257809
2010-01-28,70.65,73.62,93.2635,6.8267,90.08,1151.4,1.3993,0.7146430358036161
2010-01-29,71.2,72.85,93.7638,6.8268,90.38,1158.7,1.387,0.7209805335255948
2010-02-01,71.58,74.41,93.7321,6.826,90.8,1165.75,1.3904,0.7192174913693901
2010-02-02,73.94,77.21,93.4136,6.827,90.39,1158.95,1.3955,0.7165890361877464
2010-02-03,75.77,76.96,93.6268,6.826,91.11,1148.1,1.3907,0.7190623427051125
2010-02-04,71.3,73.13,94.1401,6.828,89.11,1145.9,1.3759,0.726797005596337
2010-02-05,70.11,71.15,94.6218,6.8275,89.25,1168.95,1.3608,0.7348618459729571
2010-02-08,69.62,71.87,,6.8265,89.32,1170.0,1.3699,0.7299802905321557
2010-02-09,70.4,73.71,,6.8267,89.45,1158.0,1.3795,0.7249003262051468
2010-02-10,70.4,74.48,,6.828,89.88,1161.0,1.3722,0.7287567409998542
2010-02-11,72.35,75.23,,6.8328,89.82,1156.2,1.364,0.7331378299120234
2010-02-12,71.49,74.11,93.9976,6.8326,90.0,1151.0,1.3625,0.7339449541284403
2010-02-15,,,,,,,,
2010-02-16,74.82,76.98,93.482,6.8326,90.46,1147.0,1.3742,0.7276961141027506
2010-02-17,74.89,77.27,93.7171,6.8326,90.79,1144.0,1.3623,0.7340527049842178
2010-02-18,76.61,78.97,93.8752,6.833,91.43,1144.2,1.3563,0.737300007373
2010-02-19,76.88,79.77,93.9569,6.829,91.94,1153.0,1.3538,0.7386615452799528
2010-02-22,76.95,80.04,93.7402,6.8264,91.11,1149.2,1.359,0.7358351729212657
2010-02-23,76.44,78.61,93.9794,6.8267,90.04,1155.0,1.3537,0.7387161113983897
2010-02-24,77.0,79.75,93.9775,6.8269,90.06,1156.0,1.3576,0.7365939893930465
2010-02-25,74.38,77.99,94.3797,6.8267,88.85,1166.2,1.3476,0.7420599584446423
2010-02-26,76.36,79.72,93.6602,6.8258,88.84,1159.0,1.366,0.7320644216691068
2010-03-01,76.07,78.71,93.7979,6.8263,89.28,1153.0,1.3516,0.7398638650488311
2010-03-02,77.5,79.62,93.488,6.8265,88.95,1147.0,1.3564,0.7372456502506635
2010-03-03,78.66,80.91,92.9861,6.8258,88.43,1141.0,1.3731,0.728279076542131
2010-03-04,77.88,80.21,93.4079,6.8258,89.02,1145.5,1.3571,0.7368653746960431
2010-03-05,79.2,81.5,93.2623,6.826,90.32,1139.5,1.3608,0.7348618459729571
2010-03-08,78.94,81.85,93.2446,6.8261,90.3,1131.5,1.3613,0.7345919341805627
2010-03-09,78.77,81.5,93.1941,6.8263,89.89,1135.15,1.3586,0.7360518180479906
2010-03-10,80.29,82.07,93.0426,6.8259,90.62,1128.1,1.3658,0.732171621027969
2010-03-11,79.44,82.1,93.0533,6.8266,90.6,1133.43,1.3674,0.7313149041977476
2010-03-12,79.38,81.26,92.6616,6.8254,90.46,1128.33,1.3753,0.7271140841998109
2010-03-15,77.08,79.79,92.9642,6.8259,90.45,1134.5,1.3652,0.732493407559332
2010-03-16,79.45,81.75,92.595,6.8257,90.43,1133.0,1.3758,0.7268498328245385
2010-03-17,80.28,82.93,92.4446,6.8259,90.42,1128.0,1.3739,0.7278550112817527
2010-03-18,80.09,82.16,92.7451,6.8261,90.46,1131.5,1.3603,0.7351319561861354
2010-03-19,78.37,80.58,93.0407,6.8265,90.5,1133.58,1.353,0.7390983000739099
2010-03-22,78.09,81.26,93.1333,6.8266,90.02,1135.5,1.3531,0.7390436774813391
2010-03-23,79.17,81.68,93.006,6.8263,90.24,1136.8,1.3535,0.7388252678241596
2010-03-24,78.03,80.29,93.6468,6.8266,91.89,1137.0,1.3347,0.749232037161909
2010-03-25,78.64,80.25,93.5885,6.827,92.69,1142.3,1.3344,0.749400479616307
2010-03-26,77.98,79.75,93.6873,6.8269,92.56,1138.0,1.3398,0.7463800567248843
2010-03-29,79.89,81.92,93.2959,6.8264,92.65,1135.0,1.3465,0.7426661715558857
2010-03-30,79.46,82.14,93.2627,6.8258,92.89,1131.0,1.3409,0.7457677679170707
2010-03-31,80.37,83.45,92.8987,6.8258,93.4,1131.2,1.3526,0.739316871211001
2010-04-01,82.63,84.53,92.6661,6.8263,93.83,1126.3,1.3569,0.7369739848183359
2010-04-02,,,92.9057,6.8255,94.51,1125.9,1.3487,0.7414547341884777
2010-04-05,84.48,86.36,92.6644,6.8256,94.28,1122.8,1.3486,0.7415097137772505
2010-04-06,85.05,86.54,92.7373,6.825,93.81,1123.9,1.3378,0.7474958887726117
2010-04-07,84.49,85.64,92.7452,6.8254,93.59,1120.0,1.3364,0.7482789583956899
2010-04-08,82.63,85.17,92.7211,6.824,93.16,1123.0,1.336,0.748502994011976
2010-04-09,82.77,84.6,92.4772,6.8229,93.28,1117.0,1.3468,0.7425007425007425
2010-04-12,85.21,84.07,92.243,6.8252,93.21,1114.0,1.3587,0.7359976448075366
2010-04-13,83.44,83.8,92.2689,6.8255,92.78,1123.7,1.3592,0.7357268981753973
2010-04-14,85.81,85.62,91.9297,6.8258,93.01,1111.5,1.3666,0.7317430118542367
2010-04-15,86.9,85.25,92.2029,6.826,93.04,1107.0,1.354,0.7385524372230428
2010-04-16,84.81,82.97,92.5253,6.8253,92.03,1110.0,1.3487,0.7414547341884777
2010-04-19,83.09,81.52,92.8577,6.8262,92.18,1118.1,1.3458,0.7430524595036408
2010-04-20,84.73,82.98,92.4338,6.8253,93.28,1117.8,1.3446,0.7437156031533542
2010-04-21,84.55,82.78,92.4482,6.8275,93.24,1107.6,1.3383,0.7472166180975864
2010-04-22,84.58,82.89,92.7277,6.8263,93.01,1108.2,1.3298,0.7519927808693037
2010-04-23,86.09,84.34,92.6622,6.827,94.18,1108.5,1.336,0.748502994011976
2010-04-26,86.72,84.2,92.5187,6.8266,94.06,1104.0,1.3336,0.7498500299940013
2010-04-27,85.59,82.43,93.0956,6.8256,93.01,1110.0,1.323,0.7558578987150416
2010-04-28,84.59,83.22,93.4856,6.8245,94.07,1118.0,1.313,0.7616146230007617
2010-04-29,86.82,85.17,92.9013,6.8259,94.16,1114.8,1.3243,0.7551159102922298
2010-04-30,86.19,86.07,92.8423,6.8247,94.24,1108.0,1.3302,0.7517666516313336
2010-05-03,88.09,86.19,93.235,6.8245,94.68,1118.4,1.3183,0.758552681483729
2010-05-04,85.39,82.73,93.8137,6.826,94.58,1115.0,1.3037,0.7670476336580501
2010-05-05,82.31,80.0,94.3968,6.8263,94.3,1115.0,1.289,0.7757951900698216
2010-05-06,80.21,77.18,95.3032,6.8265,92.22,1140.9,1.2689,0.7880841673890772
2010-05-07,76.48,75.1,95.2952,6.8254,91.67,1155.3,1.2721,0.7861017215627703
2010-05-10,78.08,76.89,94.3096,6.8263,93.39,1131.8,1.2861,0.7775445144234507
2010-05-11,79.0,76.37,94.4305,6.8285,92.83,1133.75,1.2715,0.7864726700747149
2010-05-12,78.7,75.65,94.5515,6.827,92.93,1144.02,1.2642,0.7910140800506249
2010-05-13,79.41,74.38,94.5071,6.8278,92.7,1129.2,1.2568,0.795671546785487
2010-05-14,76.43,71.61,95.3746,6.8263,91.94,1130.0,1.239,0.8071025020177562
2010-05-17,73.87,70.08,95.9795,6.8274,92.08,1152.75,1.2299,0.8130742336775347
2010-05-18,75.12,69.38,95.6212,6.8273,92.52,1146.0,1.2358,0.8091924259588931
2010-05-19,71.86,69.91,96.5083,6.8269,91.16,1163.9,1.2317,0.8118860112040269
2010-05-20,69.56,68.28,96.9483,6.8277,90.07,1193.5,1.237,0.8084074373484236
2010-05-21,70.45,68.03,96.2911,6.8262,90.21,1193.0,1.2575,0.7952286282306162
2010-05-24,69.62,68.23,96.6433,6.8286,90.49,1213.65,1.2406,0.8060615831049492
2010-05-25,67.18,64.78,97.5487,6.831,89.89,1250.0,1.2279,0.8143985666585227
2010-05-26,70.59,71.52,97.1879,6.8292,90.28,1253.2,1.2224,0.8180628272251309
2010-05-27,73.56,74.56,96.3611,6.8296,90.71,1222.95,1.237,0.8084074373484236
2010-05-28,73.0,74.0,96.3062,6.8305,90.81,1194.5,1.2369,0.8084727948904519
2010-05-31,,,,,,,,
2010-06-01,73.08,72.7,96.6123,6.8275,91.16,1216.0,1.2266,0.8152616990053808
2010-06-02,72.78,72.88,96.615,6.8296,92.21,1216.5,1.2206,0.8192692118630183
2010-06-03,73.12,74.62,96.461,6.8283,92.33,1198.5,1.2193,0.8201427048306404
2010-06-04,71.84,71.43,97.1688,6.8268,91.83,1201.5,1.1998,0.833472245374229
2010-06-07,71.09,71.55,97.503,6.8322,92.0,1235.61,1.1959,0.8361903169161301
2010-06-08,71.43,71.88,97.3425,6.8294,91.3,1233.99,1.1995,0.8336807002917882
2010-06-09,73.68,74.38,96.8938,6.8285,91.54,1247.3,1.2045,0.8302200083022001
2010-06-10,74.33,75.48,96.4877,6.8305,91.04,1250.4,1.2111,0.825695648583932
2010-06-11,73.28,73.89,96.5616,6.832,91.72,1245.9,1.2077,0.8280202036929701
2010-06-14,75.11,74.99,95.8082,6.8323,91.8,1221.2,1.2277,0.8145312372729494
2010-06-15,75.29,76.84,95.7049,6.8323,91.25,1229.0,1.2327,0.8112273870365864
2010-06-16,76.12,77.67,95.5668,6.8323,91.39,1211.0,1.2323,0.8114907084313885
2010-06-17,77.52,76.82,95.4973,6.829,90.92,1212.8,1.2365,0.8087343307723414
2010-06-18,77.05,77.18,95.2981,6.8267,90.79,1202.55,1.236,0.8090614886731392
2010-06-21,78.53,77.84,94.8505,6.7968,91.18,1173.6,1.2385,0.8074283407347599
2010-06-22,78.08,77.15,95.1165,6.8127,90.59,1182.95,1.2303,0.8128098837681866
2010-06-23,75.22,75.9,95.4853,6.8124,89.82,1187.1,1.231,0.8123476848090982
2010-06-24,75.17,75.96,95.6194,6.8001,89.4,1188.9,1.2288,0.8138020833333334
2010-06-25,76.21,78.45,95.4582,6.7911,89.35,1215.1,1.2332,0.810898475510866
2010-06-28,76.66,78.26,95.2696,6.796,89.23,1202.85,1.2316,0.8119519324455992
2010-06-29,74.21,75.93,96.0199,6.7977,88.39,1216.85,1.2187,0.8205464839583163
2010-06-30,74.94,75.59,95.9934,6.7815,88.49,1220.85,1.2291,0.8136034496786266
2010-07-01,71.73,72.95,95.8018,6.7807,87.42,1227.0,1.2464,0.8023106546854942
2010-07-02,71.75,72.06,95.6345,6.7709,87.69,1228.5,1.2577,0.7951021706289257
2010-07-05,,,,,,,,
2010-07-06,73.08,71.96,95.1069,6.7801,87.55,1222.0,1.2646,0.7907638779060573
2010-07-07,72.97,74.05,95.1795,6.777,87.16,1221.55,1.2594,0.7940289026520565
2010-07-08,74.56,75.46,94.7734,6.7763,88.44,1209.4,1.2683,0.7884569896712135
2010-07-09,75.2,76.08,94.683,6.772,88.48,1197.5,1.2639,0.7912018355882585
2010-07-12,74.35,74.93,94.9598,6.7709,88.53,1203.35,1.2573,0.7953551260637874
2010-07-13,76.45,77.16,94.3856,6.772,88.24,1212.5,1.2719,0.7862253321802029
2010-07-14,76.63,77.02,94.3247,6.7714,88.59,1201.55,1.2755,0.7840062720501764
2010-07-15,75.52,76.67,94.1988,6.7774,87.41,1201.5,1.2893,0.7756146746296441
2010-07-16,75.55,75.96,94.5061,6.775,86.4,1202.5,1.2919,0.7740537193281214
2010-07-19,76.29,76.53,94.602,6.778,86.77,1216.0,1.2963,0.7714263673532361
2010-07-20,76.31,77.32,94.542,6.7781,87.22,1206.4,1.2905,0.7748934521503293
2010-07-21,75.75,76.27,94.4496,6.7769,87.3,1203.5,1.2818,0.7801529099703541
2010-07-22,77.59,79.01,94.1135,6.7795,87.0,1202.95,1.2903,0.7750135627373479
2010-07-23,77.27,78.68,94.1431,6.7803,87.31,1198.5,1.2874,0.7767593599502873
2010-07-26,77.9,78.93,93.7556,6.7788,87.2,1191.0,1.2983,0.7702380035430948
2010-07-27,75.52,77.46,93.7583,6.7781,87.88,1181.95,1.2983,0.7702380035430948
2010-07-28,76.66,77.06,93.7506,6.778,87.62,1185.0,1.2998,0.7693491306354824
2010-07-29,78.6,78.3,93.6004,6.776,86.87,1185.35,1.3064,0.7654623392529087
2010-07-30,77.5,78.85,93.2793,6.7735,86.43,1182.0,1.3069,0.7651694850409366
2010-08-02,81.93,81.25,92.7916,6.774,86.42,1172.5,1.3174,0.7590708972218005
2010-08-03,83.6,82.52,92.6258,6.7728,85.88,1167.2,1.3239,0.7553440592189742
2010-08-04,83.76,82.49,92.731,6.772,86.26,1167.25,1.3158,0.7599939200486395
2010-08-05,82.9,82.0,92.6401,6.7705,85.83,1166.0,1.3157,0.7600516835144789
2010-08-06,81.28,80.67,92.5915,6.768,85.25,1161.0,1.3282,0.7528986598403855
2010-08-09,81.54,81.46,92.6726,6.767,85.88,1160.0,1.3241,0.7552299675251114
2010-08-10,79.89,80.24,93.2197,6.772,85.88,1168.6,1.3095,0.7636502481863306
2010-08-11,77.83,78.09,93.7778,6.7745,85.36,1182.0,1.2899,0.7752538956508256
2010-08-12,76.63,75.68,93.8905,6.7843,85.83,1185.9,1.2866,0.77724234416291
2010-08-13,75.14,75.39,94.0457,6.7957,86.2,1183.7,1.2767,0.7832693663350827
2010-08-16,74.56,75.17,93.7902,6.8038,85.33,1186.9,1.2838,0.7789375292101574
2010-08-17,76.74,75.76,93.4239,6.792,85.51,1176.0,1.289,0.7757951900698216
2010-08-18,75.1,75.39,93.3719,6.7911,85.31,1174.0,1.2872,0.7768800497203232
2010-08-19,74.84,74.45,93.7141,6.7897,85.27,1172.15,1.2837,0.7789982083041208
2010-08-20,73.48,73.45,94.2087,6.79,85.63,1183.2,1.2687,0.7882084023015685
2010-08-23,73.08,72.71,94.3295,6.7995,85.16,1181.6,1.2663,0.7897022822395957
2010-08-24,70.61,71.24,94.4362,6.7966,84.16,1191.0,1.2675,0.7889546351084812
2010-08-25,70.74,72.07,94.7372,6.7995,84.56,1196.15,1.2652,0.7903888713246917
2010-08-26,74.5,73.36,94.3523,6.7998,84.61,1190.1,1.2717,0.7863489816780687
2010-08-27,75.16,75.17,94.3462,6.7977,85.1,1195.1,1.2765,0.7833920877399139
2010-08-30,76.05,74.69,94.5922,6.8029,84.67,1191.0,1.2686,0.7882705344474223
2010-08-31,75.51,71.93,94.7204,6.8069,84.1,1198.0,1.2704,0.7871536523929471
2010-09-01,75.53,73.97,94.1148,6.8102,84.48,1184.0,1.2813,0.7804573480059314
2010-09-02,74.93,74.99,94.0852,6.807,84.15,1178.0,1.2824,0.7797878976918279
2010-09-03,75.03,74.52,93.6952,6.8014,84.45,1173.0,1.2885,0.7760962359332557
2010-09-06,,,,,,,,
2010-09-07,75.78,73.98,94.042,6.7906,83.75,1177.0,1.2723,0.7859781498074354
2010-09-08,77.48,74.65,93.7785,6.794,83.85,1171.5,1.2727,0.7857311228097745
2010-09-09,77.87,74.25,93.7033,6.782,83.83,1166.75,1.2708,0.7869058860560277
2010-09-10,77.54,76.4,93.6768,6.769,84.13,1164.85,1.2731,0.7854842510407667
2010-09-13,78.52,77.17,93.0767,6.7595,83.53,1159.0,1.289,0.7757951900698216
2010-09-14,78.89,76.78,92.6182,6.743,83.05,1159.5,1.3014,0.7684032580298141
2010-09-15,78.46,75.92,92.9313,6.738,85.63,1158.0,1.3008,0.7687576875768758
2010-09-16,78.89,74.58,92.9108,6.725,85.72,1161.0,1.3079,0.7645844483523204
2010-09-17,77.43,73.63,92.9418,6.723,85.77,1160.0,1.3046,0.7665184730952016
2010-09-20,79.42,74.81,92.7496,6.7135,85.74,1160.5,1.3074,0.764876854826373
2010-09-21,78.76,72.96,92.6684,6.7059,85.36,1160.0,1.3136,0.761266747868453
2010-09-22,77.29,72.98,92.0647,6.7035,84.37,1150.0,1.3385,0.7471049682480388
2010-09-23,77.69,73.4,92.0233,6.7046,84.32,1150.65,1.3344,0.749400479616307
2010-09-24,78.73,74.63,91.5996,6.7035,84.24,1154.2,1.3476,0.7420599584446423
2010-09-27,77.71,76.51,91.4803,6.6911,84.17,1146.0,1.3475,0.7421150278293136
2010-09-28,79.14,76.15,91.3493,6.6904,83.82,1145.5,1.3583,0.7362143856290951
2010-09-29,78.79,77.85,91.1632,6.6869,83.61,1139.0,1.3638,0.7332453438920663
2010-09-30,80.77,79.95,91.3415,6.6905,83.53,1140.1,1.3601,0.7352400558782441
2010-10-01,82.69,81.57,90.836,6.6895,83.3,1130.25,1.3754,0.7270612185546024
2010-10-04,83.42,81.43,91.0015,6.6912,83.33,1122.25,1.3688,0.7305669199298656
2010-10-05,83.35,82.83,90.5622,6.6906,83.17,1129.85,1.3834,0.7228567297961545
2010-10-06,85.01,83.21,90.1411,6.6893,82.8,1117.4,1.3924,0.7181844297615627
2010-10-07,83.67,81.34,90.286,6.6903,82.35,1114.0,1.3921,0.7183391997701315
2010-10-08,83.88,82.66,90.1133,6.671,81.86,1120.7,1.3923,0.7182360123536594
2010-10-11,83.08,82.18,,,,,,
2010-10-12,82.99,81.67,90.2203,6.6733,81.74,1130.15,1.3846,0.7222302470027444
2010-10-13,84.01,83.03,89.7779,6.6634,81.81,1119.0,1.3964,0.7161271841879118
2010-10-14,83.55,82.71,89.5228,6.6505,81.44,1110.4,1.4066,0.7109341674960898
2010-10-15,81.94,81.23,89.6815,6.6397,81.32,1109.6,1.3998,0.7143877696813831
2010-10-18,82.3,83.06,89.8484,6.644,81.16,1115.0,1.3978,0.7154099298898269
2010-10-19,81.12,79.57,90.5499,6.6444,81.6,1126.7,1.3827,0.723222680263253
2010-10-20,81.68,81.93,90.1446,6.6518,81.14,1124.9,1.3949,0.7168972686214066
2010-10-21,81.28,80.03,90.138,6.6502,81.16,1128.4,1.3973,0.7156659271452086
2010-10-22,80.75,81.15,90.4063,6.6583,81.48,1125.6,1.3904,0.7192174913693901
2010-10-25,81.91,82.0,89.9328,6.6579,80.61,1115.6,1.3986,0.7150007150007149
2010-10-26,82.62,82.6,90.2818,6.6625,81.28,1122.0,1.3873,0.7208246233691343
2010-10-27,81.27,81.9,90.8038,6.6805,81.55,1130.0,1.3788,0.725268349289237
2010-10-28,82.97,82.2,90.2407,6.6867,80.99,1123.0,1.3929,0.7179266278986287
2010-10-29,82.47,81.45,90.0935,6.6707,80.48,1124.0,1.3894,0.7197351374694113
2010-11-01,84.06,82.94,90.0307,6.6892,80.66,1116.73,1.3888,0.7200460829493087
2010-11-02,84.71,83.91,89.6847,6.6775,80.8,1111.0,1.4026,0.7129616426636247
2010-11-03,85.33,84.45,89.7079,6.6758,81.41,1109.8,1.4014,0.7135721421435707
2010-11-04,86.83,86.49,88.9831,6.6609,80.61,1106.53,1.4224,0.7030371203599549
2010-11-05,87.05,86.85,89.2441,6.655,81.35,1107.7,1.4033,0.7126060001425212
2010-11-08,87.15,87.07,89.5711,6.6791,81.14,1114.0,1.3927,0.7180297264306742
2010-11-09,87.93,87.04,89.558,6.6424,81.15,1111.4,1.3865,0.7212405337179949
2010-11-10,87.92,87.77,89.9056,6.6335,82.53,1109.6,1.3728,0.7284382284382285
2010-11-11,88.08,87.77,,,,,,
2010-11-12,86.07,84.89,90.1701,6.6368,82.44,1127.2,1.37,0.7299270072992701
2010-11-15,85.49,84.88,90.4331,6.6418,82.9,1134.7,1.3615,0.7344840249724569
2010-11-16,83.98,82.33,91.1102,6.6378,83.41,1129.8,1.3517,0.7398091292446549
2010-11-17,83.36,80.43,90.9282,6.6415,83.15,1143.75,1.3555,0.7377351530800443
2010-11-18,83.7,81.88,90.649,6.633,83.64,1129.9,1.3618,0.7343222205903951
2010-11-19,83.17,81.65,90.6986,6.6398,83.49,1131.15,1.3654,0.7323861139592793
2010-11-22,82.34,81.24,90.7023,6.6414,83.46,1126.0,1.3612,0.7346459006758742
2010-11-23,82.37,80.79,91.4318,6.6433,82.86,1162.0,1.3388,0.7469375560203168
2010-11-24,84.53,83.21,91.2179,6.6529,83.38,1146.0,1.335,0.7490636704119851
2010-11-25,,,,,,,,
2010-11-26,84.78,83.87,91.8152,6.6675,84.08,1153.95,1.3243,0.7551159102922298
2010-11-29,85.9,85.73,92.1997,6.66,84.34,1164.05,1.3092,0.7638252367858235
2010-11-30,86.02,84.12,92.1494,6.667,83.56,1157.2,1.3036,0.7671064743786437
2010-12-01,88.56,86.75,91.6799,6.663,84.0,1149.0,1.3149,0.7605141075366948
2010-12-02,89.37,87.98,91.2651,6.6609,83.53,1148.0,1.3228,0.7559721802237678
2010-12-03,90.65,89.18,90.8788,6.6628,82.73,1136.5,1.3367,0.7481110196753198
2010-12-06,91.25,89.33,91.0167,6.6483,82.7,1136.7,1.3275,0.7532956685499059
2010-12-07,90.78,88.69,90.9732,6.6455,83.04,1130.0,1.3323,0.750581700818134
2010-12-08,89.74,88.3,91.3376,6.6616,84.16,1142.5,1.3242,0.7551729346020238
2010-12-09,89.93,88.35,91.3923,6.6549,83.85,1140.0,1.3206,0.7572315614114796
2010-12-10,89.54,87.81,91.2831,6.655,83.87,1143.0,1.3242,0.7551729346020238
2010-12-13,90.4,88.62,90.8837,6.6652,83.57,1144.9,1.3389,0.7468817686160281
2010-12-14,90.63,88.33,90.764,6.6563,83.52,1139.0,1.3395,0.7465472191116088
2010-12-15,91.33,88.66,91.094,6.6541,84.04,1154.95,1.3306,0.7515406583496167
2010-12-16,91.09,87.71,91.3773,6.6635,84.23,1155.0,1.3206,0.7572315614114796
2010-12-17,91.11,88.02,91.5555,6.6545,84.15,1155.05,1.3155,0.7601672367920943
2010-12-20,91.31,88.68,91.6398,6.6745,83.72,1154.1,1.3124,0.7619628162145687
2010-12-21,93.11,89.3,91.519,6.658,83.76,1155.15,1.3131,0.7615566217348261
2010-12-22,93.55,89.83,91.429,6.645,83.56,1153.9,1.3089,0.7640003056001222
2010-12-23,93.63,90.84,91.3013,6.645,82.97,1151.9,1.3101,0.7633005114113426
2010-12-24,,,,,,,,
2010-12-27,93.08,90.99,91.1963,6.6306,82.91,1148.9,1.3146,0.7606876616461281
2010-12-28,93.52,91.48,90.9848,6.6247,82.21,1143.0,1.3122,0.7620789513793629
2010-12-29,93.52,91.13,90.7669,6.62,81.9,1143.0,1.3183,0.758552681483729
2010-12-30,92.5,89.85,90.5146,6.6,81.67,1130.6,1.3269,0.7536362951239732
2010-12-31,93.23,91.38,,,,,,
2011-01-03,95.82,91.59,89.9524,6.5895,81.56,1124.3,1.3371,0.747887218607434
2011-01-04,93.52,89.39,90.3277,6.6065,81.96,1124.2,1.3306,0.7515406583496167
2011-01-05,95.07,90.3,90.5715,6.585,83.22,1127.3,1.3171,0.7592437931819908
2011-01-06,94.95,88.37,90.9125,6.626,83.15,1121.0,1.3027,0.7676364473785215
2011-01-07,94.25,88.07,91.0001,6.6276,83.04,1120.2,1.2944,0.7725587144622992
2011-01-10,95.05,89.24,91.03,6.6364,82.78,1128.1,1.2945,0.772499034376207
2011-01-11,96.8,91.11,90.8431,6.6185,83.36,1124.0,1.2978,0.7705347511172753
2011-01-12,97.86,91.85,90.4111,6.6037,83.29,1111.6,1.3066,0.765345170671973
2011-01-13,97.86,91.39,89.9019,6.6044,82.72,1111.2,1.3364,0.7482789583956899
2011-01-14,97.86,91.53,90.0461,6.5876,82.99,1114.55,1.3328,0.7503001200480193
2011-01-17,,,,,,,,
2011-01-18,97.83,91.38,89.821,6.5828,82.66,1111.0,1.3399,0.7463243525636241
2011-01-19,98.42,90.85,89.6948,6.5823,82.03,1113.2,1.3495,0.7410151908114117
2011-01-20,96.27,88.56,90.1316,6.5852,83.02,1124.1,1.3443,0.7438815740534107
2011-01-21,96.84,88.22,89.7204,6.5831,82.63,1118.0,1.3581,0.7363228039172373
2011-01-24,96.76,86.74,89.5375,6.5809,82.44,1118.0,1.3653,0.7324397568300007
2011-01-25,96.76,85.08,89.7279,6.5824,82.35,1121.6,1.3644,0.732922896511287
2011-01-26,96.04,86.15,89.5091,6.5814,82.27,1116.0,1.3688,0.7305669199298656
2011-01-27,96.48,84.45,89.5728,6.5814,83.03,1114.3,1.3688,0.7305669199298656
2011-01-28,97.06,88.15,89.8189,6.5819,82.03,1115.6,1.3607,0.7349158521349305
2011-01-31,98.97,90.99,89.694,6.6017,81.97,1119.1,1.3715,0.7291286912139993
2011-02-01,100.4,89.54,89.1436,6.5937,81.48,1113.6,1.3793,0.7250054375407816
2011-02-02,101.3,89.78,89.0737,6.556,81.82,1113.6,1.3779,0.7257420712678715
2011-02-03,101.69,89.42,89.2522,6.556,81.48,1113.6,1.3654,0.7323861139592793
2011-02-04,99.43,87.87,89.391,6.556,81.99,1113.6,1.3584,0.7361601884570083
2011-02-07,99.44,86.3,89.3556,6.56,82.4,1103.6,1.3557,0.7376263185070444
2011-02-08,99.25,85.85,89.1241,6.552,81.92,1100.9,1.3687,0.7306202966318405
2011-02-09,100.16,85.59,89.4166,6.5914,82.47,1107.4,1.3688,0.7305669199298656
2011-02-10,100.74,85.44,89.6266,6.5864,83.11,1120.9,1.3637,0.7332991127080737
2011-02-11,99.93,84.39,89.8784,6.5917,83.52,1126.3,1.352,0.7396449704142012
2011-02-14,103.12,83.66,89.8543,6.5965,83.32,1125.9,1.3474,0.742170105388155
2011-02-15,102.48,83.13,89.8871,6.5884,83.79,1121.3,1.3494,0.7410701052319549
2011-02-16,102.78,83.8,89.7059,6.5884,83.73,1115.3,1.3547,0.7381708127260648
2011-02-17,103.45,85.05,89.4102,6.585,83.25,1114.5,1.3612,0.7346459006758742
2011-02-18,102.2,85.03,89.1974,6.5731,83.22,1111.0,1.3673,0.731368390258173
2011-02-21,,,,,,,,
2011-02-22,106.82,92.65,89.4617,6.5795,82.94,1125.35,1.3661,0.7320108337603396
2011-02-23,109.77,96.04,89.4186,6.5741,82.39,1125.2,1.3758,0.7268498328245385
2011-02-24,113.91,95.83,89.2346,6.572,81.67,1130.55,1.3794,0.724952878062926
2011-02-25,111.47,96.52,89.1664,6.5749,81.76,1125.0,1.3757,0.7269026677327907
2011-02-28,112.27,97.1,88.9391,6.5713,81.94,1123.7,1.3793,0.7250054375407816
2011-03-01,113.34,99.63,88.831,6.57,81.86,1123.5,1.3813,0.7239556939115326
2011-03-02,116.89,102.27,88.7317,6.5723,81.62,1121.0,1.3869,0.7210325185665873
2011-03-03,114.42,101.92,88.637,6.5717,82.41,1115.4,1.3947,0.7170000717000071
2011-03-04,115.71,104.34,88.4898,6.567,82.35,1117.5,1.3983,0.7151541157119359
2011-03-07,116.58,105.37,88.5207,6.554,82.12,1115.35,1.3976,0.7155123068116772
2011-03-08,112.32,105.06,88.6454,6.5684,82.69,1115.0,1.3912,0.718803910293272
2011-03-09,115.19,104.39,88.5328,6.558,82.78,1114.45,1.3906,0.7191140514885661
2011-03-10,114.07,102.73,88.8698,6.5731,82.98,1123.7,1.3823,0.7234319612240468
2011-03-11,114.07,101.14,88.691,6.5742,81.77,1126.0,1.3864,0.7212925562608193
2011-03-14,112.95,101.2,88.5191,6.5696,81.65,1127.0,1.3975,0.7155635062611807
2011-03-15,111.11,97.23,88.7845,6.573,80.82,1135.6,1.3968,0.715922107674685
2011-03-16,110.96,97.99,88.9785,6.5713,80.17,1132.6,1.3922,0.7182876023559833
2011-03-17,114.18,101.47,88.6549,6.5743,78.74,1133.1,1.4021,0.7132158904500393
2011-03-18,114.13,101.06,88.5221,6.5689,81.14,1126.0,1.4141,0.7071635669330316
2011-03-21,114.92,102.36,88.2032,6.5635,81.11,1121.5,1.4184,0.7050197405527354
2011-03-22,115.63,104.53,88.0665,6.551,81.0,1120.6,1.4212,0.7036307345904869
2011-03-23,115.65,105.21,88.3328,6.5591,80.94,1124.1,1.4124,0.7080147267063155
2011-03-24,115.41,105.04,88.0592,6.558,80.82,1118.6,1.42,0.7042253521126761
2011-03-25,115.45,104.89,88.1716,6.5568,81.12,1110.7,1.4144,0.7070135746606334
2011-03-28,115.95,103.54,88.3058,6.5643,81.67,1111.5,1.4104,0.7090187180941576
2011-03-29,115.58,104.34,88.3991,6.56,82.38,1112.2,1.409,0.7097232079488999
2011-03-30,115.35,103.8,88.2298,6.5558,82.98,1100.5,1.4095,0.7094714437743881
2011-03-31,116.94,106.19,88.0299,6.5483,82.76,1097.25,1.4183,0.7050694493407601
2011-04-01,118.63,107.55,87.7993,6.5477,84.05,1086.7,1.4215,0.7034822370735139
2011-04-04,120.07,108.14,87.8406,6.5385,83.98,1086.45,1.4221,0.7031854299978905
2011-04-05,122.87,107.82,87.7483,6.539,84.65,1086.5,1.423,0.7027406886858749
2011-04-06,123.01,108.38,87.4913,6.544,85.26,1084.0,1.4333,0.6976906439684644
2011-04-07,122.9,109.82,87.532,6.542,84.98,1088.6,1.4287,0.6999370056694897
2011-04-08,126.3,112.27,87.1493,6.535,84.99,1082.0,1.4437,0.6926646810279143
2011-04-11,126.46,109.5,87.094,6.5381,84.58,1085.5,1.4454,0.6918500069185001
2011-04-12,121.33,105.75,87.2943,6.5402,83.79,1091.8,1.4455,0.6918021445866482
2011-04-13,122.7,106.6,87.2093,6.5333,83.59,1086.3,1.4477,0.6907508461697865
2011-04-14,122.74,107.73,87.0802,6.531,83.23,1086.55,1.4464,0.6913716814159292
2011-04-15,124.63,109.17,87.005,6.5317,83.13,1087.0,1.4443,0.6923769300006924
2011-04-18,121.69,106.7,87.5081,6.5286,82.43,1088.0,1.4211,0.7036802476954471
2011-04-19,121.35,107.18,87.0791,6.5303,82.41,1085.7,1.4319,0.6983727913960472
2011-04-20,124.26,110.84,86.5642,6.5254,82.58,1076.5,1.4513,0.68903741473162
2011-04-21,123.64,111.72,86.2256,6.492,81.81,1079.5,1.4585,0.6856359273225917
2011-04-22,,,86.3742,6.5067,81.92,1080.8,1.4545,0.6875214850464078
2011-04-25,,111.68,86.4026,6.5277,81.93,1081.1,1.4576,0.686059275521405
2011-04-26,124.55,111.72,86.2576,6.527,81.93,1083.6,1.4625,0.6837606837606838
2011-04-27,124.94,112.31,86.2519,6.5112,82.6,1078.8,1.4659,0.6821747731768879
2011-04-28,126.59,112.38,85.8419,6.501,81.57,1072.9,1.4785,0.6763611768684478
2011-04-29,,113.39,85.5999,6.49,81.31,1068.4,1.4821,0.6747183051076175
2011-05-02,126.64,113.03,85.5199,6.492,81.23,1065.5,1.487,0.6724949562878278
2011-05-03,124.01,110.6,85.6352,6.4955,81.02,1071.3,1.4875,0.6722689075630252
2011-05-04,121.55,108.79,85.8917,6.4925,80.69,1076.3,1.4859,0.672992798977051
2011-05-05,111.93,99.89,86.508,6.4931,80.12,1081.3,1.4583,0.6857299595419324
2011-05-06,113.69,96.87,86.4575,6.4925,80.51,1085.1,1.4495,0.689893066574681
2011-05-09,113.21,100.32,86.8346,6.4937,80.66,1081.0,1.4301,0.6992518005733865
2011-05-10,117.82,103.39,86.6518,6.4915,80.75,1082.2,1.4358,0.6964758322886196
2011-05-11,115.66,97.88,86.7195,6.4915,80.78,1076.0,1.4269,0.7008199593524423
2011-05-12,112.87,98.53,87.0767,6.4986,80.75,1088.0,1.4229,0.7027900766041183
2011-05-13,113.08,99.21,87.4176,6.4977,80.76,1086.8,1.4141,0.7071635669330316
2011-05-16,113.72,96.91,87.3311,6.5073,80.82,1091.7,1.4219,0.703284337857796
2011-05-17,109.39,96.4,87.6307,6.5057,81.39,1088.3,1.4155,0.7064641469445426
2011-05-18,112.54,99.52,87.295,6.5029,81.37,1087.6,1.427,0.7007708479327259
2011-05-19,113.2,97.99,87.2638,6.5042,81.78,1086.0,1.4254,0.7015574575557738
2011-05-20,111.25,99.15,87.3044,6.4917,81.64,1082.7,1.4172,0.7056167090036692
2011-05-23,110.13,97.06,87.8941,6.505,81.81,1097.8,1.4015,0.7135212272565109
2011-05-24,112.52,99.13,87.662,6.499,82.12,1093.2,1.4107,0.7088679379031686
2011-05-25,114.47,100.78,87.6136,6.493,81.96,1101.6,1.4102,0.7091192738618636
2011-05-26,115.06,100.18,87.5588,6.4913,81.44,1089.0,1.4088,0.7098239636570131
2011-05-27,114.85,100.58,86.9525,6.492,80.75,1082.2,1.4287,0.6999370056694897
2011-05-30,,,,,,,,
2011-05-31,117.18,102.7,86.656,6.4786,81.29,1078.0,1.4376,0.6956037840845855
2011-06-01,116.15,100.3,86.5964,6.478,80.82,1076.2,1.4431,0.692952671332548
2011-06-02,114.3,100.41,86.8435,6.4824,80.98,1081.4,1.4426,0.6931928462498267
2011-06-03,115.09,100.28,86.4234,6.4796,80.38,1077.0,1.4604,0.6847439057792386
2011-06-06,115.4,99.07,86.4669,6.4796,80.19,1078.55,1.462,0.6839945280437757
2011-06-07,116.14,99.18,86.3627,6.481,80.21,1081.8,1.4675,0.6814310051107325
2011-06-08,118.43,100.77,86.5714,6.4754,79.87,1080.0,1.4587,0.6855419208884623
2011-06-09,119.95,101.95,86.5913,6.4757,80.07,1082.8,1.4534,0.6880418329434429
2011-06-10,118.71,99.3,87.042,6.4801,80.26,1084.0,1.4365,0.6961364427427775
2011-06-13,120.49,97.2,87.0579,6.483,80.16,1085.2,1.4368,0.6959910913140311
2011-06-14,120.35,99.37,86.6771,6.4794,80.5,1082.4,1.4473,0.6909417536101706
2011-06-15,114.67,94.83,87.3342,6.482,80.71,1083.0,1.4221,0.7031854299978905
2011-06-16,114.69,94.95,87.6917,6.4746,80.7,1091.15,1.4155,0.7064641469445426
2011-06-17,113.74,93.02,87.2179,6.47,80.1,1085.8,1.4326,0.6980315510261064
2011-06-20,112.21,93.23,87.1908,6.472,80.26,1082.25,1.432,0.6983240223463687
2011-06-21,112.02,93.7,86.857,6.465,80.15,1078.45,1.4399,0.6944926731022988
2011-06-22,113.59,94.96,86.8067,6.4628,80.06,1073.85,1.4403,0.6942997986530585
2011-06-23,108.27,90.7,87.455,6.4676,80.45,1082.85,1.4166,0.7059155724975292
2011-06-24,104.79,90.89,87.5014,6.4737,80.32,1078.7,1.4189,0.7047713017125943
2011-06-27,104.57,90.65,87.5225,6.4815,80.89,1084.95,1.4282,0.7001820473323065
2011-06-28,107.57,92.9,87.2178,6.4699,80.85,1080.3,1.4368,0.6959910913140311
2011-06-29,111.49,94.85,86.8014,6.4633,80.8,1073.0,1.4428,0.6930967563071805
2011-06-30,111.71,95.3,86.4786,6.4635,80.64,1066.3,1.4523,0.6885629690835228
2011-07-01,109.82,94.81,86.3613,6.4645,80.81,1065.05,1.4508,0.6892748828232699
2011-07-04,,,,,,,,
2011-07-05,113.21,96.92,86.4253,6.466,81.14,1065.0,1.447,0.691085003455425
2011-07-06,113.55,96.67,86.6825,6.467,80.9,1066.5,1.4329,0.6978854072161351
2011-07-07,117.4,98.7,86.4825,6.4655,81.26,1063.9,1.4349,0.6969126768415917
2011-07-08,117.4,96.2,86.615,6.4645,80.64,1056.9,1.4251,0.7017051434987018
2011-07-11,117.35,95.16,87.1013,6.4671,80.37,1057.6,1.4034,0.7125552230297848
2011-07-12,117.36,97.41,87.1701,6.472,79.53,1064.05,1.4014,0.7135721421435707
2011-07-13,118.46,98.04,86.5697,6.4675,78.99,1055.1,1.4167,0.7058657443354274
2011-07-14,117.38,95.75,86.5234,6.459,79.11,1055.55,1.4182,0.7051191651389085
2011-07-15,118.06,97.24,86.5169,6.461,79.03,1058.0,1.4156,0.7064142413111049
2011-07-18,117.05,95.94,86.9549,6.4688,79.1,1061.85,1.4042,0.7121492664862555
2011-07-19,118.18,97.49,86.4386,6.4631,78.91,1059.6,1.4156,0.7064142413111049
2011-07-20,118.52,98.11,86.2794,6.4581,78.76,1053.95,1.4188,0.70482097547223
2011-07-21,118.25,98.96,85.8378,6.4535,78.47,1054.5,1.4372,0.6957973838018369
2011-07-22,118.99,99.53,85.8623,6.4464,78.44,1050.25,1.4366,0.6960879855213699
2011-07-25,118.27,98.97,85.8006,6.445,78.31,1053.45,1.4357,0.6965243435258063
2011-07-26,118.14,99.61,85.4692,6.4411,78.04,1049.2,1.4495,0.689893066574681
2011-07-27,117.99,97.4,85.7126,6.4428,77.99,1052.5,1.4373,0.6957489737702637
2011-07-28,118.16,97.48,85.8245,6.4418,77.87,1051.55,1.4303,0.699154023631406
2011-07-29,115.93,95.68,85.7282,6.436,77.18,1054.0,1.4388,0.6950236308034473
2011-08-01,116.37,94.98,86.0391,6.4337,76.87,1051.3,1.4202,0.7041261794113506
2011-08-02,116.02,93.78,86.0533,6.4379,77.13,1052.4,1.4232,0.7026419336706015
2011-08-03,113.74,91.87,86.0706,6.434,76.87,1058.85,1.432,0.6983240223463687
2011-08-04,110.22,86.75,86.9299,6.4377,79.01,1061.5,1.4158,0.7063144511936714
2011-08-05,106.92,86.89,87.1084,6.4401,78.48,1067.2,1.4158,0.7063144511936714
2011-08-08,103.06,81.27,87.1873,6.4342,77.53,1082.9,1.4241,0.7021978793624044
2011-08-09,103.63,79.32,87.3919,6.4304,77.16,1087.45,1.4242,0.7021485746383935
2011-08-10,103.84,83.05,87.3792,6.4172,76.41,1080.1,1.4193,0.7045726766715986
2011-08-11,107.82,85.48,87.3215,6.3935,76.68,1078.2,1.423,0.7027406886858749
2011-08-12,108.17,85.19,87.177,6.3892,76.79,1078.9,1.4239,0.7022965095863474
2011-08-15,108.89,87.88,86.7515,6.3902,76.73,1078.8,1.4452,0.691945751453086
2011-08-16,109.69,86.65,86.7115,6.3818,76.76,1068.05,1.4421,0.693433187712364
2011-08-17,111.37,87.58,86.5518,6.3839,76.46,1068.55,1.4436,0.6927126627874758
2011-08-18,108.36,82.38,87.1271,6.3873,76.52,1076.75,1.432,0.6983240223463687
2011-08-19,109.37,82.33,86.8286,6.391,76.46,1087.2,1.4408,0.6940588561910049
2011-08-22,108.83,84.42,87.0753,6.4004,76.77,1083.15,1.4384,0.6952169076751947
2011-08-23,110.35,85.35,86.9001,6.3975,76.59,1077.2,1.4431,0.692952671332548
2011-08-24,111.91,84.99,87.1316,6.388,76.78,1083.65,1.4402,0.6943480072212194
2011-08-25,111.91,85.15,87.2306,6.39,77.38,1088.25,1.438,0.6954102920723227
2011-08-26,112.29,85.37,87.0751,6.386,76.62,1079.5,1.4463,0.6914194842010648
2011-08-29,,87.27,86.8433,6.3809,76.96,1073.45,1.451,0.6891798759476223
2011-08-30,115.59,88.9,87.001,6.3802,76.75,1072.15,1.4435,0.6927606511950121
2011-08-31,116.48,88.81,86.7739,6.3778,76.5,1063.9,1.4406,0.6941552131056504
2011-09-01,116.43,88.93,86.8512,6.3812,76.81,1061.4,1.4283,0.7001330252748023
2011-09-02,115.92,86.45,87.1797,6.3821,76.79,1064.85,1.4203,0.7040766035344646
2011-09-05,,,,,,,,
2011-09-06,113.29,85.99,88.1645,6.3901,77.48,1076.9,1.3999,0.7143367383384528
2011-09-07,117.5,89.34,87.9699,6.394,77.39,1070.65,1.4058,0.7113387395077536
2011-09-08,117.99,89.05,88.1162,6.3833,77.43,1075.3,1.3947,0.7170000717000071
2011-09-09,115.1,87.24,88.9514,6.388,77.31,1077.1,1.3666,0.7317430118542367
2011-09-12,114.75,88.19,89.2192,6.3877,77.15,1076.75,1.3635,0.7334066740007334
2011-09-13,114.08,90.21,89.2653,6.397,76.88,1076.75,1.368,0.7309941520467835
2011-09-14,113.1,88.91,89.419,6.391,76.71,1107.45,1.371,0.7293946024799417
2011-09-15,116.71,89.4,89.0647,6.3904,76.7,1113.25,1.3858,0.7216048491845866
2011-09-16,116.26,87.96,89.1108,6.3833,76.89,1112.4,1.3783,0.725531451788435
2011-09-19,112.89,85.7,89.9336,6.3864,76.48,1139.4,1.3636,0.7333528894103843
2011-09-20,114.39,86.92,89.8777,6.3837,76.52,1140.0,1.3697,0.7300868803387603
2011-09-21,114.26,85.77,90.3453,6.3811,76.38,1152.4,1.3724,0.728650539201399
2011-09-22,109.21,80.29,92.075,6.3879,76.31,1179.7,1.3446,0.7437156031533542
2011-09-23,109.17,79.58,91.6904,6.3877,76.3,1164.9,1.3518,0.7397544015386892
2011-09-26,107.9,79.97,91.7724,6.3975,76.35,1181.0,1.3516,0.7398638650488311
2011-09-27,109.54,84.18,90.8985,6.3975,76.6,1164.5,1.3606,0.7349698662354843
2011-09-28,108.52,80.94,91.0227,6.3933,76.51,1171.9,1.3628,0.7337833871441151
2011-09-29,107.08,81.87,91.3033,6.3964,76.68,1172.6,1.3639,0.7331915829606277
2011-09-30,105.42,78.93,91.9998,6.378,77.04,1180.9,1.3449,0.743549706297866
2011-10-03,103.61,77.34,92.5128,6.3745,76.66,1180.0,1.3281,0.7529553497477599
2011-10-04,101.84,75.4,92.9508,6.3745,76.86,1197.5,1.3294,0.7522190461862495
2011-10-05,103.77,79.41,92.3008,6.3745,76.86,1186.5,1.3328,0.7503001200480193
2011-10-06,104.38,82.32,91.9661,6.378,76.64,1184.0,1.3408,0.7458233890214797
2011-10-07,106.56,82.7,91.2469,6.3745,76.77,1170.5,1.3512,0.7400828892835998
2011-10-10,109.49,85.14,,,,,,
2011-10-11,109.22,85.54,90.9162,6.3745,76.66,1171.15,1.3657,0.7322252324815114
2011-10-12,112.44,85.3,90.3378,6.358,77.3,1164.5,1.3805,0.7243752263672583
2011-10-13,112.45,83.96,90.6603,6.382,76.88,1157.75,1.373,0.7283321194464676
2011-10-14,114.33,86.8,90.2116,6.378,77.36,1156.0,1.3861,0.7214486689272058
2011-10-17,112.92,86.38,90.266,6.3695,76.8,1148.35,1.377,0.7262164124909223
2011-10-18,112.08,88.34,90.5907,6.3804,76.75,1149.5,1.3719,0.7289161017566879
2011-10-19,111.76,86.11,90.3317,6.3769,76.79,1133.5,1.3775,0.7259528130671506
2011-10-20,109.0,86.07,91.1026,6.3825,76.91,1147.0,1.3672,0.7314218841427735
2011-10-21,111.6,87.19,90.279,6.3823,76.1,1147.2,1.3873,0.7208246233691343
2011-10-24,111.67,91.12,89.8558,6.3744,76.1,1133.2,1.3932,0.7177720356014929
2011-10-25,112.11,92.98,89.9525,6.3605,75.88,1131.25,1.3911,0.7188555819135936
2011-10-26,110.43,90.2,90.0836,6.3534,76.05,1134.65,1.3838,0.7226477814713109
2011-10-27,112.45,93.96,88.7882,6.359,75.8,1106.6,1.4172,0.7056167090036692
2011-10-28,110.01,93.32,88.6382,6.357,75.72,1102.5,1.4164,0.7060152499293985
2011-10-31,108.43,93.19,89.2053,6.3547,77.97,1112.05,1.3947,0.7170000717000071
2011-11-01,106.97,92.19,90.7296,6.3547,78.28,1122.05,1.3676,0.7312079555425564
2011-11-02,110.82,92.51,90.244,6.355,78.04,1120.65,1.3803,0.7244801854669274
2011-11-03,110.76,94.07,90.2961,6.3513,77.96,1127.4,1.3744,0.7275902211874272
2011-11-04,112.22,94.26,90.3154,6.34,78.17,1110.6,1.3761,0.7266913741733885
2011-11-07,114.75,95.52,90.3832,6.3481,78.06,1117.3,1.3744,0.7275902211874272
2011-11-08,115.61,96.8,90.172,6.3462,77.79,1118.1,1.3785,0.7254261878853826
2011-11-09,115.29,95.74,90.6991,6.3401,77.77,1118.85,1.3596,0.7355104442483084
2011-11-10,113.32,97.78,90.8588,6.3454,77.58,1131.85,1.36,0.7352941176470588
2011-11-11,114.43,98.99,,,,,,
2011-11-14,112.57,98.14,90.7215,6.3536,77.02,1126.05,1.3625,0.7339449541284403
2011-11-15,111.9,99.37,91.1081,6.3464,76.99,1128.5,1.3524,0.7394262052647146
2011-11-16,111.91,102.59,91.1237,6.3445,77.02,1134.15,1.3505,0.7404664938911514
2011-11-17,109.25,98.82,91.1822,6.3505,76.98,1132.15,1.3522,0.7395355716609968
2011-11-18,107.82,97.67,91.3676,6.3565,76.93,1138.5,1.3521,0.7395902669920863
2011-11-21,105.98,96.73,91.9978,6.3603,76.97,1143.0,1.3525,0.7393715341959335
2011-11-22,107.77,97.76,92.0193,6.3605,77.07,1146.65,1.35,0.7407407407407407
2011-11-23,106.83,96.16,92.7463,6.3576,77.41,1159.7,1.3347,0.749232037161909
2011-11-24,,,,,,,,
2011-11-25,106.08,96.91,93.1455,6.3802,77.66,1162.0,1.3244,0.7550588945937783
2011-11-28,109.38,98.21,92.4983,6.3839,78.05,1152.5,1.3334,0.7499625018749063
2011-11-29,111.25,99.79,92.2163,6.3769,77.86,1139.5,1.3343,0.7494566439331485
2011-11-30,111.22,100.36,91.4728,6.3765,77.58,1140.05,1.3453,0.7433286255853713
2011-12-01,108.83,100.2,91.227,6.3655,77.6,1126.55,1.3487,0.7414547341884777
2011-12-02,109.59,100.97,91.3532,6.3596,77.88,1128.0,1.3386,0.7470491558344539
2011-12-05,110.18,100.94,91.1087,6.3629,77.77,1124.5,1.3463,0.7427764985515858
2011-12-06,110.16,101.25,91.2817,6.3645,77.73,1128.5,1.3397,0.7464357692020602
2011-12-07,110.07,100.45,91.2331,6.3642,77.69,1129.05,1.3386,0.7470491558344539
2011-12-08,108.23,98.35,91.668,6.3618,77.67,1133.55,1.3324,0.7505253677574302
2011-12-09,107.91,99.4,91.6122,6.3641,77.58,1146.6,1.3368,0.7480550568521843
2011-12-12,107.82,97.77,92.3375,6.3604,77.87,1149.2,1.3188,0.7582650894752806
2011-12-13,109.25,100.24,92.5456,6.3648,77.86,1157.0,1.3094,0.7637085688101422
2011-12-14,105.72,94.92,93.2176,6.371,78.08,1158.3,1.2972,0.7708911501695961
2011-12-15,104.52,93.84,92.8858,6.3733,77.87,1156.95,1.3013,0.7684623069238454
2011-12-16,104.0,93.55,92.8252,6.3479,77.65,1158.5,1.3025,0.7677543186180422
2011-12-19,104.55,93.86,92.8685,6.3376,77.96,1175.5,1.3017,0.7682261657832066
2011-12-20,107.8,97.16,92.432,6.3459,77.76,1157.0,1.3076,0.7647598654022636
2011-12-21,108.0,98.54,92.5262,6.3386,78.0,1150.8,1.304,0.7668711656441718
2011-12-22,108.98,99.42,92.3883,6.3392,78.13,1154.0,1.3045,0.7665772326561902
2011-12-23,109.28,99.72,92.3897,6.3364,78.13,1149.0,1.304,0.7668711656441718
2011-12-26,,,,,,,,
2011-12-27,,101.29,92.4137,6.321,77.83,1155.65,1.3074,0.764876854826373
2011-12-28,107.54,99.44,92.8374,6.3211,77.98,1157.0,1.2926,0.7736345350456445
2011-12-29,106.89,99.68,92.7398,6.3187,77.71,1156.5,1.2952,0.7720815318097591
2011-12-30,108.09,98.83,92.4262,6.2939,76.98,1158.5,1.2973,0.7708317274339013
2012-01-02,,,,,,,,
2012-01-03,111.12,102.96,91.7551,6.294,76.67,1143.7,1.3061,0.7656381594058648
2012-01-04,113.37,103.22,92.0345,6.2941,76.68,1147.35,1.293,0.7733952049497294
2012-01-05,113.59,101.81,92.5773,6.3013,77.18,1155.55,1.2783,0.7822889775483064
2012-01-06,111.96,101.56,92.7183,6.3088,77.06,1160.0,1.2723,0.7859781498074354
2012-01-09,111.07,101.31,92.7418,6.3143,76.88,1158.8,1.2745,0.7846214201647705
2012-01-10,113.3,102.24,92.2461,6.3141,76.84,1153.55,1.2782,0.7823501799405413
2012-01-11,111.66,100.89,92.554,6.3149,76.9,1159.55,1.2686,0.7882705344474223
2012-01-12,112.97,99.03,92.2274,6.3177,76.76,1151.25,1.2818,0.7801529099703541
2012-01-13,109.88,98.69,92.5385,6.3065,76.9,1150.35,1.2682,0.7885191610156127
2012-01-16,,,,,,,,
2012-01-17,110.55,100.7,92.0142,6.3136,76.8,1142.85,1.274,0.7849293563579278
2012-01-18,109.81,100.61,91.6943,6.3109,76.81,1139.0,1.2825,0.7797270955165693
2012-01-19,109.54,100.32,91.3316,6.3162,77.23,1133.6,1.2937,0.7729767334003246
2012-01-20,108.5,98.15,91.3661,6.333,76.97,1133.0,1.2948,0.7723200494284832
2012-01-23,109.46,99.47,90.986,6.333,76.92,1125.4,1.3035,0.7671653241273494
2012-01-24,108.38,98.84,91.181,6.333,77.78,1129.25,1.3004,0.7689941556444171
2012-01-25,108.48,99.23,91.277,6.333,78.13,1129.05,1.2978,0.7705347511172753
2012-01-26,109.08,99.76,90.3962,6.333,77.47,1120.1,1.3152,0.7603406326034063
2012-01-27,110.5,99.47,90.2559,6.333,76.68,1120.5,1.3192,0.7580351728320195
2012-01-30,110.24,98.75,90.4762,6.331,76.28,1128.0,1.3123,0.7620208793720947
2012-01-31,110.26,98.46,90.5538,6.308,76.34,1125.7,1.3053,0.7661074082586379
2012-02-01,111.96,97.63,90.0963,6.3076,76.11,1126.35,1.3179,0.758782912208817
2012-02-02,110.96,96.36,89.8765,6.3017,76.13,1115.65,1.3167,0.75947444368497
2012-02-03,112.56,97.8,89.8491,6.3027,76.54,1116.0,1.3106,0.7630093087135663
2012-02-06,115.47,96.89,89.7907,6.312,76.54,1121.0,1.313,0.7616146230007617
2012-02-07,116.86,98.55,89.5968,6.3046,76.88,1117.0,1.3244,0.7550588945937783
2012-02-08,117.18,98.8,89.6555,6.2938,76.9,1116.4,1.3253,0.7545461404964914
2012-02-09,118.4,99.88,89.6246,6.2947,77.42,1118.55,1.3297,0.7520493344363389
2012-02-10,118.13,98.68,90.1024,6.2991,77.57,1123.0,1.3187,0.758322590429969
2012-02-13,118.73,100.39,89.8895,6.2972,77.52,1119.95,1.3211,0.7569449701006737
2012-02-14,118.3,100.82,90.1919,6.2995,78.39,1126.55,1.3149,0.7605141075366948
2012-02-15,120.25,101.82,90.1932,6.2998,78.22,1124.65,1.3087,0.7641170627340108
2012-02-16,121.0,102.33,90.3109,6.3014,78.77,1128.65,1.311,0.7627765064836003
2012-02-17,120.69,103.27,90.23,6.2985,79.33,1126.25,1.3149,0.7605141075366948
2012-02-20,,,,,,,,
2012-02-21,120.85,105.88,90.0117,6.296,79.73,1124.25,1.3255,0.7544322897019993
2012-02-22,123.07,105.99,90.2472,6.296,80.3,1126.45,1.3251,0.7546600256584409
2012-02-23,124.53,107.44,90.1108,6.298,80.21,1128.9,1.3308,0.7514277126540427
2012-02-24,124.89,109.39,89.9104,6.2976,80.88,1124.0,1.3463,0.7427764985515858
2012-02-27,126.46,108.49,89.9635,6.3012,80.42,1127.25,1.341,0.7457121551081283
2012-02-28,124.02,106.59,89.8103,6.2989,80.44,1125.85,1.3452,0.7433838834374071
2012-02-29,122.23,107.08,89.7487,6.2935,81.1,1117.1,1.3359,0.7485590238790328
2012-03-01,125.76,108.76,89.7817,6.3001,81.16,1116.0,1.332,0.7507507507507507
2012-03-02,125.93,106.68,90.135,6.2982,81.56,1116.5,1.3202,0.7574609907589759
2012-03-05,126.68,106.7,90.2748,6.3066,81.43,1116.0,1.3226,0.7560864962951762
2012-03-06,125.03,104.71,90.8237,6.3082,80.86,1122.64,1.3114,0.7625438462711607
2012-03-07,125.37,106.16,90.6837,6.3097,81.06,1123.7,1.3149,0.7605141075366948
2012-03-08,127.96,106.65,90.2598,6.3159,81.5,1117.2,1.3256,0.7543753771876887
2012-03-09,128.08,107.4,90.4341,6.3109,82.59,1116.0,1.3108,0.7628928898382668
2012-03-12,127.27,106.34,90.6643,6.3258,82.21,1124.15,1.3141,0.7609770945894528
2012-03-13,128.14,106.7,90.5363,6.3266,82.66,1123.45,1.3109,0.7628346937218705
2012-03-14,126.98,105.49,90.9325,6.3315,83.78,1126.1,1.3025,0.7677543186180422
2012-03-15,123.63,105.19,90.7866,6.3282,83.28,1124.85,1.307,0.7651109410864576
2012-03-16,125.09,107.03,90.5245,6.3222,83.34,1125.7,1.3171,0.7592437931819908
2012-03-19,125.76,108.09,90.292,6.3191,83.31,1120.35,1.3242,0.7551729346020238
2012-03-20,124.38,105.68,90.6065,6.3203,83.62,1128.05,1.3222,0.7563152321887763
2012-03-21,123.89,106.87,90.6761,6.3226,83.62,1130.25,1.319,0.7581501137225171
2012-03-22,122.49,104.98,90.8225,6.299,82.5,1134.6,1.3194,0.757920266787934
2012-03-23,125.21,106.43,90.6156,6.3021,82.35,1135.0,1.3263,0.7539772298876574
2012-03-26,125.85,107.07,90.3266,6.3139,82.84,1133.35,1.3328,0.7503001200480193
2012-03-27,125.25,107.32,90.2796,6.3061,83.15,1134.4,1.3336,0.7498500299940013
2012-03-28,124.41,105.4,90.603,6.3044,82.74,1136.3,1.33,0.7518796992481203
2012-03-29,123.23,102.79,90.7285,6.3057,82.28,1139.75,1.3265,0.7538635506973238
2012-03-30,123.41,103.03,90.4593,6.2975,82.41,1131.4,1.3334,0.7499625018749063
2012-04-02,124.44,105.25,90.247,6.2979,82.16,1125.75,1.3325,0.7504690431519699
2012-04-03,,104.02,90.1921,6.2975,82.18,1122.35,1.3337,0.7497938067031565
2012-04-04,123.04,101.53,90.8284,6.2975,82.62,1131.25,1.3126,0.7618467164406522
2012-04-05,123.58,103.29,90.8781,6.3123,82.33,1129.5,1.3064,0.7654623392529087
2012-04-06,,,90.9375,6.3052,81.56,1131.75,1.3089,0.7640003056001222
2012-04-09,,102.45,90.9624,6.31,81.36,1138.1,1.3087,0.7641170627340108
2012-04-10,121.89,101.12,91.2728,6.3105,80.94,1139.5,1.3068,0.7652280379553107
2012-04-11,120.41,102.66,91.1768,6.3076,80.88,1143.35,1.3104,0.7631257631257631
2012-04-12,120.57,103.69,90.7694,6.3069,80.87,1137.4,1.3171,0.7592437931819908
2012-04-13,120.62,102.84,91.0558,6.3022,80.99,1134.2,1.3082,0.7644091117566121
2012-04-16,118.23,102.92,91.2355,6.315,80.46,1138.0,1.3067,0.7652865998316369
2012-04-17,117.41,104.23,90.7661,6.3015,80.72,1134.75,1.3123,0.7620208793720947
2012-04-18,115.18,102.65,90.9326,6.3026,81.29,1139.35,1.3122,0.7620789513793629
2012-04-19,117.0,102.38,91.0833,6.3029,81.57,1138.2,1.3132,0.7614986293024673
2012-04-20,118.08,103.58,90.8066,6.308,81.6,1138.1,1.3212,0.7568876778686043
2012-04-23,116.66,102.68,91.079,6.3084,81.16,1142.5,1.3129,0.7616726331022926
2012-04-24,117.74,103.1,90.8153,6.3073,81.21,1138.4,1.3207,0.7571742257893541
2012-04-25,117.45,103.72,90.756,6.3039,81.33,1139.0,1.321,0.757002271006813
2012-04-26,119.33,104.56,90.6428,6.3054,80.78,1133.0,1.3232,0.7557436517533254
2012-04-27,119.3,104.86,90.3269,6.3093,80.48,1131.0,1.3248,0.7548309178743962
2012-04-30,118.66,104.89,90.3634,6.279,79.81,1130.05,1.3229,0.7559150351500492
2012-05-01,119.57,106.17,90.3227,6.3089,80.17,1128.35,1.3226,0.7560864962951762
2012-05-02,117.57,105.25,90.6144,6.307,80.19,1129.1,1.3154,0.7602250266078759
2012-05-03,115.91,102.56,90.6839,6.3052,80.36,1130.4,1.3147,0.7606298014756219
2012-05-04,111.66,98.49,91.0497,6.3059,79.84,1134.25,1.3091,0.7638835841417768
2012-05-07,,97.86,91.0747,6.3074,79.88,1138.0,1.3052,0.7661661048115231
2012-05-08,110.48,97.13,91.4107,6.3076,79.79,1138.46,1.3015,0.768344218209758
2012-05-09,111.89,96.8,91.7632,6.3096,79.64,1143.95,1.2954,0.771962328238382
2012-05-10,112.24,97.1,91.7077,6.314,79.91,1142.15,1.2959,0.7716644802839725
2012-05-11,112.5,96.03,91.7306,6.3097,79.86,1146.15,1.2937,0.7729767334003246
2012-05-14,110.79,94.75,92.2491,6.321,79.83,1153.5,1.2847,0.7783918424534911
2012-05-15,111.4,93.97,92.5235,6.3176,80.09,1156.1,1.2769,0.783146683373796
2012-05-16,109.8,92.78,92.903,6.3227,80.32,1166.25,1.273,0.7855459544383347
2012-05-17,109.31,92.53,92.9632,6.3247,79.26,1165.75,1.2709,0.7868439688409788
2012-05-18,108.03,91.51,93.1395,6.3245,79.14,1170.0,1.2721,0.7861017215627703
2012-05-21,109.02,92.57,93.0945,6.3277,79.31,1167.0,1.2769,0.783146683373796
2012-05-22,109.76,91.44,93.1113,6.3223,79.98,1165.0,1.2735,0.7852375343541421
2012-05-23,106.88,89.4,93.8855,6.3343,79.33,1174.85,1.2569,0.7956082425013924
2012-05-24,107.2,90.36,93.8027,6.3449,79.47,1176.72,1.2583,0.7947230390209012
2012-05-25,107.86,90.64,93.9488,6.3439,79.64,1185.0,1.2518,0.7988496564946477
2012-05-28,,,,,,,,
2012-05-29,107.55,90.75,93.875,6.3478,79.44,1175.82,1.2488,0.800768737988469
2012-05-30,103.85,87.79,94.302,6.3574,78.93,1180.41,1.2405,0.8061265618702137
2012-05-31,103.86,86.52,94.6856,6.3684,78.29,1180.0,1.2364,0.8087997411840828
2012-06-01,98.63,83.17,94.6979,6.3692,78.21,1182.0,1.242,0.8051529790660226
2012-06-04,97.74,83.95,94.5184,6.3641,78.3,1178.99,1.2495,0.8003201280512204
2012-06-05,98.65,84.31,94.6184,6.367,78.57,1177.08,1.2437,0.804052424218059
2012-06-06,101.14,85.05,94.0362,6.3634,79.11,1173.89,1.2535,0.7977662544874351
2012-06-07,100.05,84.78,93.774,6.3634,79.67,1162.75,1.2568,0.795671546785487
2012-06-08,97.57,84.08,94.2024,6.37,79.47,1173.59,1.2482,0.801153661272232
2012-06-11,98.6,82.58,94.0369,6.369,79.5,1171.0,1.2504,0.799744081893794
2012-06-12,96.59,83.35,94.0693,6.3703,79.44,1168.5,1.2477,0.8014747134727899
2012-06-13,97.29,82.56,93.8309,6.3685,79.35,1166.23,1.2596,0.7939028262940616
2012-06-14,96.46,83.83,93.8152,6.3702,79.29,1163.78,1.2608,0.7931472081218275
2012-06-15,97.13,84.03,93.5203,6.3649,78.65,1164.25,1.2633,0.7915776141850708
2012-06-18,95.21,83.26,93.6431,6.3539,78.95,1157.0,1.2578,0.7950389569088885
2012-06-19,95.14,83.99,93.0524,6.3542,78.92,1153.0,1.2692,0.7878978884336589
2012-06-20,93.5,81.06,93.1602,6.3597,79.54,1151.37,1.2703,0.7872156183578682
2012-06-21,89.22,77.91,93.6378,6.3644,80.18,1153.75,1.2586,0.794533608771651
2012-06-22,89.22,79.33,93.9205,6.3644,80.52,1158.34,1.2545,0.7971303308090874
2012-06-25,88.69,78.76,94.1757,6.3631,79.5,1163.25,1.248,0.8012820512820513
2012-06-26,90.19,79.34,93.9859,6.3626,79.46,1157.6,1.2471,0.8018603159329644
2012-06-27,92.06,80.27,93.8728,6.3561,79.83,1156.01,1.2457,0.8027614995584812
2012-06-28,91.02,77.72,94.0203,6.357,79.35,1157.61,1.2433,0.804311107536395
2012-06-29,94.17,85.04,92.9096,6.353,79.81,1141.17,1.2668,0.7893905904641617
2012-07-02,95.28,83.72,92.951,6.3487,79.42,1143.4,1.2584,0.7946598855689765
2012-07-03,99.89,87.74,92.6508,6.3519,79.77,1133.0,1.262,0.7923930269413629
2012-07-04,,,,,,,,
2012-07-05,101.54,87.11,93.2211,6.3557,79.95,1133.54,1.2384,0.8074935400516796
2012-07-06,98.5,84.37,93.7087,6.364,79.61,1140.3,1.2283,0.8141333550435562
2012-07-09,99.94,85.93,93.6974,6.3709,79.66,1141.88,1.2299,0.8130742336775347
2012-07-10,99.15,83.92,93.5552,6.3654,79.44,1140.63,1.2255,0.8159934720522236
2012-07-11,99.23,85.88,93.5981,6.3682,79.7,1140.5,1.2244,0.8167265599477296
2012-07-12,99.18,86.02,93.9298,6.3732,79.29,1154.04,1.2199,0.8197393228953193
2012-07-13,101.91,87.15,93.5515,6.3789,79.2,1147.53,1.2232,0.8175277959450621
2012-07-16,102.1,88.41,93.3746,6.3784,78.8,1146.18,1.2267,0.8151952392598028
2012-07-17,104.21,89.07,93.3479,6.3725,79.04,1144.83,1.2234,0.8173941474579042
2012-07-18,105.92,89.88,93.0973,6.369,78.79,1141.34,1.2261,0.8155941603458119
2012-07-19,107.79,92.78,93.0438,6.3724,78.6,1138.3,1.2257,0.8158603247124092
2012-07-20,106.98,91.56,93.3653,6.3734,78.49,1142.0,1.2176,0.8212877792378449
2012-07-23,103.91,87.77,93.9297,6.3856,78.38,1151.03,1.2126,0.8246742536698005
2012-07-24,103.57,88.28,94.2635,6.3857,78.19,1148.78,1.2062,0.8290499088045101
2012-07-25,102.35,88.8,94.0564,6.3879,78.21,1148.89,1.2132,0.8242664029014177
2012-07-26,104.77,89.4,93.3595,6.3839,78.24,1146.17,1.228,0.8143322475570033
2012-07-27,106.3,90.13,92.9333,6.3807,78.55,1138.01,1.237,0.8084074373484236
2012-07-30,106.54,89.8,93.0524,6.3792,78.2,1137.22,1.225,0.8163265306122448
2012-07-31,105.93,88.08,92.8422,6.361,78.1,1130.27,1.2315,0.8120178643930166
2012-08-01,106.78,88.99,92.8905,6.368,78.19,1126.56,1.2299,0.8130742336775347
2012-08-02,107.55,87.22,93.4269,6.3671,78.22,1131.58,1.2149,0.823113013416742
2012-08-03,109.57,91.4,92.6048,6.3721,78.6,1134.25,1.239,0.8071025020177562
2012-08-06,110.01,92.3,92.4339,6.3738,78.17,1127.93,1.2422,0.8050233456770246
2012-08-07,112.39,93.68,92.5128,6.3664,78.71,1128.7,1.2422,0.8050233456770246
2012-08-08,113.42,93.39,92.5407,6.361,78.44,1129.77,1.2364,0.8087997411840828
2012-08-09,113.52,93.39,92.6057,6.3579,78.64,1126.0,1.2278,0.8144648965629582
2012-08-10,113.13,92.94,92.5129,6.3599,78.24,1130.75,1.2298,0.813140348024069
2012-08-13,114.48,92.76,92.5955,6.3611,78.34,1128.73,1.2339,0.8104384471999352
2012-08-14,113.9,93.4,92.6152,6.3586,78.82,1130.24,1.2329,0.8110957904128477
2012-08-15,115.51,94.35,92.6838,6.3619,78.89,1130.08,1.2288,0.8138020833333334
2012-08-16,116.12,95.66,92.5737,6.3659,79.25,1133.19,1.2356,0.8093234056328908
2012-08-17,115.2,96.0,92.711,6.358,79.5,1134.72,1.2315,0.8120178643930166
2012-08-20,115.5,96.03,92.6263,6.3592,79.41,1134.93,1.2343,0.8101758081503687
2012-08-21,116.03,96.55,92.3053,6.3559,79.43,1130.37,1.2472,0.8017960230917254
2012-08-22,115.77,96.89,92.4362,6.3515,79.19,1135.56,1.2472,0.8017960230917254
2012-08-23,117.45,95.87,92.1057,6.3535,78.46,1131.35,1.2583,0.7947230390209012
2012-08-24,115.76,95.78,92.2785,6.3542,78.65,1134.15,1.2533,0.7978935609989627
2012-08-27,113.74,95.54,92.3135,6.3558,78.67,1134.49,1.2514,0.799105002397315
2012-08-28,112.62,96.3,92.2033,6.3525,78.5,1134.45,1.2564,0.795924864692773
2012-08-29,112.53,95.5,92.3823,6.3513,78.72,1134.97,1.2538,0.7975753708725475
2012-08-30,112.28,94.61,92.6239,6.3494,78.55,1134.18,1.2497,0.8001920460910619
2012-08-31,113.93,96.47,92.1677,6.3484,78.3,1133.2,1.2578,0.7950389569088885
2012-09-03,,,,,,,,
2012-09-04,114.98,95.34,92.1582,6.3465,78.35,1133.23,1.2566,0.7957981855801369
2012-09-05,113.32,95.37,92.1262,6.3489,78.34,1135.96,1.2603,0.7934618741569468
2012-09-06,114.5,95.58,91.8973,6.3428,78.96,1133.45,1.2626,0.7920164739426581
2012-09-07,113.64,96.41,91.3469,6.3428,78.14,1129.85,1.2796,0.7814942169427945
2012-09-10,113.84,96.52,91.3102,6.3375,78.24,1128.55,1.2795,0.7815552950371238
2012-09-11,114.86,97.03,91.0575,6.3349,77.78,1127.94,1.2858,0.7777259293824855
2012-09-12,114.86,97.02,91.0477,6.3261,77.86,1126.6,1.2894,0.7755545214828602
2012-09-13,116.0,98.3,90.9632,6.3294,77.41,1128.49,1.2912,0.7744733581164809
2012-09-14,117.48,98.94,90.1436,6.3145,78.22,1116.65,1.3142,0.7609191903819814
2012-09-17,116.7,96.51,90.2837,6.317,78.68,1116.39,1.3125,0.7619047619047619
2012-09-18,113.29,95.25,90.5029,6.3187,78.59,1117.95,1.3051,0.7662248103593595
2012-09-19,108.49,91.97,90.4646,6.3091,78.4,1115.74,1.3065,0.7654037504783774
2012-09-20,109.41,92.14,90.7631,6.3036,78.3,1121.25,1.2948,0.7723200494284832
2012-09-21,111.27,92.64,90.5342,6.3051,78.17,1118.7,1.299,0.7698229407236336
2012-09-24,109.2,91.68,90.8263,6.309,77.9,1120.34,1.2909,0.7746533426291735
2012-09-25,110.77,91.07,90.6074,6.3057,77.91,1119.3,1.2945,0.772499034376207
2012-09-26,108.99,89.92,91.0028,6.3015,77.78,1119.2,1.2852,0.7780890133831311
2012-09-27,111.45,91.89,90.7538,6.3021,77.62,1116.03,1.2874,0.7767593599502873
2012-09-28,111.36,92.18,90.8342,6.2848,77.92,1111.21,1.2856,0.7778469197261978
2012-10-01,112.58,92.44,90.7011,6.284,78.0,1112.29,1.29,0.7751937984496123
2012-10-02,112.49,91.88,90.644,6.284,78.01,1112.5,1.2951,0.7721411474017451
2012-10-03,109.32,88.19,90.8726,6.284,78.57,1112.88,1.2909,0.7746533426291735
2012-10-04,110.48,91.69,90.4932,6.284,78.44,1111.6,1.3001,0.7691716021844474
2012-10-05,112.17,89.87,90.2851,6.284,78.66,1107.0,1.3059,0.7657554177195803
2012-10-08,112.6,89.43,,,,,,
2012-10-09,114.32,92.42,90.8703,6.2877,78.23,1111.22,1.2876,0.7766387076731904
2012-10-10,116.11,91.24,90.883,6.2831,78.26,1114.61,1.2888,0.7759155803848542
2012-10-11,116.18,92.19,90.7437,6.2765,78.44,1112.07,1.2928,0.7735148514851485
2012-10-12,115.17,91.83,90.6833,6.267,78.31,1110.5,1.2946,0.7724393635099644
2012-10-15,115.0,91.84,90.6409,6.27,78.76,1110.24,1.295,0.7722007722007722
2012-10-16,115.0,92.07,90.5583,6.2637,78.92,1106.1,1.3036,0.7671064743786437
2012-10-17,113.49,92.04,90.2309,6.254,78.74,1104.74,1.3133,0.7614406457016676
2012-10-18,112.58,92.0,90.3804,6.2501,79.24,1104.66,1.3106,0.7630093087135663
2012-10-19,111.89,90.0,90.8107,6.2533,79.26,1105.51,1.3022,0.7679311933650744
2012-10-22,109.62,88.3,90.7911,6.2543,79.84,1103.98,1.3063,0.7655209369976269
2012-10-23,107.53,86.65,91.0945,6.2478,79.79,1103.1,1.2971,0.7709505820676895
2012-10-24,107.66,85.39,91.1275,6.2478,79.82,1103.12,1.2946,0.7724393635099644
2012-10-25,107.64,85.59,91.02,6.2416,80.04,1098.0,1.2958,0.7717240314863405
2012-10-26,108.9,85.84,91.1411,6.248,79.63,1097.03,1.2938,0.7729169887154119
2012-10-29,109.33,85.52,,6.2384,79.81,1095.76,1.2906,0.7748334108166745
2012-10-30,109.4,85.65,,6.2396,79.58,1091.33,1.2979,0.7704753833115031
2012-10-31,109.89,86.23,91.1609,6.2372,79.94,1090.17,1.2958,0.7717240314863405
2012-11-01,108.84,87.05,91.1217,6.2393,80.14,1090.27,1.2937,0.7729767334003246
2012-11-02,106.79,84.9,91.281,6.2411,80.53,1090.7,1.2848,0.7783312577833126
2012-11-05,105.59,85.64,91.4778,6.2452,80.17,1091.0,1.279,0.7818608287724785
2012-11-06,109.27,88.62,91.2908,6.2454,80.28,1090.19,1.2818,0.7801529099703541
2012-11-07,108.21,84.5,91.4514,6.2435,79.85,1086.5,1.2759,0.7837604827964574
2012-11-08,107.23,85.07,91.5375,6.2427,79.74,1089.23,1.274,0.7849293563579278
2012-11-09,108.61,86.08,91.6871,6.245,79.46,1087.76,1.2715,0.7864726700747149
2012-11-12,110.23,85.56,,,,,,
2012-11-13,108.82,85.38,91.7356,6.226,79.42,1089.44,1.2716,0.786410821012897
2012-11-14,109.66,86.32,91.7942,6.225,80.2,1086.0,1.274,0.7849293563579278
2012-11-15,110.07,85.45,91.8837,6.2329,81.16,1088.5,1.2783,0.7822889775483064
2012-11-16,106.81,86.62,92.0095,6.2354,81.28,1091.77,1.2715,0.7864726700747149
2012-11-19,110.06,89.05,91.5653,6.2343,81.18,1085.97,1.2806,0.7808839606434484
2012-11-20,110.01,86.46,91.556,6.2324,81.72,1082.58,1.2814,0.7803964413922272
2012-11-21,110.81,87.08,91.6645,6.23,82.36,1082.0,1.2816,0.780274656679151
2012-11-22,,,,,,,,
2012-11-23,110.14,87.01,91.2616,6.2275,82.34,1085.0,1.2959,0.7716644802839725
2012-11-26,110.18,87.28,91.2789,6.2253,82.11,1085.62,1.2966,0.7712478790683326
2012-11-27,109.33,86.81,91.2608,6.2221,82.23,1086.25,1.294,0.7727975270479134
2012-11-28,108.26,86.1,91.33,6.2273,81.84,1085.35,1.2923,0.773814129846011
2012-11-29,110.47,87.64,91.2104,6.2281,82.06,1083.17,1.2953,0.7720219254226821
2012-11-30,110.84,88.54,91.1038,6.2265,82.54,1081.75,1.301,0.7686395080707149
2012-12-03,111.27,88.69,91.0084,6.2277,82.24,1082.65,1.3066,0.765345170671973
2012-12-04,109.99,88.04,90.9748,6.2254,81.86,1083.69,1.3081,0.7644675483525724
2012-12-05,108.96,87.36,90.9423,6.2251,82.4,1081.99,1.3077,0.7647013841095052
2012-12-06,108.01,85.47,91.0629,6.2282,82.29,1083.3,1.2968,0.7711289327575571
2012-12-07,107.16,85.45,91.0437,6.2299,82.37,1081.56,1.2942,0.7726781023025807
2012-12-10,108.25,85.14,90.9631,6.2296,82.37,1077.43,1.293,0.7733952049497294
2012-12-11,107.6,85.36,90.8403,6.246,82.42,1074.85,1.2992,0.769704433497537
2012-12-12,110.17,86.35,90.7708,6.2502,83.1,1073.35,1.3038,0.7669888019634913
2012-12-13,110.18,85.39,90.776,6.2316,83.54,1073.9,1.3077,0.7647013841095052
2012-12-14,109.28,86.32,90.7156,6.241,83.52,1074.74,1.3134,0.7613826709304097
2012-12-17,109.35,86.71,90.6193,6.236,83.7,1072.3,1.3169,0.7593591009188245
2012-12-18,109.96,87.46,90.5161,6.2322,84.0,1072.75,1.3224,0.7562008469449486
2012-12-19,109.95,89.09,90.4896,6.2293,84.32,1071.4,1.326,0.7541478129713424
2012-12-20,110.57,89.76,90.6002,6.2297,84.33,1074.3,1.3224,0.7562008469449486
2012-12-21,109.13,88.2,90.9597,6.2284,84.1,1075.4,1.3166,0.7595321282090233
2012-12-24,108.44,88.29,91.0354,6.2335,84.81,1073.24,1.3179,0.758782912208817
2012-12-25,,,,,,,,
2012-12-26,110.72,90.71,91.0606,6.2351,85.62,1072.29,1.3228,0.7559721802237678
2012-12-27,110.04,90.91,91.1037,6.2358,86.06,1071.67,1.3228,0.7559721802237678
2012-12-28,110.05,90.66,91.0419,6.2315,86.12,1070.4,1.322,0.75642965204236
2012-12-31,110.8,91.83,91.0834,6.2301,86.64,1063.24,1.3186,0.7583801001061732
2013-01-01,,,,,,,,
2013-01-02,112.98,93.14,90.6941,6.2301,87.1,1063.3,1.3195,0.7578628268283442
2013-01-03,113.03,92.97,90.8097,6.2301,86.92,1062.95,1.311,0.7627765064836003
2013-01-04,112.58,93.12,91.1025,6.2303,88.14,1062.0,1.3047,0.7664597225415805
2013-01-07,112.49,93.2,90.9852,6.2294,87.68,1062.5,1.3099,0.7634170547370028
2013-01-08,113.03,93.21,91.057,6.2235,87.31,1063.5,1.3068,0.7652280379553107
2013-01-09,113.07,93.08,91.0088,6.226,87.9,1060.1,1.3078,0.7646429117602079
2013-01-10,112.97,93.81,90.6425,6.223,88.16,1058.12,1.322,0.75642965204236
2013-01-11,110.3,93.6,90.5352,6.2156,89.22,1056.09,1.3353,0.7488953793155096
2013-01-14,111.32,94.27,90.4935,6.219,89.34,1056.0,1.3369,0.7479991024010771
2013-01-15,111.72,93.26,90.5191,6.2134,88.65,1057.62,1.3342,0.749512816669165
2013-01-16,110.97,94.28,90.596,6.216,88.64,1058.35,1.3305,0.7515971439308531
2013-01-17,111.01,95.49,90.5401,6.2158,89.41,1057.82,1.3356,0.7487271638215035
2013-01-18,111.71,95.61,90.8697,6.2152,89.9,1058.4,1.3303,0.7517101405697962
2013-01-21,,,,,,,,
2013-01-22,112.72,96.09,90.7892,6.2196,88.62,1062.95,1.3304,0.751653638003608
2013-01-23,113.68,95.06,90.8376,6.2178,88.44,1067.02,1.3308,0.7514277126540427
2013-01-24,114.59,95.35,90.9112,6.2179,90.04,1067.95,1.3378,0.7474958887726117
2013-01-25,113.88,95.15,91.0868,6.2203,91.04,1075.33,1.3456,0.7431629013079668
2013-01-28,113.92,95.95,91.2354,6.224,90.73,1091.22,1.3459,0.7429972509101715
2013-01-29,115.22,97.62,90.9406,6.2259,90.65,1082.4,1.3484,0.7416196974191634
2013-01-30,115.42,97.98,90.8836,6.2204,91.05,1085.85,1.3564,0.7372456502506635
2013-01-31,115.55,97.65,90.798,6.2186,91.28,1087.46,1.3584,0.7361601884570083
2013-02-01,115.55,97.46,90.6923,6.2265,92.54,1094.79,1.3692,0.7303534910896874
2013-02-04,116.06,96.21,90.9774,6.2326,92.57,1089.35,1.3527,0.7392622163081245
2013-02-05,117.03,96.68,90.881,6.2292,93.34,1086.17,1.3569,0.7369739848183359
2013-02-06,116.61,96.44,91.0176,6.2315,93.56,1089.0,1.3528,0.7392075694855116
2013-02-07,117.17,95.84,91.2912,6.2323,93.24,1090.15,1.3382,0.7472724555372888
2013-02-08,118.9,95.71,91.3056,6.2323,92.72,1095.65,1.3366,0.7481669908723627
2013-02-11,118.29,97.01,91.4451,6.2323,93.44,1095.5,1.3414,0.7454897867899211
2013-02-12,117.89,97.48,91.2779,6.2323,93.14,1093.13,1.345,0.7434944237918216
2013-02-13,118.43,97.03,91.2709,6.2323,93.39,1085.72,1.3448,0.74360499702558
2013-02-14,118.48,97.3,91.366,6.2323,93.1,1085.14,1.3334,0.7499625018749063
2013-02-15,117.4,95.95,91.4551,6.2323,93.64,1078.22,1.3362,0.74839095943721
2013-02-18,,,,,,,,
2013-02-19,117.04,96.69,91.5073,6.2438,93.54,1079.65,1.3387,0.7469933517591694
2013-02-20,116.23,94.92,91.6689,6.2371,93.53,1079.85,1.335,0.7490636704119851
2013-02-21,114.19,92.79,92.0394,6.2403,92.96,1086.8,1.3204,0.7573462587094819
2013-02-22,113.74,93.12,92.1197,6.2346,93.35,1085.03,1.3166,0.7595321282090233
2013-02-25,114.55,92.74,92.1975,6.2337,93.35,1086.0,1.3172,0.7591861524445794
2013-02-26,112.96,92.63,92.4247,6.2293,91.38,1089.82,1.3054,0.7660487206986365
2013-02-27,112.24,92.84,92.234,6.2271,91.88,1084.99,1.3104,0.7631257631257631
2013-02-28,112.2,92.03,92.295,6.2213,92.36,1083.9,1.3079,0.7645844483523204
2013-03-01,110.14,90.71,92.6177,6.2226,93.38,1083.9,1.2988,0.769941484447182
2013-03-04,109.9,90.13,92.6316,6.2246,93.32,1090.8,1.2996,0.7694675284702985
2013-03-05,110.42,90.88,92.4965,6.2208,93.39,1086.58,1.3019,0.7681081496274675
2013-03-06,110.27,90.47,,6.2173,93.64,1084.36,1.299,0.7698229407236336
2013-03-07,110.42,91.53,92.5462,6.22,95.0,1087.49,1.3098,0.7634753397465261
2013-03-08,108.91,92.01,92.6252,6.2145,96.0,1089.15,1.2992,0.769704433497537
2013-03-11,108.64,92.07,92.5351,6.2179,96.12,1093.9,1.3014,0.7684032580298141
2013-03-12,108.48,92.44,92.3853,6.216,95.96,1095.28,1.3023,0.7678722260615833
2013-03-13,107.51,92.47,92.4709,6.2137,96.0,1098.42,1.2949,0.7722604062089737
2013-03-14,108.1,93.03,92.4695,6.2145,96.16,1107.49,1.2974,0.7707723138584861
2013-03-15,109.32,93.49,92.128,6.2133,95.26,1110.62,1.3076,0.7647598654022636
2013-03-18,108.54,93.71,92.3377,6.2156,94.92,1114.19,1.2956,0.7718431614695893
2013-03-19,106.91,92.44,92.526,6.2154,94.85,1112.93,1.2888,0.7759155803848542
2013-03-20,108.27,93.21,92.4141,6.2117,95.51,1115.62,1.295,0.7722007722007722
2013-03-21,106.41,92.46,92.3322,6.2141,95.06,1115.41,1.2928,0.7735148514851485
2013-03-22,106.51,93.41,92.2051,6.212,94.48,1119.2,1.2996,0.7694675284702985
2013-03-25,106.66,94.55,92.3081,6.2105,94.34,1110.88,1.2881,0.7763372408974458
2013-03-26,107.1,95.99,92.232,6.2108,94.22,1107.36,1.2858,0.7777259293824855
2013-03-27,108.51,96.53,92.446,6.2138,94.38,1111.09,1.2782,0.7823501799405413
2013-03-28,108.46,97.24,92.2544,6.2143,94.02,1113.14,1.2842,0.778694907335306
2013-03-29,,,92.302,6.2108,94.16,1112.48,1.2816,0.780274656679151
2013-04-01,108.76,97.1,92.1687,6.2078,93.3,1114.38,1.2857,0.7777864198491093
2013-04-02,109.66,97.23,92.1432,6.1992,93.43,1117.87,1.2836,0.779058896852602
2013-04-03,107.82,95.02,92.104,6.1962,92.96,1116.68,1.2847,0.7783918424534911
2013-04-04,105.09,93.26,92.3896,6.2005,96.12,1123.57,1.2854,0.7779679477205539
2013-04-05,103.98,92.76,92.1043,6.2005,96.86,1136.82,1.3027,0.7676364473785215
2013-04-08,103.16,93.36,92.2317,6.2031,98.9,1140.34,1.3008,0.7687576875768758
2013-04-09,104.08,94.18,91.9669,6.2022,99.02,1139.19,1.3092,0.7638252367858235
2013-04-10,104.8,94.59,91.9598,6.1938,99.61,1135.35,1.306,0.7656967840735068
2013-04-11,103.62,93.44,91.6972,6.1961,99.42,1128.85,1.3124,0.7619628162145687
2013-04-12,100.58,91.23,91.7967,6.1914,98.98,1129.24,1.3094,0.7637085688101422
2013-04-15,99.32,88.75,91.9457,6.1866,98.0,1119.0,1.3082,0.7644091117566121
2013-04-16,97.88,88.73,91.8451,6.1824,97.86,1114.0,1.3141,0.7609770945894528
2013-04-17,96.84,86.65,92.1372,6.172,97.74,1121.0,1.3049,0.766342248448157
2013-04-18,97.48,87.83,92.176,6.1811,98.22,1119.48,1.3072,0.7649938800489596
2013-04-19,98.94,88.04,92.2166,6.1772,99.28,1119.03,1.3066,0.765345170671973
2013-04-22,99.07,88.81,92.3591,6.1823,99.29,1119.51,1.305,0.7662835249042146
2013-04-23,99.25,89.21,92.3836,6.179,99.43,1119.53,1.3012,0.7685213648939441
2013-04-24,100.71,91.07,92.4581,6.1782,99.39,1117.94,1.2997,0.7694083249980764
2013-04-25,101.62,93.27,92.0394,6.1707,99.42,1111.35,1.3004,0.7689941556444171
2013-04-26,102.39,92.63,91.9012,6.1647,97.84,1111.1,1.3024,0.7678132678132679
2013-04-29,102.88,94.09,91.6539,6.1647,98.09,1104.0,1.309,0.7639419404125287
2013-04-30,101.53,93.22,91.3741,6.1647,97.52,1101.52,1.3168,0.7594167679222358
2013-05-01,98.34,90.74,91.4331,6.1647,97.28,1100.35,1.3192,0.7580351728320195
2013-05-02,100.32,93.7,91.6174,6.156,97.96,1101.4,1.3066,0.765345170671973
2013-05-03,104.6,95.25,91.5087,6.1555,99.1,1096.67,1.3112,0.762660158633313
2013-05-06,105.0,95.8,91.6387,6.1665,99.35,1094.34,1.3067,0.7652865998316369
2013-05-07,105.18,95.28,91.5201,6.1539,99.0,1090.0,1.3085,0.7642338555598013
2013-05-08,103.79,96.24,91.1848,6.141,98.9,1086.0,1.3177,0.7588980799878576
2013-05-09,103.59,96.09,91.3036,6.1306,99.29,1091.12,1.3105,0.7630675314765357
2013-05-10,101.31,95.81,92.2527,6.1415,101.74,1106.0,1.2955,0.7719027402547278
2013-05-13,102.17,94.76,92.2711,6.1465,101.84,1113.12,1.2981,0.77035667514059
2013-05-14,102.7,93.96,92.3697,6.1426,102.18,1109.62,1.2969,0.7710694733595498
2013-05-15,101.57,93.95,92.7691,6.1454,102.44,1114.62,1.2857,0.7777864198491093
2013-05-16,104.27,94.85,92.6602,6.1487,102.22,1117.54,1.2898,0.7753140021708792
2013-05-17,103.83,95.72,93.1617,6.141,102.98,1117.3,1.2818,0.7801529099703541
2013-05-20,104.55,96.29,93.0359,6.1386,102.54,1118.19,1.2865,0.777302759424796
2013-05-21,103.1,95.55,92.9662,6.1353,102.36,1110.62,1.291,0.774593338497289
2013-05-22,102.14,93.98,93.3104,6.1309,103.52,1113.85,1.2864,0.777363184079602
2013-05-23,100.46,94.12,93.2113,6.1337,101.66,1128.35,1.2944,0.7725587144622992
2013-05-24,101.24,93.84,93.2768,6.1311,100.98,1126.4,1.292,0.7739938080495355
2013-05-27,,,,,,,,
2013-05-28,103.77,94.65,93.5853,6.1213,102.07,1128.07,1.287,0.7770007770007771
2013-05-29,102.14,93.13,93.531,6.1264,100.91,1132.08,1.2944,0.7725587144622992
2013-05-30,101.79,93.57,93.4219,6.1307,101.06,1127.9,1.3042,0.7667535654040791
2013-05-31,100.43,91.93,93.6076,6.134,100.83,1129.34,1.2988,0.769941484447182
2013-06-03,101.63,93.41,93.163,6.1312,99.18,1127.18,1.3098,0.7634753397465261
2013-06-04,102.04,93.36,93.3067,6.1285,100.15,1122.31,1.3075,0.7648183556405354
2013-06-05,103.51,93.66,93.275,6.1276,99.16,1118.55,1.3088,0.7640586797066015
2013-06-06,103.37,94.71,92.809,6.1359,97.76,1118.9,1.3248,0.7548309178743962
2013-06-07,104.07,96.11,92.6056,6.1333,97.2,1117.17,1.3242,0.7551729346020238
2013-06-10,103.87,95.82,92.973,6.1333,98.88,1127.38,1.3234,0.7556294393229561
2013-06-11,101.5,95.5,92.7996,6.1333,96.82,1133.0,1.3278,0.7531254707034192
2013-06-12,103.11,95.98,92.4775,6.1333,95.36,1127.76,1.3354,0.7488392990864161
2013-06-13,103.38,96.66,92.3449,6.1341,94.29,1129.07,1.3314,0.751089079164789
2013-06-14,105.1,97.83,92.1886,6.1306,94.34,1127.2,1.333,0.7501875468867217
2013-06-17,105.8,97.86,92.3332,6.1248,94.87,1127.0,1.3341,0.7495689978262499
2013-06-18,105.21,98.46,92.5432,6.1283,95.2,1134.24,1.3407,0.7458790184232118
2013-06-19,105.56,98.24,92.4755,6.1264,95.22,1130.25,1.3404,0.7460459564309161
2013-06-20,102.72,94.89,94.125,6.1277,98.18,1145.9,1.3214,0.7567731194187983
2013-06-21,100.36,93.81,94.4243,6.1328,97.48,1156.0,1.3113,0.7626019980172348
2013-06-24,99.8,95.07,94.5714,6.1441,97.7,1161.34,1.3091,0.7638835841417768
2013-06-25,101.51,95.25,94.3285,6.1448,97.87,1152.78,1.308,0.764525993883792
2013-06-26,100.62,95.47,94.3807,6.1468,97.43,1155.0,1.3006,0.7688759034291865
2013-06-27,102.74,97.0,94.2429,6.1488,98.4,1147.69,1.3016,0.7682851874615857
2013-06-28,102.49,96.36,94.3047,6.1374,99.21,1141.45,1.301,0.7686395080707149
2013-07-01,103.19,97.94,94.0998,6.1325,99.62,1135.27,1.306,0.7656967840735068
2013-07-02,103.96,99.65,94.4051,6.1327,100.43,1133.8,1.3017,0.7682261657832066
2013-07-03,106.12,101.92,94.4767,6.1301,99.82,1140.95,1.3005,0.7689350249903883
2013-07-04,,,,,,,,
2013-07-05,107.46,103.09,95.0639,6.1324,100.94,1141.65,1.2831,0.7793624814901411
2013-07-08,107.75,103.03,94.9954,6.1337,101.07,1147.94,1.2863,0.7774236181295188
2013-07-09,107.9,103.46,94.9467,6.1293,101.08,1141.25,1.2774,0.7828401440425864
2013-07-10,108.43,106.41,94.7595,6.1336,100.1,1134.66,1.2846,0.7784524365561264
2013-07-11,108.18,104.77,93.949,6.135,98.8,1124.21,1.3046,0.7665184730952016
2013-07-12,109.03,105.85,94.0029,6.1373,99.39,1123.85,1.3048,0.7664009809932557
2013-07-15,109.05,106.2,93.9729,6.1373,100.04,1121.06,1.3039,0.7669299792928905
2013-07-16,109.29,105.88,93.5232,6.1345,99.37,1114.65,1.3144,0.7608034083992696
2013-07-17,109.67,106.39,93.5498,6.1351,99.7,1116.86,1.3094,0.7637085688101422
2013-07-18,109.71,107.94,93.681,6.1408,100.6,1124.08,1.3078,0.7646429117602079
2013-07-19,109.34,108.0,93.4759,6.1377,100.3,1120.43,1.3142,0.7609191903819814
2013-07-22,108.82,106.61,93.2253,6.1404,99.6,1118.46,1.3193,0.7579777154551657
2013-07-23,109.27,107.13,93.1631,6.1369,99.76,1116.66,1.3212,0.7568876778686043
2013-07-24,108.23,105.41,93.3124,6.1358,100.21,1115.52,1.3228,0.7559721802237678
2013-07-25,108.1,105.47,93.2862,6.1346,99.56,1116.15,1.3234,0.7556294393229561
2013-07-26,107.57,104.76,93.1695,6.1316,98.24,1112.55,1.3269,0.7536362951239732
2013-07-29,108.1,104.61,93.1663,6.1323,97.8,1112.21,1.3262,0.7540340823405217
2013-07-30,107.47,103.14,93.3976,6.1315,98.02,1115.79,1.3266,0.7538067239559777
2013-07-31,107.89,105.1,93.5703,6.1284,98.35,1122.66,1.3282,0.7528986598403855
2013-08-01,109.94,107.93,93.7972,6.1302,99.3,1122.99,1.3217,0.7566013467503971
2013-08-02,109.63,106.94,93.5789,6.1293,99.04,1123.85,1.3268,0.753693096171239
2013-08-05,109.81,106.61,93.507,6.1245,98.54,1113.5,1.3257,0.75431847325941
2013-08-06,108.77,105.32,93.3199,6.1215,97.85,1113.81,1.3296,0.7521058965102287
2013-08-07,108.39,104.41,93.2652,6.119,96.72,1117.05,1.3329,0.7502438292445045
2013-08-08,107.32,103.45,92.8483,6.1207,96.03,1112.25,1.3392,0.7467144563918757
2013-08-09,108.49,106.04,92.8394,6.1217,96.24,1111.16,1.3338,0.7497375918428549
2013-08-12,109.28,106.19,92.9178,6.1218,96.44,1113.97,1.3312,0.7512019230769231
2013-08-13,110.69,106.78,93.476,6.1217,98.06,1118.22,1.3247,0.7548878991469766
2013-08-14,110.26,106.89,93.382,6.1191,98.15,1117.9,1.3256,0.7543753771876887
2013-08-15,111.58,107.43,93.5059,6.1123,97.81,1118.0,1.3263,0.7539772298876574
2013-08-16,111.82,107.58,93.4255,6.1145,97.6,1113.04,1.3321,0.7506943923128894
2013-08-19,111.41,107.14,93.6623,6.1227,97.94,1117.88,1.3348,0.7491759065028468
2013-08-20,110.74,104.9,93.5536,6.1241,97.12,1120.6,1.3426,0.7448234768359898
2013-08-21,110.82,103.93,94.0362,6.1229,97.66,1116.86,1.3368,0.7480550568521843
2013-08-22,110.51,104.93,94.2804,6.1206,98.53,1120.92,1.3362,0.74839095943721
2013-08-23,112.12,106.48,93.9466,6.12,98.57,1113.48,1.3392,0.7467144563918757
2013-08-26,112.23,105.88,94.1853,6.1202,98.64,1112.6,1.3369,0.7479991024010771
2013-08-27,115.21,109.11,94.3934,6.1212,97.3,1116.78,1.3387,0.7469933517591694
2013-08-28,116.27,110.17,94.4127,6.1202,97.65,1114.25,1.3326,0.75041272699985
2013-08-29,116.91,108.51,94.6398,6.1203,98.46,1112.19,1.3228,0.7559721802237678
2013-08-30,115.97,107.98,94.7541,6.1193,98.22,1109.42,1.3196,0.7578053955744164
2013-09-02,,,,,,,,
2013-09-03,115.49,108.67,94.9574,6.1204,99.43,1097.75,1.3164,0.7596475235490732
2013-09-04,115.65,107.29,94.5739,6.1199,99.61,1093.77,1.3212,0.7568876778686043
2013-09-05,115.81,108.5,94.8891,6.1194,100.08,1096.8,1.312,0.7621951219512195
2013-09-06,117.15,110.62,94.2487,6.1202,99.04,1091.9,1.3166,0.7595321282090233
2013-09-09,115.2,109.62,94.0009,6.1209,99.55,1086.8,1.326,0.7541478129713424
2013-09-10,112.1,107.48,93.938,6.1195,100.22,1085.43,1.326,0.7541478129713424
2013-09-11,112.37,107.65,93.7112,6.1183,100.08,1085.76,1.3301,0.7518231711901361
2013-09-12,113.11,108.72,93.5903,6.1178,99.24,1082.77,1.3315,0.7510326699211416
2013-09-13,113.31,108.31,93.6666,6.1186,99.38,1085.88,1.3276,0.7532389273877674
2013-09-16,110.86,106.54,93.2875,6.1198,98.98,1081.34,1.335,0.7490636704119851
2013-09-17,109.05,105.36,93.2231,6.1213,99.16,1082.15,1.3357,0.748671108781912
2013-09-18,109.09,108.23,93.2569,6.121,99.04,1081.4,1.3351,0.7490075649764063
2013-09-19,110.66,106.26,92.4082,6.121,99.33,1070.88,1.3527,0.7392622163081245
2013-09-20,110.22,104.7,92.6049,6.121,99.38,1076.02,1.3522,0.7395355716609968
2013-09-23,108.56,103.62,92.613,6.1201,98.76,1073.9,1.352,0.7396449704142012
2013-09-24,107.68,103.22,92.7691,6.1208,98.76,1074.35,1.349,0.7412898443291327
2013-09-25,109.46,102.68,92.7675,6.119,98.62,1076.42,1.3536,0.7387706855791962
2013-09-26,108.86,103.1,93.0096,6.1194,98.95,1075.2,1.3484,0.7416196974191634
2013-09-27,109.45,102.86,92.9747,6.1179,98.3,1074.38,1.3537,0.7387161113983897
2013-09-30,107.85,102.36,92.9207,6.12,98.29,1073.33,1.3535,0.7388252678241596
2013-10-01,107.32,102.09,92.9515,6.12,98.05,1072.9,1.3534,0.7388798581350673
2013-10-02,109.09,104.15,92.772,6.12,97.36,1074.02,1.3592,0.7357268981753973
2013-10-03,109.49,103.29,92.7461,6.12,97.08,1074.02,1.3642,0.7330303474563846
2013-10-04,109.42,103.83,92.6469,6.12,97.2,1070.0,1.3582,0.7362685907819172
2013-10-07,109.66,103.07,92.6725,6.12,97.02,1071.29,1.3569,0.7369739848183359
2013-10-08,110.56,103.54,92.7558,6.1206,96.94,1074.15,1.3582,0.7362685907819172
2013-10-09,109.02,101.63,93.0829,6.1209,97.23,1075.48,1.3513,0.7400281210686006
2013-10-10,111.63,103.08,92.8579,6.1156,98.09,1071.19,1.3535,0.7388252678241596
2013-10-11,110.65,102.17,92.854,6.1204,98.42,1071.55,1.3559,0.7375175160410059
2013-10-14,110.13,102.46,,,,,,
2013-10-15,110.67,101.15,92.7642,6.1026,98.58,1064.33,1.3494,0.7410701052319549
2013-10-16,110.79,102.34,92.6819,6.0996,98.9,1066.0,1.349,0.7412898443291327
2013-10-17,109.55,100.72,92.0246,6.098,97.85,1062.38,1.3664,0.7318501170960187
2013-10-18,109.4,100.87,91.9989,6.0966,97.77,1060.02,1.3693,0.7303001533630322
2013-10-21,109.47,99.28,92.2498,6.0924,98.14,1060.93,1.3672,0.7314218841427735
2013-10-22,109.57,97.63,91.9563,6.0925,98.18,1057.5,1.3778,0.7257947452460445
2013-10-23,107.74,96.9,92.0947,6.0833,97.28,1057.45,1.3786,0.7253735673872044
2013-10-24,106.63,96.65,92.1867,6.0815,97.36,1061.5,1.381,0.724112961622013
2013-10-25,105.7,97.4,92.1623,6.0838,97.46,1062.3,1.3794,0.724952878062926
2013-10-28,108.29,98.74,92.1872,6.0853,97.7,1060.7,1.3786,0.7253735673872044
2013-10-29,108.04,98.29,92.301,6.0897,98.09,1061.92,1.377,0.7262164124909223
2013-10-30,108.41,96.81,92.3057,6.0936,98.14,1058.4,1.3771,0.7261636772928618
2013-10-31,107.53,96.29,92.731,6.0943,98.1,1060.83,1.3594,0.7356186552890982
2013-11-01,105.78,94.56,93.155,6.0993,98.78,1060.91,1.3488,0.741399762752076
2013-11-04,104.85,94.58,92.9359,6.098,98.62,1062.38,1.3516,0.7398638650488311
2013-11-05,105.01,93.4,93.2112,6.0966,98.6,1061.03,1.347,0.7423904974016333
2013-11-06,105.46,94.74,93.0943,6.0925,98.6,1059.77,1.353,0.7390983000739099
2013-11-07,103.08,94.25,93.4003,6.0906,98.56,1062.78,1.339,0.7468259895444361
2013-11-08,104.29,94.56,93.6619,6.0903,99.03,1062.12,1.3357,0.748671108781912
2013-11-11,105.76,95.13,,,,,,
2013-11-12,106.29,93.12,93.7651,6.0917,99.65,1072.65,1.3428,0.7447125409591897
2013-11-13,106.9,93.91,93.4848,6.0926,99.31,1070.56,1.3456,0.7431629013079668
2013-11-14,108.29,93.76,93.4328,6.092,99.93,1068.21,1.3468,0.7425007425007425
2013-11-15,108.25,93.8,93.2854,6.092,100.17,1062.35,1.348,0.7418397626112759
2013-11-18,108.8,93.03,92.9824,6.0918,100.04,1054.84,1.352,0.7396449704142012
2013-11-19,108.29,93.35,93.0649,6.0924,100.14,1054.86,1.3529,0.7391529307413703
2013-11-20,108.27,93.34,93.2501,6.0925,100.02,1056.28,1.3451,0.743439149505613
2013-11-21,109.9,95.35,93.5638,6.0914,100.95,1061.9,1.347,0.7423904974016333
2013-11-22,111.36,94.53,93.4198,6.0935,101.29,1060.99,1.3547,0.7381708127260648
2013-11-25,110.83,93.86,93.5539,6.0916,101.7,1059.35,1.3502,0.7406310176270182
2013-11-26,112.04,93.41,93.5226,6.0925,101.38,1060.07,1.3555,0.7377351530800443
2013-11-27,111.32,92.05,93.6864,6.0922,102.18,1060.9,1.3563,0.737300007373
2013-11-28,,,,,,,,
2013-11-29,111.07,92.55,93.6291,6.0922,102.45,1057.76,1.3606,0.7349698662354843
2013-12-02,111.49,93.61,93.8856,6.0927,103.04,1058.0,1.3552,0.7378984651711925
2013-12-03,113.06,95.83,93.8251,6.0914,102.36,1059.97,1.3604,0.7350779182593354
2013-12-04,113.27,96.97,93.8997,6.0913,102.48,1061.02,1.3555,0.7377351530800443
2013-12-05,112.07,97.14,93.4954,6.0903,101.82,1058.27,1.3664,0.7318501170960187
2013-12-06,111.5,97.48,93.4045,6.0815,102.88,1056.0,1.369,0.7304601899196493
2013-12-09,110.07,97.1,93.1444,6.0643,103.22,1050.05,1.3726,0.7285443683520326
2013-12-10,108.91,98.32,,6.0705,102.8,1052.0,1.3765,0.726480203414457
2013-12-11,109.47,97.25,93.0842,6.0712,102.38,1051.5,1.3798,0.7247427163357009
2013-12-12,108.99,97.21,93.4292,6.071,103.11,1050.75,1.3752,0.7271669575334497
2013-12-13,108.08,96.27,93.3568,6.071,103.28,1052.9,1.3724,0.728650539201399
2013-12-16,110.3,97.18,93.2175,6.0713,102.91,1052.6,1.3757,0.7269026677327907
2013-12-17,108.91,96.99,93.302,6.0707,102.63,1050.65,1.3748,0.7273785277858598
2013-12-18,109.56,97.59,93.4207,6.0713,103.18,1051.75,1.3766,0.726427429899753
2013-12-19,110.78,98.4,93.7368,6.0711,104.16,1059.28,1.3666,0.7317430118542367
2013-12-20,112.15,99.11,93.7211,6.0711,104.07,1061.35,1.3673,0.731368390258173
2013-12-23,111.58,98.62,93.572,6.0697,104.06,1060.4,1.3701,0.7298737318443909
2013-12-24,111.57,98.87,93.6734,6.0712,104.26,1059.25,1.3676,0.7312079555425564
2013-12-25,,,,,,,,
2013-12-26,111.65,99.18,93.766,6.0744,104.72,1059.1,1.369,0.7304601899196493
2013-12-27,112.06,99.94,93.7018,6.0684,105.05,1053.72,1.3766,0.726427429899753
2013-12-30,110.47,98.9,93.4866,6.0617,105.0,1054.52,1.3816,0.7237984944991315
2013-12-31,109.95,98.17,93.5576,6.0537,105.25,1055.25,1.3779,0.7257420712678715
2014-01-01,,,,,,,,
2014-01-02,107.94,95.14,93.8192,6.0504,104.84,1050.3,1.367,0.731528895391368
2014-01-03,106.57,93.66,93.853,6.0505,104.46,1055.0,1.3606,0.7349698662354843
2014-01-06,106.71,93.12,93.9109,6.0524,104.38,1065.01,1.3636,0.7333528894103843
2014-01-07,107.01,93.31,94.0398,6.0507,104.54,1068.5,1.3618,0.7343222205903951
2014-01-08,107.42,91.9,94.2181,6.051,104.87,1065.45,1.3586,0.7360518180479906
2014-01-09,107.49,91.36,94.3299,6.054,104.74,1062.89,1.3591,0.7357810315650063
2014-01-10,106.44,92.39,94.0045,6.0519,104.06,1061.32,1.3664,0.7318501170960187
2014-01-13,108.02,91.45,93.899,6.0432,103.31,1056.7,1.3647,0.7327617791455997
2014-01-14,107.12,92.15,94.0303,6.0402,103.8,1059.43,1.3682,0.730887297178775
2014-01-15,108.09,93.78,94.341,6.0459,104.42,1062.6,1.3604,0.7350779182593354
2014-01-16,107.46,93.54,94.5507,6.0555,104.32,1063.0,1.36,0.7352941176470588
2014-01-17,108.45,93.96,94.5846,6.05,104.32,1060.8,1.3554,0.7377895824110964
2014-01-20,108.01,,,,,,,
2014-01-21,109.17,94.51,94.679,6.0503,104.14,1065.05,1.356,0.7374631268436578
2014-01-22,109.69,96.35,94.8479,6.0508,104.36,1067.3,1.3546,0.7382253063635021
2014-01-23,109.69,97.23,94.8415,6.0515,103.65,1073.1,1.368,0.7309941520467835
2014-01-24,109.14,96.66,94.8555,6.0486,102.41,1080.1,1.368,0.7309941520467835
2014-01-27,108.72,95.82,94.9059,6.0478,102.26,1083.7,1.3679,0.7310475911981871
2014-01-28,109.1,97.49,94.88,6.0506,102.8,1079.14,1.3662,0.7319572536963841
2014-01-29,108.83,97.34,94.8621,6.0554,102.2,1069.8,1.3663,0.7319036814755178
2014-01-30,109.36,98.25,95.1294,6.06,102.83,1080.11,1.3549,0.738061849582995
2014-01-31,108.16,97.55,95.1774,6.059,102.28,1080.36,1.35,0.7407407407407407
2014-02-03,106.55,96.44,95.2469,6.06,101.11,1084.25,1.3523,0.7394808844191377
2014-02-04,107.04,97.24,95.0438,6.06,101.62,1083.7,1.3507,0.7403568520026653
2014-02-05,106.81,97.4,95.0285,6.06,101.38,1077.6,1.3519,0.7396996819291367
2014-02-06,108.15,97.84,94.7177,6.06,101.84,1078.8,1.3604,0.7350779182593354
2014-02-07,110.12,99.98,94.7457,6.0629,102.32,1073.83,1.3614,0.7345379756133392
2014-02-10,110.18,100.12,94.7189,6.0591,102.14,1072.3,1.3644,0.732922896511287
2014-02-11,109.21,99.96,94.6377,6.0601,102.63,1070.8,1.3654,0.7323861139592793
2014-02-12,108.62,100.38,94.6209,6.0614,102.48,1062.14,1.3592,0.7357268981753973
2014-02-13,108.98,100.27,,6.0631,102.2,1066.2,1.3669,0.7315824127587973
2014-02-14,108.63,100.31,94.2711,6.0666,101.82,1062.9,1.369,0.7304601899196493
2014-02-17,,,,,,,,
2014-02-18,110.14,102.54,94.1934,6.0671,102.31,1065.54,1.3758,0.7268498328245385
2014-02-19,110.37,103.46,94.38,6.0762,102.3,1065.25,1.3762,0.7266385699752942
2014-02-20,109.42,103.2,94.6571,6.0832,102.32,1072.0,1.369,0.7304601899196493
2014-02-21,109.03,102.53,,6.0912,102.71,1072.15,1.3722,0.7287567409998542
2014-02-24,109.76,103.17,94.4042,6.0982,102.44,1074.0,1.3744,0.7275902211874272
2014-02-25,109.19,102.2,94.4735,6.1243,102.2,1072.78,1.3749,0.7273256236817223
2014-02-26,109.39,102.93,94.7754,6.1243,102.36,1065.72,1.3668,0.7316359379572724
2014-02-27,108.54,102.68,94.6722,6.1279,102.12,1068.85,1.3724,0.728650539201399
2014-02-28,108.98,102.88,94.3879,6.1448,102.08,1066.01,1.3806,0.7243227582210633
2014-03-03,111.26,105.34,,6.146,101.36,1069.9,1.3763,0.7265857734505557
2014-03-04,109.17,103.64,94.6568,6.143,102.18,1071.2,1.3731,0.728279076542131
2014-03-05,108.15,101.75,94.4679,6.128,102.32,1070.85,1.3734,0.72811999417504
2014-03-06,107.99,101.82,93.9858,6.1183,103.03,1064.1,1.3848,0.7221259387637203
2014-03-07,109.14,102.82,94.2532,6.1258,103.38,1064.2,1.3868,0.7210845111047015
2014-03-10,108.27,101.39,94.3731,6.1383,103.23,1066.5,1.388,0.7204610951008646
2014-03-11,108.35,100.29,94.387,6.1397,103.18,1065.13,1.3867,0.7211365111415591
2014-03-12,107.88,98.29,94.462,6.1448,102.74,1070.2,1.3904,0.7192174913693901
2014-03-13,107.48,98.57,94.1872,6.1359,102.12,1068.35,1.3927,0.7180297264306742
2014-03-14,108.08,99.23,94.243,6.15,101.46,1071.33,1.3924,0.7181844297615627
2014-03-17,106.99,98.43,,6.1779,101.62,1067.15,1.3927,0.7180297264306742
2014-03-18,106.79,100.08,94.2631,6.1918,101.37,1068.5,1.3913,0.718752246100769
2014-03-19,105.95,100.71,94.3752,6.1934,101.54,1070.53,1.391,0.7189072609633357
2014-03-20,105.73,99.68,94.9986,6.2273,102.39,1076.28,1.3784,0.7254788160185722
2014-03-21,107.2,99.97,94.8547,6.2248,102.38,1079.6,1.3783,0.725531451788435
2014-03-24,106.59,100.05,94.759,6.1956,102.21,1077.7,1.3784,0.7254788160185722
2014-03-25,107.01,99.66,94.6379,6.201,102.32,1078.67,1.3777,0.7258474268708718
2014-03-26,105.9,100.61,94.5281,6.2084,102.3,1074.97,1.3786,0.7253735673872044
2014-03-27,106.58,101.25,94.3315,6.2123,102.1,1071.65,1.3752,0.7271669575334497
2014-03-28,106.64,101.73,94.3683,6.2117,102.92,1068.85,1.3753,0.7271140841998109
2014-03-31,105.95,101.57,94.2432,6.2164,102.98,1064.65,1.3777,0.7258474268708718
2014-04-01,105.7,99.69,94.1244,6.2064,103.52,1058.3,1.3804,0.7244277021153288
2014-04-02,103.37,99.6,94.3103,6.2054,103.82,1057.2,1.3761,0.7266913741733885
2014-04-03,104.88,100.29,94.512,6.2102,103.94,1057.5,1.3708,0.7295010213014298
2014-04-04,106.41,101.16,94.2191,6.2118,103.39,1053.85,1.3704,0.7297139521307647
2014-04-07,104.89,100.43,94.0881,6.2118,103.04,1055.17,1.3745,0.7275372862859221
2014-04-08,105.83,102.57,93.6579,6.1966,102.12,1052.1,1.3802,0.7245326764237067
2014-04-09,107.39,103.55,93.6716,6.2003,101.85,1041.25,1.3816,0.7237984944991315
2014-04-10,107.1,103.37,93.5123,6.2123,101.43,1039.9,1.3892,0.7198387561186295
2014-04-11,107.34,103.68,93.6395,6.2111,101.56,1035.4,1.3898,0.7195279896387969
2014-04-14,107.68,104.05,93.8046,6.2186,101.81,1039.29,1.3824,0.7233796296296295
2014-04-15,109.1,103.7,93.9486,6.2215,101.6,1041.07,1.3806,0.7243227582210633
2014-04-16,109.71,103.71,93.9461,6.2204,102.3,1038.2,1.382,0.7235890014471781
2014-04-17,109.79,104.33,93.8936,6.2188,102.22,1038.0,1.3832,0.7229612492770388
2014-04-18,,,93.9629,6.224,102.43,1037.35,1.3816,0.7237984944991315
2014-04-21,109.69,104.35,94.0337,6.2269,102.56,1038.56,1.379,0.7251631617113851
2014-04-22,108.54,101.69,94.0802,6.2373,102.6,1037.45,1.3804,0.7244277021153288
2014-04-23,108.48,101.47,94.149,6.2374,102.26,1039.35,1.3814,0.7239032865209208
2014-04-24,109.79,102.2,94.1294,6.2484,102.34,1039.5,1.3828,0.7231703789412786
2014-04-25,109.53,100.85,94.1623,6.2534,102.12,1040.95,1.3838,0.7226477814713109
2014-04-28,109.12,101.13,94.1374,6.252,102.46,1034.9,1.3844,0.722334585379948
2014-04-29,109.89,101.56,94.0295,6.2578,102.57,1029.83,1.3808,0.7242178447276941
2014-04-30,108.63,100.07,93.8896,6.2591,102.14,1032.85,1.387,0.7209805335255948
2014-05-01,108.63,99.69,93.8707,6.2591,102.3,1032.75,1.3867,0.7211365111415591
2014-05-02,109.48,100.09,93.8182,6.2591,102.34,1029.55,1.3864,0.7212925562608193
2014-05-05,109.48,99.74,93.7334,6.2453,102.06,1029.5,1.3884,0.7202535292422932
2014-05-06,108.3,99.81,93.4324,6.2255,101.57,1029.5,1.3924,0.7181844297615627
2014-05-07,108.17,101.06,93.4337,6.2349,101.72,1022.46,1.3917,0.7185456635769203
2014-05-08,108.19,100.52,93.3686,6.2272,101.66,1022.6,1.3864,0.7212925562608193
2014-05-09,108.26,100.32,93.6614,6.227,101.74,1024.23,1.3763,0.7265857734505557
2014-05-12,108.37,100.89,93.6537,6.2364,102.1,1024.29,1.376,0.7267441860465117
2014-05-13,108.78,102.01,93.6755,6.2283,102.2,1021.85,1.3711,0.7293414047115455
2014-05-14,109.87,102.63,93.5968,6.2282,101.75,1027.5,1.3718,0.7289692374981777
2014-05-15,109.74,101.74,93.7065,6.2291,101.44,1025.1,1.3712,0.7292882147024504
2014-05-16,110.9,102.31,93.6073,6.2327,101.5,1023.42,1.3708,0.7295010213014298
2014-05-19,110.84,102.95,93.502,6.2368,101.26,1021.87,1.3716,0.7290755322251385
2014-05-20,110.35,102.8,93.6699,6.2377,101.26,1025.0,1.3702,0.7298204641658151
2014-05-21,111.32,104.31,93.7629,6.2335,101.44,1026.7,1.3657,0.7322252324815114
2014-05-22,110.89,104.03,93.6944,6.2348,101.76,1024.3,1.3652,0.732493407559332
2014-05-23,110.19,105.01,93.7042,6.2363,101.88,1024.45,1.3628,0.7337833871441151
2014-05-26,110.01,,,,,,,
2014-05-27,109.81,104.78,93.8418,6.2471,102.14,1022.95,1.3618,0.7343222205903951
2014-05-28,109.09,103.37,93.8793,6.2535,101.78,1021.7,1.3596,0.7355104442483084
2014-05-29,109.98,104.26,93.6973,6.2375,101.58,1020.5,1.3608,0.7348618459729571
2014-05-30,109.21,103.4,93.7606,6.2471,101.77,1020.3,1.364,0.7331378299120234
2014-06-02,109.34,103.07,94.0006,6.2471,102.3,1024.0,1.3606,0.7349698662354843
2014-06-03,108.87,103.34,94.0536,6.2536,102.42,1023.0,1.3624,0.733998825601879
2014-06-04,109.07,103.27,94.1239,6.2494,102.69,1023.0,1.3619,0.7342683016374183
2014-06-05,108.43,103.17,93.9732,6.2548,102.44,1019.7,1.3618,0.7343222205903951
2014-06-06,109.21,103.32,93.9069,6.2498,102.5,1019.7,1.3639,0.7331915829606277
2014-06-09,110.55,105.09,93.9628,6.2397,102.52,1016.35,1.3589,0.7358893222459342
2014-06-10,109.18,105.02,94.0638,6.224,102.37,1016.95,1.3543,0.7383888355608063
2014-06-11,109.83,105.04,93.9744,6.2277,101.94,1015.6,1.3532,0.7389890629618682
2014-06-12,112.18,107.2,93.8155,6.2175,101.83,1017.6,1.3556,0.737680731779286
2014-06-13,113.15,107.49,93.9168,6.209,102.06,1017.8,1.3522,0.7395355716609968
2014-06-16,113.42,107.52,93.8639,6.225,101.82,1020.0,1.3578,0.7364854912358227
2014-06-17,114.02,106.95,94.0829,6.2263,102.18,1022.3,1.3543,0.7383888355608063
2014-06-18,114.25,106.64,94.0525,6.2309,102.16,1021.85,1.3567,0.7370826269624825
2014-06-19,115.19,107.08,93.752,6.2287,101.84,1018.37,1.362,0.7342143906020557
2014-06-20,114.55,107.95,93.7591,6.224,102.14,1020.81,1.3586,0.7360518180479906
2014-06-23,113.62,106.83,93.628,6.225,101.9,1018.1,1.3593,0.7356727727506805
2014-06-24,113.74,106.64,93.7093,6.2308,102.13,1018.05,1.3588,0.7359434795407712
2014-06-25,112.84,107.04,93.5851,6.2343,101.75,1019.55,1.3638,0.7332453438920663
2014-06-26,112.61,106.49,93.5471,6.2235,101.66,1016.0,1.361,0.7347538574577517
2014-06-27,112.62,106.46,93.3983,6.218,101.39,1013.3,1.3631,0.7336218912772358
2014-06-30,111.03,106.07,93.2058,6.2036,101.28,1011.6,1.369,0.7304601899196493
2014-07-01,110.84,106.06,93.1365,6.1995,101.51,1010.7,1.3681,0.7309407207075506
2014-07-02,110.18,105.18,93.2478,6.2101,101.76,1009.1,1.3656,0.7322788517867604
2014-07-03,108.98,104.76,93.3149,6.2115,102.19,1008.85,1.361,0.7347538574577517
2014-07-04,,,,,,,,
2014-07-07,108.7,104.19,93.3803,6.2036,101.84,1011.1,1.3604,0.7350779182593354
2014-07-08,107.65,104.06,93.323,6.201,101.53,1011.5,1.3614,0.7345379756133392
2014-07-09,106.84,102.93,93.228,6.1994,101.7,1012.1,1.363,0.7336757153338225
2014-07-10,106.2,103.61,93.3152,6.2023,101.26,1013.1,1.36,0.7352941176470588
2014-07-11,105.77,101.48,93.4171,6.2034,101.33,1018.6,1.3598,0.7354022650389763
2014-07-14,104.73,101.73,93.4101,6.2059,101.58,1018.95,1.362,0.7342143906020557
2014-07-15,104.73,100.56,93.5796,6.2075,101.62,1026.75,1.3573,0.7367567965814484
2014-07-16,105.41,101.88,93.5991,6.2035,101.69,1031.9,1.353,0.7390983000739099
2014-07-17,106.04,103.84,93.6586,6.2033,101.3,1028.95,1.353,0.7390983000739099
2014-07-18,106.03,103.83,93.6608,6.2075,101.37,1029.1,1.3515,0.7399186089530152
2014-07-21,105.71,105.34,93.6069,6.2088,101.34,1026.65,1.3524,0.7394262052647146
2014-07-22,106.48,104.59,93.6306,6.2025,101.54,1024.2,1.347,0.7423904974016333
2014-07-23,106.85,103.81,93.5951,6.1982,101.5,1023.5,1.3462,0.7428316743425939
2014-07-24,105.78,102.76,93.6836,6.1944,101.82,1029.05,1.3468,0.7425007425007425
2014-07-25,106.89,105.23,93.8294,6.1913,101.81,1025.6,1.3431,0.7445461990916536
2014-07-28,106.7,105.68,93.83,6.187,101.82,1026.1,1.344,0.744047619047619
2014-07-29,106.98,104.91,94.0443,6.18,102.12,1024.65,1.341,0.7457121551081283
2014-07-30,106.47,104.29,94.3473,6.1712,102.9,1024.55,1.3378,0.7474958887726117
2014-07-31,104.94,98.23,94.4467,6.1737,102.75,1027.75,1.339,0.7468259895444361
2014-08-01,103.45,97.86,94.4754,6.1793,102.45,1036.85,1.3436,0.7442691277165824
2014-08-04,103.63,98.26,94.448,6.178,102.47,1032.95,1.3414,0.7454897867899211
2014-08-05,102.82,97.34,94.6754,6.1705,102.77,1027.9,1.3366,0.7481669908723627
2014-08-06,104.17,96.93,94.6092,6.1625,102.34,1033.75,1.3355,0.7487832272557096
2014-08-07,104.02,97.34,94.6364,6.1618,102.06,1036.75,1.3362,0.74839095943721
2014-08-08,103.36,97.61,94.6027,6.1557,101.91,1036.4,1.3412,0.7456009543692216
2014-08-11,103.47,98.09,94.4767,6.1528,102.14,1029.8,1.3385,0.7471049682480388
2014-08-12,101.68,97.36,94.5211,6.1575,102.22,1026.9,1.3357,0.748671108781912
2014-08-13,102.27,97.57,94.4681,6.1531,102.48,1029.35,1.3367,0.7481110196753198
2014-08-14,101.15,95.54,94.3508,6.1575,102.44,1026.9,1.3376,0.7476076555023924
2014-08-15,101.13,97.3,94.2941,6.147,102.19,1020.95,1.3392,0.7467144563918757
2014-08-18,99.37,96.44,94.2519,6.1425,102.54,1017.35,1.3358,0.7486150621350501
2014-08-19,99.74,94.35,94.4356,6.1425,102.86,1017.35,1.332,0.7507507507507507
2014-08-20,99.92,96.4,94.5937,6.1395,103.36,1022.6,1.3284,0.7527853056308341
2014-08-21,100.28,93.97,94.673,6.151,103.78,1023.4,1.3284,0.7527853056308341
2014-08-22,100.09,93.61,94.8012,6.151,103.97,1017.8,1.3237,0.7554581853894387
2014-08-25,100.49,95.39,94.9159,6.154,103.96,1019.65,1.3206,0.7572315614114796
2014-08-26,100.5,95.78,94.8617,6.1522,104.12,1016.25,1.3189,0.7582075972401243
2014-08-27,100.4,95.82,94.6863,6.143,103.98,1013.95,1.3192,0.7580351728320195
2014-08-28,100.71,96.44,94.6947,6.1423,103.78,1014.85,1.3178,0.7588404917286385
2014-08-29,101.12,97.86,94.7251,6.143,104.0,1013.85,1.315,0.7604562737642586
2014-09-01,,,,,,,,
2014-09-02,100.21,92.92,95.063,6.148,105.1,1018.2,1.3124,0.7619628162145687
2014-09-03,100.88,95.5,94.8709,6.1408,104.88,1019.55,1.3136,0.761266747868453
2014-09-04,101.21,94.51,95.2641,6.1383,105.22,1018.7,1.2926,0.7736345350456445
2014-09-05,99.51,93.32,95.2203,6.14,104.94,1024.25,1.2956,0.7718431614695893
2014-09-08,99.53,92.64,95.4167,6.14,105.65,1024.0,1.2948,0.7723200494284832
2014-09-09,98.08,92.73,95.8811,6.1362,106.32,1034.05,1.2909,0.7746533426291735
2014-09-10,96.26,91.71,95.8641,6.1284,106.76,1034.2,1.2908,0.7747133560582585
2014-09-11,96.42,92.89,95.9184,6.1295,106.87,1035.9,1.2936,0.7730364873222015
2014-09-12,96.31,92.18,96.0748,6.1344,107.24,1034.9,1.2955,0.7719027402547278
2014-09-15,96.43,92.86,96.1195,6.1415,107.18,1037.8,1.2951,0.7721411474017451
2014-09-16,97.39,94.91,95.8483,6.1459,106.91,1035.95,1.2976,0.7706535141800246
2014-09-17,97.7,94.33,95.9106,6.1385,107.58,1034.55,1.2958,0.7717240314863405
2014-09-18,96.82,93.07,96.1284,6.14,108.69,1043.3,1.2913,0.7744133818632387
2014-09-19,96.75,92.43,96.3417,6.1403,108.96,1043.55,1.2835,0.7791195948578106
2014-09-22,95.37,91.46,96.4625,6.14,108.88,1040.75,1.2829,0.7794839816041781
2014-09-23,94.87,91.55,96.5112,6.1368,108.82,1039.9,1.2858,0.7777259293824855
2014-09-24,94.53,93.6,96.6574,6.1346,108.92,1039.77,1.2788,0.781983109164842
2014-09-25,95.2,93.59,96.8988,6.1355,108.7,1042.6,1.2748,0.7844367743959837
2014-09-26,95.08,95.55,97.208,6.1266,109.32,1044.1,1.2686,0.7882705344474223
2014-09-29,95.7,94.53,97.3523,6.1495,109.34,1053.15,1.2703,0.7872156183578682
2014-09-30,94.67,91.17,97.5261,6.138,109.66,1054.55,1.2628,0.7918910357934749
2014-10-01,94.57,90.74,97.5387,6.138,109.3,1062.7,1.2618,0.7925186241876684
2014-10-02,91.29,91.02,97.3062,6.138,108.1,1061.1,1.267,0.7892659826361484
2014-10-03,90.8,89.76,97.9846,6.1385,109.7,1061.1,1.2517,0.7989134776703682
2014-10-06,90.65,90.33,97.5513,6.1385,109.08,1068.75,1.2592,0.7941550190597204
2014-10-07,90.9,88.89,97.4459,6.1385,108.3,1069.4,1.2626,0.7920164739426581
2014-10-08,90.25,87.29,97.4945,6.1385,108.41,1074.4,1.2683,0.7884569896712135
2014-10-09,90.47,85.76,97.1711,6.1299,108.0,1062.6,1.2683,0.7884569896712135
2014-10-10,88.66,85.87,97.4144,6.1308,107.83,1073.1,1.2636,0.7913896802785692
2014-10-13,87.82,85.73,,,,,,
2014-10-14,86.36,81.72,97.3943,6.125,107.15,1064.62,1.266,0.7898894154818326
2014-10-15,84.02,81.82,97.3532,6.1249,106.06,1058.9,1.2778,0.7825950853028643
2014-10-16,84.02,82.33,97.2869,6.123,105.98,1060.16,1.2812,0.7805182641273807
2014-10-17,85.27,82.8,97.3067,6.1238,106.72,1063.62,1.2755,0.7840062720501764
2014-10-20,84.42,82.76,97.2874,6.1233,106.87,1057.58,1.2783,0.7822889775483064
2014-10-21,85.17,83.25,97.2488,6.1205,106.7,1054.69,1.2724,0.7859163784973279
2014-10-22,86.38,80.52,97.459,6.118,107.32,1052.47,1.2658,0.7900142202559646
2014-10-23,85.94,82.81,97.6047,6.119,108.16,1057.87,1.2658,0.7900142202559646
2014-10-24,86.0,81.27,97.4772,6.1168,108.06,1055.58,1.2675,0.7889546351084812
2014-10-27,85.64,81.26,97.5423,6.116,107.71,1050.99,1.2712,0.7866582756450597
2014-10-28,85.57,81.36,97.2173,6.113,108.0,1047.0,1.2747,0.7844983133286264
2014-10-29,86.91,82.25,97.0145,6.1107,108.1,1043.89,1.2762,0.7835762419683435
2014-10-30,85.5,81.06,97.456,6.114,108.94,1053.8,1.2622,0.7922674694977024
2014-10-31,84.17,80.53,98.1163,6.1124,112.09,1073.07,1.253,0.7980845969672786
2014-11-03,84.9,78.77,98.5336,6.1178,113.92,1077.63,1.2487,0.8008328661808282
2014-11-04,82.12,77.15,98.5576,6.115,113.44,1076.99,1.2554,0.7965588657001752
2014-11-05,82.88,78.71,98.8086,6.1135,114.62,1089.38,1.2488,0.800768737988469
2014-11-06,82.08,77.87,99.1325,6.1117,114.87,1084.0,1.2414,0.8055421298533912
2014-11-07,83.2,78.71,99.0236,6.1225,114.73,1086.5,1.2422,0.8050233456770246
2014-11-10,82.9,77.43,98.9305,6.119,114.78,1089.28,1.2425,0.8048289738430584
2014-11-11,80.94,77.85,,,,,,
2014-11-12,80.42,77.16,98.8897,6.1257,115.42,1093.62,1.2456,0.8028259473346179
2014-11-13,77.74,74.13,99.1045,6.1243,115.63,1093.61,1.2476,0.8015389547932029
2014-11-14,77.51,75.91,99.0917,6.129,116.52,1102.23,1.2494,0.800384184408516
2014-11-17,76.86,75.64,99.2188,6.1242,116.44,1098.12,1.2447,0.8034064433196755
2014-11-18,77.23,74.55,99.0185,6.1208,116.76,1096.64,1.2534,0.7978299026647518
2014-11-19,77.21,74.55,99.2424,6.119,117.7,1112.04,1.2548,0.7969397513547977
2014-11-20,77.61,75.63,99.2554,6.123,118.14,1111.96,1.2526,0.7983394539358135
2014-11-21,79.2,76.52,99.2894,6.1244,117.74,1111.05,1.2394,0.8068420203324189
2014-11-24,79.62,75.74,99.4227,6.1412,118.39,1114.66,1.2427,0.8046994447573832
2014-11-25,77.62,74.04,99.2837,6.1355,117.99,1108.68,1.2472,0.8017960230917254
2014-11-26,77.39,73.7,99.1893,6.1386,117.6,1103.26,1.2503,0.7998080460689435
2014-11-27,,,,,,,,
2014-11-28,71.89,65.94,100.0719,6.1429,118.7,1112.06,1.2438,0.8039877793857533
2014-12-01,70.87,68.98,99.8964,6.1515,118.14,1108.36,1.249,0.8006405124099278
2014-12-02,71.13,66.99,100.4478,6.149,119.1,1115.35,1.239,0.8071025020177562
2014-12-03,70.13,67.3,100.5696,6.1499,119.82,1114.57,1.2304,0.8127438231469442
2014-12-04,68.48,66.73,100.3931,6.1541,119.67,1110.89,1.2432,0.8043758043758044
2014-12-05,68.0,65.89,101.0989,6.1497,121.38,1117.74,1.2304,0.8127438231469442
2014-12-08,65.64,63.13,101.31,6.1725,120.89,1112.52,1.2292,0.8135372600065083
2014-12-09,66.11,63.74,100.8095,6.1855,118.87,1102.31,1.2415,0.8054772452678212
2014-12-10,63.32,60.99,101.0212,6.1763,118.5,1103.75,1.2425,0.8048289738430584
2014-12-11,63.65,60.01,101.4448,6.1881,119.4,1101.83,1.2397,0.8066467693796886
2014-12-12,61.67,57.81,101.3735,6.1864,118.22,1103.01,1.2484,0.8010253123998718
2014-12-15,61.09,55.96,101.674,6.19,117.75,1098.24,1.247,0.8019246190858058
2014-12-16,60.26,55.97,101.526,6.189,117.28,1080.83,1.2504,0.799744081893794
2014-12-17,59.84,56.43,101.5527,6.1957,117.64,1094.59,1.2406,0.8060615831049492
2014-12-18,58.81,54.18,101.7531,6.2139,118.84,1101.75,1.2291,0.8136034496786266
2014-12-19,58.87,56.91,102.0483,6.2196,119.56,1099.21,1.2235,0.8173273395995095
2014-12-22,58.31,55.25,101.9942,6.2213,119.84,1097.77,1.2252,0.8161932745674175
2014-12-23,59.07,56.78,102.348,6.2256,120.68,1104.84,1.218,0.8210180623973727
2014-12-24,58.67,55.7,102.3028,6.2148,120.45,1103.22,1.2188,0.8204791598293403
2014-12-25,,,,,,,,
2014-12-26,58.72,54.59,,,,,,
2014-12-29,57.86,53.46,102.3767,6.2222,120.57,1097.34,1.2179,0.8210854749979473
2014-12-30,55.6,54.14,102.1019,6.2015,119.34,1096.06,1.2174,0.8214227041235419
2014-12-31,55.27,53.45,102.2843,6.2046,119.85,1090.89,1.2101,0.8263779852904719
2015-01-01,,,,,,,,
2015-01-02,55.38,52.72,102.9027,6.2046,120.2,1103.73,1.2015,0.8322929671244278
2015-01-05,51.08,50.05,103.4976,6.2201,119.64,1109.07,1.1918,0.8390669575432119
2015-01-06,50.12,47.98,103.2938,6.2125,118.26,1098.14,1.1936,0.8378016085790885
2015-01-07,49.06,48.69,103.6316,6.2127,119.52,1101.51,1.182,0.8460236886632826
2015-01-08,49.43,48.8,103.2799,6.2143,119.51,1096.19,1.1811,0.8466683600033866
2015-01-09,47.64,48.35,103.1213,6.2085,118.66,1086.14,1.183,0.8453085376162299
2015-01-12,46.9,46.06,103.2372,6.2027,118.32,1083.25,1.1832,0.8451656524678837
2015-01-13,45.13,45.92,103.27,6.197,118.16,1080.42,1.1779,0.8489685032685288
2015-01-14,45.82,48.49,103.0903,6.1957,116.78,1080.45,1.1806,0.8470269354565475
2015-01-15,47.66,46.37,103.0829,6.187,116.95,1077.94,1.1598,0.8622176237282291
2015-01-16,47.38,48.49,103.2189,6.2065,117.45,1076.68,1.1517,0.8682816705739342
2015-01-19,,,,,,,,
2015-01-20,46.49,46.79,103.5233,6.2137,118.48,1087.17,1.1559,0.8651267410675665
2015-01-21,46.5,47.85,103.7858,6.2112,117.86,1081.94,1.1584,0.8632596685082872
2015-01-22,46.09,45.93,103.9271,6.2085,117.92,1081.75,1.1414,0.8761170492377782
2015-01-23,46.69,45.26,104.3676,6.2279,117.8,1075.75,1.1279,0.8866034222892101
2015-01-26,46.07,44.8,104.4818,6.2535,118.38,1079.42,1.129,0.8857395925597874
2015-01-27,46.55,45.84,104.1646,6.243,117.62,1075.31,1.137,0.8795074758135444
2015-01-28,47.07,44.08,104.4737,6.2475,117.74,1084.84,1.1342,0.881678716275789
2015-01-29,46.61,44.12,105.2763,6.2463,118.31,1098.6,1.1308,0.8843296781039971
2015-01-30,47.52,47.79,105.5884,6.2495,117.44,1104.3,1.129,0.8857395925597874
2015-02-02,51.74,49.25,105.2058,6.2594,117.33,1099.61,1.1337,0.8820675663755845
2015-02-03,54.41,53.04,104.6063,6.2573,117.48,1096.06,1.1462,0.8724480893386842
2015-02-04,55.07,48.45,104.785,6.2472,117.58,1086.79,1.1418,0.8758101243650377
2015-02-05,55.98,50.48,104.4915,6.2516,117.4,1087.05,1.1432,0.8747375787263821
2015-02-06,55.88,51.66,105.1283,6.2417,119.16,1097.26,1.133,0.8826125330979699
2015-02-09,57.0,52.99,104.9889,6.2467,118.7,1096.4,1.1316,0.8837044892188053
2015-02-10,55.79,50.06,105.2897,6.2405,119.32,1098.61,1.1316,0.8837044892188053
2015-02-11,53.48,48.8,105.7901,6.2422,120.38,1108.19,1.13,0.8849557522123894
2015-02-12,56.23,51.17,104.9385,6.244,118.72,1100.87,1.141,0.8764241893076249
2015-02-13,60.33,52.66,104.8452,6.2399,118.7,1097.2,1.1408,0.876577840112202
2015-02-16,61.57,,,,,,,
2015-02-17,60.78,53.56,,6.2546,118.99,1107.33,1.1395,0.8775778850372971
2015-02-18,60.72,52.13,105.2514,6.2546,119.19,1112.82,1.1342,0.881678716275789
2015-02-19,58.78,51.12,105.1407,6.2546,118.84,1110.69,1.1392,0.877808988764045
2015-02-20,60.99,49.95,105.3387,6.2546,118.68,1110.06,1.1372,0.8793527963418923
2015-02-23,59.78,49.56,105.5359,6.2546,118.88,1108.25,1.1346,0.8813678829543451
2015-02-24,60.33,48.48,105.5472,6.2546,119.13,1108.05,1.1307,0.8844078889183691
2015-02-25,59.77,50.25,105.0503,6.2591,118.88,1101.53,1.1363,0.8800492827598345
2015-02-26,61.39,47.65,105.5021,6.2584,119.36,1100.33,1.1212,0.8919015340706387
2015-02-27,61.89,49.84,105.5981,6.2695,119.72,1100.65,1.1197,0.8930963650977941
2015-03-02,60.75,49.59,105.8151,6.272,120.06,1101.46,1.119,0.8936550491510277
2015-03-03,61.18,50.43,105.5562,6.2741,119.47,1095.65,1.1212,0.8919015340706387
2015-03-04,59.18,51.53,106.1333,6.2701,119.76,1100.2,1.107,0.903342366757001
2015-03-05,60.33,50.76,,6.2658,120.22,1100.11,1.1006,0.9085953116481919
2015-03-06,59.15,49.61,107.4337,6.262,120.93,1110.36,1.0855,0.921234454168586
2015-03-09,58.67,49.95,107.5199,6.2635,121.17,1114.18,1.0846,0.9219988936013277
2015-03-10,55.95,48.42,108.1165,6.2615,121.2,1123.32,1.0707,0.933968431867003
2015-03-11,56.46,48.06,108.5235,6.2613,121.5,1131.33,1.0576,0.94553706505295
2015-03-12,56.66,47.12,108.1741,6.2614,121.28,1120.13,1.0615,0.9420631182289212
2015-03-13,54.8,44.88,108.9174,6.2585,121.17,1135.7,1.0524,0.9502090459901178
2015-03-16,52.0,43.93,108.6422,6.262,121.3,1129.62,1.0575,0.9456264775413711
2015-03-17,52.17,43.39,108.5805,6.249,121.28,1127.69,1.0605,0.9429514380009429
2015-03-18,52.59,44.63,108.408,6.2289,120.92,1127.09,1.0643,0.939584703561026
2015-03-19,52.96,44.02,108.1826,6.1955,120.9,1121.21,1.0621,0.9415309292910272
2015-03-20,53.88,46.0,107.1671,6.2037,120.28,1113.87,1.0792,0.9266123054114159
2015-03-23,53.82,47.4,106.5022,6.2135,119.74,1106.68,1.0928,0.9150805270863837
2015-03-24,53.61,47.03,106.4401,6.2046,119.9,1104.2,1.0908,0.9167583425009168
2015-03-25,54.18,48.75,106.2636,6.2116,119.37,1099.72,1.0986,0.9102494083378846
2015-03-26,57.02,51.41,106.5582,6.2103,119.01,1103.59,1.0919,0.9158347834050736
2015-03-27,56.44,48.83,106.8916,6.2145,119.15,1103.6,1.0891,0.918189330639978
2015-03-30,53.99,48.66,107.3941,6.2065,120.11,1106.39,1.0818,0.924385283786282
2015-03-31,53.69,47.72,107.4396,6.199,119.96,1107.71,1.0741,0.9310120100549296
2015-04-01,55.73,50.12,107.06,6.1976,119.62,1098.1,1.0768,0.9286775631500743
2015-04-02,55.73,49.13,106.6738,6.1968,119.74,1089.49,1.0874,0.9196247930844216
2015-04-03,,,105.8861,6.193,118.96,1085.65,1.099,0.9099181073703367
2015-04-06,55.73,52.08,105.7876,6.193,119.05,1083.38,1.1008,0.9084302325581395
2015-04-07,57.55,53.95,106.4488,6.1955,120.36,1093.76,1.085,0.9216589861751152
2015-04-08,56.42,50.44,106.4231,6.202,119.96,1093.77,1.0818,0.924385283786282
2015-04-09,56.04,50.79,107.0335,6.205,120.32,1093.8,1.0671,0.93711929528629
2015-04-10,56.82,51.63,107.4526,6.2082,120.29,1093.13,1.0598,0.9435742592942064
2015-04-13,57.14,51.95,107.7508,6.2152,120.32,1100.41,1.0582,0.945000945000945
2015-04-14,57.69,53.3,107.0547,6.2113,119.26,1090.76,1.0672,0.9370314842578711
2015-04-15,59.32,56.25,107.1855,6.2037,119.23,1095.07,1.0596,0.9437523593808984
2015-04-16,60.13,56.69,106.2761,6.1947,119.18,1086.89,1.0742,0.9309253397877489
2015-04-17,61.31,55.71,106.329,6.1976,119.02,1081.99,1.078,0.9276437847866419
2015-04-20,61.2,56.37,106.4902,6.2014,119.27,1081.27,1.0763,0.9291089844838799
2015-04-21,60.12,55.58,106.5582,6.201,119.45,1081.54,1.0758,0.9295408068414203
2015-04-22,60.12,56.17,106.5815,6.1927,119.9,1080.64,1.0729,0.9320533134495294
2015-04-23,62.66,56.59,106.1658,6.1975,119.69,1080.0,1.0803,0.9256687957048968
2015-04-24,62.96,55.98,105.905,6.193,118.98,1075.85,1.0876,0.9194556822361163
2015-04-27,62.86,55.56,105.6891,6.2185,119.12,1071.01,1.0892,0.9181050312155711
2015-04-28,62.61,57.05,105.1234,6.2035,118.8,1063.03,1.0979,0.91082976591675
2015-04-29,63.97,58.55,104.5634,6.1989,118.83,1066.48,1.1174,0.8949346697691068
2015-04-30,63.9,59.62,105.312,6.2018,119.86,1076.74,1.1162,0.8958967926894821
2015-05-01,64.13,59.1,105.6382,6.2018,120.21,1080.22,1.1194,0.8933357155619082
2015-05-04,64.62,58.92,105.6679,6.2085,120.25,1081.19,1.1145,0.8972633467922835
2015-05-05,65.44,60.38,105.2396,6.2058,119.87,1080.46,1.1174,0.8949346697691068
2015-05-06,66.22,60.93,104.6935,6.2001,119.42,1077.23,1.1345,0.881445570736007
2015-05-07,64.93,58.99,105.1941,6.2063,119.74,1093.55,1.1283,0.8862891075068686
2015-05-08,63.82,59.41,104.8424,6.2084,119.78,1087.28,1.1241,0.8896005693443643
2015-05-11,62.82,59.23,105.3075,6.2086,120.05,1095.39,1.1142,0.8975049362771494
2015-05-12,65.09,60.72,104.8924,6.2086,119.8,1093.81,1.124,0.889679715302491
2015-05-13,66.33,60.5,104.3608,6.2043,119.09,1089.72,1.1372,0.8793527963418923
2015-05-14,65.58,59.89,104.2359,6.2013,119.2,1089.46,1.1368,0.8796622097114708
2015-05-15,64.69,59.73,104.0202,6.2051,119.36,1083.05,1.1428,0.8750437521876093
2015-05-18,65.15,59.44,104.6068,6.2041,119.82,1088.19,1.1354,0.8807468733485997
2015-05-19,63.48,57.3,105.3448,6.2064,120.58,1093.94,1.1151,0.896780557797507
2015-05-20,63.52,58.96,105.5605,6.2036,121.28,1097.62,1.1079,0.9026085386767758
2015-05-21,64.7,60.18,105.3808,6.1958,121.06,1092.41,1.1126,0.8987956138774043
2015-05-22,64.7,58.88,105.8487,6.1972,121.45,1093.46,1.1033,0.9063717937097798
2015-05-25,,,,,,,,
2015-05-26,61.65,57.29,106.7294,6.2038,123.08,1106.06,1.0876,0.9194556822361163
2015-05-27,61.35,57.51,106.908,6.2011,123.76,1107.84,1.0888,0.9184423218221895
2015-05-28,60.12,57.69,106.92,6.2002,124.18,1109.86,1.0914,0.9162543522081731
2015-05-29,63.16,60.25,106.7388,6.198,123.98,1111.99,1.0994,0.9095870474804439
2015-06-01,62.87,60.24,107.2238,6.1985,124.64,1115.61,1.0913,0.9163383121048292
2015-06-02,63.14,61.3,106.4507,6.198,124.19,1109.34,1.113,0.8984725965858041
2015-06-03,62.78,59.67,106.1443,6.1976,124.06,1104.33,1.1285,0.8861320336730172
2015-06-04,60.34,58.0,106.4725,6.2006,124.56,1112.56,1.1271,0.8872327211427558
2015-06-05,60.36,59.11,107.1336,6.2024,125.58,1121.18,1.1108,0.9002520705797623
2015-06-08,61.33,58.15,106.7693,6.2053,125.08,1121.95,1.1232,0.8903133903133903
2015-06-09,63.23,60.15,106.2238,6.2047,124.16,1119.38,1.1284,0.8862105636299185
2015-06-10,64.68,61.36,105.8037,6.2055,122.72,1110.32,1.1307,0.8844078889183691
2015-06-11,63.76,60.74,106.0934,6.2065,123.62,1113.24,1.1236,0.8899964400142399
2015-06-12,63.19,59.96,105.9015,6.2081,123.23,1111.63,1.1278,0.8866820358219543
2015-06-15,60.99,59.53,105.9989,6.208,123.38,1114.94,1.1266,0.8876264867743653
2015-06-16,60.75,60.01,106.0473,6.2085,123.39,1118.08,1.1238,0.8898380494749957
2015-06-17,60.75,59.89,106.058,6.2086,124.25,1122.83,1.1244,0.8893632159373888
2015-06-18,61.37,60.41,105.102,6.2075,122.87,1101.55,1.1404,0.876885303402315
2015-06-19,59.41,59.62,105.4496,6.2085,122.7,1102.64,1.1335,0.882223202470225
2015-06-22,60.54,60.01,105.3846,6.2085,123.28,1098.85,1.1378,0.8788890841975743
2015-06-23,61.67,61.05,105.9678,6.2066,123.71,1104.54,1.119,0.8936550491510277
2015-06-24,61.63,60.01,106.2522,6.2061,124.24,1110.67,1.1178,0.8946144211844695
2015-06-25,60.24,59.59,106.1515,6.2084,123.63,1111.05,1.1196,0.8931761343336907
2015-06-26,60.14,59.41,106.4116,6.208,123.92,1122.31,1.1156,0.8963786303334529
2015-06-29,59.03,58.34,106.3785,6.2085,122.5,1119.09,1.118,0.8944543828264757
2015-06-30,60.31,59.48,106.5191,6.2,122.1,1117.34,1.1154,0.8965393580778197
2015-07-01,61.65,56.94,107.0101,6.2008,123.02,1123.89,1.1084,0.9022013713460844
2015-07-02,61.73,56.93,106.9106,6.2044,123.14,1119.95,1.109,0.9017132551848512
2015-07-03,59.06,,,,,,,
2015-07-06,57.19,52.48,107.1343,6.2089,122.53,1125.58,1.1076,0.9028530155290719
2015-07-07,54.72,52.33,107.785,6.2097,122.16,1133.75,1.0952,0.9130752373995618
2015-07-08,55.7,51.61,107.4734,6.2087,120.54,1131.75,1.1072,0.9031791907514451
2015-07-09,57.83,52.76,107.5595,6.2086,121.22,1133.69,1.1025,0.9070294784580498
2015-07-10,57.72,52.74,107.213,6.2092,122.75,1127.29,1.115,0.8968609865470852
2015-07-13,57.63,52.19,107.5849,6.2081,123.35,1133.93,1.102,0.9074410163339383
2015-07-14,57.2,53.05,107.4843,6.2088,123.39,1142.75,1.1015,0.9078529278256923
2015-07-15,57.34,51.4,108.0149,6.2082,123.89,1146.42,1.0965,0.9119927040583675
2015-07-16,57.31,50.9,108.1726,6.2094,124.04,1145.24,1.0898,0.9175995595522113
2015-07-17,56.38,50.88,108.5374,6.2085,124.0,1148.48,1.0848,0.9218289085545723
2015-07-20,56.42,50.11,108.6944,6.2095,124.24,1156.38,1.085,0.9216589861751152
2015-07-21,55.94,50.59,108.3893,6.2095,123.93,1148.33,1.0927,0.9151642719868216
2015-07-22,56.36,49.27,108.7817,6.2093,124.08,1156.49,1.0884,0.9187798603454612
2015-07-23,55.76,48.11,108.7565,6.2091,123.88,1160.64,1.0976,0.9110787172011663
2015-07-24,54.29,47.98,109.0174,6.2095,123.74,1169.02,1.0976,0.9110787172011663
2015-07-27,54.07,47.17,108.6924,6.2091,123.24,1167.75,1.1112,0.8999280057595392
2015-07-28,54.3,47.97,108.6881,6.2084,123.52,1161.09,1.1055,0.9045680687471733
2015-07-29,54.73,48.77,108.604,6.2089,123.86,1158.49,1.1026,0.9069472156720478
2015-07-30,54.29,48.53,109.4328,6.2096,124.38,1173.42,1.0914,0.9162543522081731
2015-07-31,53.29,47.11,108.7819,6.2097,123.94,1159.7,1.1028,0.9067827348567283
2015-08-03,49.49,45.25,109.214,6.2087,123.98,1168.63,1.0962,0.9122422915526364
2015-08-04,49.08,45.75,109.2244,6.2086,124.0,1161.2,1.0953,0.9129918743723181
2015-08-05,49.04,45.13,109.842,6.2096,124.84,1174.4,1.0868,0.9201324990798675
2015-08-06,47.8,44.69,109.722,6.2096,124.6,1163.25,1.0922,0.9155832265152902
2015-08-07,47.54,43.87,109.4376,6.2087,124.27,1164.0,1.0958,0.9125752874612154
2015-08-10,48.3,44.94,109.1931,6.2094,124.55,1161.69,1.0994,0.9095870474804439
2015-08-11,47.33,43.11,109.9464,6.3232,124.9,1181.36,1.1042,0.9056330374932077
2015-08-12,48.29,43.22,109.4655,6.3845,123.87,1175.03,1.1198,0.8930166101089481
2015-08-13,48.01,42.27,109.9025,6.3982,124.32,1176.02,1.1144,0.8973438621679827
2015-08-14,47.79,42.45,109.9174,6.3908,124.27,1177.62,1.111,0.9000900090009001
2015-08-17,47.77,41.93,110.1435,6.3937,124.33,1181.53,1.1078,0.9026900162484204
2015-08-18,47.0,42.58,110.2504,6.3928,124.39,1185.85,1.1028,0.9067827348567283
2015-08-19,45.75,40.75,110.4333,6.3956,124.1,1184.35,1.1061,0.9040773890245004
2015-08-20,45.63,41.0,110.1077,6.3875,123.54,1185.63,1.12,0.8928571428571428
2015-08-21,43.84,40.45,110.1443,6.3887,122.11,1194.6,1.1356,0.8805917576611484
2015-08-24,41.59,38.22,109.9306,6.4029,118.56,1191.13,1.158,0.8635578583765113
2015-08-25,41.86,39.15,110.3394,6.4122,119.91,1195.25,1.141,0.8764241893076249
2015-08-26,41.76,38.5,110.5807,6.4083,119.07,1185.52,1.139,0.8779631255487269
2015-08-27,44.46,42.47,110.4834,6.4053,120.89,1170.49,1.1239,0.8897588753447816
2015-08-28,47.97,45.29,110.6714,6.389,121.32,1180.93,1.1172,0.8950948800572861
2015-08-31,,49.2,110.5621,6.376,121.26,1182.54,1.1194,0.8933357155619082
2015-09-01,48.8,45.38,110.4506,6.363,119.94,1179.78,1.1263,0.8878629139660835
2015-09-02,47.67,46.3,110.7979,6.3544,120.0,1183.46,1.1242,0.8895214374666429
2015-09-03,50.41,46.75,110.8566,6.3549,120.2,1188.07,1.1104,0.9005763688760806
2015-09-04,48.59,46.02,111.1018,6.3549,119.05,1196.4,1.1117,0.8995232526760818
2015-09-07,46.42,,,,,,,
2015-09-08,48.88,45.92,110.7942,6.3657,119.72,1195.57,1.1182,0.8942944017170452
2015-09-09,48.04,44.13,110.9225,6.3768,120.94,1186.52,1.1165,0.8956560680698611
2015-09-10,47.77,45.85,110.6331,6.377,120.71,1184.87,1.1262,0.8879417510211329
2015-09-11,46.87,44.75,110.6109,6.3735,120.66,1182.25,1.1338,0.8819897689186806
2015-09-14,45.87,44.07,110.5005,6.3664,119.92,1181.17,1.1307,0.8844078889183691
2015-09-15,45.91,44.58,110.6394,6.3685,120.3,1178.69,1.126,0.8880994671403198
2015-09-16,49.35,47.12,110.1021,6.3694,120.62,1169.77,1.1304,0.8846426043878273
2015-09-17,48.27,46.93,110.1212,6.3645,120.9,1163.11,1.1312,0.884016973125884
2015-09-18,47.28,44.71,109.8165,6.3628,119.85,1164.13,1.1358,0.8804366966015145
2015-09-21,47.64,46.67,110.6414,6.3676,120.46,1179.24,1.1204,0.8925383791503034
2015-09-22,46.69,46.17,111.1967,6.375,120.04,1186.1,1.1133,0.898230485942693
2015-09-23,48.0,44.53,111.6287,6.3836,120.12,1193.96,1.116,0.8960573476702508
2015-09-24,47.06,44.94,111.4454,6.3818,119.54,1195.48,1.1252,0.8887308922858159
2015-09-25,47.28,45.55,111.3725,6.3737,120.74,1190.14,1.1192,0.8934953538241601
2015-09-28,46.04,44.4,111.3914,6.3685,119.82,1193.32,1.1236,0.8899964400142399
2015-09-29,47.58,45.24,111.5219,6.3621,119.76,1194.28,1.1246,0.8892050506846878
2015-09-30,47.29,45.06,111.3311,6.3556,119.81,1184.62,1.1162,0.8958967926894821
2015-10-01,47.48,44.75,111.0439,6.3559,119.58,1180.04,1.12,0.8928571428571428
2015-10-02,46.55,45.54,110.7006,6.3559,119.42,1175.48,1.1276,0.8868393047179851
2015-10-05,49.45,46.28,110.4445,6.3559,120.36,1158.54,1.12,0.8928571428571428
2015-10-06,51.34,48.53,110.1371,6.3559,120.18,1160.7,1.1266,0.8876264867743653
2015-10-07,51.66,47.86,109.8162,6.3559,119.9,1153.72,1.1249,0.8889679082585119
2015-10-08,52.13,49.46,109.6452,6.3529,119.94,1155.57,1.1282,0.8863676653075695
2015-10-09,52.08,49.67,109.0782,6.345,120.3,1145.67,1.1363,0.8800492827598345
2015-10-12,50.95,47.09,,,,,,
2015-10-13,48.94,46.7,109.4119,6.3417,119.8,1147.42,1.1382,0.8785802143735723
2015-10-14,48.25,46.63,109.1244,6.3462,119.21,1140.39,1.1437,0.8743551630672379
2015-10-15,47.87,46.38,108.6671,6.3459,118.26,1120.9,1.1418,0.8758101243650377
2015-10-16,48.96,47.3,108.9956,6.3523,119.6,1130.73,1.136,0.8802816901408451
2015-10-19,47.51,45.91,109.3858,6.3591,119.5,1130.57,1.132,0.88339222614841
2015-10-20,46.93,45.84,109.3368,6.348,119.79,1128.64,1.1359,0.8803591865481117
2015-10-21,46.72,45.22,109.7746,6.3487,119.91,1137.09,1.1345,0.881445570736007
2015-10-22,46.59,44.9,110.0342,6.3577,120.5,1131.48,1.114,0.8976660682226211
2015-10-23,46.3,43.91,110.4329,6.3488,121.2,1135.0,1.1016,0.907770515613653
2015-10-26,46.57,43.19,110.2089,6.3517,120.87,1127.47,1.1051,0.904895484571532
2015-10-27,45.54,43.21,110.4875,6.3517,120.29,1134.57,1.1052,0.9048136083966704
2015-10-28,47.6,45.93,110.2334,6.3581,120.56,1130.31,1.1066,0.9036688957166095
2015-10-29,48.04,46.02,110.8083,6.3552,121.14,1142.39,1.0963,0.9121590805436468
2015-10-30,48.0,46.6,110.2079,6.318,120.7,1140.5,1.1042,0.9056330374932077
2015-11-02,47.91,46.12,110.2188,6.318,120.7,1140.5,1.1026,0.9069472156720478
2015-11-03,48.0,47.88,110.244,6.318,121.2,1140.5,1.0946,0.913575735428467
2015-11-04,46.96,46.32,110.7139,6.3357,121.52,1136.45,1.0861,0.9207255317189945
2015-11-05,47.19,45.27,110.8302,6.318,121.71,1140.5,1.0869,0.9200478424878094
2015-11-06,46.09,44.32,111.7603,6.318,123.2,1140.5,1.0746,0.9305788200260562
2015-11-09,45.38,43.87,111.9112,6.3619,123.04,1160.42,1.0767,0.9287638153617536
2015-11-10,46.44,44.23,111.9919,6.3603,123.22,1158.34,1.0686,0.9358038555118847
2015-11-11,44.98,42.95,,,,,,
2015-11-12,44.98,41.74,111.7965,6.369,122.84,1158.6,1.0768,0.9286775631500743
2015-11-13,41.98,40.69,112.0264,6.3735,122.93,1169.79,1.0722,0.9326618168252191
2015-11-16,40.28,41.68,112.2199,6.37,123.11,1172.67,1.0708,0.9338812103100486
2015-11-17,41.28,40.73,112.3141,6.3771,123.48,1169.08,1.0634,0.940379913485048
2015-11-18,41.45,40.75,112.3663,6.3834,123.51,1167.89,1.0638,0.9400263207369806
2015-11-19,42.22,40.55,111.5749,6.3825,122.71,1156.08,1.0746,0.9305788200260562
2015-11-20,42.49,39.39,111.7799,6.3835,122.8,1151.63,1.066,0.9380863039399624
2015-11-23,43.7,39.27,112.1125,6.389,123.02,1159.14,1.0602,0.9432182607055273
2015-11-24,44.38,40.89,111.7638,6.3883,122.47,1149.39,1.0652,0.938790837401427
2015-11-25,43.56,41.22,111.8936,6.3877,122.7,1140.67,1.0616,0.9419743782969102
2015-11-26,43.55,,,,,,,
2015-11-27,43.07,40.57,112.2824,6.3945,122.84,1154.43,1.0596,0.9437523593808984
2015-11-30,43.73,40.43,112.34,6.3883,123.22,1149.39,1.0562,0.946790380609733
2015-12-01,42.97,40.58,112.1134,6.3883,122.88,1149.39,1.062,0.9416195856873822
2015-12-02,41.92,39.93,112.3715,6.3883,123.52,1149.39,1.0573,0.9458053532582995
2015-12-03,42.0,41.08,111.6407,6.3883,123.06,1149.39,1.0902,0.91726288754357
2015-12-04,41.44,40.0,111.5463,6.3883,123.1,1149.39,1.0884,0.9187798603454612
2015-12-07,39.69,37.64,112.3056,6.4081,123.31,1172.68,1.084,0.9225092250922509
2015-12-08,39.44,37.46,112.5485,6.4162,123.0,1179.6,1.0876,0.9194556822361163
2015-12-09,39.04,37.16,112.1918,6.427,121.86,1181.75,1.0984,0.9104151493080844
2015-12-10,38.65,36.76,112.2672,6.4363,121.44,1176.39,1.0948,0.9134088417975886
2015-12-11,36.99,35.65,112.7147,6.4538,120.94,1188.0,1.1002,0.9089256498818397
2015-12-14,36.51,36.31,112.7521,6.4588,120.57,1186.2,1.1025,0.9070294784580498
2015-12-15,37.66,37.32,112.8609,6.46,121.66,1176.66,1.0911,0.9165062780680048
2015-12-16,36.96,35.55,112.9864,6.4723,121.88,1177.19,1.0937,0.9143275121148396
2015-12-17,36.29,34.98,113.8177,6.4822,122.75,1187.7,1.0804,0.9255831173639393
2015-12-18,36.76,34.72,113.2837,6.48,121.2,1178.04,1.0847,0.9219138932423712
2015-12-21,35.34,34.55,113.4144,6.4793,120.99,1173.87,1.092,0.9157509157509157
2015-12-22,35.26,36.12,113.211,6.4778,120.94,1169.26,1.0978,0.9109127345600291
2015-12-23,35.79,36.76,113.1847,6.4763,120.94,1140.67,1.0875,0.9195402298850576
2015-12-24,37.22,37.62,113.0496,6.4758,120.32,1167.94,1.0955,0.9128251939753538
2015-12-25,,,,,,,,
2015-12-28,37.08,36.36,113.0461,6.4778,120.3,1169.26,1.0983,0.9104980424292087
2015-12-29,36.85,37.88,113.1664,6.4778,120.44,1169.26,1.0916,0.9160864785635765
2015-12-30,35.65,36.59,113.4707,6.4896,120.6,1177.53,1.0912,0.9164222873900294
2015-12-31,36.61,37.13,113.3429,6.4778,120.27,1169.26,1.0859,0.9208951100469656
2016-01-01,,,,,,,,
2016-01-04,36.28,36.81,114.1595,6.5338,119.3,1191.46,1.0803,0.9256687957048968
2016-01-05,35.56,35.97,114.2649,6.5219,118.95,1190.43,1.0743,0.9308386856557759
2016-01-06,33.89,33.97,114.6177,6.5554,118.54,1200.16,1.0762,0.929195316855603
2016-01-07,33.57,33.29,114.6516,6.5926,118.0,1193.05,1.086,0.9208103130755064
2016-01-08,31.67,33.2,115.0095,6.5932,117.74,1206.97,1.0885,0.9186954524575103
2016-01-11,30.14,31.42,115.0139,6.5675,117.48,1206.55,1.0878,0.9192866335723477
2016-01-12,29.14,30.42,115.3128,6.57,117.78,1208.95,1.0837,0.9227646027498384
2016-01-13,28.58,30.42,115.1425,6.57,118.06,1208.95,1.0862,0.9206407659731173
2016-01-14,28.84,31.22,115.3846,6.5891,118.03,1211.28,1.0862,0.9206407659731173
2016-01-15,28.8,29.45,115.7404,6.584,116.78,1216.95,1.0964,0.9120758847136081
2016-01-18,27.36,,,,,,,
2016-01-19,27.36,28.47,115.8155,6.5783,117.66,1205.61,1.0906,0.9169264624977077
2016-01-20,26.01,26.68,116.3498,6.5781,116.38,1215.4,1.0908,0.9167583425009168
2016-01-21,27.59,29.55,115.9833,6.5794,117.61,1204.31,1.0833,0.9231053263177329
2016-01-22,30.46,32.07,,6.5788,118.37,1195.66,1.0814,0.9247272054743851
2016-01-25,29.82,30.31,,6.579,118.55,1194.3,1.0832,0.9231905465288036
2016-01-26,30.94,29.54,,6.5814,118.5,1199.64,1.0846,0.9219988936013277
2016-01-27,31.83,32.32,115.5087,6.5773,118.9,1199.25,1.0867,0.9202171712524155
2016-01-28,33.01,33.21,115.2224,6.5744,118.61,1204.08,1.0952,0.9130752373995618
2016-01-29,33.14,33.66,115.5731,6.5752,121.05,1210.04,1.0832,0.9231905465288036
2016-02-01,32.45,31.62,115.3331,6.5778,121.06,1203.19,1.0888,0.9184423218221895
2016-02-02,30.98,29.9,115.553,6.5795,120.27,1212.01,1.0908,0.9167583425009168
2016-02-03,32.38,32.29,114.6144,6.5765,117.92,1211.33,1.1051,0.904895484571532
2016-02-04,32.76,31.63,113.6012,6.5638,116.75,1186.11,1.1199,0.892936869363336
2016-02-05,32.35,30.86,114.2935,6.571,116.99,1204.69,1.1131,0.8983918785374181
2016-02-08,31.64,29.71,114.4351,6.571,115.7,1205.1,1.117,0.8952551477170994
2016-02-09,30.15,27.96,114.127,6.571,114.8,1200.39,1.13,0.8849557522123894
2016-02-10,29.64,27.54,114.2877,6.571,114.03,1189.69,1.1222,0.8911067545891997
2016-02-11,28.82,26.19,114.1845,6.571,111.72,1196.89,1.1362,0.880126738250308
2016-02-12,31.8,29.32,114.2992,6.571,112.96,1205.13,1.1235,0.8900756564307967
2016-02-15,,,,,,,,
2016-02-16,31.09,29.05,114.4905,6.5154,113.9,1219.44,1.114,0.8976660682226211
2016-02-17,33.21,30.68,113.8634,6.527,114.14,1222.32,1.114,0.8976660682226211
2016-02-18,33.2,30.77,113.8897,6.5163,113.62,1231.15,1.1092,0.9015506671474938
2016-02-19,31.66,29.59,113.9558,6.5202,112.42,1231.09,1.1127,0.8987148377819718
2016-02-22,33.59,31.37,113.8232,6.5197,113.12,1223.32,1.1018,0.907605736068252
2016-02-23,31.9,31.84,114.177,6.5263,112.17,1230.05,1.1016,0.907770515613653
2016-02-24,31.5,30.35,114.1716,6.529,111.36,1234.6,1.1021,0.9073586788857635
2016-02-25,32.83,31.4,113.9222,6.532,112.7,1237.39,1.1026,0.9069472156720478
2016-02-26,35.76,31.65,114.3708,6.539,113.78,1242.59,1.0932,0.9147457006952068
2016-02-29,35.92,32.74,114.2418,6.5525,112.9,1238.09,1.0868,0.9201324990798675
2016-03-01,35.73,34.39,113.9265,6.55,113.94,1229.56,1.0847,0.9219138932423712
2016-03-02,36.38,34.57,113.7965,6.5499,113.81,1227.59,1.0845,0.9220839096357768
2016-03-03,35.75,34.56,113.2482,6.5312,113.53,1209.55,1.0948,0.9134088417975886
2016-03-04,37.61,35.91,112.6387,6.5064,113.91,1195.09,1.101,0.9082652134423251
2016-03-07,39.02,37.9,112.6219,6.5155,113.6,1200.08,1.1004,0.9087604507451835
2016-03-08,39.16,36.67,112.8465,6.5044,112.58,1206.19,1.1028,0.9067827348567283
2016-03-09,40.26,37.62,112.4268,6.5105,113.06,1206.82,1.1022,0.9072763563781527
2016-03-10,38.63,37.77,112.4191,6.507,113.1,1204.09,1.1162,0.8958967926894821
2016-03-11,39.41,38.51,111.741,6.494,113.66,1184.56,1.118,0.8944543828264757
2016-03-14,38.06,37.2,112.1688,6.4984,113.59,1187.39,1.1107,0.9003331232556046
2016-03-15,37.49,36.32,112.5545,6.511,112.88,1194.99,1.1112,0.8999280057595392
2016-03-16,38.38,38.43,112.7759,6.5189,113.69,1190.59,1.1075,0.9029345372460498
2016-03-17,39.29,40.17,110.445,6.4745,111.3,1155.83,1.1316,0.8837044892188053
2016-03-18,39.26,39.47,110.4002,6.4682,111.38,1160.11,1.1292,0.8855827134254339
2016-03-21,39.91,39.91,110.737,6.4812,111.62,1157.33,1.126,0.8880994671403198
2016-03-22,40.54,41.45,110.7877,6.4876,111.82,1154.58,1.1228,0.8906305664410402
2016-03-23,38.84,38.28,111.5473,6.5035,112.63,1166.59,1.1174,0.8949346697691068
2016-03-24,38.33,38.14,111.816,6.5124,112.64,1168.09,1.1163,0.8958165367732688
2016-03-25,,,111.7698,6.5131,113.05,1168.19,1.1164,0.8957362952346829
2016-03-28,38.33,37.99,111.3578,6.5051,113.29,1163.39,1.121,0.8920606601248885
2016-03-29,36.75,36.91,111.3736,6.5063,113.33,1164.69,1.1204,0.8925383791503034
2016-03-30,36.75,36.91,110.2301,6.4648,112.6,1142.02,1.133,0.8826125330979699
2016-03-31,36.75,36.94,109.9191,6.448,112.42,1138.86,1.139,0.8779631255487269
2016-04-01,36.42,35.36,110.2977,6.4776,112.06,1147.15,1.1385,0.8783487044356609
2016-04-04,36.05,34.3,110.3987,6.4776,111.18,1151.35,1.1386,0.8782715615668364
2016-04-05,35.88,34.52,110.9478,6.476,110.26,1158.39,1.1374,0.8791981712678038
2016-04-06,37.77,37.74,110.5347,6.478,109.63,1155.28,1.143,0.8748906386701663
2016-04-07,37.15,37.3,110.8876,6.4599,107.98,1156.81,1.1386,0.8782715615668364
2016-04-08,40.71,39.74,110.4213,6.4628,108.36,1148.89,1.1406,0.8767315448009819
2016-04-11,41.58,40.46,109.9758,6.458,107.96,1141.97,1.1412,0.8762705923589205
2016-04-12,43.02,42.12,109.816,6.4639,108.54,1144.53,1.1395,0.8775778850372971
2016-04-13,42.81,41.7,110.1436,6.4768,109.21,1146.29,1.1281,0.8864462370357237
2016-04-14,43.02,41.45,110.1691,6.481,109.2,1151.99,1.1262,0.8879417510211329
2016-04-15,41.32,40.4,110.1933,6.473,108.76,1144.83,1.1295,0.8853474988933157
2016-04-18,41.64,39.74,109.9892,6.4717,108.85,1144.48,1.1322,0.8832361773538243
2016-04-19,43.02,40.88,109.2782,6.4571,109.16,1126.01,1.1375,0.8791208791208791
2016-04-20,43.09,42.72,109.3926,6.4675,109.51,1130.48,1.133,0.8826125330979699
2016-04-21,43.48,43.18,109.8533,6.481,109.41,1135.49,1.1301,0.8848774444739402
2016-04-22,43.97,42.76,110.2331,6.5004,111.5,1147.85,1.1239,0.8897588753447816
2016-04-25,42.97,41.67,110.1865,6.49,111.08,1147.76,1.1274,0.8869966294128082
2016-04-26,43.94,42.52,109.7496,6.4905,111.23,1146.66,1.1318,0.8835483300936562
2016-04-27,44.17,45.29,109.8483,6.494,111.26,1151.5,1.1322,0.8832361773538243
2016-04-28,45.6,46.03,109.2148,6.4735,108.55,1139.93,1.1325,0.8830022075055187
2016-04-29,45.64,45.98,108.8274,6.4738,106.9,1144.09,1.1441,0.87404947120007
2016-05-02,45.82,44.75,108.671,6.4738,106.48,1138.45,1.1516,0.868357068426537
2016-05-03,43.09,43.65,109.3613,6.49,106.34,1148.69,1.1508,0.8689607229753215
2016-05-04,43.08,43.77,109.9952,6.4945,107.12,1164.59,1.1486,0.8706251088281386
2016-05-05,44.39,44.33,110.2417,6.5032,107.32,1165.93,1.1404,0.876885303402315
2016-05-06,44.6,44.58,110.3801,6.497,106.66,1167.29,1.1421,0.8755800717975659
2016-05-09,42.43,43.45,110.9466,6.514,108.39,1174.25,1.1402,0.8770391159445711
2016-05-10,44.01,44.68,110.8225,6.515,109.22,1169.89,1.1386,0.8782715615668364
2016-05-11,46.08,46.21,110.2806,6.491,108.48,1162.47,1.1444,0.8738203425375742
2016-05-12,46.43,46.64,110.6935,6.514,108.73,1168.7,1.138,0.8787346221441126
2016-05-13,47.05,46.22,111.2521,6.5285,109.14,1176.85,1.1294,0.8854258898530193
2016-05-16,48.49,47.72,111.1217,6.5184,108.89,1177.21,1.1328,0.8827683615819208
2016-05-17,48.71,48.29,111.0867,6.517,109.02,1173.67,1.1337,0.8820675663755845
2016-05-18,48.93,48.12,111.4995,6.537,109.65,1185.77,1.1276,0.8868393047179851
2016-05-19,47.01,48.16,112.2331,6.544,109.81,1189.25,1.1214,0.8917424647761727
2016-05-20,48.54,47.67,112.1822,6.5485,110.52,1186.93,1.1207,0.892299455697332
2016-05-23,47.77,48.12,112.284,6.5533,109.47,1183.39,1.1192,0.8934953538241601
2016-05-24,48.42,48.04,112.2912,6.5552,110.0,1186.39,1.1145,0.8972633467922835
2016-05-25,48.87,49.1,112.2001,6.5538,110.22,1182.21,1.1154,0.8965393580778197
2016-05-26,49.52,49.0,111.8979,6.554,109.74,1178.09,1.1184,0.8941344778254648
2016-05-27,49.09,49.36,112.0822,6.5615,109.86,1180.59,1.114,0.8976660682226211
2016-05-30,,,,,,,,
2016-05-31,49.26,49.1,112.4276,6.5798,110.75,1188.99,1.1135,0.898069151324652
2016-06-01,48.81,49.07,112.462,6.5748,109.55,1192.09,1.1165,0.8956560680698611
2016-06-02,49.05,49.14,112.4564,6.5815,108.75,1186.69,1.1157,0.8962982880702699
2016-06-03,48.5,48.69,111.4451,6.5638,106.88,1167.79,1.133,0.8826125330979699
2016-06-06,48.94,49.71,111.2295,6.5611,107.33,1162.28,1.1354,0.8807468733485997
2016-06-07,49.76,50.37,110.8378,6.571,107.3,1154.8,1.135,0.8810572687224669
2016-06-08,50.73,51.23,110.1916,6.56,106.68,1153.83,1.14,0.8771929824561404
2016-06-09,50.59,50.52,110.6168,6.559,106.54,1159.29,1.1329,0.8826904404625298
2016-06-10,49.7,49.09,111.1027,6.559,107.06,1167.61,1.1281,0.8864462370357237
2016-06-13,49.36,48.89,111.5036,6.5823,106.07,1169.74,1.1282,0.8863676653075695
2016-06-14,47.88,48.49,111.9826,6.593,106.02,1176.78,1.1206,0.892379082634303
2016-06-15,47.47,47.92,111.7671,6.5785,105.87,1167.53,1.1239,0.8897588753447816
2016-06-16,45.66,46.14,112.2347,6.5899,104.05,1176.49,1.1158,0.8962179602079227
2016-06-17,46.57,48.0,111.5332,6.5849,104.2,1171.77,1.1256,0.8884150675195451
2016-06-20,48.68,49.4,110.8693,6.5768,104.32,1156.8,1.1318,0.8835483300936562
2016-06-21,48.18,48.95,111.0077,6.5893,104.56,1154.35,1.1262,0.8879417510211329
2016-06-22,48.43,49.16,110.7681,6.575,104.56,1147.99,1.1286,0.886053517632465
2016-06-23,48.63,49.34,110.262,6.574,105.9,1143.27,1.1373,0.8792754770069463
2016-06-24,46.69,46.7,112.1355,6.615,102.26,1167.56,1.1126,0.8987956138774043
2016-06-27,45.07,45.8,113.1301,6.6481,101.66,1181.24,1.1024,0.9071117561683599
2016-06-28,46.29,47.93,112.7545,6.645,102.71,1169.31,1.1054,0.904649900488511
2016-06-29,48.4,49.85,111.8597,6.635,102.68,1153.09,1.1117,0.8995232526760818
2016-06-30,48.05,48.27,112.1618,6.6459,102.77,1154.15,1.1032,0.9064539521392314
2016-07-01,47.65,49.02,111.6509,6.6547,102.55,1146.49,1.1145,0.8972633467922835
2016-07-04,48.02,,,,,,,
2016-07-05,45.64,46.73,112.4231,6.677,101.58,1156.79,1.108,0.9025270758122743
2016-07-06,45.7,47.37,112.5438,6.69,101.12,1160.59,1.1077,0.9027715085311908
2016-07-07,45.93,45.22,112.5775,6.679,100.74,1154.89,1.1065,0.903750564844103
2016-07-08,44.53,45.37,112.3963,6.6878,100.65,1148.71,1.1038,0.9059612248595761
2016-07-11,44.04,44.73,112.5254,6.6917,102.66,1148.97,1.1045,0.9053870529651425
2016-07-12,46.72,46.82,112.1102,6.686,104.72,1146.47,1.1074,0.9030160736861117
2016-07-13,44.67,44.87,112.0266,6.6832,104.1,1145.01,1.1112,0.8999280057595392
2016-07-14,46.01,45.64,111.7692,6.6801,105.4,1130.65,1.1109,0.9001710324961743
2016-07-15,46.25,45.93,112.2833,6.6865,105.64,1135.49,1.1059,0.9042408897730354
2016-07-18,45.35,45.23,112.2463,6.7013,106.0,1134.39,1.1076,0.9028530155290719
2016-07-19,45.7,44.64,112.638,6.6931,106.13,1140.56,1.1014,0.9079353550027238
2016-07-20,45.82,44.96,112.6743,6.676,106.65,1142.33,1.1007,0.9085127646043427
2016-07-21,44.99,43.96,112.6239,6.6735,105.98,1137.31,1.1016,0.907770515613653
2016-07-22,44.24,43.41,112.989,6.676,106.22,1137.49,1.0968,0.9117432530999271
2016-07-25,43.76,42.4,113.1784,6.6783,106.02,1140.8,1.098,0.9107468123861566
2016-07-26,43.56,42.16,113.0593,6.669,104.83,1137.59,1.0984,0.9104151493080844
2016-07-27,42.78,41.9,113.217,6.668,105.65,1135.09,1.0988,0.9100837277029487
2016-07-28,41.87,41.13,112.7393,6.6538,104.86,1124.79,1.1094,0.9013881377321075
2016-07-29,40.76,41.54,111.874,6.6371,102.32,1112.89,1.1168,0.8954154727793696
2016-08-01,40.17,40.05,111.9757,6.6421,102.26,1106.15,1.1176,0.894774516821761
2016-08-02,40.0,39.5,111.7124,6.6239,100.82,1108.35,1.1225,0.8908685968819599
2016-08-03,40.45,40.8,111.9419,6.632,101.34,1116.21,1.117,0.8952551477170994
2016-08-04,41.33,41.92,111.9149,6.6388,101.08,1111.99,1.1134,0.8981498113885397
2016-08-05,42.47,41.83,112.3589,6.653,101.74,1114.54,1.108,0.9025270758122743
2016-08-08,43.24,43.06,112.1456,6.6597,102.53,1108.24,1.1078,0.9026900162484204
2016-08-09,43.37,42.78,111.722,6.653,101.96,1101.45,1.111,0.9000900090009001
2016-08-10,42.19,41.75,111.3238,6.6345,101.27,1095.84,1.1171,0.8951750067138126
2016-08-11,44.23,43.51,111.1954,6.6274,101.46,1097.39,1.1168,0.8954154727793696
2016-08-12,45.12,44.47,111.1787,6.6324,101.01,1100.79,1.1172,0.8950948800572861
2016-08-15,47.31,45.72,110.9212,6.637,101.02,1095.83,1.1199,0.892936869363336
2016-08-16,48.27,46.57,110.4295,6.624,100.28,1093.95,1.1277,0.8867606632969762
2016-08-17,48.58,46.81,110.9459,6.6328,100.24,1114.25,1.1263,0.8878629139660835
2016-08-18,49.46,48.2,110.3134,6.6297,100.07,1107.41,1.1334,0.8823010411152286
2016-08-19,49.39,48.48,110.8163,6.6515,100.24,1116.37,1.1326,0.8829242450997704
2016-08-22,48.1,46.8,110.9997,6.6475,100.25,1120.93,1.1314,0.8838607035531201
2016-08-23,48.7,47.54,110.9414,6.6378,100.2,1116.91,1.1308,0.8843296781039971
2016-08-24,47.56,46.29,111.2958,6.6562,100.5,1121.34,1.1256,0.8884150675195451
2016-08-25,49.25,46.97,111.1726,6.656,100.58,1115.23,1.1274,0.8869966294128082
2016-08-26,49.66,47.64,111.2035,6.669,101.2,1111.47,1.1237,0.8899172376968942
2016-08-29,49.66,46.97,111.8775,6.6775,102.13,1121.53,1.1182,0.8942944017170452
2016-08-30,47.94,46.32,112.2928,6.6778,102.92,1118.27,1.115,0.8968609865470852
2016-08-31,47.94,44.68,112.4036,6.6776,103.38,1115.98,1.1146,0.897182845863987
2016-09-01,45.05,43.17,112.1733,6.6713,103.22,1116.89,1.1194,0.8933357155619082
2016-09-02,45.96,44.39,112.0009,6.679,104.18,1114.87,1.1158,0.8962179602079227
2016-09-05,46.72,,,,,,,
2016-09-06,46.21,44.85,110.9613,6.6722,102.28,1093.04,1.1237,0.8899172376968942
2016-09-07,47.0,45.47,110.9717,6.66,101.72,1090.03,1.1238,0.8898380494749957
2016-09-08,49.23,47.63,111.2609,6.664,102.28,1095.27,1.1256,0.8884150675195451
2016-09-09,48.37,45.88,111.9879,6.6778,102.86,1106.83,1.1214,0.8917424647761727
2016-09-12,47.82,46.28,112.1516,6.6788,101.96,1112.03,1.123,0.8904719501335708
2016-09-13,46.48,44.91,112.5207,6.6782,102.14,1124.61,1.1242,0.8895214374666429
2016-09-14,45.65,43.62,112.4678,6.6707,102.33,1123.81,1.1271,0.8872327211427558
2016-09-15,45.83,43.85,112.4753,6.6707,102.24,1122.83,1.1246,0.8892050506846878
2016-09-16,45.26,43.04,113.1765,6.6707,102.36,1127.37,1.116,0.8960573476702508
2016-09-19,46.04,43.34,112.903,6.665,101.82,1117.44,1.1179,0.894534394847482
2016-09-20,45.24,43.85,113.1848,6.67,101.66,1117.34,1.1172,0.8950948800572861
2016-09-21,45.99,45.33,112.9842,6.6695,100.62,1112.17,1.1165,0.8956560680698611
2016-09-22,47.21,46.1,112.2592,6.663,100.8,1100.59,1.1229,0.890551251224508
2016-09-23,46.71,44.36,112.7166,6.669,101.04,1102.21,1.1223,0.8910273545397843
2016-09-26,46.61,45.6,112.7112,6.6683,100.34,1106.99,1.127,0.8873114463176575
2016-09-27,44.95,44.65,112.5515,6.6691,100.36,1099.22,1.1208,0.8922198429693077
2016-09-28,45.49,47.07,112.6283,6.673,100.57,1096.73,1.12,0.8928571428571428
2016-09-29,48.43,47.72,112.2879,6.665,101.48,1097.39,1.1244,0.8893632159373888
2016-09-30,48.24,47.72,112.2795,6.6685,101.21,1097.98,1.1238,0.8898380494749957
2016-10-03,48.61,48.8,112.5077,6.6685,101.54,1104.79,1.121,0.8920606601248885
2016-10-04,48.81,48.67,112.6579,6.6685,102.66,1110.77,1.1212,0.8919015340706387
2016-10-05,49.57,49.75,112.7946,6.6685,103.53,1114.53,1.1196,0.8931761343336907
2016-10-06,50.14,50.44,113.0066,6.6685,104.02,1114.53,1.1158,0.8962179602079227
2016-10-07,50.49,49.76,113.2915,6.6685,103.42,1115.95,1.1156,0.8963786303334529
2016-10-10,51.54,49.76,,,,,,
2016-10-11,50.48,50.72,113.4461,6.719,103.36,1124.21,1.1062,0.903995660820828
2016-10-12,49.53,50.14,113.7442,6.718,104.48,1127.23,1.1014,0.9079353550027238
2016-10-13,49.29,50.47,113.6238,6.7248,103.62,1133.31,1.1038,0.9059612248595761
2016-10-14,48.87,50.35,113.7119,6.7277,104.1,1133.13,1.0985,0.9103322712790168
2016-10-17,49.31,49.97,113.5488,6.735,103.96,1137.61,1.1,0.9090909090909091
2016-10-18,49.81,50.3,113.1393,6.7401,103.8,1123.75,1.0997,0.9093389106119851
2016-10-19,51.85,51.59,113.0547,6.737,103.3,1120.01,1.0966,0.9119095385737734
2016-10-20,50.42,50.31,113.4033,6.7439,103.92,1128.39,1.0934,0.9145783793671118
2016-10-21,50.28,50.61,113.9015,6.7654,103.96,1137.17,1.0866,0.9203018590097551
2016-10-24,49.8,50.18,113.8571,6.7728,104.2,1135.4,1.0888,0.9184423218221895
2016-10-25,49.08,49.45,113.6801,6.778,104.25,1129.89,1.089,0.9182736455463728
2016-10-26,48.98,48.75,113.8131,6.7706,104.42,1134.94,1.0916,0.9160864785635765
2016-10-27,49.13,49.71,114.1998,6.7819,105.14,1145.85,1.0904,0.917094644167278
2016-10-28,47.78,48.72,114.0931,6.776,105.4,1146.49,1.0934,0.9145783793671118
2016-10-31,46.2,46.83,114.0188,6.7735,105.07,1145.37,1.0962,0.9122422915526364
2016-11-01,45.77,46.66,113.9915,6.763,104.59,1142.68,1.1042,0.9056330374932077
2016-11-02,44.26,45.32,113.9206,6.7606,103.22,1148.39,1.1119,0.8993614533681086
2016-11-03,43.84,44.66,113.7664,6.7612,103.17,1142.68,1.1094,0.9013881377321075
2016-11-04,43.06,44.07,113.5828,6.7534,103.02,1142.68,1.1121,0.899199712256092
2016-11-07,42.83,44.88,113.5443,6.774,104.6,1141.27,1.1038,0.9059612248595761
2016-11-08,43.47,44.96,113.3017,6.784,104.98,1131.39,1.1034,0.9062896501721951
2016-11-09,43.88,45.2,114.6956,6.7769,104.84,1150.64,1.0952,0.9130752373995618
2016-11-10,43.67,44.62,115.9375,6.7987,106.56,1162.11,1.0882,0.9189487226612755
2016-11-11,41.61,43.39,,,,,,
2016-11-14,41.83,43.29,117.2245,6.8447,108.3,1171.25,1.0723,0.9325748391308403
2016-11-15,44.15,45.86,116.7724,6.8556,108.94,1170.21,1.0726,0.9323140033563304
2016-11-16,45.07,45.56,116.8062,6.877,109.16,1172.41,1.0699,0.9346667912889054
2016-11-17,44.57,45.37,116.8952,6.8674,109.64,1176.03,1.0656,0.9384384384384383
2016-11-18,44.41,45.69,117.5936,6.8873,110.51,1177.71,1.06,0.9433962264150942
2016-11-21,45.96,47.48,117.4762,6.8918,111.12,1178.51,1.0597,0.9436633009342266
2016-11-22,46.1,48.07,117.4508,6.888,110.98,1173.25,1.0618,0.9417969485778865
2016-11-23,46.54,46.72,118.0356,6.9195,112.58,1181.57,1.056,0.9469696969696969
2016-11-24,47.54,,,,,,,
2016-11-25,46.32,46.72,118.02,6.9176,113.17,1174.99,1.0595,0.9438414346389805
2016-11-28,46.64,45.66,117.7278,6.9055,112.36,1170.53,1.0576,0.94553706505295
2016-11-29,44.68,45.29,117.644,6.8933,112.78,1169.99,1.0626,0.9410878976096367
2016-11-30,47.95,49.41,117.7636,6.8837,114.34,1175.87,1.0578,0.9453582907922102
2016-12-01,52.28,51.08,117.6642,6.883,114.34,1167.31,1.0634,0.940379913485048
2016-12-02,52.35,51.7,117.3116,6.883,113.76,1167.7,1.0666,0.9375585974123383
2016-12-05,53.3,51.72,117.1008,6.8775,114.1,1168.11,1.0723,0.9325748391308403
2016-12-06,52.31,50.95,116.9225,6.879,113.98,1171.5,1.0717,0.9330969487729774
2016-12-07,51.9,49.85,116.672,6.878,113.5,1161.67,1.0758,0.9295408068414203
2016-12-08,51.6,50.84,117.0327,6.8771,114.16,1162.49,1.0625,0.9411764705882353
2016-12-09,52.19,51.51,117.2834,6.9042,115.17,1171.88,1.0541,0.948676596148373
2016-12-12,53.99,52.74,116.9161,6.9045,115.34,1164.37,1.0606,0.9428625306430323
2016-12-13,53.28,52.99,116.8029,6.8984,115.26,1164.65,1.0635,0.9402914903620123
2016-12-14,53.15,51.01,116.7332,6.9025,115.06,1165.13,1.0656,0.9384384384384383
2016-12-15,51.72,50.9,118.8072,6.941,118.32,1185.35,1.0375,0.9638554216867469
2016-12-16,54.15,51.93,118.3584,6.958,117.74,1183.72,1.0456,0.9563886763580718
2016-12-19,53.53,52.13,118.3875,6.9506,116.6,1187.71,1.0444,0.9574875526618154
2016-12-20,54.56,52.22,118.63,6.947,117.86,1192.13,1.039,0.9624639076034649
2016-12-21,53.01,51.44,118.581,6.939,117.79,1193.91,1.0425,0.9592326139088729
2016-12-22,54.04,51.98,118.8209,6.9473,117.48,1204.65,1.0452,0.9567546880979718
2016-12-23,53.93,52.01,118.7856,6.9432,117.22,1201.51,1.0449,0.9570293808019906
2016-12-26,,,,,,,,
2016-12-27,,52.82,118.9506,6.9491,117.52,1207.68,1.0458,0.9562057754828839
2016-12-28,54.95,54.01,119.2305,6.9559,117.66,1212.22,1.0389,0.9625565501973241
2016-12-29,54.97,53.8,118.6637,6.9535,116.32,1207.05,1.0486,0.9536524890329964
2016-12-30,54.96,53.75,118.3466,6.943,116.78,1203.73,1.0552,0.9476876421531464
2017-01-02,,,,,,,,
2017-01-03,55.05,52.36,119.0903,6.9575,117.68,1207.23,1.0416,0.9600614439324116
2017-01-04,54.57,53.26,118.8803,6.9322,117.38,1198.07,1.0476,0.9545628102329132
2017-01-05,54.99,53.77,117.9999,6.887,115.46,1182.46,1.0598,0.9435742592942064
2017-01-06,55.9,53.98,118.3495,6.9176,116.85,1198.85,1.056,0.9469696969696969
2017-01-09,54.39,51.95,118.4111,6.935,116.07,1200.51,1.0576,0.94553706505295
2017-01-10,53.2,50.82,118.5386,6.918,115.74,1196.96,1.0572,0.9458948164964057
2017-01-11,53.61,52.19,119.0219,6.9365,116.26,1197.59,1.0501,0.9522902580706599
2017-01-12,54.51,53.01,117.8001,6.889,113.87,1170.93,1.0666,0.9375585974123383
2017-01-13,54.37,52.36,117.9884,6.8985,115.03,1177.81,1.0625,0.9411764705882353
2017-01-16,54.3,,,,,,,
2017-01-17,54.68,52.45,117.2656,6.852,112.96,1161.61,1.0695,0.9350163627863488
2017-01-18,53.77,51.12,117.7242,6.836,113.4,1170.73,1.0682,0.9361542782250515
2017-01-19,53.18,51.39,118.3182,6.868,115.3,1177.03,1.063,0.9407337723424272
2017-01-20,55.04,52.33,,,,,,
2017-01-23,54.8,52.77,117.2479,6.8514,112.9,1165.82,1.074,0.9310986964618249
2017-01-24,54.7,52.38,117.0516,6.8555,113.63,1165.25,1.0749,0.9303190994511118
2017-01-25,54.34,52.14,116.9355,6.8812,113.6,1164.13,1.0743,0.9308386856557759
2017-01-26,55.89,53.24,117.2766,6.8768,114.7,1169.61,1.067,0.9372071227741331
2017-01-27,54.8,53.18,117.0735,6.8768,115.16,1175.73,1.069,0.9354536950420954
2017-01-30,54.77,52.63,116.7325,6.8768,113.86,1171.27,1.0681,0.9362419249133975
2017-01-31,55.25,52.75,116.2241,6.8768,112.72,1151.45,1.0794,0.9264406151565685
2017-02-01,55.79,53.9,116.3914,6.8768,113.29,1154.45,1.0758,0.9295408068414203
2017-02-02,55.94,53.55,115.903,6.8768,112.48,1139.9,1.0802,0.925754489909276
2017-02-03,55.92,53.81,115.6259,6.865,112.42,1134.65,1.0792,0.9266123054114159
2017-02-06,55.02,53.01,116.0504,6.86,112.32,1134.87,1.0731,0.9318796011555307
2017-02-07,53.79,52.19,116.4082,6.8821,112.14,1142.89,1.069,0.9354536950420954
2017-02-08,54.42,52.37,116.1382,6.87,111.74,1143.25,1.0708,0.9338812103100486
2017-02-09,53.98,52.99,116.306,6.866,113.24,1149.88,1.0658,0.9382623381497466
2017-02-10,55.2,53.84,116.148,6.8775,113.22,1146.78,1.065,0.9389671361502347
2017-02-13,54.15,52.96,116.3427,6.8776,113.79,1150.16,1.0603,0.943129303027445
2017-02-14,54.96,53.21,116.3949,6.8649,114.34,1139.33,1.0577,0.9454476694714947
2017-02-15,54.57,53.11,116.2162,6.8685,114.17,1136.46,1.0597,0.9436633009342266
2017-02-16,54.16,53.41,116.0067,6.8517,113.36,1140.57,1.066,0.9380863039399624
2017-02-17,54.48,53.41,116.4035,6.864,112.86,1150.73,1.0614,0.9421518748822311
2017-02-20,55.25,,,,,,,
2017-02-21,56.34,54.02,116.5921,6.881,113.48,1143.63,1.0551,0.9477774618519572
2017-02-22,54.9,53.61,116.2136,6.8765,113.46,1142.15,1.0555,0.9474182851729037
2017-02-23,55.82,54.48,115.6527,6.8622,112.68,1129.84,1.0586,0.9446438692612885
2017-02-24,54.69,53.99,115.8143,6.8645,112.26,1130.41,1.058,0.9451795841209829
2017-02-27,54.65,54.04,115.6764,6.8675,112.01,1130.14,1.0624,0.9412650602409638
2017-02-28,53.36,54.0,116.0032,6.8665,112.06,1129.17,1.0618,0.9417969485778865
2017-03-01,55.72,53.82,116.438,6.8794,113.66,1140.75,1.0564,0.9466111321469141
2017-03-02,54.16,52.63,116.8429,6.8868,114.45,1146.9,1.0514,0.9511128019783147
2017-03-03,54.12,53.33,116.6438,6.8954,114.6,1156.77,1.0552,0.9476876421531464
2017-03-06,54.73,53.19,116.4313,6.8955,113.92,1154.36,1.0586,0.9446438692612885
2017-03-07,54.61,52.68,116.4303,6.9,113.99,1149.87,1.0582,0.945000945000945
2017-03-08,53.3,49.83,116.875,6.9113,114.58,1154.69,1.0547,0.9481369109699441
2017-03-09,50.65,48.75,116.9959,6.9086,114.71,1158.12,1.0586,0.9446438692612885
2017-03-10,50.63,48.05,116.616,6.905,115.02,1150.37,1.0667,0.9374707040404987
2017-03-13,50.1,47.95,116.4004,6.905,114.61,1150.37,1.067,0.9372071227741331
2017-03-14,49.6,47.24,116.5646,6.913,114.63,1148.54,1.0645,0.9394081728511038
2017-03-15,50.63,48.34,116.3584,6.9132,114.66,1144.16,1.063,0.9407337723424272
2017-03-16,50.56,48.3,115.4456,6.913,113.02,1148.54,1.0738,0.9312721177127956
2017-03-17,50.58,48.34,115.2783,6.9,112.67,1128.67,1.0742,0.9309253397877489
2017-03-20,50.67,47.79,115.0426,6.905,112.59,1112.29,1.0754,0.9298865538404315
2017-03-21,50.14,47.02,114.8119,6.883,111.9,1118.23,1.081,0.9250693802035153
2017-03-22,49.56,47.29,114.7937,6.8785,111.06,1117.91,1.08,0.9259259259259258
2017-03-23,50.17,47.0,114.7899,6.8843,111.12,1117.91,1.0787,0.9270418095856123
2017-03-24,49.97,47.3,114.6372,6.8803,111.03,1116.69,1.0806,0.9254118082546733
2017-03-27,50.12,47.02,114.2347,6.8687,110.48,1108.3,1.0882,0.9189487226612755
2017-03-28,50.72,48.36,114.419,6.8779,110.56,1111.51,1.0852,0.9214891264283082
2017-03-29,51.36,49.47,114.7167,6.8879,111.05,1112.28,1.0756,0.9297136481963556
2017-03-30,52.25,50.3,114.5245,6.887,111.36,1114.11,1.0726,0.9323140033563304
2017-03-31,52.2,50.54,114.7938,6.8832,111.41,1117.48,1.0698,0.9347541596560104
2017-04-03,52.04,50.25,114.8734,6.8832,110.96,1117.65,1.0655,0.938526513374003
2017-04-04,53.08,50.99,115.0038,6.8832,110.74,1122.61,1.0664,0.9377344336084021
2017-04-05,53.41,51.14,114.9494,6.892,111.2,1126.58,1.0661,0.937998311603039
2017-04-06,53.62,51.69,115.0181,6.8955,111.02,1131.21,1.0651,0.9388789784996715
2017-04-07,54.24,52.25,115.0547,6.8978,110.76,1133.89,1.0616,0.9419743782969102
2017-04-10,54.79,53.06,115.11,6.8988,110.95,1141.24,1.0606,0.9428625306430323
2017-04-11,54.73,53.38,115.009,6.8893,109.74,1147.77,1.0614,0.9421518748822311
2017-04-12,54.75,53.12,114.9162,6.889,109.54,1138.83,1.0611,0.9424182452172275
2017-04-13,55.05,53.19,114.5059,6.8865,109.23,1133.32,1.063,0.9407337723424272
2017-04-14,,,114.5368,6.8835,108.63,1136.67,1.0625,0.9411764705882353
2017-04-17,54.79,52.62,114.3283,6.88,108.46,1134.25,1.066,0.9380863039399624
2017-04-18,52.6,52.46,114.2575,6.8778,108.4,1143.89,1.0706,0.9340556697179152
2017-04-19,52.43,50.49,114.7923,6.886,109.06,1142.37,1.0707,0.933968431867003
2017-04-20,50.66,50.26,114.6205,6.88,109.34,1136.29,1.0758,0.9295408068414203
2017-04-21,49.93,49.64,114.8128,6.8845,109.08,1134.22,1.0694,0.935103796521414
2017-04-24,49.45,48.9,114.3659,6.884,109.74,1132.19,1.0846,0.9219988936013277
2017-04-25,49.37,49.22,114.5111,6.8824,110.88,1126.54,1.0941,0.9139932364500503
2017-04-26,49.99,49.22,114.9479,6.8918,111.52,1133.17,1.0872,0.919793966151582
2017-04-27,49.46,48.96,114.9946,6.8958,111.13,1133.83,1.0864,0.9204712812960235
2017-04-28,49.46,49.31,114.7877,6.89,111.44,1136.99,1.0895,0.9178522257916476
2017-05-01,50.41,48.83,114.5921,6.89,111.78,1134.87,1.0912,0.9164222873900294
2017-05-02,49.31,47.65,114.6792,6.8949,112.06,1129.16,1.091,0.9165902841429882
2017-05-03,48.82,47.79,114.6637,6.8968,112.34,1131.25,1.092,0.9157509157509157
2017-05-04,47.53,45.55,114.9076,6.8959,112.7,1134.2,1.0967,0.9118263882556761
2017-05-05,47.45,46.23,114.7725,6.9021,112.63,1136.49,1.0996,0.9094216078574028
2017-05-08,46.61,46.46,115.0895,6.904,112.84,1132.91,1.0928,0.9150805270863837
2017-05-09,47.06,45.84,115.3933,6.906,114.19,1134.84,1.0875,0.9195402298850576
2017-05-10,48.09,47.28,115.1145,6.9011,114.02,1132.13,1.0873,0.9197093718384991
2017-05-11,49.18,47.81,115.0669,6.9033,113.77,1127.51,1.0869,0.9200478424878094
2017-05-12,49.08,47.83,114.7479,6.8972,113.3,1121.68,1.0926,0.9152480322167307
2017-05-15,51.29,48.86,114.3504,6.89,113.54,1115.01,1.0979,0.91082976591675
2017-05-16,51.21,48.64,113.9923,6.884,113.24,1115.0,1.1072,0.9031791907514451
2017-05-17,51.76,49.04,113.7506,6.8773,111.46,1118.67,1.1134,0.8981498113885397
2017-05-18,51.71,49.36,114.2683,6.888,110.82,1129.17,1.113,0.8984725965858041
2017-05-19,52.78,50.32,113.7001,6.883,111.47,1116.71,1.119,0.8936550491510277
2017-05-22,53.35,50.81,113.5442,6.8828,111.15,1114.71,1.1236,0.8899964400142399
2017-05-23,53.19,51.12,113.6862,6.888,111.64,1125.02,1.1198,0.8930166101089481
2017-05-24,53.29,50.99,113.675,6.8883,112.02,1122.83,1.1175,0.894854586129754
2017-05-25,52.25,48.57,113.3719,6.8672,111.7,1119.71,1.1218,0.8914244963451596
2017-05-26,50.84,49.58,113.4839,6.8525,111.3,1118.67,1.117,0.8952551477170994
2017-05-29,52.25,,,,,,,
2017-05-30,50.65,49.63,113.5552,6.8525,110.68,1122.87,1.1183,0.8942144326209425
2017-05-31,49.4,48.29,113.2956,6.8098,110.71,1119.58,1.1236,0.8899964400142399
2017-06-01,50.41,48.32,113.3017,6.8029,111.24,1120.85,1.1214,0.8917424647761727
2017-06-02,48.46,47.68,113.1908,6.8085,110.49,1117.49,1.127,0.8873114463176575
2017-06-05,48.25,47.4,112.9755,6.803,110.49,1118.44,1.125,0.8888888888888888
2017-06-06,48.11,48.13,112.7095,6.7945,109.34,1118.53,1.1266,0.8876264867743653
2017-06-07,47.08,45.8,112.8191,6.7935,109.54,1124.16,1.1236,0.8899964400142399
2017-06-08,46.3,45.68,112.8351,6.799,110.1,1122.73,1.1217,0.8915039671926541
2017-06-09,46.64,45.82,112.9562,6.797,110.61,1123.51,1.119,0.8936550491510277
2017-06-12,47.18,46.1,112.9837,6.7974,109.72,1130.55,1.1204,0.8925383791503034
2017-06-13,46.95,46.41,112.6271,6.7981,110.12,1127.79,1.1194,0.8933357155619082
2017-06-14,45.47,44.79,112.0734,6.7888,109.16,1116.45,1.1277,0.8867606632969762
2017-06-15,45.61,44.47,112.8708,6.8061,110.66,1129.91,1.1152,0.896700143472023
2017-06-16,45.7,44.73,112.6155,6.8097,110.84,1133.2,1.1194,0.8933357155619082
2017-06-19,45.93,44.24,112.7576,6.818,111.34,1134.69,1.116,0.8960573476702508
2017-06-20,43.98,43.34,113.2698,6.8285,111.46,1141.33,1.1124,0.8989572096368212
2017-06-21,44.62,42.48,113.3327,6.8275,111.58,1143.01,1.1143,0.8974243919949744
2017-06-22,44.46,42.53,113.1654,6.8275,111.36,1143.01,1.1148,0.897021887334051
2017-06-23,44.14,42.86,112.8665,6.8345,111.26,1132.99,1.1196,0.8931761343336907
2017-06-26,44.09,43.24,112.7633,6.8382,111.48,1132.48,1.1196,0.8931761343336907
2017-06-27,46.17,44.25,112.55,6.81,112.42,1137.77,1.13,0.8849557522123894
2017-06-28,46.45,44.74,112.0747,6.7984,112.18,1141.91,1.1364,0.8799718409010912
2017-06-29,47.02,44.88,111.998,6.784,112.32,1144.07,1.142,0.8756567425569177
2017-06-30,47.08,46.02,111.9896,6.7793,112.4,1143.75,1.1411,0.8763473841030585
2017-07-03,49.13,,112.4268,6.7984,113.32,1149.26,1.1367,0.8797395970792645
2017-07-04,49.15,,,,,,,
2017-07-05,47.58,45.11,112.6534,6.7995,113.2,1153.06,1.1336,0.8821453775582216
2017-07-06,48.53,45.52,112.4199,6.799,113.28,1156.55,1.1409,0.8765010079761592
2017-07-07,46.47,44.25,112.3137,6.8039,114.1,1153.85,1.1396,0.8775008775008776
2017-07-10,46.57,44.4,112.1587,6.8026,114.08,1149.35,1.1396,0.8775008775008776
2017-07-11,46.68,45.06,112.1434,6.801,114.2,1149.83,1.143,0.8748906386701663
2017-07-12,46.73,45.48,111.5904,6.7865,113.19,1138.32,1.1411,0.8763473841030585
2017-07-13,47.65,46.06,111.5365,6.7825,113.39,1137.22,1.1385,0.8783487044356609
2017-07-14,47.89,46.53,110.9075,6.7741,112.66,1127.79,1.1452,0.8732099196646874
2017-07-17,47.66,46.02,110.9304,6.769,112.76,1127.74,1.147,0.8718395815170008
2017-07-18,47.92,46.4,110.4356,6.7451,111.89,1123.69,1.1578,0.8637070305752289
2017-07-19,48.34,47.1,110.4339,6.7511,111.77,1122.92,1.1518,0.8682062858135093
2017-07-20,48.54,46.73,110.2512,6.757,111.68,1120.77,1.1634,0.8595495960116899
2017-07-21,47.47,45.78,110.191,6.7663,111.18,1117.47,1.1655,0.858000858000858
2017-07-24,47.81,46.21,110.2004,6.7488,111.1,1113.82,1.1642,0.8589589417625838
2017-07-25,49.19,47.77,110.2835,6.7495,111.57,1117.02,1.1656,0.8579272477693892
2017-07-26,50.08,48.58,110.3811,6.753,112.1,1117.76,1.1632,0.859697386519945
2017-07-27,50.67,49.05,110.216,6.741,111.62,1115.15,1.1656,0.8579272477693892
2017-07-28,52.0,49.72,109.92,6.7362,110.87,1121.49,1.1754,0.8507742045261187
2017-07-31,51.99,50.21,109.8177,6.724,110.38,1121.86,1.1826,0.8455944529003889
2017-08-01,50.77,49.19,109.8495,6.717,110.33,1121.09,1.1799,0.8475294516484448
2017-08-02,52.09,49.6,109.7503,6.72,110.43,1121.55,1.1861,0.8430992327796982
2017-08-03,52.88,49.03,109.8332,6.715,110.12,1127.73,1.188,0.8417508417508418
2017-08-04,52.48,49.57,110.2808,6.7272,110.76,1128.02,1.1754,0.8507742045261187
2017-08-07,51.42,49.37,110.373,6.7207,110.76,1127.39,1.1788,0.848320325755005
2017-08-08,52.18,49.07,110.396,6.7049,110.74,1125.6,1.1724,0.8529512111907198
2017-08-09,52.16,49.59,110.3671,6.672,110.04,1138.69,1.1748,0.8512087163772557
2017-08-10,52.59,48.54,110.1886,6.646,109.37,1144.36,1.1751,0.8509914049868096
2017-08-11,51.47,48.81,110.0422,6.6612,109.06,1141.57,1.1811,0.8466683600033866
2017-08-14,51.29,47.59,110.095,6.6695,109.48,1137.22,1.1786,0.8484642796538265
2017-08-15,49.9,47.57,110.4846,6.6845,110.42,1135.47,1.1736,0.8520790729379687
2017-08-16,50.39,46.8,110.4394,6.69,110.8,1137.75,1.1703,0.8544817568144921
2017-08-17,50.37,47.07,110.1673,6.673,109.88,1138.23,1.1736,0.8520790729379687
2017-08-18,50.96,48.59,110.041,6.67,109.32,1139.83,1.1748,0.8512087163772557
2017-08-21,51.94,47.39,109.7349,6.663,108.89,1137.14,1.1814,0.8464533604198409
2017-08-22,52.29,47.65,109.8386,6.66,109.4,1131.79,1.1762,0.8501955449753444
2017-08-23,52.31,48.45,109.8095,6.6569,109.14,1128.59,1.1802,0.8473140145738011
2017-08-24,51.73,47.24,109.7524,6.66,109.34,1127.8,1.1801,0.8473858147614609
2017-08-25,51.87,47.65,109.3415,6.6465,109.24,1121.73,1.1874,0.8421761832575375
2017-08-28,51.87,46.4,109.1815,6.6084,109.22,1117.75,1.1973,0.8352125615969264
2017-08-29,51.64,46.46,109.0946,6.5945,109.02,1122.5,1.2025,0.8316008316008316
2017-08-30,51.91,45.96,109.4052,6.5918,110.2,1122.05,1.1927,0.8384338056510438
2017-08-31,52.69,47.26,109.3686,6.5888,110.06,1122.36,1.1894,0.8407600470825626
2017-09-01,53.15,47.32,109.0504,6.5552,110.09,1119.12,1.1878,0.8418925745074929
2017-09-04,52.6,,,,,,,
2017-09-05,53.63,48.63,108.8664,6.5345,108.94,1130.01,1.1911,0.8395600705230459
2017-09-06,54.48,49.13,108.4897,6.5221,108.75,1132.49,1.1943,0.8373105584861426
2017-09-07,54.16,49.1,107.9224,6.483,108.26,1125.49,1.2028,0.8313934153641502
2017-09-08,54.55,47.44,107.808,6.4773,107.72,1133.08,1.2041,0.8304958059961798
2017-09-11,54.2,48.06,108.153,6.5254,109.03,1129.75,1.1964,0.8358408559010365
2017-09-12,55.06,48.21,108.3239,6.5334,110.01,1126.56,1.1968,0.8355614973262031
2017-09-13,55.52,49.3,108.6628,6.54,110.58,1129.37,1.1898,0.8404773911581779
2017-09-14,56.76,49.86,108.618,6.552,110.66,1132.59,1.1886,0.8413259296651522
2017-09-15,56.18,49.9,108.3147,6.55,110.84,1130.68,1.1959,0.8361903169161301
2017-09-18,55.5,49.88,108.6401,6.5725,111.48,1127.07,1.1938,0.8376612497905848
2017-09-19,56.58,49.54,108.6142,6.58,111.49,1128.83,1.198,0.8347245409015025
2017-09-20,57.2,50.29,108.4329,6.57,111.5,1125.53,1.1998,0.833472245374229
2017-09-21,57.73,50.58,108.9267,6.5861,112.3,1130.87,1.1946,0.8371002846140967
2017-09-22,58.16,50.33,108.7542,6.5899,112.01,1130.39,1.1969,0.8354916868577157
2017-09-25,59.42,51.85,109.3302,6.6189,111.64,1134.59,1.1852,0.8437394532568343
2017-09-26,59.77,51.59,109.7769,6.6371,112.16,1136.29,1.1772,0.8494733265375467
2017-09-27,58.74,52.14,110.0722,6.64,112.76,1141.62,1.1747,0.8512811781731505
2017-09-28,58.8,51.62,110.2415,6.6591,112.66,1145.08,1.1776,0.8491847826086957
2017-09-29,57.02,51.67,110.0867,6.6533,112.64,1142.57,1.1813,0.8465250148141877
2017-10-02,55.67,50.59,110.3686,6.6533,112.6,1146.18,1.1745,0.8514261387824605
2017-10-03,56.12,50.44,110.3281,6.6533,112.8,1140.5,1.1759,0.8504124500382686
2017-10-04,56.0,50.0,110.2425,6.6533,112.84,1140.44,1.176,0.8503401360544218
2017-10-05,57.09,50.79,110.5823,6.6533,112.74,1139.03,1.1706,0.8542627712284298
2017-10-06,55.5,49.34,110.7841,6.6533,112.68,1143.46,1.1732,0.8523695874531196
2017-10-09,55.29,49.58,,,,,,
2017-10-10,56.62,50.93,110.3034,6.5712,112.15,1132.08,1.1804,0.8471704506946799
2017-10-11,56.13,51.3,110.3037,6.587,112.35,1131.04,1.1847,0.8440955516164429
2017-10-12,56.13,50.61,110.3152,6.5855,112.38,1129.71,1.184,0.8445945945945946
2017-10-13,56.86,51.43,110.2669,6.5785,111.94,1125.01,1.1837,0.8448086508405847
2017-10-16,57.49,51.86,110.5432,6.5885,111.72,1127.72,1.181,0.8467400508044031
2017-10-17,57.63,51.87,110.9141,6.622,112.32,1129.86,1.1754,0.8507742045261187
2017-10-18,58.05,52.05,110.7214,6.625,112.94,1130.94,1.1775,0.8492569002123143
2017-10-19,57.82,51.29,110.4577,6.6126,112.54,1129.06,1.1842,0.8444519506840061
2017-10-20,57.89,51.63,111.0375,6.6185,113.5,1130.69,1.177,0.8496176720475785
2017-10-23,57.69,51.91,111.2134,6.638,113.66,1129.73,1.1762,0.8501955449753444
2017-10-24,57.84,52.32,111.4027,6.6335,113.92,1128.36,1.1766,0.8499065102838687
2017-10-25,58.45,51.97,111.3904,6.635,113.7,1126.49,1.1802,0.8473140145738011
2017-10-26,58.75,52.41,111.6418,6.6392,113.72,1123.0,1.17,0.8547008547008548
2017-10-27,60.15,53.92,112.1495,6.6498,113.82,1124.79,1.158,0.8635578583765113
2017-10-30,60.65,54.11,111.901,6.6498,113.26,1124.79,1.1626,0.860141063134354
2017-10-31,61.35,54.36,111.8052,6.6328,113.63,1115.68,1.1648,0.8585164835164835
2017-11-01,60.98,54.32,111.7942,6.6018,114.04,1110.03,1.1618,0.8607333448097779
2017-11-02,60.79,54.55,111.5474,6.6068,113.84,1111.54,1.1672,0.8567511994516792
2017-11-03,61.42,55.63,111.9383,6.636,114.25,1114.86,1.1616,0.8608815426997245
2017-11-06,64.27,57.34,111.7197,6.6311,113.9,1110.09,1.16,0.8620689655172414
2017-11-07,64.36,57.19,111.9446,6.638,113.9,1113.1,1.1577,0.8637816360024186
2017-11-08,63.96,56.82,111.6935,6.6249,113.62,1111.14,1.1591,0.862738331464067
2017-11-09,64.49,57.16,111.5626,6.6378,113.4,1118.13,1.1648,0.8585164835164835
2017-11-10,64.35,56.75,,,,,,
2017-11-13,62.94,56.77,111.7833,6.6385,113.62,1119.96,1.1656,0.8579272477693892
2017-11-14,60.91,55.67,111.5097,6.635,113.5,1113.65,1.1764,0.8500510030601837
2017-11-15,61.25,55.28,111.4809,6.62,113.15,1103.9,1.1794,0.8478887569950823
2017-11-16,61.18,55.14,111.2568,6.6273,112.89,1094.49,1.1772,0.8494733265375467
2017-11-17,61.34,56.21,111.0016,6.6245,111.98,1093.15,1.1799,0.8475294516484448
2017-11-20,61.34,56.21,111.2599,6.6245,112.49,1093.15,1.1741,0.8517162081594414
2017-11-21,62.28,56.84,110.9828,6.6265,112.46,1088.1,1.1741,0.8517162081594414
2017-11-22,62.92,57.88,110.5632,6.6086,111.62,1085.66,1.1789,0.8482483671218932
2017-11-23,63.27,,,,,,,
2017-11-24,63.58,58.94,110.0253,6.5998,111.54,1082.59,1.1936,0.8378016085790885
2017-11-27,63.25,58.1,110.1136,6.5967,111.0,1088.36,1.1911,0.8395600705230459
2017-11-28,63.56,57.96,110.3018,6.6044,111.13,1079.87,1.1878,0.8418925745074929
2017-11-29,63.74,57.25,110.3265,6.6091,111.75,1079.33,1.1858,0.8433125316242199
2017-11-30,63.53,57.4,110.4648,6.609,112.3,1084.79,1.1898,0.8404773911581779
2017-12-01,64.57,58.35,110.1413,6.6137,111.88,1082.36,1.191,0.8396305625524769
2017-12-04,63.45,57.48,110.397,6.6185,112.8,1082.36,1.1848,0.8440243079000674
2017-12-05,63.45,57.66,110.4905,6.617,112.76,1086.85,1.182,0.8460236886632826
2017-12-06,62.25,55.79,110.8711,6.6136,112.32,1094.55,1.1788,0.848320325755005
2017-12-07,62.37,56.5,111.0178,6.6173,112.7,1090.68,1.179,0.8481764206955046
2017-12-08,63.86,57.15,111.2273,6.6199,113.55,1092.03,1.1761,0.8502678343678259
2017-12-11,65.62,57.84,111.0827,6.6175,113.34,1092.03,1.1802,0.8473140145738011
2017-12-12,64.96,57.12,111.5214,6.621,113.62,1090.09,1.1725,0.8528784648187633
2017-12-13,63.66,56.59,111.2759,6.6171,113.19,1088.01,1.1762,0.8501955449753444
2017-12-14,63.72,57.0,111.0893,6.6091,112.56,1088.09,1.1778,0.8490405841399219
2017-12-15,63.81,57.29,111.1286,6.6088,112.68,1086.39,1.1778,0.8490405841399219
2017-12-18,64.45,57.17,110.9086,6.6088,112.4,1084.28,1.1804,0.8471704506946799
2017-12-19,63.69,57.49,111.1255,6.6088,112.98,1084.29,1.1822,0.845880561664693
2017-12-20,64.43,58.09,110.8361,6.5771,113.29,1078.14,1.1881,0.8416799932665601
2017-12-21,64.64,58.34,110.8786,6.5833,113.42,1078.08,1.1872,0.8423180592991913
2017-12-22,64.61,58.25,111.0997,6.575,113.3,1076.87,1.1839,0.8446659346228567
2017-12-25,,,,,,,,
2017-12-26,,59.55,110.9758,6.5429,113.2,1073.75,1.1867,0.8426729586247577
2017-12-27,66.03,59.67,110.8553,6.556,113.28,1073.13,1.1902,0.8401949252226517
2017-12-28,66.8,59.84,110.5154,6.5322,112.85,1068.64,1.1952,0.8366800535475234
2017-12-29,66.73,60.46,110.0783,6.5063,112.69,1067.42,1.2022,0.8318083513558476
2018-01-01,,,,,,,,
2018-01-02,66.65,60.37,109.6445,6.491,112.18,1059.39,1.205,0.8298755186721991
2018-01-03,67.85,61.61,109.6751,6.501,112.28,1063.11,1.203,0.8312551953449708
2018-01-04,68.73,61.98,109.4777,6.4915,112.78,1061.5,1.2064,0.8289124668435014
2018-01-05,68.01,61.49,109.3496,6.4875,113.18,1060.07,1.2039,0.8306337735692333
2018-01-08,68.48,61.73,109.5681,6.497,113.08,1066.26,1.1973,0.8352125615969264
2018-01-09,69.08,62.92,109.9025,6.5263,112.57,1068.8,1.1922,0.8387854386847845
2018-01-10,69.79,63.6,109.628,6.5055,111.48,1067.55,1.1958,0.8362602441879913
2018-01-11,70.36,63.81,109.4888,6.4956,111.35,1062.67,1.2035,0.8309098462816784
2018-01-12,69.64,64.22,108.901,6.4607,111.23,1062.09,1.213,0.8244023083264632
2018-01-15,70.31,,,,,,,
2018-01-16,69.4,63.82,108.3218,6.4395,110.74,1064.19,1.2244,0.8167265599477296
2018-01-17,69.19,63.92,108.1526,6.433,110.81,1066.72,1.2229,0.8177283506419167
2018-01-18,69.48,63.96,108.0655,6.4175,110.88,1069.35,1.2238,0.8171269815329302
2018-01-19,68.56,63.38,107.9455,6.399,110.56,1065.81,1.2238,0.8171269815329302
2018-01-22,69.32,63.66,108.107,6.4035,111.15,1068.06,1.223,0.8176614881439084
2018-01-23,69.81,64.45,107.9979,6.4,110.46,1072.59,1.2277,0.8145312372729494
2018-01-24,69.91,65.69,107.0802,6.365,109.15,1065.39,1.239,0.8071025020177562
2018-01-25,71.08,65.62,106.5052,6.3189,108.7,1057.57,1.2488,0.800768737988469
2018-01-26,70.08,66.27,106.6911,6.3199,108.38,1064.12,1.2422,0.8050233456770246
2018-01-29,68.41,65.71,107.1142,6.3328,109.12,1071.28,1.2352,0.8095854922279793
2018-01-30,67.78,64.64,107.1064,6.3199,108.9,1073.61,1.239,0.8071025020177562
2018-01-31,67.78,64.82,106.7696,6.2841,109.31,1068.33,1.2428,0.804634695848085
2018-02-01,68.6,65.92,106.4877,6.2969,109.5,1069.33,1.2482,0.801153661272232
2018-02-02,67.45,65.5,107.1151,6.2984,110.4,1086.21,1.2446,0.8034709946970915
2018-02-05,67.69,64.18,107.33,6.285,110.09,1086.79,1.2418,0.8052826542116283
2018-02-06,66.75,63.48,107.5204,6.283,109.18,1081.2,1.2381,0.80768920119538
2018-02-07,65.74,61.91,107.7175,6.2649,109.53,1082.56,1.2281,0.814265939255761
2018-02-08,64.26,61.3,108.3025,6.3222,109.0,1093.04,1.2238,0.8171269815329302
2018-02-09,63.04,59.2,108.2582,6.2966,108.44,1087.99,1.2226,0.8179290037624735
2018-02-12,62.2,59.41,108.0332,6.325,108.72,1082.27,1.2267,0.8151952392598028
2018-02-13,61.94,59.33,107.7574,6.338,107.59,1083.07,1.2363,0.8088651621774651
2018-02-14,62.29,60.7,107.4691,6.3438,107.0,1076.71,1.2396,0.8067118425298483
2018-02-15,62.86,61.48,106.9867,6.3438,106.36,1065.69,1.2482,0.801153661272232
2018-02-16,64.3,61.89,107.0359,6.3438,106.1,1065.27,1.2442,0.8037293039704227
2018-02-19,64.95,,,,,,,
2018-02-20,64.68,61.91,107.6249,6.3351,107.23,1072.85,1.2348,0.8098477486232589
2018-02-21,64.81,61.73,107.8679,6.3351,107.64,1076.11,1.2314,0.8120838070488874
2018-02-22,66.12,62.72,107.8668,6.3471,106.96,1077.61,1.2326,0.8112932013629727
2018-02-23,67.04,63.52,107.6804,6.3329,106.64,1075.77,1.2298,0.813140348024069
2018-02-26,67.96,63.81,107.7347,6.3115,106.96,1069.0,1.2296,0.8132726089785296
2018-02-27,67.59,62.94,108.1731,6.3169,107.47,1077.43,1.2239,0.8170602173380178
2018-02-28,66.08,61.43,108.3903,6.328,106.62,1082.12,1.2211,0.8189337482597657
2018-03-01,64.23,60.98,108.5358,6.3565,106.91,1081.33,1.2216,0.8185985592665357
2018-03-02,64.26,61.19,,6.3428,105.65,1080.25,1.2314,0.8120838070488874
2018-03-05,65.78,62.49,108.3614,6.3491,105.97,1076.75,1.233,0.8110300081103
2018-03-06,65.67,62.54,107.7969,6.3093,106.03,1061.53,1.2415,0.8054772452678212
2018-03-07,65.09,61.09,108.0911,6.3225,105.94,1067.93,1.2397,0.8066467693796886
2018-03-08,63.87,60.13,108.2671,6.3389,106.08,1074.21,1.2314,0.8120838070488874
2018-03-09,65.19,62.02,107.923,6.3285,106.74,1066.59,1.2326,0.8112932013629727
2018-03-12,64.53,61.35,107.9438,6.327,106.52,1063.7,1.2318,0.8118201006656924
2018-03-13,64.2,60.69,107.7384,6.318,106.64,1062.14,1.2398,0.8065817067268914
2018-03-14,63.61,60.89,107.8623,6.314,106.17,1063.38,1.2362,0.8089305937550558
2018-03-15,63.67,61.16,108.2032,6.3202,106.07,1065.89,1.2321,0.8116224332440549
2018-03-16,64.68,62.29,108.4332,6.33,106.1,1068.4,1.228,0.8143322475570033
2018-03-19,64.82,62.01,108.3145,6.3291,105.83,1072.29,1.2329,0.8110957904128477
2018-03-20,66.0,63.37,108.4953,6.3328,106.42,1070.61,1.2271,0.8149295085975062
2018-03-21,68.15,65.1,,6.32,106.3,1070.51,1.2268,0.8151287903488752
2018-03-22,68.98,64.25,107.9935,6.331,105.34,1079.51,1.231,0.8123476848090982
2018-03-23,69.03,65.8,107.7495,6.311,104.83,1081.29,1.236,0.8090614886731392
2018-03-26,68.81,65.49,107.1819,6.2685,105.0,1076.87,1.244,0.8038585209003215
2018-03-27,68.63,65.21,107.3359,6.2781,105.72,1071.21,1.241,0.8058017727639
2018-03-28,68.13,64.3,107.5733,6.2946,106.3,1063.03,1.2351,0.8096510404015869
2018-03-29,69.02,64.87,107.665,6.2876,106.27,1060.31,1.2297,0.813206473123526
2018-03-30,,,107.4784,6.2726,106.2,1060.99,1.232,0.8116883116883117
2018-04-02,,63.05,107.7033,6.2785,105.99,1056.03,1.2288,0.8138020833333334
2018-04-03,69.02,63.41,107.5624,6.2881,106.45,1054.63,1.2261,0.8155941603458119
2018-04-04,66.04,63.35,107.6361,6.3045,106.56,1059.5,1.2292,0.8135372600065083
2018-04-05,66.54,63.53,107.7281,6.3045,107.48,1061.56,1.223,0.8176614881439084
2018-04-06,66.51,62.03,107.7886,6.3045,107.03,1068.73,1.2274,0.814730324262669
2018-04-09,68.19,63.4,107.5316,6.3035,107.06,1067.11,1.232,0.8116883116883117
2018-04-10,70.67,65.48,107.3659,6.2798,107.3,1064.53,1.2338,0.8105041335710812
2018-04-11,72.74,66.81,107.1224,6.2655,106.78,1066.76,1.2384,0.8074935400516796
2018-04-12,71.44,67.07,107.2905,6.2876,107.3,1069.84,1.232,0.8116883116883117
2018-04-13,73.18,67.35,107.2368,6.2725,107.52,1070.55,1.2322,0.8115565654926149
2018-04-16,72.05,66.23,107.0595,6.2752,107.26,1071.59,1.2373,0.8082114281095935
2018-04-17,71.71,66.5,107.0344,6.2804,107.09,1066.56,1.2345,0.8100445524503849
2018-04-18,73.73,68.44,107.1096,6.2722,107.26,1064.51,1.238,0.8077544426494346
2018-04-19,74.85,68.3,107.5197,6.2765,107.42,1065.68,1.2336,0.8106355382619974
2018-04-20,74.62,68.26,108.1787,6.2945,107.6,1071.0,1.2282,0.8141996417521576
2018-04-23,74.54,67.61,108.9332,6.3158,108.62,1077.72,1.2216,0.8185985592665357
2018-04-24,75.86,67.66,108.7906,6.3035,109.03,1074.8,1.2226,0.8179290037624735
2018-04-25,73.79,68.0,109.3447,6.3236,109.33,1082.99,1.2178,0.8211528986697323
2018-04-26,75.39,68.18,109.3646,6.334,109.3,1078.2,1.2113,0.825559316436886
2018-04-27,75.33,68.11,109.1735,6.3325,109.12,1067.59,1.2108,0.8259002312520647
2018-04-30,75.92,68.56,109.3363,6.3325,109.28,1069.07,1.2074,0.8282259400364419
2018-05-01,74.85,67.28,109.7445,6.3325,109.69,1071.91,1.2,0.8333333333333334
2018-05-02,73.14,67.91,110.1625,6.361,109.89,1076.52,1.1968,0.8355614973262031
2018-05-03,73.45,68.45,110.1803,6.352,109.06,1078.33,1.197,0.835421888053467
2018-05-04,74.75,69.71,110.25,6.3589,109.16,1074.09,1.1946,0.8371002846140967
2018-05-07,,70.74,110.5721,6.364,109.14,1079.72,1.1927,0.8384338056510438
2018-05-08,74.16,68.83,111.063,6.369,109.16,1078.35,1.1863,0.8429570934839418
2018-05-09,77.6,71.16,110.8818,6.3585,109.68,1078.22,1.1852,0.8437394532568343
2018-05-10,77.59,71.36,110.405,6.344,109.53,1065.41,1.1896,0.8406186953597848
2018-05-11,77.37,70.69,110.2847,6.3333,109.26,1067.14,1.1951,0.8367500627562546
2018-05-14,78.17,71.01,110.408,6.336,109.52,1068.83,1.1976,0.8350033400133601
2018-05-15,78.94,71.34,111.2292,6.376,110.25,1076.46,1.1864,0.8428860418071478
2018-05-16,78.19,71.43,111.3068,6.3706,110.22,1076.66,1.1788,0.848320325755005
2018-05-17,80.09,71.47,111.3547,6.3645,110.76,1082.37,1.1798,0.8476012883539583
2018-05-18,78.38,71.23,111.7171,6.3768,110.71,1080.91,1.1775,0.8492569002123143
2018-05-21,78.34,72.26,111.6394,6.3815,111.08,1079.33,1.1768,0.849762066621346
2018-05-22,80.42,72.09,111.1945,6.366,110.94,1073.3,1.1783,0.8486803021301876
2018-05-23,78.69,71.85,111.6933,6.3875,110.05,1078.88,1.1693,0.8552125203112974
2018-05-24,78.9,70.77,111.4885,6.3757,109.3,1082.77,1.1729,0.8525876033762468
2018-05-25,76.6,67.92,111.5843,6.3903,109.35,1076.35,1.1666,0.8571918395336876
2018-05-28,,,,,,,,
2018-05-29,74.51,66.8,112.2127,6.4162,108.62,1082.59,1.1551,0.8657259111765215
2018-05-30,75.89,68.24,111.6731,6.4175,109.04,1077.62,1.1664,0.8573388203017832
2018-05-31,76.45,66.98,111.9894,6.4096,108.73,1080.75,1.167,0.856898029134533
2018-06-01,74.54,65.81,111.8265,6.418,109.49,1071.27,1.1679,0.8562376915831835
2018-06-04,73.41,64.76,111.8247,6.405,109.66,1070.13,1.1696,0.8549931600547196
2018-06-05,72.91,65.51,112.264,6.4042,109.63,1071.86,1.1672,0.8567511994516792
2018-06-06,73.23,64.75,111.7525,6.385,110.0,1065.9,1.1778,0.8490405841399219
2018-06-07,75.23,65.96,112.0725,6.389,109.92,1071.11,1.1815,0.8463817181548878
2018-06-08,75.11,65.77,112.1066,6.4031,109.45,1075.0,1.1773,0.8494011721736175
2018-06-11,74.58,66.1,112.1106,6.4,109.94,1075.08,1.1802,0.8473140145738011
2018-06-12,74.86,66.38,112.2138,6.3992,110.22,1077.14,1.1792,0.8480325644504749
2018-06-13,75.07,66.63,112.2577,6.3944,110.41,1082.59,1.1784,0.8486082824168365
2018-06-14,74.77,66.91,112.8593,6.398,110.44,1084.06,1.1634,0.8595495960116899
2018-06-15,72.02,65.01,113.3379,6.4379,110.58,1101.89,1.1616,0.8608815426997245
2018-06-18,74.87,65.91,113.4899,6.4379,110.44,1105.07,1.1606,0.8616232982939858
2018-06-19,74.92,65.09,113.639,6.4802,110.02,1110.64,1.1577,0.8637816360024186
2018-06-20,74.25,65.92,113.4784,6.4713,110.14,1107.42,1.1592,0.862663906142167
2018-06-21,72.87,65.68,113.6109,6.49,110.05,1110.01,1.16,0.8620689655172414
2018-06-22,73.67,69.02,113.3047,6.5027,109.98,1114.49,1.163,0.8598452278589853
2018-06-25,72.82,69.91,113.286,6.536,109.62,1114.4,1.1694,0.8551393877201984
2018-06-26,73.58,75.23,113.3016,6.5759,109.92,1118.08,1.1675,0.8565310492505354
2018-06-27,76.09,77.41,113.8971,6.5992,110.34,1121.57,1.1588,0.8629616845012081
2018-06-28,76.26,73.45,113.8405,6.6235,110.38,1121.96,1.1582,0.8634087376964256
2018-06-29,77.44,74.13,113.2586,6.6171,110.71,1111.79,1.1677,0.8563843452941681
2018-07-02,76.71,73.89,114.1673,6.6632,110.73,1119.31,1.1604,0.8617718028266115
2018-07-03,75.87,74.19,113.3222,6.6368,110.54,1114.41,1.1653,0.8581481163648845
2018-07-04,76.99,,,,,,,
2018-07-05,77.09,73.05,112.9759,6.6341,110.59,1118.2,1.1697,0.8549200649739249
2018-07-06,74.98,73.78,112.6428,6.6396,110.48,1114.98,1.1738,0.8519338899301414
2018-07-09,77.08,73.93,112.6425,6.6123,110.78,1111.38,1.1744,0.8514986376021798
2018-07-10,77.8,74.11,112.5794,6.6296,111.24,1113.81,1.1728,0.8526603001364256
2018-07-11,75.35,70.47,112.8582,6.6764,111.52,1122.1,1.1722,0.8530967411704488
2018-07-12,72.11,70.28,112.779,6.663,112.41,1121.38,1.1692,0.8552856654122477
2018-07-13,74.11,71.03,113.0705,6.69,112.38,1130.3,1.1667,0.8571183680466272
2018-07-16,71.03,68.22,112.8437,6.6866,112.29,1127.81,1.171,0.8539709649871904
2018-07-17,70.87,68.03,113.1504,6.7018,112.79,1125.63,1.1664,0.8573388203017832
2018-07-18,70.52,68.78,113.3348,6.7161,112.82,1130.76,1.1645,0.8587376556462
2018-07-19,71.94,69.42,113.9463,6.7701,112.98,1136.38,1.1604,0.8617718028266115
2018-07-20,71.99,70.31,113.3213,6.7659,111.74,1128.16,1.1708,0.8541168431841476
2018-07-23,73.45,67.9,113.4246,6.7927,111.36,1134.45,1.1702,0.8545547769612033
2018-07-24,73.53,70.77,113.2045,6.7912,111.27,1127.39,1.1684,0.8558712769599451
2018-07-25,73.67,71.13,112.9221,6.7658,111.02,1122.59,1.1677,0.8563843452941681
2018-07-26,74.51,71.59,112.9179,6.7865,111.2,1121.72,1.1654,0.8580744808649391
2018-07-27,74.84,68.66,112.8125,6.8097,110.94,1115.77,1.166,0.8576329331046313
2018-07-30,74.99,71.19,112.6044,6.8102,110.98,1116.98,1.1718,0.8533879501621437
2018-07-31,74.16,69.88,112.7299,6.8038,111.88,1112.75,1.1706,0.8542627712284298
2018-08-01,72.28,68.8,112.8899,6.8154,111.72,1118.15,1.1666,0.8571918395336876
2018-08-02,72.95,68.95,113.1679,6.838,111.48,1126.91,1.1612,0.861178091629349
2018-08-03,72.48,68.49,113.012,6.8309,111.12,1122.68,1.1597,0.8622919720617401
2018-08-06,72.51,69.01,113.229,6.85,111.43,1125.9,1.1564,0.8647526807333102
2018-08-07,72.31,69.17,112.9759,6.828,111.19,1118.0,1.1597,0.8622919720617401
2018-08-08,70.71,66.92,113.1411,6.8344,110.96,1119.01,1.1598,0.8622176237282291
2018-08-09,70.55,66.81,113.3806,6.8199,110.9,1119.0,1.1566,0.8646031471554556
2018-08-10,71.0,67.61,114.3005,6.8458,110.66,1130.19,1.1399,0.8772699359592947
2018-08-13,70.62,67.25,114.851,6.888,110.65,1133.19,1.1396,0.8775008775008776
2018-08-14,70.77,67.04,114.658,6.8809,110.92,1128.9,1.1351,0.8809796493700995
2018-08-15,68.38,65.07,115.1526,6.933,110.62,1135.3,1.1332,0.8824567596187787
2018-08-16,69.21,65.44,114.6416,6.8792,110.89,1125.35,1.1388,0.8781173164734808
2018-08-17,70.14,65.93,114.5339,6.874,110.54,1123.2,1.141,0.8764241893076249
2018-08-20,71.11,66.5,114.3504,6.8546,110.38,1121.3,1.1438,0.8742787200559539
2018-08-21,71.65,67.32,113.8604,6.8444,110.48,1117.41,1.1534,0.8670019074041964
2018-08-22,72.96,67.85,113.663,6.84,110.54,1117.0,1.1595,0.8624407072013799
2018-08-23,73.73,69.13,114.0932,6.8748,111.14,1123.37,1.1567,0.864528399757932
2018-08-24,74.41,69.71,113.5985,6.803,111.22,1113.3,1.1625,0.8602150537634408
2018-08-27,74.41,69.97,113.2721,6.8145,111.09,1107.69,1.1676,0.8564576909900651
2018-08-28,75.91,68.54,113.3444,6.8018,111.04,1105.14,1.172,0.8532423208191127
2018-08-29,76.07,69.68,113.6461,6.819,111.8,1109.2,1.1699,0.8547739123001966
2018-08-30,77.05,70.25,114.0899,6.8415,111.17,1113.13,1.1646,0.858663918942126
2018-08-31,76.94,69.84,114.2755,6.83,110.98,1116.5,1.1596,0.8623663332183512
2018-09-03,77.81,,,,,,,
2018-09-04,77.51,69.82,114.8584,6.8427,111.44,1117.5,1.1566,0.8646031471554556
2018-09-05,76.68,68.69,114.7477,6.827,111.47,1121.0,1.162,0.8605851979345955
2018-09-06,75.67,67.81,114.6479,6.8322,110.87,1122.4,1.1624,0.8602890571231934
2018-09-07,75.55,67.73,114.5816,6.8419,111.18,1123.5,1.1572,0.8641548565502938
2018-09-10,76.77,67.55,114.6802,6.8545,111.09,1127.9,1.1604,0.8617718028266115
2018-09-11,78.22,69.29,114.7051,6.8704,111.54,1126.17,1.1591,0.862738331464067
2018-09-12,80.02,70.37,114.2192,6.8574,111.29,1121.62,1.1626,0.860141063134354
2018-09-13,77.66,68.6,113.9268,6.8407,111.92,1120.9,1.1672,0.8567511994516792
2018-09-14,77.87,68.98,114.0657,6.8673,112.09,1119.0,1.1656,0.8579272477693892
2018-09-17,78.22,68.86,113.9158,6.854,111.97,1124.71,1.1687,0.8556515786771626
2018-09-18,79.25,69.87,113.7739,6.8591,112.3,1122.18,1.1693,0.8552125203112974
2018-09-19,79.43,71.08,113.6532,6.8466,112.21,1120.61,1.1685,0.8557980316645271
2018-09-20,79.03,70.77,113.4989,6.8455,112.58,1119.58,1.1744,0.8514986376021798
2018-09-21,78.9,70.8,113.5099,6.8559,112.62,1114.3,1.1739,0.851861316977596
2018-09-24,80.89,73.23,113.5301,6.8559,112.62,1119.28,1.1773,0.8494011721736175
2018-09-25,82.21,73.4,113.7202,6.8632,112.88,1118.12,1.177,0.8496176720475785
2018-09-26,81.87,72.22,113.6739,6.8763,112.92,1114.64,1.1758,0.8504847763225039
2018-09-27,81.54,72.18,113.9784,6.888,113.38,1113.41,1.167,0.856898029134533
2018-09-28,82.72,73.16,113.8077,6.868,113.48,1109.76,1.1622,0.8604371020478404
2018-10-01,84.94,75.37,113.8235,6.868,113.96,1112.53,1.1567,0.864528399757932
2018-10-02,85.63,75.16,113.8954,6.868,113.66,1112.43,1.156,0.8650519031141869
2018-10-03,85.45,76.4,114.1569,6.868,114.19,1121.42,1.1525,0.8676789587852494
2018-10-04,86.07,74.44,114.6867,6.868,113.79,1130.78,1.1508,0.8689607229753215
2018-10-05,85.12,74.26,114.561,6.868,113.56,1131.25,1.1502,0.8694140149539211
2018-10-08,84.22,74.27,,,,,,
2018-10-09,85.16,74.95,114.6583,6.9217,113.13,1132.87,1.1482,0.8709284096847238
2018-10-10,83.82,73.18,114.6072,6.9224,112.71,1138.9,1.1541,0.8664760419374405
2018-10-11,81.35,70.97,114.4074,6.888,112.26,1134.16,1.1565,0.8646779074794638
2018-10-12,80.71,71.41,114.3691,6.9182,112.02,1130.82,1.1559,0.8651267410675665
2018-10-15,80.91,71.84,114.045,6.9131,111.82,1129.3,1.1594,0.8625150940141453
2018-10-16,80.53,71.93,113.8963,6.9102,112.16,1123.88,1.1593,0.8625894936599672
2018-10-17,79.91,69.63,114.1755,6.9263,112.21,1126.2,1.154,0.8665511265164645
2018-10-18,80.3,68.63,114.8164,6.9367,112.11,1138.06,1.1494,0.8700191404210893
2018-10-19,80.38,69.16,114.8567,6.9291,112.52,1131.13,1.1513,0.8685833405715279
2018-10-22,80.45,69.25,115.1782,6.9446,112.78,1132.7,1.1467,0.8720676724513822
2018-10-23,78.67,66.49,115.1651,6.9373,112.12,1137.53,1.148,0.8710801393728224
2018-10-24,77.34,66.56,115.3755,6.942,112.58,1136.66,1.1389,0.8780402142418122
2018-10-25,77.3,67.25,115.4831,6.9477,112.54,1134.9,1.1374,0.8791981712678038
2018-10-26,77.4,67.58,115.473,6.9425,111.65,1141.74,1.1388,0.8781173164734808
2018-10-29,77.56,67.0,115.8936,6.9605,112.49,1139.81,1.139,0.8779631255487269
2018-10-30,75.68,66.18,116.2357,6.9663,112.76,1137.68,1.1364,0.8799718409010912
2018-10-31,74.84,65.31,116.5281,6.9737,112.86,1140.78,1.1332,0.8824567596187787
2018-11-01,71.25,63.67,115.8657,6.9205,112.79,1126.19,1.1396,0.8775008775008776
2018-11-02,71.11,63.12,115.643,6.8894,113.09,1117.72,1.1378,0.8788890841975743
2018-11-05,72.68,63.12,115.703,6.9249,113.22,1122.13,1.1394,0.8776549060909251
2018-11-06,70.64,62.16,115.5622,6.9172,113.38,1121.31,1.1412,0.8762705923589205
2018-11-07,70.1,61.69,115.2519,6.9174,113.32,1117.52,1.1459,0.8726764988218868
2018-11-08,69.29,60.71,115.6478,6.9318,113.87,1118.99,1.1416,0.8759635599159076
2018-11-09,69.01,60.19,116.4778,6.9553,113.77,1131.4,1.1325,0.8830022075055187
2018-11-12,69.81,59.85,,,,,,
2018-11-13,65.45,55.63,116.6694,6.9546,113.97,1132.29,1.1288,0.885896527285613
2018-11-14,64.88,56.16,116.498,6.95,113.7,1132.1,1.1312,0.884016973125884
2018-11-15,65.61,56.45,116.3861,6.938,113.46,1127.2,1.1324,0.8830801836806782
2018-11-16,65.29,56.49,115.9258,6.9367,112.76,1124.81,1.1402,0.8770391159445711
2018-11-19,64.14,57.16,115.9859,6.9398,112.54,1126.08,1.1448,0.8735150244584207
2018-11-20,61.5,53.39,116.2367,6.9448,112.66,1128.53,1.1391,0.8778860503906593
2018-11-21,61.65,54.41,116.092,6.9248,113.06,1127.3,1.1393,0.8777319406653208
2018-11-22,61.11,,,,,,,
2018-11-23,57.69,,116.4713,6.9477,112.83,1130.9,1.1332,0.8824567596187787
2018-11-26,59.7,51.46,116.6208,6.9397,113.58,1126.69,1.1336,0.8821453775582216
2018-11-27,59.58,51.31,116.9001,6.9498,113.84,1129.41,1.1281,0.8864462370357237
2018-11-28,57.97,50.06,116.8343,6.9534,113.96,1127.81,1.1286,0.886053517632465
2018-11-29,58.29,51.46,116.1961,6.9419,113.42,1119.91,1.1382,0.8785802143735723
2018-11-30,57.71,50.78,116.413,6.9558,113.54,1118.61,1.1323,0.8831581736288968
2018-12-03,60.17,52.98,115.9057,6.8798,113.54,1110.2,1.1356,0.8805917576611484
2018-12-04,61.22,53.21,116.0028,6.8343,112.93,1108.82,1.1345,0.881445570736007
2018-12-05,61.4,52.64,,,,,,
2018-12-06,57.83,51.54,116.3991,6.8816,112.46,1122.07,1.1374,0.8791981712678038
2018-12-07,61.71,52.76,116.0847,6.8733,112.6,1121.8,1.139,0.8779631255487269
2018-12-10,60.29,51.07,116.6746,6.9077,112.96,1128.3,1.1368,0.8796622097114708
2018-12-11,59.73,51.65,116.7564,6.8968,113.41,1128.6,1.1314,0.8838607035531201
2018-12-12,59.94,51.04,116.2214,6.8778,113.28,1124.51,1.1362,0.880126738250308
2018-12-13,59.03,52.69,116.3974,6.8798,113.66,1124.73,1.1358,0.8804366966015145
2018-12-14,58.56,51.26,116.79,6.905,113.35,1133.2,1.13,0.8849557522123894
2018-12-17,57.59,49.8,116.4532,6.8962,112.96,1130.17,1.1339,0.8819119851838787
2018-12-18,55.26,46.12,116.4127,6.8939,112.54,1127.76,1.1364,0.8799718409010912
2018-12-19,55.6,47.96,116.0676,6.8918,112.15,1120.96,1.1422,0.8755034144633164
2018-12-20,52.84,45.64,116.0183,6.8834,111.34,1123.87,1.1432,0.8747375787263821
2018-12-21,51.93,45.38,116.2227,6.9048,111.14,1125.3,1.1402,0.8770391159445711
2018-12-24,,,116.2182,,,,,
2018-12-25,,,,,,,,
2018-12-26,,46.04,116.1162,6.8847,110.45,1124.23,1.1408,0.876577840112202
2018-12-27,51.49,44.48,115.9927,6.8649,110.78,1121.37,1.1412,0.8762705923589205
2018-12-28,50.57,45.15,115.7232,6.8755,110.34,1114.9,1.1445,0.873743993010048
2018-12-31,,,115.5674,6.8755,109.7,1112.85,1.1456,0.8729050279329609
2019-01-01,,,,,,,,
2019-01-02,54.06,46.31,115.7689,6.8597,109.22,1119.11,1.1357,0.880514220304658
2019-01-03,53.23,46.92,115.4622,6.8708,108.07,1124.64,1.1399,0.8772699359592947
2019-01-04,55.64,47.76,114.9821,6.8663,108.29,1116.73,1.141,0.8764241893076249
2019-01-07,57.1,48.27,114.5628,6.8501,108.62,1117.5,1.1468,0.8719916288803627
2019-01-08,56.91,49.58,114.7281,6.8519,108.57,1122.93,1.1444,0.8738203425375742
2019-01-09,59.46,52.19,114.1406,6.8117,108.38,1117.7,1.1524,0.8677542519958347
2019-01-10,60.47,52.42,114.0496,6.7875,108.29,1116.1,1.1517,0.8682816705739342
2019-01-11,59.24,51.44,114.0404,6.7596,108.34,1117.18,1.1479,0.8711560240439064
2019-01-14,58.8,50.31,,,,,,
2019-01-15,58.65,51.8,114.3402,6.7595,108.72,1122.59,1.1392,0.877808988764045
2019-01-16,59.81,52.08,114.137,6.7532,108.84,1119.1,1.1408,0.876577840112202
2019-01-17,59.85,51.83,114.4115,6.7735,109.01,1123.34,1.1386,0.8782715615668364
2019-01-18,62.04,53.6,114.558,6.7765,109.79,1122.8,1.1362,0.880126738250308
2019-01-21,62.18,,,,,,,
2019-01-22,60.9,52.59,114.7541,6.8072,109.34,1129.52,1.1359,0.8803591865481117
2019-01-23,61.05,52.44,114.5759,6.7897,109.44,1127.89,1.139,0.8779631255487269
2019-01-24,61.09,52.94,114.617,6.7835,109.72,1126.33,1.1322,0.8832361773538243
2019-01-25,61.49,53.53,114.0197,6.7448,109.6,1117.58,1.1407,0.8766546857192952
2019-01-28,59.71,51.79,114.0522,6.7437,109.2,1118.7,1.1438,0.8742787200559539
2019-01-29,60.98,53.07,114.026,6.7304,109.36,1117.75,1.1424,0.8753501400560223
2019-01-30,61.89,54.18,114.0731,6.7115,109.57,1117.29,1.1418,0.8758101243650377
2019-01-31,62.46,53.84,113.5504,6.6958,108.84,1111.82,1.1454,0.8730574471800244
2019-02-01,61.86,55.29,113.7548,6.7426,109.55,1118.31,1.1474,0.8715356458079135
2019-02-04,62.26,54.57,113.8766,6.7426,109.96,1119.15,1.1438,0.8742787200559539
2019-02-05,61.67,53.69,114.0431,6.7426,109.99,1117.2,1.1406,0.8767315448009819
2019-02-06,62.22,53.94,114.2305,6.7426,109.75,1119.35,1.138,0.8787346221441126
2019-02-07,61.01,52.68,114.4339,6.7426,109.7,1124.11,1.1357,0.880514220304658
2019-02-08,61.37,52.75,114.5003,6.7426,109.76,1123.14,1.1326,0.8829242450997704
2019-02-11,61.3,52.43,115.031,6.7907,110.4,1126.05,1.1277,0.8867606632969762
2019-02-12,62.58,53.14,114.7297,6.7726,110.5,1122.27,1.1316,0.8837044892188053
2019-02-13,63.27,53.84,114.9407,6.7598,110.86,1123.32,1.1288,0.885896527285613
2019-02-14,64.0,54.4,115.1007,6.7711,110.68,1128.0,1.1284,0.8862105636299185
2019-02-15,65.65,55.58,114.9923,6.768,110.54,1125.59,1.1268,0.8874689385871495
2019-02-18,66.41,,,,,,,
2019-02-19,65.86,56.12,114.57,6.756,110.68,1124.54,1.1328,0.8827683615819208
2019-02-20,66.82,56.9,,,,,,
2019-02-21,66.91,56.95,114.5091,6.7195,110.72,1125.53,1.1338,0.8819897689186806
2019-02-22,66.91,57.01,114.2716,6.7112,110.7,1121.07,1.1342,0.881678716275789
2019-02-25,64.02,55.32,114.1457,6.6844,111.07,1116.1,1.1345,0.881445570736007
2019-02-26,64.51,55.4,114.0687,6.698,110.76,1116.88,1.1374,0.8791981712678038
2019-02-27,65.55,56.92,114.0363,6.6822,110.92,1117.74,1.137,0.8795074758135444
2019-02-28,65.03,57.21,114.1991,6.6912,111.38,1124.65,1.1379,0.8788118463836894
2019-03-01,63.71,55.76,114.537,6.7048,111.89,1126.76,1.1376,0.8790436005625879
2019-03-04,64.44,56.6,114.6925,6.7045,111.68,1126.73,1.1328,0.8827683615819208
2019-03-05,64.24,56.55,114.804,6.706,111.98,1126.46,1.13,0.8849557522123894
2019-03-06,64.51,56.22,114.9714,6.7099,111.66,1127.18,1.132,0.88339222614841
2019-03-07,64.82,56.6,115.4919,6.7132,111.6,1133.18,1.1214,0.8917424647761727
2019-03-08,65.66,55.77,115.3599,6.7201,111.11,1131.74,1.1243,0.8894423196655696
2019-03-11,65.06,56.79,115.2967,6.7215,111.21,1133.05,1.1226,0.8907892392659896
2019-03-12,65.33,56.89,114.939,6.707,111.38,1127.89,1.1276,0.8868393047179851
2019-03-13,65.89,58.27,114.7372,6.7064,111.23,1130.47,1.131,0.8841732979664014
2019-03-14,66.18,58.59,114.79,6.7209,111.71,1135.05,1.1304,0.8846426043878273
2019-03-15,66.11,58.51,114.5815,6.7129,111.57,1134.44,1.1326,0.8829242450997704
2019-03-18,66.65,59.09,114.4375,6.7121,111.41,1131.74,1.1337,0.8820675663755845
2019-03-19,67.13,59.12,114.2324,6.7106,111.38,1129.0,1.1346,0.8813678829543451
2019-03-20,68.35,60.12,114.1509,6.6916,111.41,1128.25,1.1352,0.8809020436927414
2019-03-21,68.3,59.98,114.1684,6.6952,110.86,1128.4,1.1361,0.8802042073761112
2019-03-22,66.29,58.87,114.6856,6.7162,109.76,1136.8,1.1282,0.8863676653075695
2019-03-25,67.37,58.71,114.4171,6.7079,110.09,1131.88,1.1324,0.8830801836806782
2019-03-26,67.51,59.87,114.6414,6.7145,110.5,1133.55,1.128,0.8865248226950355
2019-03-27,67.35,59.39,115.1243,6.7262,110.38,1138.09,1.125,0.8888888888888888
2019-03-28,66.08,59.29,115.2581,6.7381,110.54,1136.65,1.1236,0.8899964400142399
2019-03-29,67.93,60.19,115.1371,6.7112,110.68,1136.3,1.1228,0.8906305664410402
2019-04-01,69.08,61.59,114.9362,6.7102,111.29,1133.0,1.121,0.8920606601248885
2019-04-02,69.68,62.53,115.1173,6.7223,111.32,1137.16,1.1186,0.8939746111210441
2019-04-03,69.21,62.46,114.7211,6.7098,111.48,1134.29,1.1242,0.8895214374666429
2019-04-04,69.8,62.12,114.9697,6.7167,111.55,1136.05,1.1216,0.891583452211127
2019-04-05,69.93,63.1,114.9726,6.7182,111.71,1136.87,1.1217,0.8915039671926541
2019-04-08,71.12,64.37,114.6893,6.7158,111.47,1143.25,1.1262,0.8879417510211329
2019-04-09,71.02,64.05,114.5321,6.7111,111.08,1140.25,1.1278,0.8866820358219543
2019-04-10,71.63,64.62,114.4269,6.7153,110.92,1137.26,1.1266,0.8876264867743653
2019-04-11,71.3,63.61,114.6303,6.7188,111.48,1140.73,1.1262,0.8879417510211329
2019-04-12,71.57,63.86,114.3531,6.7039,112.0,1133.0,1.1304,0.8846426043878273
2019-04-15,70.9,63.43,114.495,6.7072,112.0,1133.6,1.1304,0.8846426043878273
2019-04-16,70.74,64.01,114.6756,6.7112,111.95,1136.13,1.1293,0.8855042946958293
2019-04-17,71.14,63.74,114.5141,6.687,112.0,1131.7,1.1297,0.8851907586084802
2019-04-18,70.71,64.02,114.7073,6.7081,111.94,1136.2,1.1241,0.8896005693443643
2019-04-19,,,114.6977,6.7032,111.92,1135.4,1.1246,0.8892050506846878
2019-04-22,70.71,65.66,114.7694,6.7112,111.94,1140.52,1.1258,0.8882572392965004
2019-04-23,74.39,66.24,115.1578,6.7249,111.86,1143.22,1.1213,0.8918219923303309
2019-04-24,73.59,65.96,115.4187,6.7207,111.81,1155.65,1.1192,0.8934953538241601
2019-04-25,74.94,65.23,115.7709,6.7418,111.59,1160.15,1.114,0.8976660682226211
2019-04-26,71.03,63.29,115.4767,6.7282,111.6,1158.1,1.1154,0.8965393580778197
2019-04-29,71.22,63.39,115.5227,6.7332,111.8,1160.0,1.1166,0.8955758552749418
2019-04-30,72.19,63.83,115.3281,6.7347,111.4,1165.1,1.1201,0.8927774305865547
2019-05-01,72.01,63.55,115.0022,6.7319,111.18,1161.61,1.1246,0.8892050506846878
2019-05-02,70.56,61.75,115.5617,6.7337,111.39,1166.62,1.1184,0.8941344778254648
2019-05-03,71.95,61.98,115.2646,6.7337,111.28,1165.95,1.1186,0.8939746111210441
2019-05-06,71.95,62.3,115.3811,6.7602,110.86,1169.2,1.1197,0.8930963650977941
2019-05-07,70.98,61.41,115.6116,6.7755,110.34,1172.5,1.1178,0.8946144211844695
2019-05-08,71.09,62.13,115.5171,6.7818,110.12,1170.2,1.1206,0.892379082634303
2019-05-09,70.61,61.58,115.8421,6.8256,109.55,1183.1,1.1228,0.8906305664410402
2019-05-10,71.63,61.65,115.5334,6.8217,109.56,1176.62,1.1241,0.8896005693443643
2019-05-13,72.35,60.97,115.915,6.8765,109.18,1186.94,1.1232,0.8903133903133903
2019-05-14,72.53,61.82,115.9425,6.8737,109.68,1186.94,1.1207,0.892299455697332
2019-05-15,73.09,62.03,115.8565,6.8742,109.58,1188.74,1.1208,0.8922198429693077
2019-05-16,74.7,62.93,116.0346,6.8832,109.89,1190.52,1.1178,0.8946144211844695
2019-05-17,73.94,62.77,116.448,6.9182,109.9,1195.07,1.1166,0.8955758552749418
2019-05-20,73.21,63.12,116.3119,6.9111,109.96,1193.81,1.117,0.8952551477170994
2019-05-21,72.94,63.02,116.2844,6.9007,110.6,1194.31,1.1158,0.8962179602079227
2019-05-22,71.94,61.42,116.2412,6.9054,110.28,1194.36,1.1156,0.8963786303334529
2019-05-23,68.37,57.65,116.2368,6.9087,109.58,1189.31,1.1172,0.8950948800572861
2019-05-24,67.98,58.4,116.0806,6.8997,109.38,1186.2,1.1197,0.8930963650977941
2019-05-27,,,,,,,,
2019-05-28,70.19,58.91,116.3174,6.9078,109.49,1186.66,1.1177,0.8946944618412813
2019-05-29,70.64,58.84,116.5535,6.9138,109.24,1186.66,1.1136,0.8979885057471265
2019-05-30,69.55,56.47,116.3989,6.9011,109.67,1189.14,1.114,0.8976660682226211
2019-05-31,66.78,53.49,116.7273,6.9027,108.66,1190.5,1.1149,0.896941429724639
2019-06-03,63.16,53.25,116.4764,6.9028,108.39,1180.97,1.1206,0.892379082634303
2019-06-04,63.56,53.5,116.091,6.9072,108.3,1180.58,1.1236,0.8899964400142399
2019-06-05,62.14,51.57,116.03,6.9084,108.2,1178.24,1.1242,0.8895214374666429
2019-06-06,62.77,52.59,115.9771,6.9082,108.08,1179.51,1.1294,0.8854258898530193
2019-06-07,64.1,53.95,115.7368,6.9057,108.15,1181.27,1.1324,0.8830801836806782
2019-06-10,64.31,53.33,115.5001,6.9298,108.56,1185.01,1.1311,0.8840951286358413
2019-06-11,63.56,53.3,115.3794,6.9107,108.52,1178.88,1.1316,0.8837044892188053
2019-06-12,61.66,51.13,115.438,6.9161,108.42,1182.82,1.131,0.8841732979664014
2019-06-13,63.28,52.38,115.6275,6.9212,108.44,1183.23,1.1275,0.8869179600886918
2019-06-14,63.13,52.47,115.9057,6.9247,108.44,1184.7,1.1217,0.8915039671926541
2019-06-17,62.56,51.94,115.9684,6.9251,108.56,1186.53,1.1235,0.8900756564307967
2019-06-18,63.35,53.86,115.8797,6.9002,108.39,1185.37,1.1196,0.8931761343336907
2019-06-19,62.85,53.74,115.7889,6.8996,108.36,1185.37,1.1214,0.8917424647761727
2019-06-20,65.44,56.88,114.8046,6.851,107.52,1159.05,1.1284,0.8862105636299185
2019-06-21,65.99,57.35,114.8377,6.8686,107.55,1163.25,1.1328,0.8827683615819208
2019-06-24,65.16,57.73,114.6559,6.8758,107.36,1156.14,1.1393,0.8777319406653208
2019-06-25,66.24,57.63,114.6363,6.8791,106.92,1155.97,1.1386,0.8782715615668364
2019-06-26,66.85,59.17,114.5608,6.8781,107.64,1156.36,1.139,0.8779631255487269
2019-06-27,66.78,59.18,114.665,6.8762,107.73,1157.86,1.1372,0.8793527963418923
2019-06-28,67.52,58.2,114.5821,6.865,107.84,1154.58,1.1374,0.8791981712678038
2019-07-01,65.1,58.91,114.7239,6.8487,108.42,1158.5,1.1307,0.8844078889183691
2019-07-02,62.72,56.0,114.8258,6.8717,107.98,1166.31,1.1301,0.8848774444739402
2019-07-03,63.53,57.06,114.8135,6.8806,107.84,1171.14,1.1275,0.8869179600886918
2019-07-04,63.62,,,,,,,
2019-07-05,64.23,,115.1132,6.8925,108.55,1170.26,1.1216,0.891583452211127
2019-07-08,64.89,57.35,115.0254,6.8808,108.72,1181.31,1.1208,0.8922198429693077
2019-07-09,64.3,57.57,115.1017,6.8866,108.78,1180.2,1.121,0.8920606601248885
2019-07-10,66.41,60.28,115.0879,6.8705,108.44,1181.58,1.126,0.8880994671403198
2019-07-11,67.64,59.93,114.8361,6.8682,108.29,1173.35,1.1261,0.8880206020779682
2019-07-12,66.65,59.99,114.7685,6.8796,108.0,1178.71,1.1254,0.888572951839346
2019-07-15,66.86,59.3,114.6819,6.8769,107.89,1179.04,1.126,0.8880994671403198
2019-07-16,65.87,57.44,115.0111,6.8753,108.35,1177.31,1.1212,0.8919015340706387
2019-07-17,63.67,56.5,114.8819,6.8731,108.1,1181.09,1.1232,0.8903133903133903
2019-07-18,60.7,55.08,114.8744,6.8788,107.74,1178.29,1.1228,0.8906305664410402
2019-07-19,61.04,55.42,114.8695,6.8812,107.78,1173.92,1.122,0.89126559714795
2019-07-22,61.96,55.87,115.0018,6.8803,107.91,1178.17,1.1214,0.8917424647761727
2019-07-23,62.28,56.58,115.2995,6.8787,108.06,1178.72,1.1156,0.8963786303334529
2019-07-24,63.83,55.9,115.2436,6.8717,108.08,1177.54,1.1141,0.8975854950184005
2019-07-25,63.47,55.88,115.2982,6.8714,108.58,1181.17,1.1156,0.8963786303334529
2019-07-26,62.46,56.04,115.5449,6.8785,108.69,1184.51,1.1121,0.899199712256092
2019-07-29,62.29,56.85,115.5885,6.8927,108.86,1183.36,1.1142,0.8975049362771494
2019-07-30,62.55,58.04,115.6211,6.8833,108.66,1181.94,1.1148,0.897021887334051
2019-07-31,64.07,58.53,115.4946,6.8833,108.58,1182.74,1.113,0.8984725965858041
2019-08-01,62.9,53.64,116.0499,6.8972,108.28,1187.0,1.1062,0.903995660820828
2019-08-02,61.12,55.67,116.1864,6.9387,106.64,1196.59,1.1112,0.8999280057595392
2019-08-05,59.32,54.63,116.5851,7.0481,106.02,1215.5,1.1197,0.8930963650977941
2019-08-06,58.63,53.6,116.6904,7.0192,106.45,1214.83,1.1196,0.8931761343336907
2019-08-07,55.03,51.14,116.7987,7.0592,105.62,1214.46,1.1236,0.8899964400142399
2019-08-08,56.29,52.6,116.474,7.044,106.04,1208.77,1.121,0.8920606601248885
2019-08-09,57.37,54.41,116.4419,7.0613,105.3,1214.15,1.1222,0.8911067545891997
2019-08-12,57.13,54.98,116.7548,7.0578,105.38,1215.7,1.1212,0.8919015340706387
2019-08-13,59.9,57.05,116.7267,7.0423,106.6,1220.7,1.1182,0.8942944017170452
2019-08-14,57.86,55.16,117.0913,7.0224,105.79,1212.44,1.1144,0.8973438621679827
2019-08-15,57.37,54.51,117.2239,7.0327,106.12,1214.34,1.1106,0.9004141905276427
2019-08-16,59.0,54.83,117.0786,7.0413,106.34,1205.75,1.1091,0.901631953836444
2019-08-19,59.79,56.24,117.3886,7.0499,106.5,1210.6,1.1096,0.9012256669069936
2019-08-20,59.03,56.18,117.3726,7.0597,106.35,1207.93,1.1092,0.9015506671474938
2019-08-21,60.6,55.65,117.1764,7.0623,106.52,1202.0,1.1098,0.9010632546404759
2019-08-22,59.81,55.33,117.3558,7.0829,106.44,1206.96,1.1089,0.9017945711966814
2019-08-23,58.64,54.08,117.3009,7.0928,105.3,1210.5,1.1148,0.897021887334051
2019-08-26,58.64,53.54,117.6658,7.1503,106.0,1217.51,1.1112,0.8999280057595392
2019-08-27,58.44,54.99,117.75,7.1603,105.8,1211.38,1.1094,0.9013881377321075
2019-08-28,60.42,55.76,117.8767,7.1628,105.86,1213.75,1.1084,0.9022013713460844
2019-08-29,60.59,56.67,118.0625,7.1434,106.5,1216.14,1.1059,0.9042408897730354
2019-08-30,61.04,55.07,118.1575,7.1543,106.3,1211.32,1.0989,0.91000091000091
2019-09-02,58.55,,,,,,,
2019-09-03,57.93,53.91,118.3113,7.1786,105.88,1212.44,1.0968,0.9117432530999271
2019-09-04,60.68,56.22,117.6729,7.144,106.28,1207.84,1.1025,0.9070294784580498
2019-09-05,62.7,56.33,117.4776,7.1468,106.96,1200.18,1.1038,0.9059612248595761
2019-09-06,61.28,56.45,117.1292,7.1131,106.8,1196.81,1.1042,0.9056330374932077
2019-09-09,63.99,57.88,117.0601,7.121,107.14,1192.33,1.1056,0.9044862518089726
2019-09-10,64.67,57.37,117.0887,7.1121,107.34,1191.22,1.1042,0.9056330374932077
2019-09-11,63.02,55.66,117.3125,7.1153,107.73,1191.51,1.1001,0.9090082719752749
2019-09-12,60.76,55.13,116.8375,7.0787,107.97,1180.7,1.1074,0.9030160736861117
2019-09-13,61.25,54.76,116.7677,7.0754,108.12,1176.62,1.1074,0.9030160736861117
2019-09-16,68.42,63.1,117.0251,7.0659,107.94,1182.96,1.1006,0.9085953116481919
2019-09-17,65.59,59.26,116.9826,7.0905,108.12,1186.1,1.1063,0.9039139473922082
2019-09-18,64.29,58.19,116.9766,7.0849,108.17,1191.51,1.1061,0.9040773890245004
2019-09-19,64.25,58.19,117.0861,7.0959,108.0,1193.87,1.1046,0.9053050878145935
2019-09-20,65.23,57.92,117.1819,7.0909,107.95,1188.16,1.1004,0.9087604507451835
2019-09-23,64.66,58.69,117.2986,7.1168,107.47,1195.48,1.0991,0.909835319807115
2019-09-24,64.13,57.22,117.2227,7.1138,107.32,1196.52,1.0999,0.9091735612328392
2019-09-25,62.41,56.38,117.6527,7.1313,107.78,1200.17,1.0949,0.9133254178463787
2019-09-26,62.08,56.24,117.7267,7.13,107.67,1201.99,1.0938,0.9142439202779301
2019-09-27,62.48,55.95,117.7218,7.1218,108.05,1200.03,1.0942,0.9139097057210747
2019-09-30,60.99,54.09,117.9461,7.1477,108.11,1195.85,1.0905,0.9170105456212746
2019-10-01,60.06,53.6,117.9595,7.1473,107.7,1198.96,1.0932,0.9147457006952068
2019-10-02,57.92,52.67,117.9671,7.1473,107.21,1205.47,1.0951,0.9131586156515387
2019-10-03,58.01,52.41,117.6608,7.1473,106.76,1204.67,1.0991,0.909835319807115
2019-10-04,59.13,52.84,117.5288,7.1473,106.91,1192.93,1.0974,0.9112447603426281
2019-10-07,59.46,52.76,117.5533,7.1473,107.06,1196.49,1.0984,0.9104151493080844
2019-10-08,58.14,52.64,117.7407,7.1422,107.06,1193.24,1.0949,0.9133254178463787
2019-10-09,59.7,52.63,117.6835,7.1316,107.43,1197.29,1.0978,0.9109127345600291
2019-10-10,59.08,53.57,117.2801,7.1153,107.91,1190.06,1.1018,0.907605736068252
2019-10-11,60.59,54.76,116.8239,7.0868,108.52,1195.61,1.1039,0.9058791557206268
2019-10-14,58.81,53.57,,,,,,
2019-10-15,59.19,52.81,116.8111,7.0814,108.83,1184.67,1.1036,0.9061254077564336
2019-10-16,59.3,53.42,116.6425,7.092,108.71,1186.38,1.1075,0.9029345372460498
2019-10-17,59.35,53.89,116.2615,7.0766,108.51,1179.05,1.1129,0.8985533291400845
2019-10-18,59.96,53.75,116.1344,7.0805,108.44,1181.06,1.1155,0.8964589870013447
2019-10-21,58.95,53.28,116.0436,7.0748,108.57,1172.57,1.1145,0.8972633467922835
2019-10-22,60.5,54.21,115.9851,7.0761,108.56,1170.49,1.1138,0.8978272580355541
2019-10-23,60.52,55.9,116.0586,7.0624,108.64,1172.07,1.1118,0.8994423457456378
2019-10-24,61.71,56.11,116.1278,7.0684,108.62,1173.19,1.1098,0.9010632546404759
2019-10-25,62.06,56.52,116.0774,7.0647,108.75,1171.58,1.1081,0.902445627650934
2019-10-28,60.39,55.6,116.0222,7.067,109.02,1170.17,1.1094,0.9013881377321075
2019-10-29,61.05,55.34,115.9797,7.0655,108.83,1163.03,1.1117,0.8995232526760818
2019-10-30,60.22,54.85,116.1636,7.0541,108.88,1167.76,1.1123,0.8990380293086397
2019-10-31,59.3,54.02,115.9125,7.0379,108.09,1169.1,1.1155,0.8964589870013447
2019-11-01,60.17,56.04,115.7312,7.0368,108.16,1165.45,1.1169,0.8953353030710001
2019-11-04,62.52,56.33,115.8624,7.03,108.56,1159.29,1.1144,0.8973438621679827
2019-11-05,62.72,57.04,116.1138,7.0082,109.13,1157.64,1.107,0.903342366757001
2019-11-06,62.11,56.15,116.1004,6.9968,108.86,1156.73,1.1076,0.9028530155290719
2019-11-07,62.6,56.91,116.1172,6.9766,109.42,1154.44,1.1045,0.9053870529651425
2019-11-08,62.0,57.02,116.3436,6.9954,109.14,1157.14,1.1019,0.9075233687267447
2019-11-11,62.58,,,,,,,
2019-11-12,62.19,56.67,116.5837,7.0066,109.09,1160.8,1.1017,0.9076881183625307
2019-11-13,62.27,56.88,116.8397,7.0223,108.83,1167.76,1.1004,0.9087604507451835
2019-11-14,62.46,56.57,116.8022,7.0195,108.33,1169.82,1.1016,0.907770515613653
2019-11-15,63.32,57.54,116.4401,7.0075,108.8,1166.98,1.1046,0.9053050878145935
2019-11-18,62.82,56.82,116.3625,7.0246,108.61,1163.76,1.1079,0.9026085386767758
2019-11-19,62.37,54.93,116.5391,7.0263,108.59,1167.13,1.1075,0.9029345372460498
2019-11-20,63.8,56.71,116.828,7.0344,108.67,1169.8,1.1063,0.9039139473922082
2019-11-21,64.99,58.36,116.7435,7.0285,108.53,1175.71,1.1067,0.9035872413481522
2019-11-22,64.83,57.68,116.9137,7.0389,108.67,1179.33,1.1029,0.9067005168192946
2019-11-25,64.67,57.79,117.0098,7.0349,108.95,1173.09,1.1009,0.9083477155054955
2019-11-26,64.82,58.25,117.0513,7.0319,109.11,1175.59,1.1012,0.9081002542680713
2019-11-27,65.03,58.12,117.1273,7.028,109.38,1176.89,1.1002,0.9089256498818397
2019-11-28,64.68,,,,,,,
2019-11-29,64.5,58.12,117.1204,7.0308,109.47,1181.33,1.1019,0.9075233687267447
2019-12-02,63.2,55.97,116.9647,7.038,109.09,1182.84,1.1075,0.9029345372460498
2019-12-03,62.95,56.15,116.8898,7.0609,108.53,1190.31,1.1089,0.9017945711966814
2019-12-04,65.25,58.46,116.692,7.0489,108.87,1194.45,1.1076,0.9028530155290719
2019-12-05,65.67,58.42,116.3838,7.0445,108.69,1189.23,1.1104,0.9005763688760806
2019-12-06,66.5,59.2,116.5381,7.0348,108.66,1189.86,1.1052,0.9048136083966704
2019-12-09,66.44,58.99,116.3283,7.0389,108.59,1189.45,1.1067,0.9035872413481522
2019-12-10,66.57,59.22,116.2542,7.0328,108.73,1191.01,1.109,0.9017132551848512
2019-12-11,65.37,58.74,116.1478,7.0384,108.67,1192.2,1.1092,0.9015506671474938
2019-12-12,66.67,59.18,115.8741,6.9925,109.16,1186.41,1.1115,0.899685110211426
2019-12-13,67.44,60.11,115.6967,6.9925,109.28,1171.97,1.1128,0.8986340762041697
2019-12-16,68.04,60.21,115.555,6.9921,109.64,1171.8,1.1139,0.8977466558937068
2019-12-17,68.99,60.88,115.5553,6.9967,109.52,1165.81,1.1148,0.897021887334051
2019-12-18,69.12,60.93,115.6618,7.0029,109.58,1168.02,1.1113,0.8998470260055791
2019-12-19,69.7,61.3,115.5988,7.0097,109.23,1165.04,1.1128,0.8986340762041697
2019-12-20,68.66,60.43,115.7598,7.0063,109.45,1160.3,1.1076,0.9028530155290719
2019-12-23,67.49,60.51,115.8059,7.0124,109.39,1163.64,1.1091,0.901631953836444
2019-12-24,69.26,61.17,,7.0064,109.38,1163.21,1.1084,0.9022013713460844
2019-12-25,,,,,,,,
2019-12-26,69.26,61.72,115.634,6.9949,109.67,1161.18,1.1102,0.9007386056566384
2019-12-27,68.91,61.76,115.22,6.9954,109.47,1160.87,1.1174,0.8949346697691068
2019-12-30,68.3,61.66,114.9631,6.9864,108.85,1155.75,1.1217,0.8915039671926541
2019-12-31,67.77,61.14,114.669,6.9618,108.67,1155.46,1.1227,0.8907098957869422
2020-01-01,,,,,,,,
2020-01-02,67.05,61.17,114.9745,6.9642,108.43,1157.95,1.1166,0.8955758552749418
2020-01-03,69.08,63.0,114.9867,6.9649,107.94,1165.15,1.1173,0.8950147677436678
2020-01-06,70.25,63.27,114.9557,6.9749,108.36,1167.49,1.1187,0.8938946992044337
2020-01-07,68.74,62.7,115.1477,6.9443,108.53,1166.21,1.1138,0.8978272580355541
2020-01-08,67.31,59.65,115.1328,6.9447,109.03,1170.61,1.1117,0.8995232526760818
2020-01-09,66.58,59.56,115.2331,6.9309,109.47,1158.63,1.1106,0.9004141905276427
2020-01-10,66.77,59.02,115.0677,6.9178,109.5,1161.18,1.1119,0.8993614533681086
2020-01-13,64.14,58.17,115.0342,6.8924,109.93,1156.25,1.1138,0.8978272580355541
2020-01-14,64.45,58.34,115.0239,6.8837,110.05,1156.28,1.113,0.8984725965858041
2020-01-15,63.29,57.86,114.9528,6.8899,109.94,1156.84,1.116,0.8960573476702508
2020-01-16,64.63,58.52,115.0006,6.8769,110.16,1160.86,1.1131,0.8983918785374181
2020-01-17,64.05,58.55,115.0656,6.8589,110.16,1159.08,1.1093,0.9014693951140359
2020-01-20,64.63,,,,,,,
2020-01-21,63.66,58.25,115.1876,6.9049,109.95,1166.56,1.1096,0.9012256669069936
2020-01-22,62.11,56.76,115.2273,6.904,109.93,1165.68,1.1085,0.9021199819576003
2020-01-23,61.26,55.51,115.5545,6.9364,109.39,1168.38,1.1041,0.9057150620414817
2020-01-24,59.34,54.09,115.5556,6.9161,109.31,1166.91,1.1026,0.9069472156720478
2020-01-27,58.54,53.09,115.8004,6.9161,108.95,1176.2,1.1019,0.9075233687267447
2020-01-28,59.37,53.33,115.7239,6.9161,109.17,1176.23,1.1008,0.9084302325581395
2020-01-29,59.46,53.29,115.7003,6.9161,109.15,1176.98,1.1004,0.9087604507451835
2020-01-30,57.72,52.19,115.8077,6.9161,108.75,1191.94,1.1032,0.9064539521392314
2020-01-31,57.77,51.58,115.7345,6.9161,108.5,1191.3,1.1082,0.9023641941887746
2020-02-03,54.0,50.06,116.1172,7.0208,108.59,1194.8,1.1062,0.903995660820828
2020-02-04,53.9,49.59,115.9291,6.9979,109.41,1184.51,1.1043,0.9055510278004165
2020-02-05,55.36,50.87,116.009,6.972,109.74,1187.25,1.1006,0.9085953116481919
2020-02-06,55.18,50.94,116.1518,6.9694,109.89,1179.64,1.0979,0.91082976591675
2020-02-07,54.53,50.34,116.5086,7.0003,109.81,1186.24,1.095,0.9132420091324202
2020-02-10,53.39,49.59,116.5711,6.982,109.77,1186.96,1.0916,0.9160864785635765
2020-02-11,54.0,50.0,116.3585,6.965,109.78,1181.32,1.0917,0.9160025648071816
2020-02-12,55.54,51.13,116.2794,6.9708,110.0,1178.98,1.0893,0.9180207472688884
2020-02-13,56.34,51.41,116.3999,6.9759,109.81,1182.02,1.0848,0.9218289085545723
2020-02-14,57.37,52.03,116.4223,6.9859,109.77,1183.2,1.0839,0.9225943352707814
2020-02-17,57.83,,,,,,,
2020-02-18,57.35,52.1,116.6039,6.9949,109.8,1190.6,1.0815,0.9246417013407305
2020-02-19,59.72,53.31,116.7829,6.9975,111.17,1191.1,1.0794,0.9264406151565685
2020-02-20,59.57,53.77,117.2454,7.0225,111.86,1198.34,1.0797,0.9261831990367694
2020-02-21,58.6,53.36,117.0473,7.0255,111.74,1207.91,1.0855,0.921234454168586
2020-02-24,56.71,51.36,117.4018,7.0286,110.56,1218.5,1.0857,0.9210647508519848
2020-02-25,55.29,49.78,117.2425,7.0128,110.23,1214.45,1.0868,0.9201324990798675
2020-02-26,54.96,48.67,117.405,7.0214,110.36,1213.61,1.0887,0.918526683200147
2020-02-27,52.19,47.17,117.3678,7.0036,110.15,1217.03,1.0977,0.9109957183201239
2020-02-28,51.31,44.83,117.6568,6.9906,108.12,1214.92,1.1001,0.9090082719752749
2020-03-02,52.52,46.78,116.8144,6.9595,108.02,1190.89,1.1164,0.8957362952346829
2020-03-03,52.24,47.27,116.4958,6.9579,107.28,1194.66,1.1175,0.894854586129754
2020-03-04,51.86,46.78,116.7802,6.9244,107.34,1187.54,1.113,0.8984725965858041
2020-03-05,51.29,45.9,116.7901,6.9366,106.56,1181.11,1.1202,0.8926977325477593
2020-03-06,45.6,41.14,116.7106,6.9298,105.31,1192.0,1.1319,0.8834702712253734
2020-03-09,35.33,31.05,117.1871,6.9448,102.52,1203.75,1.142,0.8756567425569177
2020-03-10,35.57,34.47,117.9027,6.9549,103.71,1193.1,1.1342,0.881678716275789
2020-03-11,34.45,33.13,118.2505,6.9595,104.81,1194.16,1.128,0.8865248226950355
2020-03-12,31.02,31.56,120.4883,7.0282,105.67,1206.19,1.1081,0.902445627650934
2020-03-13,32.25,31.72,120.4388,7.0079,107.15,1211.7,1.1066,0.9036688957166095
2020-03-16,27.98,28.96,120.9352,6.9913,105.64,1225.33,1.1139,0.8977466558937068
2020-03-17,27.97,26.96,122.4816,7.003,107.41,1240.98,1.0971,0.9114939385653086
2020-03-18,22.79,20.48,124.1623,7.0459,108.45,1245.19,1.0833,0.9231053263177329
2020-03-19,23.98,25.09,125.0587,7.1058,110.08,1250.86,1.0699,0.9346667912889054
2020-03-20,25.55,19.48,124.9362,7.095,111.3,1250.55,1.0682,0.9361542782250515
2020-03-23,23.75,23.33,126.1262,7.09,111.36,1267.25,1.076,0.929368029739777
2020-03-24,24.5,21.03,125.5001,7.061,111.44,1249.88,1.0794,0.9264406151565685
2020-03-25,25.62,20.75,124.7916,7.1099,111.43,1228.15,1.0835,0.9229349330872174
2020-03-26,23.55,16.6,122.4308,7.0709,109.45,1233.47,1.1025,0.9070294784580498
2020-03-27,22.39,15.48,122.4007,7.0942,108.16,1210.49,1.1059,0.9042408897730354
2020-03-30,19.19,14.1,123.2883,7.0986,108.06,1224.11,1.1018,0.907605736068252
2020-03-31,14.85,20.51,122.5301,7.0808,107.53,1218.92,1.1016,0.907770515613653
2020-04-01,14.97,20.28,123.7933,7.0989,107.05,1229.65,1.0934,0.9145783793671118
2020-04-02,20.24,25.18,123.5916,7.0857,107.85,1229.89,1.0862,0.9206407659731173
2020-04-03,24.33,28.36,124.4152,7.0908,108.53,1230.56,1.0797,0.9261831990367694
2020-04-06,22.58,26.21,124.16,7.0895,109.11,1224.6,1.0808,0.9252405625462621
2020-04-07,22.1,23.54,123.0956,7.0448,108.97,1220.43,1.0886,0.9186110600771633
2020-04-08,25.22,24.97,123.2216,7.0649,108.7,1220.77,1.0864,0.9204712812960235
2020-04-09,20.23,22.9,122.476,7.0428,108.38,1219.71,1.0931,0.9148293843198244
2020-04-10,,,122.1592,7.0341,108.39,1211.71,1.0951,0.9131586156515387
2020-04-13,,22.36,122.5203,7.0501,107.59,1217.72,1.0906,0.9169264624977077
2020-04-14,21.74,20.15,122.1121,7.0479,107.08,1216.85,1.0971,0.9114939385653086
2020-04-15,19.8,19.96,123.0752,7.0664,107.42,1224.55,1.0909,0.9166743056192135
2020-04-16,18.69,19.82,123.4615,7.0778,107.72,1228.21,1.084,0.9225092250922509
2020-04-17,19.75,18.31,122.871,7.0711,107.52,1217.81,1.0883,0.9188642837452908
2020-04-20,17.36,-36.98,123.1033,7.0721,107.69,1217.29,1.0874,0.9196247930844216
2020-04-21,9.12,8.91,123.9116,7.0914,107.69,1229.28,1.0854,0.9213193292795283
2020-04-22,13.77,13.64,123.9256,7.0831,107.81,1234.79,1.0829,0.9234463015975621
2020-04-23,15.06,15.06,123.7542,7.0654,107.65,1229.04,1.0815,0.9246417013407305
2020-04-24,15.87,15.99,124.1615,7.0813,107.44,1233.88,1.0798,0.9260974254491572
2020-04-27,15.17,12.17,123.8843,7.0848,107.22,1224.16,1.0829,0.9234463015975621
2020-04-28,15.6,12.4,123.3693,7.0776,106.83,1224.83,1.0836,0.9228497600590625
2020-04-29,17.86,15.04,122.7782,7.0755,106.67,1219.2,1.0853,0.9214042200313278
2020-04-30,18.11,19.23,122.327,7.0622,106.94,1203.95,1.0934,0.9145783793671118
2020-05-01,18.49,19.72,123.1492,7.0622,106.76,1223.2,1.0998,0.9092562284051645
2020-05-04,20.4,20.47,123.2117,7.0622,106.82,1228.81,1.0911,0.9165062780680048
2020-05-05,25.46,24.56,122.803,7.0622,106.52,1220.13,1.0844,0.9221689413500553
2020-05-06,24.2,23.88,123.609,7.1031,106.07,1222.03,1.0806,0.9254118082546733
2020-05-07,24.23,23.68,123.1249,7.0825,106.36,1224.76,1.0815,0.9246417013407305
2020-05-08,,24.73,122.5379,7.0732,106.5,1216.47,1.0854,0.9213193292795283
2020-05-11,25.53,24.02,123.2333,7.0972,107.7,1220.2,1.0818,0.924385283786282
2020-05-12,26.67,25.76,123.0592,7.0816,107.33,1222.0,1.0864,0.9204712812960235
2020-05-13,27.89,25.37,123.5408,7.0911,106.92,1223.86,1.0837,0.9227646027498384
2020-05-14,29.87,27.4,123.6429,7.0935,107.09,1227.76,1.08,0.9259259259259258
2020-05-15,30.95,29.44,123.5991,7.1013,107.27,1230.71,1.0816,0.9245562130177516
2020-05-18,33.3,31.83,122.7968,7.1086,107.25,1232.32,1.0904,0.917094644167278
2020-05-19,33.06,32.3,122.5655,7.098,107.89,1225.19,1.0937,0.9143275121148396
2020-05-20,34.76,33.56,122.1007,7.0928,107.46,1230.02,1.098,0.9107468123861566
2020-05-21,34.78,34.3,122.0914,7.1138,107.69,1230.53,1.0953,0.9129918743723181
2020-05-22,33.8,33.49,122.3211,7.1269,107.5,1236.53,1.0894,0.9179364787956674
2020-05-25,,,,,,,,
2020-05-26,33.95,34.7,121.3864,7.134,107.64,1234.24,1.097,0.9115770282588879
2020-05-27,32.73,32.8,121.5677,7.1681,107.79,1238.03,1.0969,0.9116601331023795
2020-05-28,33.98,33.67,121.0138,7.1447,107.67,1239.28,1.1069,0.9034239768723462
2020-05-29,34.15,35.57,120.9458,7.1348,107.77,1236.61,1.1107,0.9003331232556046
2020-06-01,36.74,35.49,120.2686,7.1263,107.56,1224.79,1.1123,0.8990380293086397
2020-06-02,37.72,36.88,119.6854,7.0992,108.6,1225.07,1.1166,0.8955758552749418
2020-06-03,37.98,37.33,119.2556,7.1115,108.88,1216.08,1.1246,0.8892050506846878
2020-06-04,38.41,37.42,119.3014,7.1075,109.0,1218.77,1.1322,0.8832361773538243
2020-06-05,41.0,39.49,118.8138,7.0808,109.68,1202.79,1.1297,0.8851907586084802
2020-06-08,39.66,38.17,118.6621,7.07,108.46,1197.84,1.1293,0.8855042946958293
2020-06-09,40.45,38.98,118.5893,7.0765,107.66,1197.04,1.1348,0.8812125484666902
2020-06-10,41.18,39.54,118.5231,7.0599,107.25,1189.9,1.1355,0.8806693086745927
2020-06-11,37.76,36.43,119.2347,7.064,106.67,1196.34,1.1378,0.8788890841975743
2020-06-12,38.54,36.24,119.6645,7.0825,107.36,1204.52,1.1253,0.888651915044877
2020-06-15,39.44,37.07,119.9539,7.0887,107.33,1212.21,1.127,0.8873114463176575
2020-06-16,40.75,38.26,119.567,7.0854,107.35,1207.26,1.1259,0.8881783462119194
2020-06-17,40.47,37.91,119.9105,7.084,107.26,1215.02,1.1219,0.8913450396648543
2020-06-18,41.75,38.79,120.2173,7.0869,106.78,1211.65,1.1216,0.891583452211127
2020-06-19,42.33,39.72,120.2186,7.0707,106.89,1208.38,1.1189,0.893734918223255
2020-06-22,43.2,40.6,119.7532,7.0678,106.84,1210.73,1.126,0.8880994671403198
2020-06-23,42.72,40.4,119.3285,7.0575,106.44,1206.43,1.1322,0.8832361773538243
2020-06-24,40.4,37.91,119.9744,7.077,106.83,1199.55,1.1272,0.8871540099361249
2020-06-25,41.18,38.66,120.2997,7.0768,107.21,1203.59,1.1221,0.8911861687906603
2020-06-26,40.97,38.53,120.533,7.0768,107.19,1203.44,1.1215,0.8916629514043692
2020-06-29,41.58,39.67,120.6658,7.0794,107.71,1200.91,1.1237,0.8899172376968942
2020-06-30,41.64,39.27,120.4649,7.0651,107.77,1200.5,1.1237,0.8899172376968942
2020-07-01,42.18,39.88,120.0808,7.0703,107.5,1201.84,1.1259,0.8881783462119194
2020-07-02,43.19,40.57,119.8555,7.066,107.55,1199.84,1.1237,0.8899172376968942
2020-07-03,42.92,,,,,,,
2020-07-06,42.73,40.51,119.2852,7.0159,107.5,1192.66,1.1307,0.8844078889183691
2020-07-07,43.28,40.59,119.5717,7.0127,107.53,1194.43,1.1299,0.8850340738118418
2020-07-08,43.67,40.91,119.5525,7.0041,107.39,1194.63,1.1329,0.8826904404625298
2020-07-09,42.35,39.64,119.5129,6.9923,107.27,1197.84,1.1298,0.8851124092759781
2020-07-10,43.27,40.56,119.3509,6.999,106.77,1204.34,1.1318,0.8835483300936562
2020-07-13,42.85,40.06,119.1891,6.9959,107.22,1200.13,1.1364,0.8799718409010912
2020-07-14,42.97,40.3,119.3901,7.006,107.2,1205.24,1.1406,0.8767315448009819
2020-07-15,43.96,41.2,119.0331,6.9885,106.92,1201.97,1.1406,0.8767315448009819
2020-07-16,43.71,40.74,118.9275,6.9881,107.05,1202.97,1.1433,0.8746610688358262
2020-07-17,43.53,40.55,119.124,6.9912,107.06,1203.86,1.1438,0.8742787200559539
2020-07-20,43.3,40.83,119.0483,6.9829,107.21,1202.26,1.1442,0.8739730816290857
2020-07-21,44.31,41.76,118.4042,6.98,106.82,1194.64,1.1495,0.8699434536755111
2020-07-22,43.98,41.88,118.1337,6.9988,107.18,1194.83,1.1587,0.8630361612151549
2020-07-23,42.96,40.99,118.0613,7.0034,106.83,1198.91,1.1623,0.8603630732168974
2020-07-24,43.29,41.23,118.1329,7.0168,105.79,1203.17,1.1635,0.8594757198109153
2020-07-27,43.39,41.46,117.3869,6.995,105.29,1195.94,1.175,0.851063829787234
2020-07-28,43.11,40.89,117.3189,6.9998,105.03,1198.15,1.1733,0.8522969402539845
2020-07-29,43.51,41.13,117.2126,7.0014,105.06,1192.98,1.177,0.8496176720475785
2020-07-30,42.98,39.85,117.4008,7.008,105.05,1196.3,1.1791,0.8481044864727334
2020-07-31,43.13,40.1,117.2082,6.9744,105.78,1192.68,1.1822,0.845880561664693
2020-08-03,43.76,40.83,117.8074,6.9799,106.11,1194.31,1.175,0.851063829787234
2020-08-04,43.99,41.67,117.7833,6.972,105.87,1194.53,1.1766,0.8499065102838687
2020-08-05,44.92,42.25,116.8736,6.9353,105.44,1188.93,1.1898,0.8404773911581779
2020-08-06,45.04,41.93,117.0422,6.952,105.52,1185.29,1.1856,0.8434547908232118
2020-08-07,44.07,41.16,117.6239,6.967,105.92,1189.25,1.1776,0.8491847826086957
2020-08-10,44.19,41.94,117.5821,6.9611,105.85,1186.28,1.1756,0.8506294658046955
2020-08-11,43.68,41.53,117.3781,6.9451,106.56,1184.84,1.1764,0.8500510030601837
2020-08-12,45.09,42.6,117.2559,6.9363,106.85,1184.09,1.1796,0.84774499830451
2020-08-13,44.87,42.26,117.1193,6.944,106.89,1183.25,1.1818,0.8461668641056016
2020-08-14,44.86,42.05,116.9395,6.9501,106.49,1186.53,1.1833,0.8450942280064228
2020-08-17,44.91,42.89,116.749,6.9318,105.97,1184.17,1.1869,0.8425309630128907
2020-08-18,45.34,42.89,116.5593,6.9215,105.41,1184.74,1.1928,0.8383635144198524
2020-08-19,45.21,42.91,116.567,6.9192,105.71,1181.06,1.1898,0.8404773911581779
2020-08-20,44.56,42.62,116.8126,6.9143,105.81,1187.66,1.1862,0.8430281571404485
2020-08-21,43.94,42.32,117.0572,6.9179,105.88,1191.84,1.1775,0.8492569002123143
2020-08-24,44.43,42.44,116.912,6.918,105.9,1189.11,1.1803,0.8472422265525714
2020-08-25,46.01,43.17,116.8206,6.9116,106.4,1188.18,1.1818,0.8461668641056016
2020-08-26,45.79,43.21,116.6243,6.8855,106.13,1185.6,1.1813,0.8465250148141877
2020-08-27,44.84,42.88,116.649,6.8925,106.42,1185.22,1.1824,0.8457374830852504
2020-08-28,45.22,42.96,115.9374,6.8647,105.3,1181.62,1.1901,0.8402655239055542
2020-08-31,,42.61,115.7586,6.8474,105.84,1187.48,1.195,0.8368200836820083
2020-09-01,45.72,42.76,115.5687,6.8272,106.0,1182.94,1.1949,0.8368901163277261
2020-09-02,42.7,42.76,116.0304,6.8375,106.15,1189.98,1.184,0.8445945945945946
2020-09-03,42.72,41.39,116.0685,6.8474,106.14,1188.04,1.1832,0.8451656524678837
2020-09-04,41.1,39.69,116.0347,6.8409,106.34,1190.6,1.182,0.8460236886632826
2020-09-07,40.67,,,,,,,
2020-09-08,38.53,36.87,116.4618,6.8435,105.97,1188.69,1.1789,0.8482483671218932
2020-09-09,39.98,38.05,116.1291,6.8308,106.23,1185.12,1.181,0.8467400508044031
2020-09-10,39.27,37.25,115.8806,6.8335,106.19,1184.41,1.188,0.8417508417508418
2020-09-11,38.8,37.33,116.0866,6.833,106.17,1186.55,1.1831,0.8452370890034654
2020-09-14,38.57,37.23,115.6428,6.808,105.68,1181.27,1.1874,0.8421761832575375
2020-09-15,39.54,38.29,115.5908,6.7819,105.5,1179.99,1.1846,0.8441668073611345
2020-09-16,41.23,40.17,115.3537,6.7529,104.94,1176.0,1.1835,0.8449514152936206
2020-09-17,42.35,40.99,115.4392,6.7628,104.77,1174.25,1.1823,0.8458090163241141
2020-09-18,42.16,41.09,115.2395,6.7675,104.44,1163.2,1.1857,0.8433836552247618
2020-09-21,40.37,39.26,116.378,6.8043,104.69,1166.75,1.1737,0.8520064752492119
2020-09-22,40.84,39.55,116.5438,6.7779,105.05,1164.83,1.1703,0.8544817568144921
2020-09-23,41.09,39.92,117.2526,6.8089,105.34,1164.56,1.1677,0.8563843452941681
2020-09-24,41.24,40.11,117.5473,6.8273,105.42,1170.49,1.1666,0.8571918395336876
2020-09-25,40.91,40.06,117.8679,6.822,105.59,1172.71,1.1618,0.8607333448097779
2020-09-28,41.59,40.47,117.6178,6.8106,105.5,1168.08,1.166,0.8576329331046313
2020-09-29,40.33,39.03,117.526,6.815,105.68,1169.67,1.1717,0.8534607834769993
2020-09-30,40.3,40.05,116.946,6.7896,105.58,1165.97,1.1723,0.8530239699735563
2020-10-01,39.75,38.51,116.7227,6.7898,105.53,1163.05,1.1752,0.8509189925119128
2020-10-02,38.0,36.9,116.7321,6.7898,105.36,1166.08,1.1706,0.8542627712284298
2020-10-05,39.78,39.12,116.1767,6.7896,105.7,1157.77,1.1784,0.8486082824168365
2020-10-06,41.27,40.52,116.2681,6.7896,105.64,1162.0,1.1778,0.8490405841399219
2020-10-07,40.62,39.82,116.3447,6.7896,105.97,1158.41,1.1766,0.8499065102838687
2020-10-08,42.0,41.04,116.1657,6.7896,105.98,1152.44,1.1753,0.8508465923593976
2020-10-09,41.63,40.44,115.2757,6.6933,105.72,1143.46,1.1819,0.8460952703274389
2020-10-12,40.5,39.22,,,,,,
2020-10-13,41.34,40.03,115.9107,6.7452,105.55,1147.4,1.1737,0.8520064752492119
2020-10-14,41.81,40.86,115.6872,6.7136,105.08,1146.58,1.1755,0.8507018290089324
2020-10-15,41.61,40.84,116.0964,6.7233,105.38,1143.03,1.1701,0.854627809588924
2020-10-16,41.34,40.7,115.7679,6.6962,105.41,1146.82,1.1717,0.8534607834769993
2020-10-19,41.29,40.69,115.4031,6.6803,105.42,1141.76,1.1788,0.848320325755005
2020-10-20,41.62,41.37,115.2485,6.6754,105.56,1138.65,1.1824,0.8457374830852504
2020-10-21,40.09,39.88,114.9108,6.6503,104.58,1132.11,1.187,0.8424599831508003
2020-10-22,41.28,40.46,115.1158,6.6821,104.88,1135.26,1.1824,0.8457374830852504
2020-10-23,40.71,39.73,115.0126,6.6861,104.78,1129.77,1.1844,0.8443093549476529
2020-10-26,39.06,38.39,115.2797,6.7119,104.86,1127.77,1.1816,0.8463100880162492
2020-10-27,39.72,39.34,115.0131,6.7044,104.44,1127.9,1.1834,0.8450228156160217
2020-10-28,37.86,37.27,115.8023,6.7279,104.33,1133.76,1.1751,0.8509914049868096
2020-10-29,36.56,35.94,116.3069,6.714,104.69,1131.12,1.1658,0.857780065191285
2020-10-30,36.33,35.64,116.1354,6.6919,104.54,1133.99,1.1647,0.8585901948999742
2020-11-02,37.78,36.6,116.2361,6.6899,104.8,1134.62,1.1634,0.8595495960116899
2020-11-03,38.17,37.44,115.4802,6.6759,104.5,1134.3,1.1724,0.8529512111907198
2020-11-04,39.68,38.97,115.1677,6.6504,104.39,1137.37,1.173,0.8525149190110827
2020-11-05,39.47,38.56,114.4556,6.6027,103.67,1122.96,1.1809,0.846811753747142
2020-11-06,38.08,36.97,113.9919,6.608,103.32,1121.0,1.1886,0.8413259296651522
2020-11-09,40.93,40.05,114.0895,6.628,105.58,1113.14,1.1811,0.8466683600033866
2020-11-10,42.25,41.18,114.0757,6.6146,105.36,1117.63,1.181,0.8467400508044031
2020-11-11,42.5,41.23,,,,,,
2020-11-12,42.16,40.9,114.2843,6.6114,105.16,1112.95,1.1814,0.8464533604198409
2020-11-13,41.51,39.93,114.2397,6.6039,104.61,1109.47,1.1824,0.8457374830852504
2020-11-16,42.71,41.14,113.8312,6.583,104.54,1106.88,1.1844,0.8443093549476529
2020-11-17,42.54,41.24,113.682,6.5556,104.2,1105.33,1.1862,0.8430281571404485
2020-11-18,42.91,41.64,113.46,6.5588,103.72,1105.72,1.1869,0.8425309630128907
2020-11-19,43.09,41.57,113.694,6.5823,103.85,1114.93,1.1843,0.8443806467955756
2020-11-20,43.79,41.99,113.489,6.5608,103.81,1114.48,1.1857,0.8433836552247618
2020-11-23,45.0,42.91,113.7548,6.585,104.42,1115.42,1.1826,0.8455944529003889
2020-11-24,46.63,44.71,113.4316,6.59,104.61,1110.93,1.1874,0.8421761832575375
2020-11-25,47.3,45.58,113.1823,6.575,104.39,1106.84,1.1908,0.8397715821296606
2020-11-26,46.32,,,,,,,
2020-11-27,46.88,,,,,,,
2020-11-30,46.84,45.2,113.2256,6.576,104.38,1105.79,1.1948,0.8369601606963508
2020-12-01,47.03,44.54,112.8063,6.5705,104.4,1107.33,1.2039,0.8306337735692333
2020-12-02,47.8,45.23,112.6115,6.5622,104.52,1100.15,1.2093,0.8269246671628214
2020-12-03,48.37,45.65,112.0236,6.5418,103.77,1096.28,1.2152,0.8229098090849243
2020-12-04,49.1,46.23,111.7778,6.5301,104.16,1081.85,1.2142,0.823587547356284
2020-12-07,48.63,45.72,111.8385,6.5295,104.01,1082.22,1.2138,0.8238589553468446
2020-12-08,48.84,45.64,111.8639,6.5307,104.14,1085.4,1.2111,0.825695648583932
2020-12-09,48.81,45.48,112.0305,6.541,104.28,1083.78,1.208,0.8278145695364238
2020-12-10,50.33,46.76,111.9788,6.5419,104.3,1086.83,1.2118,0.825218682950982
2020-12-11,50.01,46.59,112.1417,6.5445,103.88,1091.23,1.2112,0.8256274768824307
2020-12-14,50.27,47.02,112.1708,6.548,104.06,1093.19,1.2145,0.8233841086867024
2020-12-15,50.77,47.58,111.8601,6.5388,103.69,1092.22,1.2158,0.8225037012666557
2020-12-16,50.83,47.86,111.7157,6.5323,103.59,1093.71,1.2175,0.8213552361396304
2020-12-17,51.2,48.34,111.2226,6.5321,103.13,1092.96,1.2258,0.8157937673356176
2020-12-18,52.17,49.04,111.6071,6.5395,103.35,1099.37,1.2236,0.8172605426610003
2020-12-21,50.61,47.79,111.9415,6.5493,103.44,1107.03,1.223,0.8176614881439084
2020-12-22,49.88,47.02,112.1947,6.5426,103.62,1107.12,1.2172,0.821557673348669
2020-12-23,51.05,47.94,111.9807,6.54,103.52,1106.92,1.2194,0.8200754469411186
2020-12-24,50.88,48.18,,,,,,
2020-12-25,,,,,,,,
2020-12-28,50.88,47.5,111.9752,6.5346,103.84,1096.67,1.2213,0.8187996397281585
2020-12-29,50.44,47.85,111.5172,6.53,103.5,1092.55,1.2252,0.8161932745674175
2020-12-30,50.74,48.24,111.3084,6.5208,103.31,1086.62,1.228,0.8143322475570033
2020-12-31,51.22,48.35,111.3169,6.525,103.19,1086.11,1.223,0.8176614881439084
2021-01-01,,,,,,,,
2021-01-04,50.37,47.47,111.2075,6.4601,103.19,1081.62,1.2254,0.8160600620205647
2021-01-05,53.16,49.78,110.9574,6.455,102.7,1087.42,1.2295,0.8133387555917039
2021-01-06,53.8,50.45,110.8502,6.4617,103.25,1085.71,1.229,0.8136696501220504
2021-01-07,53.7,50.63,111.3042,6.476,103.84,1086.78,1.2265,0.8153281695882594
2021-01-08,55.51,52.14,111.2847,6.475,103.89,1089.48,1.2252,0.8161932745674175
2021-01-11,54.84,52.15,111.8257,6.4795,104.16,1097.39,1.2169,0.8217602103706138
2021-01-12,55.98,53.08,111.5501,6.461,104.09,1099.57,1.2168,0.8218277449046679
2021-01-13,55.52,52.81,111.3622,6.4677,103.91,1098.31,1.2159,0.8224360555966773
2021-01-14,55.76,53.47,111.1567,6.4736,103.66,1098.37,1.2156,0.8226390259953932
2021-01-15,54.8,52.25,111.5106,6.48,103.8,1099.39,1.2099,0.8265145879824779
2021-01-18,54.21,,,,,,,
2021-01-19,55.38,52.87,111.4527,6.4777,103.86,1102.14,1.2126,0.8246742536698005
2021-01-20,55.66,53.16,,,,,,
2021-01-21,55.68,53.0,111.1973,6.4595,103.57,1097.91,1.2143,0.823519723297373
2021-01-22,55.22,52.28,111.5516,6.481,103.76,1105.5,1.2179,0.8210854749979473
2021-01-25,55.44,52.78,111.8676,6.4784,103.78,1101.02,1.2138,0.8238589553468446
2021-01-26,55.26,52.61,111.6572,6.4635,103.69,1103.26,1.2147,0.8232485387338438
2021-01-27,55.07,52.81,112.0782,6.4822,104.09,1104.09,1.2101,0.8263779852904719
2021-01-28,54.87,52.26,112.0059,6.4491,104.31,1111.95,1.2122,0.8249463784853985
2021-01-29,55.25,52.16,111.9511,6.4282,104.64,1118.35,1.2135,0.8240626287597858
2021-02-01,56.42,53.55,112.4189,6.4669,104.97,1116.48,1.207,0.828500414250207
2021-02-02,57.62,54.77,112.2862,6.457,105.09,1115.88,1.202,0.831946755407654
2021-02-03,58.61,55.67,112.2567,6.4614,105.05,1114.47,1.2025,0.8316008316008316
2021-02-04,58.98,56.19,112.7469,6.4715,105.43,1120.02,1.1974,0.8351428094204109
2021-02-05,59.48,56.8,112.2379,6.4664,105.44,1123.7,1.2035,0.8309098462816784
2021-02-08,60.17,57.95,112.0428,6.4475,105.19,1119.22,1.2045,0.8302200083022001
2021-02-09,60.74,58.34,111.7675,6.4344,104.62,1116.42,1.2106,0.8260366760284157
2021-02-10,61.17,58.69,111.5834,6.4576,104.67,1106.9,1.2132,0.8242664029014177
2021-02-11,61.09,58.22,111.5272,6.4567,104.75,1102.7,1.2127,0.824606250515379
2021-02-12,62.47,59.5,111.4889,6.4567,104.94,1102.16,1.2126,0.8246742536698005
2021-02-15,63.58,,,,,,,
2021-02-16,63.96,60.07,111.7879,6.4567,105.88,1099.61,1.2107,0.8259684480052861
2021-02-17,65.02,61.09,112.0204,6.4567,105.83,1107.44,1.2042,0.8304268393954493
2021-02-18,64.09,60.4,112.1603,6.4869,105.69,1108.56,1.2078,0.8279516476237788
2021-02-19,62.84,59.12,111.7058,6.4555,105.58,1105.81,1.2136,0.8239947264337508
2021-02-22,64.73,61.67,111.918,6.4625,105.06,1111.56,1.2155,0.8227067050596463
2021-02-23,65.16,61.66,111.8981,6.464,105.21,1110.25,1.2142,0.823587547356284
2021-02-24,66.85,63.21,111.7212,6.4556,105.91,1112.19,1.2143,0.823519723297373
2021-02-25,66.69,63.43,111.9253,6.4541,106.22,1107.73,1.2229,0.8177283506419167
2021-02-26,65.86,61.55,112.8306,6.473,106.64,1123.36,1.2093,0.8269246671628214
2021-03-01,64.56,60.54,112.5263,6.4648,106.68,1118.59,1.2054,0.8296001327360212
2021-03-02,63.17,59.7,112.5342,6.4702,106.75,1125.61,1.2079,0.8278831029058697
2021-03-03,64.7,61.33,112.7617,6.4675,106.92,1123.96,1.2073,0.8282945415389712
2021-03-04,67.32,63.81,112.7037,6.4694,107.58,1124.45,1.2045,0.8302200083022001
2021-03-05,69.95,66.08,113.7487,6.496,108.24,1124.85,1.1914,0.8393486654356219
2021-03-08,68.0,65.03,114.2678,6.525,108.92,1132.64,1.1849,0.8439530762089628
2021-03-09,67.03,64.02,113.928,6.505,108.64,1140.63,1.1885,0.8413967185527977
2021-03-10,67.53,64.45,113.5881,6.505,108.58,1139.85,1.19,0.8403361344537815
2021-03-11,69.34,66.02,112.9214,6.4932,108.44,1135.19,1.1978,0.8348639171814994
2021-03-12,68.87,65.59,113.0269,6.5081,108.87,1133.09,1.1952,0.8366800535475234
2021-03-15,68.78,65.36,113.1928,6.4996,109.11,1136.37,1.1917,0.8391373667869431
2021-03-16,67.95,64.82,112.9839,6.5052,109.01,1129.69,1.1895,0.8406893652795292
2021-03-17,67.73,64.55,113.1589,6.503,109.22,1130.24,1.1905,0.8399832003359934
2021-03-18,62.11,59.95,112.7744,6.5054,108.97,1123.51,1.1926,0.8385041086701324
2021-03-19,64.0,61.43,112.9756,6.507,108.85,1130.38,1.1909,0.8397010664203544
2021-03-22,63.89,61.48,113.0023,6.507,108.67,1128.19,1.1932,0.8380824673147838
2021-03-23,59.96,57.75,113.2916,6.516,108.61,1128.96,1.1872,0.8423180592991913
2021-03-24,63.7,61.12,113.6565,6.523,108.81,1133.35,1.1831,0.8452370890034654
2021-03-25,61.21,58.47,114.0016,6.5452,109.13,1133.31,1.1777,0.8491126772522714
2021-03-26,63.77,60.93,113.7406,6.5412,109.55,1129.26,1.1798,0.8476012883539583
2021-03-29,64.06,61.49,113.9314,6.5696,109.73,1133.57,1.1779,0.8489685032685288
2021-03-30,63.28,60.55,114.203,6.5716,110.19,1133.44,1.1724,0.8529512111907198
2021-03-31,63.52,59.19,113.8234,6.5518,110.61,1126.72,1.1743,0.8515711487694798
2021-04-01,63.85,61.41,113.7389,6.5645,110.61,1131.63,1.1772,0.8494733265375467
2021-04-02,,,113.7315,6.5646,110.67,1127.3,1.1763,0.8501232678738417
2021-04-05,,58.73,113.394,6.5649,110.08,1127.34,1.181,0.8467400508044031
2021-04-06,61.47,59.34,113.1464,6.537,109.83,1117.12,1.1852,0.8437394532568343
2021-04-07,61.86,59.77,113.2436,6.5415,109.67,1116.21,1.189,0.8410428931875525
2021-04-08,62.09,59.61,113.0917,6.5505,109.25,1116.96,1.1904,0.8400537634408602
2021-04-09,61.89,59.29,113.2028,6.5522,109.64,1120.84,1.1897,0.8405480373203329
2021-04-12,62.38,59.7,113.1815,6.5475,109.43,1124.6,1.1907,0.8398421096833795
2021-04-13,62.83,60.2,113.0391,6.5431,109.19,1125.63,1.1939,0.8375910880308234
2021-04-14,66.11,63.15,112.7849,6.5292,108.93,1116.43,1.1974,0.8351428094204109
2021-04-15,66.13,63.42,112.6181,6.522,108.78,1115.04,1.1964,0.8358408559010365
2021-04-16,65.98,63.16,112.4814,6.5203,108.78,1114.93,1.198,0.8347245409015025
2021-04-19,66.54,63.33,112.1835,6.5085,108.09,1115.03,1.2028,0.8313934153641502
2021-04-20,65.34,62.61,112.2354,6.4981,108.07,1116.68,1.2045,0.8302200083022001
2021-04-21,64.02,61.34,112.1771,6.4903,108.09,1117.8,1.2033,0.8310479514667997
2021-04-22,65.07,61.45,112.2297,6.491,108.17,1117.3,1.2012,0.8325008325008325
2021-04-23,65.75,62.18,112.0889,6.4945,107.94,1115.1,1.2069,0.8285690612312535
2021-04-26,65.5,62.02,111.8109,6.4844,108.12,1110.88,1.2083,0.8276090374906895
2021-04-27,66.25,63.03,111.9097,6.483,108.56,1109.6,1.2079,0.8278831029058697
2021-04-28,67.08,63.81,111.7909,6.4771,108.81,1112.28,1.2098,0.8265829062654985
2021-04-29,68.26,65.0,111.7464,6.471,108.94,1108.54,1.211,0.8257638315441783
2021-04-30,67.73,63.5,112.0839,6.4749,109.33,1115.58,1.203,0.8312551953449708
2021-05-03,,64.46,112.005,6.4749,109.08,1122.88,1.2059,0.8292561572269674
2021-05-04,68.91,65.72,112.2896,6.4749,109.34,1122.05,1.2014,0.8323622440486099
2021-05-05,69.71,65.63,112.1514,6.4749,109.27,1125.82,1.2003,0.8331250520703158
2021-05-06,68.62,64.73,111.8401,6.4635,109.17,1121.94,1.2049,0.8299443937256203
2021-05-07,68.73,64.96,111.0249,6.431,108.52,1121.06,1.2165,0.8220304151253597
2021-05-10,68.61,64.92,110.7905,6.4156,108.7,1112.28,1.217,0.8216926869350862
2021-05-11,68.83,65.31,110.8921,6.4285,108.53,1119.38,1.2169,0.8217602103706138
2021-05-12,69.62,65.96,111.5636,6.4566,109.53,1124.33,1.2074,0.8282259400364419
2021-05-13,67.36,63.82,111.5955,6.4506,109.56,1130.35,1.207,0.828500414250207
2021-05-14,69.24,65.32,111.1353,6.4367,109.37,1126.76,1.2141,0.8236553825879253
2021-05-17,69.62,66.24,111.079,6.4388,109.17,1136.03,1.2155,0.8227067050596463
2021-05-18,69.01,65.49,110.8317,6.425,109.01,1129.67,1.2203,0.8194706219782021
2021-05-19,66.88,63.28,110.8807,6.4342,108.76,1128.18,1.2216,0.8185985592665357
2021-05-20,65.18,61.95,110.8605,6.4339,108.79,1127.74,1.2225,0.8179959100204499
2021-05-21,66.72,63.61,111.0576,6.4339,108.94,1126.59,1.2178,0.8211528986697323
2021-05-24,68.59,66.13,110.9118,6.4177,108.81,1125.28,1.221,0.8190008190008189
2021-05-25,68.8,66.27,110.842,6.41,108.95,1123.21,1.2233,0.8174609662388621
2021-05-26,68.93,66.41,110.8677,6.3905,109.1,1117.63,1.2204,0.8194034742707309
2021-05-27,69.43,66.87,110.8688,6.3824,109.81,1117.47,1.2194,0.8200754469411186
2021-05-28,69.36,66.31,110.7576,6.3674,109.83,1114.48,1.2194,0.8200754469411186
2021-05-31,,,,,,,,
2021-06-01,70.03,67.8,110.5046,6.3796,109.43,1106.43,1.2241,0.8169267216730659
2021-06-02,70.6,68.79,110.5799,6.3805,109.59,1110.37,1.2213,0.8187996397281585
2021-06-03,70.71,68.81,111.1782,6.4036,110.28,1117.63,1.2122,0.8249463784853985
2021-06-04,71.3,69.57,110.7521,6.3945,109.42,1112.03,1.2173,0.8214901831923108
2021-06-07,70.89,69.21,110.5155,6.3963,109.25,1111.01,1.22,0.819672131147541
2021-06-08,71.39,70.11,110.649,6.4,109.47,1116.43,1.218,0.8210180623973727
2021-06-09,71.31,69.9,110.5707,6.3865,109.61,1116.58,1.2184,0.8207485226526593
2021-06-10,71.65,70.34,110.5456,6.3929,109.49,1114.17,1.2173,0.8214901831923108
2021-06-11,72.05,71.0,111.0933,6.3967,109.75,1116.57,1.2101,0.8263779852904719
2021-06-14,72.27,70.94,110.9659,6.3979,109.98,1117.57,1.2126,0.8246742536698005
2021-06-15,73.38,72.06,111.3507,6.4052,110.12,1118.33,1.212,0.8250825082508251
2021-06-16,73.88,72.03,111.1165,6.3969,109.88,1118.42,1.2119,0.8251505899826719
2021-06-17,72.92,71.06,112.5772,6.4477,110.28,1130.14,1.1911,0.8395600705230459
2021-06-18,73.1,71.64,113.0408,6.4525,110.21,1135.28,1.1872,0.8423180592991913
2021-06-21,74.49,73.64,112.8391,6.4659,110.22,1134.19,1.1909,0.8397010664203544
2021-06-22,74.92,73.15,112.9174,6.4811,110.75,1137.07,1.191,0.8396305625524769
2021-06-23,75.22,73.11,112.3819,6.4727,110.86,1133.89,1.195,0.8368200836820083
2021-06-24,75.95,73.31,112.326,6.4701,110.91,1131.5,1.1927,0.8384338056510438
2021-06-25,76.45,74.21,111.9655,6.4545,110.78,1127.36,1.194,0.8375209380234506
2021-06-28,74.78,72.98,112.0248,6.4555,110.5,1130.29,1.1938,0.8376612497905848
2021-06-29,75.38,73.14,112.2613,6.4635,110.53,1131.68,1.1905,0.8399832003359934
2021-06-30,76.94,73.52,112.5533,6.4566,111.05,1130.42,1.1848,0.8440243079000674
2021-07-01,76.69,75.33,112.74,6.4679,111.56,1134.37,1.1857,0.8433836552247618
2021-07-02,77.51,75.37,112.5425,6.4721,111.28,1132.42,1.1848,0.8440243079000674
2021-07-05,78.34,,,,,,,
2021-07-06,75.81,73.62,112.9516,6.4786,110.66,1137.17,1.1816,0.8463100880162492
2021-07-07,74.31,72.22,113.1048,6.4718,110.62,1141.26,1.1803,0.8472422265525714
2021-07-08,75.07,72.98,113.0776,6.4898,109.82,1147.96,1.184,0.8445945945945946
2021-07-09,77.14,74.56,112.8375,6.4788,110.18,1145.08,1.1861,0.8430992327796982
2021-07-12,76.77,74.21,112.7611,6.4751,110.36,1146.29,1.1858,0.8433125316242199
2021-07-13,77.5,75.24,113.0063,6.4685,110.36,1146.29,1.1813,0.8465250148141877
2021-07-14,75.74,73.06,112.8801,6.4688,110.03,1147.43,1.1826,0.8455944529003889
2021-07-15,74.53,71.67,113.0041,6.46,110.05,1141.21,1.1806,0.8470269354565475
2021-07-16,74.46,71.76,113.0428,6.4785,110.13,1139.35,1.181,0.8467400508044031
2021-07-19,69.33,66.45,113.5472,6.4893,109.45,1147.17,1.1804,0.8471704506946799
2021-07-20,70.03,67.32,113.7502,6.4845,109.92,1150.45,1.1776,0.8491847826086957
2021-07-21,72.54,70.26,113.3926,6.4664,110.22,1153.03,1.1799,0.8475294516484448
2021-07-22,74.25,72.15,113.4695,6.47,110.1,1149.99,1.1771,0.8495454931611588
2021-07-23,74.86,72.24,113.4398,6.4808,110.52,1153.53,1.1761,0.8502678343678259
2021-07-26,74.79,72.15,113.2238,6.4825,110.31,1154.75,1.181,0.8467400508044031
2021-07-27,74.87,71.68,113.2227,6.5104,109.64,1156.32,1.1831,0.8452370890034654
2021-07-28,75.09,72.37,113.1807,6.4905,110.06,1156.27,1.1809,0.846811753747142
2021-07-29,76.3,73.62,112.4834,6.4562,109.53,1142.09,1.1886,0.8413259296651522
2021-07-30,77.72,73.93,112.6714,6.4609,109.7,1151.86,1.1864,0.8428860418071478
2021-08-02,73.91,71.31,112.6691,6.462,109.22,1150.72,1.1873,0.8422471153036301
2021-08-03,73.24,70.64,112.8228,6.47,109.09,1149.45,1.1859,0.8432414200185513
2021-08-04,70.99,68.19,112.8953,6.4655,109.44,1142.99,1.1841,0.8445232666159953
2021-08-05,72.14,69.1,112.7674,6.4608,109.75,1142.53,1.1838,0.8447372867038352
2021-08-06,71.02,68.26,113.3088,6.4825,110.22,1145.87,1.1761,0.8502678343678259
2021-08-09,69.65,66.56,113.4521,6.4857,110.25,1145.83,1.1749,0.8511362669163333
2021-08-10,71.14,68.33,113.4973,6.4852,110.54,1152.5,1.1722,0.8530967411704488
2021-08-11,71.99,69.3,113.282,6.4783,110.47,1156.09,1.1737,0.8520064752492119
2021-08-12,71.79,69.12,113.2691,6.4782,110.36,1162.78,1.1736,0.8520790729379687
2021-08-13,70.9,68.36,113.0615,6.4768,109.75,1168.36,1.1796,0.84774499830451
2021-08-16,70.07,67.44,113.1698,6.4742,109.26,1166.78,1.1776,0.8491847826086957
2021-08-17,69.4,66.5,113.6174,6.4854,109.59,1177.08,1.1714,0.8536793580331228
2021-08-18,68.61,65.36,113.6959,6.4841,109.92,1170.18,1.1702,0.8545547769612033
2021-08-19,66.8,63.69,114.1106,6.4942,109.75,1173.89,1.1693,0.8552125203112974
2021-08-20,65.51,62.25,114.5009,6.5012,109.77,1180.4,1.169,0.8554319931565441
2021-08-23,69.07,65.65,113.9418,6.4805,109.78,1169.73,1.1732,0.8523695874531196
2021-08-24,71.21,67.5,113.6795,6.471,109.68,1165.43,1.1746,0.8513536523071683
2021-08-25,72.12,68.54,113.6322,6.4756,110.03,1164.24,1.1758,0.8504847763225039
2021-08-26,70.42,67.42,113.7883,6.4809,110.09,1169.88,1.1761,0.8502678343678259
2021-08-27,72.26,68.84,113.3404,6.4711,109.84,1162.5,1.1794,0.8478887569950823
2021-08-30,,69.28,113.246,6.4658,109.91,1166.33,1.1795,0.8478168715557439
2021-08-31,73.45,68.43,113.1076,6.4604,110.05,1158.32,1.18,0.8474576271186441
2021-09-01,71.99,68.63,112.8732,6.4586,110.03,1156.03,1.185,0.8438818565400843
2021-09-02,73.56,70.07,112.7863,6.456,110.01,1160.95,1.1858,0.8433125316242199
2021-09-03,73.07,69.34,112.5476,6.4528,109.64,1155.44,1.1884,0.841467519353753
2021-09-06,72.43,,,,,,,
2021-09-07,71.52,68.49,112.9795,6.4662,110.17,1162.88,1.1849,0.8439530762089628
2021-09-08,72.36,69.36,113.2319,6.4612,110.32,1166.21,1.1818,0.8461668641056016
2021-09-09,71.32,68.26,113.043,6.4547,109.76,1169.61,1.1827,0.8455229559482539
2021-09-10,72.44,69.82,112.9425,6.444,109.93,1169.63,1.1821,0.8459521191100584
2021-09-13,72.97,70.54,113.0341,6.4511,109.94,1173.33,1.1809,0.846811753747142
2021-09-14,73.05,70.53,113.0061,6.4382,109.66,1170.71,1.1824,0.8457374830852504
2021-09-15,74.84,72.59,112.9773,6.432,109.4,1168.58,1.1811,0.8466683600033866
2021-09-16,75.14,72.69,113.3036,6.4566,109.67,1171.23,1.1764,0.8500510030601837
2021-09-17,74.64,72.09,113.5989,6.4655,109.94,1175.34,1.1734,0.8522243054371911
2021-09-20,73.59,70.41,113.9422,6.4651,109.47,1186.73,1.1729,0.8525876033762468
2021-09-21,73.65,70.51,113.8179,6.4651,109.33,1185.15,1.1724,0.8529512111907198
2021-09-22,75.5,72.37,113.6223,6.4611,109.59,1182.41,1.1739,0.851861316977596
2021-09-23,76.44,73.43,113.513,6.459,110.17,1173.48,1.1735,0.8521516829995739
2021-09-24,77.42,74.18,113.7597,6.466,110.72,1176.53,1.1715,0.8536064874093043
2021-09-27,78.85,75.54,113.7432,6.456,110.97,1175.9,1.1702,0.8545547769612033
2021-09-28,78.3,75.44,114.2469,6.4595,111.33,1183.61,1.1681,0.856091088091773
2021-09-29,77.86,75.06,114.7092,6.4702,111.83,1181.75,1.1612,0.861178091629349
2021-09-30,77.81,75.22,114.6403,6.4434,111.5,1183.7,1.1577,0.8637816360024186
2021-10-01,79.4,76.01,114.3798,6.4434,110.97,1187.24,1.1598,0.8622176237282291
2021-10-04,81.44,77.68,114.2739,6.4434,110.94,1182.4,1.1622,0.8604371020478404
2021-10-05,82.72,79.17,114.3654,6.4434,111.39,1188.31,1.1609,0.8614006374364717
2021-10-06,81.39,77.66,114.7185,6.4434,111.33,1192.6,1.1546,0.8661008141347653
2021-10-07,82.34,78.46,114.5044,6.4434,111.5,1190.76,1.1561,0.8649770781074302
2021-10-08,82.17,79.55,114.5986,6.4435,112.15,1194.58,1.1572,0.8641548565502938
2021-10-11,83.75,80.64,,,,,,
2021-10-12,83.53,80.75,114.7542,6.4485,113.69,1198.72,1.1541,0.8664760419374405
2021-10-13,83.53,80.67,114.4705,6.4262,113.49,1193.89,1.1568,0.8644536652835407
2021-10-14,83.86,81.43,114.2053,6.438,113.59,1186.3,1.1591,0.862738331464067
2021-10-15,84.67,82.39,114.0905,6.434,114.31,1182.34,1.1594,0.8625150940141453
2021-10-18,84.13,82.62,113.9899,6.429,114.22,1187.55,1.1609,0.8614006374364717
2021-10-19,85.02,83.19,113.647,6.3822,114.27,1175.32,1.1632,0.859697386519945
2021-10-20,85.76,84.4,113.5083,6.3936,114.24,1175.05,1.1643,0.8588851670531651
2021-10-21,84.58,82.64,113.6188,6.3925,113.75,1177.25,1.1643,0.8588851670531651
2021-10-22,85.43,84.53,113.67,6.3839,113.54,1176.85,1.1632,0.859697386519945
2021-10-25,84.85,84.64,113.605,6.3856,113.7,1167.59,1.1609,0.8614006374364717
2021-10-26,85.11,85.64,113.674,6.382,114.19,1167.58,1.159,0.8628127696289905
2021-10-27,84.12,82.66,113.6218,6.3915,113.75,1171.19,1.16,0.8620689655172414
2021-10-28,83.4,82.78,113.4389,6.3917,113.38,1167.34,1.1685,0.8557980316645271
2021-10-29,83.1,83.5,114.1349,6.405,114.03,1174.94,1.1552,0.8656509695290858
2021-11-01,84.51,84.08,114.2067,6.3972,114.19,1177.73,1.1591,0.862738331464067
2021-11-02,84.42,83.91,114.2847,6.3995,113.78,1177.04,1.1581,0.8634832915983076
2021-11-03,81.1,80.82,114.3593,6.4061,114.06,1184.56,1.1584,0.8632596685082872
2021-11-04,80.15,78.88,114.3558,6.397,113.63,1186.77,1.1546,0.8661008141347653
2021-11-05,82.43,81.25,114.0732,6.3961,113.45,1183.28,1.1554,0.8655011251514627
2021-11-08,83.22,81.96,113.8256,6.3902,113.15,1180.64,1.159,0.8628127696289905
2021-11-09,84.52,84.12,113.762,6.3916,112.87,1178.64,1.1589,0.8628872206402622
2021-11-10,82.91,81.23,114.1484,6.3882,113.89,1181.16,1.1517,0.8682816705739342
2021-11-11,83.4,81.47,,,,,,
2021-11-12,82.9,80.87,114.5144,6.3787,113.9,1179.23,1.1443,0.8738967054094205
2021-11-15,81.94,80.85,114.5876,6.3824,113.96,1181.61,1.1421,0.8755800717975659
2021-11-16,82.85,80.76,115.136,6.3919,114.62,1183.3,1.1333,0.8823788934968676
2021-11-17,80.67,78.32,115.0263,6.3775,114.33,1182.4,1.1322,0.8832361773538243
2021-11-18,82.45,78.92,115.0678,6.3851,114.22,1183.42,1.1358,0.8804366966015145
2021-11-19,80.24,76.11,115.2187,6.3863,113.81,1184.93,1.1318,0.8835483300936562
2021-11-22,80.97,76.74,115.6481,6.3842,114.69,1185.33,1.126,0.8880994671403198
2021-11-23,83.43,78.32,116.0118,6.391,114.98,1190.31,1.1265,0.8877052818464269
2021-11-24,82.37,78.32,116.2711,6.3917,115.34,1186.01,1.1196,0.8931761343336907
2021-11-25,82.05,,,,,,,
2021-11-26,72.37,,116.5103,6.3924,113.46,1194.43,1.1302,0.8847991505928153
2021-11-29,73.34,69.88,116.581,6.3875,113.75,1192.96,1.1261,0.8880206020779682
2021-11-30,70.86,66.14,116.2071,6.364,113.22,1187.45,1.1287,0.8859750155045627
2021-12-01,69.53,65.44,115.889,6.3641,112.82,1187.45,1.1323,0.8831581736288968
2021-12-02,70.56,66.6,116.018,6.3763,113.1,1175.18,1.1306,0.884486113568017
2021-12-03,70.71,66.39,116.2377,6.3758,112.88,1179.84,1.1308,0.8843296781039971
2021-12-06,73.38,69.62,116.1538,6.3756,113.31,1182.29,1.1282,0.8863676653075695
2021-12-07,75.54,71.94,115.8555,6.3657,113.61,1179.24,1.1247,0.8891259891526629
2021-12-08,75.94,72.43,115.4418,6.3435,113.83,1175.19,1.133,0.8826125330979699
2021-12-09,74.1,70.87,115.7784,6.3772,113.53,1173.59,1.1285,0.8861320336730172
2021-12-10,74.98,71.71,115.5732,6.3685,113.36,1180.99,1.1312,0.884016973125884
2021-12-13,74.12,71.19,115.842,6.3659,113.42,1184.19,1.1298,0.8851124092759781
2021-12-14,73.37,70.57,116.2397,6.3671,113.63,1182.7,1.1267,0.8875477056891807
2021-12-15,73.71,70.89,116.4219,6.3673,113.83,1186.06,1.1261,0.8880206020779682
2021-12-16,74.64,72.34,115.7146,6.3674,113.67,1183.59,1.1309,0.8842514811212309
2021-12-17,72.97,70.93,115.791,6.3748,113.56,1181.03,1.1277,0.8867606632969762
2021-12-20,70.51,68.69,116.0092,6.3756,113.45,1191.07,1.1298,0.8851124092759781
2021-12-21,72.85,71.1,116.1089,6.3716,114.11,1192.35,1.1272,0.8871540099361249
2021-12-22,74.69,72.82,115.7485,6.3695,114.22,1190.21,1.1324,0.8830801836806782
2021-12-23,76.26,73.89,115.5337,6.3696,114.42,1187.59,1.132,0.88339222614841
2021-12-24,75.24,,,,,,,
2021-12-27,,75.49,115.4684,6.3705,114.85,1186.82,1.1329,0.8826904404625298
2021-12-28,,76.01,115.4192,6.3684,114.75,1188.15,1.1314,0.8838607035531201
2021-12-29,78.63,76.58,115.3678,6.368,114.97,1185.51,1.1337,0.8820675663755845
2021-12-30,78.61,76.83,115.283,6.3726,115.17,1188.59,1.1318,0.8835483300936562
2021-12-31,77.24,75.33,,,,,,
2022-01-03,78.25,75.99,115.4101,6.355,115.27,1191.39,1.129,0.8857395925597874
2022-01-04,79.39,77.0,115.3103,6.3721,116.12,1193.77,1.1296,0.8852691218130312
2022-01-05,80.6,77.83,115.137,6.364,115.91,1196.38,1.1335,0.882223202470225
2022-01-06,81.99,79.47,115.4046,6.3822,115.78,1205.02,1.1307,0.8844078889183691
2022-01-07,82.28,79.0,115.0451,6.3769,115.61,1200.78,1.1358,0.8804366966015145
2022-01-10,81.56,78.11,115.2216,6.3756,115.14,1199.13,1.1328,0.8827683615819208
2022-01-11,84.98,81.17,114.8332,6.3735,115.38,1194.62,1.1363,0.8800492827598345
2022-01-12,85.83,82.51,114.355,6.358,114.74,1187.34,1.1431,0.8748141020033243
2022-01-13,85.8,81.97,114.177,6.3595,114.06,1187.95,1.1464,0.8722958827634333
2022-01-14,87.17,83.82,114.3825,6.3524,113.89,1186.96,1.1414,0.8761170492377782
2022-01-17,87.82,,,,,,,
2022-01-18,88.83,85.42,114.7373,6.3525,114.6,1192.74,1.1336,0.8821453775582216
2022-01-19,89.64,86.84,114.6109,6.3447,114.28,1188.51,1.1346,0.8813678829543451
2022-01-20,89.75,86.29,114.4642,6.3406,114.08,1191.96,1.1336,0.8821453775582216
2022-01-21,89.75,85.16,114.6125,6.3385,113.72,1193.87,1.1346,0.8813678829543451
2022-01-24,87.74,84.48,115.2034,6.3304,113.82,1195.68,1.131,0.8841732979664014
2022-01-25,89.49,86.61,115.1654,6.3257,113.88,1198.66,1.1283,0.8862891075068686
2022-01-26,91.22,88.33,115.0922,6.3206,114.33,1197.46,1.1279,0.8866034222892101
2022-01-27,90.7,87.61,115.978,6.3677,115.47,1202.65,1.1141,0.8975854950184005
2022-01-28,91.47,87.67,116.0393,6.3605,115.21,1209.04,1.116,0.8960573476702508
2022-01-31,92.35,89.16,115.566,6.361,115.22,1206.78,1.1212,0.8919015340706387
2022-02-01,90.24,88.22,115.3685,6.361,114.77,1209.44,1.1239,0.8897588753447816
2022-02-02,91.43,88.16,115.1538,6.361,114.36,1201.7,1.1299,0.8850340738118418
2022-02-03,92.99,90.17,114.9065,6.361,114.88,1206.35,1.1425,0.87527352297593
2022-02-04,96.86,92.27,115.1362,6.361,115.22,1199.43,1.1455,0.8729812309035356
2022-02-07,97.28,91.25,115.0098,6.361,115.09,1198.64,1.1434,0.8745845723281441
2022-02-08,96.07,89.32,115.0892,6.366,115.62,1198.05,1.1416,0.8759635599159076
2022-02-09,94.95,89.57,114.8232,6.3619,115.44,1196.36,1.1435,0.8745080891998251
2022-02-10,96.37,89.83,114.5527,6.3526,115.84,1196.31,1.1487,0.8705493166187864
2022-02-11,97.5,93.1,114.8413,6.354,115.91,1198.72,1.1404,0.876885303402315
2022-02-14,101.66,95.52,115.1946,6.3567,115.72,1196.21,1.1306,0.884486113568017
2022-02-15,98.43,92.07,114.93,6.3385,115.64,1199.78,1.1363,0.8800492827598345
2022-02-16,97.44,93.83,114.6886,6.3366,115.41,1197.51,1.1381,0.8786574114752659
2022-02-17,95.28,91.78,114.6755,6.3381,115.03,1197.39,1.1364,0.8799718409010912
2022-02-18,96.18,91.26,114.7982,6.3251,115.08,1195.4,1.1327,0.8828462964597863
2022-02-21,98.95,,,,,,,
2022-02-22,98.73,92.11,114.7002,6.326,114.94,1192.07,1.1342,0.881678716275789
2022-02-23,99.29,92.14,114.6668,6.3134,115.12,1193.42,1.1316,0.8837044892188053
2022-02-24,101.29,92.77,115.9419,6.3283,115.45,1202.34,1.1154,0.8965393580778197
2022-02-25,98.56,91.68,115.2577,6.3169,115.62,1201.93,1.1261,0.8880206020779682
2022-02-28,103.08,96.13,115.2224,6.3084,115.11,1202.28,1.1224,0.8909479686386315
2022-03-01,110.93,103.66,115.7962,6.3116,114.87,1204.34,1.1103,0.900657479960371
2022-03-02,118.94,110.74,115.7623,6.321,115.59,1205.58,1.1102,0.9007386056566384
2022-03-03,115.36,107.69,115.9495,6.3195,115.67,1204.35,1.1053,0.9047317470370035
2022-03-04,123.86,115.77,116.6503,6.3188,114.65,1213.71,1.0912,0.9164222873900294
2022-03-07,129.02,119.26,117.3278,6.3194,115.41,1226.78,1.086,0.9208103130755064
2022-03-08,133.18,123.64,117.6176,6.3178,115.64,1237.18,1.0881,0.9190331770976932
2022-03-09,116.58,108.81,116.5961,6.3174,115.87,1234.01,1.1069,0.9034239768723462
2022-03-10,114.54,105.93,116.7401,6.3212,116.05,1228.21,1.1007,0.9085127646043427
2022-03-11,118.11,109.31,117.0192,6.3389,117.08,1231.47,1.0937,0.9143275121148396
2022-03-14,110.39,103.22,117.1506,6.3645,118.0,1241.46,1.0979,0.91082976591675
2022-03-15,105.14,96.42,117.246,6.3696,118.19,1242.65,1.0974,0.9112447603426281
2022-03-16,104.61,94.85,116.8073,6.351,118.48,1228.04,1.0996,0.9094216078574028
2022-03-17,113.5,102.97,116.0467,6.3459,118.45,1214.33,1.111,0.9000900090009001
2022-03-18,114.32,104.69,116.1378,6.3609,119.17,1212.2,1.1044,0.9054690329590728
2022-03-21,122.29,112.14,115.9398,6.3552,119.15,1216.12,1.1048,0.9051412020275162
2022-03-22,121.53,111.03,116.0824,6.366,120.66,1217.09,1.1022,0.9072763563781527
2022-03-23,127.52,114.89,116.005,6.372,121.02,1217.92,1.1001,0.9090082719752749
2022-03-24,123.98,114.2,115.9599,6.367,122.08,1220.45,1.1006,0.9085953116481919
2022-03-25,122.67,116.2,115.7921,6.3658,121.98,1218.77,1.0985,0.9103322712790168
2022-03-28,114.5,107.55,116.1911,6.3714,123.25,1225.46,1.0977,0.9109957183201239
2022-03-29,112.79,104.25,115.5679,6.3635,122.61,1219.21,1.1104,0.9005763688760806
2022-03-30,115.59,107.81,115.0818,6.347,121.97,1208.46,1.1163,0.8958165367732688
2022-03-31,107.29,100.53,115.2218,6.3393,121.44,1211.55,1.1093,0.9014693951140359
2022-04-01,106.13,99.32,115.4814,6.3625,122.6,1215.29,1.1043,0.9055510278004165
2022-04-04,108.15,103.29,115.4112,6.3619,122.7,1214.72,1.0992,0.9097525473071325
2022-04-05,106.6,101.98,115.73,6.3619,123.48,1212.55,1.0921,0.9156670634557275
2022-04-06,100.81,96.39,115.9995,6.359,123.7,1212.55,1.0913,0.9163383121048292
2022-04-07,99.83,96.05,116.3512,6.36,123.8,1218.96,1.09,0.9174311926605504
2022-04-08,101.26,98.35,116.4176,6.3643,124.31,1225.13,1.0874,0.9196247930844216
2022-04-11,97.92,94.22,116.5401,6.3692,125.55,1233.38,1.0875,0.9195402298850576
2022-04-12,104.42,100.52,116.3866,6.3651,125.25,1236.03,1.0852,0.9214891264283082
2022-04-13,108.49,104.26,116.2796,6.3678,125.51,1227.17,1.0874,0.9196247930844216
2022-04-14,110.83,106.84,116.7558,6.3775,125.92,1224.18,1.0796,0.9262689885142646
2022-04-15,,,116.7017,6.3705,126.31,1227.97,1.0812,0.924898261191269
2022-04-18,,108.24,116.8441,6.363,126.77,1233.73,1.0785,0.9272137227630969
2022-04-19,105.49,102.54,117.1324,6.393,128.55,1236.53,1.0789,0.9268699601445918
2022-04-20,105.05,102.56,116.7306,6.4188,127.76,1235.28,1.0857,0.9210647508519848
2022-04-21,107.2,103.89,117.1432,6.45,128.62,1238.13,1.0839,0.9225943352707814
2022-04-22,105.15,102.86,118.0186,6.501,128.78,1239.66,1.079,0.9267840593141798
2022-04-25,99.27,99.6,118.6271,6.5585,127.66,1249.87,1.0703,0.934317481080071
2022-04-26,102.89,102.62,118.9624,6.5552,127.37,1260.37,1.0661,0.937998311603039
2022-04-27,103.3,101.96,119.4708,6.5595,128.44,1269.35,1.0549,0.9479571523367144
2022-04-28,105.78,105.47,120.0675,6.6243,130.94,1271.5,1.05,0.9523809523809523
2022-04-29,108.36,104.59,119.4933,6.608,129.84,1255.87,1.0537,0.9490367277213627
2022-05-02,,105.18,119.8825,6.6079,130.18,1265.24,1.0521,0.95047999239616
2022-05-03,104.94,102.53,119.7043,6.6079,130.09,1267.82,1.0532,0.9494872768704901
2022-05-04,110.53,107.84,119.5592,6.6079,129.97,1265.22,1.0539,0.9488566277635448
2022-05-05,112.11,108.17,120.0068,6.6535,130.41,1256.05,1.0507,0.9517464547444561
2022-05-06,113.86,109.72,119.8577,6.6651,130.35,1272.58,1.0572,0.9458948164964057
2022-05-09,106.67,103.08,120.4972,6.7295,130.37,1276.29,1.0559,0.947059380623165
2022-05-10,102.61,99.74,120.7742,6.7343,130.21,1275.02,1.0531,0.9495774380400722
2022-05-11,107.7,105.5,120.3925,6.7186,130.2,1275.04,1.0537,0.9490367277213627
2022-05-12,108.06,106.15,121.2796,6.786,128.1,1288.65,1.0376,0.9637625289128758
2022-05-13,112.12,110.52,120.8442,6.788,129.23,1283.51,1.041,0.9606147934678195
2022-05-16,114.86,114.07,120.6881,6.7852,129.15,1284.79,1.042,0.9596928982725528
2022-05-17,112.89,112.31,119.8871,6.7361,129.31,1274.33,1.0532,0.9494872768704901
2022-05-18,110.04,109.67,120.0274,6.754,128.22,1266.36,1.0494,0.9529254812273679
2022-05-19,113.22,112.21,119.4278,6.7109,127.62,1276.91,1.0587,0.9445546424860678
2022-05-20,113.63,112.63,119.3677,6.6921,127.86,1267.87,1.0559,0.947059380623165
2022-05-23,115.13,110.32,118.7169,6.649,127.78,1263.85,1.0668,0.9373828271466067
2022-05-24,115.77,112.55,118.6245,6.653,126.56,1265.97,1.0744,0.9307520476545048
2022-05-25,116.41,112.88,118.9598,6.6916,127.31,1264.58,1.0658,0.9382623381497466
2022-05-26,119.81,116.19,118.7687,6.738,127.23,1267.83,1.0725,0.9324009324009324
2022-05-27,121.19,114.96,118.2834,6.698,127.14,1250.13,1.0709,0.9337940050424877
2022-05-30,123.01,,,,,,,
2022-05-31,125.53,114.38,118.0704,6.6715,128.53,1236.93,1.0731,0.9318796011555307
2022-06-01,122.2,115.26,118.6954,6.6858,130.09,1246.52,1.0646,0.9393199323689648
2022-06-02,,116.88,118.0658,6.6596,129.83,1252.03,1.0733,0.9317059536010436
2022-06-03,125.68,118.97,118.2153,6.6595,130.71,1242.23,1.0721,0.9327488107452663
2022-06-06,124.99,118.41,118.3081,6.6534,131.55,1253.52,1.0699,0.9346667912889054
2022-06-07,126.89,119.55,118.4414,6.6675,132.53,1255.32,1.0697,0.9348415443582312
2022-06-08,129.2,121.94,118.3951,6.6825,134.06,1253.5,1.074,0.9310986964618249
2022-06-09,128.47,121.52,118.9226,6.6915,134.06,1256.91,1.0656,0.9384384384384383
2022-06-10,127.44,120.73,119.9981,6.7081,134.19,1268.01,1.0521,0.95047999239616
2022-06-13,128.44,120.92,121.1523,6.753,134.12,1283.69,1.0436,0.9582215408202376
2022-06-14,127.02,118.92,121.6669,6.7395,134.89,1285.87,1.0416,0.9600614439324116
2022-06-15,124.96,115.32,121.6403,6.7128,134.5,1290.05,1.0388,0.9626492106276473
2022-06-16,125.78,117.56,120.6714,6.703,131.65,1286.76,1.0531,0.9495774380400722
2022-06-17,119.22,109.56,121.2369,6.716,135.14,1287.36,1.0473,0.9548362455838825
2022-06-20,118.25,,,,,,,
2022-06-21,118.51,110.49,120.6427,6.688,136.25,1293.25,1.0548,0.9480470231323475
2022-06-22,115.54,106.22,120.5197,6.6983,136.05,1297.21,1.0583,0.9449116507606539
2022-06-23,114.5,105.75,120.7622,6.698,134.72,1300.86,1.0503,0.9521089212605922
2022-06-24,117.36,109.07,120.4853,6.6878,135.22,1298.71,1.0539,0.9488566277635448
2022-06-27,119.69,111.44,120.1736,6.6899,135.26,1286.2,1.0601,0.9433072351664937
2022-06-28,122.21,113.66,120.62,6.707,136.19,1290.18,1.0534,0.9493070058857035
2022-06-29,120.8,111.65,120.9616,6.6997,136.5,1298.39,1.0477,0.9544716999140975
2022-06-30,119.78,107.76,120.9652,6.6981,135.69,1298.95,1.0469,0.9552010698251983
2022-07-01,119.21,110.3,121.5058,6.7,135.09,1297.18,1.0409,0.9607070804111827
2022-07-04,121.8,,,,,,,
2022-07-05,110.49,101.55,122.6203,6.7192,135.72,1299.69,1.0254,0.9752291788570313
2022-07-06,108.54,100.31,123.0073,6.707,135.66,1307.1,1.0173,0.9829942003342179
2022-07-07,113.4,104.62,122.7257,6.7005,135.99,1299.51,1.0159,0.984348853233586
2022-07-08,113.95,106.78,122.4662,6.6945,136.16,1299.51,1.0178,0.982511298879937
2022-07-11,114.85,106.09,123.2974,6.7175,137.29,1308.9,1.0088,0.9912767644726408
2022-07-12,106.98,97.69,123.4524,6.7234,136.68,1311.91,1.0069,0.9931472837421791
2022-07-13,107.17,98.44,123.2834,6.7175,137.34,1306.65,1.0081,0.9919650828290845
2022-07-14,107.74,97.79,124.0622,6.7542,138.94,1311.76,1.0028,0.997207818109294
2022-07-15,112.26,99.59,123.4765,6.7565,138.57,1321.15,1.0089,0.9911785112498762
2022-07-18,117.27,104.48,122.7727,6.742,138.23,1316.7,1.016,0.984251968503937
2022-07-19,114.96,106.12,122.4819,6.743,137.94,1313.52,1.0238,0.9767532721234615
2022-07-20,115.86,104.45,122.5997,6.754,138.16,1313.1,1.0217,0.9787608887148869
2022-07-21,112.81,98.44,122.9032,6.7655,137.94,1307.58,1.0197,0.9806805923310777
2022-07-22,106.77,97.71,122.451,6.75,136.12,1312.82,1.0225,0.9779951100244499
2022-07-25,108.23,99.83,122.4594,6.7499,136.72,1313.27,1.0211,0.9793360101850946
2022-07-26,107.32,97.74,122.7581,6.7616,136.62,1308.33,1.0116,0.9885330170027679
2022-07-27,109.64,100.03,122.8169,6.757,137.31,1313.14,1.0108,0.9893153937475268
2022-07-28,109.68,99.11,122.1161,6.7465,134.45,1299.69,1.0163,0.9839614287119945
2022-07-29,111.51,101.31,121.7678,6.7433,133.25,1299.08,1.0202,0.9801999607920016
2022-08-01,106.09,96.59,121.4109,6.7674,131.8,1304.18,1.027,0.9737098344693282
2022-08-02,106.51,97.14,121.9486,6.7499,132.32,1304.89,1.0194,0.9809691975671964
2022-08-03,101.82,93.25,122.3888,6.7565,134.18,1310.69,1.0146,0.9856100926473488
2022-08-04,97.99,91.29,121.8333,6.7485,133.28,1310.2,1.0221,0.9783778495254868
2022-08-05,100.31,91.77,122.321,6.7607,135.33,1298.22,1.017,0.9832841691248771
2022-08-08,103.46,93.52,121.8783,6.7505,134.73,1306.11,1.0207,0.9797198001371609
2022-08-09,103.81,93.18,121.8614,6.7525,134.95,1304.5,1.0226,0.9778994719342852
2022-08-10,105.06,94.68,120.7543,6.723,132.58,1310.54,1.0337,0.9673986649898423
2022-08-11,107.19,97.02,120.7163,6.7445,132.66,1302.72,1.0338,0.967305088024763
2022-08-12,103.7,94.86,121.018,6.7425,133.57,1302.13,1.0257,0.9749439407234084
2022-08-15,98.25,92.24,121.4315,6.7715,133.13,1305.85,1.0186,0.9817396426467702
2022-08-16,95.36,89.23,121.6807,6.7875,134.38,1308.54,1.0174,0.982897582071948
2022-08-17,97.22,90.85,122.0711,6.7805,135.4,1310.16,1.0164,0.9838646202282566
2022-08-18,96.35,93.2,122.3627,6.7855,135.29,1319.94,1.0114,0.9887284951552303
2022-08-19,96.45,93.55,123.0501,6.8164,137.01,1325.5,1.0039,0.9961151509114453
2022-08-22,95.06,93.42,123.605,6.8476,137.57,1339.4,0.9936,1.0064412238325282
2022-08-23,99.49,96.46,123.0547,6.8476,136.36,1339.4,0.9976,1.0024057738572574
2022-08-24,99.87,95.52,123.109,6.8581,136.92,1342.05,0.9967,1.0033109260559847
2022-08-25,98.81,93.33,123.0586,6.8477,136.83,1335.46,0.9959,1.0041168792047395
2022-08-26,101.13,93.63,123.0656,6.8715,137.07,1331.17,0.9998,1.0002000400080016
2022-08-29,,97.4,123.4686,6.9067,138.74,1349.8,1.0,1.0
2022-08-30,99.34,92.08,123.6848,6.91,138.73,1346.37,1.0018,0.9982032341784787
2022-08-31,96.55,90.09,123.535,6.889,138.69,1338.66,1.0065,0.9935419771485345
2022-09-01,92.24,87.09,124.4006,6.9066,139.93,1354.34,0.995,1.0050251256281406
2022-09-02,93.09,87.29,123.7743,6.8985,140.03,1362.2,1.003,0.9970089730807579
2022-09-05,94.22,,,,,,,
2022-09-06,91.43,87.35,124.767,6.9532,142.95,1378.95,0.9914,1.0086746015735324
2022-09-07,86.83,82.5,124.8408,6.965,144.39,1383.72,0.9942,1.0058338362502515
2022-09-08,87.99,84.04,124.578,6.9562,144.05,1380.51,0.9956,1.004419445560466
2022-09-09,91.68,87.27,123.7874,6.924,142.44,1376.74,1.0046,0.9954210631096955
2022-09-12,93.45,88.18,123.3332,6.9265,142.41,1377.38,1.0129,0.9872642906506073
2022-09-13,92.04,87.84,124.4242,6.9245,144.3,1373.76,0.9997,1.000300090027008
2022-09-14,92.83,88.88,124.4509,6.9612,142.93,1391.1,0.9993,1.0007004903432404
2022-09-15,89.28,85.72,124.8843,6.9934,143.57,1393.93,0.9991,1.0009008107296566
2022-09-16,89.43,85.57,124.8794,6.9799,143.04,1384.48,1.0013,0.9987016878058523
2022-09-19,,86.15,125.0104,7.005,143.34,1393.05,1.0003,0.9997000899730081
2022-09-20,89.62,84.69,125.1248,7.0176,143.64,1389.86,0.9994,1.0006003602161297
2022-09-21,89.86,83.38,125.7399,7.0479,144.14,1395.92,0.988,1.0121457489878543
2022-09-22,90.4,84.02,126.1667,7.0772,142.16,1412.29,0.9841,1.01615689462453
2022-09-23,84.29,79.07,127.2853,7.1266,143.18,1409.42,0.9719,1.0289124395513942
2022-09-26,82.55,77.17,128.4539,7.1384,144.45,1432.47,0.9623,1.039176971838304
2022-09-27,85.97,78.91,128.4386,7.176,144.71,1422.39,0.9616,1.0399334442595674
2022-09-28,89.55,82.61,128.0884,7.199,144.15,1440.5,0.9681,1.0329511414110113
2022-09-29,89.41,81.78,127.5437,7.1196,144.45,1439.15,0.9774,1.023122570083896
2022-09-30,88.9,79.91,127.5148,7.1135,144.71,1431.67,0.9783,1.0221813349688236
2022-10-03,90.68,84.05,127.0813,7.1103,144.5,1434.83,0.9809,1.0194719135487817
2022-10-04,93.74,86.87,126.1819,7.1103,144.32,1425.75,0.9977,1.0023053021950485
2022-10-05,94.35,88.22,126.8616,7.1103,144.73,1410.74,0.9866,1.0135819987837016
2022-10-06,95.65,88.9,127.2493,7.1103,144.94,1402.33,0.9806,1.0197838058331634
2022-10-07,98.88,93.07,127.3111,7.1103,145.19,1412.54,0.9785,1.0219724067450178
2022-10-10,97.13,91.6,,,,,,
2022-10-11,95.17,89.75,127.6641,7.1639,145.55,1435.36,0.9757,1.0249051962693452
2022-10-12,93.44,87.83,128.1481,7.172,146.87,1423.81,0.9692,1.031778786628147
2022-10-13,95.16,89.59,127.7286,7.17,147.15,1430.4,0.978,1.0224948875255624
2022-10-14,92.22,86.1,128.3325,7.1895,148.46,1428.06,0.9739,1.0267994660642776
2022-10-17,91.04,86.0,127.6448,7.1946,148.71,1434.73,0.9843,1.015950421619425
2022-10-18,89.46,83.29,127.9153,7.2001,149.23,1422.19,0.9842,1.016053647632595
2022-10-19,91.34,86.0,128.3968,7.228,149.77,1426.07,0.978,1.0224948875255624
2022-10-20,91.52,86.02,128.0052,7.2129,149.82,1431.63,0.9823,1.0180189351521938
2022-10-21,91.82,85.47,127.6735,7.2399,146.35,1440.31,0.9855,1.0147133434804667
2022-10-24,91.57,86.12,128.0304,7.2629,148.76,1439.14,0.9874,1.0127607859023697
2022-10-25,91.76,86.93,127.3771,7.2688,147.85,1432.46,0.9959,1.0041168792047395
2022-10-26,92.93,89.39,126.4723,7.171,146.5,1425.68,1.0068,0.9932459276916965
2022-10-27,94.17,89.06,126.7028,7.2239,146.02,1419.0,0.9985,1.0015022533800702
2022-10-28,94.64,87.85,127.2135,7.2499,147.68,1421.67,0.9934,1.00664384940608
2022-10-31,93.3,86.54,127.6219,7.3048,148.63,1424.6,0.9885,1.0116337885685383
2022-11-01,95.12,88.36,127.3987,7.273,148.11,1416.2,0.9871,1.013068584743187
2022-11-02,96.07,90.06,127.3115,7.289,147.11,1418.31,0.9875,1.0126582278481011
2022-11-03,95.29,88.14,128.1743,7.3,148.18,1423.99,0.9759,1.0246951531919255
2022-11-04,99.53,92.58,127.1468,7.2996,147.22,1423.99,0.9895,1.010611419909045
2022-11-07,99.87,91.8,126.3062,7.2266,146.64,1402.05,0.9997,1.000300090027008
2022-11-08,96.85,88.8,125.633,7.2485,145.38,1384.61,1.0089,0.9911785112498762
2022-11-09,93.05,85.79,125.9861,7.2401,146.15,1364.85,1.0037,0.9963136395337252
2022-11-10,94.25,86.52,124.7044,7.184,141.78,1377.52,1.0176,0.9827044025157232
2022-11-11,96.37,89.14,,,,,,
2022-11-14,93.59,85.85,123.4277,7.071,140.43,1327.38,1.0337,0.9673986649898423
2022-11-15,94.3,86.87,123.039,7.044,139.36,1317.88,1.0372,0.9641342074816815
2022-11-16,92.61,85.62,123.2817,7.0964,139.59,1326.46,1.0395,0.962000962000962
2022-11-17,91.0,81.69,123.977,7.1551,140.45,1338.97,1.0341,0.9670244657189827
2022-11-18,88.93,80.07,123.8524,7.1192,140.03,1339.61,1.0349,0.9662769349695624
2022-11-21,88.44,79.74,124.7009,7.164,141.95,1354.87,1.0238,0.9767532721234615
2022-11-22,88.65,80.83,124.2365,7.1388,141.29,1356.66,1.0276,0.9731413001167769
2022-11-23,85.9,77.93,123.7574,7.158,139.76,1352.49,1.0364,0.9648784253184098
2022-11-24,85.59,,,,,,,
2022-11-25,83.4,76.45,123.3386,7.1642,139.21,1325.22,1.0402,0.9613535858488752
2022-11-28,83.5,77.1,123.6032,7.2074,138.67,1340.66,1.0386,0.9628345850182939
2022-11-29,83.22,77.96,123.6615,7.1568,138.28,1327.24,1.0356,0.9656237929702587
2022-11-30,85.61,80.48,123.5175,7.0879,139.31,1316.84,1.0323,0.968710646130001
2022-12-01,86.28,81.06,122.0045,7.0424,135.55,1299.11,1.0498,0.9525623928367307
2022-12-02,86.54,79.86,122.0102,7.019,134.89,1300.5,1.0521,0.95047999239616
2022-12-05,83.36,76.83,122.6384,6.961,136.55,1292.58,1.0494,0.9529254812273679
2022-12-06,79.92,74.21,123.0191,6.9935,136.67,1319.31,1.0497,0.9526531389920929
2022-12-07,77.11,71.93,122.7608,6.9702,136.57,1322.23,1.0505,0.9519276534983341
2022-12-08,76.02,71.3,122.4152,6.9649,136.45,1317.56,1.0552,0.9476876421531464
2022-12-09,76.37,71.05,122.4201,6.9559,136.4,1301.61,1.055,0.9478672985781991
2022-12-12,78.0,72.96,122.7714,6.9773,137.47,1307.62,1.0545,0.948316737790422
2022-12-13,80.14,75.44,121.8493,6.943,135.14,1301.47,1.063,0.9407337723424272
2022-12-14,83.33,77.14,121.8226,6.9498,134.95,1294.79,1.0655,0.938526513374003
2022-12-15,82.34,75.89,122.5519,6.9716,137.92,1302.91,1.0638,0.9400263207369806
2022-12-16,80.2,74.19,122.6505,6.9708,136.55,1307.73,1.061,0.942507068803016
2022-12-19,81.66,75.05,122.5275,6.9772,136.87,1302.29,1.0624,0.9412650602409638
2022-12-20,79.45,75.92,122.1357,6.96,131.08,1290.41,1.0635,0.9402914903620123
2022-12-21,80.25,78.17,122.2828,6.981,132.36,1284.7,1.0599,0.9434852344560807
2022-12-22,79.58,77.68,122.2419,6.9829,132.34,1275.68,1.0588,0.9444654325651681
2022-12-23,82.45,79.57,121.9743,6.988,132.78,1280.02,1.0621,0.9415309292910272
2022-12-26,,,,,,,,
2022-12-27,,79.45,121.7539,6.96,133.43,1271.0,1.0654,0.9386146048432514
2022-12-28,81.7,78.89,122.0075,6.9774,134.27,1267.54,1.0622,0.9414422895876482
2022-12-29,80.96,78.43,121.6577,6.9625,133.16,1265.58,1.0668,0.9373828271466067
2022-12-30,82.82,80.16,121.4256,6.8972,131.81,1260.18,1.0698,0.9347541596560104
2023-01-02,,,,,,,,
2023-01-03,80.36,76.87,122.0905,6.9135,130.83,1271.1,1.0559,0.947059380623165
2023-01-04,75.31,72.82,121.5008,6.8875,132.0,1272.15,1.062,0.9416195856873822
2023-01-05,76.73,73.61,122.1017,6.88,133.57,1268.91,1.0522,0.9503896597605018
2023-01-06,76.41,73.77,121.0852,6.837,132.21,1268.13,1.0619,0.9417082587814295
2023-01-09,77.5,74.69,120.1508,6.77,131.58,1243.62,1.0759,0.9294544102611766
2023-01-10,78.4,75.11,120.2483,6.777,132.25,1243.83,1.0737,0.9313588525658936
2023-01-11,81.11,77.46,120.1614,6.77,132.58,1245.39,1.074,0.9310986964618249
2023-01-12,82.59,78.32,119.4218,6.7365,129.75,1246.26,1.0823,0.9239582370876837
2023-01-13,83.43,79.9,119.1673,6.701,127.85,1241.59,1.0811,0.9249838127832763
2023-01-16,82.65,,,,,,,
2023-01-17,84.38,80.25,119.2121,6.7723,128.18,1238.7,1.0793,0.9265264523302141
2023-01-18,83.78,79.53,119.0755,6.7534,128.45,1237.32,1.0827,0.9236168837166343
2023-01-19,85.08,80.31,119.6107,6.7738,128.48,1232.05,1.081,0.9250693802035153
2023-01-20,86.96,81.27,119.3486,6.7825,129.97,1235.57,1.0831,0.9232757824762257
2023-01-23,87.54,81.62,119.1434,6.7899,130.69,1228.59,1.0865,0.9203865623561895
2023-01-24,85.25,79.86,119.0958,6.7899,130.07,1234.79,1.0873,0.9197093718384991
2023-01-25,85.08,79.78,118.9686,6.7899,129.64,1231.67,1.0901,0.9173470323823502
2023-01-26,86.29,80.64,119.021,6.7899,130.4,1230.95,1.0866,0.9203018590097551
2023-01-27,85.36,79.73,118.9223,6.7899,129.94,1231.53,1.0857,0.9210647508519848
2023-01-30,84.9,77.97,118.8953,6.7501,130.34,1227.31,1.0867,0.9202171712524155
2023-01-31,83.42,78.95,118.9802,6.754,130.17,1231.95,1.0858,0.9209799226376865
2023-02-01,81.61,76.34,118.6259,6.7406,129.27,1231.77,1.0917,0.9160025648071816
2023-02-02,80.57,75.87,118.3421,6.7266,128.45,1220.34,1.0918,0.9159186664224216
2023-02-03,78.85,73.4,119.5095,6.7733,131.07,1229.22,1.0825,0.9237875288683602
2023-02-06,80.48,74.11,120.541,6.7918,132.76,1252.61,1.0722,0.9326618168252191
2023-02-07,82.92,77.17,120.3475,6.791,131.37,1255.53,1.0705,0.9341429238673516
2023-02-08,84.17,78.47,120.1436,6.789,131.27,1260.03,1.0734,0.9316191540898081
2023-02-09,83.46,78.04,119.9781,6.7782,130.98,1259.67,1.0761,0.9292816652727441
2023-02-10,85.46,79.74,120.1419,6.8106,131.5,1264.15,1.067,0.9372071227741331
2023-02-13,85.98,80.14,119.9828,6.8198,132.71,1277.05,1.0718,0.9330098899048329
2023-02-14,84.96,79.08,119.9229,6.8255,133.05,1268.93,1.0722,0.9326618168252191
2023-02-15,84.11,78.57,120.4557,6.851,134.22,1282.16,1.0683,0.9360666479453337
2023-02-16,83.84,78.45,120.4651,6.859,133.95,1284.33,1.0684,0.9359790340696368
2023-02-17,81.97,76.31,120.5526,6.8661,134.21,1299.62,1.0678,0.9365049634763064
2023-02-20,82.79,,,,,,,
2023-02-21,82.14,76.28,120.6256,6.87,134.87,1295.99,1.0657,0.9383503800319039
2023-02-22,79.55,73.95,120.8389,6.8908,134.77,1304.31,1.0623,0.9413536665725313
2023-02-23,82.08,75.26,121.0896,6.9075,134.8,1296.79,1.0583,0.9449116507606539
2023-02-24,82.31,76.19,121.5681,6.9545,136.36,1304.59,1.0545,0.948316737790422
2023-02-27,81.24,75.57,121.3941,6.945,136.18,1322.45,1.0596,0.9437523593808984
2023-02-28,83.21,76.88,121.3341,6.9325,136.09,1323.45,1.0602,0.9432182607055273
2023-03-01,83.68,77.57,120.6347,6.8656,135.82,1315.15,1.0674,0.9368559115608021
2023-03-02,84.15,78.05,121.1302,6.9122,136.84,1313.96,1.0595,0.9438414346389805
2023-03-03,85.74,79.62,120.7742,6.9048,136.09,1300.59,1.0616,0.9419743782969102
2023-03-06,85.86,80.39,120.485,6.9295,135.93,1296.14,1.0694,0.935103796521414
2023-03-07,83.03,77.45,121.4623,6.9605,136.9,1299.7,1.0573,0.9458053532582995
2023-03-08,82.1,76.56,121.4511,6.9496,137.18,1320.81,1.0549,0.9479571523367144
2023-03-09,81.0,75.6,121.4458,6.963,136.41,1321.58,1.0577,0.9454476694714947
2023-03-10,82.3,76.55,121.2421,6.9025,135.05,1324.51,1.0659,0.9381743127873158
2023-03-13,79.67,74.68,120.8897,6.8455,133.13,1300.46,1.0733,0.9317059536010436
2023-03-14,76.77,71.18,121.0141,6.868,134.33,1306.13,1.0722,0.9326618168252191
2023-03-15,74.3,67.38,122.1079,6.9005,132.81,1317.78,1.0535,0.9492168960607498
2023-03-16,73.12,68.15,121.7221,6.8965,133.01,1312.13,1.0622,0.9414422895876482
2023-03-17,71.03,66.61,121.5643,6.887,132.01,1303.75,1.0647,0.9392317084624777
2023-03-20,72.42,67.56,121.0141,6.877,131.59,1310.69,1.0722,0.9326618168252191
2023-03-21,74.78,69.4,120.8958,6.883,132.27,1310.65,1.0769,0.9285913269570063
2023-03-22,76.08,70.71,120.6217,6.8802,132.67,1307.5,1.0792,0.9266123054114159
2023-03-23,74.31,69.77,119.7587,6.8188,130.99,1278.93,1.089,0.9182736455463728
2023-03-24,73.63,69.22,120.4598,6.8675,130.64,1292.57,1.0762,0.929195316855603
2023-03-27,76.8,72.87,120.2541,6.8834,131.49,1301.01,1.0789,0.9268699601445918
2023-03-28,78.07,73.12,119.7138,6.8725,130.97,1298.26,1.0844,0.9221689413500553
2023-03-29,77.51,72.95,119.7258,6.8862,132.69,1303.38,1.0826,0.9237021984112322
2023-03-30,78.45,74.32,119.4078,6.87,132.71,1298.89,1.0899,0.9175153683824203
2023-03-31,79.19,75.68,119.3602,6.8676,132.75,1303.8,1.0872,0.919793966151582
2023-04-03,85.81,80.4,119.3204,6.8776,132.35,1316.38,1.0891,0.918189330639978
2023-04-04,85.7,80.7,119.142,6.878,131.6,1315.1,1.0951,0.9131586156515387
2023-04-05,85.89,80.69,119.2953,6.8781,131.11,1310.05,1.0918,0.9159186664224216
2023-04-06,86.56,80.7,119.3072,6.875,131.67,1319.1,1.0927,0.9151642719868216
2023-04-07,,,119.3547,6.875,132.11,1319.1,1.0913,0.9163383121048292
2023-04-10,,79.79,119.7948,6.8807,133.75,1319.09,1.084,0.9225092250922509
2023-04-11,87.32,81.54,119.5248,6.8866,133.63,1322.04,1.0906,0.9169264624977077
2023-04-12,88.31,83.26,119.003,6.873,133.25,1325.34,1.0987,0.910166560480568
2023-04-13,86.51,82.16,118.3915,6.8677,132.37,1310.68,1.1054,0.904649900488511
2023-04-14,87.31,82.58,118.8567,6.869,133.74,1299.12,1.098,0.9107468123861566
2023-04-17,85.63,80.93,119.2787,6.8786,134.51,1311.36,1.0915,0.9161704076958315
2023-04-18,85.48,80.85,119.1049,6.8755,134.11,1318.43,1.0958,0.9125752874612154
2023-04-19,85.34,79.18,119.303,6.8851,134.79,1325.28,1.0953,0.9129918743723181
2023-04-20,83.29,77.27,119.1199,6.8725,134.1,1323.28,1.097,0.9115770282588879
2023-04-21,83.36,77.86,119.3117,6.892,134.28,1327.53,1.0973,0.9113278046113188
2023-04-24,84.23,78.64,119.2039,6.8958,134.41,1334.94,1.1027,0.9068649678062937
2023-04-25,82.13,77.05,119.613,6.932,133.96,1331.93,1.0968,0.9117432530999271
2023-04-26,79.19,74.33,119.3228,6.9261,133.72,1336.23,1.1052,0.9048136083966704
2023-04-27,80.11,74.77,119.4298,6.922,134.04,1337.75,1.1017,0.9076881183625307
2023-04-28,81.32,76.78,119.2248,6.911,135.99,1338.41,1.104,0.9057971014492753
2023-05-01,,75.65,119.4435,6.9164,137.35,1339.65,1.097,0.9115770282588879
2023-05-02,76.71,71.71,119.6105,6.9164,136.46,1341.0,1.0997,0.9093389106119851
2023-05-03,72.91,68.62,119.1233,6.9164,135.31,1337.94,1.1049,0.9050592813829306
2023-05-04,73.0,68.52,119.0465,6.9094,133.76,1322.21,1.1009,0.9083477155054955
2023-05-05,75.85,71.32,118.5548,6.9101,134.85,1318.38,1.1026,0.9069472156720478
2023-05-08,,73.13,118.5759,6.9125,134.83,1320.49,1.102,0.9074410163339383
2023-05-09,77.76,73.68,118.8239,6.9201,135.15,1323.59,1.0953,0.9129918743723181
2023-05-10,76.7,72.53,118.5864,6.9321,134.52,1324.48,1.0966,0.9119095385737734
2023-05-11,75.32,70.81,119.0303,6.948,134.46,1325.09,1.0916,0.9160864785635765
2023-05-12,74.54,70.02,119.3671,6.9575,135.63,1333.74,1.0856,0.9211495946941785
2023-05-15,75.46,71.07,119.1608,6.952,136.07,1336.13,1.0874,0.9196247930844216
2023-05-16,75.15,70.85,119.1743,6.9751,136.62,1338.64,1.0866,0.9203018590097551
2023-05-17,76.98,72.78,119.607,6.9981,137.51,1337.29,1.083,0.9233610341643583
2023-05-18,75.75,71.82,120.0886,7.0355,138.5,1333.88,1.0776,0.9279881217520417
2023-05-19,75.42,71.57,119.7751,7.006,137.67,1326.12,1.0819,0.9242998428690267
2023-05-22,75.77,71.81,120.0875,7.0351,138.65,1317.77,1.0806,0.9254118082546733
2023-05-23,76.66,72.87,120.3204,7.049,138.74,1312.01,1.0771,0.9284189026088572
2023-05-24,77.99,74.37,120.4752,7.0585,139.14,1316.71,1.0758,0.9295408068414203
2023-05-25,75.66,71.68,120.8413,7.0775,139.81,1325.9,1.0725,0.9324009324009324
2023-05-26,76.33,72.35,120.6304,7.063,140.53,1324.4,1.0713,0.9334453467749464
2023-05-29,,,,,,,,
2023-05-30,73.38,69.45,120.5546,7.0792,139.83,1324.59,1.0722,0.9326618168252191
2023-05-31,71.98,68.11,120.9662,7.11,139.78,1324.55,1.0654,0.9386146048432514
2023-06-01,74.18,70.09,120.0491,7.0934,138.74,1321.35,1.0752,0.9300595238095238
2023-06-02,76.0,71.76,120.0049,7.0827,139.76,1305.21,1.0724,0.9324878776575904
2023-06-05,76.61,72.14,120.0048,7.105,139.64,1308.16,1.0721,0.9327488107452663
2023-06-06,76.22,71.71,119.9718,7.119,139.67,1297.93,1.0695,0.9350163627863488
2023-06-07,76.85,72.52,119.859,7.1287,139.98,1303.62,1.0702,0.9344047841524948
2023-06-08,75.88,71.28,119.5712,7.1109,138.83,1304.26,1.078,0.9276437847866419
2023-06-09,74.74,70.16,119.4322,7.1273,139.35,1291.46,1.0749,0.9303190994511118
2023-06-12,71.8,67.08,119.6376,7.1437,139.72,1288.61,1.0747,0.9304922303898763
2023-06-13,74.24,69.39,119.1899,7.1585,140.0,1271.48,1.0792,0.9266123054114159
2023-06-14,73.39,68.22,118.776,7.148,139.33,1278.44,1.0859,0.9208951100469656
2023-06-15,75.75,70.61,118.5521,7.13,140.49,1279.99,1.0933,0.914662032379036
2023-06-16,76.76,71.81,118.4184,7.125,141.82,1272.68,1.0925,0.9153318077803203
2023-06-19,76.09,,,,,,,
2023-06-20,75.79,70.94,118.938,7.1811,141.46,1280.21,1.09,0.9174311926605504
2023-06-21,76.92,72.55,118.727,7.1779,142.09,1291.78,1.0951,0.9131586156515387
2023-06-22,73.93,69.22,118.7552,7.1777,142.89,1294.75,1.0953,0.9129918743723181
2023-06-23,73.56,68.91,119.152,7.1777,143.78,1304.19,1.0887,0.918526683200147
2023-06-26,73.86,69.09,119.0761,7.2364,143.55,1304.88,1.091,0.9165902841429882
2023-06-27,71.88,67.68,118.8949,7.2193,144.0,1299.99,1.0961,0.9123255177447313
2023-06-28,73.64,69.54,119.3382,7.2436,144.23,1307.76,1.0904,0.917094644167278
2023-06-29,73.86,69.85,119.527,7.2515,144.72,1317.73,1.0881,0.9190331770976932
2023-06-30,74.51,70.66,119.3606,7.2513,144.47,1317.8,1.092,0.9157509157509157
2023-07-03,74.52,69.71,119.2119,7.24,144.5,1308.37,1.0919,0.9158347834050736
2023-07-04,76.23,,,,,,,
2023-07-05,76.74,71.78,119.3483,7.2465,144.56,1298.74,1.0868,0.9201324990798675
2023-07-06,76.72,71.76,119.8193,7.25,144.09,1300.85,1.0873,0.9197093718384991
2023-07-07,78.77,73.91,119.0761,7.2205,142.21,1304.89,1.0964,0.9120758847136081
2023-07-10,77.83,73.05,118.9548,7.2315,141.56,1306.45,1.0991,0.909835319807115
2023-07-11,79.54,74.87,118.7344,7.209,140.51,1293.64,1.0992,0.9097525473071325
2023-07-12,80.35,75.77,117.6385,7.1656,138.21,1288.17,1.1123,0.8990380293086397
2023-07-13,81.31,76.86,117.1831,7.15,138.14,1273.99,1.1194,0.8933357155619082
2023-07-14,79.9,75.44,117.0463,7.1403,138.74,1266.28,1.1237,0.8899172376968942
2023-07-17,77.8,74.17,117.1267,7.1711,138.92,1267.02,1.1236,0.8899964400142399
2023-07-18,79.54,75.76,117.0264,7.1786,138.94,1260.87,1.1223,0.8910273545397843
2023-07-19,79.38,75.4,117.3462,7.226,139.76,1265.76,1.1195,0.8932559178204557
2023-07-20,79.62,75.65,117.5947,7.1761,140.39,1269.26,1.1135,0.898069151324652
2023-07-21,81.06,77.06,117.9418,7.1861,141.75,1283.71,1.112,0.8992805755395683
2023-07-24,82.53,78.81,117.8124,7.1855,141.19,1280.54,1.1083,0.9022827754218171
2023-07-25,83.46,79.76,117.8565,7.134,140.91,1275.32,1.105,0.9049773755656109
2023-07-26,82.98,79.11,117.76,7.1503,140.41,1274.04,1.1078,0.9026900162484204
2023-07-27,84.28,80.17,117.8938,7.173,141.03,1277.23,1.0998,0.9092562284051645
2023-07-28,84.49,80.55,117.788,7.1488,140.72,1276.69,1.1039,0.9058791557206268
2023-07-31,85.22,81.8,117.8241,7.1426,142.18,1273.85,1.102,0.9074410163339383
2023-08-01,85.34,81.37,118.5738,7.1775,143.34,1283.84,1.0971,0.9114939385653086
2023-08-02,84.01,79.5,119.1268,7.192,143.21,1297.66,1.0939,0.9141603437242891
2023-08-03,86.19,81.56,119.3963,7.1651,142.42,1298.54,1.0947,0.9134922809902256
2023-08-04,87.38,82.76,118.821,7.1709,141.79,1309.49,1.1036,0.9061254077564336
2023-08-07,86.47,81.94,119.0809,7.1895,142.45,1305.94,1.1,0.9090909090909091
2023-08-08,88.0,82.94,119.6407,7.216,143.17,1316.02,1.0951,0.9131586156515387
2023-08-09,89.31,84.35,119.476,7.2085,143.58,1315.45,1.0975,0.9111617312072894
2023-08-10,87.44,82.81,119.1581,7.2165,144.4,1315.54,1.1016,0.907770515613653
2023-08-11,87.93,83.17,119.6268,7.2367,144.94,1324.17,1.0957,0.9126585744273068
2023-08-14,87.4,82.5,120.0725,7.2585,145.3,1330.05,1.0922,0.9155832265152902
2023-08-15,86.28,81.06,120.2127,7.2817,145.4,1335.0,1.0928,0.9150805270863837
2023-08-16,84.49,79.4,120.3551,7.2985,145.81,1336.84,1.0904,0.917094644167278
2023-08-17,85.24,80.43,120.5242,7.291,146.16,1341.13,1.0874,0.9196247930844216
2023-08-18,85.92,81.25,120.4321,7.28,145.15,1337.99,1.0875,0.9195402298850576
2023-08-21,85.44,80.71,120.4627,7.2865,146.26,1342.45,1.0888,0.9184423218221895
2023-08-22,84.7,80.25,120.3554,7.293,145.79,1335.06,1.0846,0.9219988936013277
2023-08-23,83.94,78.91,120.0307,7.2771,144.62,1339.12,1.0862,0.9206407659731173
2023-08-24,84.07,79.52,120.2354,7.2786,145.75,1321.07,1.0826,0.9237021984112322
2023-08-25,85.42,80.47,120.5137,7.289,146.38,1324.11,1.0787,0.9270418095856123
2023-08-28,,80.65,120.3155,7.29,146.4,1323.2,1.081,0.9250693802035153
2023-08-29,86.37,81.14,120.2669,7.2796,146.01,1321.87,1.0851,0.921574048474795
2023-08-30,86.62,81.64,119.7937,7.2839,145.94,1323.42,1.0926,0.9152480322167307
2023-08-31,87.29,83.55,120.225,7.2582,145.68,1322.43,1.0839,0.9225943352707814
2023-09-01,89.98,85.52,120.759,7.2606,146.2,1318.34,1.0787,0.9270418095856123
2023-09-04,90.42,,,,,,,
2023-09-05,91.25,86.74,121.4345,7.3018,147.63,1330.16,1.0727,0.9322270905192505
2023-09-06,91.79,87.55,121.8671,7.316,147.65,1330.87,1.0714,0.9333582228859437
2023-09-07,91.16,86.87,121.9528,7.3287,147.13,1335.03,1.0704,0.9342301943198804
2023-09-08,91.85,87.51,121.9475,7.343,147.7,1332.83,1.0709,0.9337940050424877
2023-09-11,91.97,87.3,121.3386,7.2882,146.46,1331.59,1.0744,0.9307520476545048
2023-09-12,93.58,88.87,121.2913,7.2911,147.12,1327.29,1.0726,0.9323140033563304
2023-09-13,93.04,88.59,121.0549,7.27,147.45,1329.7,1.0737,0.9313588525658936
2023-09-14,95.2,90.13,121.2395,7.277,147.17,1325.88,1.066,0.9380863039399624
2023-09-15,95.55,90.83,121.199,7.2744,147.83,1325.89,1.0673,0.93694368968425
2023-09-18,95.95,91.47,121.1938,7.2915,147.63,1323.99,1.0695,0.9350163627863488
2023-09-19,96.11,91.16,121.1645,7.2964,147.8,1328.13,1.0684,0.9359790340696368
2023-09-20,94.56,89.2,120.9648,7.287,147.74,1330.34,1.0715,0.9332711152589829
2023-09-21,93.7,89.56,121.5528,7.3066,147.42,1340.08,1.0664,0.9377344336084021
2023-09-22,93.99,90.0,121.5306,7.298,148.24,1336.58,1.066,0.9380863039399624
2023-09-25,94.01,89.68,122.1143,7.311,148.74,1336.03,1.0591,0.9441979038806535
2023-09-26,94.46,91.43,122.4742,7.31,148.9,1348.69,1.0573,0.9458053532582995
2023-09-27,97.1,93.67,122.9895,7.3105,149.48,1349.05,1.051,0.9514747859181732
2023-09-28,96.64,91.65,122.5342,7.301,149.18,1356.41,1.0578,0.9453582907922102
2023-09-29,95.86,90.77,122.3077,7.296,149.43,1347.86,1.0584,0.9448223733938019
2023-10-02,91.21,88.81,123.0545,7.296,149.8,1351.67,1.05,0.9523809523809523
2023-10-03,94.46,89.26,123.7848,7.296,149.16,1360.62,1.0453,0.9566631589017508
2023-10-04,89.83,84.32,123.5946,7.296,148.83,1362.94,1.0518,0.9507510933637573
2023-10-05,88.28,82.3,123.8993,7.296,148.49,1350.22,1.0527,0.9499382540134892
2023-10-06,87.86,82.83,123.3563,7.296,149.08,1350.17,1.0596,0.9437523593808984
2023-10-09,91.37,,,,,,,
2023-10-10,90.7,85.89,122.9282,7.2948,148.62,1349.79,1.0618,0.9417969485778865
2023-10-11,87.58,83.7,122.7697,7.2992,149.17,1339.31,1.062,0.9416195856873822
2023-10-12,88.4,82.87,123.2101,7.3019,149.71,1338.21,1.0553,0.9475978394769261
2023-10-13,94.33,87.67,123.5954,7.3049,149.62,1349.65,1.0502,0.9521995810321843
2023-10-16,90.99,86.65,123.3185,7.3105,149.57,1353.67,1.0546,0.9482268158543524
2023-10-17,92.52,86.66,123.1202,7.3105,149.71,1353.6,1.0593,0.9440196356084207
2023-10-18,91.99,88.35,123.8148,7.3161,149.86,1349.45,1.0532,0.9494872768704901
2023-10-19,93.12,89.35,123.798,7.3126,149.92,1357.5,1.057,0.946073793755913
2023-10-20,93.72,89.12,123.612,7.3155,149.85,1352.92,1.0592,0.9441087613293052
2023-10-23,91.88,85.49,123.2846,7.3158,149.78,1353.7,1.0646,0.9393199323689648
2023-10-24,88.0,84.58,123.6416,7.309,149.84,1342.68,1.0595,0.9438414346389805
2023-10-25,90.14,86.07,123.7871,7.3165,149.94,1349.07,1.0583,0.9449116507606539
2023-10-26,88.45,83.8,124.0064,7.315,150.44,1359.32,1.0532,0.9494872768704901
2023-10-27,90.73,86.04,123.62,7.3171,149.6,1355.15,1.0592,0.9441087613293052
2023-10-30,90.73,83.03,123.4076,7.3133,149.01,1350.98,1.062,0.9416195856873822
2023-10-31,86.82,81.64,123.8364,7.3166,151.46,1351.03,1.0568,0.9462528387585163
2023-11-01,86.92,81.05,123.7922,7.3175,150.96,1356.94,1.0538,0.9489466691971911
2023-11-02,89.02,83.04,122.8818,7.316,150.48,1342.91,1.0618,0.9417969485778865
2023-11-03,87.55,81.19,121.7564,7.3005,149.36,1322.04,1.0733,0.9317059536010436
2023-11-06,87.31,81.54,121.6484,7.2695,149.77,1297.94,1.0747,0.9304922303898763
2023-11-07,83.43,77.96,122.0777,7.2788,150.47,1308.33,1.0687,0.9357162908206232
2023-11-08,81.46,75.85,122.0926,7.28,150.77,1309.98,1.0715,0.9332711152589829
2023-11-09,81.74,76.34,122.1281,7.2835,151.04,1309.89,1.071,0.9337068160597572
2023-11-10,83.66,,,,,,,
2023-11-13,84.09,78.86,122.4264,7.289,151.56,1324.97,1.07,0.9345794392523364
2023-11-14,84.2,78.9,121.35,7.253,150.75,1328.74,1.0861,0.9207255317189945
2023-11-15,82.4,77.15,121.0749,7.2466,151.07,1300.34,1.0853,0.9214042200313278
2023-11-16,77.73,73.5,121.1754,7.2416,150.59,1297.1,1.0851,0.921574048474795
2023-11-17,81.22,76.47,120.8477,7.212,149.82,1296.21,1.0879,0.9192021325489474
2023-11-20,83.25,78.1,120.2533,7.168,148.26,1291.48,1.0945,0.9136592051164916
2023-11-21,82.42,78.35,120.2241,7.1352,147.88,1289.34,1.0923,0.9154994049253867
2023-11-22,81.76,76.8,120.6802,7.155,149.67,1300.06,1.0871,0.9198785760279643
2023-11-23,80.85,,,,,,,
2023-11-24,79.82,74.83,120.2105,7.1488,149.57,1306.08,1.0934,0.9145783793671118
2023-11-27,79.49,74.46,120.173,7.1528,148.89,1304.33,1.0937,0.9143275121148396
2023-11-28,81.66,76.09,119.5904,7.138,147.41,1293.71,1.1007,0.9085127646043427
2023-11-29,82.98,77.56,119.8159,7.13,147.39,1292.74,1.0969,0.9116601331023795
2023-11-30,81.72,75.66,120.2434,7.136,147.87,1289.95,1.0908,0.9167583425009168
2023-12-01,78.72,73.7,119.9424,7.1386,147.0,1305.45,1.0878,0.9192866335723477
2023-12-04,78.16,72.73,120.4727,7.1424,147.15,1304.43,1.0824,0.9238728750923872
2023-12-05,77.27,71.95,120.7913,7.1444,147.26,1311.47,1.0787,0.9270418095856123
2023-12-06,74.33,68.98,120.5334,7.158,147.16,1313.03,1.079,0.9267840593141798
2023-12-07,74.21,69.0,120.6013,7.1515,144.1,1325.27,1.0794,0.9264406151565685
2023-12-08,75.94,70.87,120.7607,7.1645,144.88,1307.11,1.0746,0.9305788200260562
2023-12-11,75.75,70.95,120.9279,7.1765,146.41,1316.38,1.0747,0.9304922303898763
2023-12-12,74.11,68.27,120.6817,7.1755,145.45,1313.75,1.079,0.9267840593141798
2023-12-13,74.14,69.09,121.1571,7.1725,145.17,1319.76,1.0793,0.9265264523302141
2023-12-14,77.05,71.21,119.5683,7.1088,141.53,1296.11,1.0997,0.9093389106119851
2023-12-15,76.84,71.05,119.7382,7.1179,141.8,1295.92,1.0906,0.9169264624977077
2023-12-18,78.89,72.16,119.9102,7.1297,143.04,1297.63,1.092,0.9157509157509157
2023-12-19,79.82,73.23,119.4632,7.1287,143.62,1307.95,1.0977,0.9109957183201239
2023-12-20,81.1,73.87,119.5435,7.1355,143.77,1299.22,1.0957,0.9126585744273068
2023-12-21,80.73,73.59,119.3168,7.1381,142.16,1304.82,1.099,0.9099181073703367
2023-12-22,80.23,73.29,119.0625,7.1315,142.6,1302.54,1.1008,0.9084302325581395
2023-12-25,,,,,,,,
2023-12-26,,75.84,118.8875,7.1432,142.48,1294.25,1.1035,0.9062075215224287
2023-12-27,80.97,74.31,118.4729,7.1405,142.05,1293.38,1.1114,0.8997660608241858
2023-12-28,79.04,72.02,118.4104,7.1065,141.08,1288.45,1.1073,0.9030976248532466
2023-12-29,77.69,71.89,118.4208,7.0999,140.92,1290.97,1.1062,0.903995660820828
2024-01-01,,,,,,,,
2024-01-02,76.24,70.62,119.2686,7.1426,141.89,1300.52,1.0957,0.9126585744273068
2024-01-03,77.18,72.97,119.6958,7.1497,143.55,1305.1,1.0909,0.9166743056192135
2024-01-04,75.79,72.38,119.6208,7.1589,144.59,1310.39,1.0957,0.9126585744273068
2024-01-05,78.31,74.0,119.388,7.145,144.52,1315.62,1.0957,0.9126585744273068
2024-01-08,75.47,71.06,119.2506,7.154,143.89,1315.58,1.0976,0.9110787172011663
2024-01-09,77.97,72.43,119.6666,7.1675,144.35,1315.92,1.0935,0.9144947416552356
2024-01-10,78.46,71.57,119.7614,7.1711,145.68,1320.42,1.096,0.9124087591240875
2024-01-11,80.21,72.15,119.8916,7.167,146.03,1313.04,1.0943,0.9138261902586128
2024-01-12,79.89,72.94,119.534,7.1665,144.86,1313.41,1.0959,0.9124920156948626
2024-01-15,79.76,,,,,,,
2024-01-16,80.15,72.63,120.5759,7.1874,147.01,1331.5,1.0882,0.9189487226612755
2024-01-17,78.88,72.79,121.0402,7.196,148.39,1344.23,1.0858,0.9209799226376865
2024-01-18,81.04,74.32,120.8895,7.1961,148.15,1338.73,1.0863,0.9205560158335634
2024-01-19,80.71,73.69,120.6442,7.1931,148.21,1338.53,1.0887,0.918526683200147
2024-01-22,81.7,75.26,120.6178,7.192,147.95,1338.25,1.0895,0.9178522257916476
2024-01-23,82.04,74.72,121.1001,7.172,148.55,1333.76,1.0829,0.9234463015975621
2024-01-24,82.15,75.48,120.4916,7.158,147.31,1337.74,1.0901,0.9173470323823502
2024-01-25,82.33,77.91,120.8311,7.169,147.69,1336.0,1.0837,0.9227646027498384
2024-01-26,83.34,78.45,120.6173,7.1763,147.94,1336.08,1.0866,0.9203018590097551
2024-01-29,83.99,77.25,120.8538,7.1798,147.65,1335.5,1.0807,0.9253261774775609
2024-01-30,84.14,78.3,120.6025,7.1755,147.71,1328.93,1.0844,0.9221689413500553
2024-01-31,82.98,76.28,120.4331,7.1673,146.26,1334.9,1.0855,0.921234454168586
2024-02-01,82.2,74.36,120.3335,7.1799,146.18,1331.78,1.0865,0.9203865623561895
2024-02-02,79.54,72.72,120.902,7.192,148.54,1321.9,1.0787,0.9270418095856123
2024-02-05,79.3,73.21,121.349,7.1982,148.79,1330.98,1.0736,0.931445603576751
2024-02-06,80.46,73.83,120.9588,7.1908,148.03,1326.83,1.0751,0.9301460329271696
2024-02-07,81.18,74.26,120.9049,7.1943,148.04,1327.37,1.0769,0.9285913269570063
2024-02-08,83.01,76.67,121.0798,7.1965,149.25,1328.07,1.0774,0.9281603861147207
2024-02-09,83.58,77.26,121.039,7.1929,149.38,1333.1,1.0782,0.9274717121127806
2024-02-12,83.88,77.34,120.9378,7.1928,149.37,1331.37,1.0774,0.9281603861147207
2024-02-13,84.72,78.28,121.5202,7.1928,150.72,1327.88,1.072,0.9328358208955223
2024-02-14,84.41,77.09,121.4002,7.1928,150.5,1335.06,1.0735,0.9315323707498836
2024-02-15,84.33,78.47,121.2121,7.1928,150.19,1333.84,1.0761,0.9292816652727441
2024-02-16,84.88,79.65,121.1505,7.1928,150.34,1334.96,1.0769,0.9285913269570063
2024-02-19,85.52,,,,,,,
2024-02-20,84.78,78.72,121.0199,7.1905,149.87,1337.25,1.0814,0.9247272054743851
2024-02-21,84.77,78.89,121.0379,7.1891,150.29,1334.95,1.0818,0.924385283786282
2024-02-22,85.84,79.64,121.102,7.1944,150.62,1328.71,1.0815,0.9246417013407305
2024-02-23,84.18,77.6,121.0369,7.197,150.36,1328.71,1.0828,0.9235315847801995
2024-02-26,84.01,78.53,121.0592,7.1972,150.79,1330.86,1.0855,0.921234454168586
2024-02-27,83.8,79.8,120.9647,7.1977,150.46,1330.86,1.0857,0.9210647508519848
2024-02-28,84.08,79.44,121.128,7.1976,150.68,1336.02,1.0843,0.9222539887485013
2024-02-29,84.57,79.22,121.1824,7.1977,149.9,1336.19,1.0807,0.9253261774775609
2024-03-01,84.82,80.9,121.0111,7.196,150.2,1334.8,1.0832,0.9231905465288036
2024-03-04,86.58,79.67,120.872,7.1987,150.44,1331.29,1.0862,0.9206407659731173
2024-03-05,85.82,79.11,120.8846,7.1965,150.14,1336.51,1.0861,0.9207255317189945
2024-03-06,86.59,80.08,120.4649,7.1977,149.17,1333.99,1.0913,0.9163383121048292
2024-03-07,84.88,79.81,120.1909,7.1925,148.08,1324.3,1.0941,0.9139932364500503
2024-03-08,84.29,78.96,119.975,7.1855,147.17,1319.28,1.0941,0.9139932364500503
2024-03-11,83.44,78.87,120.0394,7.182,146.86,1312.55,1.0928,0.9150805270863837
2024-03-12,83.66,78.51,120.1668,7.1804,147.69,1310.82,1.0918,0.9159186664224216
2024-03-13,83.95,80.67,119.9642,7.1875,147.73,1314.67,1.0944,0.9137426900584795
2024-03-14,86.16,82.16,120.241,7.1932,148.19,1318.2,1.0888,0.9184423218221895
2024-03-15,85.39,81.94,120.4003,7.1953,149.14,1329.35,1.0888,0.9184423218221895
2024-03-18,86.47,83.68,120.5752,7.1981,149.13,1333.59,1.0886,0.9186110600771633
2024-03-19,87.36,84.39,120.9332,7.1991,150.73,1338.28,1.0859,0.9208951100469656
2024-03-20,85.77,82.79,120.9289,7.1992,151.66,1339.02,1.0856,0.9211495946941785
2024-03-21,84.92,81.99,120.8086,7.1993,151.59,1322.11,1.0861,0.9207255317189945
2024-03-22,84.87,81.1,121.1842,7.2289,151.35,1338.14,1.0817,0.924470740501063
2024-03-25,86.18,82.41,121.0295,7.2102,151.42,1342.61,1.0837,0.9227646027498384
2024-03-26,85.91,82.41,121.0742,7.2176,151.58,1344.0,1.0829,0.9234463015975621
2024-03-27,84.94,82.15,121.0089,7.227,151.35,1348.58,1.0821,0.9241290084095739
2024-03-28,86.17,83.96,121.0635,7.2262,151.35,1346.01,1.0801,0.9258401999814831
2024-03-29,,,121.0191,7.2203,151.22,1347.08,1.0791,0.9266981744045965
2024-04-01,,84.54,121.5151,7.2308,151.72,1348.75,1.0733,0.9317059536010436
2024-04-02,87.63,85.95,121.3035,7.232,151.55,1351.37,1.0769,0.9285913269570063
2024-04-03,90.6,86.22,121.0198,7.233,151.67,1348.5,1.0827,0.9236168837166343
2024-04-04,90.32,87.37,120.7613,7.2339,151.66,1346.87,1.0865,0.9203865623561895
2024-04-05,92.81,87.69,120.9646,7.2339,151.59,1352.58,1.0841,0.9224241306152569
2024-04-08,91.73,87.24,120.7359,7.2305,151.78,1353.2,1.0853,0.9214042200313278
2024-04-09,92.13,86.04,120.7048,7.2316,151.73,1354.8,1.0856,0.9211495946941785
2024-04-10,91.57,86.98,121.5727,7.2341,152.9,1349.05,1.0737,0.9313588525658936
2024-04-11,91.49,85.79,121.6081,7.2373,153.19,1364.19,1.0722,0.9326618168252191
2024-04-12,93.12,86.46,122.2885,7.2374,153.12,1374.74,1.0647,0.9392317084624777
2024-04-15,90.84,86.21,122.425,7.2382,154.25,1383.63,1.0644,0.9394964299135663
2024-04-16,91.29,86.15,123.1234,7.2383,154.57,1393.92,1.0628,0.940910801656003
2024-04-17,89.54,83.58,123.0207,7.2389,154.61,1385.88,1.0644,0.9394964299135663
2024-04-18,88.34,83.5,123.0017,7.2382,154.61,1373.42,1.066,0.9380863039399624
2024-04-19,87.96,83.79,123.1075,7.2403,154.55,1376.72,1.0655,0.938526513374003
2024-04-22,87.3,83.82,123.0609,7.2403,154.77,1381.84,1.0655,0.938526513374003
2024-04-23,88.29,84.17,122.7227,7.2445,154.81,1379.27,1.0695,0.9350163627863488
2024-04-24,89.02,84.09,122.89,7.246,155.11,1369.86,1.0687,0.9357162908206232
2024-04-25,88.1,84.92,122.8384,7.246,155.52,1369.86,1.0721,0.9327488107452663
2024-04-26,89.95,85.38,122.9471,7.2464,157.62,1375.1,1.0686,0.9358038555118847
2024-04-29,88.44,84.26,122.5449,7.2318,156.71,1377.35,1.0717,0.9330969487729774
2024-04-30,88.23,83.49,122.9853,7.2401,157.54,1381.92,1.0684,0.9359790340696368
2024-05-01,83.55,80.7,123.0168,7.2405,157.65,1386.95,1.068,0.9363295880149812
2024-05-02,84.81,80.59,122.4384,7.2405,153.77,1375.39,1.0706,0.9340556697179152
2024-05-03,83.6,79.65,122.1375,7.2405,152.85,1363.04,1.077,0.9285051067780873
2024-05-06,,80.1,121.8913,7.2071,153.85,1358.81,1.0779,0.9277298450691158
2024-05-07,82.69,79.97,122.093,7.2185,154.59,1359.45,1.0767,0.9287638153617536
2024-05-08,82.44,80.57,122.1926,7.2185,155.42,1359.45,1.0755,0.9298000929800094
2024-05-09,83.27,80.86,122.1634,7.2198,155.68,1369.74,1.0771,0.9284189026088572
2024-05-10,83.39,79.81,122.014,7.226,155.85,1367.77,1.0773,0.9282465422816301
2024-05-13,83.18,80.71,122.0261,7.2325,156.17,1367.91,1.0796,0.9262689885142646
2024-05-14,81.0,79.62,121.9256,7.2335,156.5,1368.77,1.0818,0.924385283786282
2024-05-15,79.98,80.23,121.3543,7.219,155.02,1360.15,1.086,0.9208103130755064
2024-05-16,81.65,80.85,121.2236,7.2181,155.25,1345.15,1.0875,0.9195402298850576
2024-05-17,82.24,81.66,121.2354,7.2233,155.57,1354.83,1.0869,0.9200478424878094
2024-05-20,81.91,81.39,121.2289,7.2344,156.09,1356.0,1.0861,0.9207255317189945
2024-05-21,81.22,80.66,121.3793,7.2376,156.08,1363.54,1.0855,0.921234454168586
2024-05-22,79.9,79.15,121.5462,7.2405,156.49,1362.36,1.0836,0.9228497600590625
2024-05-23,79.25,77.47,121.7477,7.2421,157.05,1362.38,1.0827,0.9236168837166343
2024-05-24,78.92,78.48,121.6172,7.2425,156.9,1369.02,1.0852,0.9214891264283082
2024-05-27,,,,,,,,
2024-05-28,81.34,80.9,121.43,7.2451,156.9,1357.65,1.0879,0.9192021325489474
2024-05-29,81.5,80.24,122.1641,7.2494,157.62,1365.07,1.0811,0.9249838127832763
2024-05-30,81.42,78.96,121.9601,7.2493,156.63,1365.07,1.0837,0.9227646027498384
2024-05-31,79.41,77.97,122.098,7.241,157.19,1385.43,1.0846,0.9219988936013277
2024-06-03,76.45,75.26,122.3509,7.242,156.04,1375.91,1.089,0.9182736455463728
2024-06-04,75.33,74.27,122.7256,7.2393,154.87,1375.96,1.0878,0.9192866335723477
2024-06-05,75.41,75.08,122.5339,7.2475,156.21,1372.58,1.0865,0.9203865623561895
2024-06-06,77.62,76.52,122.3713,7.2451,155.98,1365.45,1.0883,0.9188642837452908
2024-06-07,78.12,76.53,123.549,7.2466,156.58,1366.38,1.0807,0.9253261774775609
2024-06-10,79.59,78.75,123.9125,7.2475,156.93,1375.71,1.0751,0.9301460329271696
2024-06-11,80.15,78.88,124.0349,7.2544,157.32,1375.71,1.0733,0.9317059536010436
2024-06-12,80.52,79.56,123.8295,7.2544,155.88,1378.01,1.0843,0.9222539887485013
2024-06-13,81.44,79.61,124.0235,7.2519,156.77,1376.11,1.0756,0.9297136481963556
2024-06-14,81.49,79.41,124.1694,7.2557,157.28,1378.96,1.0699,0.9346667912889054
2024-06-17,82.45,81.33,124.239,7.2561,157.8,1380.5,1.0723,0.9325748391308403
2024-06-18,84.79,82.67,123.9776,7.2543,157.81,1380.88,1.0739,0.9311853990129434
2024-06-19,85.64,,,,,,,
2024-06-20,85.92,83.34,124.192,7.2604,158.77,1384.38,1.0708,0.9338812103100486
2024-06-21,86.42,81.71,124.1086,7.2609,159.45,1388.17,1.0694,0.935103796521414
2024-06-24,86.75,82.63,123.7125,7.2586,159.71,1389.17,1.0727,0.9322270905192505
2024-06-25,86.81,81.97,123.9417,7.2629,159.68,1387.16,1.0705,0.9341429238673516
2024-06-26,85.76,82.19,124.26,7.2666,160.68,1388.65,1.0682,0.9361542782250515
2024-06-27,87.0,83.04,124.3379,7.2688,160.7,1385.76,1.0708,0.9338812103100486
2024-06-28,87.26,82.83,124.2103,7.2672,160.88,1376.55,1.0711,0.9336196433572963
2024-07-01,86.57,84.7,124.4667,7.2683,161.55,1383.0,1.0728,0.9321401938851603
2024-07-02,88.28,84.09,124.2917,7.2712,161.53,1386.55,1.0737,0.9313588525658936
2024-07-03,88.25,85.19,123.7768,7.2699,161.48,1384.85,1.0799,0.9260116677470135
2024-07-04,88.34,,,,,,,
2024-07-05,88.66,84.44,123.4762,7.268,160.73,1379.87,1.0828,0.9235315847801995
2024-07-08,87.15,83.63,123.3576,7.2683,160.77,1382.73,1.0835,0.9229349330872174
2024-07-09,86.48,82.78,123.4071,7.2725,161.4,1383.39,1.0813,0.9248127254231019
2024-07-10,86.55,83.39,123.1895,7.2758,161.73,1383.42,1.0823,0.9239582370876837
2024-07-11,86.49,83.92,122.769,7.2573,158.58,1370.85,1.087,0.9199632014719411
2024-07-12,87.35,83.49,122.4404,7.2495,157.88,1374.9,1.0902,0.91726288754357
2024-07-15,86.42,83.22,122.6347,7.2592,157.89,1382.97,1.0912,0.9164222873900294
2024-07-16,86.6,81.92,122.7264,7.2685,158.57,1384.99,1.0885,0.9186954524575103
2024-07-17,85.76,84.16,122.518,7.2607,156.56,1380.61,1.0933,0.914662032379036
2024-07-18,86.26,84.17,122.7909,7.26,156.97,1383.85,1.0913,0.9163383121048292
2024-07-19,85.19,81.43,123.147,7.2695,157.38,1389.29,1.0888,0.9184423218221895
2024-07-22,83.44,81.25,123.2172,7.2736,157.08,1388.71,1.088,0.9191176470588235
2024-07-23,82.2,78.24,123.3843,7.2748,156.02,1385.78,1.0855,0.921234454168586
2024-07-24,83.01,78.78,123.5575,7.2622,153.39,1379.4,1.0853,0.9214042200313278
2024-07-25,82.58,79.43,123.5286,7.231,153.97,1380.57,1.0861,0.9207255317189945
2024-07-26,81.35,78.58,123.672,7.2502,153.86,1383.11,1.0859,0.9208951100469656
2024-07-29,80.94,77.27,124.1392,7.2597,153.96,1381.93,1.0819,0.9242998428690267
2024-07-30,79.26,76.17,124.2855,7.2511,153.72,1384.98,1.0809,0.9251549634563789
2024-07-31,81.39,79.36,123.6373,7.2193,150.38,1369.29,1.0823,0.9239582370876837
2024-08-01,81.37,77.74,123.8693,7.2441,150.06,1368.5,1.0789,0.9268699601445918
2024-08-02,78.35,74.99,123.4681,7.16,146.98,1359.38,1.0914,0.9162543522081731
2024-08-05,77.51,74.46,123.5787,7.13,143.95,1367.68,1.0957,0.9126585744273068
2024-08-06,76.62,74.6,123.6532,7.1563,145.11,1377.4,1.0926,0.9152480322167307
2024-08-07,78.26,76.68,123.5698,7.176,147.42,1374.98,1.0925,0.9153318077803203
2024-08-08,80.76,77.64,123.4466,7.1747,147.08,1376.94,1.0914,0.9162543522081731
2024-08-09,81.07,78.28,122.9276,7.166,146.49,1363.71,1.0925,0.9153318077803203
2024-08-12,83.06,81.45,123.2204,7.1744,147.54,1369.87,1.0928,0.9150805270863837
2024-08-13,82.51,79.81,123.0146,7.1558,146.97,1367.28,1.0954,0.9129085265656381
2024-08-14,82.15,78.47,122.4297,7.1382,146.86,1355.35,1.1024,0.9071117561683599
2024-08-15,83.09,79.66,122.5844,7.1734,148.91,1363.21,1.0986,0.9102494083378846
2024-08-16,81.56,78.05,122.3972,7.1644,148.13,1354.34,1.0996,0.9094216078574028
2024-08-19,81.09,75.82,121.8788,7.1393,146.42,1334.21,1.107,0.903342366757001
2024-08-20,78.85,75.27,121.7728,7.132,145.7,1331.78,1.1106,0.9004141905276427
2024-08-21,78.77,72.76,121.8535,7.1344,145.19,1333.74,1.1143,0.8974243919949744
2024-08-22,78.8,73.72,122.3626,7.144,145.97,1343.23,1.1114,0.8997660608241858
2024-08-23,80.34,75.82,121.4597,7.1244,144.86,1327.56,1.1176,0.894774516821761
2024-08-26,,78.4,121.6943,7.1212,144.51,1328.53,1.1164,0.8957362952346829
2024-08-27,81.51,76.5,121.8672,7.1244,144.26,1330.9,1.116,0.8960573476702508
2024-08-28,80.04,75.49,121.8943,7.1245,144.47,1335.15,1.1127,0.8987148377819718
2024-08-29,81.55,76.9,122.2333,7.0972,144.98,1332.02,1.1086,0.9020386072523904
2024-08-30,80.2,74.52,122.3262,7.09,145.95,1336.0,1.106,0.9041591320072332
2024-09-02,77.82,,,,,,,
2024-09-03,76.46,71.28,122.7811,7.1209,145.82,1339.79,1.1043,0.9055510278004165
2024-09-04,74.67,70.11,122.5144,7.1119,144.31,1336.93,1.1081,0.902445627650934
2024-09-05,74.47,70.09,122.4533,7.0921,143.43,1335.14,1.1096,0.9012256669069936
2024-09-06,72.82,68.58,122.4991,7.0876,142.13,1335.68,1.1086,0.9020386072523904
2024-09-09,72.37,69.65,122.7156,7.1133,142.92,1342.16,1.1042,0.9056330374932077
2024-09-10,70.34,66.73,123.0071,7.1205,142.28,1343.41,1.1025,0.9070294784580498
2024-09-11,70.31,68.25,122.7754,7.1192,141.72,1340.59,1.1012,0.9081002542680713
2024-09-12,73.81,69.89,122.4423,7.1173,142.24,1341.35,1.1041,0.9057150620414817
2024-09-13,73.68,69.59,121.6551,7.093,140.66,1329.26,1.1085,0.9021199819576003
2024-09-16,73.96,71.1,121.4976,7.0958,140.79,1320.59,1.1123,0.8990380293086397
2024-09-17,74.55,72.16,121.6031,7.0958,141.77,1323.81,1.1118,0.8994423457456378
2024-09-18,74.52,71.87,121.5618,7.0812,141.93,1324.15,1.1116,0.8996041741633681
2024-09-19,75.93,72.86,121.3059,7.0675,142.88,1329.08,1.1147,0.8971023593792051
2024-09-20,75.96,72.72,121.4052,7.0505,143.9,1333.66,1.1159,0.8961376467425397
2024-09-23,74.95,71.33,121.4303,7.0508,143.59,1334.12,1.113,0.8984725965858041
2024-09-24,75.29,72.34,121.1291,7.0318,143.77,1330.0,1.115,0.8968609865470852
2024-09-25,75.4,70.42,121.4447,7.0315,144.41,1335.1,1.1143,0.8974243919949744
2024-09-26,73.06,68.28,121.0785,7.0106,144.68,1314.78,1.1184,0.8941344778254648
2024-09-27,71.63,68.72,121.1111,7.0111,142.6,1309.43,1.1159,0.8961376467425397
2024-09-30,72.35,68.75,121.2864,7.0176,143.25,1314.94,1.1145,0.8972633467922835
2024-10-01,75.3,70.41,121.6881,7.0175,143.66,1323.78,1.1067,0.9035872413481522
2024-10-02,74.86,70.74,121.5724,7.0175,146.05,1321.53,1.105,0.9049773755656109
2024-10-03,77.57,74.33,122.1197,7.0175,146.82,1335.58,1.1015,0.9078529278256923
2024-10-04,79.32,74.93,122.2197,7.0175,148.69,1348.74,1.0961,0.9123255177447313
2024-10-07,81.74,77.76,122.4241,7.0175,148.13,1343.75,1.0976,0.9110787172011663
2024-10-08,78.19,74.26,122.6625,7.0595,148.22,1346.49,1.097,0.9115770282588879
2024-10-09,77.06,73.85,122.8821,7.0818,149.2,1346.04,1.0951,0.9131586156515387
2024-10-10,79.45,76.46,123.0951,7.0794,148.56,1350.77,1.0925,0.9153318077803203
2024-10-11,80.27,76.11,122.9805,7.0667,149.12,1350.71,1.0942,0.9139097057210747
2024-10-14,78.47,,,,,,,
2024-10-15,73.68,71.22,123.5124,7.1192,149.22,1365.17,1.0899,0.9175153683824203
2024-10-16,73.65,70.97,123.9235,7.1192,149.71,1363.76,1.0873,0.9197093718384991
2024-10-17,74.37,71.26,124.1122,7.1216,150.12,1371.08,1.0837,0.9227646027498384
2024-10-18,72.75,69.78,123.9185,7.1015,149.58,1369.65,1.0854,0.9213193292795283
2024-10-21,73.29,71.16,124.4757,7.1189,150.47,1379.14,1.082,0.9242144177449167
2024-10-22,75.59,72.84,124.4107,7.123,151.11,1379.22,1.0805,0.9254974548819991
2024-10-23,74.68,71.37,124.6931,7.1252,152.81,1381.61,1.0779,0.9277298450691158
2024-10-24,74.27,70.58,124.5127,7.119,151.87,1382.11,1.0806,0.9254118082546733
2024-10-25,75.62,72.02,124.6105,7.1199,152.08,1389.24,1.0813,0.9248127254231019
2024-10-28,71.87,67.65,124.8076,7.1254,153.21,1385.57,1.0819,0.9242998428690267
2024-10-29,71.09,67.48,124.8612,7.1301,153.47,1382.2,1.0798,0.9260974254491572
2024-10-30,73.21,68.91,124.8153,7.1229,153.15,1378.41,1.0864,0.9204712812960235
2024-10-31,73.25,69.58,124.7988,7.1178,152.35,1377.57,1.0855,0.921234454168586
2024-11-01,73.63,69.81,124.8076,7.1214,152.94,1376.95,1.0848,0.9218289085545723
2024-11-04,74.89,71.83,124.5903,7.0995,152.02,1375.17,1.0884,0.9187798603454612
2024-11-05,76.98,72.26,124.5532,7.1047,151.96,1380.26,1.092,0.9157509157509157
2024-11-06,76.52,71.98,125.7035,7.1782,154.58,1399.98,1.0732,0.9317927692881104
2024-11-07,75.73,72.69,124.775,7.1412,153.13,1384.66,1.0792,0.9266123054114159
2024-11-08,74.04,70.69,125.5811,7.1785,152.58,1396.69,1.071,0.9337068160597572
2024-11-11,72.19,,,,,,,
2024-11-12,72.56,68.43,126.7762,7.232,154.73,1408.28,1.0598,0.9435742592942064
2024-11-13,72.86,68.76,126.9572,7.2245,155.28,1404.24,1.0567,0.9463423866754992
2024-11-14,73.39,68.99,127.0015,7.2272,155.96,1402.77,1.0562,0.946790380609733
2024-11-15,73.45,67.33,126.8848,7.2288,154.59,1397.42,1.0552,0.9476876421531464
2024-11-18,74.35,69.46,126.6045,7.2364,154.78,1394.28,1.0586,0.9446438692612885
2024-11-19,74.32,69.75,126.3994,7.2392,154.34,1392.83,1.0578,0.9453582907922102
2024-11-20,74.33,69.25,126.88,7.2459,155.38,1399.51,1.0521,0.95047999239616
2024-11-21,75.09,70.39,127.1047,7.2368,154.66,1401.0,1.0475,0.954653937947494
2024-11-22,76.1,71.68,127.4712,7.2455,154.73,1405.49,1.0399,0.9616309260505818
2024-11-25,74.27,69.41,126.9948,7.2395,154.29,1401.03,1.0478,0.954380606986066
2024-11-26,74.56,69.05,127.4301,7.252,153.49,1396.69,1.0481,0.9541074324968991
2024-11-27,73.91,69.03,126.8205,7.2458,150.69,1391.14,1.0575,0.9456264775413711
2024-11-28,73.92,,,,,,,
2024-11-29,74.16,68.26,126.5798,7.2423,150.41,1396.99,1.0547,0.9481369109699441
2024-12-02,72.81,68.35,127.1272,7.2714,149.26,1406.13,1.0484,0.9538344143456696
2024-12-03,74.8,70.15,126.9565,7.2858,149.12,1427.83,1.0518,0.9507510933637573
2024-12-04,74.68,68.81,126.7574,7.2632,150.18,1412.16,1.0527,0.9499382540134892
2024-12-05,73.78,68.58,126.4286,7.2558,150.19,1415.88,1.0571,0.9459842966606755
2024-12-06,73.78,68.58,126.688,7.27,149.78,1422.4,1.0563,0.9467007478935908
2024-12-09,73.73,68.65,126.5981,7.2604,151.24,1430.05,1.057,0.946073793755913
2024-12-10,73.64,68.85,126.957,7.25,152.05,1432.6,1.0512,0.9512937595129377
2024-12-11,74.38,70.57,126.8483,7.2605,152.34,1428.5,1.0508,0.9516558812333461
2024-12-12,73.52,70.25,126.9556,7.2685,152.07,1429.47,1.0514,0.9511128019783147
2024-12-13,74.89,71.54,127.3096,7.2756,153.74,1434.82,1.0498,0.9525623928367307
2024-12-16,74.3,71.03,127.2687,7.2836,154.18,1437.86,1.0512,0.9512937595129377
2024-12-17,73.16,70.31,127.5043,7.2846,153.41,1436.16,1.0506,0.9518370454978108
2024-12-18,74.57,70.8,127.6418,7.2864,154.0,1438.13,1.0469,0.9552010698251983
2024-12-19,73.75,70.1,128.6366,7.2965,157.73,1446.06,1.0357,0.9655305590421936
2024-12-20,73.19,69.71,127.893,7.2953,156.11,1444.52,1.043,0.9587727708533078
2024-12-23,72.12,69.5,128.3021,7.2977,157.04,1451.76,1.0409,0.9607070804111827
2024-12-24,73.5,70.87,128.3377,7.2946,157.29,1457.36,1.0388,0.9626492106276473
2024-12-25,,,,,,,,
2024-12-26,,70.38,128.3329,7.2981,158.01,1467.66,1.0423,0.9594166746618056
2024-12-27,73.77,71.28,128.45,7.298,157.73,1470.4,1.0423,0.9594166746618056
2024-12-30,74.24,71.73,128.8205,7.2993,157.26,1472.32,1.0386,0.9628345850182939
2024-12-31,74.58,72.44,129.2775,7.2993,157.37,1477.86,1.0351,0.9660902328277462
2025-01-01,,,,,,,,
2025-01-02,76.14,73.79,129.4598,7.2994,157.65,1472.52,1.0261,0.9745638826625085
2025-01-03,76.72,74.64,129.4535,7.3199,157.2,1470.0,1.0292,0.971628449280995
2025-01-06,77.27,74.31,128.538,7.3223,157.54,1459.94,1.0397,0.9618159084351254
2025-01-07,77.84,74.99,128.613,7.3264,157.82,1452.42,1.0369,0.9644131545954288
2025-01-08,77.37,73.99,129.0785,7.3316,158.31,1459.85,1.0313,0.9696499563657519
2025-01-09,78.44,,129.2827,7.3321,158.01,1459.23,1.0298,0.9710623422023693
2025-01-10,79.76,77.27,129.8664,7.3326,157.68,1473.36,1.0238,0.9767532721234615
2025-01-13,82.69,79.57,130.0413,7.3319,157.51,1466.87,1.0209,0.9795278675678324
2025-01-14,82.39,78.2,129.3812,7.3311,157.95,1459.5,1.0292,0.971628449280995
2025-01-15,83.48,80.73,129.2092,7.3304,156.6,1456.5,1.0282,0.9725734292939117
2025-01-16,82.39,79.35,129.436,7.3316,155.44,1456.16,1.0303,0.9705910899737941
2025-01-17,83.02,78.56,129.4859,7.3249,156.3,1457.04,1.0287,0.9721007096335181
2025-01-20,81.68,,,,,,,
2025-01-21,80.57,76.79,128.4151,7.2712,155.49,1435.29,1.0423,0.9594166746618056
2025-01-22,80.0,76.12,128.3402,7.2728,156.62,1435.77,1.042,0.9596928982725528
2025-01-23,78.62,75.03,128.2162,7.288,156.0,1434.29,1.042,0.9596928982725528
2025-01-24,78.71,74.97,127.4611,7.244,155.58,1429.17,1.0515,0.951022349025202
2025-01-27,77.3,73.51,128.0912,7.2507,154.22,1433.83,1.0492,0.9531071292413268
2025-01-28,78.01,74.15,128.2817,7.2422,155.65,1446.42,1.0427,0.9590486237652249
2025-01-29,77.02,72.94,128.3418,7.2422,155.22,1441.85,1.0416,0.9600614439324116
2025-01-30,77.42,73.1,128.1004,7.2422,154.42,1442.16,1.042,0.9596928982725528
2025-01-31,77.11,72.84,128.4828,7.2422,154.91,1453.86,1.04,0.9615384615384615
2025-02-03,76.49,73.52,129.109,7.2422,154.68,1461.21,1.0277,0.9730466089325678
2025-02-04,76.58,73.04,128.1083,7.2422,154.56,1451.02,1.0379,0.9634839579920994
2025-02-05,74.71,71.39,127.9751,7.272,152.33,1442.37,1.0419,0.9597850081581725
2025-02-06,74.54,70.97,128.2017,7.2883,152.04,1447.05,1.0368,0.9645061728395062
2025-02-07,74.68,71.32,128.4292,7.2943,151.3,1453.97,1.0329,0.9681479330041631
2025-02-10,76.23,72.73,128.6382,7.3045,151.72,1451.0,1.0312,0.9697439875872771
2025-02-11,77.65,73.67,128.4322,7.3072,152.37,1452.31,1.0346,0.9665571235260004
2025-02-12,75.38,71.72,128.3288,7.3088,154.62,1453.49,1.0392,0.9622786759045421
2025-02-13,75.61,71.66,127.8931,7.2888,153.18,1446.95,1.0428,0.9589566551591868
2025-02-14,75.19,71.05,127.1491,7.253,152.25,1439.89,1.0498,0.9525623928367307
2025-02-17,75.81,,,,,,,
2025-02-18,76.46,72.21,127.2906,7.2786,151.79,1438.83,1.0457,0.956297217175098
2025-02-19,76.34,72.58,127.7317,7.2833,151.67,1441.06,1.0406,0.9609840476648088
2025-02-20,76.95,72.88,127.1126,7.2555,149.63,1434.71,1.0475,0.954653937947494
2025-02-21,74.88,70.72,127.1408,7.2501,149.49,1434.06,1.0455,0.9564801530368244
2025-02-24,74.89,71.06,127.1921,7.2476,149.57,1429.77,1.0478,0.954380606986066
2025-02-25,73.11,69.15,127.3752,7.2512,149.09,1433.79,1.0498,0.9525623928367307
2025-02-26,73.49,68.87,127.2822,7.2595,149.13,1433.2,1.0514,0.9511128019783147
2025-02-27,75.01,70.62,127.9704,7.2853,149.8,1447.35,1.0414,0.9602458229306702
2025-02-28,74.76,69.97,128.2805,7.2828,150.64,1459.04,1.0402,0.9613535858488752
2025-03-03,72.85,68.63,127.75,7.2843,150.16,1456.49,1.0496,0.9527439024390243
2025-03-04,72.31,68.47,127.9966,7.2651,148.81,1458.46,1.0534,0.9493070058857035
2025-03-05,70.92,66.58,126.504,7.2506,148.82,1445.21,1.0768,0.9286775631500743
2025-03-06,71.08,66.62,126.1099,7.2468,147.9,1447.34,1.0818,0.924385283786282
2025-03-07,72.49,67.29,125.9814,7.234,147.13,1449.3,1.0859,0.9208951100469656
2025-03-10,71.08,66.31,126.268,7.2591,147.15,1456.74,1.0837,0.9227646027498384
2025-03-11,71.51,66.52,126.0457,7.2278,147.48,1453.07,1.0927,0.9151642719868216
2025-03-12,72.36,67.65,125.8664,7.2372,148.32,1451.7,1.0925,0.9153318077803203
2025-03-13,70.82,66.82,126.0031,7.2439,147.71,1455.76,1.0859,0.9208951100469656
2025-03-14,71.94,67.43,125.6942,7.2377,148.51,1451.76,1.0872,0.919793966151582
2025-03-17,71.93,67.84,125.3688,7.2327,148.56,1444.71,1.0922,0.9155832265152902
2025-03-18,71.93,67.49,125.488,7.2273,149.49,1451.28,1.0927,0.9151642719868216
2025-03-19,71.94,67.4,125.8006,7.23,150.02,1462.15,1.0877,0.919371150133309
2025-03-20,72.61,68.55,125.985,7.2477,148.84,1467.77,1.0848,0.9218289085545723
2025-03-21,72.64,68.52,126.2679,7.2486,148.98,1466.49,1.0806,0.9254118082546733
2025-03-24,73.96,69.46,126.1956,7.2531,150.74,1466.91,1.0794,0.9264406151565685
2025-03-25,73.78,69.48,126.0535,7.2569,149.77,1465.32,1.0804,0.9255831173639393
2025-03-26,74.6,70.05,126.2364,7.2675,150.69,1467.25,1.0781,0.9275577404693441
2025-03-27,74.72,70.3,126.3626,7.2645,150.97,1463.9,1.08,0.9259259259259258
2025-03-28,74.69,69.74,126.4187,7.2628,150.26,1469.2,1.0826,0.9237021984112322
2025-03-31,77.23,71.87,126.7075,7.2567,149.9,1474.44,1.0796,0.9262689885142646
2025-04-01,77.78,71.61,126.4338,7.2697,149.4,1471.0,1.08,0.9259259259259258
2025-04-02,77.27,72.12,126.3811,7.2675,149.98,1462.06,1.0868,0.9201324990798675
2025-04-03,72.54,67.43,124.7316,7.2813,146.04,1450.55,1.1052,0.9048136083966704
2025-04-04,68.36,62.42,125.8129,7.2803,145.93,1457.76,1.1014,0.9079353550027238
2025-04-07,66.13,61.05,126.8282,7.3081,147.96,1470.22,1.0912,0.9164222873900294
2025-04-08,64.86,60.04,126.8668,7.3388,147.02,1477.97,1.0912,0.9164222873900294
2025-04-09,67.3,62.63,126.628,7.3499,145.09,1472.75,1.104,0.9057971014492753
2025-04-10,65.37,60.57,125.089,7.314,144.34,1450.37,1.1192,0.8934953538241601
2025-04-11,66.83,61.91,124.0163,7.2915,143.57,1418.79,1.1325,0.8830022075055187
2025-04-14,67.18,61.99,123.6598,7.3119,142.96,1422.56,1.1358,0.8804366966015145
2025-04-15,66.58,61.74,123.776,7.315,143.1,1427.16,1.129,0.8857395925597874
2025-04-16,67.94,62.88,123.2724,7.3053,142.56,1415.24,1.1382,0.8785802143735723
2025-04-17,69.33,65.07,123.1298,7.299,142.33,1416.1,1.1364,0.8799718409010912
2025-04-18,,,122.9865,7.2996,142.22,1423.49,1.139,0.8779631255487269
2025-04-21,,63.48,122.3145,7.2914,140.81,1420.52,1.1508,0.8689607229753215
2025-04-22,68.93,64.6,122.4175,7.3118,140.87,1425.0,1.1466,0.8721437292865863
2025-04-23,68.26,62.64,123.0252,7.286,142.64,1425.88,1.135,0.8810572687224669
2025-04-24,67.5,63.55,122.9251,7.2879,142.64,1432.97,1.1363,0.8800492827598345
2025-04-25,66.99,63.85,122.8858,7.2864,143.75,1440.72,1.1381,0.8786574114752659
2025-04-28,66.13,63.3,122.7176,7.2942,142.7,1436.31,1.1387,0.8781944322472995
2025-04-29,64.04,61.84,122.5944,7.269,142.29,1432.01,1.1396,0.8775008775008776
2025-04-30,63.37,59.55,122.5921,7.2706,142.63,1425.68,1.1349,0.8811349017534584
2025-05-01,62.37,60.59,123.1405,7.2706,145.48,1437.58,1.1279,0.8866034222892101
2025-05-02,61.57,59.67,122.4962,7.2706,144.52,1398.89,1.133,0.8826125330979699
2025-05-05,,58.5,122.2613,7.2706,143.98,1375.11,1.1315,0.8837825894829873
2025-05-06,62.37,60.42,122.0417,7.2164,142.76,1377.15,1.1345,0.881445570736007
2025-05-07,60.31,59.42,122.117,7.225,143.47,1391.86,1.1348,0.8812125484666902
2025-05-08,62.22,61.25,122.7568,7.234,145.46,1403.61,1.1249,0.8889679082585119
2025-05-09,64.26,62.37,122.5191,7.2364,145.15,1398.51,1.127,0.8873114463176575
2025-05-12,65.28,63.32,123.4863,7.2018,148.09,1417.77,1.1106,0.9004141905276427
2025-05-13,66.93,65.04,122.9583,7.2057,147.75,1418.65,1.1176,0.894774516821761
2025-05-14,65.91,64.48,122.6746,7.208,146.54,1398.83,1.1206,0.892379082634303
2025-05-15,64.36,63.03,122.8174,7.2067,145.61,1397.65,1.1189,0.893734918223255
2025-05-16,65.2,63.84,123.0737,7.209,146.02,1401.19,1.1141,0.8975854950184005
2025-05-19,66.25,63.98,122.4186,7.2144,144.99,1388.48,1.1236,0.8899964400142399
2025-05-20,66.93,63.97,122.3199,7.2194,144.72,1393.36,1.1254,0.888572951839346
2025-05-21,65.86,62.93,121.7496,7.2019,143.68,1371.64,1.1343,0.8816009873931058
2025-05-22,64.87,62.55,122.0429,7.2037,143.89,1381.55,1.1281,0.8864462370357237
2025-05-23,65.41,62.89,121.3837,7.1798,142.61,1365.03,1.135,0.8810572687224669
2025-05-26,,,,,,,,
2025-05-27,64.32,61.61,121.6099,7.195,144.37,1375.85,1.1326,0.8829242450997704
2025-05-28,65.72,62.54,121.9888,7.1941,145.04,1374.6,1.1286,0.886053517632465
2025-05-29,64.6,61.66,121.5617,7.1855,144.09,1371.75,1.137,0.8795074758135444
2025-05-30,64.32,61.46,121.7674,7.1991,144.18,1381.13,1.1347,0.8812902088657795
2025-06-02,66.55,63.27,121.1881,7.1975,142.76,1376.42,1.1432,0.8747375787263821
2025-06-03,67.48,64.1,121.4592,7.1872,143.93,1378.45,1.1373,0.8792754770069463
2025-06-04,66.69,63.57,121.0539,7.1844,142.91,1364.16,1.1424,0.8753501400560223
2025-06-05,67.14,64.06,120.9596,7.175,143.87,1355.97,1.144,0.8741258741258742
2025-06-06,68.02,65.3,121.161,7.1886,144.87,1360.28,1.1397,0.8774238834781083
2025-06-09,68.73,65.99,120.9103,7.1802,144.37,1354.99,1.1425,0.87527352297593
2025-06-10,68.41,65.66,121.0485,7.187,144.91,1367.55,1.1423,0.8754267705506433
2025-06-11,71.29,68.91,120.587,7.1928,144.48,1368.29,1.149,0.8703220191470844
2025-06-12,70.84,68.73,120.1723,7.1726,143.64,1356.47,1.1578,0.8637070305752289
2025-06-13,76.0,73.84,120.3245,7.181,144.04,1364.93,1.1557,0.865276455827637
2025-06-16,75.05,72.53,120.1565,7.179,144.14,1357.55,1.1581,0.8634832915983076
2025-06-17,78.7,75.62,120.5048,7.1845,145.04,1370.29,1.1535,0.8669267446900737
2025-06-18,78.38,75.89,120.7305,7.1888,144.58,1372.11,1.1521,0.867980210051211
2025-06-19,80.37,,,,,,,
2025-06-20,78.73,75.72,121.0408,7.1785,145.92,1372.45,1.152,0.8680555555555556
2025-06-23,74.34,69.36,121.1694,7.179,146.47,1382.61,1.1538,0.8667013347200555
2025-06-24,69.13,65.45,120.3645,7.1713,144.9,1359.0,1.1608,0.8614748449345279
2025-06-25,68.4,65.98,120.3336,7.1764,145.59,1362.17,1.162,0.8605851979345955
2025-06-26,68.57,66.44,119.6451,7.1675,144.34,1355.64,1.1717,0.8534607834769993
2025-06-27,69.37,66.66,119.659,7.1721,144.74,1360.72,1.1724,0.8529512111907198
2025-06-30,68.15,66.3,119.4088,7.1636,144.17,1353.5,1.177,0.8496176720475785
2025-07-01,67.63,66.64,119.3436,7.1647,143.58,1358.06,1.1776,0.8491847826086957
2025-07-02,70.8,68.66,119.3037,7.1649,143.76,1356.9,1.179,0.8481764206955046
2025-07-03,70.42,68.13,119.2382,7.1684,144.96,1364.65,1.1758,0.8504847763225039
2025-07-04,71.03,,,,,,,
2025-07-07,71.95,69.16,119.6201,7.1744,145.86,1369.6,1.1733,0.8522969402539845
2025-07-08,72.5,69.55,119.8371,7.1738,146.81,1372.74,1.1707,0.8541898009737763
2025-07-09,71.98,69.61,119.7311,7.18,146.53,1375.04,1.1707,0.8541898009737763
2025-07-10,70.38,67.78,119.8343,7.1748,146.46,1373.37,1.1688,0.8555783709787816
2025-07-11,72.06,69.63,119.9214,7.1681,147.29,1375.37,1.1696,0.8549931600547196
2025-07-14,70.96,68.19,120.2209,7.167,147.69,1382.51,1.1672,0.8567511994516792
2025-07-15,70.27,67.76,120.5105,7.1729,148.75,1385.39,1.1619,0.8606592649969877
2025-07-16,69.67,67.13,120.4175,7.1791,148.08,1390.84,1.1629,0.8599191675982457
2025-07-17,71.32,68.76,120.6384,7.1832,148.55,1391.04,1.1597,0.8622919720617401
2025-07-18,71.06,68.53,120.356,7.1776,148.55,1390.29,1.1645,0.8587376556462
2025-07-21,71.92,68.39,119.9961,7.176,147.27,1381.22,1.1705,0.8543357539513028
2025-07-22,69.69,67.56,119.681,7.1748,146.36,1381.58,1.1749,0.8511362669163333
2025-07-23,69.17,66.05,119.5697,7.1599,146.55,1375.38,1.1748,0.8512087163772557
2025-07-24,70.42,67.16,119.5664,7.1541,146.92,1371.0,1.1765,0.8499787505312366
2025-07-25,69.23,66.38,119.9857,7.1679,147.77,1382.92,1.173,0.8525149190110827
2025-07-28,70.87,67.81,120.6149,7.1778,148.45,1388.21,1.1609,0.8614006374364717
2025-07-29,73.21,70.27,120.9674,7.1769,148.57,1390.63,1.1534,0.8670019074041964
2025-07-30,73.98,71.09,121.4042,7.1934,149.07,1391.58,1.147,0.8718395815170008
2025-07-31,73.43,70.36,121.721,7.2002,150.6,1396.19,1.1431,0.8748141020033243
2025-08-01,70.55,68.39,121.2122,7.2116,148.06,1388.34,1.1555,0.8654262224145391
2025-08-04,69.56,67.33,120.9859,7.178,147.09,1385.71,1.1568,0.8644536652835407
2025-08-05,69.14,66.2,120.9082,7.1835,147.49,1386.64,1.158,0.8635578583765113
2025-08-06,67.97,65.38,120.5082,7.1822,147.25,1384.64,1.1647,0.8585901948999742
2025-08-07,66.99,64.9,120.5043,7.1806,147.35,1386.05,1.1641,0.8590327291469806
2025-08-08,67.17,64.94,120.3329,7.1839,147.7,1389.7,1.166,0.8576329331046313
2025-08-11,67.36,65.03,120.6892,7.1884,147.99,1392.74,1.1607,0.8615490652192642
2025-08-12,66.8,64.22,120.2736,7.1785,147.8,1385.4,1.1673,0.8566778034781118
2025-08-13,66.25,63.68,120.13,7.1744,147.25,1378.9,1.1715,0.8536064874093043
2025-08-14,68.12,64.99,120.6446,7.1795,147.69,1390.59,1.1644,0.8588114050154585
2025-08-15,67.3,63.78,120.3377,7.1817,147.0,1387.87,1.1708,0.8541168431841476
2025-08-18,68.18,64.51,120.5622,7.1847,147.76,1387.34,1.1667,0.8571183680466272
2025-08-19,66.62,63.38,120.7224,7.1819,147.72,1392.04,1.166,0.8576329331046313
2025-08-20,67.61,64.19,120.7757,7.1757,147.19,1397.7,1.1649,0.8584427847883939
2025-08-21,68.41,64.56,121.0843,7.1793,148.35,1401.88,1.1605,0.8616975441619991
2025-08-22,68.29,64.08,120.2774,7.1651,146.82,1381.71,1.1713,0.8537522410996329
2025-08-25,,65.18,120.4214,7.151,147.61,1389.06,1.167,0.856898029134533
2025-08-26,66.89,63.6,120.5274,7.152,147.3,1393.52,1.1657,0.8578536501672815
2025-08-27,67.75,64.49,120.7274,7.1536,147.75,1394.54,1.1611,0.8612522607871845
2025-08-28,68.61,64.96,120.2595,7.1306,146.98,1384.85,1.1672,0.8567511994516792
2025-08-29,67.83,64.36,120.2082,7.1304,146.9,1389.76,1.1695,0.8550662676357418
2025-09-01,67.09,,,,,,,
2025-09-02,68.09,65.95,120.6837,7.139,148.23,1394.76,1.1653,0.8581481163648845
2025-09-03,67.76,64.36,120.5052,7.1415,147.97,1389.21,1.1676,0.8564576909900651
2025-09-04,66.41,63.81,120.7629,7.1414,148.63,1394.8,1.1648,0.8585164835164835
2025-09-05,64.92,62.22,120.1282,7.1323,146.84,1385.28,1.1759,0.8504124500382686
2025-09-08,65.44,62.6,120.0971,7.1293,147.58,1386.29,1.1751,0.8509914049868096
2025-09-09,67.97,62.97,120.1569,7.1209,147.23,1388.16,1.1723,0.8530239699735563
2025-09-10,67.62,64.01,120.1223,7.1207,147.37,1386.97,1.1714,0.8536793580331228
2025-09-11,67.25,62.71,119.9534,7.1184,147.17,1388.97,1.1732,0.8523695874531196
2025-09-12,67.87,63.02,120.0611,7.1242,147.85,1394.06,1.1714,0.8536793580331228
2025-09-15,67.88,63.66,119.5644,7.1186,147.27,1385.09,1.1772,0.8494733265375467
2025-09-16,69.69,64.89,119.1348,7.1142,146.56,1381.49,1.1848,0.8440243079000674
2025-09-17,69.19,64.41,119.1582,7.1033,146.36,1375.5,1.1845,0.8442380751371886
2025-09-18,67.83,63.91,119.6616,7.1125,148.02,1388.51,1.178,0.8488964346349746
2025-09-19,67.05,63.02,119.7858,7.1142,147.83,1397.43,1.1753,0.8508465923593976
2025-09-22,66.87,62.99,119.8152,7.114,147.83,1392.4,1.1773,0.8494011721736175
2025-09-23,67.96,63.76,119.6202,7.1116,147.83,1394.28,1.18,0.8474576271186441
2025-09-24,69.64,65.4,120.1707,7.1315,148.71,1404.7,1.1742,0.8516436722875149
2025-09-25,70.48,65.51,120.5419,7.1338,149.78,1408.67,1.1673,0.8566778034781118
2025-09-26,71.15,66.5,120.4349,7.1328,149.52,1410.05,1.1692,0.8552856654122477
2025-09-29,69.0,64.27,120.115,7.1194,148.57,1399.76,1.173,0.8525149190110827
2025-09-30,68.52,63.17,120.1368,7.119,147.97,1404.63,1.1735,0.8521516829995739
2025-10-01,66.67,62.59,120.1502,7.12,147.16,1402.45,1.1723,0.8530239699735563
2025-10-02,65.44,61.28,120.4296,7.12,147.35,1406.72,1.1696,0.8549931600547196
2025-10-03,66.13,61.65,120.0881,7.12,147.33,1406.16,1.1747,0.8512811781731505
2025-10-06,67.09,62.49,120.2722,7.12,150.02,1410.47,1.1707,0.8541898009737763
2025-10-07,67.1,62.52,120.4884,7.12,151.17,1413.12,1.1674,0.8566044200788077
2025-10-08,67.42,63.37,120.7766,7.12,152.72,1424.17,1.1606,0.8616232982939858
2025-10-09,67.23,62.36,121.0902,7.1275,153.05,1423.68,1.1559,0.8651267410675665
2025-10-10,64.41,59.75,121.1163,7.134,151.94,1428.39,1.1613,0.8611039352449841
2025-10-13,64.15,,,,,,,
2025-10-14,63.0,59.52,121.1822,7.1384,151.77,1429.91,1.1608,0.8614748449345279
2025-10-15,62.33,59.08,120.8642,7.1262,151.21,1423.12,1.1638,0.8592541673827119
2025-10-16,61.08,58.29,120.6698,7.123,150.75,1416.07,1.1665,0.8572653236176596
2025-10-17,61.23,58.3,120.7028,7.1264,150.33,1421.89,1.1674,0.8566044200788077
2025-10-20,60.71,58.34,120.6209,7.1195,150.59,1420.39,1.1656,0.8579272477693892
2025-10-21,61.0,58.66,120.8895,7.1218,151.72,1430.58,1.1616,0.8608815426997245
2025-10-22,62.28,59.3,120.8958,7.1257,151.79,1429.94,1.1612,0.861178091629349
2025-10-23,66.32,62.44,120.9531,7.1221,152.72,1437.25,1.1612,0.861178091629349
2025-10-24,65.8,62.27,120.9345,7.1211,152.82,1438.35,1.1626,0.860141063134354
2025-10-27,65.52,62.13,120.7988,7.1102,153.09,1432.72,1.1636,0.8594018563080097
2025-10-28,64.03,60.97,120.6361,7.0988,152.14,1432.72,1.1659,0.8577064928381508
2025-10-29,65.01,61.26,120.5312,7.098,151.91,1420.83,1.1664,0.8573388203017832
2025-10-30,65.11,61.36,121.2832,7.1097,154.17,1430.45,1.1564,0.8647526807333102
2025-10-31,65.44,61.75,121.3859,7.1169,154.05,1428.37,1.1541,0.8664760419374405
2025-11-03,65.79,61.79,121.4512,7.1222,154.13,1430.65,1.1531,0.8672274737663689
2025-11-04,65.04,61.38,121.8271,7.1295,153.55,1440.22,1.1491,0.8702462796971543
2025-11-05,63.54,60.4,121.8482,7.126,154.11,1440.95,1.1485,0.8707009142359599
2025-11-06,63.41,60.24,121.6948,7.1195,152.97,1449.28,1.1539,0.8666262241095416
2025-11-07,63.72,60.54,121.388,7.1219,153.06,1461.07,1.1578,0.8637070305752289
2025-11-10,63.01,60.94,121.2984,7.1193,153.99,1456.34,1.1545,0.8661758336942399
2025-11-11,63.86,,,,,,,
2025-11-12,61.88,59.3,121.0458,7.112,154.64,1468.6,1.1592,0.862663906142167
2025-11-13,62.14,59.54,120.7725,7.095,154.4,1465.32,1.1649,0.8584427847883939
2025-11-14,63.45,60.87,120.9666,7.0992,154.64,1453.2,1.1617,0.860807437376259
2025-11-17,63.16,60.66,121.1146,7.1075,155.2,1459.71,1.1598,0.8622176237282291
2025-11-18,64.86,61.51,121.2127,7.1074,155.44,1461.3,1.1579,0.8636324380343726
2025-11-19,63.78,60.27,121.4978,7.1106,156.63,1467.69,1.154,0.8665511265164645
2025-11-20,63.64,60.07,121.6889,7.1098,157.41,1472.65,1.1534,0.8670019074041964
2025-11-21,62.78,58.86,121.8653,7.1066,156.58,1470.84,1.1506,0.8691117677733357
2025-11-24,64.83,59.11,121.9171,7.102,156.94,1475.94,1.1518,0.8682062858135093
2025-11-25,63.99,58.25,121.6335,7.0845,156.3,1468.02,1.1553,0.8655760408551891
2025-11-26,64.81,58.81,121.2437,7.0758,156.38,1468.39,1.1591,0.862738331464067
2025-11-27,64.18,,,,,,,
2025-11-28,64.07,58.58,121.0527,7.0751,156.17,1467.65,1.16,0.8620689655172414
2025-12-01,64.22,59.47,120.9862,7.0717,155.28,1467.79,1.1623,0.8603630732168974
2025-12-02,63.37,58.81,121.1467,7.07,155.92,1469.23,1.1596,0.8623663332183512
2025-12-03,63.75,59.09,120.7336,7.0636,155.17,1465.94,1.166,0.8576329331046313
2025-12-04,64.15,59.82,120.6766,7.0714,154.9,1473.22,1.1659,0.8577064928381508
2025-12-05,64.42,60.23,120.6863,7.0696,155.3,1472.83,1.1635,0.8594757198109153
2025-12-08,63.3,59.04,120.776,7.071,155.89,1469.19,1.1626,0.860141063134354
2025-12-09,62.62,58.4,120.6832,7.0633,156.85,1469.48,1.1639,0.8591803419537761
2025-12-10,63.12,58.67,120.6752,7.064,156.33,1470.2,1.165,0.8583690987124464
2025-12-11,61.87,57.76,119.98,7.0579,155.15,1471.38,1.1756,0.8506294658046955
2025-12-12,62.11,57.61,120.1442,7.0548,155.81,1477.72,1.1731,0.8524422470377632
2025-12-15,61.55,56.97,119.9561,7.047,155.29,1468.62,1.1756,0.8506294658046955
2025-12-16,59.93,55.44,119.8902,7.0417,154.8,1472.48,1.177,0.8496176720475785
2025-12-17,60.61,56.07,120.155,7.0431,155.6,1475.05,1.1748,0.8512087163772557
2025-12-18,60.69,56.22,120.0528,7.0404,155.53,1473.21,1.1729,0.8525876033762468
2025-12-19,61.35,56.8,120.1652,7.0409,157.43,1477.26,1.1721,0.8531695247845748
2025-12-22,62.22,58.18,119.9912,7.0367,156.93,1480.13,1.175,0.851063829787234
2025-12-23,63.7,58.55,119.7057,7.028,156.33,1481.45,1.1776,0.8491847826086957
2025-12-24,63.7,58.72,119.4372,7.0142,155.83,1443.62,1.178,0.8488964346349746
2025-12-25,,,,,,,,
2025-12-26,,56.6,119.4723,7.0063,156.63,1441.16,1.1766,0.8499065102838687
2025-12-29,63.1,57.89,119.5899,7.0056,156.1,1433.88,1.1756,0.8506294658046955
2025-12-30,62.3,57.79,119.4939,6.9961,156.26,1439.42,1.1765,0.8499787505312366
2025-12-31,61.35,57.26,119.7456,6.9931,156.8,1444.55,1.1736,0.8520790729379687
2026-01-01,,,,,,,,
2026-01-02,61.98,57.21,119.6059,6.9877,156.72,1444.45,1.1738,0.8519338899301414
2026-01-05,63.0,58.1,119.6192,6.988,156.32,1444.88,1.1715,0.8536064874093043
2026-01-06,62.1,56.97,119.7807,6.9834,156.7,1446.93,1.1689,0.8555051758063136
2026-01-07,61.08,56.01,119.8719,6.9965,156.73,1447.45,1.169,0.8554319931565441
2026-01-08,63.34,57.74,120.0904,6.9835,156.9,1452.15,1.1655,0.858000858000858
2026-01-09,65.11,58.96,120.2215,6.9772,158.07,1458.61,1.1634,0.8595495960116899
2026-01-12,65.4,59.39,119.9958,6.9731,158.15,1467.08,1.1672,0.8567511994516792
2026-01-13,67.58,60.85,120.1401,6.9775,159.06,1475.78,1.1646,0.858663918942126
2026-01-14,68.87,61.84,119.9537,6.973,158.13,1464.29,1.1655,0.858000858000858
2026-01-15,66.16,59.13,119.9951,6.966,158.5,1469.39,1.1605,0.8616975441619991
2026-01-16,66.97,59.4,120.0838,6.9681,158.02,1474.05,1.1599,0.8621432882145013
2026-01-19,66.91,,,,,,,
2026-01-20,67.68,60.3,119.4455,6.9599,157.89,1478.33,1.1739,0.851861316977596
2026-01-21,66.72,60.38,119.3431,6.9637,158.16,1465.95,1.1705,0.8543357539513028
2026-01-22,65.46,59.24,119.1962,6.97,158.36,1464.34,1.1738,0.8519338899301414
2026-01-23,68.16,60.7,118.8976,6.9631,157.57,1462.89,1.1771,0.8495454931611588
2026-01-26,67.7,60.46,118.0525,6.9542,153.88,1441.49,1.1886,0.8413259296651522
2026-01-27,70.28,62.04,117.4523,6.9545,153.03,1437.45,1.198,0.8347245409015025
2026-01-28,70.9,62.75,117.5117,6.9462,153.6,1436.06,1.1941,0.8374507997655138
2026-01-29,71.0,64.77,117.4396,6.948,152.88,1433.84,1.1943,0.8373105584861426
2026-01-30,72.25,64.5,117.8996,6.951,154.34,1444.51,1.1885,0.8413967185527977
2026-02-02,67.72,61.6,118.3609,6.9463,155.5,1452.03,1.1807,0.8469551960701278
2026-02-03,70.01,62.62,117.9764,6.9377,155.7,1447.7,1.1819,0.8460952703274389
2026-02-04,71.15,64.56,118.2602,6.9415,156.61,1459.24,1.1803,0.8472422265525714
2026-02-05,69.87,62.9,118.5034,6.9378,156.91,1463.13,1.1802,0.8473140145738011
2026-02-06,70.45,63.77,118.2407,6.9388,157.1,1462.75,1.1812,0.8465966813410091
2026-02-09,71.19,64.53,117.6392,6.92,156.08,1458.12,1.1898,0.8404773911581779
2026-02-10,71.01,64.2,117.5216,6.9106,154.28,1456.82,1.1898,0.8404773911581779
2026-02-11,71.52,64.8,117.4601,6.9125,152.93,1446.96,1.1884,0.841467519353753
2026-02-12,69.8,63.08,117.5376,6.901,152.64,1439.8,1.187,0.8424599831508003
2026-02-13,69.96,63.05,117.5258,6.908,152.77,1442.9,1.187,0.8424599831508003
2026-02-16,70.81,,,,,,,
2026-02-17,69.77,62.53,117.7375,6.9031,153.57,1444.43,1.1831,0.8452370890034654
2026-02-18,71.78,65.33,117.8426,6.9031,154.45,1445.15,1.181,0.8467400508044031
2026-02-19,73.17,66.66,118.2354,6.9031,154.96,1450.1,1.1762,0.8501955449753444
2026-02-20,72.75,66.69,117.9917,6.9031,154.99,1445.97,1.1781,0.848824378236143
2026-02-23,71.9,66.36,117.9395,6.9031,154.3,1442.62,1.1804,0.8471704506946799
2026-02-24,71.21,65.62,117.9463,6.883,155.66,1440.45,1.1789,0.8482483671218932
2026-02-25,70.69,65.3,117.769,6.8692,156.3,1427.12,1.1804,0.8471704506946799
2026-02-26,71.66,65.1,117.9042,6.8409,156.13,1433.32,1.1792,0.8480325644504749
2026-02-27,71.32,66.96,117.8223,6.8579,156.05,1439.82,1.1822,0.845880561664693
2026-03-02,77.24,71.13,118.667,6.8821,157.48,1439.8,1.169,0.8554319931565441
2026-03-03,83.28,74.48,119.4341,6.8996,157.69,1485.6,1.1604,0.8617718028266115
2026-03-04,81.56,74.58,119.0705,6.8969,156.93,1462.7,1.1638,0.8592541673827119
2026-03-05,88.59,80.88,119.5683,6.8912,157.58,1483.36,1.1585,0.8631851532153646
2026-03-06,95.74,90.77,119.491,6.8965,157.64,1482.98,1.1606,0.8616232982939858
2026-03-09,94.35,94.65,119.5151,6.9066,158.08,1478.15,1.1592,0.862663906142167
2026-03-10,89.84,83.71,118.7255,6.8766,157.6,1465.29,1.1648,0.8585164835164835
2026-03-11,90.98,86.8,119.2885,6.8655,158.83,1474.94,1.1566,0.8646031471554556
2026-03-12,102.38,95.61,119.8227,6.8689,159.21,1491.81,1.1522,0.8679048776254124
2026-03-13,103.23,98.48,120.5518,6.8961,159.54,1498.88,1.1444,0.8738203425375742
2026-03-16,101.04,93.39,120.097,6.8955,159.3,1493.01,1.1487,0.8705493166187864
2026-03-17,108.39,96.01,119.8328,6.8863,159.03,1488.68,1.1525,0.8676789587852494
2026-03-18,118.09,96.12,119.9276,6.8726,159.48,1500.19,1.1513,0.8685833405715279
2026-03-19,111.05,96.11,120.1802,6.8998,158.19,1495.88,1.1515,0.8684324793747287
2026-03-20,118.42,98.71,120.2757,6.8857,159.26,1504.15,1.1543,0.8663259118080221
2026-03-23,103.79,89.33,119.9371,6.8807,158.7,1492.07,1.1587,0.8630361612151549
2026-03-24,108.42,93.18,120.1295,6.8918,158.9,1496.95,1.1578,0.8637070305752289
2026-03-25,109.14,91.51,120.1282,6.9011,159.2,1500.32,1.157,0.8643042350907519
2026-03-26,113.39,96.18,120.389,6.9107,159.65,1504.57,1.1542,0.8664009703690869
2026-03-27,121.47,101.26,120.8851,6.9116,160.16,1509.86,1.152,0.8680555555555556
2026-03-30,121.88,104.69,121.2851,6.9119,159.49,1518.7,1.1454,0.8730574471800244
2026-03-31,126.69,102.86,121.035,6.898,159.08,1523.5,1.1518,0.8682062858135093
2026-04-01,119.56,101.9,120.1198,6.872,158.63,1511.31,1.1614,0.8610297916307904
2026-04-02,127.61,113.23,120.503,6.8856,159.34,1509.54,1.1546,0.8661008141347653
2026-04-03,,,120.6565,6.8824,159.64,1510.17,1.1523,0.8678295582747547
2026-04-06,,114.01,120.4302,6.8778,159.71,1507.55,1.1545,0.8661758336942399
2026-04-07,138.21,114.58,120.32,6.8567,159.9,1501.86,1.1571,0.8642295393656555
2026-04-08,122.11,96.17,119.0596,6.8287,158.39,1477.1,1.1686,0.8557247989046722
2026-04-09,119.03,99.62,118.8998,6.8314,158.87,1472.92,1.1706,0.8542627712284298
2026-04-10,119.07,98.34,118.8552,6.8278,159.22,1483.9,1.1723,0.8530239699735563
2026-04-13,123.28,100.72,118.9916,6.8303,159.74,1486.94,1.171,0.8539709649871904
2026-04-14,118.69,93.07,118.3581,6.8157,158.91,1471.51,1.1791,0.8481044864727334
2026-04-15,114.93,93.04,118.3623,6.818,159.02,1474.41,1.1799,0.8475294516484448
2026-04-16,116.63,96.46,118.3616,6.8208,159.07,1478.19,1.1783,0.8486803021301876
2026-04-17,98.63,85.91,118.0795,6.817,158.1,1461.66,1.1801,0.8473858147614609
2026-04-20,103.4,91.06,118.2374,6.8172,158.66,1470.31,1.1785,0.848536274925753
2026-04-21,106.14,93.64,118.4331,6.8208,159.39,1478.52,1.1752,0.8509189925119128
2026-04-22,113.44,94.76,118.6004,6.8275,159.49,1480.61,1.1714,0.8536793580331228
2026-04-23,113.25,99.27,118.7155,6.826,159.44,1479.19,1.1704,0.8544087491455912
2026-04-24,111.86,98.42,118.7294,6.8359,159.35,1476.47,1.1718,0.8533879501621437
2026-04-27,113.89,99.89,118.5458,6.8228,159.29,1473.4,1.1731,0.8524422470377632
2026-04-28,117.62,103.45,118.7717,6.8374,159.53,1472.37,1.1715,0.8536064874093043
2026-04-29,124.16,110.47,119.0975,6.8375,160.23,1487.69,1.1695,0.8550662676357418
2026-04-30,124.24,108.64,118.671,6.8273,156.66,1477.93,1.1729,0.8525876033762468
2026-05-01,118.26,105.38,118.3926,6.8276,156.76,1477.22,1.1755,0.8507018290089324
2026-05-04,,109.76,118.8264,6.83,157.21,1476.01,1.1698,0.8548469823901522
2026-05-05,114.51,105.66,118.6207,6.8276,157.68,1478.41,1.1707,0.8541898009737763
2026-05-06,103.7,98.75,118.0982,6.811,156.44,1447.01,1.1753,0.8508465923593976
2026-05-07,101.82,98.38,118.0116,6.8014,156.48,1453.85,1.1764,0.8500510030601837
2026-05-08,103.48,98.87,118.0392,6.8005,156.64,1461.06,1.1773,0.8494011721736175
2026-05-11,106.11,101.56,118.0562,6.7948,157.04,1469.91,1.178,0.8488964346349746
2026-05-12,111.37,105.78,118.5238,6.792,157.71,1490.32,1.1733,0.8522969402539845
2026-05-13,110.28,104.52,118.4737,6.7908,157.84,1490.11,1.1711,0.853898044573478
2026-05-14,110.91,104.66,118.6696,6.7851,158.08,1491.75,1.1678,0.8563110121596164
2026-05-15,113.96,108.99,119.2825,6.8092,158.69,1499.61,1.1627,0.8600670852326481
2026-05-18,116.73,112.25,119.0574,6.8,158.83,1494.67,1.1649,0.8584427847883939
2026-05-19,114.64,112.09,119.451,6.8145,159.11,1508.49,1.1602,0.8619203585588693
2026-05-20,108.93,101.69,119.1624,6.8005,158.84,1498.77,1.162,0.8605851979345955
2026-05-21,105.84,100.2,119.369,6.8025,159.16,1508.47,1.1589,0.8628872206402622
2026-05-22,106.9,100.35,119.2868,6.7945,159.2,1517.33,1.1603,0.8618460742911315
2026-05-25,,,,,,,,
2026-05-26,102.75,97.63,119.1696,6.786,159.36,1506.75,1.162,0.8605851979345955
2026-05-27,97.11,92.35,119.1829,6.7788,159.47,1498.28,1.1631,0.8597713008339781
2026-05-28,95.47,92.65,119.0318,6.7796,159.29,1495.94,1.1649,0.8584427847883939
2026-05-29,92.88,91.16,118.8783,6.7662,159.23,1503.96,1.1679,0.8562376915831835
2026-06-01,98.29,95.96,119.1653,6.765,159.66,1511.71,1.1624,0.8602890571231934
2026-06-02,98.49,97.47,119.0359,6.7622,159.86,1517.4,1.1642,0.8589589417625838
2026-06-03,101.69,99.76,119.3848,6.7692,159.97,1518.03,1.1605,0.8616975441619991
2026-06-04,98.98,96.83,119.3615,6.7735,159.97,1531.91,1.1629,0.8599191675982457
2026-06-05,97.29,94.32,120.0831,6.7655,160.26,1555.96,1.1533,0.8670770831526923
2026-06-08,97.46,95.0,120.034,6.7832,160.12,1528.23,1.1545,0.8661758336942399
2026-06-09,94.15,91.9,119.9617,6.7722,160.23,1529.94,1.1556,0.8653513326410524
2026-06-10,95.73,93.68,119.9134,6.7745,160.47,1519.26,1.155,0.8658008658008658
2026-06-11,92.84,91.58,120.1174,6.7756,160.51,1530.97,1.1515,0.8684324793747287
2026-06-12,88.64,88.62,119.5073,6.7626,160.24,1518.87,1.1573,0.8640801866413204
2026-06-15,84.36,84.65,119.3158,6.757,160.2,1514.87,1.1599,0.8621432882145013
2026-06-16,80.5,79.8,119.256,6.7562,160.39,1508.12,1.1615,0.8609556607834696
2026-06-17,80.33,80.65,119.3871,6.7577,160.22,1514.24,1.1593,0.8625894936599672
2026-06-18,79.35,80.35,120.3958,6.7686,161.37,1540.64,1.147,0.8718395815170008
2026-06-19,80.46,,,,,,,
2026-06-22,76.49,78.94,120.5463,6.7745,161.51,1537.86,1.1432,0.8747375787263821
2026-06-23,75.69,74.62,121.0552,6.79,161.55,1532.43,1.1383,0.8785030308354563
2026-06-24,72.09,71.42,121.412,6.8106,161.76,1542.53,1.1348,0.8812125484666902
2026-06-25,73.74,72.67,121.0559,6.7976,161.67,1541.44,1.1385,0.8783487044356609
2026-06-26,70.16,70.3,120.8866,6.798,161.67,1533.44,1.1403,0.8769622029290537
2026-06-29,71.59,71.87,120.9525,6.7936,161.93,1542.07,1.1425,0.87527352297593
2026-06-30,70.46,70.56,120.9248,6.7851,162.61,1548.78,1.1417,0.8758868354208637
