period,horizon,model,actual,prediction,lower_80,upper_80,lower_95,upper_95,actual_price,prediction_price,sample_start,sample_end,specification
2020-01,1,no_change,4.153327909184782,4.207928317036927,4.1059279680218745,4.30992866605198,4.051932244888974,4.363924389184881,63.64545454545455,67.21714285714286,2010-01,2019-12,last observed log Brent
2020-01,1,ARIMA,4.153327909184782,4.221943194175988,4.122849937261958,4.321036451090017,4.070393135728096,4.37349325262388,63.64545454545455,68.16581509044383,2010-01,2019-12,"order=(1, 1, 0)"
2020-01,1,SARIMAX,4.153327909184782,4.220527704538351,4.121645281986845,4.319410127089856,4.069300089422713,4.371755319653989,63.64545454545455,68.06939534221844,2010-01,2019-12,"order=(1, 1, 0); future exog held at origin"
2020-01,3,no_change,4.153327909184782,4.089550480257427,3.9122473772783266,4.266853583236527,3.8183887841312485,4.360712176383605,63.64545454545455,59.71304347826089,2010-01,2019-10,last observed log Brent
2020-01,3,ARIMA,4.153327909184782,4.069044487954943,3.865425304694256,4.27266367121563,3.7576358201477964,4.38045315576209,63.64545454545455,58.501037431650964,2010-01,2019-10,"order=(1, 1, 0)"
2020-01,3,SARIMAX,4.153327909184782,4.066177468548884,3.8671675998876407,4.2651873372101266,3.761818139099406,4.370536797998361,63.64545454545455,58.33355402587044,2010-01,2019-10,"order=(1, 1, 0); future exog held at origin"
2020-01,6,no_change,4.153327909184782,4.157618697404011,3.9057234010817004,4.409513993726322,3.7723780859917255,4.542859308816297,63.64545454545455,63.91913043478263,2010-01,2019-07,last observed log Brent
2020-01,6,ARIMA,4.153327909184782,4.149336372533845,3.8411081652855916,4.4575645797820975,3.6779420084926273,4.620730736575061,63.64545454545455,63.3919177183597,2010-01,2019-07,"order=(1, 1, 0)"
2020-01,6,SARIMAX,4.153327909184782,4.13995027111431,3.843566746717435,4.436333795511185,3.6866707862719914,4.59322975595663,63.64545454545455,62.79969841252605,2010-01,2019-07,"order=(1, 1, 0); future exog held at origin"
2020-02,1,no_change,4.01920785597466,4.153327909184782,4.051564019419265,4.255091798950298,3.9976934702518787,4.308962348117684,55.657,63.64545454545457,2010-01,2020-01,last observed log Brent
2020-02,1,ARIMA,4.01920785597466,4.139818714223969,4.040818463574663,4.238818964873275,3.9884108965833103,4.291226531864627,55.657,62.791437222908634,2010-01,2020-01,"order=(1, 1, 0)"
2020-02,1,SARIMAX,4.01920785597466,4.139036537074999,4.040197495824205,4.237875578325792,3.9878752679334775,4.290197806216519,55.657,62.7423423984898,2010-01,2020-01,"order=(1, 1, 0); future exog held at origin"
2020-02,3,no_change,4.01920785597466,4.146492649899908,3.969537391225747,4.32344790857407,3.8758629357307868,4.41712236406903,55.657,63.21190476190481,2010-01,2019-11,last observed log Brent
2020-02,3,ARIMA,4.01920785597466,4.160443755662375,3.957690693500926,4.363196817823824,3.8503597057686987,4.470527805556052,55.657,64.09996101027349,2010-01,2019-11,"order=(1, 1, 0)"
2020-02,3,SARIMAX,4.01920785597466,4.1548592619682205,3.956726763746329,4.352991760190112,3.8518417548132664,4.457876769123175,55.657,63.74299285314452,2010-01,2019-11,"order=(1, 1, 0); future exog held at origin"
2020-02,6,no_change,4.01920785597466,4.078245975580541,3.8264250511009985,4.330066900060083,3.693119106086418,4.463372845074663,55.657,59.0418181818182,2010-01,2019-08,last observed log Brent
2020-02,6,ARIMA,4.01920785597466,4.039947839986728,3.7316334020656514,4.348262277907804,3.5684215975118674,4.511474082461588,55.657,56.82337881997552,2010-01,2019-08,"order=(1, 1, 0)"
2020-02,6,SARIMAX,4.01920785597466,4.034560101593463,3.73663158801852,4.3324886151684066,3.578917759705879,4.4902024434810475,55.657,56.51805256783454,2010-01,2019-08,"order=(1, 1, 0); future exog held at origin"
2020-03,1,no_change,3.466090953398166,4.01920785597466,3.916697705078972,4.121718006870347,3.8624321091322504,4.17598360281707,32.01136363636363,55.657000000000004,2010-01,2020-02,last observed log Brent
2020-03,1,ARIMA,3.466090953398166,3.9853399955939293,3.8857605635106403,4.084919427677218,3.833046396388454,4.1376335947994045,32.01136363636363,53.803579348391935,2010-01,2020-02,"order=(1, 1, 0)"
2020-03,1,SARIMAX,3.466090953398166,3.989956523969017,3.890600216020929,4.089312831917105,3.838004163681142,4.141908884256892,32.01136363636363,54.05253932236744,2010-01,2020-02,"order=(1, 1, 0); future exog held at origin"
2020-03,3,no_change,3.466090953398166,4.207928317036927,4.0312585301530985,4.384598103920756,3.9377351942954917,4.478121439778363,32.01136363636363,67.21714285714286,2010-01,2019-12,last observed log Brent
2020-03,3,ARIMA,3.466090953398166,4.2250803485489925,4.022261896983363,4.4278988001146224,3.9148962941915006,4.535264402906485,32.01136363636363,68.37999756142136,2010-01,2019-12,"order=(1, 1, 0)"
2020-03,3,SARIMAX,3.466090953398166,4.22078574050474,4.0222328183497424,4.419338662659738,3.9171252504302676,4.524446230579214,32.01136363636363,68.08696196073934,2010-01,2019-12,"order=(1, 1, 0); future exog held at origin"
2020-03,6,no_change,3.466090953398166,4.140379611795113,3.888955451525174,4.391803772065051,3.755859540795943,4.524899682794282,32.01136363636363,62.82666666666669,2010-01,2019-09,last observed log Brent
2020-03,6,ARIMA,3.466090953398166,4.15369393977802,3.8480347625468805,4.45935311700916,3.6862285680958458,4.621159311460195,32.01136363636363,63.66875499301696,2010-01,2019-09,"order=(1, 1, 0)"
2020-03,6,SARIMAX,3.466090953398166,4.145978753408981,3.850165555169331,4.441791951648631,3.6935715071543673,4.598385999663594,32.01136363636363,63.17942873123664,2010-01,2019-09,"order=(1, 1, 0); future exog held at origin"
2020-04,1,no_change,2.91118150315109,3.466090953398166,3.345668649217523,3.586513257578809,3.281920932093492,3.65026097470284,18.3785,32.01136363636363,2010-01,2020-03,last observed log Brent
2020-04,1,ARIMA,2.91118150315109,3.279374867331673,3.163698382309404,3.395051352353942,3.102462950092129,3.456286784571217,18.3785,26.559164507875785,2010-01,2020-03,"order=(1, 1, 0)"
2020-04,1,SARIMAX,2.91118150315109,3.3081765517650688,3.1943523118713935,3.422000791658744,3.1340973989964893,3.482255704533648,18.3785,27.335235612809353,2010-01,2020-03,"order=(1, 1, 0); future exog held at origin"
2020-04,3,no_change,2.91118150315109,4.153327909184782,3.9770676817350683,4.329588136634495,3.8837611535455183,4.422894664824045,18.3785,63.64545454545457,2010-01,2020-01,last observed log Brent
2020-04,3,ARIMA,2.91118150315109,4.133789593681108,3.9320274382856057,4.33555174907661,3.8252210049093316,4.442358182452884,18.3785,62.41399903233821,2010-01,2020-01,"order=(1, 1, 0)"
2020-04,3,SARIMAX,2.91118150315109,4.131108039736823,3.93337955904453,4.328836520429116,3.8287084240724854,4.4335076554011605,18.3785,62.246856727763756,2010-01,2020-01,"order=(1, 1, 0); future exog held at origin"
2020-04,6,no_change,2.91118150315109,4.089550480257427,3.8388060273735496,4.340294933141304,3.7060699319996937,4.47303102851516,18.3785,59.71304347826089,2010-01,2019-10,last observed log Brent
2020-04,6,ARIMA,2.91118150315109,4.063240133603455,3.759778150182833,4.366702117024077,3.599135079876055,4.527345187330854,18.3785,58.16246024202981,2010-01,2019-10,"order=(1, 1, 0)"
2020-04,6,SARIMAX,2.91118150315109,4.056968631430789,3.762635567961939,4.351301694899639,3.606825055964796,4.507112206896782,18.3785,57.79883567421929,2010-01,2019-10,"order=(1, 1, 0); future exog held at origin"
2020-05,1,no_change,3.3802783419357816,2.91118150315109,2.775573053296301,3.046789953005879,2.7037862762553666,3.1185767300468137,29.378947368421056,18.3785,2010-01,2020-04,last observed log Brent
2020-05,1,ARIMA,3.3802783419357816,2.6177815260617097,2.4970663506355915,2.738496701487828,2.433163596839265,2.8023994552841542,29.378947368421056,13.705285016350528,2010-01,2020-04,"order=(1, 1, 0)"
2020-05,1,SARIMAX,3.3802783419357816,2.6446434652916517,2.5252216281180893,2.764065302465214,2.4620035262359625,2.827283404347341,29.378947368421056,14.078424741155422,2010-01,2020-04,"order=(1, 1, 0); future exog held at origin"
2020-05,3,no_change,3.3802783419357816,4.01920785597466,3.841655066331777,4.196760645617543,3.7476642970490506,4.290751414900269,29.378947368421056,55.657000000000004,2010-01,2020-02,last observed log Brent
2020-05,3,ARIMA,3.3802783419357816,3.9709237631904313,3.7666830471516755,4.175164479229187,3.65856454302708,4.283282983353782,29.378947368421056,53.0334986127591,2010-01,2020-02,"order=(1, 1, 0)"
2020-05,3,SARIMAX,3.3802783419357816,3.976112201036898,3.776537077043095,4.175687325030701,3.6708883881568095,4.281336013916986,29.378947368421056,53.30937468814818,2010-01,2020-02,"order=(1, 1, 0); future exog held at origin"
2020-05,6,no_change,3.3802783419357816,4.146492649899908,3.89624012314967,4.396745176650147,3.7637644377407824,4.529220862059034,29.378947368421056,63.21190476190481,2010-01,2019-11,last observed log Brent
2020-05,6,ARIMA,3.3802783419357816,4.157388598854698,3.8556278169987586,4.459149380710638,3.695885308401493,4.618891889307903,29.378947368421056,63.90442442757659,2010-01,2019-11,"order=(1, 1, 0)"
2020-05,6,SARIMAX,3.3802783419357816,4.148146966970888,3.8555288757709896,4.440765058170786,3.700626215253857,4.595667718687919,29.378947368421056,63.316563840823065,2010-01,2019-11,"order=(1, 1, 0); future exog held at origin"
2020-06,1,no_change,3.695527759619024,3.3802783419357816,3.234332721357196,3.526223962514367,3.1570737766838026,3.6034829071877605,40.26681818181818,29.37894736842106,2010-01,2020-05,last observed log Brent
2020-06,1,ARIMA,3.695527759619024,3.4744597645641258,3.33136539106665,3.6175541380616014,3.255615805424493,3.6933037237037585,40.26681818181818,32.28038481741528,2010-01,2020-05,"order=(1, 1, 0)"
2020-06,1,SARIMAX,3.695527759619024,3.4446066074625192,3.304772348760106,3.5844408661649325,3.2307485636427065,3.658464651282332,40.26681818181818,31.330955657850364,2010-01,2020-05,"order=(1, 1, 0); future exog held at origin"
2020-06,3,no_change,3.695527759619024,3.466090953398166,3.2575134041927782,3.674668502603554,3.147099119267428,3.7850827875289044,40.26681818181818,32.01136363636363,2010-01,2020-03,last observed log Brent
2020-06,3,ARIMA,3.695527759619024,3.184389215788853,2.9305760587081977,3.438202372869508,2.7962154894596343,3.5725629421180716,40.26681818181818,24.15253191463524,2010-01,2020-03,"order=(1, 1, 0)"
2020-06,3,SARIMAX,3.695527759619024,3.2300705127224383,2.9847504903428286,3.475390535102048,2.854885915022486,3.6052551104223904,40.26681818181818,25.281439571245482,2010-01,2020-03,"order=(1, 1, 0); future exog held at origin"
2020-06,6,no_change,3.695527759619024,4.207928317036927,3.958079508364252,4.457777125709603,3.82581753839605,4.590039095677804,40.26681818181818,67.21714285714286,2010-01,2019-12,last observed log Brent
2020-06,6,ARIMA,3.695527759619024,4.223695839725528,3.9214956198849946,4.525896059566062,3.761520486870466,4.68587119258059,40.26681818181818,68.28539035881494,2010-01,2019-12,"order=(1, 1, 0)"
2020-06,6,SARIMAX,3.695527759619024,4.215920329140756,3.9222346974567146,4.509605960824798,3.7667669151437098,4.665073743137802,40.26681818181818,67.75649546191207,2010-01,2019-12,"order=(1, 1, 0); future exog held at origin"
2020-07,1,no_change,3.76681626701703,3.695527759619024,3.5455325893527703,3.8455229298852776,3.466129942566005,3.924925576672043,43.24217391304348,40.2668181818182,2010-01,2020-06,last observed log Brent
2020-07,1,ARIMA,3.76681626701703,3.780288678686616,3.6358563250818547,3.924721032291377,3.5593984555551037,4.001178901818128,43.24217391304348,43.82869231884393,2010-01,2020-06,"order=(1, 1, 0)"
2020-07,1,SARIMAX,3.76681626701703,3.7520653437270397,3.6110522969343255,3.893078390519754,3.5364044990956867,3.9677261883583927,43.24217391304348,42.60899340242035,2010-01,2020-06,"order=(1, 1, 0); future exog held at origin"
2020-07,3,no_change,3.76681626701703,2.91118150315109,2.6763007780669397,3.1460622282352406,2.551962432920422,3.2704005733817585,43.24217391304348,18.3785,2010-01,2020-04,last observed log Brent
2020-07,3,ARIMA,3.76681626701703,2.3695378832087695,2.062665044389922,2.676410722027617,1.9002163763032602,2.838859390114279,43.24217391304348,10.692449981562635,2010-01,2020-04,"order=(1, 1, 0)"
2020-07,3,SARIMAX,3.76681626701703,2.430745864646994,2.1339755579429918,2.727516171350996,1.9768748473121809,2.884616881981807,43.24217391304348,11.367357428912952,2010-01,2020-04,"order=(1, 1, 0); future exog held at origin"
2020-07,6,no_change,3.76681626701703,4.153327909184782,3.9040583050184305,4.402597513351133,3.7721029473948215,4.534552870974742,43.24217391304348,63.64545454545457,2010-01,2020-01,last observed log Brent
2020-07,6,ARIMA,3.76681626701703,4.129718040190161,3.8295953125138698,4.429840767866452,3.6707199374197255,4.588716142960597,43.24217391304348,62.16039373081557,2010-01,2020-01,"order=(1, 1, 0)"
2020-07,6,SARIMAX,3.76681626701703,4.1234320683855294,3.8313684675458077,4.415495669225251,3.676759336494575,4.570104800276484,43.24217391304348,61.77088076480212,2010-01,2020-01,"order=(1, 1, 0); future exog held at origin"
2020-08,1,no_change,3.800778546611345,3.76681626701703,3.6171679411865134,3.916464592847547,3.5379489027530826,3.995683631280978,44.736,43.24217391304348,2010-01,2020-07,last observed log Brent
2020-08,1,ARIMA,3.800778546611345,3.783555203535804,3.6396940175226167,3.9274163895489913,3.5635385058547837,4.003571901216824,44.736,43.97209391634157,2010-01,2020-07,"order=(1, 1, 0)"
2020-08,1,SARIMAX,3.800778546611345,3.7699460140157335,3.629485055231471,3.910406972799996,3.555129515130547,3.98476251290092,44.736,43.37772298356808,2010-01,2020-07,"order=(1, 1, 0); future exog held at origin"
2020-08,3,no_change,3.800778546611345,3.3802783419357816,3.1274931119515013,3.633063571920062,2.993676694438031,3.7668799894335323,44.736,29.37894736842106,2010-01,2020-05,last observed log Brent
2020-08,3,ARIMA,3.800778546611345,3.4874514232311906,3.1996244493877875,3.775278397074594,3.0472580531950086,3.9276447932673726,44.736,32.702496587525225,2010-01,2020-05,"order=(1, 1, 0)"
2020-08,3,SARIMAX,3.800778546611345,3.4425145438569156,3.171132091033103,3.7138969966807283,3.0274708984264014,3.8575581892874298,44.736,31.26547782157049,2010-01,2020-05,"order=(1, 1, 0); future exog held at origin"
2020-08,6,no_change,3.800778546611345,4.01920785597466,3.7681102928245176,4.270305419124802,3.6351872721670055,4.403228439782314,44.736,55.657000000000004,2010-01,2020-02,last observed log Brent
2020-08,6,ARIMA,3.800778546611345,3.96254881564639,3.657977485025487,4.267120146267293,3.4967471617841555,4.428350469508625,44.736,52.59120054059671,2010-01,2020-02,"order=(1, 1, 0)"
2020-08,6,SARIMAX,3.800778546611345,3.9647781595974854,3.6695416382810015,4.26001468091397,3.513252864588931,4.41630345460604,44.736,52.70857520103495,2010-01,2020-02,"order=(1, 1, 0); future exog held at origin"
2020-09,1,no_change,3.711363421015378,3.800778546611345,3.6516611083371986,3.949895984885491,3.572723104800073,4.028833988422616,40.90954545454545,44.73599999999999,2010-01,2020-08,last observed log Brent
2020-09,1,ARIMA,3.711363421015378,3.807417148917917,3.6641148335899527,3.9507194642458816,3.5882551701920304,4.026579127643804,40.90954545454545,45.03397247885054,2010-01,2020-08,"order=(1, 1, 0)"
2020-09,1,SARIMAX,3.711363421015378,3.811584633172882,3.6715027630925143,3.9516665032532496,3.5973479004294235,4.02582136591634,40.90954545454545,45.222042467253715,2010-01,2020-08,"order=(1, 1, 0); future exog held at origin"
2020-09,3,no_change,3.711363421015378,3.695527759619024,3.435728503827928,3.95532701541012,3.2981990853378047,4.092856433900243,40.90954545454545,40.2668181818182,2010-01,2020-06,last observed log Brent
2020-09,3,ARIMA,3.711363421015378,3.8040897298063867,3.49881852679692,4.109360932815854,3.3372177134926995,4.270961746120074,40.90954545454545,44.88437460359629,2010-01,2020-06,"order=(1, 1, 0)"
2020-09,3,SARIMAX,3.711363421015378,3.7577827982921512,3.4712251374948475,4.0443404590894545,3.319530675040218,4.196034921544085,40.90954545454545,42.85330614423057,2010-01,2020-06,"order=(1, 1, 0); future exog held at origin"
2020-09,6,no_change,3.711363421015378,3.466090953398166,3.1711177545053655,3.7610641522909667,3.0149683752842074,3.917213531512125,40.90954545454545,32.01136363636363,2010-01,2020-03,last observed log Brent
2020-09,6,ARIMA,3.711363421015378,3.1485544139705026,2.758688338963701,3.5384204889773043,2.5523057054898532,3.744803122451152,40.90954545454545,23.302354663164508,2010-01,2020-03,"order=(1, 1, 0)"
2020-09,6,SARIMAX,3.711363421015378,3.1949658327091166,2.8213089785841357,3.5686226868340976,2.623506988327554,3.7664246770906793,40.90954545454545,24.409339677038158,2010-01,2020-03,"order=(1, 1, 0); future exog held at origin"
2020-10,1,no_change,3.693606898482882,3.711363421015378,3.562520821847681,3.860206020183075,3.483728309345059,3.938998532685697,40.18954545454546,40.90954545454545,2010-01,2020-09,last observed log Brent
2020-10,1,ARIMA,3.693606898482882,3.6834000137323843,3.5402490928010453,3.8265509346637234,3.464469572755602,3.902330454709167,40.18954545454546,39.78142177480207,2010-01,2020-09,"order=(1, 1, 0)"
2020-10,1,SARIMAX,3.693606898482882,3.6845962774747463,3.5445256897956945,3.824666865153798,3.4703767996750856,3.898815755274407,40.18954545454546,39.829039323185604,2010-01,2020-09,"order=(1, 1, 0); future exog held at origin"
2020-10,3,no_change,3.693606898482882,3.76681626701703,3.507617763410953,4.0260147706231075,3.3704063639174997,4.163226170116561,40.18954545454546,43.24217391304348,2010-01,2020-07,last observed log Brent
2020-10,3,ARIMA,3.693606898482882,3.7828992161491772,3.4794197121251838,4.086378720173171,3.3187673669712328,4.247031065327122,40.18954545454546,43.94325823632412,2010-01,2020-07,"order=(1, 1, 0)"
2020-10,3,SARIMAX,3.693606898482882,3.7605102179068277,3.4758927556867634,4.045127680126892,3.3252253723177554,4.1957950634959005,40.18954545454546,42.970344625935105,2010-01,2020-07,"order=(1, 1, 0); future exog held at origin"
2020-10,6,no_change,3.693606898482882,2.91118150315109,2.5790099961970583,3.243353010105122,2.403169022167826,3.4191939841343544,40.18954545454546,18.3785,2010-01,2020-04,last observed log Brent
2020-10,6,ARIMA,3.693606898482882,2.2543562887880095,1.7397686339724312,2.768943943603588,1.4673623843337116,3.0413501932423075,40.18954545454546,9.529157310051309,2010-01,2020-04,"order=(1, 1, 0)"
2020-10,6,SARIMAX,3.693606898482882,2.3312111751245688,1.8413853436616838,2.8210370065874537,1.582087211504215,3.0803351387449225,40.18954545454546,10.290397461792889,2010-01,2020-04,"order=(1, 1, 0); future exog held at origin"
2020-11,1,no_change,3.754020472285141,3.693606898482882,3.5453397102718935,3.84187408669387,3.466851801930003,3.9203619950357607,42.69238095238095,40.189545454545474,2010-01,2020-10,last observed log Brent
2020-11,1,ARIMA,3.754020472285141,3.685340020102986,3.542744747544203,3.827935292661769,3.467259369979383,3.903420670226589,42.69238095238095,39.8586728960818,2010-01,2020-10,"order=(1, 1, 0)"
2020-11,1,SARIMAX,3.754020472285141,3.6873754762266584,3.5478427815063434,3.8269081709469734,3.4739786347180424,3.9007723177352744,42.69238095238095,39.939886100827636,2010-01,2020-10,"order=(1, 1, 0); future exog held at origin"
2020-11,3,no_change,3.754020472285141,3.800778546611345,3.542499567226008,4.059057525996682,3.4057749344516544,4.195782158771035,42.69238095238095,44.73599999999999,2010-01,2020-08,last observed log Brent
2020-11,3,ARIMA,3.754020472285141,3.8035434564757633,3.501067595864184,4.106019317087342,3.34094654743955,4.266140365511977,42.69238095238095,44.85986216264459,2010-01,2020-08,"order=(1, 1, 0)"
2020-11,3,SARIMAX,3.754020472285141,3.8055136900337705,3.5208910449058064,4.090136335161735,3.3702209178710882,4.240806462196453,42.69238095238095,44.94833369465644,2010-01,2020-08,"order=(1, 1, 0); future exog held at origin"
2020-11,6,no_change,3.754020472285141,3.3802783419357816,3.0227860413244105,3.7377706425471526,2.83354104880868,3.927015635062883,42.69238095238095,29.37894736842106,2010-01,2020-05,last observed log Brent
2020-11,6,ARIMA,3.754020472285141,3.4694773889474653,3.0434687766338278,3.895486001261103,2.817953439629206,4.1210013382657245,42.69238095238095,32.119951815825345,2010-01,2020-05,"order=(1, 1, 0)"
2020-11,6,SARIMAX,3.754020472285141,3.4192445267482663,3.0226429987936765,3.815846054702856,2.812694831906901,4.025794221589631,42.69238095238095,30.54632936707569,2010-01,2020-05,"order=(1, 1, 0); future exog held at origin"
2020-12,1,no_change,3.911895724601013,3.754020472285141,3.606146428196271,3.9018945163740106,3.5278666377811745,3.9801743067891073,49.99363636363637,42.69238095238093,2010-01,2020-11,last observed log Brent
2020-12,1,ARIMA,3.911895724601013,3.767605315128322,3.6253542270267274,3.909856403229917,3.550051049707656,3.9851595805489883,49.99363636363637,43.276307533461136,2010-01,2020-11,"order=(1, 1, 0)"
2020-12,1,SARIMAX,3.911895724601013,3.7639043231366816,3.6246943224327555,3.9031143238406076,3.5510009995380374,3.9768076467353257,49.99363636363637,43.11643828573672,2010-01,2020-11,"order=(1, 1, 0); future exog held at origin"
2020-12,3,no_change,3.911895724601013,3.711363421015378,3.453560476926318,3.969166365104438,3.3170878420157703,4.105639000014985,49.99363636363637,40.90954545454545,2010-01,2020-09,last observed log Brent
2020-12,3,ARIMA,3.911895724601013,3.6657094857575085,3.364044108552749,3.9673748629622683,3.204352104127091,4.127066867387926,49.99363636363637,39.08385576761993,2010-01,2020-09,"order=(1, 1, 0)"
2020-12,3,SARIMAX,3.911895724601013,3.666088321333233,3.3817404262597006,3.9504362164067657,3.231215743118195,4.100960899548271,49.99363636363637,39.098664927562396,2010-01,2020-09,"order=(1, 1, 0); future exog held at origin"
2020-12,6,no_change,3.911895724601013,3.695527759619024,3.3281161285848193,4.062939390653229,3.133620159730802,4.257435359507246,49.99363636363637,40.2668181818182,2010-01,2020-06,last observed log Brent
2020-12,6,ARIMA,3.911895724601013,3.7952445724292874,3.3343050432548176,4.256184101603757,3.0902983958398997,4.5001907490186746,49.99363636363637,44.489115886213135,2010-01,2020-06,"order=(1, 1, 0)"
2020-12,6,SARIMAX,3.911895724601013,3.741483110738633,3.31570161502548,4.167264606451786,3.0903065062867126,4.392659715190553,49.99363636363637,42.16047246892034,2010-01,2020-06,"order=(1, 1, 0); future exog held at origin"
2021-01,1,no_change,4.003215628810999,3.911895724601013,3.7634744012094634,4.060317047992562,3.68490489863172,4.138886550570305,54.774,49.993636363636384,2010-01,2020-12,last observed log Brent
2021-01,1,ARIMA,4.003215628810999,3.954047619983838,3.811428979099358,4.096666260868319,3.735931231090156,4.1721640088775205,54.774,52.14600747254633,2010-01,2020-12,"order=(1, 1, 0)"
2021-01,1,SARIMAX,4.003215628810999,3.9408940971678037,3.801428008382764,4.080360185952844,3.727599120646759,4.1541890736888485,54.774,51.46459508471425,2010-01,2020-12,"order=(1, 1, 0); future exog held at origin"
2021-01,3,no_change,4.003215628810999,3.693606898482882,3.4368005954060727,3.950413201559691,3.300855550378109,4.086358246587654,54.774,40.189545454545474,2010-01,2020-10,last observed log Brent
2021-01,3,ARIMA,4.003215628810999,3.6746987022798225,3.3743187826959575,3.9750786218636875,3.215307258430095,4.134090146129551,54.774,39.43677285722634,2010-01,2020-10,"order=(1, 1, 0)"
2021-01,3,SARIMAX,4.003215628810999,3.6748637694426796,3.39180945466129,3.9579180842240693,3.2419695515620024,4.107757987323357,54.774,39.44328311073387,2010-01,2020-10,"order=(1, 1, 0); future exog held at origin"
2021-01,6,no_change,4.003215628810999,3.76681626701703,3.400254227870504,4.133378306163556,3.2062080057946694,4.327424528239391,54.774,43.24217391304348,2010-01,2020-07,last observed log Brent
2021-01,6,ARIMA,4.003215628810999,3.771609947328651,3.313756690064144,4.2294632045931575,3.071383816309536,4.471836078347765,54.774,43.449960704587276,2010-01,2020-07,"order=(1, 1, 0)"
2021-01,6,SARIMAX,4.003215628810999,3.7428002101826476,3.320367525502198,4.165232894863098,3.0967451702401814,4.388855250125114,54.774,42.21603858878856,2010-01,2020-07,"order=(1, 1, 0); future exog held at origin"
2021-02,1,no_change,4.131584147570328,4.003215628810999,3.854986340849003,4.151444916772994,3.776518495687004,4.229912761934994,62.2765,54.774,2010-01,2021-01,last observed log Brent
2021-02,1,ARIMA,4.131584147570328,4.027663534557784,3.88548605720393,4.169841011911639,3.8102218470608826,4.245105222054685,62.2765,56.129613018868355,2010-01,2021-01,"order=(1, 1, 0)"
2021-02,1,SARIMAX,4.131584147570328,4.019984238719972,3.880922684510413,4.159045792929531,3.8073079444429823,4.232660532996961,62.2765,55.70022791298734,2010-01,2021-01,"order=(1, 1, 0); future exog held at origin"
2021-02,3,no_change,4.131584147570328,3.754020472285141,3.4978951148025383,4.010145829767744,3.3623105405977474,4.145730403972534,62.2765,42.69238095238093,2010-01,2020-11,last observed log Brent
2021-02,3,ARIMA,4.131584147570328,3.7657586425823975,3.4662200568963946,4.0652972282684,3.3076539078929694,4.223863377271826,62.2765,43.19646410946979,2010-01,2020-11,"order=(1, 1, 0)"
2021-02,3,SARIMAX,4.131584147570328,3.757048437758837,3.474860998450704,4.03923587706697,3.325479991507132,4.188616884010542,62.2765,42.82184791972922,2010-01,2020-11,"order=(1, 1, 0); future exog held at origin"
2021-02,6,no_change,4.131584147570328,3.800778546611345,3.4355169110887203,4.166040182133969,3.2421590811087486,4.3593980121139415,62.2765,44.73599999999999,2010-01,2020-08,last observed log Brent
2021-02,6,ARIMA,4.131584147570328,3.7925353635270524,3.3360821443245614,4.2489885827295435,3.094450405951372,4.490620321102733,62.2765,44.36874870094928,2010-01,2020-08,"order=(1, 1, 0)"
2021-02,6,SARIMAX,4.131584147570328,3.790000263146242,3.367118391245101,4.2128821350473835,3.1432582506319804,4.436742275660504,62.2765,44.256411921890326,2010-01,2020-08,"order=(1, 1, 0); future exog held at origin"
2021-03,1,no_change,4.180675151973121,4.131584147570328,3.98320304547507,4.279965249665585,3.904654834765439,4.3585134603752165,65.41,62.2765,2010-01,2021-02,last observed log Brent
2021-03,1,ARIMA,4.180675151973121,4.168018616561406,4.025913314430885,4.310123918691928,3.9506873115431445,4.385349921579668,65.41,64.58735293107807,2010-01,2021-02,"order=(1, 1, 0)"
2021-03,1,SARIMAX,4.180675151973121,4.166714136943099,4.027361009695741,4.306067264190458,3.953591920185647,4.379836353700552,65.41,64.50315497477776,2010-01,2021-02,"order=(1, 1, 0); future exog held at origin"
2021-03,3,no_change,4.180675151973121,3.911895724601013,3.6548224515602383,4.168968997641787,3.5187360811701733,4.305055368031852,65.41,49.993636363636384,2010-01,2020-12,last observed log Brent
2021-03,3,ARIMA,4.180675151973121,3.9650374735422886,3.6634833755197835,4.266591571564794,3.5038502787348693,4.426224668349708,65.41,52.72224504190886,2010-01,2020-12,"order=(1, 1, 0)"
2021-03,3,SARIMAX,4.180675151973121,3.9417242513623467,3.657995008453141,4.2254534942715525,3.507797819984969,4.375650682739725,65.41,51.5073363726694,2010-01,2020-12,"order=(1, 1, 0); future exog held at origin"
2021-03,6,no_change,4.180675151973121,3.711363421015378,3.3467750010649167,4.07595184096584,3.1537735498816284,4.268953292149128,65.41,40.90954545454545,2010-01,2020-09,last observed log Brent
2021-03,6,ARIMA,4.180675151973121,3.6506389918134663,3.1957275439497033,4.10555043967723,2.95491197002246,4.346366013604472,65.41,38.499258902142415,2010-01,2020-09,"order=(1, 1, 0)"
2021-03,6,SARIMAX,4.180675151973121,3.6463774474068664,3.224047741055336,4.068707153758397,3.0004798992277415,4.292274995585991,65.41,38.335541692558145,2010-01,2020-09,"order=(1, 1, 0); future exog held at origin"
2021-04,1,no_change,4.171405906969629,4.180675151973121,4.032746798793664,4.328603505152579,3.9544382588826354,4.406912045063606,64.8065,65.40999999999998,2010-01,2021-03,last observed log Brent
2021-04,1,ARIMA,4.171405906969629,4.194404024166971,4.052826898984019,4.335981149349923,3.977880496082961,4.410927552250981,64.8065,66.3141981385007,2010-01,2021-03,"order=(1, 1, 0)"
2021-04,1,SARIMAX,4.171405906969629,4.194800903942689,4.055945858598035,4.333655949287342,3.982440437720211,4.4071613701651655,64.8065,66.34052212596839,2010-01,2021-03,"order=(1, 1, 0); future exog held at origin"
2021-04,3,no_change,4.171405906969629,4.003215628810999,3.7464749708910645,4.259956286730933,3.6105646763100347,4.395866581311963,64.8065,54.774,2010-01,2021-01,last observed log Brent
2021-04,3,ARIMA,4.171405906969629,4.033416244500939,3.7317578186395974,4.335074670362282,3.572069494032864,4.494762994969015,64.8065,56.45344095282109,2010-01,2021-01,"order=(1, 1, 0)"
2021-04,3,SARIMAX,4.171405906969629,4.018507364523204,3.7343258734775895,4.302688855568819,3.5838892793074106,4.453125449738998,64.8065,55.61802639921709,2010-01,2021-01,"order=(1, 1, 0); future exog held at origin"
2021-04,6,no_change,4.171405906969629,3.693606898482882,3.330427941768763,4.056785855197001,3.138172615352796,4.249041181612967,64.8065,40.189545454545474,2010-01,2020-10,last observed log Brent
2021-04,6,ARIMA,4.171405906969629,3.660499193816119,3.2076003597942186,4.113398027838019,2.9678501992780872,4.353148188354151,64.8065,38.88074705620151,2010-01,2020-10,"order=(1, 1, 0)"
2021-04,6,SARIMAX,4.171405906969629,3.656085040040659,3.2357915969723616,4.076378483108956,3.0133016878139083,4.298868392267409,64.8065,38.70949969394528,2010-01,2020-10,"order=(1, 1, 0); future exog held at origin"
2021-05,1,no_change,4.227333044339487,4.171405906969629,4.0240278288051865,4.318783985134072,3.9460105868911226,4.396801227048136,68.53421052631579,64.80650000000001,2010-01,2021-04,last observed log Brent
2021-05,1,ARIMA,4.227333044339487,4.168094765777445,4.027024128198581,4.309165403356309,3.9523458436393173,4.383843687915573,68.53421052631579,64.59227139463597,2010-01,2021-04,"order=(1, 1, 0)"
2021-05,1,SARIMAX,4.227333044339487,4.169358650915898,4.031018439661114,4.307698862170682,3.9577855554877663,4.38093174634403,68.53421052631579,64.67396021828148,2010-01,2021-04,"order=(1, 1, 0); future exog held at origin"
2021-05,3,no_change,4.227333044339487,4.131584147570328,3.8745805398582767,4.388587755282378,3.7385310480655694,4.524637247075086,68.53421052631579,62.2765,2010-01,2021-02,last observed log Brent
2021-05,3,ARIMA,4.227333044339487,4.180260600447078,3.877479022495876,4.483042178398281,3.7171961370874795,4.643325063806677,68.53421052631579,65.38288980435627,2010-01,2021-02,"order=(1, 1, 0)"
2021-05,3,SARIMAX,4.227333044339487,4.173569689110264,3.886574278179859,4.460565100040668,3.734648084802575,4.6124912934179525,68.53421052631579,64.94687896727756,2010-01,2021-02,"order=(1, 1, 0); future exog held at origin"
2021-05,6,no_change,4.227333044339487,3.754020472285141,3.391804518065587,4.1162364265046945,3.2000589743765904,4.3079819701936914,68.53421052631579,42.69238095238093,2010-01,2020-11,last observed log Brent
2021-05,6,ARIMA,4.227333044339487,3.7543317006038244,3.3027765854073814,4.205886815800268,3.063737746669738,4.4449256545379106,68.53421052631579,42.70567009819732,2010-01,2020-11,"order=(1, 1, 0)"
2021-05,6,SARIMAX,4.227333044339487,3.7407145100970136,3.3218289677473076,4.159600052446719,3.100084356209243,4.381344663984785,68.53421052631579,42.12808035262506,2010-01,2020-11,"order=(1, 1, 0); future exog held at origin"
2021-06,1,no_change,4.292704739251463,4.227333044339487,4.080367697871823,4.3742983908071515,4.002568942920232,4.452097145758743,73.1640909090909,68.53421052631587,2010-01,2021-05,last observed log Brent
2021-06,1,ARIMA,4.292704739251463,4.243253008831574,4.102555161074004,4.383950856589144,4.028074219525542,4.458431798137606,73.1640909090909,69.63400383155256,2010-01,2021-05,"order=(1, 1, 0)"
2021-06,1,SARIMAX,4.292704739251463,4.231705981559272,4.0938575698722195,4.369554393246324,4.020885028663896,4.442526934454648,73.1640909090909,68.83456255801886,2010-01,2021-05,"order=(1, 1, 0); future exog held at origin"
2021-06,3,no_change,4.292704739251463,4.180675151973121,3.9244557283863073,4.4368945755599345,3.788821358593872,4.572528945352371,73.1640909090909,65.40999999999998,2010-01,2021-03,last observed log Brent
2021-06,3,ARIMA,4.292704739251463,4.198457141815078,3.8965878881553326,4.500326395474824,3.736787958053704,4.660126325576453,73.1640909090909,66.58352281890348,2010-01,2021-03,"order=(1, 1, 0)"
2021-06,3,SARIMAX,4.292704739251463,4.19584020571694,3.909059592898899,4.482620818534981,3.7572471067737627,4.634433304660117,73.1640909090909,66.40950578953125,2010-01,2021-03,"order=(1, 1, 0); future exog held at origin"
2021-06,6,no_change,4.292704739251463,3.911895724601013,3.548339215343108,4.275452233858918,3.3558840246833492,4.4679074245186765,73.1640909090909,49.993636363636384,2010-01,2020-12,last observed log Brent
2021-06,6,ARIMA,4.292704739251463,3.9590543378970278,3.503651183466528,4.414457492327528,3.262575315806013,4.655533359988042,73.1640909090909,52.40774249221889,2010-01,2020-12,"order=(1, 1, 0)"
2021-06,6,SARIMAX,4.292704739251463,3.92960938479089,3.5078494273387966,4.351369342242983,3.2845831923598685,4.574635577221912,73.1640909090909,50.88709651266786,2010-01,2020-12,"order=(1, 1, 0); future exog held at origin"
2021-07,1,no_change,4.319697791610651,4.292704739251463,4.146101692556407,4.43930778594652,4.068494727519278,4.5169147509836485,75.1659090909091,73.1640909090909,2010-01,2021-06,last observed log Brent
2021-07,1,ARIMA,4.319697791610651,4.311814793922301,4.171530838842805,4.452098749001798,4.097268998843188,4.526360589001414,75.1659090909091,74.57570574545446,2010-01,2021-06,"order=(1, 1, 0)"
2021-07,1,SARIMAX,4.319697791610651,4.304693589013222,4.167254961883552,4.442132216142891,4.094499347516345,4.514887830510098,75.1659090909091,74.04652330819053,2010-01,2021-06,"order=(1, 1, 0); future exog held at origin"
2021-07,3,no_change,4.319697791610651,4.171405906969629,3.916139587666957,4.426672226272301,3.7810097608054063,4.561802053133852,75.1659090909091,64.80650000000001,2010-01,2021-04,last observed log Brent
2021-07,3,ARIMA,4.319697791610651,4.165405877092337,3.864765535722202,4.4660462184624725,3.7056161524901197,4.625195601694555,75.1659090909091,64.41882326280135,2010-01,2021-04,"order=(1, 1, 0)"
2021-07,3,SARIMAX,4.319697791610651,4.165171763015518,3.879696414399021,4.450647111632016,3.7285748934041263,4.60176863262691,75.1659090909091,64.40374367470422,2010-01,2021-04,"order=(1, 1, 0); future exog held at origin"
2021-07,6,no_change,4.319697791610651,4.003215628810999,3.6401295083680365,4.366301749253961,3.447923326505421,4.558507931116576,75.1659090909091,54.774,2010-01,2021-01,last observed log Brent
2021-07,6,ARIMA,4.319697791610651,4.028528645619443,3.572283113001313,4.484774178237573,3.3307613172647503,4.7262959739741355,75.1659090909091,56.17819237821836,2010-01,2021-01,"order=(1, 1, 0)"
2021-07,6,SARIMAX,4.319697791610651,4.007824524717101,3.584651562422421,4.430997487011781,3.360637327863075,4.655011721571127,75.1659090909091,55.027030311640566,2010-01,2021-01,"order=(1, 1, 0); future exog held at origin"
2021-08,1,no_change,4.259112152063282,4.319697791610651,4.173600442814056,4.465795140407247,4.096261178073818,4.543134405147485,70.74714285714286,75.16590909090912,2010-01,2021-07,last observed log Brent
2021-08,1,ARIMA,4.259112152063282,4.3277516708871495,4.187977999842119,4.46752534193218,4.113986287893145,4.5415170538811545,70.74714285714286,75.7737306235346,2010-01,2021-07,"order=(1, 1, 0)"
2021-08,1,SARIMAX,4.259112152063282,4.334621840575313,4.197575560035286,4.471668121115339,4.125027641406683,4.544216039743943,70.74714285714286,76.29610134394504,2010-01,2021-07,"order=(1, 1, 0); future exog held at origin"
2021-08,3,no_change,4.259112152063282,4.227333044339487,3.97278159730553,4.481884491373445,3.838030200963772,4.616635887715203,70.74714285714286,68.53421052631587,2010-01,2021-05,last observed log Brent
2021-08,3,ARIMA,4.259112152063282,4.24870900349463,3.9489246105703835,4.548493396418877,3.790228339075139,4.707189667914122,70.74714285714286,70.01496490057139,2010-01,2021-05,"order=(1, 1, 0)"
2021-08,3,SARIMAX,4.259112152063282,4.229964378560375,3.945844200805289,4.514084556315461,3.795440063930519,4.664488693190231,70.74714285714286,68.71478441070606,2010-01,2021-05,"order=(1, 1, 0); future exog held at origin"
2021-08,6,no_change,4.259112152063282,4.131584147570328,3.7681261599651306,4.495042135175525,3.575723123517917,4.687445171622738,70.74714285714286,62.2765,2010-01,2021-02,last observed log Brent
2021-08,6,ARIMA,4.259112152063282,4.179116153161713,3.7203178169862308,4.637914489337195,3.4774446486766672,4.880787657646759,70.74714285714286,65.30810533521415,2010-01,2021-02,"order=(1, 1, 0)"
2021-08,6,SARIMAX,4.259112152063282,4.167617027253559,3.738936357433674,4.596297697073444,3.512006518628855,4.823227535878264,70.74714285714286,64.56142054815118,2010-01,2021-02,"order=(1, 1, 0); future exog held at origin"
2021-09,1,no_change,4.310646581719594,4.259112152063282,4.113396679197168,4.404827624929396,4.03625956736339,4.481964736763174,74.48863636363636,70.74714285714288,2010-01,2021-08,last observed log Brent
2021-09,1,ARIMA,4.310646581719594,4.241327128865507,4.101861180000418,4.380793077730596,4.02803236633356,4.454621891397453,74.48863636363636,69.50002615249076,2010-01,2021-08,"order=(1, 1, 0)"
2021-09,1,SARIMAX,4.310646581719594,4.249230711861624,4.112572398033888,4.38588902568936,4.040229856576871,4.458231567146377,74.48863636363636,70.05150182355527,2010-01,2021-08,"order=(1, 1, 0); future exog held at origin"
2021-09,3,no_change,4.310646581719594,4.292704739251463,4.038780813831233,4.546628664671694,3.9043616073657046,4.681047871137222,74.48863636363636,73.1640909090909,2010-01,2021-06,last observed log Brent
2021-09,3,ARIMA,4.310646581719594,4.319337905583267,4.020076344298664,4.61859946686787,3.8616568431550107,4.777018968011523,74.48863636363636,75.13886279757511,2010-01,2021-06,"order=(1, 1, 0)"
2021-09,3,SARIMAX,4.310646581719594,4.306102016957847,4.022716867888483,4.589487166027211,3.8727018316961344,4.739502202219559,74.48863636363636,74.1508859772181,2010-01,2021-06,"order=(1, 1, 0); future exog held at origin"
2021-09,6,no_change,4.310646581719594,4.180675151973121,3.8183261681932326,4.54302413575301,3.6265102029088423,4.7348401010374,74.48863636363636,65.40999999999998,2010-01,2021-03,last observed log Brent
2021-09,6,ARIMA,4.310646581719594,4.19697280500834,3.739413378882626,4.654532231134054,3.4971960499371417,4.896749560079538,74.48863636363636,66.48476375924731,2010-01,2021-03,"order=(1, 1, 0)"
2021-09,6,SARIMAX,4.310646581719594,4.190287617448127,3.761438583599743,4.619136651296511,3.534419618261964,4.84615561663429,74.48863636363636,66.04178299815396,2010-01,2021-03,"order=(1, 1, 0); future exog held at origin"
2021-10,1,no_change,4.425302758211716,4.310646581719594,4.165346736862373,4.455946426576814,4.088429645206088,4.532863518233099,83.53809523809524,74.48863636363635,2010-01,2021-09,last observed log Brent
2021-10,1,ARIMA,4.425302758211716,4.325645290831955,4.186479667674539,4.46481091398937,4.112809836833896,4.5384807448300135,83.53809523809524,75.61429032852108,2010-01,2021-09,"order=(1, 1, 0)"
2021-10,1,SARIMAX,4.425302758211716,4.3152273726713615,4.179021204461745,4.451433540880978,4.106918014436832,4.523536730905891,83.53809523809524,74.83063595137597,2010-01,2021-09,"order=(1, 1, 0); future exog held at origin"
2021-10,3,no_change,4.425302758211716,4.319697791610651,4.066649760643837,4.572745822577466,3.9326942246937238,4.706701358527579,83.53809523809524,75.16590909090912,2010-01,2021-07,last observed log Brent
2021-10,3,ARIMA,4.425302758211716,4.331278094538617,4.033039156724685,4.629517032352549,3.8751609997462695,4.787395189330964,83.53809523809524,76.04141260199513,2010-01,2021-07,"order=(1, 1, 0)"
2021-10,3,SARIMAX,4.425302758211716,4.337907343618268,4.054867805703897,4.620946881532638,3.9050357250054946,4.770778962231041,83.53809523809524,76.54718465871301,2010-01,2021-07,"order=(1, 1, 0); future exog held at origin"
2021-10,6,no_change,4.425302758211716,4.171405906969629,3.8104048161947297,4.532406997744529,3.619302382365996,4.723509431573262,83.53809523809524,64.80650000000001,2010-01,2021-04,last observed log Brent
2021-10,6,ARIMA,4.425302758211716,4.162639827469062,3.7070434624866784,4.6182361924514455,3.465865315338234,4.859414339599889,83.53809523809524,64.24088380911452,2010-01,2021-04,"order=(1, 1, 0)"
2021-10,6,SARIMAX,4.425302758211716,4.158867435897184,3.7321164603247174,4.5856184114696505,3.5062081399492064,4.811526731845161,83.53809523809524,63.99899857023571,2010-01,2021-04,"order=(1, 1, 0); future exog held at origin"
2021-11,1,no_change,4.395066248181685,4.425302758211716,4.279993447601174,4.570612068822258,4.203071345077763,4.647534171345669,81.05,83.53809523809522,2010-01,2021-10,last observed log Brent
2021-11,1,ARIMA,4.395066248181685,4.459441390069821,4.320357824703402,4.59852495543624,4.246731432633374,4.672151347506268,81.05,86.43920980639918,2010-01,2021-10,"order=(1, 1, 0)"
2021-11,1,SARIMAX,4.395066248181685,4.453169903689648,4.316939015604949,4.589400791774348,4.244822739668626,4.661517067710671,81.05,85.89880382501035,2010-01,2021-10,"order=(1, 1, 0); future exog held at origin"
2021-11,3,no_change,4.395066248181685,4.259112152063282,4.006725549610248,4.511498754516316,3.873120152765023,4.645104151361541,81.05,70.74714285714288,2010-01,2021-08,last observed log Brent
2021-11,3,ARIMA,4.395066248181685,4.234074347372662,3.9367281607448605,4.531420534000463,3.7793225976971367,4.688826097048187,81.05,68.99778118717839,2010-01,2021-08,"order=(1, 1, 0)"
2021-11,3,SARIMAX,4.395066248181685,4.244058570232504,3.9623405973789056,4.525776543086102,3.813208110964372,4.674909029500636,81.05,69.69012089706776,2010-01,2021-08,"order=(1, 1, 0); future exog held at origin"
2021-11,6,no_change,4.395066248181685,4.227333044339487,3.867342935622368,4.587323153056607,3.6767756833671417,4.777890405311833,81.05,68.53421052631587,2010-01,2021-05,last observed log Brent
2021-11,6,ARIMA,4.395066248181685,4.2484033661656895,3.794145485238549,4.70266124709283,3.5536758887486335,4.943130843582745,81.05,69.99356898357532,2010-01,2021-05,"order=(1, 1, 0)"
2021-11,6,SARIMAX,4.395066248181685,4.2246511205058805,3.8001308045796973,4.649171436432064,3.5754033240917704,4.873898916919991,81.05,68.35065324703191,2010-01,2021-05,"order=(1, 1, 0); future exog held at origin"
2021-12,1,no_change,4.306366175985053,4.395066248181685,4.250235026475777,4.539897469887593,4.173566008930769,4.616566487432601,74.1704761904762,81.04999999999998,2010-01,2021-11,last observed log Brent
2021-12,1,ARIMA,4.306366175985053,4.38691568880284,4.248154651645594,4.525676725960086,4.174698995696111,4.599132381909569,74.1704761904762,80.39208200439842,2010-01,2021-11,"order=(1, 1, 0)"
2021-12,1,SARIMAX,4.306366175985053,4.389843668394999,4.253999730731675,4.525687606058323,4.182088293975026,4.597599042814972,74.1704761904762,80.62781331970709,2010-01,2021-11,"order=(1, 1, 0); future exog held at origin"
2021-12,3,no_change,4.306366175985053,4.310646581719594,4.0589798680950135,4.562313295344174,3.925755557375894,4.695537606063293,74.1704761904762,74.48863636363635,2010-01,2021-09,last observed log Brent
2021-12,3,ARIMA,4.306366175985053,4.331689938892507,4.03550964505692,4.627870232728093,3.8787212683719776,4.784658609413036,74.1704761904762,76.0727362782339,2010-01,2021-09,"order=(1, 1, 0)"
2021-12,3,SARIMAX,4.306366175985053,4.314989771995718,4.0346312737491115,4.595348270242324,3.8862184497199923,4.743761094271443,74.1704761904762,74.81285825379518,2010-01,2021-09,"order=(1, 1, 0); future exog held at origin"
2021-12,6,no_change,4.306366175985053,4.292704739251463,3.9336020801111586,4.651807398391768,3.7435046152841798,4.841904863218747,74.1704761904762,73.1640909090909,2010-01,2021-06,last observed log Brent
2021-12,6,ARIMA,4.306366175985053,4.320670799782734,3.8669630316087784,4.77437856795669,3.626784647219602,5.014556952345866,74.1704761904762,75.23908172773041,2010-01,2021-06,"order=(1, 1, 0)"
2021-12,6,SARIMAX,4.306366175985053,4.302386150922509,3.8788981607821498,4.725874141062869,3.6547171605548545,4.950055141290164,74.1704761904762,73.87586251015773,2010-01,2021-06,"order=(1, 1, 0); future exog held at origin"
2022-01,1,no_change,4.460204968118705,4.306366175985053,4.161730014431013,4.451002337539093,4.085164255493022,4.527568096477084,86.50523809523808,74.17047619047622,2010-01,2021-12,last observed log Brent
2022-01,1,ARIMA,4.460204968118705,4.280834341385761,4.14229371662572,4.419374966145802,4.068954739951254,4.492713942820268,86.50523809523808,72.30073834735141,2010-01,2021-12,"order=(1, 1, 0)"
2022-01,1,SARIMAX,4.460204968118705,4.284661621640158,4.149017029217453,4.420306214062863,4.077211119456784,4.4921121238235315,86.50523809523808,72.5779837450989,2010-01,2021-12,"order=(1, 1, 0); future exog held at origin"
2022-01,3,no_change,4.460204968118705,4.425302758211716,4.17361964942145,4.6769858670019815,4.04038665962588,4.810218856797552,86.50523809523808,83.53809523809522,2010-01,2021-10,last observed log Brent
2022-01,3,ARIMA,4.460204968118705,4.474333379269217,4.1776784856035,4.770988272934933,4.0206388709446275,4.928027887593806,86.50523809523808,87.73609421195958,2010-01,2021-10,"order=(1, 1, 0)"
2022-01,3,SARIMAX,4.460204968118705,4.461805877830346,4.181147902573551,4.742463853087141,4.032576544991527,4.891035210669165,86.50523809523808,86.64383608284353,2010-01,2021-10,"order=(1, 1, 0); future exog held at origin"
2022-01,6,no_change,4.460204968118705,4.319697791610651,3.9618338342855752,4.6775617489357275,3.772392098589969,4.867003484631334,86.50523809523808,75.16590909090912,2010-01,2021-07,last observed log Brent
2022-01,6,ARIMA,4.460204968118705,4.3324833202397315,3.88028138841581,4.784685252063653,3.6409001456386476,5.024066494840815,86.50523809523808,76.13311491670504,2010-01,2021-07,"order=(1, 1, 0)"
2022-01,6,SARIMAX,4.460204968118705,4.3358947672808625,3.9126433639439195,4.7591461706178055,3.688587605205085,4.98320192935664,86.50523809523808,76.39328252801508,2010-01,2021-07,"order=(1, 1, 0); future exog held at origin"
2022-02,1,no_change,4.576039991880957,4.460204968118705,4.315139794962093,4.605270141275318,4.23834693100008,4.682063005237331,97.129,86.50523809523808,2010-01,2022-01,last observed log Brent
2022-02,1,ARIMA,4.576039991880957,4.504154635771593,4.364782398941404,4.643526872601782,4.29100319342922,4.717306078113967,97.129,90.39189766407921,2010-01,2022-01,"order=(1, 1, 0)"
2022-02,1,SARIMAX,4.576039991880957,4.492810175284023,4.356489808417008,4.629130542151039,4.284326165274565,4.701294185293482,97.129,89.37224499283076,2010-01,2022-01,"order=(1, 1, 0); future exog held at origin"
2022-02,3,no_change,4.576039991880957,4.395066248181685,4.14421121366478,4.645921282698589,4.0114165799104375,4.778715916452932,97.129,81.04999999999998,2010-01,2021-11,last observed log Brent
2022-02,3,ARIMA,4.576039991880957,4.385026247152398,4.089974735923292,4.680077758381504,3.9337839006554645,4.836268593649331,97.129,80.2403292654127,2010-01,2021-11,"order=(1, 1, 0)"
2022-02,3,SARIMAX,4.576039991880957,4.387771758768832,4.109050568769173,4.66649294876849,3.9615044833702555,4.814039034167408,97.129,80.460932717615,2010-01,2021-11,"order=(1, 1, 0); future exog held at origin"
2022-02,6,no_change,4.576039991880957,4.259112152063282,3.9021835959129354,4.616040708213629,3.7132370316881778,4.804987272438386,97.129,70.74714285714288,2010-01,2021-08,last observed log Brent
2022-02,6,ARIMA,4.576039991880957,4.23234272068112,3.7816537362127636,4.683031705149476,3.543073399386558,4.921612041975682,97.129,68.87840617392628,2010-01,2021-08,"order=(1, 1, 0)"
2022-02,6,SARIMAX,4.576039991880957,4.240062807614279,3.8191012697009272,4.66102434552763,3.596257692494978,4.883867922733579,97.129,69.41221131724417,2010-01,2021-08,"order=(1, 1, 0); future exog held at origin"
2022-03,1,no_change,4.764267616654839,4.576039991880957,4.430962650490701,4.721117333271212,4.354163345054897,4.797916638707016,117.24521739130434,97.12900000000005,2010-01,2022-02,last observed log Brent
2022-03,1,ARIMA,4.764267616654839,4.610609802001912,4.4715145011535204,4.749705102850304,4.3978818966945985,4.823337707309226,117.24521739130434,100.54544375873793,2010-01,2022-02,"order=(1, 1, 0)"
2022-03,1,SARIMAX,4.764267616654839,4.594151061984394,4.458229627778458,4.7300724961903295,4.386277166830236,4.802024957138552,117.24521739130434,98.90413641638023,2010-01,2022-02,"order=(1, 1, 0); future exog held at origin"
2022-03,3,no_change,4.764267616654839,4.306366175985053,4.055848995561716,4.55688335640839,3.923233210961044,4.689499141009062,117.24521739130434,74.17047619047622,2010-01,2021-12,last observed log Brent
2022-03,3,ARIMA,4.764267616654839,4.271212591973731,3.9763226285995907,4.566102555347871,3.8202173116004134,4.722207872347048,117.24521739130434,71.60841478374519,2010-01,2021-12,"order=(1, 1, 0)"
2022-03,3,SARIMAX,4.764267616654839,4.276341019437109,3.9977048723978124,4.554977166476406,3.850203806022716,4.702478232851503,117.24521739130434,71.97659663473411,2010-01,2021-12,"order=(1, 1, 0); future exog held at origin"
2022-03,6,no_change,4.764267616654839,4.310646581719594,3.9547361021138467,4.66655706132534,3.766328475057061,4.854964688382126,117.24521739130434,74.48863636363635,2010-01,2021-09,last observed log Brent
2022-03,6,ARIMA,4.764267616654839,4.333104729210701,3.8845357716717674,4.7816736867496346,3.6470777093105102,5.019131749110892,117.24521739130434,76.18043941971465,2010-01,2021-09,"order=(1, 1, 0)"
2022-03,6,SARIMAX,4.764267616654839,4.312236189253166,3.8935622629955082,4.730910115510825,3.6719296742497867,4.952542704256546,117.24521739130434,74.60713822193586,2010-01,2021-09,"order=(1, 1, 0); future exog held at origin"
2022-04,1,no_change,4.649907033776397,4.764267616654839,4.618343784521622,4.910191448788057,4.541096373954484,4.987438859355195,104.57526315789474,117.24521739130442,2010-01,2022-03,last observed log Brent
2022-04,1,ARIMA,4.649907033776397,4.822237227521215,4.682674443212132,4.961800011830297,4.608794367957704,5.035680087084725,104.57526315789474,124.24273935829999,2010-01,2022-03,"order=(1, 1, 0)"
2022-04,1,SARIMAX,4.649907033776397,4.802085524630369,4.665807623308672,4.938363425952066,4.593666460068012,5.010504589192727,104.57526315789474,121.7640949206059,2010-01,2022-03,"order=(1, 1, 0); future exog held at origin"
2022-04,3,no_change,4.649907033776397,4.460204968118705,4.208944717802676,4.711465218434735,4.075935575761744,4.844474360475666,104.57526315789474,86.50523809523808,2010-01,2022-01,last observed log Brent
2022-04,3,ARIMA,4.649907033776397,4.522434710856562,4.227743669288461,4.817125752424662,4.071743655132537,4.973125766580586,104.57526315789474,92.05946351891814,2010-01,2022-01,"order=(1, 1, 0)"
2022-04,3,SARIMAX,4.649907033776397,4.5027287554580555,4.225551728407056,4.779905782509055,4.078823073495907,4.926634437420204,104.57526315789474,90.26310148248824,2010-01,2022-01,"order=(1, 1, 0); future exog held at origin"
2022-04,6,no_change,4.649907033776397,4.425302758211716,4.069369092340299,4.781236424083133,3.8809491912158878,4.969656325207544,104.57526315789474,83.53809523809522,2010-01,2021-10,last observed log Brent
2022-04,6,ARIMA,4.649907033776397,4.47938088145008,4.029656064958096,4.929105697942064,3.791586127827661,5.167175635072499,104.57526315789474,88.18006186008073,2010-01,2021-10,"order=(1, 1, 0)"
2022-04,6,SARIMAX,4.649907033776397,4.462670496676723,4.043400307600118,4.881940685753328,3.8214520763845696,5.103888916968876,104.57526315789474,86.71878237176114,2010-01,2021-10,"order=(1, 1, 0); future exog held at origin"
2022-05,1,no_change,4.730371143353174,4.649907033776397,4.503956071247462,4.795857996305331,4.426694298716371,4.873119768836422,113.33761904761906,104.57526315789477,2010-01,2022-04,last observed log Brent
2022-05,1,ARIMA,4.730371143353174,4.619846743062569,4.479596798795752,4.760096687329385,4.405352963032815,4.834340523092322,113.33761904761906,101.47847865688313,2010-01,2022-04,"order=(1, 1, 0)"
2022-05,1,SARIMAX,4.730371143353174,4.621526897783434,4.48434001397824,4.758713781588627,4.411717664477087,4.83133613108978,113.33761904761906,101.64912151492385,2010-01,2022-04,"order=(1, 1, 0); future exog held at origin"
2022-05,3,no_change,4.730371143353174,4.576039991880957,4.324758665566019,4.827321318195894,4.191738366565206,4.960341617196708,113.33761904761906,97.12900000000005,2010-01,2022-02,last observed log Brent
2022-05,3,ARIMA,4.730371143353174,4.627015094388465,4.331568151548771,4.92246203722816,4.175167987430902,5.078862201346029,113.33761904761906,102.20852553402827,2010-01,2022-02,"order=(1, 1, 0)"
2022-05,3,SARIMAX,4.730371143353174,4.600805984332116,4.3237843178105555,4.877827650853676,4.177137905795773,5.0244740628684585,113.33761904761906,99.5645307633556,2010-01,2022-02,"order=(1, 1, 0); future exog held at origin"
2022-05,6,no_change,4.730371143353174,4.395066248181685,4.040303656178308,4.749828840185062,3.8525036841125475,4.937628812250822,113.33761904761906,81.04999999999998,2010-01,2021-11,last observed log Brent
2022-05,6,ARIMA,4.730371143353174,4.386769956944571,3.9400895655411317,4.83345034834801,3.7036312497018713,5.06990866418727,113.33761904761906,80.3803671705308,2010-01,2021-11,"order=(1, 1, 0)"
2022-05,6,SARIMAX,4.730371143353174,4.386750125580788,3.971051125704472,4.802449125457104,3.750993367856672,5.022506883304904,113.33761904761906,80.37877313403443,2010-01,2021-11,"order=(1, 1, 0); future exog held at origin"
2022-06,1,no_change,4.809831609191753,4.730371143353174,4.584683728319322,4.876058558387025,4.507561469404747,4.9531808173016,122.71095238095238,113.33761904761901,2010-01,2022-05,last observed log Brent
2022-06,1,ARIMA,4.809831609191753,4.754423241508905,4.61417057388316,4.894675909134651,4.53992529646109,4.968921186556721,122.71095238095238,116.09667410830637,2010-01,2022-05,"order=(1, 1, 0)"
2022-06,1,SARIMAX,4.809831609191753,4.751908858529396,4.614470892407953,4.88934682465084,4.541715627957363,4.962102089101429,122.71095238095238,115.80512928821601,2010-01,2022-05,"order=(1, 1, 0); future exog held at origin"
2022-06,3,no_change,4.809831609191753,4.764267616654839,4.511520125364955,5.017015107944724,4.3777236855095385,5.15081154780014,122.71095238095238,117.24521739130442,2010-01,2022-03,last observed log Brent
2022-06,3,ARIMA,4.809831609191753,4.850458269904679,4.551868940478146,5.149047599331212,4.393805297384391,5.307111242424966,122.71095238095238,127.79894283781948,2010-01,2022-03,"order=(1, 1, 0)"
2022-06,3,SARIMAX,4.809831609191753,4.81666719826378,4.537333958336761,5.096000438190799,4.389463873277643,5.243870523249917,122.71095238095238,123.55262742112991,2010-01,2022-03,"order=(1, 1, 0); future exog held at origin"
2022-06,6,no_change,4.809831609191753,4.306366175985053,3.952081381822902,4.660650970147204,3.7645343406558824,4.848198011314223,122.71095238095238,74.17047619047622,2010-01,2021-12,last observed log Brent
2022-06,6,ARIMA,4.809831609191753,4.270030643903148,3.8233892176451576,4.716672070161138,3.586951528707921,4.953109759098375,122.71095238095238,71.52382735487562,2010-01,2021-12,"order=(1, 1, 0)"
2022-06,6,SARIMAX,4.809831609191753,4.272677614316631,3.856913194419833,4.688442034213429,3.636820805305107,4.908534423328155,122.71095238095238,71.71339959511289,2010-01,2021-12,"order=(1, 1, 0); future exog held at origin"
2022-07,1,no_change,4.717835385931229,4.809831609191753,4.664413646213934,4.955249572169572,4.587434026601631,5.032229191781875,111.92571428571428,122.71095238095234,2010-01,2022-06,last observed log Brent
2022-07,1,ARIMA,4.717835385931229,4.834161449854286,4.694262806696292,4.97406009301228,4.620204938506911,5.048117961201662,111.92571428571428,125.73310547495275,2010-01,2022-06,"order=(1, 1, 0)"
2022-07,1,SARIMAX,4.717835385931229,4.8362181400145765,4.69892517983087,4.973511100198283,4.626246676886907,5.046189603142246,111.92571428571428,125.99196562211696,2010-01,2022-06,"order=(1, 1, 0); future exog held at origin"
2022-07,3,no_change,4.717835385931229,4.649907033776397,4.397112551262699,4.902701516290094,4.2632912357560215,5.036522831796772,111.92571428571428,104.57526315789477,2010-01,2022-04,last observed log Brent
2022-07,3,ARIMA,4.717835385931229,4.6128157293106575,4.316600485019031,4.909030973602284,4.159793606680262,5.065837851941053,111.92571428571428,100.76748451173594,2010-01,2022-04,"order=(1, 1, 0)"
2022-07,3,SARIMAX,4.717835385931229,4.615360964592919,4.338242362408904,4.8924795667769345,4.191544635754101,5.039177293431737,111.92571428571428,101.02428814281528,2010-01,2022-04,"order=(1, 1, 0); future exog held at origin"
2022-07,6,no_change,4.717835385931229,4.460204968118705,4.1048693144365185,4.815540621800892,3.916765981842623,5.0036439543947875,111.92571428571428,86.50523809523808,2010-01,2022-01,last observed log Brent
2022-07,6,ARIMA,4.717835385931229,4.528518638847792,4.0834792189535705,4.973558058742013,3.8478895809584195,5.209147696737164,111.92571428571428,92.62125387907746,2010-01,2022-01,"order=(1, 1, 0)"
2022-07,6,SARIMAX,4.717835385931229,4.504739301775918,4.092806781896092,4.9166718216557435,3.874742878118793,5.134735725433043,111.92571428571428,90.44476218624834,2010-01,2022-01,"order=(1, 1, 0); future exog held at origin"
2022-08,1,no_change,4.6096238898726165,4.717835385931229,4.572564300985795,4.863106470876663,4.495662433907162,4.940008337955296,100.44636363636364,111.92571428571429,2010-01,2022-07,last observed log Brent
2022-08,1,ARIMA,4.6096238898726165,4.6951758173924185,4.555218764602454,4.835132870182383,4.4811299762216565,4.9092216585631805,100.44636363636364,109.41804454603559,2010-01,2022-07,"order=(1, 1, 0)"
2022-08,1,SARIMAX,4.6096238898726165,4.693271526231851,4.555556612478641,4.830986439985061,4.48265474080767,4.903888311656033,100.44636363636364,109.20987899781304,2010-01,2022-07,"order=(1, 1, 0); future exog held at origin"
2022-08,3,no_change,4.6096238898726165,4.730371143353174,4.47803313849117,4.982709148215178,4.344453467656644,5.116288819049704,100.44636363636364,113.33761904761901,2010-01,2022-05,last observed log Brent
2022-08,3,ARIMA,4.6096238898726165,4.767977916229735,4.473277155112509,5.062678677346961,4.317271995738078,5.218683836721392,100.44636363636364,117.68104028833157,2010-01,2022-05,"order=(1, 1, 0)"
2022-08,3,SARIMAX,4.6096238898726165,4.761314204015434,4.485161725122465,5.037466682908404,4.338975433244497,5.183652974786372,100.44636363636364,116.89945472559513,2010-01,2022-05,"order=(1, 1, 0); future exog held at origin"
2022-08,6,no_change,4.6096238898726165,4.576039991880957,4.220674532235273,4.931405451526641,4.032555421317398,5.119524562444515,100.44636363636364,97.12900000000005,2010-01,2022-02,last observed log Brent
2022-08,6,ARIMA,4.6096238898726165,4.634984538313531,4.187915620664464,5.082053455962598,3.95125163145456,5.318717445172502,100.44636363636364,103.02632502217874,2010-01,2022-02,"order=(1, 1, 0)"
2022-08,6,SARIMAX,4.6096238898726165,4.603781469231962,4.191701392438391,5.015861546025533,3.97355937674934,5.234003561714585,100.44636363636364,99.86122470647756,2010-01,2022-02,"order=(1, 1, 0); future exog held at origin"
2022-09,1,no_change,4.497192491890844,4.6096238898726165,4.464377645837601,4.754870133907632,4.387488928742613,4.83175885100262,89.7647619047619,100.44636363636367,2010-01,2022-08,last observed log Brent
2022-09,1,ARIMA,4.497192491890844,4.581589340831916,4.441815881533179,4.7213628001306525,4.3678242816759205,4.795354399987911,89.7647619047619,97.6695010416295,2010-01,2022-08,"order=(1, 1, 0)"
2022-09,1,SARIMAX,4.497192491890844,4.595354871328048,4.458014522288688,4.732695220367408,4.3853109331998805,4.805398809456216,89.7647619047619,99.02326983249718,2010-01,2022-08,"order=(1, 1, 0); future exog held at origin"
2022-09,3,no_change,4.497192491890844,4.809831609191753,4.557960308981,5.061702909402506,4.4246276966651665,5.1950355217183395,89.7647619047619,122.71095238095234,2010-01,2022-06,last observed log Brent
2022-09,3,ARIMA,4.497192491890844,4.848738486839593,4.554276983747614,5.1431999899315715,4.398398479921062,5.299078493758123,89.7647619047619,127.57934526440948,2010-01,2022-06,"order=(1, 1, 0)"
2022-09,3,SARIMAX,4.497192491890844,4.848491550488322,4.570966279889366,5.126016821087277,4.424053275979613,5.27292982499703,89.7647619047619,127.54784517581089,2010-01,2022-06,"order=(1, 1, 0); future exog held at origin"
2022-09,6,no_change,4.497192491890844,4.764267616654839,4.406828686616909,5.12170654669277,4.2176119467761435,5.310923286533535,89.7647619047619,117.24521739130442,2010-01,2022-03,last observed log Brent
2022-09,6,ARIMA,4.497192491890844,4.8638356825688955,4.410558375276615,5.317112989861176,4.170607863113474,5.557063502024317,89.7647619047619,129.5200483368103,2010-01,2022-03,"order=(1, 1, 0)"
2022-09,6,SARIMAX,4.497192491890844,4.823439294977811,4.406991856382985,5.239886733572637,4.186537899010214,5.460340690945407,89.7647619047619,124.39217731125656,2010-01,2022-03,"order=(1, 1, 0); future exog held at origin"
2022-10,1,no_change,4.536162008261552,4.497192491890844,4.351941559724444,4.642443424057244,4.275050360882611,4.719334622899076,93.33190476190477,89.76476190476191,2010-01,2022-09,last observed log Brent
2022-10,1,ARIMA,4.536162008261552,4.4669018503899185,4.327317828373594,4.606485872406243,4.253426510556063,4.680377190223774,93.33190476190477,87.08649763157683,2010-01,2022-09,"order=(1, 1, 0)"
2022-10,1,SARIMAX,4.536162008261552,4.461714373142788,4.324041713949014,4.599387032336563,4.251162210490645,4.672266535794932,93.33190476190477,86.635908128422,2010-01,2022-09,"order=(1, 1, 0); future exog held at origin"
2022-10,3,no_change,4.536162008261552,4.717835385931229,4.466218485935084,4.969452285927375,4.333020544957981,5.102650226904477,93.33190476190477,111.92571428571429,2010-01,2022-07,last observed log Brent
2022-10,3,ARIMA,4.536162008261552,4.691902007043212,4.398352227490045,4.985451786596379,4.242956360951021,5.1408476531354035,93.33190476190477,109.06041634228474,2010-01,2022-07,"order=(1, 1, 0)"
2022-10,3,SARIMAX,4.536162008261552,4.689916887849636,4.412506272730007,4.9673275029692645,4.265653963764704,5.114179811934568,93.33190476190477,108.84413316151651,2010-01,2022-07,"order=(1, 1, 0); future exog held at origin"
2022-10,6,no_change,4.536162008261552,4.649907033776397,4.292401648112438,5.007412419440355,4.103149728788285,5.196664338764508,93.33190476190477,104.57526315789477,2010-01,2022-04,last observed log Brent
2022-10,6,ARIMA,4.536162008261552,4.61842227063675,4.171297819749959,5.065546721523542,3.934604433019774,5.302240108253726,93.33190476190477,101.3340282694449,2010-01,2022-04,"order=(1, 1, 0)"
2022-10,6,SARIMAX,4.536162008261552,4.617296741690289,4.206481286391865,5.0281121969887135,3.989008720883908,5.245584762496671,93.33190476190477,101.2200380490462,2010-01,2022-04,"order=(1, 1, 0); future exog held at origin"
2022-11,1,no_change,4.515414551097096,4.536162008261552,4.391336451800054,4.6809875647230506,4.314670433254281,4.757653583268824,91.41545454545457,93.33190476190488,2010-01,2022-10,last observed log Brent
2022-11,1,ARIMA,4.515414551097096,4.548033045974137,4.408725203551488,4.687340888396785,4.334980086379535,4.761086005568738,91.41545454545457,94.44645366049343,2010-01,2022-10,"order=(1, 1, 0)"
2022-11,1,SARIMAX,4.515414551097096,4.555109973342805,4.417362263257567,4.692857683428044,4.344443030257137,4.765776916428473,91.41545454545457,95.11721501851272,2010-01,2022-10,"order=(1, 1, 0); future exog held at origin"
2022-11,3,no_change,4.515414551097096,4.6096238898726165,4.358050015595422,4.861197764149811,4.224874851058113,4.99437292868712,91.41545454545457,100.44636363636367,2010-01,2022-08,last observed log Brent
2022-11,3,ARIMA,4.515414551097096,4.57499926591415,4.280896871100097,4.869101660728203,4.125208467712778,5.024790064115523,91.41545454545457,97.02796791004893,2010-01,2022-08,"order=(1, 1, 0)"
2022-11,3,SARIMAX,4.515414551097096,4.593970472153222,4.317077639743265,4.870863304563179,4.170499428387474,5.01744151591897,91.41545454545457,98.88627694775036,2010-01,2022-08,"order=(1, 1, 0); future exog held at origin"
2022-11,6,no_change,4.515414551097096,4.730371143353174,4.373511314575159,5.087230972131188,4.184601132423639,5.276141154282708,91.41545454545457,113.33761904761901,2010-01,2022-05,last observed log Brent
2022-11,6,ARIMA,4.515414551097096,4.77814615759642,4.334289145074602,5.222003170118238,4.0993254357329025,5.456966879459937,91.41545454545457,118.88375388868155,2010-01,2022-05,"order=(1, 1, 0)"
2022-11,6,SARIMAX,4.515414551097096,4.768292938085662,4.359727581884113,5.176858294287212,4.143446146887274,5.393139729284051,91.41545454545457,117.7181182279247,2010-01,2022-05,"order=(1, 1, 0); future exog held at origin"
2022-12,1,no_change,4.393510442615168,4.515414551097096,4.371045055341596,4.659784046852596,4.294620460750256,4.736208641443936,80.924,91.41545454545458,2010-01,2022-11,last observed log Brent
2022-12,1,ARIMA,4.393510442615168,4.510817749935067,4.371925086052902,4.649710413817233,4.2983997511242364,4.723235748745898,80.924,90.99620023039101,2010-01,2022-11,"order=(1, 1, 0)"
2022-12,1,SARIMAX,4.393510442615168,4.50730825075747,4.3698923985524525,4.6447241029624875,4.297148840502089,4.717467661012851,80.924,90.67740886673393,2010-01,2022-11,"order=(1, 1, 0); future exog held at origin"
2022-12,3,no_change,4.393510442615168,4.497192491890844,4.2456104975318985,4.748774486249789,4.112431034482963,4.881953949298724,80.924,89.76476190476191,2010-01,2022-09,last observed log Brent
2022-12,3,ARIMA,4.393510442615168,4.458020396603632,4.163243268937923,4.752797524269341,4.007197683554675,4.908843109652589,80.924,86.31646748271541,2010-01,2022-09,"order=(1, 1, 0)"
2022-12,3,SARIMAX,4.393510442615168,4.451604609594863,4.17050292084472,4.732706298345006,4.021696675527816,4.88151254366191,80.924,85.76445211203719,2010-01,2022-09,"order=(1, 1, 0); future exog held at origin"
2022-12,6,no_change,4.393510442615168,4.809831609191753,4.453631800461161,5.166031417922345,4.265071011817476,5.35459220656603,80.924,122.71095238095234,2010-01,2022-06,last observed log Brent
2022-12,6,ARIMA,4.393510442615168,4.8604635629719795,4.416641920174734,5.304285205769225,4.181696934434216,5.539230191509743,80.924,129.08402681515273,2010-01,2022-06,"order=(1, 1, 0)"
2022-12,6,SARIMAX,4.393510442615168,4.8578989715389564,4.446372438686454,5.269425504391459,4.228523451459289,5.487274491618624,80.924,128.75340316434654,2010-01,2022-06,"order=(1, 1, 0); future exog held at origin"
2023-01,1,no_change,4.412815609208031,4.393510442615168,4.24905370649364,4.537967178736696,4.172582929642184,4.614437955588151,82.50142857142858,80.92400000000002,2010-01,2022-12,last observed log Brent
2023-01,1,ARIMA,4.412815609208031,4.360494824605588,4.22152837783239,4.499461271378786,4.147963984600547,4.57302566461063,82.50142857142858,78.29586756102417,2010-01,2022-12,"order=(1, 1, 0)"
2023-01,1,SARIMAX,4.412815609208031,4.355010950868524,4.217133145860455,4.492888755876594,4.144145044767887,4.565876856969162,82.50142857142858,77.86767805086372,2010-01,2022-12,"order=(1, 1, 0); future exog held at origin"
2023-01,3,no_change,4.412815609208031,4.536162008261552,4.285316786235803,4.787007230287302,4.152527346900505,4.9197966696226,82.50142857142858,93.33190476190488,2010-01,2022-10,last observed log Brent
2023-01,3,ARIMA,4.412815609208031,4.554999145808056,4.261706355715129,4.848291935900983,4.106446531178678,5.003551760437434,82.50142857142858,95.10667399618853,2010-01,2022-10,"order=(1, 1, 0)"
2023-01,3,SARIMAX,4.412815609208031,4.562085979763713,4.281424568028936,4.842747391498491,4.132851391285356,4.991320568242071,82.50142857142858,95.78307313616146,2010-01,2022-10,"order=(1, 1, 0); future exog held at origin"
2023-01,6,no_change,4.412815609208031,4.717835385931229,4.361995353434406,5.073675418428053,4.173625018824417,5.262045753038041,82.50142857142858,111.92571428571429,2010-01,2022-07,last observed log Brent
2023-01,6,ARIMA,4.412815609208031,4.699212881719932,4.257427990328367,5.140997773111497,4.023561195653404,5.37486456778646,82.50142857142858,109.86066507308068,2010-01,2022-07,"order=(1, 1, 0)"
2023-01,6,SARIMAX,4.412815609208031,4.694779354995452,4.283963384521391,5.105595325469514,4.066490546295925,5.3230681636949795,82.50142857142858,109.37467300398437,2010-01,2022-07,"order=(1, 1, 0); future exog held at origin"
2023-02,1,no_change,4.413828065973053,4.412815609208031,4.268812538382239,4.556818680033823,4.192581917431623,4.633049300984439,82.58500000000001,82.50142857142858,2010-01,2023-01,last observed log Brent
2023-02,1,ARIMA,4.413828065973053,4.4186429300449515,4.280022299838419,4.557263560251484,4.206640970838891,4.630644889251012,82.58500000000001,82.98359436818097,2010-01,2023-01,"order=(1, 1, 0)"
2023-02,1,SARIMAX,4.413828065973053,4.417008426512234,4.279454304538333,4.5545625484861345,4.206637550893735,4.627379302130732,82.58500000000001,82.84806817921853,2010-01,2023-01,"order=(1, 1, 0); future exog held at origin"
2023-02,3,no_change,4.413828065973053,4.515414551097096,4.265359249385471,4.765469852808721,4.132987968605416,4.897841133588775,82.58500000000001,91.41545454545458,2010-01,2022-11,last observed log Brent
2023-02,3,ARIMA,4.413828065973053,4.511596615677258,4.21931778115858,4.803875450195935,4.064594712280172,4.958598519074343,82.58500000000001,91.06710166118346,2010-01,2022-11,"order=(1, 1, 0)"
2023-02,3,SARIMAX,4.413828065973053,4.50586709523421,4.226131816284136,4.785602374184284,4.078048904622098,4.933685285846322,82.58500000000001,90.54682273817248,2010-01,2022-11,"order=(1, 1, 0); future exog held at origin"
2023-02,6,no_change,4.413828065973053,4.6096238898726165,4.253844704931065,4.965403074814168,4.065506581071133,5.1537411986741,82.58500000000001,100.44636363636367,2010-01,2022-08,last observed log Brent
2023-02,6,ARIMA,4.413828065973053,4.57980402492905,4.136585303171137,5.023022746686963,3.9019594845494097,5.25764856530869,82.58500000000001,97.49528568918838,2010-01,2022-08,"order=(1, 1, 0)"
2023-02,6,SARIMAX,4.413828065973053,4.597804211945935,4.187623069578555,5.007985354313314,3.970486289053051,5.225122134838818,82.58500000000001,99.26610882571397,2010-01,2022-08,"order=(1, 1, 0); future exog held at origin"
2023-03,1,no_change,4.362261941440805,4.413828065973053,4.270287276368213,4.557368855577893,4.194301372313736,4.633354759632371,78.43434782608696,82.58499999999998,2010-01,2023-02,last observed log Brent
2023-03,1,ARIMA,4.362261941440805,4.414688192142759,4.2765116959685985,4.55286468831692,4.203365477323863,4.626010906961656,78.43434782608696,82.6560640773803,2010-01,2023-02,"order=(1, 1, 0)"
2023-03,1,SARIMAX,4.362261941440805,4.412836552043585,4.275729613780346,4.549943490306823,4.203149584892708,4.622523519194461,78.43434782608696,82.50315640337288,2010-01,2023-02,"order=(1, 1, 0); future exog held at origin"
2023-03,3,no_change,4.362261941440805,4.393510442615168,4.14330403615711,4.6437168490732255,4.010852765356128,4.776168119874208,78.43434782608696,80.92400000000002,2010-01,2022-12,last observed log Brent
2023-03,3,ARIMA,4.362261941440805,4.349648889049226,4.056921533265988,4.642376244832465,3.901961031572357,4.797336746526096,78.43434782608696,77.45126416364964,2010-01,2022-12,"order=(1, 1, 0)"
2023-03,3,SARIMAX,4.362261941440805,4.3417862424441935,4.058157303377358,4.625415181511029,3.908013212555951,4.775559272332436,78.43434782608696,76.84468004766512,2010-01,2022-12,"order=(1, 1, 0); future exog held at origin"
2023-03,6,no_change,4.362261941440805,4.497192491890844,4.141401823419552,4.852983160362135,3.953057620546181,5.0413273632355065,78.43434782608696,89.76476190476191,2010-01,2022-09,last observed log Brent
2023-03,6,ARIMA,4.362261941440805,4.460417492256707,4.015484478872437,4.905350505640977,3.7799511690811234,5.140883815432291,78.43434782608696,86.52362450010513,2010-01,2022-09,"order=(1, 1, 0)"
2023-03,6,SARIMAX,4.362261941440805,4.451059729840703,4.032613649958907,4.8695058097225,3.8111016757987883,5.091017783882618,78.43434782608696,85.71773352761599,2010-01,2022-09,"order=(1, 1, 0); future exog held at origin"
2023-04,1,no_change,4.438387276674779,4.362261941440805,4.219080523678839,4.50544335920277,4.1432848595864495,4.58123902329516,84.63833333333334,78.43434782608693,2010-01,2023-03,last observed log Brent
2023-04,1,ARIMA,4.438387276674779,4.348602881702485,4.210763470887981,4.486442292516989,4.137795694453767,4.559410068951203,84.63833333333334,77.37029192847933,2010-01,2023-03,"order=(1, 1, 0)"
2023-04,1,SARIMAX,4.438387276674779,4.35475373438719,4.218053113935277,4.491454354839103,4.1456881767042475,4.563819292070132,84.63833333333334,77.84765177636012,2010-01,2023-03,"order=(1, 1, 0); future exog held at origin"
2023-04,3,no_change,4.438387276674779,4.412815609208031,4.163394974091819,4.662236244324243,4.031359665512827,4.7942715529032345,84.63833333333334,82.50142857142858,2010-01,2023-01,last observed log Brent
2023-04,3,ARIMA,4.438387276674779,4.4220420988982605,4.130764359494595,4.713319838301926,3.9765712383583462,4.867512959438175,84.63833333333334,83.26614957185502,2010-01,2023-01,"order=(1, 1, 0)"
2023-04,3,SARIMAX,4.438387276674779,4.417403852082617,4.135407484840373,4.699400219324861,3.986127625338627,4.848680078826607,84.63833333333334,82.88083490180651,2010-01,2023-01,"order=(1, 1, 0); future exog held at origin"
2023-04,6,no_change,4.438387276674779,4.536162008261552,4.181413293216247,4.890910723306858,3.9936206671683494,5.078703349354756,84.63833333333334,93.33190476190488,2010-01,2022-10,last observed log Brent
2023-04,6,ARIMA,4.438387276674779,4.560448633001687,4.118340202889845,5.002557063113528,3.884302137162073,5.2365951288413,84.63833333333334,95.62637135409128,2010-01,2022-10,"order=(1, 1, 0)"
2023-04,6,SARIMAX,4.438387276674779,4.565238900094078,4.147792216741977,4.982685583446179,3.926809291147266,5.203668509040891,84.63833333333334,96.08554612079735,2010-01,2022-10,"order=(1, 1, 0); future exog held at origin"
2023-05,1,no_change,4.323682223699637,4.438387276674779,4.295451159021211,4.581323394328346,4.219785348962317,4.656989204387241,75.466,84.63833333333336,2010-01,2023-04,last observed log Brent
2023-05,1,ARIMA,4.323682223699637,4.459566492134514,4.321861728532665,4.597271255736364,4.248965230027254,4.670167754241774,75.466,86.4500242064542,2010-01,2023-04,"order=(1, 1, 0)"
2023-05,1,SARIMAX,4.323682223699637,4.45649951921644,4.31995828433004,4.593040754102839,4.247677720720768,4.665321317712111,75.466,86.18529049651974,2010-01,2023-04,"order=(1, 1, 0); future exog held at origin"
2023-05,3,no_change,4.323682223699637,4.413828065973053,4.165208125418915,4.662448006527192,4.033596678937506,4.7940594530086,75.466,82.58499999999998,2010-01,2023-02,last observed log Brent
2023-05,3,ARIMA,4.323682223699637,4.416315156576097,4.125980803606152,4.706649509546042,3.9722870810815185,4.860343232070676,75.466,82.79065200903483,2010-01,2023-02,"order=(1, 1, 0)"
2023-05,3,SARIMAX,4.323682223699637,4.411627760153965,4.1306269544095535,4.692628565898376,3.981874113329978,4.841381406977952,75.466,82.40348750865641,2010-01,2023-02,"order=(1, 1, 0); future exog held at origin"
2023-05,6,no_change,4.323682223699637,4.515414551097096,4.161782952073219,4.8690461501209725,3.9745816915253696,5.056247410668822,75.466,91.41545454545458,2010-01,2022-11,last observed log Brent
2023-05,6,ARIMA,4.323682223699637,4.515727632809705,4.075237872351499,4.956217393267911,3.842056678578629,5.189398587040781,75.466,91.44407953326892,2010-01,2022-11,"order=(1, 1, 0)"
2023-05,6,SARIMAX,4.323682223699637,4.5071743330457466,4.091249388228719,4.923099277862774,3.8710720223542827,5.14327664373721,75.466,90.6652663686994,2010-01,2022-11,"order=(1, 1, 0); future exog held at origin"
2023-06,1,no_change,4.315340354206122,4.323682223699637,4.180717675841293,4.466646771557982,4.105036815741095,4.542327631658179,74.83909090909091,75.466,2010-01,2023-05,last observed log Brent
2023-06,1,ARIMA,4.315340354206122,4.293576745659919,4.155619086607729,4.43153440471211,4.082588713337674,4.504564777982165,74.83909090909091,73.22791829013065,2010-01,2023-05,"order=(1, 1, 0)"
2023-06,1,SARIMAX,4.315340354206122,4.292522829783897,4.155558376986754,4.429487282581039,4.0830537753486515,4.501991884219142,74.83909090909091,73.1507828787337,2010-01,2023-05,"order=(1, 1, 0); future exog held at origin"
2023-06,3,no_change,4.315340354206122,4.362261941440805,4.114264451177335,4.610259431704274,3.9829825099758933,4.741541372905716,74.83909090909091,78.43434782608693,2010-01,2023-03,last observed log Brent
2023-06,3,ARIMA,4.315340354206122,4.344497928108804,4.054874769359849,4.634121086857759,3.901557530314156,4.787438325903451,74.83909090909091,77.0533414491561,2010-01,2023-03,"order=(1, 1, 0)"
2023-06,3,SARIMAX,4.315340354206122,4.35126789445269,4.071382840854143,4.631152948051237,3.9232206432825034,4.779315145622876,74.83909090909091,77.57675974043192,2010-01,2023-03,"order=(1, 1, 0); future exog held at origin"
2023-06,6,no_change,4.315340354206122,4.393510442615168,4.039665149209547,4.747355736020788,3.852350765689247,4.934670119541089,74.83909090909091,80.92400000000002,2010-01,2022-12,last observed log Brent
2023-06,6,ARIMA,4.315340354206122,4.349883192026044,3.908527950414819,4.791238433637269,3.6748885985947823,5.024877785457306,74.83909090909091,77.46941335152282,2010-01,2022-12,"order=(1, 1, 0)"
2023-06,6,SARIMAX,4.315340354206122,4.33814346091004,3.914687414679885,4.761599507140196,3.6905233245371907,4.98576359728289,74.83909090909091,76.56526090662084,2010-01,2022-12,"order=(1, 1, 0); future exog held at origin"
2023-07,1,no_change,4.383376913113684,4.315340354206122,4.172820814802949,4.457859893609295,4.097375527949012,4.533305180463232,80.10809523809523,74.83909090909093,2010-01,2023-06,last observed log Brent
2023-07,1,ARIMA,4.383376913113684,4.313270136241851,4.175726823038219,4.450813449445483,4.102915791210972,4.52362448127273,80.10809523809523,74.68431794082802,2010-01,2023-06,"order=(1, 1, 0)"
2023-07,1,SARIMAX,4.383376913113684,4.316611126019356,4.180020164457847,4.453202087580864,4.1077132771368685,4.525508974901843,80.10809523809523,74.93425476931547,2010-01,2023-06,"order=(1, 1, 0); future exog held at origin"
2023-07,3,no_change,4.383376913113684,4.438387276674779,4.190814658662156,4.685959894687401,4.059757631244296,4.817016922105261,80.10809523809523,84.63833333333336,2010-01,2023-04,last observed log Brent
2023-07,3,ARIMA,4.383376913113684,4.468608079697129,4.179785681301681,4.7574304780925765,4.026892339181454,4.9103238202128034,80.10809523809523,87.23521400213426,2010-01,2023-04,"order=(1, 1, 0)"
2023-07,3,SARIMAX,4.383376913113684,4.461705086886277,4.182838452033994,4.740571721738561,4.035215372780945,4.888194800991609,80.10809523809523,86.63510360889153,2010-01,2023-04,"order=(1, 1, 0); future exog held at origin"
2023-07,6,no_change,4.383376913113684,4.412815609208031,4.060081564290973,4.765549654125088,3.8733554401864465,4.952275778229615,80.10809523809523,82.50142857142858,2010-01,2023-01,last observed log Brent
2023-07,6,ARIMA,4.383376913113684,4.424711914811453,3.9860064087428007,4.863417420880104,3.7537697421891747,5.095654087433731,80.10809523809523,83.48875188438615,2010-01,2023-01,"order=(1, 1, 0)"
2023-07,6,SARIMAX,4.383376913113684,4.416018335536082,3.995572675071999,4.836463996000164,3.7730021868916284,5.059034484180535,80.10809523809523,82.7660816482824,2010-01,2023-01,"order=(1, 1, 0); future exog held at origin"
2023-08,1,no_change,4.456063581578097,4.383376913113684,4.241135081478551,4.525618744748818,4.165836804236832,4.600917021990536,86.14772727272727,80.1080952380952,2010-01,2023-07,last observed log Brent
2023-08,1,ARIMA,4.456063581578097,4.401652637401748,4.264355574315947,4.5389497004875485,4.191674899426811,4.611630375376684,86.14772727272727,81.5855887079572,2010-01,2023-07,"order=(1, 1, 0)"
2023-08,1,SARIMAX,4.456063581578097,4.3971053657237595,4.260806412162322,4.533404319285197,4.188654104539125,4.6055566269083945,86.14772727272727,81.2154390943402,2010-01,2023-07,"order=(1, 1, 0); future exog held at origin"
2023-08,3,no_change,4.456063581578097,4.323682223699637,4.076060363127873,4.571304084271402,3.9449772682738176,4.702387179125457,86.14772727272727,75.466,2010-01,2023-05,last observed log Brent
2023-08,3,ARIMA,4.456063581578097,4.283546661591623,3.9953308167805153,4.57176250640273,3.8427585647322484,4.724334758450997,86.14772727272727,72.4971072882074,2010-01,2023-05,"order=(1, 1, 0)"
2023-08,3,SARIMAX,4.456063581578097,4.281556328594743,4.0023241664224,4.560788490767085,3.854507588694473,4.708605068495013,86.14772727272727,72.35295740411533,2010-01,2023-05,"order=(1, 1, 0); future exog held at origin"
2023-08,6,no_change,4.456063581578097,4.413828065973053,4.062226374164998,4.765429757781108,3.87609968158745,4.951556450358657,86.14772727272727,82.58499999999998,2010-01,2023-02,last observed log Brent
2023-08,6,ARIMA,4.456063581578097,4.41872816226828,3.981450039384711,4.8560062851518495,3.7499689838462484,5.087487340690312,86.14772727272727,82.99066754585584,2010-01,2023-02,"order=(1, 1, 0)"
2023-08,6,SARIMAX,4.456063581578097,4.410005902642597,3.9910910719486385,4.828920733336556,3.7693309560976713,5.050680849187523,86.14772727272727,82.26994911287458,2010-01,2023-02,"order=(1, 1, 0); future exog held at origin"
2023-09,1,no_change,4.540337018271877,4.456063581578097,4.314075466915309,4.598051696240885,4.238911499325717,4.673215663830478,93.72238095238096,86.14772727272724,2010-01,2023-08,last observed log Brent
2023-09,1,ARIMA,4.540337018271877,4.476021698496747,4.33904037720238,4.613003019791114,4.266526845921247,4.685516551072247,93.72238095238096,87.88434585960468,2010-01,2023-08,"order=(1, 1, 0)"
2023-09,1,SARIMAX,4.540337018271877,4.4709816241594815,4.335005583582794,4.606957664736169,4.26302421576803,4.678939032550933,93.72238095238096,87.44251658487624,2010-01,2023-08,"order=(1, 1, 0); future exog held at origin"
2023-09,3,no_change,4.540337018271877,4.315340354206122,4.068489270888512,4.562191437523732,3.937814200865885,4.692866507546359,93.72238095238096,74.83909090909093,2010-01,2023-06,last observed log Brent
2023-09,3,ARIMA,4.540337018271877,4.312829823100791,4.02575265748899,4.599906988712592,3.8737831857976204,4.751876460403961,93.72238095238096,74.65144069288091,2010-01,2023-06,"order=(1, 1, 0)"
2023-09,3,SARIMAX,4.540337018271877,4.315365308297279,4.037315467354917,4.593415149239641,3.8901247726793975,4.740605843915161,93.72238095238096,74.84095847388917,2010-01,2023-06,"order=(1, 1, 0); future exog held at origin"
2023-09,6,no_change,4.540337018271877,4.362261941440805,4.0115405272757165,4.712983355605893,3.8258798255339705,4.898644057347639,93.72238095238096,78.43434782608693,2010-01,2023-03,last observed log Brent
2023-09,6,ARIMA,4.540337018271877,4.345168275199659,3.908963166033865,4.781373384365453,3.6780501296461425,5.012286420753175,93.72238095238096,77.10501124885228,2010-01,2023-03,"order=(1, 1, 0)"
2023-09,6,SARIMAX,4.540337018271877,4.348867281123892,3.9317823335129174,4.765952228734867,3.7109908992524394,4.986743662995345,93.72238095238096,77.3907512935023,2010-01,2023-03,"order=(1, 1, 0); future exog held at origin"
2023-10,1,no_change,4.506409058507508,4.540337018271877,4.398538592673478,4.682135443870277,4.3234750404089395,4.757198996134815,90.59590909090907,93.722380952381,2010-01,2023-09,last observed log Brent
2023-10,1,ARIMA,4.506409058507508,4.563925631747251,4.427213960613487,4.700637302881016,4.35484317350485,4.773008089989652,90.59590909090907,95.95944283633919,2010-01,2023-09,"order=(1, 1, 0)"
2023-10,1,SARIMAX,4.506409058507508,4.567278529373663,4.431362684258248,4.703194374489078,4.359413181995827,4.775143876751499,90.59590909090907,96.28172501210548,2010-01,2023-09,"order=(1, 1, 0); future exog held at origin"
2023-10,3,no_change,4.506409058507508,4.383376913113684,4.137006833759974,4.629746992467394,4.006586391854912,4.760167434372457,90.59590909090907,80.1080952380952,2010-01,2023-07,last observed log Brent
2023-10,3,ARIMA,4.506409058507508,4.4088829949722,4.122382788347282,4.695383201597118,3.9707187402943167,4.847047249650084,90.59590909090907,82.17761940454311,2010-01,2023-07,"order=(1, 1, 0)"
2023-10,3,SARIMAX,4.506409058507508,4.400194423545147,4.122934510872408,4.677454336217886,3.9761619789635194,4.824226868126775,90.59590909090907,81.46670617115146,2010-01,2023-07,"order=(1, 1, 0); future exog held at origin"
2023-10,6,no_change,4.506409058507508,4.438387276674779,4.088266722609115,4.788507830740443,3.902924096990474,4.9738504563590835,90.59590909090907,84.63833333333336,2010-01,2023-04,last observed log Brent
2023-10,6,ARIMA,4.506409058507508,4.472486789237761,4.037818632792773,4.907154945682749,3.807719210028754,5.137254368446769,90.59590909090907,87.57423110838039,2010-01,2023-04,"order=(1, 1, 0)"
2023-10,6,SARIMAX,4.506409058507508,4.462045273581427,4.046882523468503,4.87720802369435,3.82710863909794,5.0969819080649135,90.59590909090907,86.66458073205045,2010-01,2023-04,"order=(1, 1, 0); future exog held at origin"
2023-11,1,no_change,4.418117454818235,4.506409058507508,4.365000009762149,4.647818107252867,4.29014258115262,4.722675535862396,82.94,90.59590909090907,2010-01,2023-10,last observed log Brent
2023-11,1,ARIMA,4.418117454818235,4.498427283509038,4.3620127307937,4.634841836224376,4.289799228674909,4.707055338343167,82.94,89.87567114117682,2010-01,2023-10,"order=(1, 1, 0)"
2023-11,1,SARIMAX,4.418117454818235,4.498950261954565,4.363320460385559,4.634580063523572,4.291522380429875,4.706378143479256,82.94,89.92268647289194,2010-01,2023-10,"order=(1, 1, 0); future exog held at origin"
2023-11,3,no_change,4.418117454818235,4.456063581578097,4.210132952911232,4.701994210244962,4.079945142147597,4.832182021008597,82.94,86.14772727272724,2010-01,2023-08,last observed log Brent
2023-11,3,ARIMA,4.418117454818235,4.484620959818692,4.198378960394238,4.7708629592431455,4.046851598976582,4.922390320660801,82.94,88.64334505481527,2010-01,2023-08,"order=(1, 1, 0)"
2023-11,3,SARIMAX,4.418117454818235,4.475173640045972,4.198388855975701,4.751958424116242,4.05186784195591,4.898479438136033,82.94,87.80984639182422,2010-01,2023-08,"order=(1, 1, 0); future exog held at origin"
2023-11,6,no_change,4.418117454818235,4.323682223699637,3.9734920301389884,4.673872417260286,3.788112539598545,4.85925190780073,82.94,75.466,2010-01,2023-05,last observed log Brent
2023-11,6,ARIMA,4.418117454818235,4.282705682351708,3.8496691504734275,4.715742214229987,3.620433457581036,4.94497790712238,82.94,72.43616435548655,2010-01,2023-05,"order=(1, 1, 0)"
2023-11,6,SARIMAX,4.418117454818235,4.277304283877465,3.8618869515648715,4.692721616190058,3.641978299518504,4.912630268236425,82.94,72.04596253429877,2010-01,2023-05,"order=(1, 1, 0); future exog held at origin"
2023-12,1,no_change,4.3519675099234805,4.418117454818235,4.276857757175046,4.559377152461424,4.202079390263249,4.634155519373222,77.63105263157895,82.94,2010-01,2023-11,last observed log Brent
2023-12,1,ARIMA,4.3519675099234805,4.395255926153415,4.259021132639153,4.531490719667677,4.186902789293303,4.603609063013527,77.63105263157895,81.06537485769852,2010-01,2023-11,"order=(1, 1, 0)"
2023-12,1,SARIMAX,4.3519675099234805,4.397341463996001,4.261863821481377,4.532819106510624,4.190146289663537,4.604536638328464,77.63105263157895,81.23461618293933,2010-01,2023-11,"order=(1, 1, 0); future exog held at origin"
2023-12,3,no_change,4.3519675099234805,4.540337018271877,4.294734940702173,4.785939095841582,4.164721054383391,4.915952982160364,77.63105263157895,93.722380952381,2010-01,2023-09,last observed log Brent
2023-12,3,ARIMA,4.3519675099234805,4.574703628241077,4.288523289165594,4.8608839673165605,4.137028568764989,5.012378687717166,77.63105263157895,96.99928702717663,2010-01,2023-09,"order=(1, 1, 0)"
2023-12,3,SARIMAX,4.3519675099234805,4.576474535895733,4.298466028773337,4.85448304301813,4.151297214900389,5.001651856891078,77.63105263157895,97.17121599730146,2010-01,2023-09,"order=(1, 1, 0); future exog held at origin"
2023-12,6,no_change,4.3519675099234805,4.315340354206122,3.9662402042918674,4.664440504120377,3.781437748001814,4.84924296041043,77.63105263157895,74.83909090909093,2010-01,2023-06,last observed log Brent
2023-12,6,ARIMA,4.3519675099234805,4.3132099613296955,3.8820557111970206,4.74436421146237,3.653816438071573,4.972603484587817,77.63105263157895,74.67982395377055,2010-01,2023-06,"order=(1, 1, 0)"
2023-12,6,SARIMAX,4.3519675099234805,4.312607298760328,3.899191936491545,4.726022661029112,3.6803430633699534,4.944871534150703,77.63105263157895,74.63483077839982,2010-01,2023-06,"order=(1, 1, 0); future exog held at origin"
2024-01,1,no_change,4.383576569268087,4.3519675099234805,4.210978857546842,4.492956162300119,4.136343973332021,4.56759104651494,80.12409090909091,77.63105263157892,2010-01,2023-12,last observed log Brent
2024-01,1,ARIMA,4.383576569268087,4.334559437927171,4.19866805656454,4.470450819289801,4.126731504630573,4.542387371223768,80.12409090909091,76.29134041372713,2010-01,2023-12,"order=(1, 1, 0)"
2024-01,1,SARIMAX,4.383576569268087,4.328387178454817,4.193103192632447,4.463671164277188,4.121488176474982,4.535286180434653,80.12409090909091,75.82190070738149,2010-01,2023-12,"order=(1, 1, 0); future exog held at origin"
2024-01,3,no_change,4.383576569268087,4.506409058507508,4.2614814014305615,4.751336715584454,4.131824531754897,4.880993585260119,80.12409090909091,90.59590909090907,2010-01,2023-10,last observed log Brent
2024-01,3,ARIMA,4.383576569268087,4.4978695711997325,4.212826131416595,4.78291301098287,4.061933249147057,4.9338058932524085,80.12409090909091,89.82556034807627,2010-01,2023-10,"order=(1, 1, 0)"
2024-01,3,SARIMAX,4.383576569268087,4.497409631138406,4.220647462698128,4.774171799578683,4.074138420669681,4.920680841607131,80.12409090909091,89.78425547395238,2010-01,2023-10,"order=(1, 1, 0); future exog held at origin"
2024-01,6,no_change,4.383576569268087,4.383376913113684,4.0349570055287325,4.731796820698636,3.8505146477759,4.916239178451469,80.12409090909091,80.1080952380952,2010-01,2023-07,last observed log Brent
2024-01,6,ARIMA,4.383576569268087,4.411494725986968,3.9812464857536534,4.8417429662202816,3.7534868252977107,5.069502626676225,80.12409090909091,82.39252575849785,2010-01,2023-07,"order=(1, 1, 0)"
2024-01,6,SARIMAX,4.383576569268087,4.399137255872524,3.987008899080511,4.811265612664537,3.7688413255041198,5.029433186240928,80.12409090909091,81.38062771069183,2010-01,2023-07,"order=(1, 1, 0); future exog held at origin"
2024-02,1,no_change,4.424584264963725,4.383576569268087,4.242976183064969,4.524176955471204,4.168546834546934,4.598606303989239,83.47809523809524,80.12409090909088,2010-01,2024-01,last observed log Brent
2024-02,1,ARIMA,4.424584264963725,4.3923922160035405,4.256821842970841,4.52796258903624,4.1850552225819495,4.599729209425131,83.47809523809524,80.83355920575632,2010-01,2024-01,"order=(1, 1, 0)"
2024-02,1,SARIMAX,4.424584264963725,4.392071375517496,4.2570600813781585,4.527082669656833,4.185589419477908,4.598553331557084,83.47809523809524,80.80762868733453,2010-01,2024-01,"order=(1, 1, 0); future exog held at origin"
2024-02,3,no_change,4.424584264963725,4.418117454818235,4.173448481438414,4.662786428198056,4.043928550640154,4.792306358996316,83.47809523809524,82.94,2010-01,2023-11,last observed log Brent
2024-02,3,ARIMA,4.424584264963725,4.388615257708028,4.1036451934566385,4.6735853219594174,3.9527911538473,4.824439361568755,83.47809523809524,80.52883006065177,2010-01,2023-11,"order=(1, 1, 0)"
2024-02,3,SARIMAX,4.424584264963725,4.390876018557646,4.113879105875435,4.667872931239856,3.9672457977516578,4.8145062393636335,83.47809523809524,80.7110924351095,2010-01,2023-11,"order=(1, 1, 0); future exog held at origin"
2024-02,6,no_change,4.424584264963725,4.456063581578097,4.108265151114476,4.803862012041718,3.9241517834768813,4.987975379679313,83.47809523809524,86.14772727272724,2010-01,2023-08,last observed log Brent
2024-02,6,ARIMA,4.424584264963725,4.488641458075482,4.058529100444616,4.9187538157063475,3.830841371893331,5.146441544257632,83.47809523809524,89.0004528637096,2010-01,2023-08,"order=(1, 1, 0)"
2024-02,6,SARIMAX,4.424584264963725,4.475442582628579,4.063915821156243,4.886969344100915,3.8460667129050496,5.1048184523521085,83.47809523809524,87.83346537462397,2010-01,2023-08,"order=(1, 1, 0); future exog held at origin"
2024-03,1,no_change,4.4474456274575065,4.424584264963725,4.284345532175884,4.564822997751566,4.210107631411409,4.639060898516041,85.4085,83.47809523809524,2010-01,2024-02,last observed log Brent
2024-03,1,ARIMA,4.4474456274575065,4.436094594238004,4.300891076292194,4.571298112183815,4.229318657255481,4.642870531220527,85.4085,84.4445067892812,2010-01,2024-02,"order=(1, 1, 0)"
2024-03,1,SARIMAX,4.4474456274575065,4.437091534760053,4.302412732726583,4.571770336793523,4.2311180815151745,4.643064988004931,85.4085,84.52873491820512,2010-01,2024-02,"order=(1, 1, 0); future exog held at origin"
2024-03,3,no_change,4.4474456274575065,4.3519675099234805,4.107768000716477,4.596167019130484,3.9784965892393855,4.725438430607575,85.4085,77.63105263157892,2010-01,2023-12,last observed log Brent
2024-03,3,ARIMA,4.4474456274575065,4.329094000931826,4.0444306230031914,4.61375737886046,3.8937389333262997,4.764449068537352,85.4085,75.87551227574973,2010-01,2023-12,"order=(1, 1, 0)"
2024-03,3,SARIMAX,4.4474456274575065,4.319895366417121,4.042322110236247,4.5974686225979955,3.8953837042938466,4.744407028540396,85.4085,75.18076144802838,2010-01,2023-12,"order=(1, 1, 0); future exog held at origin"
2024-03,6,no_change,4.4474456274575065,4.540337018271877,4.193003229225793,4.887670807317962,4.009135827896938,5.071538208646817,85.4085,93.722380952381,2010-01,2023-09,last observed log Brent
2024-03,6,ARIMA,4.4474456274575065,4.580428432469068,4.150091511478496,5.01076535345964,3.9222849062653795,5.238571958672757,85.4085,97.55618149060916,2010-01,2023-09,"order=(1, 1, 0)"
2024-03,6,SARIMAX,4.4474456274575065,4.579387043032278,4.165256739443507,4.993517346621049,3.9460293992485855,5.21274468681597,85.4085,97.45464039480024,2010-01,2023-09,"order=(1, 1, 0); future exog held at origin"
2024-04,1,no_change,4.499121602978377,4.4474456274575065,4.30760520942923,4.587286045485783,4.233578163761673,4.66131309115334,89.93809523809524,85.40849999999999,2010-01,2024-03,last observed log Brent
2024-04,1,ARIMA,4.499121602978377,4.45422575954216,4.319418232465376,4.589033286618944,4.248055438332241,4.660396080752079,89.93809523809524,85.98954847795876,2010-01,2024-03,"order=(1, 1, 0)"
2024-04,1,SARIMAX,4.499121602978377,4.4541256111969,4.319842902518206,4.588408319875593,4.2487579304630545,4.659493291930745,89.93809523809524,85.98093719817892,2010-01,2024-03,"order=(1, 1, 0); future exog held at origin"
2024-04,3,no_change,4.499121602978377,4.383576569268087,4.140049556800481,4.6271035817356925,4.011134143592993,4.75601899494318,89.93809523809524,80.12409090909088,2010-01,2024-01,last observed log Brent
2024-04,3,ARIMA,4.499121602978377,4.3963913133474035,4.112746661205397,4.68003596548941,3.9625942523844455,4.830188374310361,89.93809523809524,81.15746771682117,2010-01,2024-01,"order=(1, 1, 0)"
2024-04,3,SARIMAX,4.499121602978377,4.393897369283067,4.117639320340028,4.6701554182261065,3.971397143053336,4.8163975955127984,89.93809523809524,80.95531771211141,2010-01,2024-01,"order=(1, 1, 0); future exog held at origin"
2024-04,6,no_change,4.499121602978377,4.506409058507508,4.160029044069024,4.852789072945992,3.9766665405188584,5.036151576496158,89.93809523809524,90.59590909090907,2010-01,2023-10,last observed log Brent
2024-04,6,ARIMA,4.499121602978377,4.501399097743176,4.073096668229757,4.929701527256595,3.8463670577483002,5.1564311377380525,89.93809523809524,90.14316220999356,2010-01,2023-10,"order=(1, 1, 0)"
2024-04,6,SARIMAX,4.499121602978377,4.49829806443551,4.08640968523016,4.91018644364086,3.8683691481144553,5.1282269807565655,89.93809523809524,89.86405824053959,2010-01,2023-10,"order=(1, 1, 0); future exog held at origin"
2024-05,1,no_change,4.403619209011937,4.499121602978377,4.359603522460281,4.638639683496473,4.28574711196332,4.712496093993434,81.74619047619048,89.93809523809522,2010-01,2024-04,last observed log Brent
2024-05,1,ARIMA,4.403619209011937,4.513823493398884,4.37934106794218,4.648305918855588,4.308150372211035,4.719496614586733,81.74619047619048,91.27012292891662,2010-01,2024-04,"order=(1, 1, 0)"
2024-05,1,SARIMAX,4.403619209011937,4.5095745216436836,4.3756455990952645,4.643503444192103,4.304747910104562,4.714401133182805,81.74619047619048,90.88314147334097,2010-01,2024-04,"order=(1, 1, 0); future exog held at origin"
2024-05,3,no_change,4.403619209011937,4.424584264963725,4.1816836545861085,4.667484875341342,4.0530998386147825,4.7960686913126676,81.74619047619048,83.47809523809524,2010-01,2024-02,last observed log Brent
2024-05,3,ARIMA,4.403619209011937,4.441436181208218,4.158452032493557,4.724420329922879,4.008649273066315,4.874223089350121,81.74619047619048,84.89678132295258,2010-01,2024-02,"order=(1, 1, 0)"
2024-05,3,SARIMAX,4.403619209011937,4.440681824230326,4.164824751860184,4.716538896600468,4.0187948387492725,4.86256880971138,81.74619047619048,84.8327629929339,2010-01,2024-02,"order=(1, 1, 0); future exog held at origin"
2024-05,6,no_change,4.403619209011937,4.418117454818235,4.072103274372591,4.76413163526388,3.8889344316400662,4.947300477996404,81.74619047619048,82.94,2010-01,2023-11,last observed log Brent
2024-05,6,ARIMA,4.403619209011937,4.389810165547829,3.9614272552116643,4.818193075883995,3.7346550407561576,5.044965290339501,81.74619047619048,80.6251121036493,2010-01,2023-11,"order=(1, 1, 0)"
2024-05,6,SARIMAX,4.403619209011937,4.389695011998966,3.9771390769727653,4.802250947025167,3.7587451571517407,5.020644866846191,81.74619047619048,80.61582837040072,2010-01,2023-11,"order=(1, 1, 0); future exog held at origin"
2024-06,1,no_change,4.409714756244052,4.403619209011937,4.264190607226923,4.54304781079695,4.19038156391002,4.616856854113853,82.24600000000001,81.74619047619046,2010-01,2024-05,last observed log Brent
2024-06,1,ARIMA,4.409714756244052,4.3788867092059505,4.244366913912217,4.513406504499684,4.173156435784314,4.584616982627587,82.24600000000001,79.74919991540789,2010-01,2024-05,"order=(1, 1, 0)"
2024-06,1,SARIMAX,4.409714756244052,4.3848035681289055,4.250970715726372,4.518636420531439,4.180123883198895,4.589483253058916,82.24600000000001,80.22246341649587,2010-01,2024-05,"order=(1, 1, 0); future exog held at origin"
2024-06,3,no_change,4.409714756244052,4.4474456274575065,4.205234918480861,4.689656336434152,4.077016314250431,4.8178749406645816,82.24600000000001,85.40849999999999,2010-01,2024-03,last observed log Brent
2024-06,3,ARIMA,4.409714756244052,4.458138546023622,4.175934595473755,4.740342496573489,4.026544848006784,4.889732244040459,82.24600000000001,86.3266663257659,2010-01,2024-03,"order=(1, 1, 0)"
2024-06,3,SARIMAX,4.409714756244052,4.45623931413803,4.18101836107788,4.73146026719818,4.035325189188674,4.877153439087387,82.24600000000001,86.16286756365538,2010-01,2024-03,"order=(1, 1, 0); future exog held at origin"
2024-06,6,no_change,4.409714756244052,4.3519675099234805,4.006617252078082,4.697317767768879,3.823799868740067,4.880135151106893,82.24600000000001,77.63105263157892,2010-01,2023-12,last observed log Brent
2024-06,6,ARIMA,4.409714756244052,4.329355821529562,3.901173003811826,4.757538639247299,3.6745067119902117,4.984204931068913,82.24600000000001,75.89538064858846,2010-01,2023-12,"order=(1, 1, 0)"
2024-06,6,SARIMAX,4.409714756244052,4.316792404793747,3.9028049229093518,4.7307798866781425,3.6836531879577588,4.9499316216297355,82.24600000000001,74.94783999049892,2010-01,2023-12,"order=(1, 1, 0); future exog held at origin"
2024-07,1,no_change,4.444450149021455,4.409714756244052,4.270690957671762,4.548738554816342,4.197096204231401,4.622333308256704,85.15304347826087,82.24600000000007,2010-01,2024-06,last observed log Brent
2024-07,1,ARIMA,4.444450149021455,4.411832984510682,4.27767133115373,4.545994637867635,4.206650441914957,4.617015527106408,85.15304347826087,82.4204004467857,2010-01,2024-06,"order=(1, 1, 0)"
2024-07,1,SARIMAX,4.444450149021455,4.407656215087606,4.274213631509622,4.5410987986655895,4.203573394818347,4.611739035356864,85.15304347826087,82.07686736701615,2010-01,2024-06,"order=(1, 1, 0); future exog held at origin"
2024-07,3,no_change,4.444450149021455,4.499121602978377,4.2574691989465485,4.740774007010206,4.12954614350115,4.868697062455604,85.15304347826087,89.93809523809522,2010-01,2024-04,last observed log Brent
2024-07,3,ARIMA,4.444450149021455,4.520999408625967,4.239370817853111,4.802627999398823,4.0902856474539755,4.951713169797958,85.15304347826087,91.92742514573543,2010-01,2024-04,"order=(1, 1, 0)"
2024-07,3,SARIMAX,4.444450149021455,4.513287873431003,4.238778974531433,4.787796772330573,4.0934627413456885,4.933113005516318,85.15304347826087,91.22124991845354,2010-01,2024-04,"order=(1, 1, 0); future exog held at origin"
2024-07,6,no_change,4.444450149021455,4.383576569268087,4.039177365432196,4.727975773103977,3.8568634396752355,4.910289698860938,85.15304347826087,80.12409090909088,2010-01,2024-01,last observed log Brent
2024-07,6,ARIMA,4.444450149021455,4.398492742063699,3.9720615562862664,4.824923927841131,3.746322522402421,5.050662961724976,85.15304347826087,81.3281936714077,2010-01,2024-01,"order=(1, 1, 0)"
2024-07,6,SARIMAX,4.444450149021455,4.392933966081269,3.9813527207276374,4.804515211434901,3.763474770451901,5.022393161710638,85.15304347826087,80.87736265692935,2010-01,2024-01,"order=(1, 1, 0); future exog held at origin"
2024-08,1,no_change,4.386457281038621,4.444450149021455,4.305788706672253,4.583111591370658,4.232385773029433,4.656514525013478,80.3552380952381,85.1530434782609,2010-01,2024-07,last observed log Brent
2024-08,1,ARIMA,4.386457281038621,4.454239075387278,4.3204282082212195,4.5880499425533365,4.249593013974916,4.65888513679964,80.3552380952381,85.99069350909159,2010-01,2024-07,"order=(1, 1, 0)"
2024-08,1,SARIMAX,4.386457281038621,4.4563137730546325,4.323162187365046,4.589465358744219,4.252675995650735,4.65995155045853,80.3552380952381,86.16928339628052,2010-01,2024-07,"order=(1, 1, 0); future exog held at origin"
2024-08,3,no_change,4.386457281038621,4.403619209011937,4.162121786692004,4.645116631331869,4.034280773609077,4.772957644414796,80.3552380952381,81.74619047619046,2010-01,2024-05,last observed log Brent
2024-08,3,ARIMA,4.386457281038621,4.371470578925318,4.090352554948483,4.652588602902153,3.9415376622849156,4.8014034955657205,80.3552380952381,79.15995711040745,2010-01,2024-05,"order=(1, 1, 0)"
2024-08,3,SARIMAX,4.386457281038621,4.378932223940925,4.1054800333932295,4.652384414488621,3.9607231878189095,4.797141260062941,80.3552380952381,79.7528297617116,2010-01,2024-05,"order=(1, 1, 0); future exog held at origin"
2024-08,6,no_change,4.386457281038621,4.424584264963725,4.081070927458996,4.768097602468454,3.8992259510106613,4.949942578916789,80.3552380952381,83.47809523809524,2010-01,2024-02,last observed log Brent
2024-08,6,ARIMA,4.386457281038621,4.444381517336743,4.018875586820577,4.869887447852909,3.7936263534854264,5.09513668118806,80.3552380952381,85.14719948197255,2010-01,2024-02,"order=(1, 1, 0)"
2024-08,6,SARIMAX,4.386457281038621,4.44079662232578,4.0296485573331235,4.851944687318436,3.8119999188888043,5.069593325762756,80.3552380952381,84.84250219156759,2010-01,2024-02,"order=(1, 1, 0); future exog held at origin"
2024-09,1,no_change,4.304290293070002,4.386457281038621,4.24807823465421,4.524836327423031,4.174824792405058,4.598089769672184,74.01666666666667,80.3552380952381,2010-01,2024-08,last observed log Brent
2024-09,1,ARIMA,4.304290293070002,4.371699970830109,4.238112786853299,4.505287154806919,4.167396003334731,4.576003938325488,74.01666666666667,79.1781178466355,2010-01,2024-08,"order=(1, 1, 0)"
2024-09,1,SARIMAX,4.304290293070002,4.368745555099693,4.235710884553701,4.501780225645685,4.165286583977847,4.572204526221539,74.01666666666667,78.94453798567396,2010-01,2024-08,"order=(1, 1, 0); future exog held at origin"
2024-09,3,no_change,4.304290293070002,4.409714756244052,4.168918473655625,4.65051103883248,4.041448621526414,4.7779808909616905,74.01666666666667,82.24600000000007,2010-01,2024-06,last observed log Brent
2024-09,3,ARIMA,4.304290293070002,4.413720927677447,4.133659978915892,4.693781876439003,3.985404668069506,4.842037187285389,74.01666666666667,82.57615245782111,2010-01,2024-06,"order=(1, 1, 0)"
2024-09,3,SARIMAX,4.304290293070002,4.4067401647732884,4.134229915188508,4.679250414358069,3.9899717030397808,4.823508626506796,74.01666666666667,82.00171525368025,2010-01,2024-06,"order=(1, 1, 0); future exog held at origin"
2024-09,6,no_change,4.304290293070002,4.4474456274575065,4.104907957870731,4.789983297044282,3.92357946881951,4.971311786095503,74.01666666666667,85.40849999999999,2010-01,2024-03,last observed log Brent
2024-09,6,ARIMA,4.304290293070002,4.4612394309184005,4.0368758403547425,4.8856030214820585,3.812231325262175,5.110247536574626,74.01666666666667,86.59477084719282,2010-01,2024-03,"order=(1, 1, 0)"
2024-09,6,SARIMAX,4.304290293070002,4.456630046195875,4.046326836718221,4.86693325567353,3.829125437767843,5.084134654623908,74.01666666666667,86.19654073637398,2010-01,2024-03,"order=(1, 1, 0); future exog held at origin"
2024-10,1,no_change,4.325887522141672,4.304290293070002,4.166077374440161,4.442503211699843,4.092911874912059,4.515668711227945,75.63260869565217,74.0166666666667,2010-01,2024-09,last observed log Brent
2024-10,1,ARIMA,4.325887522141672,4.282700552361151,4.149336793768736,4.4160643109535656,4.078738284504258,4.486662820218044,75.63260869565217,72.43579275960057,2010-01,2024-09,"order=(1, 1, 0)"
2024-10,1,SARIMAX,4.325887522141672,4.283449153092814,4.15063645158359,4.4162618546020385,4.080329654317961,4.4865686518676675,75.63260869565217,72.49003854874445,2010-01,2024-09,"order=(1, 1, 0); future exog held at origin"
2024-10,3,no_change,4.325887522141672,4.444450149021455,4.204281485821853,4.684618812221058,4.0771438753278835,4.811756422715027,75.63260869565217,85.1530434782609,2010-01,2024-07,last observed log Brent
2024-10,3,ARIMA,4.325887522141672,4.4590808953012795,4.179733031592628,4.738428759009931,4.031855205171133,4.886306585431426,75.63260869565217,86.4080545394599,2010-01,2024-07,"order=(1, 1, 0)"
2024-10,3,SARIMAX,4.325887522141672,4.4600835761811215,4.187998139340293,4.73216901302195,4.043964809474101,4.876202342888142,75.63260869565217,86.49473769411946,2010-01,2024-07,"order=(1, 1, 0); future exog held at origin"
2024-10,6,no_change,4.325887522141672,4.499121602978377,4.157373495816502,4.840869710140252,3.9764629758654144,5.0217802300913394,75.63260869565217,89.93809523809522,2010-01,2024-04,last observed log Brent
2024-10,6,ARIMA,4.325887522141672,4.525369078310834,4.1018039793525185,4.948934177269149,3.8775821601826848,5.173155996438983,75.63260869565217,92.32999654005309,2010-01,2024-04,"order=(1, 1, 0)"
2024-10,6,SARIMAX,4.325887522141672,4.51460681053969,4.105357442030381,4.923856179048999,3.8887139127902777,5.140499708289102,75.63260869565217,91.3416443889861,2010-01,2024-04,"order=(1, 1, 0); future exog held at origin"
2024-11,1,no_change,4.308719623716365,4.325887522141672,4.188051874618343,4.463723169665001,4.115086090350139,4.536688953933205,74.3452380952381,75.63260869565215,2010-01,2024-10,last observed log Brent
2024-11,1,ARIMA,4.308719623716365,4.331694442865412,4.198645263479238,4.464743622251585,4.128213282387337,4.535175603343486,74.3452380952381,76.0730789085485,2010-01,2024-10,"order=(1, 1, 0)"
2024-11,1,SARIMAX,4.308719623716365,4.330421276791424,4.197927982014146,4.462914571568701,4.127790268458833,4.533052285124015,74.3452380952381,75.97628687457988,2010-01,2024-10,"order=(1, 1, 0); future exog held at origin"
2024-11,3,no_change,4.308719623716365,4.386457281038621,4.146777741997892,4.62613682007935,4.019899058193047,4.753015503884194,74.3452380952381,80.3552380952381,2010-01,2024-08,last observed log Brent
2024-11,3,ARIMA,4.308719623716365,4.367600474363429,4.088959315757549,4.646241632969309,3.941455596419358,4.7937453523075,74.3452380952381,78.85419185267344,2010-01,2024-08,"order=(1, 1, 0)"
2024-11,3,SARIMAX,4.308719623716365,4.362827361964302,4.090898274907468,4.634756449021137,3.9469477116173692,4.778707012311235,74.3452380952381,78.47870875620328,2010-01,2024-08,"order=(1, 1, 0); future exog held at origin"
2024-11,6,no_change,4.308719623716365,4.403619209011937,4.062090279088945,4.745148138934928,3.881295784559554,4.925942633464319,74.3452380952381,81.74619047619046,2010-01,2024-05,last observed log Brent
2024-11,6,ARIMA,4.308719623716365,4.3722729515599665,3.9498475425956627,4.79469836052427,3.726229038865121,5.018316864254812,74.3452380952381,79.22349838223265,2010-01,2024-05,"order=(1, 1, 0)"
2024-11,6,SARIMAX,4.308719623716365,4.37779647072829,3.9706261912819962,4.7849667501745845,3.7550832653094233,5.000509676147157,74.3452380952381,79.6623016476225,2010-01,2024-05,"order=(1, 1, 0); future exog held at origin"
2024-12,1,no_change,4.302164639837463,4.308719623716365,4.171264047179834,4.446175200252895,4.098499460338622,4.518939787094108,73.8595,74.34523809523812,2010-01,2024-11,last observed log Brent
2024-12,1,ARIMA,4.302164639837463,4.304310819968652,4.171619669864874,4.43700197007243,4.1013772180264745,4.50724442191083,73.8595,74.01818601487548,2010-01,2024-11,"order=(1, 1, 0)"
2024-12,1,SARIMAX,4.302164639837463,4.308286133224615,4.176169488174771,4.44040277827446,4.1062311609411415,4.510341105508089,73.8595,74.3130171256635,2010-01,2024-11,"order=(1, 1, 0); future exog held at origin"
2024-12,3,no_change,4.302164639837463,4.304290293070002,4.064898495740735,4.543682090399269,3.9381721331969053,4.670408452943098,73.8595,74.0166666666667,2010-01,2024-09,last observed log Brent
2024-12,3,ARIMA,4.302164639837463,4.27542611043177,3.996844496575871,4.554007724287669,3.8493722983242735,4.701479922539266,73.8595,71.91077471342498,2010-01,2024-09,"order=(1, 1, 0)"
2024-12,3,SARIMAX,4.302164639837463,4.2756146349841035,4.00331422004193,4.547915049926277,3.859167087643178,4.69206218232503,73.8595,71.92433293802476,2010-01,2024-09,"order=(1, 1, 0); future exog held at origin"
2024-12,6,no_change,4.302164639837463,4.409714756244052,4.069177387638473,4.750252124849632,3.888907793963651,4.930521718524454,73.8595,82.24600000000007,2010-01,2024-06,last observed log Brent
2024-12,6,ARIMA,4.302164639837463,4.4158916825898515,3.995248628075362,4.8365347371043415,3.7725736457967187,5.059209719382984,73.8595,82.75559974398975,2010-01,2024-06,"order=(1, 1, 0)"
2024-12,6,SARIMAX,4.302164639837463,4.406136182105395,4.000452710428687,4.811819653782103,3.78569685294611,5.02657551126468,73.8595,81.95220259282914,2010-01,2024-06,"order=(1, 1, 0); future exog held at origin"
2025-01,1,no_change,4.372865480974854,4.302164639837463,4.165094339252256,4.43923494042267,4.092533705179816,4.51179557449511,79.27045454545454,73.8595,2010-01,2024-12,last observed log Brent
2025-01,1,ARIMA,4.372865480974854,4.30050348868669,4.168185432035287,4.4328215453380935,4.098140483940272,4.502866493433109,79.27045454545454,73.73691005498337,2010-01,2024-12,"order=(1, 1, 0)"
2025-01,1,SARIMAX,4.372865480974854,4.301649800729805,4.169910396847053,4.433389204612558,4.1001717690243495,4.503127832435261,79.27045454545454,73.82148402782224,2010-01,2024-12,"order=(1, 1, 0); future exog held at origin"
2025-01,3,no_change,4.372865480974854,4.325887522141672,4.087149177537111,4.5646258667462325,3.960768731970472,4.691006312312872,79.27045454545454,75.63260869565215,2010-01,2024-10,last observed log Brent
2025-01,3,ARIMA,4.372865480974854,4.334018429905342,4.056458208285538,4.611578651525146,3.9095267024229656,4.758510157387718,79.27045454545454,76.25007734939808,2010-01,2024-10,"order=(1, 1, 0)"
2025-01,3,SARIMAX,4.372865480974854,4.330571581759053,4.059278507805985,4.601864655712122,3.9156646295154127,4.745478534002694,79.27045454545454,75.98770734617449,2010-01,2024-10,"order=(1, 1, 0); future exog held at origin"
2025-01,6,no_change,4.372865480974854,4.444450149021455,4.104800368267561,4.7840999297753495,3.925000635219282,4.963899662823629,79.27045454545454,85.1530434782609,2010-01,2024-07,last observed log Brent
2025-01,6,ARIMA,4.372865480974854,4.462193158830967,4.0426091006369305,4.881777217025004,3.820494717147115,5.103891600514819,79.27045454545454,86.67739809292428,2010-01,2024-07,"order=(1, 1, 0)"
2025-01,6,SARIMAX,4.372865480974854,4.460914416750535,4.055764501598996,4.866064331902074,3.8412910918794614,5.080537741621609,79.27045454545454,86.56663089299406,2010-01,2024-07,"order=(1, 1, 0); future exog held at origin"
2025-02,1,no_change,4.3233111268391,4.372865480974854,4.236011048177124,4.509719913772583,4.163564687608632,4.582166274341075,75.438,79.27045454545453,2010-01,2025-01,last observed log Brent
2025-02,1,ARIMA,4.3233111268391,4.391683813697992,4.259554965674649,4.523812661721335,4.18961017857706,4.593757448818924,75.438,80.7763168037679,2010-01,2025-01,"order=(1, 1, 0)"
2025-02,1,SARIMAX,4.3233111268391,4.386713524973291,4.255214292157922,4.5182127577886595,4.185602803218412,4.58782424672817,75.438,80.3758312759451,2010-01,2025-01,"order=(1, 1, 0); future exog held at origin"
2025-02,3,no_change,4.3233111268391,4.308719623716365,4.070639581371422,4.5467996660613075,3.9446076199706837,4.672831627462045,75.438,74.34523809523812,2010-01,2024-11,last observed log Brent
2025-02,3,ARIMA,4.3233111268391,4.302991872315405,4.02622948065802,4.579754263972791,3.879720320465574,4.726263424165237,75.438,73.92062425570361,2010-01,2024-11,"order=(1, 1, 0)"
2025-02,3,SARIMAX,4.3233111268391,4.306938743348306,4.036450669312541,4.5774268173840715,3.89326293223694,4.720614554459672,75.438,74.21295594455971,2010-01,2024-11,"order=(1, 1, 0); future exog held at origin"
2025-02,6,no_change,4.3233111268391,4.386457281038621,4.0474992263038905,4.725415335773351,3.868065670891032,4.90484889118621,75.438,80.3552380952381,2010-01,2024-08,last observed log Brent
2025-02,6,ARIMA,4.3233111268391,4.368567666118242,3.9501952783390104,4.786940053897474,3.728722314421559,5.0084130178149255,75.438,78.93049587122631,2010-01,2024-08,"order=(1, 1, 0)"
2025-02,6,SARIMAX,4.3233111268391,4.3610979999730395,3.956132665617144,4.766063334328935,3.741756967068536,4.980439032877543,75.438,78.34310794539604,2010-01,2024-08,"order=(1, 1, 0); future exog held at origin"
2025-03,1,no_change,4.286793237635971,4.3233111268391,4.18675503165181,4.459867222026389,4.1144666014744296,4.53215565220377,72.73285714285714,75.43800000000003,2010-01,2025-02,last observed log Brent
2025-03,1,ARIMA,4.286793237635971,4.310620592108518,4.17869880749022,4.4425423767268155,4.108863633138056,4.51237755107898,72.73285714285714,74.48670045810452,2010-01,2025-02,"order=(1, 1, 0)"
2025-03,1,SARIMAX,4.286793237635971,4.311414030339689,4.180147392420272,4.442680668259106,4.110659031781059,4.512169028898319,72.73285714285714,74.54582450650021,2010-01,2025-02,"order=(1, 1, 0); future exog held at origin"
2025-03,3,no_change,4.286793237635971,4.302164639837463,4.064751915015147,4.539577364659779,3.939073210172268,4.665256069502659,72.73285714285714,73.8595,2010-01,2024-12,last observed log Brent
2025-03,3,ARIMA,4.286793237635971,4.300057566935469,4.024069626733331,4.576045507137607,3.8779704363768825,4.7221446974940555,72.73285714285714,73.70403649298491,2010-01,2024-12,"order=(1, 1, 0)"
2025-03,3,SARIMAX,4.286793237635971,4.300287181459449,4.030571316223912,4.570003046694986,3.887792361794454,4.712782001124444,72.73285714285714,73.72096195333107,2010-01,2024-12,"order=(1, 1, 0); future exog held at origin"
2025-03,6,no_change,4.286793237635971,4.304290293070002,3.965739166566081,4.642841419573923,3.7865210259463877,4.822059560193616,72.73285714285714,74.0166666666667,2010-01,2024-09,last observed log Brent
2025-03,6,ARIMA,4.286793237635971,4.2746685807921505,3.85613038879837,4.693206772785931,3.6345696534316096,4.914767508152691,72.73285714285714,71.85632079800307,2010-01,2024-09,"order=(1, 1, 0)"
2025-03,6,SARIMAX,4.286793237635971,4.272250284749981,3.8662465559252572,4.678254013574704,3.6513211645492913,4.893179404950669,72.73285714285714,71.68276088602026,2010-01,2024-09,"order=(1, 1, 0); future exog held at origin"
2025-04,1,no_change,4.221483692802509,4.286793237635971,4.150570842460898,4.423015632811044,4.078459062399356,4.495127412872585,68.1345,72.73285714285717,2010-01,2025-03,last observed log Brent
2025-04,1,ARIMA,4.221483692802509,4.277306571841932,4.145730270366925,4.40888287331694,4.076077983743403,4.478535159940462,68.1345,72.04612737308966,2010-01,2025-03,"order=(1, 1, 0)"
2025-04,1,SARIMAX,4.221483692802509,4.274231180606583,4.143257093981045,4.405205267232121,4.073923600641983,4.474538760571184,68.1345,71.8248977026867,2010-01,2025-03,"order=(1, 1, 0); future exog held at origin"
2025-04,3,no_change,4.221483692802509,4.372865480974854,4.135826650128165,4.609904311821542,4.010345872800084,4.735385089149624,68.1345,79.27045454545453,2010-01,2025-01,last observed log Brent
2025-04,3,ARIMA,4.221483692802509,4.398855868797671,4.123309679725268,4.674402057870075,3.9774443382911526,4.82026739930419,68.1345,81.35773147541408,2010-01,2025-01,"order=(1, 1, 0)"
2025-04,3,SARIMAX,4.221483692802509,4.390285447086026,4.121336668169298,4.659234226002755,3.97896378470812,4.801607109463933,68.1345,80.66344083869579,2010-01,2025-01,"order=(1, 1, 0); future exog held at origin"
2025-04,6,no_change,4.221483692802509,4.325887522141672,3.9882605173434005,4.663514526939943,3.8095315772043046,4.842243467079039,68.1345,75.63260869565215,2010-01,2024-10,last observed log Brent
2025-04,6,ARIMA,4.221483692802509,4.334900536464184,3.918125321013943,4.751675751914426,3.697497849055141,4.972303223873228,68.1345,76.31736771701425,2010-01,2024-10,"order=(1, 1, 0)"
2025-04,6,SARIMAX,4.221483692802509,4.328608549199633,3.9243143108648857,4.732902787534381,3.71029386909043,4.946923229308837,68.1345,75.83868731597792,2010-01,2024-10,"order=(1, 1, 0); future exog held at origin"
2025-05,1,no_change,4.16593627601329,4.221483692802509,4.085496320094373,4.357471065510644,4.013508953411583,4.429458432193434,64.453,68.13449999999997,2010-01,2025-04,last observed log Brent
2025-05,1,ARIMA,4.16593627601329,4.2041961776636025,4.072875392919007,4.335516962408198,4.003358368681982,4.405033986645223,64.453,66.96674665912259,2010-01,2025-04,"order=(1, 1, 0)"
2025-05,1,SARIMAX,4.16593627601329,4.204423336930166,4.073725924053859,4.335120749806473,4.0045388929505235,4.404307780909808,64.453,66.98196050409531,2010-01,2025-04,"order=(1, 1, 0); future exog held at origin"
2025-05,3,no_change,4.16593627601329,4.3233111268391,4.0867890318915014,4.559833221786698,3.961581798024884,4.685040455653315,64.453,75.43800000000003,2010-01,2025-02,last observed log Brent
2025-05,3,ARIMA,4.16593627601329,4.306666321089735,4.032040701774785,4.581291940404685,3.8866626805334734,4.726669961645997,64.453,74.19274143705198,2010-01,2025-02,"order=(1, 1, 0)"
2025-05,3,SARIMAX,4.16593627601329,4.3068266624629175,4.038971240283176,4.574682084642659,3.897177144916607,4.716476180009228,64.453,74.20463855686893,2010-01,2025-02,"order=(1, 1, 0); future exog held at origin"
2025-05,6,no_change,4.16593627601329,4.308719623716365,3.972023598901786,4.6454156485309435,3.7937874897963795,4.82365175763635,64.453,74.34523809523812,2010-01,2024-11,last observed log Brent
2025-05,6,ARIMA,4.16593627601329,4.303112628123792,3.8875672835177446,4.718657972729838,3.667590865856635,4.938634390390948,64.453,73.92955113941773,2010-01,2024-11,"order=(1, 1, 0)"
2025-05,6,SARIMAX,4.16593627601329,4.304799864509405,3.9017251250766654,4.7078746039421455,3.688350247025369,4.921249481993442,64.453,74.05439305736914,2010-01,2024-11,"order=(1, 1, 0); future exog held at origin"
2025-06,1,no_change,4.268924590348537,4.16593627601329,4.030221671740868,4.301650880285711,3.958378699945708,4.3734938520808715,71.4447619047619,64.45300000000003,2010-01,2025-05,last observed log Brent
2025-06,1,ARIMA,4.268924590348537,4.150902122195396,4.019890858012646,4.281913386378147,3.9505376840636117,4.351266560327181,71.4447619047619,63.49125133756905,2010-01,2025-05,"order=(1, 1, 0)"
2025-06,1,SARIMAX,4.268924590348537,4.150584202657595,4.020181137313576,4.280987268001614,3.9511499243815664,4.350018480933624,71.4447619047619,63.47106943656968,2010-01,2025-05,"order=(1, 1, 0); future exog held at origin"
2025-06,3,no_change,4.268924590348537,4.286793237635971,4.050849128064018,4.522737347207923,3.925947861173197,4.647638614098744,71.4447619047619,72.73285714285717,2010-01,2025-03,last observed log Brent
2025-06,3,ARIMA,4.268924590348537,4.274084164498563,4.000058689169393,4.548109639827734,3.854998364963521,4.693169964033606,71.4447619047619,71.81433906193168,2010-01,2025-03,"order=(1, 1, 0)"
2025-06,3,SARIMAX,4.268924590348537,4.268918834611839,4.0013522197576545,4.536485449466024,3.8597110097541267,4.6781266594695525,71.4447619047619,71.44435068870736,2010-01,2025-03,"order=(1, 1, 0); future exog held at origin"
2025-06,6,no_change,4.268924590348537,4.302164639837463,3.966412344513792,4.637916935161134,3.7886758156235074,4.81565346405142,71.4447619047619,73.8595,2010-01,2024-12,last observed log Brent
2025-06,6,ARIMA,4.268924590348537,4.300193973621397,3.8858090941598538,4.714578853082941,3.666446989638386,4.933940957604408,71.4447619047619,73.71409090207116,2010-01,2024-12,"order=(1, 1, 0)"
2025-06,6,SARIMAX,4.268924590348537,4.298161616656649,3.8962375256841484,4.70008570762915,3.683471764133749,4.912851469179548,71.4447619047619,73.56442969004388,2010-01,2024-12,"order=(1, 1, 0); future exog held at origin"
2025-07,1,no_change,4.263261459267414,4.268924590348537,4.133225723003424,4.404623457693651,4.0613910818343655,4.476458098862709,71.04130434782608,71.4447619047619,2010-01,2025-06,last observed log Brent
2025-07,1,ARIMA,4.263261459267414,4.295464227630876,4.164337781911323,4.426590673350429,4.094923634539832,4.49600482072192,71.04130434782608,73.36626518823915,2010-01,2025-06,"order=(1, 1, 0)"
2025-07,1,SARIMAX,4.263261459267414,4.292382638029656,4.161849771300775,4.422915504758536,4.092749845666242,4.492015430393069,71.04130434782608,73.14052846096702,2010-01,2025-06,"order=(1, 1, 0); future exog held at origin"
2025-07,3,no_change,4.263261459267414,4.221483692802509,3.9859466540842123,4.457020731520805,3.8612608774865294,4.581706508118488,71.04130434782608,68.13449999999997,2010-01,2025-04,last observed log Brent
2025-07,3,ARIMA,4.263261459267414,4.19772293714683,3.9240256238058993,4.471420250487761,3.779139018063061,4.616306856230599,71.04130434782608,66.5346548273704,2010-01,2025-04,"order=(1, 1, 0)"
2025-07,3,SARIMAX,4.263261459267414,4.197125905440924,3.9297323560872166,4.4645194547946305,3.7881827614255763,4.606069049456271,71.04130434782608,66.49494338457174,2010-01,2025-04,"order=(1, 1, 0); future exog held at origin"
2025-07,6,no_change,4.263261459267414,4.372865480974854,4.037641951582405,4.708089010367303,3.8601853344679133,4.885545627481794,71.04130434782608,79.27045454545453,2010-01,2025-01,last observed log Brent
2025-07,6,ARIMA,4.263261459267414,4.401094845294702,3.9874027020552134,4.814786988534191,3.7684073099382753,5.033782380651129,71.04130434782608,81.54009360011285,2010-01,2025-01,"order=(1, 1, 0)"
2025-07,6,SARIMAX,4.263261459267414,4.389773192754051,3.989153650532045,4.790392734976057,3.7770784753749798,5.002467910133122,71.04130434782608,80.62213122311219,2010-01,2025-01,"order=(1, 1, 0); future exog held at origin"
2025-08,1,no_change,4.217594110715667,4.263261459267414,4.1279289202488645,4.398593998285964,4.056288201581913,4.470234716952915,67.87,71.04130434782607,2010-01,2025-07,last observed log Brent
2025-08,1,ARIMA,4.217594110715667,4.261700539340928,4.130894146651955,4.3925069320299,4.06164942512061,4.461751653561246,67.87,70.93050106029308,2010-01,2025-07,"order=(1, 1, 0)"
2025-08,1,SARIMAX,4.217594110715667,4.260797606551175,4.130588467583639,4.391006745518711,4.061659913074213,4.459935300028136,67.87,70.86648449077133,2010-01,2025-07,"order=(1, 1, 0); future exog held at origin"
2025-08,3,no_change,4.217594110715667,4.16593627601329,3.9308716860843513,4.401000865942228,3.806436008768396,4.525436543258184,67.87,64.45300000000003,2010-01,2025-05,last observed log Brent
2025-08,3,ARIMA,4.217594110715667,4.144664874652966,3.8713640317070412,4.41796571759889,3.7266873047135,4.562642444592432,67.87,63.09647313074378,2010-01,2025-05,"order=(1, 1, 0)"
2025-08,3,SARIMAX,4.217594110715667,4.143200027623729,3.8761064966332968,4.410293558614162,3.7347157220995735,4.551684333147885,67.87,63.00411411195522,2010-01,2025-05,"order=(1, 1, 0); future exog held at origin"
2025-08,6,no_change,4.217594110715667,4.3233111268391,3.9888183723633093,4.65780388131489,3.8117486041219193,4.83487364955628,67.87,75.43800000000003,2010-01,2025-02,last observed log Brent
2025-08,6,ARIMA,4.217594110715667,4.306654028866043,3.8946484769662963,4.718659580765789,3.6765459123729745,4.936762145359111,67.87,74.19182944888308,2010-01,2025-02,"order=(1, 1, 0)"
2025-08,6,SARIMAX,4.217594110715667,4.304538881591221,3.9059078511981085,4.703169911984334,3.6948853306171916,4.914192432565251,67.87,74.03506864754479,2010-01,2025-02,"order=(1, 1, 0); future exog held at origin"
2025-09,1,no_change,4.219293778552123,4.217594110715667,4.082559129410131,4.3526290920212025,4.011075928281533,4.4241122931498005,67.98545454545454,67.86999999999999,2010-01,2025-08,last observed log Brent
2025-09,1,ARIMA,4.219293778552123,4.205570095094431,4.075050339959251,4.336089850229611,4.005957355183158,4.405182835005704,67.98545454545454,67.0588166734592,2010-01,2025-08,"order=(1, 1, 0)"
2025-09,1,SARIMAX,4.219293778552123,4.208981750098322,4.079092570439984,4.338870929756659,4.010333392157602,4.407630108039042,67.98545454545454,67.28798892696554,2010-01,2025-08,"order=(1, 1, 0); future exog held at origin"
2025-09,3,no_change,4.219293778552123,4.268924590348537,4.033887257577252,4.503961923119823,3.9094660093289635,4.628383171368111,67.98545454545454,71.4447619047619,2010-01,2025-06,last observed log Brent
2025-09,3,ARIMA,4.219293778552123,4.304178926848084,4.0312844588961605,4.577073394800007,3.8868228538299077,4.72153499986626,67.98545454545454,74.00842416911749,2010-01,2025-06,"order=(1, 1, 0)"
2025-09,3,SARIMAX,4.219293778552123,4.297619684796352,4.031135090033075,4.564104279559629,3.8900666668662303,4.705172702726474,67.98545454545454,73.524573582433,2010-01,2025-06,"order=(1, 1, 0); future exog held at origin"
2025-09,6,no_change,4.219293778552123,4.286793237635971,3.953117877917273,4.620468597354669,3.776480812322691,4.79710566294925,67.98545454545454,72.73285714285717,2010-01,2025-03,last observed log Brent
2025-09,6,ARIMA,4.219293778552123,4.273614750948134,3.8624354751116954,4.684794026784573,3.644770314644698,4.90245918725157,67.98545454545454,71.78063634893483,2010-01,2025-03,"order=(1, 1, 0)"
2025-09,6,SARIMAX,4.219293778552123,4.26572965398761,3.867348924722488,4.664110383252732,3.656458905554923,4.875000402420298,67.98545454545454,71.21686468956158,2010-01,2025-03,"order=(1, 1, 0); future exog held at origin"
2025-10,1,no_change,4.167339078274665,4.219293778552123,4.084620163296455,4.353967393807791,4.013328257799359,4.425259299304886,64.54347826086956,67.98545454545456,2010-01,2025-09,last observed log Brent
2025-10,1,ARIMA,4.167339078274665,4.219449808980399,4.089273191580826,4.349626426379972,4.020361852949547,4.418537765011251,64.54347826086956,67.99606317265665,2010-01,2025-09,"order=(1, 1, 0)"
2025-10,1,SARIMAX,4.167339078274665,4.220221568871587,4.090673725870808,4.349769411872366,4.0220952403001125,4.418347897443061,64.54347826086956,68.04856006186306,2010-01,2025-09,"order=(1, 1, 0); future exog held at origin"
2025-10,3,no_change,4.167339078274665,4.263261459267414,4.028858625769988,4.49766429276484,3.904773261148081,4.621749657386747,64.54347826086956,71.04130434782607,2010-01,2025-07,last observed log Brent
2025-10,3,ARIMA,4.167339078274665,4.260942662427212,3.989044571722104,4.532840753132319,3.8451104169094483,4.676774907944975,64.54347826086956,70.87676483635504,2010-01,2025-07,"order=(1, 1, 0)"
2025-10,3,SARIMAX,4.167339078274665,4.258274303454452,3.9926943183033594,4.523854288605544,3.8521047665387655,4.664443840370138,64.54347826086956,70.68789228689135,2010-01,2025-07,"order=(1, 1, 0); future exog held at origin"
2025-10,6,no_change,4.167339078274665,4.221483692802509,3.888384018205897,4.55458336739912,3.7120517019064314,4.730915683698586,64.54347826086956,68.13449999999997,2010-01,2025-04,last observed log Brent
2025-10,6,ARIMA,4.167339078274665,4.195839349513118,3.7850252777591575,4.6066534212670796,3.5675534446553985,4.824125254370838,64.54347826086956,66.40944892948295,2010-01,2025-04,"order=(1, 1, 0)"
2025-10,6,SARIMAX,4.167339078274665,4.192722152257623,3.7943696117001697,4.591074692815077,3.5834945147330615,4.801949789782185,64.54347826086956,66.2027598901591,2010-01,2025-04,"order=(1, 1, 0); future exog held at origin"
2025-11,1,no_change,4.155706167301604,4.167339078274665,4.032938843768085,4.301739312781245,3.96179165729774,4.372886499251591,63.797,64.54347826086959,2010-01,2025-10,last observed log Brent
2025-11,1,ARIMA,4.155706167301604,4.153522513582001,4.02360177043395,4.2834432567300516,3.954825883449409,4.352219143714592,63.797,63.6578414360047,2010-01,2025-10,"order=(1, 1, 0)"
2025-11,1,SARIMAX,4.155706167301604,4.152497383197195,4.023173265135699,4.281821501258691,3.9547132123938735,4.350281554000517,63.797,63.59261728585856,2010-01,2025-10,"order=(1, 1, 0); future exog held at origin"
2025-11,3,no_change,4.155706167301604,4.217594110715667,3.9837066622953663,4.451481559135968,3.85989412605297,4.575294095378364,63.797,67.86999999999999,2010-01,2025-08,last observed log Brent
2025-11,3,ARIMA,4.155706167301604,4.2009191094569145,3.9295937488134163,4.472244470100413,3.7859627789813537,4.615875439932475,63.797,66.74765125410896,2010-01,2025-08,"order=(1, 1, 0)"
2025-11,3,SARIMAX,4.155706167301604,4.204328496158527,3.939565550357098,4.4690914419599554,3.799408513097985,4.609248479219069,63.797,66.97560818450944,2010-01,2025-08,"order=(1, 1, 0); future exog held at origin"
2025-11,6,no_change,4.155706167301604,4.16593627601329,3.833504744902115,4.498367807124465,3.6575261223988087,4.674346429627771,63.797,64.45300000000003,2010-01,2025-05,last observed log Brent
2025-11,6,ARIMA,4.155706167301604,4.14198733211018,3.7316128589457,4.55236180527466,3.514373735278295,4.769600928942064,63.797,62.927755614597984,2010-01,2025-05,"order=(1, 1, 0)"
2025-11,6,SARIMAX,4.155706167301604,4.137859858988666,3.7397766846408786,4.535943033336452,3.529044181531723,4.746675536445609,63.797,62.668558277696604,2010-01,2025-05,"order=(1, 1, 0); future exog held at origin"
2025-12,1,no_change,4.135874877252714,4.155706167301604,4.021658229776203,4.289754104827005,3.950697538062395,4.360714796540813,62.54428571428572,63.79699999999998,2010-01,2025-11,last observed log Brent
2025-12,1,ARIMA,4.135874877252714,4.152193860251137,4.022617119629578,4.2817706008726955,3.954023336582493,4.35036438391978,62.54428571428572,63.57331839628845,2010-01,2025-11,"order=(1, 1, 0)"
2025-12,1,SARIMAX,4.135874877252714,4.153863343610477,4.0248832208877925,4.282843466333162,3.9566052682784942,4.35112141894246,62.54428571428572,63.67954163774422,2010-01,2025-11,"order=(1, 1, 0); future exog held at origin"
2025-12,3,no_change,4.135874877252714,4.219293778552123,3.986032234490323,4.4525553226139225,3.8625510320009546,4.576036525103291,62.54428571428572,67.98545454545456,2010-01,2025-09,last observed log Brent
2025-12,3,ARIMA,4.135874877252714,4.218873046934073,3.948321959194235,4.489424134673911,3.8051008646786695,4.632645229189476,62.54428571428572,67.95685693154184,2010-01,2025-09,"order=(1, 1, 0)"
2025-12,3,SARIMAX,4.135874877252714,4.218459805171054,3.9544597565116715,4.482459853830436,3.8147065726046163,4.622213037737491,62.54428571428572,67.92878012182891,2010-01,2025-09,"order=(1, 1, 0); future exog held at origin"
2025-12,6,no_change,4.135874877252714,4.268924590348537,3.9365316066793867,4.6013175740176875,3.760573389959268,4.777275790737807,62.54428571428572,71.4447619047619,2010-01,2025-06,last observed log Brent
2025-12,6,ARIMA,4.135874877252714,4.305018679453632,3.895657167191409,4.714380191715854,3.6789542726345017,4.9310830862727615,62.54428571428572,74.07059903824643,2010-01,2025-06,"order=(1, 1, 0)"
2025-12,6,SARIMAX,4.135874877252714,4.2954719573067175,3.8988074752298263,4.692136439383608,3.6888259824437704,4.902117932169665,62.54428571428572,73.36683228787851,2010-01,2025-06,"order=(1, 1, 0); future exog held at origin"
2026-01,1,no_change,4.198740326943076,4.135874877252714,4.002168677828868,4.269581076676561,3.931388891338363,4.340360863167065,66.60238095238095,62.5442857142857,2010-01,2025-12,last observed log Brent
2026-01,1,ARIMA,4.198740326943076,4.130182909572721,4.000938710558255,4.259427108587187,3.932520964404378,4.3278448547410635,66.60238095238095,62.189296912250434,2010-01,2025-12,"order=(1, 1, 0)"
2026-01,1,SARIMAX,4.198740326943076,4.130572028525974,4.001926115389947,4.259217941662002,3.9338250826489003,4.327318974403048,66.60238095238095,62.21350065513066,2010-01,2025-12,"order=(1, 1, 0); future exog held at origin"
2026-01,3,no_change,4.198740326943076,4.167339078274665,3.9345510435600977,4.4001271129892325,3.811320501777882,4.5233576547714485,66.60238095238095,64.54347826086959,2010-01,2025-10,last observed log Brent
2026-01,3,ARIMA,4.198740326943076,4.14784366865275,3.877836186738244,4.417851150567256,3.7349028597638823,4.560784477541618,66.60238095238095,63.2973629454467,2010-01,2025-10,"order=(1, 1, 0)"
2026-01,3,SARIMAX,4.198740326943076,4.1455604737036875,3.881944619549273,4.409176327858102,3.7423948159278715,4.548726131479503,66.60238095238095,63.153007584506284,2010-01,2025-10,"order=(1, 1, 0); future exog held at origin"
2026-01,6,no_change,4.198740326943076,4.263261459267414,3.9317657930766714,4.594757125458157,3.75628258753636,4.770240330998469,66.60238095238095,71.04130434782607,2010-01,2025-07,last observed log Brent
2026-01,6,ARIMA,4.198740326943076,4.260452194269134,3.8527899208573464,4.668114467680922,3.636986549011789,4.883917839526479,66.60238095238095,70.842010563684,2010-01,2025-07,"order=(1, 1, 0)"
2026-01,6,SARIMAX,4.198740326943076,4.255062430858836,3.859886024725715,4.650238836991957,3.650692271760517,4.859432589957156,66.60238095238095,70.46121600535002,2010-01,2025-07,"order=(1, 1, 0); future exog held at origin"
2026-02,1,no_change,4.261087059885541,4.198740326943076,4.065253721232235,4.332226932653917,3.9945901806315094,4.402890473254643,70.887,66.60238095238094,2010-01,2026-01,last observed log Brent
2026-02,1,ARIMA,4.261087059885541,4.214478317267527,4.085417075447914,4.343539559087139,4.017096180982623,4.41186045355243,70.887,67.65886020348707,2010-01,2026-01,"order=(1, 1, 0)"
2026-02,1,SARIMAX,4.261087059885541,4.208352736920808,4.079956048083075,4.33674942575854,4.011986946716174,4.404718527125441,70.887,67.2456772039528,2010-01,2026-01,"order=(1, 1, 0); future exog held at origin"
2026-02,3,no_change,4.261087059885541,4.155706167301604,3.9235283288577913,4.387884005745417,3.8006208054692436,4.510791529133964,70.887,63.79699999999998,2010-01,2025-11,last observed log Brent
2026-02,3,ARIMA,4.261087059885541,4.149842786306527,3.880561156231238,4.419124416381816,3.7380120720102035,4.561673500602851,70.887,63.4240283885256,2010-01,2025-11,"order=(1, 1, 0)"
2026-02,3,SARIMAX,4.261087059885541,4.150726946767302,3.8878542115374484,4.413599681997154,3.7486977913122104,4.552756102222393,70.887,63.480130204538774,2010-01,2025-11,"order=(1, 1, 0); future exog held at origin"
2026-02,6,no_change,4.261087059885541,4.217594110715667,3.88682730909084,4.548360912340494,3.7117299411450326,4.723458280286301,70.887,67.86999999999999,2010-01,2025-08,last observed log Brent
2026-02,6,ARIMA,4.261087059885541,4.199249238763411,3.792431390230016,4.606067087296806,3.5770750299131504,4.821423447613671,70.887,66.63628431748995,2010-01,2025-08,"order=(1, 1, 0)"
2026-02,6,SARIMAX,4.261087059885541,4.200330881044775,3.8064654857664433,4.594196276323107,3.597965740025955,4.802696022063595,70.887,66.70839993470014,2010-01,2025-08,"order=(1, 1, 0); future exog held at origin"
2026-03,1,no_change,4.63603440235472,4.261087059885541,4.12782156425106,4.394352555520022,4.057275072254387,4.4648990475166945,103.13454545454546,70.88700000000001,2010-01,2026-02,last observed log Brent
2026-03,1,ARIMA,4.63603440235472,4.277025845511668,4.148229496605017,4.4058221944183185,4.080048827977445,4.47400286304589,103.13454545454546,72.02590496675622,2010-01,2026-02,"order=(1, 1, 0)"
2026-03,1,SARIMAX,4.63603440235472,4.2744595700577115,4.1463103140007656,4.402608826114657,4.078472195635926,4.470446944479497,103.13454545454546,71.84130362504884,2010-01,2026-02,"order=(1, 1, 0); future exog held at origin"
2026-03,3,no_change,4.63603440235472,4.135874877252714,3.9042889465636765,4.367460807941752,3.781694760213244,4.490054994292185,103.13454545454546,62.5442857142857,2010-01,2025-12,last observed log Brent
2026-03,3,ARIMA,4.63603440235472,4.126939382608069,3.858331762467225,4.395547002748913,3.7161394775528653,4.537739287663273,103.13454545454546,61.98791102763244,2010-01,2025-12,"order=(1, 1, 0)"
2026-03,3,SARIMAX,4.63603440235472,4.126267511581584,3.86409274571575,4.388442277447417,3.725305808153059,4.5272292150101086,103.13454545454546,61.94627713409019,2010-01,2025-12,"order=(1, 1, 0); future exog held at origin"
2026-03,6,no_change,4.63603440235472,4.219293778552123,3.8894121393598367,4.549175417744409,3.7147833481012333,4.723804209003013,103.13454545454546,67.98545454545456,2010-01,2025-09,last observed log Brent
2026-03,6,ARIMA,4.63603440235472,4.217765120965964,3.8121458924354936,4.623384349496435,3.5974240432202502,4.838106198711678,103.13454545454546,67.88160745815655,2010-01,2025-09,"order=(1, 1, 0)"
2026-03,6,SARIMAX,4.63603440235472,4.21496069534721,3.8222690400933588,4.607652350601061,3.6143906347894856,4.815530755904934,103.13454545454546,67.69150522753455,2010-01,2025-09,"order=(1, 1, 0); future exog held at origin"
2026-04,1,no_change,4.764628185616168,4.63603440235472,4.498701911148543,4.773366893560897,4.426002481745354,4.846066322964085,117.2875,103.13454545454542,2010-01,2026-03,last observed log Brent
2026-04,1,ARIMA,4.764628185616168,4.737956624831166,4.6053233697301525,4.870589879932179,4.535111565654924,4.940801684007408,117.2875,114.20060841459775,2010-01,2026-03,"order=(1, 1, 0)"
2026-04,1,SARIMAX,4.764628185616168,4.727797913248038,4.595772295466753,4.859823531029323,4.525882155158346,4.92971367133773,117.2875,113.04635018586319,2010-01,2026-03,"order=(1, 1, 0); future exog held at origin"
2026-04,3,no_change,4.764628185616168,4.198740326943076,3.967534743721985,4.429945910164167,3.8451419011588226,4.55233875272733,117.2875,66.60238095238094,2010-01,2026-01,last observed log Brent
2026-04,3,ARIMA,4.764628185616168,4.218895399447562,3.9507937461657403,4.486997052729383,3.808869303927391,4.628921494967733,117.2875,67.95837595508,2010-01,2026-01,"order=(1, 1, 0)"
2026-04,3,SARIMAX,4.764628185616168,4.20884542288745,3.947507768919972,4.470183076854927,3.809163971628186,4.608526874146713,117.2875,67.2788163683588,2010-01,2026-01,"order=(1, 1, 0); future exog held at origin"
2026-04,6,no_change,4.764628185616168,4.167339078274665,3.838127082423145,4.496551074126185,3.6638527789361515,4.670825377613179,117.2875,64.54347826086959,2010-01,2025-10,last observed log Brent
2026-04,6,ARIMA,4.764628185616168,4.145320416513903,3.7405234824192295,4.550117350608577,3.526236929584026,4.764403903443781,117.2875,63.13784907050705,2010-01,2025-10,"order=(1, 1, 0)"
2026-04,6,SARIMAX,4.764628185616168,4.14055187722951,3.748390182278992,4.532713572180027,3.540792321013316,4.7403114334457035,117.2875,62.83749046194789,2010-01,2025-10,"order=(1, 1, 0); future exog held at origin"
2026-05,1,no_change,4.674131478029049,4.764628185616168,4.627154885801869,4.9021014854304665,4.554380916824138,4.974875454408198,107.13947368421051,117.28749999999998,2010-01,2026-04,last observed log Brent
2026-05,1,ARIMA,4.674131478029049,4.8014990587027615,4.6691868726464945,4.9338112447590285,4.599145032256823,5.0038530851487,107.13947368421051,121.69270536354652,2010-01,2026-04,"order=(1, 1, 0)"
2026-05,1,SARIMAX,4.674131478029049,4.803658180691914,4.671861130608858,4.935455230774971,4.60209198673105,5.005224374652778,107.13947368421051,121.9557386178739,2010-01,2026-04,"order=(1, 1, 0); future exog held at origin"
2026-05,3,no_change,4.674131478029049,4.261087059885541,4.0302644505507725,4.491909669220309,3.908074342116784,4.614099777654298,107.13947368421051,70.88700000000001,2010-01,2026-02,last observed log Brent
2026-05,3,ARIMA,4.674131478029049,4.282091050025758,4.014251690577464,4.549930409474052,3.8724660983072905,4.691716001744226,107.13947368421051,72.39165642671293,2010-01,2026-02,"order=(1, 1, 0)"
2026-05,3,SARIMAX,4.674131478029049,4.276633782394871,4.015521693498312,4.53774587129143,3.877297303142241,4.6759702616475005,107.13947368421051,71.99767180091798,2010-01,2026-02,"order=(1, 1, 0); future exog held at origin"
2026-05,6,no_change,4.674131478029049,4.155706167301604,3.8273571192918947,4.484055215311313,3.6535396327981227,4.657872701805085,107.13947368421051,63.79699999999998,2010-01,2025-11,last observed log Brent
2026-05,6,ARIMA,4.674131478029049,4.147592010764051,3.7438900339023853,4.5512939876257175,3.530183116413205,4.765000905114897,107.13947368421051,63.281435668924104,2010-01,2025-11,"order=(1, 1, 0)"
2026-05,6,SARIMAX,4.674131478029049,4.146152507078148,3.7551205557934555,4.537184458362841,3.54812074469898,4.744184269457316,107.13947368421051,63.19040734255396,2010-01,2025-11,"order=(1, 1, 0); future exog held at origin"
2026-06,1,no_change,4.447335455645252,4.674131478029049,4.536748749193242,4.811514206864857,4.4640227255953615,4.884240230462737,85.3990909090909,107.13947368421056,2010-01,2026-05,last observed log Brent
2026-06,1,ARIMA,4.447335455645252,4.65155097518695,4.519068175249378,4.784033775124522,4.4489360173266155,4.854165933047285,85.3990909090909,104.7473201505779,2010-01,2026-05,"order=(1, 1, 0)"
2026-06,1,SARIMAX,4.447335455645252,4.649567299526495,4.5174753525604885,4.781659246492502,4.447550099702679,4.851584499350312,85.3990909090909,104.53974139362923,2010-01,2026-05,"order=(1, 1, 0); future exog held at origin"
2026-06,3,no_change,4.447335455645252,4.63603440235472,4.398167550055614,4.873901254653825,4.272248444648026,4.999820360061413,85.3990909090909,103.13454545454542,2010-01,2026-03,last observed log Brent
2026-06,3,ARIMA,4.447335455645252,4.776589056445842,4.498506283924258,5.054671828967426,4.351298156323742,5.201879956567942,85.3990909090909,118.69878390457666,2010-01,2026-03,"order=(1, 1, 0)"
2026-06,3,SARIMAX,4.447335455645252,4.758562676746352,4.485920843501364,5.03120450999134,4.341592975170537,5.175532378322167,85.3990909090909,116.57824479976584,2010-01,2026-03,"order=(1, 1, 0); future exog held at origin"
2026-06,6,no_change,4.447335455645252,4.135874877252714,3.8083629132174814,4.463386841287947,3.634988552212605,4.636761202292823,85.3990909090909,62.5442857142857,2010-01,2025-12,last observed log Brent
2026-06,6,ARIMA,4.447335455645252,4.124297332279442,3.7215952690055034,4.52699939555338,3.5084176737957184,4.740176990763165,85.3990909090909,61.82435200765489,2010-01,2025-12,"order=(1, 1, 0)"
2026-06,6,SARIMAX,4.447335455645252,4.121303193498687,3.7313192280264533,4.511287158970919,3.524874187109955,4.7177321998874175,85.3990909090909,61.63951816488624,2010-01,2025-12,"order=(1, 1, 0); future exog held at origin"
