stage_id,model,specification,estimate_log_return,actual_cumulative_log_return,expected_cumulative_log_return,std_error,lower_80,upper_80,lower_95,upper_95,pvalue,sample_start,sample_end,n,event_observations,event_trading_start,event_window_end,identification_status,pseudo_calendar_date,placebo_block_id,actual_empirical_pvalue
E1_CAR_0,brent_weekend_placebo_car,recursive AR(3)+pre-event USD expected-return CAR; E1 mapped to first common trading day,-0.0400281143045797,-0.036940082466069,0.003088031838510694,0.024309392604144046,-0.07118185445385883,-0.008874374155300565,-0.08767364829474639,0.00761741968558699,0.09963801921795179,2021-07-16,2023-12-22,520,1,2024-01-08,2024-01-08,PASS,2024-01-06,0,0.011235955056179775
E1_CAR_0_1,brent_weekend_placebo_car,recursive AR(3)+pre-event USD expected-return CAR; E1 mapped to first common trading day,-0.011634703722119777,-0.004351171441337301,0.007283532280782476,0.03437867271383272,-0.055692745559877535,0.03242333811563798,-0.0790156640775218,0.05574625663328224,0.7350407145531159,2021-07-16,2023-12-22,520,2,2024-01-08,2024-01-09,PASS,2024-01-06,0,0.01020408163265306
E1_CAR_0_2,brent_weekend_placebo_car,recursive AR(3)+pre-event USD expected-return CAR; E1 mapped to first common trading day,-0.009091520335718055,0.0019136320185601987,0.011005152354278253,0.042105103091516584,-0.06305138112006792,0.04486834044863181,-0.09161600596043665,0.07343296528900053,0.8290466547879172,2021-07-16,2023-12-22,520,3,2024-01-08,2024-01-10,PASS,2024-01-06,0,0.020833333333333332
E1_CAR_0,brent_weekend_placebo_car,recursive AR(3)+pre-event USD expected-return CAR; E1 mapped to first common trading day,0.0019730219382448574,0.0048777534019794,0.0029047314637345423,0.024224231710404515,-0.0290715801343392,0.033017624010828917,-0.045505599767301105,0.049451643643790816,0.9350854569936464,2021-07-23,2024-01-12,520,1,2024-01-16,2024-01-16,PASS,2024-01-13,1,0.011235955056179775
E1_CAR_0_1,brent_weekend_placebo_car,recursive AR(3)+pre-event USD expected-return CAR; E1 mapped to first common trading day,-0.017888402257626022,-0.011094415359203,0.006793986898423022,0.034258237022922466,-0.0617920995471503,0.026015295031898256,-0.08503331299639075,0.049256508481138696,0.601556470452592,2021-07-23,2024-01-12,520,2,2024-01-16,2024-01-17,PASS,2024-01-13,1,0.01020408163265306
E1_CAR_0_2,brent_weekend_placebo_car,recursive AR(3)+pre-event USD expected-return CAR; E1 mapped to first common trading day,0.004566611310797962,0.015920734286844998,0.011354122976047036,0.041957600096741744,-0.049204216779675694,0.05833743940127162,-0.07766877375655015,0.08680199637814606,0.91333041547242,2021-07-23,2024-01-12,520,3,2024-01-16,2024-01-18,PASS,2024-01-13,1,0.020833333333333332
E1_CAR_0,brent_weekend_placebo_car,recursive AR(3)+pre-event USD expected-return CAR; E1 mapped to first common trading day,0.009804982621744788,0.0121915185296765,0.0023865359079317124,0.02425615201579027,-0.02128052696817905,0.04089049221166863,-0.037736201732732774,0.05734616697622236,0.68604607179787,2021-07-28,2024-01-19,520,1,2024-01-22,2024-01-22,PASS,2024-01-20,2,0.011235955056179775
E1_CAR_0_1,brent_weekend_placebo_car,recursive AR(3)+pre-event USD expected-return CAR; E1 mapped to first common trading day,0.011418218810445873,0.016344449867899402,0.0049262310574535294,0.034303379151714095,-0.03254333044490333,0.055379768065795074,-0.0558151688749359,0.07865160649582764,0.7392400521097435,2021-07-28,2024-01-19,520,2,2024-01-22,2024-01-23,PASS,2024-01-20,2,0.01020408163265306
E1_CAR_0_2,brent_weekend_placebo_car,recursive AR(3)+pre-event USD expected-return CAR; E1 mapped to first common trading day,0.009349869415624962,0.0176843611469966,0.00833449173137164,0.04201288768746299,-0.0444918125732927,0.06319155140454262,-0.07299387733832877,0.09169361616957869,0.8238875839735471,2021-07-28,2024-01-19,520,3,2024-01-22,2024-01-24,PASS,2024-01-20,2,0.020833333333333332
E1_CAR_0,brent_weekend_placebo_car,recursive AR(3)+pre-event USD expected-return CAR; E1 mapped to first common trading day,0.004465873530766828,0.0077691181432282,0.0033032446124613727,0.024149276379128354,-0.02648266941967435,0.03541441648120801,-0.04286583842502859,0.05179758548656225,0.85328563402183,2021-08-04,2024-01-26,520,1,2024-01-29,2024-01-29,PASS,2024-01-27,3,0.011235955056179775
E1_CAR_0_1,brent_weekend_placebo_car,recursive AR(3)+pre-event USD expected-return CAR; E1 mapped to first common trading day,0.0037519389639788783,0.0095534521680668,0.005801513204087922,0.03415223417685955,-0.040015910212221284,0.04751978814017904,-0.06318521001424378,0.07068908794220154,0.9125209976002182,2021-08-04,2024-01-26,520,2,2024-01-29,2024-01-30,PASS,2024-01-27,3,0.01020408163265306
E1_CAR_0_2,brent_weekend_placebo_car,recursive AR(3)+pre-event USD expected-return CAR; E1 mapped to first common trading day,-0.012659659692507859,-0.0043290110895856,0.008330648602922259,0.04182777365467328,-0.06626410850289959,0.04094478911788387,-0.0946405896091608,0.06932127022414508,0.7621477867009605,2021-08-04,2024-01-26,520,3,2024-01-29,2024-01-31,PASS,2024-01-27,3,0.020833333333333332
E1_CAR_0,brent_weekend_placebo_car,recursive AR(3)+pre-event USD expected-return CAR; E1 mapped to first common trading day,0.0018313543366973231,-0.0030219111387417,-0.004853265475439023,0.024110785930337456,-0.029067861118837367,0.03273056979223202,-0.045424917725719154,0.0490876263991138,0.9394542530642014,2021-08-11,2024-02-02,520,1,2024-02-05,2024-02-05,PASS,2024-02-03,4,0.011235955056179775
E1_CAR_0_1,brent_weekend_placebo_car,recursive AR(3)+pre-event USD expected-return CAR; E1 mapped to first common trading day,0.019170411064906655,0.011500126742097501,-0.007670284322809154,0.034097800462157636,-0.02452767849899886,0.06286850062881216,-0.047660049792955524,0.08600087192276884,0.5739672215853573,2021-08-11,2024-02-02,520,2,2024-02-05,2024-02-06,PASS,2024-02-03,4,0.01020408163265306
E1_CAR_0_2,brent_weekend_placebo_car,recursive AR(3)+pre-event USD expected-return CAR; E1 mapped to first common trading day,0.03139608449619134,0.0204088716312069,-0.010987212864984445,0.04176110624176131,-0.022122926586812246,0.08491509557919494,-0.05045417969221168,0.11324634868459436,0.4521701203521249,2021-08-11,2024-02-02,520,3,2024-02-05,2024-02-07,PASS,2024-02-03,4,0.020833333333333332
E1_CAR_0,brent_weekend_placebo_car,recursive AR(3)+pre-event USD expected-return CAR; E1 mapped to first common trading day,0.003364549232256781,0.0035829490139498,0.00021839978169301867,0.02412104421415534,-0.02754781274296452,0.034276911207478084,-0.04391182869698594,0.0506409271614995,0.8890660769296665,2021-08-18,2024-02-09,520,1,2024-02-12,2024-02-12,PASS,2024-02-10,5,0.011235955056179775
E1_CAR_0_1,brent_weekend_placebo_car,recursive AR(3)+pre-event USD expected-return CAR; E1 mapped to first common trading day,0.01305637572278373,0.0135474442733815,0.0004910685505977693,0.03411230786625956,-0.030660305827560595,0.05677305727312806,-0.053802519124627385,0.07991527057019485,0.7019075312446685,2021-08-18,2024-02-09,520,2,2024-02-12,2024-02-13,PASS,2024-02-10,5,0.01020408163265306
E1_CAR_0_2,brent_weekend_placebo_car,recursive AR(3)+pre-event USD expected-return CAR; E1 mapped to first common trading day,0.008200188065869803,0.0098816209758591,0.0016814329099892975,0.04177887411053235,-0.0453415934571737,0.0617419695889133,-0.07368490050540648,0.09008527663714609,0.8443941870078586,2021-08-18,2024-02-09,520,3,2024-02-12,2024-02-14,PASS,2024-02-10,5,0.020833333333333332
E1_CAR_0,brent_weekend_placebo_car,recursive AR(3)+pre-event USD expected-return CAR; E1 mapped to first common trading day,-0.010687883815543676,-0.0086906007922982,0.0019972830232454757,0.02399017122854816,-0.0414325253111726,0.020056757680085247,-0.05770775540644709,0.03633198777535974,0.6559505531383347,2021-08-25,2024-02-16,520,1,2024-02-20,2024-02-20,PASS,2024-02-17,6,0.011235955056179775
E1_CAR_0_1,brent_weekend_placebo_car,recursive AR(3)+pre-event USD expected-return CAR; E1 mapped to first common trading day,-0.012201124981193742,-0.0088085600964751,0.003392564884718642,0.03392722551506563,-0.05568061395461081,0.03127836399222332,-0.07869726508609076,0.05429501512370327,0.7191265602365084,2021-08-25,2024-02-16,520,2,2024-02-20,2024-02-21,PASS,2024-02-17,6,0.01020408163265306
E1_CAR_0_2,brent_weekend_placebo_car,recursive AR(3)+pre-event USD expected-return CAR; E1 mapped to first common trading day,-0.00098146394118853,0.0037348316056532993,0.004716295546841829,0.04155219545012248,-0.05423274507210822,0.05226981718973116,-0.0824222705019977,0.08045934261962064,0.9811556980862666,2021-08-25,2024-02-16,520,3,2024-02-20,2024-02-22,PASS,2024-02-17,6,0.020833333333333332
E1_CAR_0,brent_weekend_placebo_car,recursive AR(3)+pre-event USD expected-return CAR; E1 mapped to first common trading day,-0.0023238913079839866,-0.0020215239656691,0.0003023673423148865,0.02397131238663766,-0.03304436422523815,0.028396581609270177,-0.04930680024795269,0.04465901763198472,0.9227703230823743,2021-09-08,2024-02-23,520,1,2024-02-26,2024-02-26,PASS,2024-02-24,7,0.011235955056179775
E1_CAR_0_1,brent_weekend_placebo_car,recursive AR(3)+pre-event USD expected-return CAR; E1 mapped to first common trading day,-0.006959781354141715,-0.0045243558543876,0.0024354254997541154,0.03390055508506515,-0.050405090796237915,0.03648552808795449,-0.07340364837678559,0.05948408566850216,0.8373378040864434,2021-09-08,2024-02-23,520,2,2024-02-26,2024-02-27,PASS,2024-02-24,7,0.01020408163265306
E1_CAR_0_2,brent_weekend_placebo_car,recursive AR(3)+pre-event USD expected-return CAR; E1 mapped to first common trading day,-0.005911473482909532,-0.0011886367737287996,0.004722836709180733,0.04151953097776159,-0.059120893408137434,0.04729794644231837,-0.08728825885431735,0.07546531188849828,0.8867813303418668,2021-09-08,2024-02-23,520,3,2024-02-26,2024-02-28,PASS,2024-02-24,7,0.020833333333333332
E1_CAR_0,brent_weekend_placebo_car,recursive AR(3)+pre-event USD expected-return CAR; E1 mapped to first common trading day,0.018316802129161425,0.0205374779673901,0.0022206758382286767,0.023943310796502457,-0.012367785306417231,0.04900138956474008,-0.028611224702632422,0.06524482896095526,0.44426733240742955,2021-09-15,2024-03-01,520,1,2024-03-04,2024-03-04,PASS,2024-03-02,8,0.011235955056179775
E1_CAR_0_1,brent_weekend_placebo_car,recursive AR(3)+pre-event USD expected-return CAR; E1 mapped to first common trading day,0.0072460513692906995,0.011720715516934101,0.004474664147643402,0.03386095485652793,-0.03614850833792771,0.05064061107650911,-0.05912020063164068,0.07361230337022208,0.8305515013070996,2021-09-15,2024-03-01,520,2,2024-03-04,2024-03-05,PASS,2024-03-02,8,0.01020408163265306
E1_CAR_0_2,brent_weekend_placebo_car,recursive AR(3)+pre-event USD expected-return CAR; E1 mapped to first common trading day,0.013790998878059887,0.0206529714132654,0.006861972535205513,0.0414710308009547,-0.039356265569651945,0.06693826332577171,-0.06749072789356259,0.09507272564968236,0.7394774940582016,2021-09-15,2024-03-01,520,3,2024-03-04,2024-03-06,PASS,2024-03-02,8,0.020833333333333332
E1_CAR_0,brent_weekend_placebo_car,recursive AR(3)+pre-event USD expected-return CAR; E1 mapped to first common trading day,-0.013413476617563602,-0.010135423316874,0.0032780533006896003,0.02395867404888289,-0.04411775285328226,0.017290799618155054,-0.060371614870708495,0.0335446616355813,0.575575692619547,2021-09-22,2024-03-08,520,1,2024-03-11,2024-03-11,PASS,2024-03-09,9,0.011235955056179775
E1_CAR_0_1,brent_weekend_placebo_car,recursive AR(3)+pre-event USD expected-return CAR; E1 mapped to first common trading day,-0.014793592702644024,-0.007502267995338501,0.007291324707305524,0.0338826817764065,-0.05821599657804727,0.028628811172759224,-0.08120242868403238,0.05161524327874434,0.6623926033394705,2021-09-22,2024-03-08,520,2,2024-03-11,2024-03-12,PASS,2024-03-09,9,0.01020408163265306
E1_CAR_0_2,brent_weekend_placebo_car,recursive AR(3)+pre-event USD expected-return CAR; E1 mapped to first common trading day,-0.014413001351459447,-0.004041850485840901,0.010371150865618545,0.04149764073464711,-0.06759436780135383,0.03876836509843494,-0.09574688263475006,0.06692087993183116,0.7283501890503734,2021-09-22,2024-03-08,520,3,2024-03-11,2024-03-13,PASS,2024-03-09,9,0.020833333333333332
E1_CAR_0,brent_weekend_placebo_car,recursive AR(3)+pre-event USD expected-return CAR; E1 mapped to first common trading day,0.014866644903090791,0.0125685350528241,-0.0022981098502666926,0.023952408843794275,-0.015829602149238092,0.045562891955419675,-0.03207921377372466,0.06181250357990625,0.5348139337315092,2021-09-29,2024-03-15,520,1,2024-03-18,2024-03-18,PASS,2024-03-16,10,0.011235955056179775
E1_CAR_0_1,brent_weekend_placebo_car,recursive AR(3)+pre-event USD expected-return CAR; E1 mapped to first common trading day,0.026324180877194583,0.0228085140770798,-0.0035156668001147845,0.03387382143839913,-0.017086868018164066,0.06973522977255323,-0.04006728916080847,0.09271565091519764,0.43708524519300407,2021-09-29,2024-03-15,520,2,2024-03-18,2024-03-19,PASS,2024-03-16,10,0.01020408163265306
E1_CAR_0_2,brent_weekend_placebo_car,recursive AR(3)+pre-event USD expected-return CAR; E1 mapped to first common trading day,0.00815945417188899,0.0044402970828149,-0.003719157089074089,0.04148678908111379,-0.04500800532443103,0.061326913668209,-0.07315315826130361,0.08947206660508158,0.8440811218566182,2021-09-29,2024-03-15,520,3,2024-03-18,2024-03-20,PASS,2024-03-16,10,0.020833333333333332
E1_CAR_0,brent_weekend_placebo_car,recursive AR(3)+pre-event USD expected-return CAR; E1 mapped to first common trading day,0.016758577363584607,0.0153174582061064,-0.0014411191574782076,0.0239451083838276,-0.01392831377284479,0.04744546850001401,-0.030172972674625594,0.0636901274017948,0.4840055113208144,2021-10-06,2024-03-22,520,1,2024-03-25,2024-03-25,PASS,2024-03-23,11,0.011235955056179775
E1_CAR_0_1,brent_weekend_placebo_car,recursive AR(3)+pre-event USD expected-return CAR; E1 mapped to first common trading day,0.015851452947475107,0.0121795626683792,-0.003671890279095906,0.0338634970289027,-0.027546364684730068,0.05924927057968028,-0.05051978161975331,0.08222268751470352,0.6397141353553872,2021-10-06,2024-03-22,520,2,2024-03-25,2024-03-26,PASS,2024-03-23,11,0.01020408163265306
E1_CAR_0_2,brent_weekend_placebo_car,recursive AR(3)+pre-event USD expected-return CAR; E1 mapped to first common trading day,0.00703992080482534,0.0008244509035392009,-0.006215469901286139,0.04147414431353289,-0.04611133376980542,0.060191175379456105,-0.07424790833931581,0.08832774994896649,0.8652127273094303,2021-10-06,2024-03-22,520,3,2024-03-25,2024-03-27,PASS,2024-03-23,11,0.020833333333333332
E1_CAR_0_1,brent_weekend_placebo_car,recursive AR(3)+pre-event USD expected-return CAR; E1 mapped to first common trading day,0.03193996093101436,0.0333308079811747,0.0013908470501603433,0.0338772823412544,-0.011475523289816665,0.07535544515184539,-0.03445829235193903,0.09833821421396774,0.34577627815592304,2021-10-14,2024-03-28,520,2,2024-04-02,2024-04-03,PASS,2024-03-30,12,0.01020408163265306
E1_CAR_0_2,brent_weekend_placebo_car,recursive AR(3)+pre-event USD expected-return CAR; E1 mapped to first common trading day,0.0288609974457551,0.030235514773647103,0.0013745173278920054,0.04149102780413617,-0.02431189419269015,0.08203388908420034,-0.052459922731901795,0.11018191762341199,0.486681804425142,2021-10-14,2024-03-28,520,3,2024-04-02,2024-04-04,PASS,2024-03-30,12,0.020833333333333332
E1_CAR_0,brent_weekend_placebo_car,recursive AR(3)+pre-event USD expected-return CAR; E1 mapped to first common trading day,-0.01758011989414995,-0.0169296044072968,0.0006505154868531499,0.023967540473099055,-0.04829575890970361,0.013135519121403715,-0.0645556360194302,0.02939539623113029,0.4632553350434232,2021-11-04,2024-04-26,520,1,2024-04-29,2024-04-29,PASS,2024-04-27,16,0.011235955056179775
E1_CAR_0_1,brent_weekend_placebo_car,recursive AR(3)+pre-event USD expected-return CAR; E1 mapped to first common trading day,-0.019269094059949556,-0.0193069191625285,-3.782510257894448e-05,0.03389522079378275,-0.06270756733270173,0.024169379212802624,-0.0857025060637969,0.04716431794389778,0.5697022941832515,2021-11-04,2024-04-26,520,2,2024-04-29,2024-04-30,PASS,2024-04-27,16,0.01020408163265306
E1_CAR_0_2,brent_weekend_placebo_car,recursive AR(3)+pre-event USD expected-return CAR; E1 mapped to first common trading day,-0.0728513040397691,-0.0738087053551392,-0.0009574013153700969,0.04151299783187097,-0.12605235140165294,-0.019650256677885253,-0.15421528468052553,0.008512676600987354,0.07927582014971657,2021-11-04,2024-04-26,520,3,2024-04-29,2024-05-01,PASS,2024-04-27,16,0.020833333333333332
E1_CAR_0_1,brent_weekend_placebo_car,recursive AR(3)+pre-event USD expected-return CAR; E1 mapped to first common trading day,-0.007174196227925136,-0.0030279197118172,0.004146276516107937,0.03405614179624058,-0.050818898063306146,0.03647050560745587,-0.07392300760094589,0.05957461514509562,0.8331542073116891,2021-11-15,2024-05-03,520,2,2024-05-07,2024-05-08,PASS,2024-05-04,17,0.01020408163265306
E1_CAR_0_2,brent_weekend_placebo_car,recursive AR(3)+pre-event USD expected-return CAR; E1 mapped to first common trading day,-0.00020415105875024216,0.006989664513652901,0.007193815572403143,0.041710085004330384,-0.053657775795048206,0.053249473677547725,-0.08195441545934198,0.0815461133418415,0.9960947495680672,2021-11-15,2024-05-03,520,3,2024-05-07,2024-05-09,PASS,2024-05-04,17,0.020833333333333332
E1_CAR_0,brent_weekend_placebo_car,recursive AR(3)+pre-event USD expected-return CAR; E1 mapped to first common trading day,-0.006667740300236936,-0.002521463784129,0.004146276516107937,0.02408132880517232,-0.037529204930899805,0.02419372433042593,-0.05386627745824166,0.04053079685776778,0.7818689982923348,2021-11-15,2024-05-03,520,1,2024-05-13,2024-05-13,PASS,2024-05-11,18,0.011235955056179775
E1_CAR_0_1,brent_weekend_placebo_car,recursive AR(3)+pre-event USD expected-return CAR; E1 mapped to first common trading day,-0.03627305899885824,-0.029079243426455098,0.007193815572403143,0.03405614179624058,-0.07991776083423925,0.007371642836522765,-0.103021870371879,0.030475752374162515,0.2868325078594194,2021-11-15,2024-05-03,520,2,2024-05-13,2024-05-14,PASS,2024-05-11,18,0.01020408163265306
E1_CAR_0_2,brent_weekend_placebo_car,recursive AR(3)+pre-event USD expected-return CAR; E1 mapped to first common trading day,-0.05239585728557026,-0.0417517946802215,0.010644062605348758,0.041710085004330384,-0.10584948202186822,0.0010577674507277063,-0.134146121686162,0.029354407115021484,0.20904652137318758,2021-11-15,2024-05-03,520,3,2024-05-13,2024-05-15,PASS,2024-05-11,18,0.020833333333333332
E1_CAR_0,brent_weekend_placebo_car,recursive AR(3)+pre-event USD expected-return CAR; E1 mapped to first common trading day,-0.004350012103457256,-0.004020718179345,0.00032929392411225615,0.024037693627127807,-0.03515555600338436,0.026455531796469846,-0.051463025884035736,0.04276300167712122,0.8563940401145229,2021-11-22,2024-05-17,520,1,2024-05-20,2024-05-20,PASS,2024-05-18,19,0.011235955056179775
E1_CAR_0_1,brent_weekend_placebo_car,recursive AR(3)+pre-event USD expected-return CAR; E1 mapped to first common trading day,-0.012200878965885335,-0.0124802794487033,-0.0002794004828179644,0.03399443233565346,-0.055766496945442015,0.031364739013671344,-0.07882874201864995,0.05442698408687927,0.7196637992696753,2021-11-22,2024-05-17,520,2,2024-05-20,2024-05-21,PASS,2024-05-18,19,0.01020408163265306
E1_CAR_0_2,brent_weekend_placebo_car,recursive AR(3)+pre-event USD expected-return CAR; E1 mapped to first common trading day,-0.028763324978921388,-0.0288659489346265,-0.00010262395570511217,0.04163450665895997,-0.08212009216838863,0.02459344221054585,-0.110365458544576,0.05283880858673321,0.4896579074755685,2021-11-22,2024-05-17,520,3,2024-05-20,2024-05-22,PASS,2024-05-18,19,0.020833333333333332
E1_CAR_0_1,brent_weekend_placebo_car,recursive AR(3)+pre-event USD expected-return CAR; E1 mapped to first common trading day,-0.0005693342245242771,0.0019651197677381,0.002534453992262377,0.03380815021326042,-0.04389622205849518,0.04275755360944662,-0.06683209102643485,0.06569342257738629,0.9865641416359563,2021-12-01,2024-05-24,520,2,2024-05-28,2024-05-29,PASS,2024-05-25,20,0.01020408163265306
E1_CAR_0_2,brent_weekend_placebo_car,recursive AR(3)+pre-event USD expected-return CAR; E1 mapped to first common trading day,-0.0038064512820783674,0.0009830425957542,0.004789493877832568,0.04140635858492715,-0.05687083495009287,0.04925793238593613,-0.08496142283948646,0.07734852027532974,0.9267543324575007,2021-12-01,2024-05-24,520,3,2024-05-28,2024-05-30,PASS,2024-05-25,20,0.020833333333333332
E1_CAR_0,brent_weekend_placebo_car,recursive AR(3)+pre-event USD expected-return CAR; E1 mapped to first common trading day,-0.04052182652431038,-0.037987372532048,0.002534453992262377,0.023905972275169864,-0.07115856271942013,-0.009885090329200628,-0.08737667119905637,0.006333018150435611,0.09006587089531637,2021-12-01,2024-05-24,520,1,2024-06-03,2024-06-03,PASS,2024-06-01,21,0.011235955056179775
E1_CAR_0_1,brent_weekend_placebo_car,recursive AR(3)+pre-event USD expected-return CAR; E1 mapped to first common trading day,-0.05753533694734867,-0.0527458430695161,0.004789493877832568,0.03380815021326042,-0.10086222478131956,-0.01420844911337777,-0.12379809374925924,0.0087274198545619,0.08878938927349833,2021-12-01,2024-05-24,520,2,2024-06-03,2024-06-04,PASS,2024-06-01,21,0.01020408163265306
E1_CAR_0_2,brent_weekend_placebo_car,recursive AR(3)+pre-event USD expected-return CAR; E1 mapped to first common trading day,-0.058172864718191476,-0.051684412692564304,0.0064884520256271744,0.04140635858492715,-0.11123724838620597,-0.005108481050176979,-0.13932783627559958,0.022982106839216622,0.16004332030728285,2021-12-01,2024-05-24,520,3,2024-06-03,2024-06-05,PASS,2024-06-01,21,0.020833333333333332
E1_CAR_0,brent_weekend_placebo_car,recursive AR(3)+pre-event USD expected-return CAR; E1 mapped to first common trading day,0.029230326736569952,0.0186423508092801,-0.010587975927289852,0.023881304031730347,-0.001374795832540649,0.05983544930568055,-0.017576169069472715,0.07603682254261263,0.22095837867071788,2021-12-08,2024-06-07,520,1,2024-06-10,2024-06-10,PASS,2024-06-08,22,0.011235955056179775
E1_CAR_0_1,brent_weekend_placebo_car,recursive AR(3)+pre-event USD expected-return CAR; E1 mapped to first common trading day,0.04776160909838349,0.0256537730470842,-0.02210783605129929,0.033773264048828334,0.0044794296830563685,0.09104378851371062,-0.018432772077681445,0.11395599027444843,0.15730788929321848,2021-12-08,2024-06-07,520,2,2024-06-10,2024-06-11,PASS,2024-06-08,22,0.01020408163265306
E1_CAR_0_2,brent_weekend_placebo_car,recursive AR(3)+pre-event USD expected-return CAR; E1 mapped to first common trading day,0.06178145682468035,0.0302594947631131,-0.03152196206156725,0.04136363193395643,0.00877182956310786,0.11479108408625284,-0.019289772035645122,0.1428526856850058,0.1352755449641907,2021-12-08,2024-06-07,520,3,2024-06-10,2024-06-12,PASS,2024-06-08,22,0.020833333333333332
E1_CAR_0,brent_weekend_placebo_car,recursive AR(3)+pre-event USD expected-return CAR; E1 mapped to first common trading day,0.013129472401161864,0.0117117356734794,-0.001417736727682464,0.02388448466856724,-0.017479726318066487,0.04373867112039022,-0.03368325733852902,0.059942202140852746,0.5825202403407288,2021-12-15,2024-06-14,520,1,2024-06-17,2024-06-17,PASS,2024-06-15,23,0.011235955056179775
E1_CAR_0_1,brent_weekend_placebo_car,recursive AR(3)+pre-event USD expected-return CAR; E1 mapped to first common trading day,0.0424018299650806,0.0396972979837836,-0.002704531981296999,0.033777762148580054,-0.0008861139970253104,0.08568977392718652,-0.023801367324496572,0.10860502725465777,0.20936337411296524,2021-12-15,2024-06-14,520,2,2024-06-17,2024-06-18,PASS,2024-06-15,23,0.01020408163265306
E1_CAR_0_2,brent_weekend_placebo_car,recursive AR(3)+pre-event USD expected-return CAR; E1 mapped to first common trading day,0.04628966547274647,0.042961465022856506,-0.0033282004498899633,0.041369140958558356,-0.006727021887929244,0.09930635283342218,-0.03479236087738872,0.12737169182288166,0.26316492324587726,2021-12-15,2024-06-14,520,3,2024-06-17,2024-06-20,PASS,2024-06-15,23,0.020833333333333332
E1_CAR_0,brent_weekend_placebo_car,recursive AR(3)+pre-event USD expected-return CAR; E1 mapped to first common trading day,0.004291285809818258,0.0038112883231811,-0.00047999748663715865,0.023894041931195906,-0.026330161034294183,0.034912732653930696,-0.042540175820415596,0.051122747440052116,0.8574693687626822,2021-12-20,2024-06-21,520,1,2024-06-24,2024-06-24,PASS,2024-06-22,24,0.011235955056179775
E1_CAR_0_1,brent_weekend_placebo_car,recursive AR(3)+pre-event USD expected-return CAR; E1 mapped to first common trading day,0.005430922910503811,0.0045026918999287995,-0.000928231010575011,0.033791278159008675,-0.03787434251592682,0.04873618833693444,-0.06079876527272813,0.07166061109373575,0.872314200241155,2021-12-20,2024-06-21,520,2,2024-06-24,2024-06-25,PASS,2024-06-22,24,0.01020408163265306
E1_CAR_0_2,brent_weekend_placebo_car,recursive AR(3)+pre-event USD expected-return CAR; E1 mapped to first common trading day,-0.007730081444211032,-0.007666433181295701,6.364826291533135e-05,0.04138569462301248,-0.060767983179483426,0.04530782029106137,-0.08884455238048847,0.07338438949206641,0.8518319653128732,2021-12-20,2024-06-21,520,3,2024-06-24,2024-06-26,PASS,2024-06-22,24,0.020833333333333332
E1_CAR_0,brent_weekend_placebo_car,recursive AR(3)+pre-event USD expected-return CAR; E1 mapped to first common trading day,-0.009509784649392696,-0.007938832467782,0.001570952181610696,0.0237923339876315,-0.04000088751920185,0.020981318220416458,-0.05614190237329868,0.03712233307451329,0.6893778402865578,2022-01-05,2024-06-28,520,1,2024-07-01,2024-07-01,PASS,2024-06-29,25,0.011235955056179775
E1_CAR_0_1,brent_weekend_placebo_car,recursive AR(3)+pre-event USD expected-return CAR; E1 mapped to first common trading day,0.009289165528152624,0.011621413693071698,0.0023322481649190735,0.03364744140581881,-0.033831765682044684,0.052410096738349926,-0.056658607799174004,0.07523693885547925,0.7824916455957467,2022-01-05,2024-06-28,520,2,2024-07-01,2024-07-02,PASS,2024-06-29,25,0.01020408163265306
E1_CAR_0_2,brent_weekend_placebo_car,recursive AR(3)+pre-event USD expected-return CAR; E1 mapped to first common trading day,0.007607058427683177,0.011281528117941798,0.0036744696902586207,0.041209531297225585,-0.04520508092163547,0.06041919777700183,-0.07316213873465514,0.0883762555900215,0.8535469935280866,2022-01-05,2024-06-28,520,3,2024-07-01,2024-07-03,PASS,2024-06-29,25,0.020833333333333332
E1_CAR_0,brent_weekend_placebo_car,recursive AR(3)+pre-event USD expected-return CAR; E1 mapped to first common trading day,-0.02107781865692457,-0.0171780573508772,0.00389976130604737,0.023788363087523835,-0.05156383261348412,0.009408195299634985,-0.06770215355963333,0.02554651624578419,0.37558742367671405,2022-01-10,2024-07-03,520,1,2024-07-08,2024-07-08,PASS,2024-07-06,26,0.011235955056179775
E1_CAR_0_1,brent_weekend_placebo_car,recursive AR(3)+pre-event USD expected-return CAR; E1 mapped to first common trading day,-0.03252931363528877,-0.024895655985955098,0.007633657649333676,0.03364182570503172,-0.07564304803535074,0.010584420764773207,-0.09846608039132475,0.03340745312074721,0.333578684869952,2022-01-10,2024-07-03,520,2,2024-07-08,2024-07-09,PASS,2024-07-06,26,0.01020408163265306
E1_CAR_0_2,brent_weekend_placebo_car,recursive AR(3)+pre-event USD expected-return CAR; E1 mapped to first common trading day,-0.036185345349579214,-0.024086547694689098,0.012098797654890118,0.04120265349648733,-0.08898867044259426,0.016617979743435825,-0.1169410622701777,0.04457037157101928,0.37981971833340245,2022-01-10,2024-07-03,520,3,2024-07-08,2024-07-10,PASS,2024-07-06,26,0.020833333333333332
E1_CAR_0,brent_weekend_placebo_car,recursive AR(3)+pre-event USD expected-return CAR; E1 mapped to first common trading day,-0.013961449530853105,-0.0107039060762783,0.0032575434545748043,0.023728417104367974,-0.044370639618851154,0.016447740557144944,-0.06046829246555853,0.03254539340385232,0.5562737669984146,2022-01-19,2024-07-12,520,1,2024-07-15,2024-07-15,PASS,2024-07-13,27,0.011235955056179775
E1_CAR_0_1,brent_weekend_placebo_car,recursive AR(3)+pre-event USD expected-return CAR; E1 mapped to first common trading day,-0.014419048775681384,-0.008623221011676601,0.005795827764004784,0.033557049282642915,-0.05742413781890972,0.02858604026754695,-0.08018965679709715,0.05135155924573438,0.6674228872271093,2022-01-19,2024-07-12,520,2,2024-07-15,2024-07-16,PASS,2024-07-13,27,0.01020408163265306
E1_CAR_0_2,brent_weekend_placebo_car,recursive AR(3)+pre-event USD expected-return CAR; E1 mapped to first common trading day,-0.02644767320900754,-0.018370339257574003,0.008077333951433533,0.04109882400795171,-0.07911793545844006,0.02622258904042498,-0.106999888071543,0.05410454165352792,0.5198905612512754,2022-01-19,2024-07-12,520,3,2024-07-15,2024-07-17,PASS,2024-07-13,27,0.020833333333333332
E1_CAR_0,brent_weekend_placebo_car,recursive AR(3)+pre-event USD expected-return CAR; E1 mapped to first common trading day,-0.018085164648367336,-0.0207562453622323,-0.002671080713864964,0.023713213594640698,-0.048474870654672625,0.012304541357937952,-0.06456220925156869,0.028391879954834023,0.44566505537573375,2022-01-26,2024-07-19,520,1,2024-07-22,2024-07-22,PASS,2024-07-20,28,0.011235955056179775
E1_CAR_0_1,brent_weekend_placebo_car,recursive AR(3)+pre-event USD expected-return CAR; E1 mapped to first common trading day,-0.030862238620325604,-0.0357287539926147,-0.0048665153722890955,0.033535548272990934,-0.07383977301097366,0.01211529577032245,-0.09659070543719225,0.03486622819654104,0.35742421044495876,2022-01-26,2024-07-19,520,2,2024-07-22,2024-07-23,PASS,2024-07-20,28,0.01020408163265306
E1_CAR_0_2,brent_weekend_placebo_car,recursive AR(3)+pre-event USD expected-return CAR; E1 mapped to first common trading day,-0.019377250049597703,-0.0259229735878055,-0.006545723538207797,0.0410724907566507,-0.07201376487959953,0.03325926478040413,-0.09987785268798734,0.06112335258879194,0.6370826050069613,2022-01-26,2024-07-19,520,3,2024-07-22,2024-07-24,PASS,2024-07-20,28,0.020833333333333332
E1_CAR_0,brent_weekend_placebo_car,recursive AR(3)+pre-event USD expected-return CAR; E1 mapped to first common trading day,-0.003231131637305642,-0.0050526942173272,-0.0018215625800215578,0.02370863275048145,-0.03361496705560713,0.027152703780995848,-0.049699197950936094,0.043236934676324806,0.8915959607390365,2022-02-02,2024-07-26,520,1,2024-07-29,2024-07-29,PASS,2024-07-27,29,0.011235955056179775
E1_CAR_0_1,brent_weekend_placebo_car,recursive AR(3)+pre-event USD expected-return CAR; E1 mapped to first common trading day,-0.024218224381339082,-0.026027245902757602,-0.0018090215214185208,0.03352906998105381,-0.06718745650681306,0.018751007744134893,-0.08993399397932762,0.04149754521664946,0.47010680554567896,2022-02-02,2024-07-26,520,2,2024-07-29,2024-07-30,PASS,2024-07-27,29,0.01020408163265306
E1_CAR_0_2,brent_weekend_placebo_car,recursive AR(3)+pre-event USD expected-return CAR; E1 mapped to first common trading day,0.0023114404288994478,0.0004915816739039965,-0.0018198587549954515,0.041064556501825326,-0.0503149062444095,0.054937787102208396,-0.0781736113557883,0.08279649221358719,0.9551124040441705,2022-02-02,2024-07-26,520,3,2024-07-29,2024-07-31,PASS,2024-07-27,29,0.020833333333333332
E1_CAR_0,brent_weekend_placebo_car,recursive AR(3)+pre-event USD expected-return CAR; E1 mapped to first common trading day,-0.010981155764180175,-0.0107790085086092,0.00020214725557097558,0.02372425320028039,-0.04138500959437601,0.019422698066015653,-0.05747983759683886,0.03551752606847851,0.6434602509359497,2022-02-09,2024-08-02,520,1,2024-08-05,2024-08-05,PASS,2024-08-03,30,0.011235955056179775
E1_CAR_0_1,brent_weekend_placebo_car,recursive AR(3)+pre-event USD expected-return CAR; E1 mapped to first common trading day,-0.027442994573770096,-0.0223278295295265,0.005115165044243595,0.033551160633009836,-0.07044053700884222,0.015554547861302021,-0.09320206105398746,0.03831607190644726,0.4133887552422959,2022-02-09,2024-08-02,520,2,2024-08-05,2024-08-06,PASS,2024-08-03,30,0.01020408163265306
E1_CAR_0_2,brent_weekend_placebo_car,recursive AR(3)+pre-event USD expected-return CAR; E1 mapped to first common trading day,-0.01127193750634768,-0.001149352019763298,0.010122585486584382,0.041091611914514166,-0.06393295708614447,0.0413890820734491,-0.09181001692549243,0.06926614191279706,0.7838445780751147,2022-02-09,2024-08-02,520,3,2024-08-05,2024-08-07,PASS,2024-08-03,30,0.020833333333333332
E1_CAR_0,brent_weekend_placebo_car,recursive AR(3)+pre-event USD expected-return CAR; E1 mapped to first common trading day,0.022526358502834097,0.0242502592029918,0.0017239007001577026,0.023632104451988906,-0.0077594019547258045,0.052812118960394,-0.023791715101952826,0.06884443210762102,0.3404836760242327,2022-02-16,2024-08-09,520,1,2024-08-12,2024-08-12,PASS,2024-08-10,31,0.011235955056179775
E1_CAR_0_1,brent_weekend_placebo_car,recursive AR(3)+pre-event USD expected-return CAR; E1 mapped to first common trading day,0.013340065226080266,0.0176065191166366,0.004266453890556335,0.033420842623420315,-0.029490467959783752,0.05617059841194428,-0.05216358264880469,0.07884371310096522,0.6897796865132457,2022-02-16,2024-08-09,520,2,2024-08-12,2024-08-13,PASS,2024-08-10,31,0.01020408163265306
E1_CAR_0_2,brent_weekend_placebo_car,recursive AR(3)+pre-event USD expected-return CAR; E1 mapped to first common trading day,0.0050111849047237735,0.013233865483662201,0.008222680578938428,0.040932005600619444,-0.047445290953630426,0.057467660763077966,-0.07521407188748212,0.08523644169692966,0.9025608128062987,2022-02-16,2024-08-09,520,3,2024-08-12,2024-08-14,PASS,2024-08-10,31,0.020833333333333332
E1_CAR_0,brent_weekend_placebo_car,recursive AR(3)+pre-event USD expected-return CAR; E1 mapped to first common trading day,-0.006147334780429221,-0.0057792967497887,0.00036803803064052137,0.02362716567151651,-0.036426765936142844,0.024132096375284403,-0.0524557285533627,0.040161058992504266,0.7947243165671869,2022-02-25,2024-08-16,520,1,2024-08-19,2024-08-19,PASS,2024-08-17,32,0.011235955056179775
E1_CAR_0_1,brent_weekend_placebo_car,recursive AR(3)+pre-event USD expected-return CAR; E1 mapped to first common trading day,-0.03612884053807697,-0.0337916322972073,0.0023372082408696614,0.033413858133094665,-0.07895042273942962,0.0066927416632756795,-0.10161879906347328,0.029361117987319343,0.27958450563487425,2022-02-25,2024-08-16,520,2,2024-08-19,2024-08-20,PASS,2024-08-17,32,0.01020408163265306
E1_CAR_0_2,brent_weekend_placebo_car,recursive AR(3)+pre-event USD expected-return CAR; E1 mapped to first common trading day,-0.03950666616313114,-0.034806731991022,0.004699934172109143,0.040923451381913827,-0.09195217934911115,0.012938847022848858,-0.11971515699475815,0.04070182466849587,0.3343547027418987,2022-02-25,2024-08-16,520,3,2024-08-19,2024-08-21,PASS,2024-08-17,32,0.020833333333333332
E1_CAR_0_1,brent_weekend_placebo_car,recursive AR(3)+pre-event USD expected-return CAR; E1 mapped to first common trading day,-0.0266373426287018,-0.0181992023908339,0.008438140237867897,0.03262539520922537,-0.06844846893559588,0.015173783678192276,-0.09058194222016913,0.03730725696276554,0.41423687392872677,2022-03-04,2024-08-23,520,2,2024-08-27,2024-08-28,PASS,2024-08-24,33,0.01020408163265306
E1_CAR_0_2,brent_weekend_placebo_car,recursive AR(3)+pre-event USD expected-return CAR; E1 mapped to first common trading day,-0.015167055904641118,0.0004906169606569005,0.015657672865298018,0.03995778545962249,-0.0663750184161156,0.03604090660683335,-0.09348287630747945,0.0631487644981972,0.7042594444909067,2022-03-04,2024-08-23,520,3,2024-08-27,2024-08-29,PASS,2024-08-24,33,0.020833333333333332
E1_CAR_0,brent_weekend_placebo_car,recursive AR(3)+pre-event USD expected-return CAR; E1 mapped to first common trading day,-0.0260688795260084,-0.0176307392881405,0.008438140237867897,0.023069638191334358,-0.05563381046666045,0.0034960514146436493,-0.0712845395173935,0.019146780465376698,0.2584727838875178,2022-03-04,2024-08-23,520,1,2024-09-03,2024-09-03,PASS,2024-08-31,34,0.011235955056179775
E1_CAR_0_1,brent_weekend_placebo_car,recursive AR(3)+pre-event USD expected-return CAR; E1 mapped to first common trading day,-0.05697773537409502,-0.041320062508797,0.015657672865298018,0.03262539520922537,-0.0987888616809891,-0.015166609067200944,-0.12092233496556236,0.006966864217372318,0.08073750392084023,2022-03-04,2024-08-23,520,2,2024-09-03,2024-09-04,PASS,2024-08-31,34,0.01020408163265306
E1_CAR_0_2,brent_weekend_placebo_car,recursive AR(3)+pre-event USD expected-return CAR; E1 mapped to first common trading day,-0.06660052777154996,-0.0440021078338536,0.02259841993769635,0.03995778545962249,-0.11780849028302443,-0.015392565260075486,-0.14491634817438828,0.011715292631288371,0.09555970115358181,2022-03-04,2024-08-23,520,3,2024-09-03,2024-09-05,PASS,2024-08-31,34,0.020833333333333332
E1_CAR_0,brent_weekend_placebo_car,recursive AR(3)+pre-event USD expected-return CAR; E1 mapped to first common trading day,-0.006250237511337838,-0.0061987938692507,5.144364208713783e-05,0.022650018640120832,-0.03527740435919907,0.022776929336523394,-0.050643458295135564,0.038142983272459886,0.7825876611708724,2022-03-09,2024-09-06,520,1,2024-09-09,2024-09-09,PASS,2024-09-07,35,0.011235955056179775
E1_CAR_0_1,brent_weekend_placebo_car,recursive AR(3)+pre-event USD expected-return CAR; E1 mapped to first common trading day,-0.035048659755118235,-0.0346500157014508,0.00039864405366743267,0.03203196354886229,-0.07609927278863028,0.006001953278393812,-0.09783015466498815,0.027732835154751674,0.2738770559553543,2022-03-09,2024-09-06,520,2,2024-09-09,2024-09-10,PASS,2024-09-07,35,0.01020408163265306
E1_CAR_0_2,brent_weekend_placebo_car,recursive AR(3)+pre-event USD expected-return CAR; E1 mapped to first common trading day,-0.035628847244531324,-0.035076606536216796,0.0005522407083145282,0.03923098307707141,-0.08590537502480591,0.014647680535743265,-0.11252016115369162,0.04126246666462898,0.36378241489337193,2022-03-09,2024-09-06,520,3,2024-09-09,2024-09-11,PASS,2024-09-07,35,0.020833333333333332
E1_CAR_0,brent_weekend_placebo_car,recursive AR(3)+pre-event USD expected-return CAR; E1 mapped to first common trading day,-0.0037988243848135813,0.0037930145718725,0.007591838956686081,0.021553675568072347,-0.0314209710523171,0.023823322282689942,-0.04604325223269627,0.038445603463069106,0.8600979397612545,2022-03-16,2024-09-13,520,1,2024-09-16,2024-09-16,PASS,2024-09-14,36,0.011235955056179775
E1_CAR_0_1,brent_weekend_placebo_car,recursive AR(3)+pre-event USD expected-return CAR; E1 mapped to first common trading day,-0.0019104215332219777,0.0117386492636963,0.013649070796918277,0.03048150030735754,-0.04097403597226425,0.037153192905820295,-0.06165306433038934,0.05783222126394539,0.9500254751267105,2022-03-16,2024-09-13,520,2,2024-09-16,2024-09-17,PASS,2024-09-14,36,0.01020408163265306
E1_CAR_0_2,brent_weekend_placebo_car,recursive AR(3)+pre-event USD expected-return CAR; E1 mapped to first common trading day,-0.011387061628083684,0.0113361537863365,0.022723215414420184,0.037332061173757286,-0.059230023070319125,0.03645589981415175,-0.08455655699729406,0.061782433741126686,0.7603501787583875,2022-03-16,2024-09-13,520,3,2024-09-16,2024-09-18,PASS,2024-09-14,36,0.020833333333333332
E1_CAR_0,brent_weekend_placebo_car,recursive AR(3)+pre-event USD expected-return CAR; E1 mapped to first common trading day,-0.010997303585738204,-0.0133856613954783,-0.0023883578097400947,0.021156526275878027,-0.038110482956075165,0.016115875784598756,-0.05246333312443445,0.030468725952958044,0.603198326241766,2022-03-23,2024-09-20,520,1,2024-09-23,2024-09-23,PASS,2024-09-21,37,0.011235955056179775
E1_CAR_0_1,brent_weekend_placebo_car,recursive AR(3)+pre-event USD expected-return CAR; E1 mapped to first common trading day,-0.0039322960598616175,-0.0088595620820539,-0.004927266022192282,0.029919846392049455,-0.04227612204444656,0.03441152992472332,-0.06257411741124923,0.05470952529152599,0.8954369914461342,2022-03-23,2024-09-20,520,2,2024-09-23,2024-09-24,PASS,2024-09-21,37,0.01020408163265306
E1_CAR_0_2,brent_weekend_placebo_car,recursive AR(3)+pre-event USD expected-return CAR; E1 mapped to first common trading day,-0.0008510296954060675,-0.0073996109301744,-0.006548581234768333,0.036644178421486706,-0.04781243391955802,0.04611037452874588,-0.07267229964457982,0.07097024025376768,0.9814714792593935,2022-03-23,2024-09-20,520,3,2024-09-23,2024-09-25,PASS,2024-09-21,37,0.020833333333333332
E1_CAR_0,brent_weekend_placebo_car,recursive AR(3)+pre-event USD expected-return CAR; E1 mapped to first common trading day,-0.06344927467314065,-0.0629849941923303,0.0004642804808103544,0.020561994236082962,-0.08980053057711182,-0.03709801876916949,-0.10375004282618344,-0.023148506520097867,0.0020303610477241385,2022-04-13,2024-10-11,520,1,2024-10-15,2024-10-15,PASS,2024-10-12,40,0.011235955056179775
E1_CAR_0_1,brent_weekend_placebo_car,recursive AR(3)+pre-event USD expected-return CAR; E1 mapped to first common trading day,-0.062231356270043475,-0.0633922432307424,-0.0011608869606989226,0.029079051118105936,-0.0994976597550036,-0.024965052785083354,-0.11922524916613031,-0.005237463373956648,0.032348689568602484,2022-04-13,2024-10-11,520,2,2024-10-15,2024-10-16,PASS,2024-10-12,40,0.01020408163265306
E1_CAR_0_2,brent_weekend_placebo_car,recursive AR(3)+pre-event USD expected-return CAR; E1 mapped to first common trading day,-0.05274024816659338,-0.0536637514241728,-0.0009235032575794132,0.035614418721834094,-0.09838196223552079,-0.007098534097665969,-0.12254322619171723,0.017062729858530468,0.1386417880834001,2022-04-13,2024-10-11,520,3,2024-10-15,2024-10-17,PASS,2024-10-12,40,0.020833333333333332
E1_CAR_0,brent_weekend_placebo_car,recursive AR(3)+pre-event USD expected-return CAR; E1 mapped to first common trading day,0.006822288935696244,0.0073952678861566,0.0005729789504603558,0.02039619786286196,-0.019316490366611934,0.03296106823800442,-0.033153524297066014,0.046798102168458505,0.7380111409512184,2022-04-26,2024-10-18,520,1,2024-10-21,2024-10-21,PASS,2024-10-19,41,0.011235955056179775
E1_CAR_0_1,brent_weekend_placebo_car,recursive AR(3)+pre-event USD expected-return CAR; E1 mapped to first common trading day,0.03526556899028597,0.0382950932524836,0.0030295242621976334,0.028844579638504522,-0.0017002472029154017,0.07223138518348735,-0.021268768250380266,0.0917999062309522,0.22147837740009457,2022-04-26,2024-10-18,520,2,2024-10-21,2024-10-22,PASS,2024-10-19,41,0.01020408163265306
E1_CAR_0_2,brent_weekend_placebo_car,recursive AR(3)+pre-event USD expected-return CAR; E1 mapped to first common trading day,0.020176042727911753,0.0261834126219202,0.006007369894008446,0.03532725097970466,-0.025097651071515775,0.06544973652733928,-0.04906409686511673,0.08941618232094023,0.5679193930134256,2022-04-26,2024-10-18,520,3,2024-10-21,2024-10-23,PASS,2024-10-19,41,0.020833333333333332
E1_CAR_0,brent_weekend_placebo_car,recursive AR(3)+pre-event USD expected-return CAR; E1 mapped to first common trading day,-0.05132635297647548,-0.0508618669824354,0.0004644859940400824,0.02018584843354834,-0.07719555863833538,-0.02545714731461559,-0.09088988890361449,-0.011762817049336474,0.011000280707816446,2022-05-10,2024-10-25,520,1,2024-10-28,2024-10-28,PASS,2024-10-26,42,0.011235955056179775
E1_CAR_0_1,brent_weekend_placebo_car,recursive AR(3)+pre-event USD expected-return CAR; E1 mapped to first common trading day,-0.06032349686281169,-0.061774118521395,-0.001450621658583312,0.028547100622731757,-0.09690807835763281,-0.023738915367990568,-0.11627478594640689,-0.004372207779216493,0.034590355606126444,2022-05-10,2024-10-25,520,2,2024-10-28,2024-10-29,PASS,2024-10-26,42,0.01020408163265306
E1_CAR_0_2,brent_weekend_placebo_car,recursive AR(3)+pre-event USD expected-return CAR; E1 mapped to first common trading day,-0.029100062132335788,-0.032388774804235895,-0.0032887126719001085,0.03496291508079036,-0.07390684069012558,0.01570671642545401,-0.09762611648521721,0.03942599222054563,0.4052327240844189,2022-05-10,2024-10-25,520,3,2024-10-28,2024-10-30,PASS,2024-10-26,42,0.020833333333333332
E1_CAR_0,brent_weekend_placebo_car,recursive AR(3)+pre-event USD expected-return CAR; E1 mapped to first common trading day,0.01836278289158412,0.0169678188806505,-0.0013949640109336208,0.0201226279641524,-0.0074254024787469425,0.04415096826191518,-0.021076843192453135,0.057802408975621375,0.3614824318844878,2022-05-17,2024-11-01,520,1,2024-11-04,2024-11-04,PASS,2024-11-02,43,0.011235955056179775
E1_CAR_0_1,brent_weekend_placebo_car,recursive AR(3)+pre-event USD expected-return CAR; E1 mapped to first common trading day,0.04664495501486674,0.044493096474974694,-0.0021518585398920442,0.02845769337749243,0.010174953515153115,0.08311495651458037,-0.009131099088102425,0.10242100911783591,0.10119280238721151,2022-05-17,2024-11-01,520,2,2024-11-04,2024-11-05,PASS,2024-11-02,43,0.01020408163265306
E1_CAR_0_2,brent_weekend_placebo_car,recursive AR(3)+pre-event USD expected-return CAR; E1 mapped to first common trading day,0.04115839271964769,0.038499593191426394,-0.0026587995282212964,0.03485341401571824,-0.003508054576770135,0.08582484001606552,-0.0271530434894236,0.10946982892871898,0.23764249571036133,2022-05-17,2024-11-01,520,3,2024-11-04,2024-11-06,PASS,2024-11-02,43,0.020833333333333332
E1_CAR_0,brent_weekend_placebo_car,recursive AR(3)+pre-event USD expected-return CAR; E1 mapped to first common trading day,0.012152059445614623,0.0051122736558122,-0.007039785789802423,0.020118622295077597,-0.013630992453242572,0.03793511134447182,-0.02727971567130203,0.051583834562531274,0.5458300410735588,2022-05-24,2024-11-08,520,1,2024-11-12,2024-11-12,PASS,2024-11-09,44,0.011235955056179775
E1_CAR_0_1,brent_weekend_placebo_car,recursive AR(3)+pre-event USD expected-return CAR; E1 mapped to first common trading day,0.02201712432842331,0.009238259429348,-0.012778864899075308,0.028452028505960465,-0.014445617346309926,0.05847986600315654,-0.033747826830366166,0.07778207548721278,0.43902943525340254,2022-05-24,2024-11-08,520,2,2024-11-12,2024-11-13,PASS,2024-11-09,44,0.01020408163265306
E1_CAR_0_2,brent_weekend_placebo_car,recursive AR(3)+pre-event USD expected-return CAR; E1 mapped to first common trading day,0.03540649871401893,0.0164861544059017,-0.01892034430811723,0.034846475993362366,-0.009251057148986948,0.08006405457702481,-0.032891339221110906,0.10370433664914877,0.30959550924559065,2022-05-24,2024-11-08,520,3,2024-11-12,2024-11-14,PASS,2024-11-09,44,0.020833333333333332
E1_CAR_0,brent_weekend_placebo_car,recursive AR(3)+pre-event USD expected-return CAR; E1 mapped to first common trading day,0.012062029607354247,0.012178770286277,0.00011674067892275422,0.020078069998940268,-0.013669052432901728,0.03779311164761022,-0.02729026446964284,0.05141432368435133,0.5480022293008533,2022-05-27,2024-11-15,520,1,2024-11-18,2024-11-18,PASS,2024-11-16,45,0.011235955056179775
E1_CAR_0_1,brent_weekend_placebo_car,recursive AR(3)+pre-event USD expected-return CAR; E1 mapped to first common trading day,0.011312792797108766,0.011775191885695901,0.00046239908858713486,0.028394678898777684,-0.025076452398756003,0.04770203799297354,-0.044339755197074934,0.06696534079129247,0.6903262026546657,2022-05-27,2024-11-15,520,2,2024-11-18,2024-11-19,PASS,2024-11-16,45,0.01020408163265306
E1_CAR_0_2,brent_weekend_placebo_car,recursive AR(3)+pre-event USD expected-return CAR; E1 mapped to first common trading day,0.010800879998590036,0.011909736117315701,0.001108856118725664,0.03477623735608894,-0.03376666142885636,0.05536842142603643,-0.05735929273716071,0.07896105273434079,0.7561182674800286,2022-05-27,2024-11-15,520,3,2024-11-18,2024-11-20,PASS,2024-11-16,45,0.020833333333333332
E1_CAR_0,brent_weekend_placebo_car,recursive AR(3)+pre-event USD expected-return CAR; E1 mapped to first common trading day,-0.020863398572346373,-0.0243411631864347,-0.0034777646140883253,0.020065766960736954,-0.046578713634731934,0.004851916490039188,-0.06019157913756454,0.018464781992871795,0.2984556618680063,2022-06-14,2024-11-22,520,1,2024-11-25,2024-11-25,PASS,2024-11-23,46,0.011235955056179775
E1_CAR_0_1,brent_weekend_placebo_car,recursive AR(3)+pre-event USD expected-return CAR; E1 mapped to first common trading day,-0.012397501465330458,-0.0204440944903048,-0.008046593024974341,0.028377279775292162,-0.04876444878725326,0.023969445856592338,-0.06801594780411997,0.04322094487345905,0.6621974703836253,2022-06-14,2024-11-22,520,2,2024-11-25,2024-11-26,PASS,2024-11-23,46,0.01020408163265306
E1_CAR_0_2,brent_weekend_placebo_car,recursive AR(3)+pre-event USD expected-return CAR; E1 mapped to first common trading day,-0.01736699159050304,-0.029200128070844898,-0.011833136480341858,0.03475492786883334,-0.061907223811196066,0.027173240630189985,-0.08548539849870379,0.050751415317697716,0.6172872618588352,2022-06-14,2024-11-22,520,3,2024-11-25,2024-11-27,PASS,2024-11-23,46,0.020833333333333332
E1_CAR_0,brent_weekend_placebo_car,recursive AR(3)+pre-event USD expected-return CAR; E1 mapped to first common trading day,-0.02360538942716183,-0.0183716128509798,0.005233776576182033,0.020102606261802963,-0.04936791595350211,0.002157137099178443,-0.06300577369568501,0.01579499484136135,0.24029681585342733,2022-06-17,2024-11-27,520,1,2024-12-02,2024-12-02,PASS,2024-11-30,47,0.011235955056179775
E1_CAR_0_1,brent_weekend_placebo_car,recursive AR(3)+pre-event USD expected-return CAR; E1 mapped to first common trading day,-0.0017861443231632912,0.0085929637228324,0.010379108045995691,0.028429378414488057,-0.038219858737710326,0.03464757009138374,-0.05750670211842031,0.053934413472093726,0.9499039358908379,2022-06-17,2024-11-27,520,2,2024-12-02,2024-12-03,PASS,2024-11-30,47,0.01020408163265306
E1_CAR_0_2,brent_weekend_placebo_car,recursive AR(3)+pre-event USD expected-return CAR; E1 mapped to first common trading day,-0.008293788129071868,0.006987397415923,0.015281185544994868,0.03481873540999499,-0.052915793004034165,0.03632821674589043,-0.07653725551989152,0.05994967926174779,0.8117267488294777,2022-06-17,2024-11-27,520,3,2024-12-02,2024-12-04,PASS,2024-11-30,47,0.020833333333333332
E1_CAR_0,brent_weekend_placebo_car,recursive AR(3)+pre-event USD expected-return CAR; E1 mapped to first common trading day,0.0007280927087204833,-0.0006779201669706,-0.0014060128756910833,0.019959925181731494,-0.024851580656080605,0.026307766073521574,-0.038392641781587335,0.039848827199028304,0.9709014378871204,2022-06-28,2024-12-06,520,1,2024-12-09,2024-12-09,PASS,2024-12-07,48,0.011235955056179775
E1_CAR_0_1,brent_weekend_placebo_car,recursive AR(3)+pre-event USD expected-return CAR; E1 mapped to first common trading day,0.0011310295853467806,-0.0018993358036522002,-0.0030303653889989807,0.028227596895956945,-0.03504409140822874,0.03730615057892231,-0.05419404370084345,0.05645610287153702,0.9680387375664707,2022-06-28,2024-12-06,520,2,2024-12-09,2024-12-10,PASS,2024-12-07,48,0.01020408163265306
E1_CAR_0_2,brent_weekend_placebo_car,recursive AR(3)+pre-event USD expected-return CAR; E1 mapped to first common trading day,0.013266820885338407,0.008099396328394699,-0.0051674245569437085,0.034571604530032406,-0.031038473023513424,0.057572114794190235,-0.05449227888128689,0.0810259206519637,0.7011644436635998,2022-06-28,2024-12-06,520,3,2024-12-09,2024-12-11,PASS,2024-12-07,48,0.020833333333333332
E1_CAR_0,brent_weekend_placebo_car,recursive AR(3)+pre-event USD expected-return CAR; E1 mapped to first common trading day,-0.005534864078705121,-0.0079094185375625,-0.002374554458857379,0.01995298883033239,-0.031105648151511518,0.02003591999410128,-0.04464200357008658,0.03357227541267634,0.7814766379999178,2022-07-07,2024-12-13,520,1,2024-12-16,2024-12-16,PASS,2024-12-14,49,0.011235955056179775
E1_CAR_0_1,brent_weekend_placebo_car,recursive AR(3)+pre-event USD expected-return CAR; E1 mapped to first common trading day,-0.017581465822906532,-0.023371546738610798,-0.005790080915704267,0.028217787413734947,-0.053744015459183274,0.01858108381337021,-0.07288731287723466,0.0377243812314216,0.5332429703542609,2022-07-07,2024-12-13,520,2,2024-12-16,2024-12-17,PASS,2024-12-14,49,0.01020408163265306
E1_CAR_0_2,brent_weekend_placebo_car,recursive AR(3)+pre-event USD expected-return CAR; E1 mapped to first common trading day,0.00519004409316366,-0.004282088705572597,-0.009472132798736257,0.034559590416990006,-0.03909985311031005,0.049479941296637374,-0.06254550844459233,0.07292559663091966,0.8806252343422134,2022-07-07,2024-12-13,520,3,2024-12-16,2024-12-18,PASS,2024-12-14,49,0.020833333333333332
E1_CAR_0,brent_weekend_placebo_car,recursive AR(3)+pre-event USD expected-return CAR; E1 mapped to first common trading day,-0.019884702670714037,-0.0147274012780194,0.005157301392694635,0.019688267121575405,-0.04511623222322928,0.005346826881801207,-0.058472997147005906,0.018703591805577832,0.3125061706154022,2022-07-14,2024-12-20,520,1,2024-12-23,2024-12-23,PASS,2024-12-21,50,0.011235955056179775
E1_CAR_0_1,brent_weekend_placebo_car,recursive AR(3)+pre-event USD expected-return CAR; E1 mapped to first common trading day,-0.007282154286975057,0.0042266066056546,0.011508760892629658,0.027843414382956237,-0.042964925579559665,0.028400617005609554,-0.061854243684193816,0.047289935110243694,0.7936764479922933,2022-07-14,2024-12-20,520,2,2024-12-23,2024-12-24,PASS,2024-12-21,50,0.01020408163265306
E1_CAR_0,brent_weekend_placebo_car,recursive AR(3)+pre-event USD expected-return CAR; E1 mapped to first common trading day,0.005581356564156822,0.0063509435817339,0.0007695870175770783,0.019650272675212046,-0.01960148114613946,0.0307641942744531,-0.032932470165650325,0.04409518329396397,0.7763838953697031,2022-07-18,2024-12-24,520,1,2024-12-30,2024-12-30,PASS,2024-12-28,51,0.011235955056179775
E1_CAR_0_1,brent_weekend_placebo_car,recursive AR(3)+pre-event USD expected-return CAR; E1 mapped to first common trading day,0.0110147639971142,0.010920229854463899,-9.453414265030136e-05,0.02778968212161432,-0.02459914663182742,0.04662867462605582,-0.043452012103066505,0.0654815400972949,0.6918382600837025,2022-07-18,2024-12-24,520,2,2024-12-30,2024-12-31,PASS,2024-12-28,51,0.01020408163265306
E1_CAR_0,brent_weekend_placebo_car,recursive AR(3)+pre-event USD expected-return CAR; E1 mapped to first common trading day,0.006373764352732722,0.0071433513703098,0.0007695870175770783,0.019650272675212046,-0.018809073357563558,0.031556602063029,-0.032140062377074424,0.04488759108253987,0.7456654259288398,2022-07-18,2024-12-24,520,1,2025-01-06,2025-01-06,PASS,2025-01-04,52,0.011235955056179775
E1_CAR_0_1,brent_weekend_placebo_car,recursive AR(3)+pre-event USD expected-return CAR; E1 mapped to first common trading day,0.014587541445216602,0.0144930073025663,-9.453414265030136e-05,0.02778968212161432,-0.021026369183725017,0.05020145207415822,-0.0398792346549641,0.06905431754539731,0.5996342648237156,2022-07-18,2024-12-24,520,2,2025-01-06,2025-01-07,PASS,2025-01-04,52,0.01020408163265306
E1_CAR_0_2,brent_weekend_placebo_car,recursive AR(3)+pre-event USD expected-return CAR; E1 mapped to first common trading day,0.009539182298472854,0.0084366779861806,-0.0011025043122922541,0.034035270656049665,-0.034078772094521786,0.0531571366914675,-0.05716872239145743,0.07624708698840313,0.779267728332969,2022-07-18,2024-12-24,520,3,2025-01-06,2025-01-08,PASS,2025-01-04,52,0.020833333333333332
E1_CAR_0,brent_weekend_placebo_car,recursive AR(3)+pre-event USD expected-return CAR; E1 mapped to first common trading day,0.0404266511672451,0.0360765500804927,-0.004350101086752397,0.019584908628933875,0.015327580852786939,0.06552572148170327,0.0020409356140269758,0.07881236672046323,0.03900126053152109,2022-07-21,2025-01-10,520,1,2025-01-13,2025-01-13,PASS,2025-01-11,53,0.011235955056179775
E1_CAR_0_1,brent_weekend_placebo_car,recursive AR(3)+pre-event USD expected-return CAR; E1 mapped to first common trading day,0.04228234843961733,0.0324419446739164,-0.00984040376570093,0.027697243400876148,0.006786902797954651,0.07777779408128002,-0.012003251097139601,0.09656794797637427,0.1268628727056751,2022-07-21,2025-01-10,520,2,2025-01-13,2025-01-14,PASS,2025-01-11,53,0.01020408163265306
E1_CAR_0_2,brent_weekend_placebo_car,recursive AR(3)+pre-event USD expected-return CAR; E1 mapped to first common trading day,0.0601475780701711,0.045584956555417805,-0.014562621514753292,0.03392205680690759,0.016674713062785812,0.10362044307755638,-0.006338431552889559,0.12663358769323174,0.0762102862849161,2022-07-21,2025-01-10,520,3,2025-01-13,2025-01-15,PASS,2025-01-11,53,0.020833333333333332
E1_CAR_0,brent_weekend_placebo_car,recursive AR(3)+pre-event USD expected-return CAR; E1 mapped to first common trading day,-0.013636530692001976,-0.013682802067306,-4.627137530402507e-05,0.019445700114037845,-0.03855719811625799,0.011284136732254037,-0.05174940256968258,0.024476341185678624,0.4831395192931689,2022-07-28,2025-01-17,520,1,2025-01-21,2025-01-21,PASS,2025-01-18,54,0.011235955056179775
E1_CAR_0_1,brent_weekend_placebo_car,recursive AR(3)+pre-event USD expected-return CAR; E1 mapped to first common trading day,-0.020437848277336006,-0.0207825391825292,-0.00034469090519319203,0.02750037283111236,-0.05568099413210825,0.014805297577436236,-0.07433758858774003,0.03346189203306803,0.4573700424402829,2022-07-28,2025-01-17,520,2,2025-01-21,2025-01-22,PASS,2025-01-18,54,0.01020408163265306
E1_CAR_0_2,brent_weekend_placebo_car,recursive AR(3)+pre-event USD expected-return CAR; E1 mapped to first common trading day,-0.03727264939759307,-0.038183053862696395,-0.0009104044651033297,0.033680940586261456,-0.08043651153493112,0.0058912127397449734,-0.1032860799120989,0.028740781116912757,0.26844994874857164,2022-07-28,2025-01-17,520,3,2025-01-21,2025-01-23,PASS,2025-01-18,54,0.020833333333333332
E1_CAR_0,brent_weekend_placebo_car,recursive AR(3)+pre-event USD expected-return CAR; E1 mapped to first common trading day,-0.024570161537230458,-0.0180762565609819,0.00649390497624856,0.019318844665713163,-0.04932825716308811,0.00018793408862719657,-0.062434401304951995,0.013294078230491082,0.20343582082104494,2022-08-02,2025-01-24,520,1,2025-01-27,2025-01-27,PASS,2025-01-25,55,0.011235955056179775
E1_CAR_0_1,brent_weekend_placebo_car,recursive AR(3)+pre-event USD expected-return CAR; E1 mapped to first common trading day,-0.021536570123194036,-0.0089331885541366,0.012603381569057435,0.02732097213563068,-0.056549804735811934,0.013476664489423862,-0.07508469153165254,0.03201155128526446,0.4305330675690642,2022-08-02,2025-01-24,520,2,2025-01-27,2025-01-28,PASS,2025-01-25,55,0.01020408163265306
E1_CAR_0_2,brent_weekend_placebo_car,recursive AR(3)+pre-event USD expected-return CAR; E1 mapped to first common trading day,-0.03986062043924796,-0.0217050837675953,0.018155536671652657,0.03346122050454618,-0.0827428999618822,0.003021659083386287,-0.10544340750691165,0.02572216662841574,0.23355614212556763,2022-08-02,2025-01-24,520,3,2025-01-27,2025-01-29,PASS,2025-01-25,55,0.020833333333333332
E1_CAR_0,brent_weekend_placebo_car,recursive AR(3)+pre-event USD expected-return CAR; E1 mapped to first common trading day,-0.005176327948817495,-0.008072960511094,-0.002896632562276504,0.019089135762373897,-0.02964003976998118,0.01928738387234619,-0.042590346539065876,0.032237690641430894,0.7862632262697686,2022-08-09,2025-01-31,520,1,2025-02-03,2025-02-03,PASS,2025-02-01,56,0.011235955056179775
E1_CAR_0_1,brent_weekend_placebo_car,recursive AR(3)+pre-event USD expected-return CAR; E1 mapped to first common trading day,-0.0010764972883695427,-0.006897027795720699,-0.005820530507351157,0.02699611468913044,-0.035673410331846234,0.033520415755107155,-0.053987909801577916,0.05183491522483884,0.9681919786380186,2022-08-09,2025-01-31,520,2,2025-02-03,2025-02-04,PASS,2025-02-01,56,0.01020408163265306
E1_CAR_0_2,brent_weekend_placebo_car,recursive AR(3)+pre-event USD expected-return CAR; E1 mapped to first common trading day,-0.023026920186601105,-0.0316190218571587,-0.008592101670557597,0.033063353013011644,-0.06539931200257995,0.019345471629377744,-0.08782990130023781,0.041776060927035605,0.48614804460821426,2022-08-09,2025-01-31,520,3,2025-02-03,2025-02-05,PASS,2025-02-01,56,0.020833333333333332
E1_CAR_0,brent_weekend_placebo_car,recursive AR(3)+pre-event USD expected-return CAR; E1 mapped to first common trading day,0.021476731882640886,0.0205427673266598,-0.0009339645559810863,0.01893373912334259,-0.0027878311324918623,0.045741294897773635,-0.01563271489178757,0.058586178657069346,0.2566644859549667,2022-08-16,2025-02-07,520,1,2025-02-10,2025-02-10,PASS,2025-02-08,57,0.011235955056179775
E1_CAR_0_1,brent_weekend_placebo_car,recursive AR(3)+pre-event USD expected-return CAR; E1 mapped to first common trading day,0.041515171512706894,0.038999230921174105,-0.0025159405915327875,0.02677635065466517,0.007199897411649558,0.07583044561376423,-0.01096551140785234,0.09399585443326613,0.1210355284215725,2022-08-16,2025-02-07,520,2,2025-02-10,2025-02-11,PASS,2025-02-08,57,0.01020408163265306
E1_CAR_0_2,brent_weekend_placebo_car,recursive AR(3)+pre-event USD expected-return CAR; E1 mapped to first common trading day,0.013444604027548483,0.009329669165467104,-0.004114934862081378,0.03279419813888398,-0.028582851938118096,0.05547205999321506,-0.050830843226534576,0.07772005128163154,0.6818287013331852,2022-08-16,2025-02-07,520,3,2025-02-10,2025-02-12,PASS,2025-02-08,57,0.020833333333333332
E1_CAR_0,brent_weekend_placebo_car,recursive AR(3)+pre-event USD expected-return CAR; E1 mapped to first common trading day,0.0026660626709749235,0.0085375182000548,0.0058714555290798765,0.0189516076137184,-0.02162139973597286,0.02695352507792271,-0.034478405701048216,0.03981053104299807,0.8881248086272759,2022-08-23,2025-02-14,520,1,2025-02-18,2025-02-18,PASS,2025-02-15,58,0.011235955056179775
E1_CAR_0_1,brent_weekend_placebo_car,recursive AR(3)+pre-event USD expected-return CAR; E1 mapped to first common trading day,-0.004505809237829462,0.0069668372488713,0.011472646486700763,0.026801620516093774,-0.03885346796936172,0.02984184949370279,-0.05703602017668308,0.04802440170102415,0.8664912003609919,2022-08-23,2025-02-14,520,2,2025-02-18,2025-02-19,PASS,2025-02-15,58,0.01020408163265306
E1_CAR_0_2,brent_weekend_placebo_car,recursive AR(3)+pre-event USD expected-return CAR; E1 mapped to first common trading day,-0.001954175246276592,0.014925650216675801,0.016879825462952393,0.032825147272069435,-0.04402129412202924,0.04011294362947606,-0.06629028168675588,0.062381931194202704,0.9525276849124833,2022-08-23,2025-02-14,520,3,2025-02-18,2025-02-20,PASS,2025-02-15,58,0.020833333333333332
E1_CAR_0,brent_weekend_placebo_car,recursive AR(3)+pre-event USD expected-return CAR; E1 mapped to first common trading day,0.000867145951371789,0.0001335380919389,-0.000733607859432889,0.018896547635276453,-0.023349754254004863,0.025084046156748443,-0.03616940684591559,0.03790369874865916,0.9633986256307208,2022-08-26,2025-02-21,520,1,2025-02-24,2025-02-24,PASS,2025-02-22,59,0.011235955056179775
E1_CAR_0_1,brent_weekend_placebo_car,recursive AR(3)+pre-event USD expected-return CAR; E1 mapped to first common trading day,-0.023637182536989307,-0.0239216758641128,-0.00028449332712349325,0.0267237539478372,-0.05788505124606876,0.010610686172090149,-0.0760147778064603,0.028740412732481693,0.3764259148025486,2022-08-26,2025-02-21,520,2,2025-02-24,2025-02-25,PASS,2025-02-22,59,0.01020408163265306
E1_CAR_0_2,brent_weekend_placebo_car,recursive AR(3)+pre-event USD expected-return CAR; E1 mapped to first common trading day,-0.01886812570382403,-0.018737489628557098,0.00013063607526693152,0.032729780591944334,-0.06081302726136156,0.023076775853713507,-0.08301731688593297,0.04528106547828492,0.5642895087944737,2022-08-26,2025-02-21,520,3,2025-02-24,2025-02-26,PASS,2025-02-22,59,0.020833333333333332
E1_CAR_0,brent_weekend_placebo_car,recursive AR(3)+pre-event USD expected-return CAR; E1 mapped to first common trading day,-0.023402152452602566,-0.0258804499461486,-0.0024782974935460343,0.01871901661993179,-0.04739153750733155,0.0005872326021264147,-0.06009075085367557,0.013286445948470445,0.21123356196581655,2022-09-13,2025-02-28,520,1,2025-03-03,2025-03-03,PASS,2025-03-01,60,0.011235955056179775
E1_CAR_0_1,brent_weekend_placebo_car,recursive AR(3)+pre-event USD expected-return CAR; E1 mapped to first common trading day,-0.028489837492985906,-0.0333205504005017,-0.004830712907515793,0.026472687178194912,-0.06241595119037406,0.005436276204402249,-0.0803753509362432,0.023395675950271394,0.28183897588480056,2022-09-13,2025-02-28,520,2,2025-03-03,2025-03-04,PASS,2025-03-01,60,0.01020408163265306
E1_CAR_0_2,brent_weekend_placebo_car,recursive AR(3)+pre-event USD expected-return CAR; E1 mapped to first common trading day,-0.04598393403098254,-0.0527305013813544,-0.006746567350371858,0.03242228785344809,-0.08753476778810662,-0.004433100273858459,-0.10953045052013126,0.01756258245816618,0.15610856882608926,2022-09-13,2025-02-28,520,3,2025-03-03,2025-03-05,PASS,2025-03-01,60,0.020833333333333332
E1_CAR_0,brent_weekend_placebo_car,recursive AR(3)+pre-event USD expected-return CAR; E1 mapped to first common trading day,-0.020815273713844572,-0.0196426180263351,0.0011726556875094715,0.018735808996909183,-0.04482617906557815,0.0031956316378889994,-0.057536784569008084,0.015906237141318943,0.2665731757690659,2022-09-27,2025-03-07,520,1,2025-03-10,2025-03-10,PASS,2025-03-08,61,0.011235955056179775
E1_CAR_0_1,brent_weekend_placebo_car,recursive AR(3)+pre-event USD expected-return CAR; E1 mapped to first common trading day,-0.01498814175224216,-0.0136113212524815,0.0013768204997606595,0.026496435185460823,-0.04894468974552051,0.01896840624103619,-0.06692020043444524,0.03694391692996092,0.5716206150134533,2022-09-27,2025-03-07,520,2,2025-03-10,2025-03-11,PASS,2025-03-08,61,0.01020408163265306
E1_CAR_0_2,brent_weekend_placebo_car,recursive AR(3)+pre-event USD expected-return CAR; E1 mapped to first common trading day,-0.0033917207252533816,-0.0017949607856913002,0.0015967599395620815,0.03245137310355278,-0.044979828730183385,0.03819638727967663,-0.06699524325708864,0.06021180180658187,0.9167590643572057,2022-09-27,2025-03-07,520,3,2025-03-10,2025-03-12,PASS,2025-03-08,61,0.020833333333333332
E1_CAR_0,brent_weekend_placebo_car,recursive AR(3)+pre-event USD expected-return CAR; E1 mapped to first common trading day,-0.0015533203720034389,-0.0001390143882131,0.001414305983790339,0.018618510421709464,-0.02541390155105366,0.022307260807046782,-0.038044930244337645,0.03493828950033077,0.9335105725989947,2022-10-04,2025-03-14,520,1,2025-03-17,2025-03-17,PASS,2025-03-15,62,0.011235955056179775
E1_CAR_0_1,brent_weekend_placebo_car,recursive AR(3)+pre-event USD expected-return CAR; E1 mapped to first common trading day,-0.0031262375767387982,-0.0001390143882131,0.0029872231885256983,0.02633054994956634,-0.036870195086255844,0.030617719932778245,-0.054733167171021765,0.048480692017544166,0.9054889256321144,2022-10-04,2025-03-14,520,2,2025-03-17,2025-03-18,PASS,2025-03-15,62,0.01020408163265306
E1_CAR_0_2,brent_weekend_placebo_car,recursive AR(3)+pre-event USD expected-return CAR; E1 mapped to first common trading day,-0.004362043393632844,0.0,0.004362043393632844,0.03224820601165143,-0.04568978229386953,0.03696569550660384,-0.0675673657424977,0.05884327895523202,0.8924026065492998,2022-10-04,2025-03-14,520,3,2025-03-17,2025-03-19,PASS,2025-03-15,62,0.020833333333333332
E1_CAR_0,brent_weekend_placebo_car,recursive AR(3)+pre-event USD expected-return CAR; E1 mapped to first common trading day,0.01987363641259994,0.0180086722258856,-0.0018649641867143404,0.018489581781664127,-0.0038217160659566422,0.043568988891156527,-0.016365277968669677,0.05611255079386956,0.2824392403270386,2022-10-13,2025-03-21,520,1,2025-03-24,2025-03-24,PASS,2025-03-22,63,0.011235955056179775
E1_CAR_0_1,brent_weekend_placebo_car,recursive AR(3)+pre-event USD expected-return CAR; E1 mapped to first common trading day,0.01932632658125487,0.015571957875491399,-0.0037543687057634703,0.026148217318235904,-0.014183962259130788,0.052836615421640525,-0.03192323762241402,0.07057589078492377,0.4598421165989155,2022-10-13,2025-03-21,520,2,2025-03-24,2025-03-25,PASS,2025-03-22,63,0.01020408163265306
E1_CAR_0_2,brent_weekend_placebo_car,recursive AR(3)+pre-event USD expected-return CAR; E1 mapped to first common trading day,0.03216146075824178,0.0266247729166773,-0.005536687841564479,0.03202489505654215,-0.008880093637871352,0.0732030151543549,-0.03060618016125566,0.09492910167773921,0.31525120716882915,2022-10-13,2025-03-21,520,3,2025-03-24,2025-03-26,PASS,2025-03-22,63,0.020833333333333332
E1_CAR_0,brent_weekend_placebo_car,recursive AR(3)+pre-event USD expected-return CAR; E1 mapped to first common trading day,0.03405713527094005,0.0334417682121976,-0.00061536705874245,0.01840535839166697,0.010469719409689798,0.0576445511321903,-0.002016704299279262,0.07013097484115936,0.06425701373001846,2022-10-20,2025-03-28,520,1,2025-03-31,2025-03-31,PASS,2025-03-29,64,0.011235955056179775
E1_CAR_0_1,brent_weekend_placebo_car,recursive AR(3)+pre-event USD expected-return CAR; E1 mapped to first common trading day,0.041681875847601746,0.040538114358626205,-0.0011437614889755387,0.026029107457832885,0.008324232435287376,0.07503951925991612,-0.00933423731947363,0.09269798901467713,0.10929802045598191,2022-10-20,2025-03-28,520,2,2025-03-31,2025-04-01,PASS,2025-03-29,64,0.01020408163265306
E1_CAR_0_2,brent_weekend_placebo_car,recursive AR(3)+pre-event USD expected-return CAR; E1 mapped to first common trading day,0.035614894526509254,0.03395956757651761,-0.0016553269499916489,0.031879015865881384,-0.005239708164432186,0.0764694972174507,-0.026866828433199222,0.09809661748621773,0.26391340661000573,2022-10-20,2025-03-28,520,3,2025-03-31,2025-04-02,PASS,2025-03-29,64,0.020833333333333332
E1_CAR_0,brent_weekend_placebo_car,recursive AR(3)+pre-event USD expected-return CAR; E1 mapped to first common trading day,-0.02789706474581923,-0.0331653565608194,-0.0052682918150001685,0.018869305824475813,-0.05207905316591605,-0.003715076325722405,-0.06488022457506369,0.009086095083425238,0.13929106283248016,2022-10-27,2025-04-04,520,1,2025-04-07,2025-04-07,PASS,2025-04-05,65,0.011235955056179775
E1_CAR_0_1,brent_weekend_placebo_car,recursive AR(3)+pre-event USD expected-return CAR; E1 mapped to first common trading day,-0.044288593799668916,-0.0525567573682188,-0.00826816356854988,0.026685228209539332,-0.07848708978851898,-0.010090097810818849,-0.09659068000959828,0.008013492410260448,0.09698145287684268,2022-10-27,2025-04-04,520,2,2025-04-07,2025-04-08,PASS,2025-04-05,65,0.01020408163265306
E1_CAR_0_2,brent_weekend_placebo_car,recursive AR(3)+pre-event USD expected-return CAR; E1 mapped to first common trading day,-0.003937737882750928,-0.0156276215967086,-0.011689883713957672,0.03268259639154745,-0.04582217045440087,0.03794669468889901,-0.06799444973144265,0.060118973965940806,0.9040995610457647,2022-10-27,2025-04-04,520,3,2025-04-07,2025-04-09,PASS,2025-04-05,65,0.020833333333333332
E1_CAR_0,brent_weekend_placebo_car,recursive AR(3)+pre-event USD expected-return CAR; E1 mapped to first common trading day,0.002205389601978117,0.0052235026611686,0.0030181130591904835,0.019030301561696675,-0.022182923157200107,0.026593702361156345,-0.03509331607388371,0.03950409527783994,0.9077410557400278,2022-11-03,2025-04-11,520,1,2025-04-14,2025-04-14,PASS,2025-04-12,66,0.011235955056179775
E1_CAR_0_1,brent_weekend_placebo_car,recursive AR(3)+pre-event USD expected-return CAR; E1 mapped to first common trading day,-0.011522408785837959,-0.0037478493760998988,0.007774559409738059,0.02691291056460133,-0.0460126914532646,0.022967873881588687,-0.0642707442116041,0.041225926639928176,0.6685514885693191,2022-11-03,2025-04-11,520,2,2025-04-14,2025-04-15,PASS,2025-04-12,66,0.01020408163265306
E1_CAR_0_2,brent_weekend_placebo_car,recursive AR(3)+pre-event USD expected-return CAR; E1 mapped to first common trading day,0.005289302942876481,0.016472881209459302,0.011183578266582821,0.03296144918821599,-0.03695249386690051,0.047531099752653475,-0.059313950344273864,0.06989255623002683,0.8725113491472618,2022-11-03,2025-04-11,520,3,2025-04-14,2025-04-16,PASS,2025-04-12,66,0.020833333333333332
E1_CAR_0_1,brent_weekend_placebo_car,recursive AR(3)+pre-event USD expected-return CAR; E1 mapped to first common trading day,-0.01077385513633082,-0.0097675534189995,0.0010063017173313207,0.02677544102448464,-0.04508796349940623,0.023540253226744592,-0.06325275521449697,0.04170504494183532,0.68740567349588,2022-11-09,2025-04-17,520,2,2025-04-22,2025-04-23,PASS,2025-04-19,67,0.01020408163265306
E1_CAR_0_2,brent_weekend_placebo_car,recursive AR(3)+pre-event USD expected-return CAR; E1 mapped to first common trading day,-0.021880249185030187,-0.020963899019076,0.0009163501659541863,0.03279308407398551,-0.06390627741908202,0.020145779049021647,-0.08615351291203582,0.04239301454197544,0.5046306902500011,2022-11-09,2025-04-17,520,3,2025-04-22,2025-04-24,PASS,2025-04-19,67,0.020833333333333332
E1_CAR_0,brent_weekend_placebo_car,recursive AR(3)+pre-event USD expected-return CAR; E1 mapped to first common trading day,-0.01392715455093612,-0.0129208528336048,0.0010063017173313207,0.018933095917673566,-0.03819089326483676,0.01033658416296452,-0.051035340665418635,0.023181031563546395,0.46197515309074166,2022-11-09,2025-04-17,520,1,2025-04-28,2025-04-28,PASS,2025-04-26,68,0.011235955056179775
E1_CAR_0_1,brent_weekend_placebo_car,recursive AR(3)+pre-event USD expected-return CAR; E1 mapped to first common trading day,-0.04595181655761568,-0.0450354663916615,0.0009163501659541863,0.02677544102448464,-0.0802659249206911,-0.01163770819454027,-0.09843071663578182,0.00652708352055046,0.08612677796757007,2022-11-09,2025-04-17,520,2,2025-04-28,2025-04-29,PASS,2025-04-26,68,0.01020408163265306
E1_CAR_0_2,brent_weekend_placebo_car,recursive AR(3)+pre-event USD expected-return CAR; E1 mapped to first common trading day,-0.05609276810012236,-0.05555279118475,0.0005399769153723674,0.03279308407398551,-0.0981187963341742,-0.01406673986607053,-0.12036603182712799,0.00818049562688327,0.08717233905762845,2022-11-09,2025-04-17,520,3,2025-04-28,2025-04-30,PASS,2025-04-26,68,0.020833333333333332
E1_CAR_0_1,brent_weekend_placebo_car,recursive AR(3)+pre-event USD expected-return CAR; E1 mapped to first common trading day,-0.03479391081554322,-0.0335864630751361,0.001207447740407118,0.026751755625597326,-0.06907766511859403,-0.0005101565124924004,-0.08722638836493077,0.01763856673384432,0.19338801478712964,2022-11-18,2025-05-02,520,2,2025-05-06,2025-05-07,PASS,2025-05-03,69,0.01020408163265306
E1_CAR_0_2,brent_weekend_placebo_car,recursive AR(3)+pre-event USD expected-return CAR; E1 mapped to first common trading day,-0.005283294240244899,-0.0024078990685403034,0.002875395171704595,0.03276407550317141,-0.047272146494955716,0.036705558014465914,-0.06949970221321192,0.058933113732722114,0.8718944091648346,2022-11-18,2025-05-02,520,3,2025-05-06,2025-05-08,PASS,2025-05-03,69,0.020833333333333332
E1_CAR_0,brent_weekend_placebo_car,recursive AR(3)+pre-event USD expected-return CAR; E1 mapped to first common trading day,0.014540909227731783,0.0157483569681389,0.001207447740407118,0.018916347811505238,-0.00970136592448893,0.0387831843799525,-0.022534451201851553,0.05161626965731512,0.4420741663631893,2022-11-18,2025-05-02,520,1,2025-05-12,2025-05-12,PASS,2025-05-10,70,0.011235955056179775
E1_CAR_0_1,brent_weekend_placebo_car,recursive AR(3)+pre-event USD expected-return CAR; E1 mapped to first common trading day,0.037834548253133704,0.0407099434248383,0.002875395171704595,0.026751755625597326,0.003550793950082884,0.07211830255618452,-0.014597929296253837,0.09026702580252124,0.15727888063730067,2022-11-18,2025-05-02,520,2,2025-05-12,2025-05-13,PASS,2025-05-10,70,0.01020408163265306
E1_CAR_0_2,brent_weekend_placebo_car,recursive AR(3)+pre-event USD expected-return CAR; E1 mapped to first common trading day,0.020577640189492048,0.025352821376916503,0.004775181187424455,0.03276407550317141,-0.021411212065218767,0.06256649244420287,-0.04363876778347497,0.08479404816245906,0.5299679356901741,2022-11-18,2025-05-02,520,3,2025-05-12,2025-05-14,PASS,2025-05-10,70,0.020833333333333332
E1_CAR_0,brent_weekend_placebo_car,recursive AR(3)+pre-event USD expected-return CAR; E1 mapped to first common trading day,0.017048169032224815,0.015975995933724,-0.0010721730985008126,0.01893043525218832,-0.0072121599016578206,0.04130849796610745,-0.020054802273731707,0.05415114033818134,0.3678173577887125,2022-11-29,2025-05-16,520,1,2025-05-19,2025-05-19,PASS,2025-05-17,71,0.011235955056179775
E1_CAR_0_1,brent_weekend_placebo_car,recursive AR(3)+pre-event USD expected-return CAR; E1 mapped to first common trading day,0.027934336010366816,0.0261878281799434,-0.001746507830423417,0.026771678275270466,-0.006374950195562418,0.06224362221629605,-0.02453718921485669,0.08040586123559032,0.29674981209656104,2022-11-29,2025-05-16,520,2,2025-05-19,2025-05-20,PASS,2025-05-17,71,0.01020408163265306
E1_CAR_0_2,brent_weekend_placebo_car,recursive AR(3)+pre-event USD expected-return CAR; E1 mapped to first common trading day,0.013324077551140274,0.010071808015610799,-0.0032522695355294753,0.03278847566618312,-0.028696044770677734,0.055344199872958286,-0.05094015386254659,0.07758830896482714,0.6844746869465914,2022-11-29,2025-05-16,520,3,2025-05-19,2025-05-21,PASS,2025-05-17,71,0.020833333333333332
E1_CAR_0_1,brent_weekend_placebo_car,recursive AR(3)+pre-event USD expected-return CAR; E1 mapped to first common trading day,0.019553952632193908,0.0215326682983567,0.001978715666162791,0.02668702429741054,-0.014646845135879362,0.05375475040026718,-0.03275165384527609,0.0718595591096639,0.46373296766122096,2022-12-06,2025-05-23,520,2,2025-05-27,2025-05-28,PASS,2025-05-24,72,0.01020408163265306
E1_CAR_0_2,brent_weekend_placebo_car,recursive AR(3)+pre-event USD expected-return CAR; E1 mapped to first common trading day,0.0002682130249757374,0.004343785917844997,0.00407557289286926,0.03268479614095628,-0.0416190386389729,0.04215546468892438,-0.06379281025333233,0.0643292363032838,0.9934525940154033,2022-12-06,2025-05-23,520,3,2025-05-27,2025-05-29,PASS,2025-05-24,72,0.020833333333333332
E1_CAR_0,brent_weekend_placebo_car,recursive AR(3)+pre-event USD expected-return CAR; E1 mapped to first common trading day,0.03210420430424701,0.0340829199704098,0.001978715666162791,0.018870575850389152,0.00792058828045266,0.05628782032804135,-0.004881444730047035,0.06908985333854105,0.08888971532118473,2022-12-06,2025-05-23,520,1,2025-06-02,2025-06-02,PASS,2025-05-31,73,0.011235955056179775
E1_CAR_0_1,brent_weekend_placebo_car,recursive AR(3)+pre-event USD expected-return CAR; E1 mapped to first common trading day,0.04388505991418704,0.0479606328070563,0.00407557289286926,0.02668702429741054,0.009684262146113773,0.07808585768226031,-0.008420546563282956,0.09619066639165705,0.1000865110603979,2022-12-06,2025-05-23,520,2,2025-06-02,2025-06-03,PASS,2025-05-31,73,0.01020408163265306
E1_CAR_0_2,brent_weekend_placebo_car,recursive AR(3)+pre-event USD expected-return CAR; E1 mapped to first common trading day,0.030375864657486994,0.036184391773503896,0.005808527116016902,0.03268479614095628,-0.011511387006461645,0.07226311632143563,-0.03368515862082107,0.09443688793579506,0.3527037783621225,2022-12-06,2025-05-23,520,3,2025-06-02,2025-06-04,PASS,2025-05-31,73,0.020833333333333332
E1_CAR_0,brent_weekend_placebo_car,recursive AR(3)+pre-event USD expected-return CAR; E1 mapped to first common trading day,-0.05844824668935583,-0.0573751123272696,0.001073134362086235,0.019026793214130925,-0.0828320633202187,-0.03406443005849297,-0.09574007613034355,-0.02115641724836812,0.0021270693819632758,2022-12-23,2025-06-18,520,1,2025-06-23,2025-06-23,PASS,2025-06-21,76,0.011235955056179775
E1_CAR_0_1,brent_weekend_placebo_car,recursive AR(3)+pre-event USD expected-return CAR; E1 mapped to first common trading day,-0.13006528755002372,-0.1300354872392021,2.980031082161277e-05,0.026907949011892328,-0.16454921173180861,-0.09558136336823883,-0.18280389851117282,-0.07732667658887463,1.3401013341240997e-06,2022-12-23,2025-06-18,520,2,2025-06-23,2025-06-24,PASS,2025-06-21,76,0.01020408163265306
E1_CAR_0_2,brent_weekend_placebo_car,recursive AR(3)+pre-event USD expected-return CAR; E1 mapped to first common trading day,-0.14010262260152154,-0.1406514525678702,-0.0005488299663486588,0.0329553725519815,-0.18233663188861898,-0.09786861331442409,-0.20469396590050512,-0.07551127930253795,2.1254917151880548e-05,2022-12-23,2025-06-18,520,3,2025-06-23,2025-06-25,PASS,2025-06-21,76,0.020833333333333332
E1_CAR_0,brent_weekend_placebo_car,recursive AR(3)+pre-event USD expected-return CAR; E1 mapped to first common trading day,-0.017905049114291877,-0.0177433392546682,0.00016170985962367753,0.01933005246337145,-0.042677508110784815,0.006867409882201064,-0.05579125576176967,0.019981157533185915,0.35430026865891784,2023-01-13,2025-06-27,520,1,2025-06-30,2025-06-30,PASS,2025-06-28,77,0.011235955056179775
E1_CAR_0_1,brent_weekend_placebo_car,recursive AR(3)+pre-event USD expected-return CAR; E1 mapped to first common trading day,-0.025496481544137497,-0.0254028258103611,9.365573377639493e-05,0.02733682235508336,-0.0605300290303092,0.009537065942034208,-0.0790756688118703,0.028082705723595305,0.3509857041007671,2023-01-13,2025-06-27,520,2,2025-06-30,2025-07-01,PASS,2025-06-28,77,0.01020408163265306
E1_CAR_0_2,brent_weekend_placebo_car,recursive AR(3)+pre-event USD expected-return CAR; E1 mapped to first common trading day,0.02083354357934657,0.0204045033024638,-0.00042904027688276763,0.033480632979531286,-0.02207361403099593,0.06374070118968907,-0.04478729124013871,0.08645437839883184,0.5337731787853386,2023-01-13,2025-06-27,520,3,2025-06-30,2025-07-02,PASS,2025-06-28,77,0.020833333333333332
E1_CAR_0,brent_weekend_placebo_car,recursive AR(3)+pre-event USD expected-return CAR; E1 mapped to first common trading day,0.012212469975351484,0.012869110323658,0.0006566403483065147,0.019417266196285646,-0.012671757917094635,0.0370966978677976,-0.025844672447595432,0.0502696123982984,0.5293824514449519,2023-01-23,2025-07-03,520,1,2025-07-07,2025-07-07,PASS,2025-07-05,78,0.011235955056179775
E1_CAR_0_1,brent_weekend_placebo_car,recursive AR(3)+pre-event USD expected-return CAR; E1 mapped to first common trading day,0.020677056330720662,0.0204842388509103,-0.00019281747981036458,0.027460161198995803,-0.0145145562439595,0.05586866890540082,-0.033143870628975336,0.07449798329041667,0.4514596532828765,2023-01-23,2025-07-03,520,2,2025-07-07,2025-07-08,PASS,2025-07-05,78,0.01020408163265306
E1_CAR_0_2,brent_weekend_placebo_car,recursive AR(3)+pre-event USD expected-return CAR; E1 mapped to first common trading day,0.013696541591236405,0.0132859796411662,-0.0004105619500702043,0.03363169159605641,-0.029404205425602868,0.05679728860807568,-0.05222036267619256,0.07961344585866537,0.6838236134351889,2023-01-23,2025-07-03,520,3,2025-07-07,2025-07-09,PASS,2025-07-05,78,0.020833333333333332
E1_CAR_0,brent_weekend_placebo_car,recursive AR(3)+pre-event USD expected-return CAR; E1 mapped to first common trading day,-0.014867145321749662,-0.0153827673186235,-0.0005156219968738384,0.019428579472769943,-0.03976587176138567,0.010031581117886346,-0.05294646135915294,0.023212170715653617,0.4441403150833163,2023-01-27,2025-07-11,520,1,2025-07-14,2025-07-14,PASS,2025-07-12,79,0.011235955056179775
E1_CAR_0_1,brent_weekend_placebo_car,recursive AR(3)+pre-event USD expected-return CAR; E1 mapped to first common trading day,-0.02486537338482071,-0.0251541401158412,-0.0002887667310204915,0.02747616058803477,-0.06007749000157152,0.010346743231930095,-0.07871765857080773,0.028986911801166314,0.36547602951881997,2023-01-27,2025-07-11,520,2,2025-07-14,2025-07-15,PASS,2025-07-12,79,0.01020408163265306
E1_CAR_0_2,brent_weekend_placebo_car,recursive AR(3)+pre-event USD expected-return CAR; E1 mapped to first common trading day,-0.03266210902489668,-0.0337292962779195,-0.0010671872530228243,0.03365128676572729,-0.07578796826210478,0.010463750212311426,-0.09861741911915152,0.033293201069358166,0.33174498801075014,2023-01-27,2025-07-11,520,3,2025-07-14,2025-07-16,PASS,2025-07-12,79,0.020833333333333332
E1_CAR_0,brent_weekend_placebo_car,recursive AR(3)+pre-event USD expected-return CAR; E1 mapped to first common trading day,0.011145843647863935,0.0120297995704845,0.0008839559226205655,0.01942374103730169,-0.013746682087222947,0.03603836938295082,-0.02692398923028005,0.04921567652600792,0.566085691257942,2023-02-03,2025-07-18,520,1,2025-07-21,2025-07-21,PASS,2025-07-19,80,0.011235955056179775
E1_CAR_0_1,brent_weekend_placebo_car,recursive AR(3)+pre-event USD expected-return CAR; E1 mapped to first common trading day,-0.020314938312184578,-0.0194677551424531,0.0008471831697314773,0.027469318006974903,-0.05551828580846574,0.014888409184096587,-0.07415381228573296,0.033523935661363816,0.4595729977767875,2023-02-03,2025-07-18,520,2,2025-07-21,2025-07-22,PASS,2025-07-19,80,0.01020408163265306
E1_CAR_0_2,brent_weekend_placebo_car,recursive AR(3)+pre-event USD expected-return CAR; E1 mapped to first common trading day,-0.028184699368187256,-0.026957347980387,0.0012273513878002548,0.033642906349667136,-0.07129981867007355,0.014930419933699039,-0.09412358414878874,0.03775418541241424,0.40216520510635134,2023-02-03,2025-07-18,520,3,2025-07-21,2025-07-23,PASS,2025-07-19,80,0.020833333333333332
E1_CAR_0,brent_weekend_placebo_car,recursive AR(3)+pre-event USD expected-return CAR; E1 mapped to first common trading day,0.024368166362367646,0.0234129181322302,-0.0009552482301374452,0.019411790476874566,-0.0005090441132947175,0.049245376838030014,-0.013678243847744104,0.0624145765724794,0.20935967268948796,2023-02-10,2025-07-25,520,1,2025-07-28,2025-07-28,PASS,2025-07-26,81,0.011235955056179775
E1_CAR_0_1,brent_weekend_placebo_car,recursive AR(3)+pre-event USD expected-return CAR; E1 mapped to first common trading day,0.05867103087588512,0.055897728968616806,-0.002773301907268314,0.027452417362340904,0.023489342427193367,0.09385271932457687,0.004865281557134879,0.11247678019463536,0.032582543983021184,2023-02-10,2025-07-25,520,2,2025-07-28,2025-07-29,PASS,2025-07-26,81,0.01020408163265306
E1_CAR_0_2,brent_weekend_placebo_car,recursive AR(3)+pre-event USD expected-return CAR; E1 mapped to first common trading day,0.07033262943464064,0.0663604917143735,-0.003972137720267138,0.03362220737182843,0.02724403694020871,0.11342122192907256,0.004434313905119808,0.13623094496416147,0.036451896231140424,2023-02-10,2025-07-25,520,3,2025-07-28,2025-07-30,PASS,2025-07-26,81,0.020833333333333332
E1_CAR_0,brent_weekend_placebo_car,recursive AR(3)+pre-event USD expected-return CAR; E1 mapped to first common trading day,-0.01346206542986873,-0.0141319888127409,-0.0006699233828721717,0.019543056195471822,-0.038507499692701744,0.011583368832964284,-0.051765751720835876,0.024841620861098413,0.49092310401129113,2023-02-17,2025-08-01,520,1,2025-08-04,2025-08-04,PASS,2025-08-02,82,0.011235955056179775
E1_CAR_0_1,brent_weekend_placebo_car,recursive AR(3)+pre-event USD expected-return CAR; E1 mapped to first common trading day,-0.01911012807269303,-0.0201882438053448,-0.0010781157326517701,0.027638055121855794,-0.05452972088271529,0.016309464737329228,-0.07327972071426317,0.035059464568877104,0.48928745489270886,2023-02-17,2025-08-01,520,2,2025-08-04,2025-08-05,PASS,2025-08-02,82,0.01020408163265306
E1_CAR_0_2,brent_weekend_placebo_car,recursive AR(3)+pre-event USD expected-return CAR; E1 mapped to first common trading day,-0.03718110049207366,-0.0372552469402761,-7.414644820243933e-05,0.03384956626573092,-0.08056106513292682,0.006198864148779494,-0.10352503126520823,0.02916283028106092,0.2720203605169045,2023-02-17,2025-08-01,520,3,2025-08-04,2025-08-06,PASS,2025-08-02,82,0.020833333333333332
E1_CAR_0,brent_weekend_placebo_car,recursive AR(3)+pre-event USD expected-return CAR; E1 mapped to first common trading day,0.0029430198258792286,0.002824650655298,-0.00011836917058122829,0.01943847894455036,-0.021968393297315036,0.027854432949073492,-0.035155698819679636,0.0410417384714381,0.879658805167113,2023-02-28,2025-08-08,520,1,2025-08-11,2025-08-11,PASS,2025-08-09,83,0.011235955056179775
E1_CAR_0_1,brent_weekend_placebo_car,recursive AR(3)+pre-event USD expected-return CAR; E1 mapped to first common trading day,-0.005643878632025266,-0.0055236387361725005,0.0001202398958527659,0.02749016055528697,-0.0408739369287257,0.02958617966467517,-0.05952360324961133,0.048235845985560806,0.8373335189905768,2023-02-28,2025-08-08,520,2,2025-08-11,2025-08-12,PASS,2025-08-09,83,0.01020408163265306
E1_CAR_0_2,brent_weekend_placebo_car,recursive AR(3)+pre-event USD expected-return CAR; E1 mapped to first common trading day,-0.013672410371383923,-0.013791254412441601,-0.00011884404105767864,0.033668433153819066,-0.056820243589094474,0.02947542284632663,-0.0796613267687636,0.05231650602599576,0.6846765526988354,2023-02-28,2025-08-08,520,3,2025-08-11,2025-08-13,PASS,2025-08-09,83,0.020833333333333332
E1_CAR_0,brent_weekend_placebo_car,recursive AR(3)+pre-event USD expected-return CAR; E1 mapped to first common trading day,0.012572057199717098,0.0129910300590747,0.00041897285935760264,0.019443147101670142,-0.01234533840754223,0.03748945280697642,-0.025535810865670718,0.05067992526510491,0.5178869197075813,2023-03-07,2025-08-15,520,1,2025-08-18,2025-08-18,PASS,2025-08-16,84,0.011235955056179775
E1_CAR_0_1,brent_weekend_placebo_car,recursive AR(3)+pre-event USD expected-return CAR; E1 mapped to first common trading day,-0.009197201204641514,-0.0101554038851486,-0.0009582026805070863,0.027496762326397053,-0.04443572001144344,0.026041317602160413,-0.06308986505583752,0.0446954626465545,0.7380150716522558,2023-03-07,2025-08-15,520,2,2025-08-18,2025-08-19,PASS,2025-08-16,84,0.01020408163265306
E1_CAR_0_2,brent_weekend_placebo_car,recursive AR(3)+pre-event USD expected-return CAR; E1 mapped to first common trading day,0.0054849760453037286,0.004595664451904199,-0.0008893115933995299,0.033676518639128246,-0.03767321913876299,0.048643171229370445,-0.06051978761207947,0.07148973970268693,0.870618887482727,2023-03-07,2025-08-15,520,3,2025-08-18,2025-08-20,PASS,2025-08-16,84,0.020833333333333332
E1_CAR_0_1,brent_weekend_placebo_car,recursive AR(3)+pre-event USD expected-return CAR; E1 mapped to first common trading day,0.013017864796742806,0.0127749806294934,-0.00024288416724940594,0.027384810979695706,-0.022077182586429184,0.0481129121799148,-0.04065537844689781,0.06669110804038342,0.6345246474924569,2023-03-14,2025-08-22,520,2,2025-08-26,2025-08-27,PASS,2025-08-23,85,0.01020408163265306
E1_CAR_0_2,brent_weekend_placebo_car,recursive AR(3)+pre-event USD expected-return CAR; E1 mapped to first common trading day,0.026127498433490215,0.025388817572482902,-0.0007386808610073117,0.03353940680141039,-0.016854980860294487,0.06910997772727492,-0.03960853096011188,0.09186352782709231,0.43597443632188027,2023-03-14,2025-08-22,520,3,2025-08-26,2025-08-28,PASS,2025-08-23,85,0.020833333333333332
E1_CAR_0,brent_weekend_placebo_car,recursive AR(3)+pre-event USD expected-return CAR; E1 mapped to first common trading day,0.015038242087327305,0.0147953579200779,-0.00024288416724940594,0.019363985545254654,-0.00977770390337681,0.03985418807803142,-0.02291447217852602,0.05299095635318063,0.43738959253412046,2023-03-14,2025-08-22,520,1,2025-09-02,2025-09-02,PASS,2025-08-30,86,0.011235955056179775
E1_CAR_0_1,brent_weekend_placebo_car,recursive AR(3)+pre-event USD expected-return CAR; E1 mapped to first common trading day,0.010675729630009411,0.009937048769002099,-0.0007386808610073117,0.027384810979695706,-0.02441931775316258,0.0457707770131814,-0.0429975136136312,0.06434897287365003,0.696653920558322,2023-03-14,2025-08-22,520,2,2025-09-02,2025-09-03,PASS,2025-08-30,86,0.01020408163265306
E1_CAR_0_2,brent_weekend_placebo_car,recursive AR(3)+pre-event USD expected-return CAR; E1 mapped to first common trading day,-0.009400611073547099,-0.010187354022175202,-0.0007867429486281039,0.03353940680141039,-0.0523830903673318,0.03358186822023761,-0.0751366404671492,0.056335418320054995,0.7792584362892694,2023-03-14,2025-08-22,520,3,2025-09-02,2025-09-04,PASS,2025-08-30,86,0.020833333333333332
E1_CAR_0,brent_weekend_placebo_car,recursive AR(3)+pre-event USD expected-return CAR; E1 mapped to first common trading day,0.008919288304493945,0.0079779496481018,-0.0009413386563921445,0.0192825003575556,-0.01579223021634575,0.03363080682533364,-0.028873717928195746,0.04671229453718363,0.6436807174996577,2023-03-17,2025-09-05,520,1,2025-09-08,2025-09-08,PASS,2025-09-06,87,0.011235955056179775
E1_CAR_0_1,brent_weekend_placebo_car,recursive AR(3)+pre-event USD expected-return CAR; E1 mapped to first common trading day,0.04710261734151312,0.0459106887121567,-0.001191928629356424,0.027269573522119187,0.012155252702507696,0.08204998198051855,-0.0063447646356075554,0.1005499993186338,0.08411456937126416,2023-03-17,2025-09-05,520,2,2025-09-08,2025-09-09,PASS,2025-09-06,87,0.01020408163265306
E1_CAR_0_2,brent_weekend_placebo_car,recursive AR(3)+pre-event USD expected-return CAR; E1 mapped to first common trading day,0.04160713970145993,0.0407480546333501,-0.0008590850681098312,0.03339827031625134,-0.0011944659088137244,0.08440874531173359,-0.02385226726432585,0.10706654666724572,0.2128425075941811,2023-03-17,2025-09-05,520,3,2025-09-08,2025-09-10,PASS,2025-09-06,87,0.020833333333333332
E1_CAR_0,brent_weekend_placebo_car,recursive AR(3)+pre-event USD expected-return CAR; E1 mapped to first common trading day,0.000203168790566215,0.0001473296503586,-5.583914020761499e-05,0.019214553060407223,-0.024421271765238457,0.024827609346370884,-0.037456663186865816,0.03786300076799824,0.991563570584804,2023-03-24,2025-09-12,520,1,2025-09-15,2025-09-15,PASS,2025-09-13,88,0.011235955056179775
E1_CAR_0_1,brent_weekend_placebo_car,recursive AR(3)+pre-event USD expected-return CAR; E1 mapped to first common trading day,0.02634265536979137,0.0264627247347605,0.00012006936496912821,0.027173481532965355,-0.008481562430077666,0.06116687316966041,-0.026916389769384985,0.07960170050896773,0.3323331281575064,2023-03-24,2025-09-12,520,2,2025-09-15,2025-09-16,PASS,2025-09-13,88,0.01020408163265306
E1_CAR_0_2,brent_weekend_placebo_car,recursive AR(3)+pre-event USD expected-return CAR; E1 mapped to first common trading day,0.019580949587434608,0.0192622327950528,-0.00031871679238180826,0.03328058214535337,-0.023069832563178683,0.0622317317380479,-0.04564779280198477,0.08480969197685398,0.5562909571422063,2023-03-24,2025-09-12,520,3,2025-09-15,2025-09-17,PASS,2025-09-13,88,0.020833333333333332
E1_CAR_0,brent_weekend_placebo_car,recursive AR(3)+pre-event USD expected-return CAR; E1 mapped to first common trading day,-0.002088394913885884,-0.0026881736618005,-0.0005997787479146161,0.019153138644526745,-0.026634129728871917,0.02245733990110015,-0.03962785684806061,0.03545106702028884,0.9131733863764362,2023-03-31,2025-09-19,520,1,2025-09-22,2025-09-22,PASS,2025-09-20,89,0.011235955056179775
E1_CAR_0_1,brent_weekend_placebo_car,recursive AR(3)+pre-event USD expected-return CAR; E1 mapped to first common trading day,0.013934847170784059,0.013480687076043501,-0.00045416009474055785,0.027086628433101962,-0.020778063902982646,0.04864775824455077,-0.03915396902071438,0.06702366336228249,0.6069340243537558,2023-03-31,2025-09-19,520,2,2025-09-22,2025-09-23,PASS,2025-09-20,89,0.01020408163265306
E1_CAR_0_2,brent_weekend_placebo_car,recursive AR(3)+pre-event USD expected-return CAR; E1 mapped to first common trading day,0.038225466436466106,0.037900505172299905,-0.00032496126416619805,0.033174209256731216,-0.004288993372201955,0.08073992624513417,-0.02679478892232235,0.10324572179525457,0.24921236549033243,2023-03-31,2025-09-19,520,3,2025-09-22,2025-09-24,PASS,2025-09-20,89,0.020833333333333332
E1_CAR_0,brent_weekend_placebo_car,recursive AR(3)+pre-event USD expected-return CAR; E1 mapped to first common trading day,-0.0295345369468293,-0.0306838199386021,-0.0011492829917728012,0.01887084154477532,-0.0537184934716802,-0.005350580421978401,-0.06652070673255113,0.007451632838892528,0.11756216140078535,2023-04-17,2025-09-26,520,1,2025-09-29,2025-09-29,PASS,2025-09-27,90,0.011235955056179775
E1_CAR_0_1,brent_weekend_placebo_car,recursive AR(3)+pre-event USD expected-return CAR; E1 mapped to first common trading day,-0.0357593853127903,-0.0376646510799422,-0.0019052657671518977,0.02668740004601491,-0.06996066462207574,-0.0015581060035048527,-0.08806572824399211,0.01654695761841151,0.1802664301003667,2023-04-17,2025-09-26,520,2,2025-09-29,2025-09-30,PASS,2025-09-27,90,0.01020408163265306
E1_CAR_0_2,brent_weekend_placebo_car,recursive AR(3)+pre-event USD expected-return CAR; E1 mapped to first common trading day,-0.062252922695589935,-0.0650352479058929,-0.002782325210302972,0.032685256337132415,-0.10414076412466855,-0.02036508126651132,-0.12631484794182904,0.0018090025506491691,0.056829764388841575,2023-04-17,2025-09-26,520,3,2025-09-29,2025-10-01,PASS,2025-09-27,90,0.020833333333333332
E1_CAR_0,brent_weekend_placebo_car,recursive AR(3)+pre-event USD expected-return CAR; E1 mapped to first common trading day,0.014060061987754353,0.014412499888226,0.0003524379004716477,0.018927973146343435,-0.010197111630528232,0.038317235606036934,-0.023038083679420066,0.051158207654928775,0.45759114581844784,2023-04-24,2025-10-03,520,1,2025-10-06,2025-10-06,PASS,2025-10-04,91,0.011235955056179775
E1_CAR_0_1,brent_weekend_placebo_car,recursive AR(3)+pre-event USD expected-return CAR; E1 mapped to first common trading day,0.013765789847300383,0.0145615422910649,0.0007957524437645162,0.02676819633179263,-0.020539034068513692,0.04807061376311446,-0.03869891089411036,0.06623049058871112,0.6070708190851266,2023-04-24,2025-10-03,520,2,2025-10-06,2025-10-07,PASS,2025-10-04,91,0.01020408163265306
E1_CAR_0_2,brent_weekend_placebo_car,recursive AR(3)+pre-event USD expected-return CAR; E1 mapped to first common trading day,0.019641166482139268,0.0193192081193433,-0.0003219583627959681,0.03278421117376617,-0.02237349067274555,0.061655823637024085,-0.04461470667999804,0.08389703964427658,0.5491032409301948,2023-04-24,2025-10-03,520,3,2025-10-06,2025-10-08,PASS,2025-10-04,91,0.020833333333333332
E1_CAR_0,brent_weekend_placebo_car,recursive AR(3)+pre-event USD expected-return CAR; E1 mapped to first common trading day,-0.016947843574265247,-0.0180893646701125,-0.0011415210958472543,0.018903271891040435,-0.04117336126014336,0.007277674111612859,-0.05399757567067286,0.020101888522142366,0.36995583650912245,2023-05-15,2025-10-10,520,1,2025-10-14,2025-10-14,PASS,2025-10-11,92,0.011235955056179775
E1_CAR_0_1,brent_weekend_placebo_car,recursive AR(3)+pre-event USD expected-return CAR; E1 mapped to first common trading day,-0.026200402720361924,-0.028781240240886102,-0.0025808375205241796,0.02673326348153549,-0.060460458387240026,0.008059652946516175,-0.07859663633339134,0.02619583089266749,0.3270528002329922,2023-05-15,2025-10-10,520,2,2025-10-14,2025-10-15,PASS,2025-10-11,92,0.01020408163265306
E1_CAR_0_2,brent_weekend_placebo_car,recursive AR(3)+pre-event USD expected-return CAR; E1 mapped to first common trading day,-0.048151965083748305,-0.0490396107112135,-0.000887645627465197,0.03274142734457064,-0.0901117925553476,-0.006192137612149012,-0.11232398348154166,0.016020053314045046,0.14137930774917695,2023-05-15,2025-10-10,520,3,2025-10-14,2025-10-16,PASS,2025-10-11,92,0.020833333333333332
E1_CAR_0,brent_weekend_placebo_car,recursive AR(3)+pre-event USD expected-return CAR; E1 mapped to first common trading day,-0.0079517203959143,-0.0085288363475202,-0.0005771159516058998,0.018891965980411183,-0.03216274897432558,0.016259308182496983,-0.04497929331467615,0.029075852522847553,0.6738245523570554,2023-05-18,2025-10-17,520,1,2025-10-20,2025-10-20,PASS,2025-10-18,93,0.011235955056179775
E1_CAR_0_1,brent_weekend_placebo_car,recursive AR(3)+pre-event USD expected-return CAR; E1 mapped to first common trading day,-0.0036403808526294457,-0.0037634013165518,-0.0001230204639223541,0.02671727450938862,-0.037879945827221276,0.030599184121962386,-0.05600527665610119,0.0487245149508423,0.891619146066319,2023-05-18,2025-10-17,520,2,2025-10-20,2025-10-21,PASS,2025-10-18,93,0.01020408163265306
E1_CAR_0_2,brent_weekend_placebo_car,recursive AR(3)+pre-event USD expected-return CAR; E1 mapped to first common trading day,0.017786080203555436,0.017003081475934198,-0.0007829987276212389,0.032721844932934945,-0.024148651397754992,0.05972081180486587,-0.04634755737270152,0.08191971777981238,0.586748621397376,2023-05-18,2025-10-17,520,3,2025-10-20,2025-10-22,PASS,2025-10-18,93,0.020833333333333332
E1_CAR_0,brent_weekend_placebo_car,recursive AR(3)+pre-event USD expected-return CAR; E1 mapped to first common trading day,-0.004500666875023137,-0.0042643987864572,0.0002362680885659375,0.019084633908987514,-0.028958609338931653,0.019957275588885378,-0.04190586199477053,0.03290452824472426,0.8135671227975831,2023-05-25,2025-10-24,520,1,2025-10-27,2025-10-27,PASS,2025-10-25,94,0.011235955056179775
E1_CAR_0_1,brent_weekend_placebo_car,recursive AR(3)+pre-event USD expected-return CAR; E1 mapped to first common trading day,-0.02383760014808207,-0.027268114800560402,-0.00343051465247833,0.0269897481070156,-0.058426354088282326,0.010751153792118186,-0.07673653438964075,0.0290613340934766,0.3771231253898111,2023-05-25,2025-10-24,520,2,2025-10-27,2025-10-28,PASS,2025-10-25,94,0.01020408163265306
E1_CAR_0_2,brent_weekend_placebo_car,recursive AR(3)+pre-event USD expected-return CAR; E1 mapped to first common trading day,-0.008505789876101729,-0.012078734114894003,-0.003572944238792275,0.0330555555742182,-0.05086818887218761,0.03385660911998414,-0.07329348829053163,0.056281908538328165,0.7969332882170082,2023-05-25,2025-10-24,520,3,2025-10-27,2025-10-29,PASS,2025-10-25,94,0.020833333333333332
E1_CAR_0,brent_weekend_placebo_car,recursive AR(3)+pre-event USD expected-return CAR; E1 mapped to first common trading day,0.006359167088500591,0.0053341588034143,-0.0010250082850862914,0.01905686739395882,-0.01806319115460318,0.030781525331604363,-0.03099160666181437,0.04370994083881555,0.7386102883231471,2023-06-08,2025-10-31,520,1,2025-11-03,2025-11-03,PASS,2025-11-01,95,0.011235955056179775
E1_CAR_0_1,brent_weekend_placebo_car,recursive AR(3)+pre-event USD expected-return CAR; E1 mapped to first common trading day,-0.0048148205397348645,-0.0061312270549365,-0.0013164065152016357,0.026950480324882183,-0.03935325079226658,0.029723609712796847,-0.05763679134255928,0.04800715026308955,0.8582091159542271,2023-06-08,2025-10-31,520,2,2025-11-03,2025-11-04,PASS,2025-11-01,95,0.01020408163265306
E1_CAR_0_2,brent_weekend_placebo_car,recursive AR(3)+pre-event USD expected-return CAR; E1 mapped to first common trading day,-0.027504398873320075,-0.0294640634531217,-0.001959664579801623,0.03300746255943938,-0.0698051641910244,0.014796366444384243,-0.09219783671087553,0.03718903896423537,0.4046878500848554,2023-06-08,2025-10-31,520,3,2025-11-03,2025-11-05,PASS,2025-11-01,95,0.020833333333333332
E1_CAR_0,brent_weekend_placebo_car,recursive AR(3)+pre-event USD expected-return CAR; E1 mapped to first common trading day,-0.011784149412723205,-0.0112050410878836,0.0005791083248396044,0.01893036305552804,-0.03604438582286283,0.01247608699741642,-0.04888697921582577,0.025318680390379364,0.5336131989647095,2023-06-15,2025-11-07,520,1,2025-11-10,2025-11-10,PASS,2025-11-08,96,0.011235955056179775
E1_CAR_0_1,brent_weekend_placebo_car,recursive AR(3)+pre-event USD expected-return CAR; E1 mapped to first common trading day,-0.0427739388374511,-0.0427012026696535,7.273616779760025e-05,0.026771576173774337,-0.07708309419504812,-0.008464783479854077,-0.09524526394741942,0.009697386272517226,0.11010151201776641,2023-06-15,2025-11-07,520,2,2025-11-10,2025-11-12,PASS,2025-11-08,96,0.01020408163265306
E1_CAR_0_2,brent_weekend_placebo_car,recursive AR(3)+pre-event USD expected-return CAR; E1 mapped to first common trading day,-0.03757032971123201,-0.0385083244096184,-0.0009379946983863857,0.03278835061789938,-0.07959029177722622,0.004449632354762201,-0.10183431603478643,0.026693656612322404,0.2518597702189722,2023-06-15,2025-11-07,520,3,2025-11-10,2025-11-13,PASS,2025-11-08,96,0.020833333333333332
E1_CAR_0,brent_weekend_placebo_car,recursive AR(3)+pre-event USD expected-return CAR; E1 mapped to first common trading day,-0.005547214724968207,-0.0045810047729561,0.0009662099520121069,0.01889322164866055,-0.029759852506990273,0.018665423057053855,-0.042577248708275346,0.031482819258338936,0.7690569076926881,2023-06-22,2025-11-14,520,1,2025-11-17,2025-11-17,PASS,2025-11-15,97,0.011235955056179775
E1_CAR_0_1,brent_weekend_placebo_car,recursive AR(3)+pre-event USD expected-return CAR; E1 mapped to first common trading day,0.02104287795034567,0.021978906718774602,0.000936028768428929,0.02671905029245672,-0.013198962781817147,0.05528471868250849,-0.031325498323983895,0.07341125422467523,0.4309536224708128,2023-06-22,2025-11-14,520,2,2025-11-17,2025-11-18,PASS,2025-11-15,97,0.01020408163265306
E1_CAR_0_2,brent_weekend_placebo_car,recursive AR(3)+pre-event USD expected-return CAR; E1 mapped to first common trading day,0.005449195199779341,0.0051874674215143,-0.0002617277782650412,0.0327240198141403,-0.03648832362394468,0.04738671402350336,-0.05868870506531076,0.06958709546486944,0.8677479514829405,2023-06-22,2025-11-14,520,3,2025-11-17,2025-11-19,PASS,2025-11-15,97,0.020833333333333332
E1_CAR_0,brent_weekend_placebo_car,recursive AR(3)+pre-event USD expected-return CAR; E1 mapped to first common trading day,0.031842670554652425,0.0321319077730972,0.0002892372184447748,0.018795473703396612,0.007755301804912129,0.05593003930439272,-0.0049957809763746044,0.06868112208567945,0.09023356117689096,2023-06-29,2025-11-21,520,1,2025-11-24,2025-11-24,PASS,2025-11-22,98,0.011235955056179775
E1_CAR_0_1,brent_weekend_placebo_car,recursive AR(3)+pre-event USD expected-return CAR; E1 mapped to first common trading day,0.019168732854910088,0.0190902697375614,-7.846311734868857e-05,0.026580813822570354,-0.014895950712854503,0.05323341642267468,-0.032928704917092246,0.07126617062691243,0.4708177176687198,2023-06-29,2025-11-21,520,2,2025-11-24,2025-11-25,PASS,2025-11-22,98,0.01020408163265306
E1_CAR_0_2,brent_weekend_placebo_car,recursive AR(3)+pre-event USD expected-return CAR; E1 mapped to first common trading day,0.03134090439186256,0.0318233610258173,0.0004824566339547426,0.0325547154066077,-0.010379642103334454,0.07306145088705956,-0.03246516533203975,0.09514697411576487,0.3356906973279319,2023-06-29,2025-11-21,520,3,2025-11-24,2025-11-26,PASS,2025-11-22,98,0.020833333333333332
E1_CAR_0,brent_weekend_placebo_car,recursive AR(3)+pre-event USD expected-return CAR; E1 mapped to first common trading day,0.005115067704091435,0.002338453010438,-0.0027766146936534356,0.018860790152931666,-0.019056007443806325,0.029286142851989196,-0.03185140171562233,0.042081537123805204,0.7862363397676975,2023-07-06,2025-11-26,520,1,2025-12-01,2025-12-01,PASS,2025-11-29,99,0.011235955056179775
E1_CAR_0_1,brent_weekend_placebo_car,recursive AR(3)+pre-event USD expected-return CAR; E1 mapped to first common trading day,-0.008387616966711801,-0.0109856723155044,-0.0025980553487926,0.026673185231348887,-0.04257067925800808,0.025795445324584478,-0.060666099373121285,0.04389086543969768,0.7531726276178479,2023-07-06,2025-11-26,520,2,2025-12-01,2025-12-02,PASS,2025-11-29,99,0.01020408163265306
E1_CAR_0_2,brent_weekend_placebo_car,recursive AR(3)+pre-event USD expected-return CAR; E1 mapped to first common trading day,-0.0007381586488632739,-0.0050070516123944,-0.004268892963531126,0.03266784681577242,-0.042603688878587606,0.041127371580861063,-0.0647659618602487,0.06328964456252216,0.9819726326579921,2023-07-06,2025-11-26,520,3,2025-12-01,2025-12-03,PASS,2025-11-29,99,0.020833333333333332
E1_CAR_0,brent_weekend_placebo_car,recursive AR(3)+pre-event USD expected-return CAR; E1 mapped to first common trading day,-0.0169285977886338,-0.017538814752922,-0.0006102169642881974,0.01879195068760125,-0.04101145161196611,0.007154256034698509,-0.05376014433558495,0.01990294875831735,0.3676717854407294,2023-07-13,2025-12-05,520,1,2025-12-08,2025-12-08,PASS,2025-12-06,100,0.011235955056179775
E1_CAR_0_1,brent_weekend_placebo_car,recursive AR(3)+pre-event USD expected-return CAR; E1 mapped to first common trading day,-0.026932823217409977,-0.0283394280047932,-0.0014066047873832236,0.026575831525852096,-0.06099112171501528,0.007125475280195321,-0.07902049586728424,0.025154849432464283,0.3108534097035216,2023-07-13,2025-12-05,520,2,2025-12-08,2025-12-09,PASS,2025-12-06,100,0.01020408163265306
E1_CAR_0_2,brent_weekend_placebo_car,recursive AR(3)+pre-event USD expected-return CAR; E1 mapped to first common trading day,-0.018217223053786213,-0.020386467365433703,-0.00216924431164749,0.03254861336425426,-0.05992994946705217,0.023495503359479742,-0.08201133299444366,0.045576886886871226,0.5756890256112686,2023-07-13,2025-12-05,520,3,2025-12-08,2025-12-10,PASS,2025-12-06,100,0.020833333333333332
E1_CAR_0,brent_weekend_placebo_car,recursive AR(3)+pre-event USD expected-return CAR; E1 mapped to first common trading day,-0.008041043302968513,-0.0090571539407493,-0.0010161106377807874,0.018750873765393274,-0.03207125493233744,0.015989168326400415,-0.044792080561796274,0.028709993955859252,0.6680428265704537,2023-07-20,2025-12-12,520,1,2025-12-15,2025-12-15,PASS,2025-12-13,101,0.011235955056179775
E1_CAR_0_1,brent_weekend_placebo_car,recursive AR(3)+pre-event USD expected-return CAR; E1 mapped to first common trading day,-0.035843104005251085,-0.035729792101117805,0.00011331190413327828,0.026517739985365035,-0.06982695519820029,-0.0018592528123018773,-0.08781691932796426,0.016130711317462083,0.17648247036509268,2023-07-20,2025-12-12,520,2,2025-12-15,2025-12-16,PASS,2025-12-13,101,0.01020408163265306
E1_CAR_0_2,brent_weekend_placebo_car,recursive AR(3)+pre-event USD expected-return CAR; E1 mapped to first common trading day,-0.02414400563618422,-0.024447110608018106,-0.00030310497183388475,0.03247746604797149,-0.06576555309488369,0.01747754182251525,-0.08779866939933076,0.03951065812696231,0.45723474785592577,2023-07-20,2025-12-12,520,3,2025-12-15,2025-12-17,PASS,2025-12-13,101,0.020833333333333332
E1_CAR_0,brent_weekend_placebo_car,recursive AR(3)+pre-event USD expected-return CAR; E1 mapped to first common trading day,0.014901876601702321,0.0140813203125702,-0.0008205562891321217,0.018760621000018254,-0.009140826611459978,0.03894457981486462,-0.02186826488593927,0.051672018089343914,0.4270110210909239,2023-07-27,2025-12-19,520,1,2025-12-22,2025-12-22,PASS,2025-12-20,102,0.011235955056179775
E1_CAR_0_1,brent_weekend_placebo_car,recursive AR(3)+pre-event USD expected-return CAR; E1 mapped to first common trading day,0.03868174678323898,0.0375893914211963,-0.0010923553620426744,0.026531524656767315,0.004680229823073659,0.0726832637434043,-0.01331908599896138,0.09068257956543933,0.14485317819943933,2023-07-27,2025-12-19,520,2,2025-12-22,2025-12-23,PASS,2025-12-20,102,0.01020408163265306
E1_CAR_0_2,brent_weekend_placebo_car,recursive AR(3)+pre-event USD expected-return CAR; E1 mapped to first common trading day,0.03978287018072621,0.0375893914211963,-0.002193478759529908,0.03249434875357526,-0.001860313335770393,0.0814260536972228,-0.023904883077365296,0.10347062343881772,0.22083862433179924,2023-07-27,2025-12-19,520,3,2025-12-22,2025-12-24,PASS,2025-12-20,102,0.020833333333333332
E1_CAR_0_1,brent_weekend_placebo_car,recursive AR(3)+pre-event USD expected-return CAR; E1 mapped to first common trading day,-0.011256793730501792,-0.0127593437537605,-0.0015025500232587075,0.026564392261740757,-0.045300432221276526,0.022786844760272942,-0.06332204583470818,0.0408084583737046,0.6717445079932078,2023-08-01,2025-12-24,520,2,2025-12-29,2025-12-30,PASS,2025-12-27,103,0.01020408163265306
E1_CAR_0_2,brent_weekend_placebo_car,recursive AR(3)+pre-event USD expected-return CAR; E1 mapped to first common trading day,-0.023989772170464822,-0.028125598390246802,-0.004135826219781978,0.032534603184201406,-0.06568454381555047,0.017704999474620828,-0.08775642266280173,0.03977687832187209,0.4609023853839065,2023-08-01,2025-12-24,520,3,2025-12-29,2025-12-31,PASS,2025-12-27,103,0.020833333333333332
