date,return_pct,conditional_vol_pct,abnormal_vol_ratio_vs_pre_median,model,specification,omega,alpha,gamma,beta
2024-01-03,1.22540967635265,1.8402665331953787,0.055636269312654196,GJR_GARCH_1_1,"normal-likelihood GJR-GARCH(1,1) fitted on pre-E1 Brent daily returns",0.2722889628948916,0.0805957089502442,0.0,0.8383223805287457
2024-01-04,-1.81739982855351,1.7990355908549938,0.031984870253152886,GJR_GARCH_1_1,"normal-likelihood GJR-GARCH(1,1) fitted on pre-E1 Brent daily returns",0.2722889628948916,0.0805957089502442,0.0,0.8383223805287457
2024-01-05,3.2708950938908403,1.8015692481256296,0.03343825782535781,GJR_GARCH_1_1,"normal-likelihood GJR-GARCH(1,1) fitted on pre-E1 Brent daily returns",0.2722889628948916,0.0805957089502442,0.0,0.8383223805287457
2024-01-08,-3.6940082466069004,1.9663502794115146,0.1279619748969738,GJR_GARCH_1_1,"normal-likelihood GJR-GARCH(1,1) fitted on pre-E1 Brent daily returns",0.2722889628948916,0.0805957089502442,0.0,0.8383223805287457
2024-01-09,3.25889110247317,2.1450058853766,0.2304445957406529,GJR_GARCH_1_1,"normal-likelihood GJR-GARCH(1,1) fitted on pre-E1 Brent daily returns",0.2722889628948916,0.0805957089502442,0.0,0.8383223805287457
2024-01-10,0.62648034598975,2.2352710011015806,0.2822235789988772,GJR_GARCH_1_1,"normal-likelihood GJR-GARCH(1,1) fitted on pre-E1 Brent daily returns",0.2722889628948916,0.0805957089502442,0.0,0.8383223805287457
2024-01-11,2.2059254597427103,2.12006932039093,0.2161401773555418,GJR_GARCH_1_1,"normal-likelihood GJR-GARCH(1,1) fitted on pre-E1 Brent daily returns",0.2722889628948916,0.0805957089502442,0.0,0.8383223805287457
2024-01-12,-0.39975068848825,2.107120036165489,0.20871205004711424,GJR_GARCH_1_1,"normal-likelihood GJR-GARCH(1,1) fitted on pre-E1 Brent daily returns",0.2722889628948916,0.0805957089502442,0.0,0.8383223805287457
2024-01-15,-0.16285628403682,2.0014916014256063,0.1481201712237077,GJR_GARCH_1_1,"normal-likelihood GJR-GARCH(1,1) fitted on pre-E1 Brent daily returns",0.2722889628948916,0.0805957089502442,0.0,0.8383223805287457
2024-01-16,0.48777534019794,1.9058346365909073,0.09324824931979903,GJR_GARCH_1_1,"normal-likelihood GJR-GARCH(1,1) fitted on pre-E1 Brent daily returns",0.2722889628948916,0.0805957089502442,0.0,0.8383223805287457
2024-01-17,-1.59721687611824,1.8270480470331305,0.04805371908605882,GJR_GARCH_1_1,"normal-likelihood GJR-GARCH(1,1) fitted on pre-E1 Brent daily returns",0.2722889628948916,0.0805957089502442,0.0,0.8383223805287457
2024-01-18,2.7015149646048,1.8085774411061317,0.03745838347515407,GJR_GARCH_1_1,"normal-likelihood GJR-GARCH(1,1) fitted on pre-E1 Brent daily returns",0.2722889628948916,0.0805957089502442,0.0,0.8383223805287457
2024-01-19,-0.4080376604147,1.9004608517288548,0.0901656729095135,GJR_GARCH_1_1,"normal-likelihood GJR-GARCH(1,1) fitted on pre-E1 Brent daily returns",0.2722889628948916,0.0805957089502442,0.0,0.8383223805287457
2024-01-22,1.2191518529676502,1.8199392163842087,0.04397586442205381,GJR_GARCH_1_1,"normal-likelihood GJR-GARCH(1,1) fitted on pre-E1 Brent daily returns",0.2722889628948916,0.0805957089502442,0.0,0.8383223805287457
2024-01-23,0.41529313382228994,1.7812641656951276,0.021790607293017628,GJR_GARCH_1_1,"normal-likelihood GJR-GARCH(1,1) fitted on pre-E1 Brent daily returns",0.2722889628948916,0.0805957089502442,0.0,0.8383223805287457
2024-01-24,0.13399112790972,1.716840137742006,-0.015165094120755396,GJR_GARCH_1_1,"normal-likelihood GJR-GARCH(1,1) fitted on pre-E1 Brent daily returns",0.2722889628948916,0.0805957089502442,0.0,0.8383223805287457
2024-01-25,0.21887168270575,1.6568681296846626,-0.049566973254489,GJR_GARCH_1_1,"normal-likelihood GJR-GARCH(1,1) fitted on pre-E1 Brent daily returns",0.2722889628948916,0.0805957089502442,0.0,0.8383223805287457
2024-01-26,1.2193064683972699,1.6057073531005581,-0.07891444567447914,GJR_GARCH_1_1,"normal-likelihood GJR-GARCH(1,1) fitted on pre-E1 Brent daily returns",0.2722889628948916,0.0805957089502442,0.0,0.8383223805287457
2024-01-29,0.7769118143228201,1.5992819288256221,-0.0826002763886674,GJR_GARCH_1_1,"normal-likelihood GJR-GARCH(1,1) fitted on pre-E1 Brent daily returns",0.2722889628948916,0.0805957089502442,0.0,0.8383223805287457
2024-01-30,0.17843340248386,1.5709141150447108,-0.0988729698100057,GJR_GARCH_1_1,"normal-likelihood GJR-GARCH(1,1) fitted on pre-E1 Brent daily returns",0.2722889628948916,0.0805957089502442,0.0,0.8383223805287457
2024-01-31,-1.38824632576524,1.5311041629791178,-0.12170924299216679,GJR_GARCH_1_1,"normal-likelihood GJR-GARCH(1,1) fitted on pre-E1 Brent daily returns",0.2722889628948916,0.0805957089502442,0.0,0.8383223805287457
2024-02-01,-0.94443128425876,1.5453900031321772,-0.11351442407265566,GJR_GARCH_1_1,"normal-likelihood GJR-GARCH(1,1) fitted on pre-E1 Brent daily returns",0.2722889628948916,0.0805957089502442,0.0,0.8383223805287457
2024-02-02,-3.28952622825902,1.5307295270280306,-0.12192414626330839,GJR_GARCH_1_1,"normal-likelihood GJR-GARCH(1,1) fitted on pre-E1 Brent daily returns",0.2722889628948916,0.0805957089502442,0.0,0.8383223805287457
2024-02-05,-0.30219111387416997,1.7600153382406378,0.009601594160024707,GJR_GARCH_1_1,"normal-likelihood GJR-GARCH(1,1) fitted on pre-E1 Brent daily returns",0.2722889628948916,0.0805957089502442,0.0,0.8383223805287457
2024-02-06,1.45220378808392,1.6957292148208427,-0.02727500076321765,GJR_GARCH_1_1,"normal-likelihood GJR-GARCH(1,1) fitted on pre-E1 Brent daily returns",0.2722889628948916,0.0805957089502442,0.0,0.8383223805287457
2024-02-07,0.89087448891094,1.6904983156071691,-0.030275613354636577,GJR_GARCH_1_1,"normal-likelihood GJR-GARCH(1,1) fitted on pre-E1 Brent daily returns",0.2722889628948916,0.0805957089502442,0.0,0.8383223805287457
2024-02-08,2.22921710561925,1.6537954408561952,-0.05132956672295241,GJR_GARCH_1_1,"normal-likelihood GJR-GARCH(1,1) fitted on pre-E1 Brent daily returns",0.2722889628948916,0.0805957089502442,0.0,0.8383223805287457
2024-02-09,0.68431745528254,1.7242973317267591,-0.01088740700554347,GJR_GARCH_1_1,"normal-likelihood GJR-GARCH(1,1) fitted on pre-E1 Brent daily returns",0.2722889628948916,0.0805957089502442,0.0,0.8383223805287457
2024-02-12,0.35829490139498,1.6747763667113182,-0.03929423059260939,GJR_GARCH_1_1,"normal-likelihood GJR-GARCH(1,1) fitted on pre-E1 Brent daily returns",0.2722889628948916,0.0805957089502442,0.0,0.8383223805287457
2024-02-13,0.99644952594317,1.6233513246959368,-0.06879329419189306,GJR_GARCH_1_1,"normal-likelihood GJR-GARCH(1,1) fitted on pre-E1 Brent daily returns",0.2722889628948916,0.0805957089502442,0.0,0.8383223805287457
2024-02-14,-0.36658232975224,1.601535257900839,-0.08130769411561733,GJR_GARCH_1_1,"normal-likelihood GJR-GARCH(1,1) fitted on pre-E1 Brent daily returns",0.2722889628948916,0.0805957089502442,0.0,0.8383223805287457
2024-02-15,-0.09482044090782,1.5595333314899567,-0.1054013545178093,GJR_GARCH_1_1,"normal-likelihood GJR-GARCH(1,1) fitted on pre-E1 Brent daily returns",0.2722889628948916,0.0805957089502442,0.0,0.8383223805287457
2024-02-16,0.6500820719177001,1.5204111201961379,-0.12784311739971,GJR_GARCH_1_1,"normal-likelihood GJR-GARCH(1,1) fitted on pre-E1 Brent daily returns",0.2722889628948916,0.0805957089502442,0.0,0.8383223805287457
2024-02-19,0.75117724110622,1.4988279486355565,-0.14022392110132698,GJR_GARCH_1_1,"normal-likelihood GJR-GARCH(1,1) fitted on pre-E1 Brent daily returns",0.2722889628948916,0.0805957089502442,0.0,0.8383223805287457
2024-02-20,-0.8690600792298201,1.484457604638013,-0.1484672141529949,GJR_GARCH_1_1,"normal-likelihood GJR-GARCH(1,1) fitted on pre-E1 Brent daily returns",0.2722889628948916,0.0805957089502442,0.0,0.8383223805287457
2024-02-21,-0.01179593041769,1.4756704457477101,-0.1535078120563378,GJR_GARCH_1_1,"normal-likelihood GJR-GARCH(1,1) fitted on pre-E1 Brent daily returns",0.2722889628948916,0.0805957089502442,0.0,0.8383223805287457
2024-02-22,1.25433917021284,1.448388495348703,-0.1691576192007267,GJR_GARCH_1_1,"normal-likelihood GJR-GARCH(1,1) fitted on pre-E1 Brent daily returns",0.2722889628948916,0.0805957089502442,0.0,0.8383223805287457
2024-02-23,-1.95277349800182,1.470380572283848,-0.15654225418077894,GJR_GARCH_1_1,"normal-likelihood GJR-GARCH(1,1) fitted on pre-E1 Brent daily returns",0.2722889628948916,0.0805957089502442,0.0,0.8383223805287457
2024-02-26,-0.20215239656691,1.5445206184072118,-0.1140131312061633,GJR_GARCH_1_1,"normal-likelihood GJR-GARCH(1,1) fitted on pre-E1 Brent daily returns",0.2722889628948916,0.0805957089502442,0.0,0.8383223805287457
2024-02-27,-0.25028318887184997,1.5082409782603807,-0.13482430354765385,GJR_GARCH_1_1,"normal-likelihood GJR-GARCH(1,1) fitted on pre-E1 Brent daily returns",0.2722889628948916,0.0805957089502442,0.0,0.8383223805287457
2024-02-28,0.33357190806588,1.4776795197977122,-0.15235534234792303,GJR_GARCH_1_1,"normal-likelihood GJR-GARCH(1,1) fitted on pre-E1 Brent daily returns",0.2722889628948916,0.0805957089502442,0.0,0.8383223805287457
2024-02-29,0.58108672254348,1.4535904009835343,-0.1661736382617619,GJR_GARCH_1_1,"normal-likelihood GJR-GARCH(1,1) fitted on pre-E1 Brent daily returns",0.2722889628948916,0.0805957089502442,0.0,0.8383223805287457
2024-03-01,0.29517702523138,1.4397259285152642,-0.17412674707963482,GJR_GARCH_1_1,"normal-likelihood GJR-GARCH(1,1) fitted on pre-E1 Brent daily returns",0.2722889628948916,0.0805957089502442,0.0,0.8383223805287457
2024-03-04,2.05374779673901,1.4205723528241785,-0.18511385618682885,GJR_GARCH_1_1,"normal-likelihood GJR-GARCH(1,1) fitted on pre-E1 Brent daily returns",0.2722889628948916,0.0805957089502442,0.0,0.8383223805287457
2024-03-05,-0.8816762450455999,1.5201812091229012,-0.12797500181060772,GJR_GARCH_1_1,"normal-likelihood GJR-GARCH(1,1) fitted on pre-E1 Brent daily returns",0.2722889628948916,0.0805957089502442,0.0,0.8383223805287457
2024-03-06,0.8932255896331299,1.5064273920913287,-0.13586463509911173,GJR_GARCH_1_1,"normal-likelihood GJR-GARCH(1,1) fitted on pre-E1 Brent daily returns",0.2722889628948916,0.0805957089502442,0.0,0.8383223805287457
2024-03-07,-1.99458411539827,1.4973527554970718,-0.1410701394904217,GJR_GARCH_1_1,"normal-likelihood GJR-GARCH(1,1) fitted on pre-E1 Brent daily returns",0.2722889628948916,0.0805957089502442,0.0,0.8383223805287457
2024-03-08,-0.69752602963362,1.5702894970522052,-0.09923127084708927,GJR_GARCH_1_1,"normal-likelihood GJR-GARCH(1,1) fitted on pre-E1 Brent daily returns",0.2722889628948916,0.0805957089502442,0.0,0.8383223805287457
2024-03-11,-1.0135423316874,1.5415341890867975,-0.11572624343719107,GJR_GARCH_1_1,"normal-likelihood GJR-GARCH(1,1) fitted on pre-E1 Brent daily returns",0.2722889628948916,0.0805957089502442,0.0,0.8383223805287457
2024-03-12,0.26331553215354997,1.5309564222131742,-0.12179399186314432,GJR_GARCH_1_1,"normal-likelihood GJR-GARCH(1,1) fitted on pre-E1 Brent daily returns",0.2722889628948916,0.0805957089502442,0.0,0.8383223805287457
2024-03-13,0.34604175094976,1.4978930701194217,-0.14076019758695069,GJR_GARCH_1_1,"normal-likelihood GJR-GARCH(1,1) fitted on pre-E1 Brent daily returns",0.2722889628948916,0.0805957089502442,0.0,0.8383223805287457
2024-03-14,2.59846493245827,1.4710787262362155,-0.15614177054409428,GJR_GARCH_1_1,"normal-likelihood GJR-GARCH(1,1) fitted on pre-E1 Brent daily returns",0.2722889628948916,0.0805957089502442,0.0,0.8383223805287457
2024-03-15,-0.8977034928618001,1.6246425429686604,-0.06805260972271476,GJR_GARCH_1_1,"normal-likelihood GJR-GARCH(1,1) fitted on pre-E1 Brent daily returns",0.2722889628948916,0.0805957089502442,0.0,0.8383223805287457
2024-03-18,1.25685350528241,1.5959220744662268,-0.0845275972725763,GJR_GARCH_1_1,"normal-likelihood GJR-GARCH(1,1) fitted on pre-E1 Brent daily returns",0.2722889628948916,0.0805957089502442,0.0,0.8383223805287457
2024-03-19,1.0239979024255699,1.5934424539816887,-0.08594998760049466,GJR_GARCH_1_1,"normal-likelihood GJR-GARCH(1,1) fitted on pre-E1 Brent daily returns",0.2722889628948916,0.0805957089502442,0.0,0.8383223805287457
2024-03-20,-1.8368216994264899,1.5776053081716128,-0.09503468550590077,GJR_GARCH_1_1,"normal-likelihood GJR-GARCH(1,1) fitted on pre-E1 Brent daily returns",0.2722889628948916,0.0805957089502442,0.0,0.8383223805287457
2024-03-21,-0.9959658167274701,1.6200310329910965,-0.07069792066045211,GJR_GARCH_1_1,"normal-likelihood GJR-GARCH(1,1) fitted on pre-E1 Brent daily returns",0.2722889628948916,0.0805957089502442,0.0,0.8383223805287457
2024-03-22,-0.058896285346940004,1.5965866998926876,-0.08414634668032583,GJR_GARCH_1_1,"normal-likelihood GJR-GARCH(1,1) fitted on pre-E1 Brent daily returns",0.2722889628948916,0.0805957089502442,0.0,0.8383223805287457
2024-03-25,1.53174582061064,1.5522124843401124,-0.10960082868857024,GJR_GARCH_1_1,"normal-likelihood GJR-GARCH(1,1) fitted on pre-E1 Brent daily returns",0.2722889628948916,0.0805957089502442,0.0,0.8383223805287457
2024-03-26,-0.31378955377272,1.576835964104559,-0.09547600608969264,GJR_GARCH_1_1,"normal-likelihood GJR-GARCH(1,1) fitted on pre-E1 Brent daily returns",0.2722889628948916,0.0805957089502442,0.0,0.8383223805287457
2024-03-27,-1.135511176484,1.5374056488390087,-0.1180945073523727,GJR_GARCH_1_1,"normal-likelihood GJR-GARCH(1,1) fitted on pre-E1 Brent daily returns",0.2722889628948916,0.0805957089502442,0.0,0.8383223805287457
2024-03-28,1.43769643665505,1.5342377104149008,-0.11991173906262431,GJR_GARCH_1_1,"normal-likelihood GJR-GARCH(1,1) fitted on pre-E1 Brent daily returns",0.2722889628948916,0.0805957089502442,0.0,0.8383223805287457
2024-04-03,3.33308079811747,1.5546952967574021,-0.108176607365021,GJR_GARCH_1_1,"normal-likelihood GJR-GARCH(1,1) fitted on pre-E1 Brent daily returns",0.2722889628948916,0.0805957089502442,0.0,0.8383223805287457
2024-04-04,-0.30952932075276,1.7903154133519894,0.02698269503507089,GJR_GARCH_1_1,"normal-likelihood GJR-GARCH(1,1) fitted on pre-E1 Brent daily returns",0.2722889628948916,0.0805957089502442,0.0,0.8383223805287457
2024-04-05,2.71954727658956,1.7222129305730334,-0.012083086771478957,GJR_GARCH_1_1,"normal-likelihood GJR-GARCH(1,1) fitted on pre-E1 Brent daily returns",0.2722889628948916,0.0805957089502442,0.0,0.8383223805287457
2024-04-08,-1.17049130857376,1.8341365894690658,0.05211993577638907,GJR_GARCH_1_1,"normal-likelihood GJR-GARCH(1,1) fitted on pre-E1 Brent daily returns",0.2722889628948916,0.0805957089502442,0.0,0.8383223805287457
2024-04-09,0.43511435992762,1.7885638240317931,0.025977926876770807,GJR_GARCH_1_1,"normal-likelihood GJR-GARCH(1,1) fitted on pre-E1 Brent daily returns",0.2722889628948916,0.0805957089502442,0.0,0.8383223805287457
2024-04-10,-0.60969160011996,1.7236040415713694,-0.011285100611325705,GJR_GARCH_1_1,"normal-likelihood GJR-GARCH(1,1) fitted on pre-E1 Brent daily returns",0.2722889628948916,0.0805957089502442,0.0,0.8383223805287457
2024-04-11,-0.08740304281964001,1.6705461179794836,-0.041720837776398456,GJR_GARCH_1_1,"normal-likelihood GJR-GARCH(1,1) fitted on pre-E1 Brent daily returns",0.2722889628948916,0.0805957089502442,0.0,0.8383223805287457
2024-04-12,1.7659307291683701,1.616221457197261,-0.07288321627178151,GJR_GARCH_1_1,"normal-likelihood GJR-GARCH(1,1) fitted on pre-E1 Brent daily returns",0.2722889628948916,0.0805957089502442,0.0,0.8383223805287457
2024-04-15,-2.47892667457705,1.6490790052496171,-0.05403506638746913,GJR_GARCH_1_1,"normal-likelihood GJR-GARCH(1,1) fitted on pre-E1 Brent daily returns",0.2722889628948916,0.0805957089502442,0.0,0.8383223805287457
2024-04-16,0.49415353396317996,1.7432770990273125,0.0,GJR_GARCH_1_1,"normal-likelihood GJR-GARCH(1,1) fitted on pre-E1 Brent daily returns",0.2722889628948916,0.0805957089502442,0.0,0.8383223805287457
2024-04-17,-1.93557997641695,1.6856292221895575,-0.033068682465868804,GJR_GARCH_1_1,"normal-likelihood GJR-GARCH(1,1) fitted on pre-E1 Brent daily returns",0.2722889628948916,0.0805957089502442,0.0,0.8383223805287457
2024-04-18,-1.3492446644439,1.7174715864881458,-0.01480287474295694,GJR_GARCH_1_1,"normal-likelihood GJR-GARCH(1,1) fitted on pre-E1 Brent daily returns",0.2722889628948916,0.0805957089502442,0.0,0.8383223805287457
2024-04-19,-0.43108404818202994,1.6992060799179893,-0.025280558744168236,GJR_GARCH_1_1,"normal-likelihood GJR-GARCH(1,1) fitted on pre-E1 Brent daily returns",0.2722889628948916,0.0805957089502442,0.0,0.8383223805287457
2024-04-22,-0.75317028410033,1.6450947877977409,-0.056320542089581704,GJR_GARCH_1_1,"normal-likelihood GJR-GARCH(1,1) fitted on pre-E1 Brent daily returns",0.2722889628948916,0.0805957089502442,0.0,0.8383223805287457
2024-04-23,1.12763880679338,1.6075713627294645,-0.07784518959927089,GJR_GARCH_1_1,"normal-likelihood GJR-GARCH(1,1) fitted on pre-E1 Brent daily returns",0.2722889628948916,0.0805957089502442,0.0,0.8383223805287457
2024-04-24,0.8234212674217599,1.595329247822019,-0.0848676617663614,GJR_GARCH_1_1,"normal-likelihood GJR-GARCH(1,1) fitted on pre-E1 Brent daily returns",0.2722889628948916,0.0805957089502442,0.0,0.8383223805287457
2024-04-25,-1.0388530645574399,1.5695034545979238,-0.09968217016465619,GJR_GARCH_1_1,"normal-likelihood GJR-GARCH(1,1) fitted on pre-E1 Brent daily returns",0.2722889628948916,0.0805957089502442,0.0,0.8383223805287457
2024-04-26,2.07814274544082,1.5559158912240014,-0.10747643499008397,GJR_GARCH_1_1,"normal-likelihood GJR-GARCH(1,1) fitted on pre-E1 Brent daily returns",0.2722889628948916,0.0805957089502442,0.0,0.8383223805287457
2024-04-29,-1.69296044072968,1.6299919917434564,-0.06498399327741133,GJR_GARCH_1_1,"normal-likelihood GJR-GARCH(1,1) fitted on pre-E1 Brent daily returns",0.2722889628948916,0.0805957089502442,0.0,0.8383223805287457
2024-04-30,-0.23773147552316998,1.65073535504805,-0.053084930692256393,GJR_GARCH_1_1,"normal-likelihood GJR-GARCH(1,1) fitted on pre-E1 Brent daily returns",0.2722889628948916,0.0805957089502442,0.0,0.8383223805287457
2024-05-01,-5.45017861926107,1.6001389960033379,-0.08210863499775267,GJR_GARCH_1_1,"normal-likelihood GJR-GARCH(1,1) fitted on pre-E1 Brent daily returns",0.2722889628948916,0.0805957089502442,0.0,0.8383223805287457
2024-05-02,1.49682053322059,2.189627731342003,0.2560411265447924,GJR_GARCH_1_1,"normal-likelihood GJR-GARCH(1,1) fitted on pre-E1 Brent daily returns",0.2722889628948916,0.0805957089502442,0.0,0.8383223805287457
2024-05-03,-1.43699402829531,2.1159529064654397,0.2137788694901499,GJR_GARCH_1_1,"normal-likelihood GJR-GARCH(1,1) fitted on pre-E1 Brent daily returns",0.2722889628948916,0.0805957089502442,0.0,0.8383223805287457
2024-05-08,-0.30279197118171997,2.046286376883506,0.17381589996522173,GJR_GARCH_1_1,"normal-likelihood GJR-GARCH(1,1) fitted on pre-E1 Brent daily returns",0.2722889628948916,0.0805957089502442,0.0,0.8383223805287457
2024-05-09,1.00175842254701,1.9465326515334127,0.11659394402617318,GJR_GARCH_1_1,"normal-likelihood GJR-GARCH(1,1) fitted on pre-E1 Brent daily returns",0.2722889628948916,0.0805957089502442,0.0,0.8383223805287457
2024-05-10,0.14400578511661,1.8796215667407823,0.07821158655129756,GJR_GARCH_1_1,"normal-likelihood GJR-GARCH(1,1) fitted on pre-E1 Brent daily returns",0.2722889628948916,0.0805957089502442,0.0,0.8383223805287457
2024-05-13,-0.2521463784129,1.7989594903508959,0.031941216548219575,GJR_GARCH_1_1,"normal-likelihood GJR-GARCH(1,1) fitted on pre-E1 Brent daily returns",0.2722889628948916,0.0805957089502442,0.0,0.8383223805287457
2024-05-14,-2.65577796423261,1.7290526452552346,-0.008159605710425843,GJR_GARCH_1_1,"normal-likelihood GJR-GARCH(1,1) fitted on pre-E1 Brent daily returns",0.2722889628948916,0.0805957089502442,0.0,0.8383223805287457
2024-05-15,-1.26725512537664,1.82704357198496,0.04805115205401722,GJR_GARCH_1_1,"normal-likelihood GJR-GARCH(1,1) fitted on pre-E1 Brent daily returns",0.2722889628948916,0.0805957089502442,0.0,0.8383223805287457
2024-05-16,2.06652159978011,1.7877011200117394,0.02548305201118861,GJR_GARCH_1_1,"normal-likelihood GJR-GARCH(1,1) fitted on pre-E1 Brent daily returns",0.2722889628948916,0.0805957089502442,0.0,0.8383223805287457
2024-05-17,0.71999822903814,1.8173204047002725,0.04247362953042488,GJR_GARCH_1_1,"normal-likelihood GJR-GARCH(1,1) fitted on pre-E1 Brent daily returns",0.2722889628948916,0.0805957089502442,0.0,0.8383223805287457
2024-05-20,-0.40207181793450003,1.756479937326553,0.007573574107413661,GJR_GARCH_1_1,"normal-likelihood GJR-GARCH(1,1) fitted on pre-E1 Brent daily returns",0.2722889628948916,0.0805957089502442,0.0,0.8383223805287457
2024-05-21,-0.84595612693583,1.694227771853661,-0.028136276901141732,GJR_GARCH_1_1,"normal-likelihood GJR-GARCH(1,1) fitted on pre-E1 Brent daily returns",0.2722889628948916,0.0805957089502442,0.0,0.8383223805287457
2024-05-22,-1.63856694859232,1.6533225633686477,-0.05160082450968717,GJR_GARCH_1_1,"normal-likelihood GJR-GARCH(1,1) fitted on pre-E1 Brent daily returns",0.2722889628948916,0.0805957089502442,0.0,0.8383223805287457
2024-05-23,-0.8168440014838199,1.6657498318093444,-0.04447214230097185,GJR_GARCH_1_1,"normal-likelihood GJR-GARCH(1,1) fitted on pre-E1 Brent daily returns",0.2722889628948916,0.0805957089502442,0.0,0.8383223805287457
2024-05-24,-0.4172731602976,1.6277153216278641,-0.06628996472444215,GJR_GARCH_1_1,"normal-likelihood GJR-GARCH(1,1) fitted on pre-E1 Brent daily returns",0.2722889628948916,0.0805957089502442,0.0,0.8383223805287457
2024-05-29,0.19651197677381,1.5830505615638892,-0.09191111244037109,GJR_GARCH_1_1,"normal-likelihood GJR-GARCH(1,1) fitted on pre-E1 Brent daily returns",0.2722889628948916,0.0805957089502442,0.0,0.8383223805287457
2024-05-30,-0.09820771719839,1.541744626832087,-0.1156055295556132,GJR_GARCH_1_1,"normal-likelihood GJR-GARCH(1,1) fitted on pre-E1 Brent daily returns",0.2722889628948916,0.0805957089502442,0.0,0.8383223805287457
2024-05-31,-2.4996638167713097,1.5051388351880157,-0.13660379292091296,GJR_GARCH_1_1,"normal-likelihood GJR-GARCH(1,1) fitted on pre-E1 Brent daily returns",0.2722889628948916,0.0805957089502442,0.0,0.8383223805287457
2024-06-03,-3.7987372532048003,1.632988652738276,-0.063265011827766,GJR_GARCH_1_1,"normal-likelihood GJR-GARCH(1,1) fitted on pre-E1 Brent daily returns",0.2722889628948916,0.0805957089502442,0.0,0.8383223805287457
2024-06-04,-1.47584705374681,1.9126038721378378,0.097131301274481,GJR_GARCH_1_1,"normal-likelihood GJR-GARCH(1,1) fitted on pre-E1 Brent daily returns",0.2722889628948916,0.0805957089502442,0.0,0.8383223805287457
2024-06-05,0.10614303769517999,1.87337177221123,0.07462650272667815,GJR_GARCH_1_1,"normal-likelihood GJR-GARCH(1,1) fitted on pre-E1 Brent daily returns",0.2722889628948916,0.0805957089502442,0.0,0.8383223805287457
2024-06-06,2.88852337262044,1.7932375661296984,0.02865893616698223,GJR_GARCH_1_1,"normal-likelihood GJR-GARCH(1,1) fitted on pre-E1 Brent daily returns",0.2722889628948916,0.0805957089502442,0.0,0.8383223805287457
2024-06-07,0.64209800677179,1.9105803412170086,0.09597053863843308,GJR_GARCH_1_1,"normal-likelihood GJR-GARCH(1,1) fitted on pre-E1 Brent daily returns",0.2722889628948916,0.0805957089502442,0.0,0.8383223805287457
2024-06-10,1.86423508092801,1.8351734315967807,0.05271470188000693,GJR_GARCH_1_1,"normal-likelihood GJR-GARCH(1,1) fitted on pre-E1 Brent daily returns",0.2722889628948916,0.0805957089502442,0.0,0.8383223805287457
2024-06-11,0.70114222378041,1.8390394870719038,0.0549323960591368,GJR_GARCH_1_1,"normal-likelihood GJR-GARCH(1,1) fitted on pre-E1 Brent daily returns",0.2722889628948916,0.0805957089502442,0.0,0.8383223805287457
2024-06-12,0.46057217160289005,1.7747033425645296,0.018027107425865774,GJR_GARCH_1_1,"normal-likelihood GJR-GARCH(1,1) fitted on pre-E1 Brent daily returns",0.2722889628948916,0.0805957089502442,0.0,0.8383223805287457
2024-06-13,1.13609520306212,1.7121130092592807,-0.017876727564091976,GJR_GARCH_1_1,"normal-likelihood GJR-GARCH(1,1) fitted on pre-E1 Brent daily returns",0.2722889628948916,0.0805957089502442,0.0,0.8383223805287457
2024-06-14,0.06137605299159,1.6845125693258083,-0.033709230583188865,GJR_GARCH_1_1,"normal-likelihood GJR-GARCH(1,1) fitted on pre-E1 Brent daily returns",0.2722889628948916,0.0805957089502442,0.0,0.8383223805287457
2024-06-17,1.17117356734794,1.628386895975748,-0.06590472800662006,GJR_GARCH_1_1,"normal-likelihood GJR-GARCH(1,1) fitted on pre-E1 Brent daily returns",0.2722889628948916,0.0805957089502442,0.0,0.8383223805287457
2024-06-18,2.79855623103042,1.6154739290761266,-0.07331202252498792,GJR_GARCH_1_1,"normal-likelihood GJR-GARCH(1,1) fitted on pre-E1 Brent daily returns",0.2722889628948916,0.0805957089502442,0.0,0.8383223805287457
2024-06-19,0.99748524055698,1.7609087828326877,0.010114102809710035,GJR_GARCH_1_1,"normal-likelihood GJR-GARCH(1,1) fitted on pre-E1 Brent daily returns",0.2722889628948916,0.0805957089502442,0.0,0.8383223805287457
2024-06-20,0.32641670390729,1.7191130034016822,-0.013861305032408788,GJR_GARCH_1_1,"normal-likelihood GJR-GARCH(1,1) fitted on pre-E1 Brent daily returns",0.2722889628948916,0.0805957089502442,0.0,0.8383223805287457
2024-06-21,0.58024997432326,1.6611887983462823,-0.047088498281100954,GJR_GARCH_1_1,"normal-likelihood GJR-GARCH(1,1) fitted on pre-E1 Brent daily returns",0.2722889628948916,0.0805957089502442,0.0,0.8383223805287457
2024-06-24,0.38112883231811,1.6170368837335407,-0.07241546129654852,GJR_GARCH_1_1,"normal-likelihood GJR-GARCH(1,1) fitted on pre-E1 Brent daily returns",0.2722889628948916,0.0805957089502442,0.0,0.8383223805287457
2024-06-25,0.06914035767477,1.5739661364982822,-0.09712223181472401,GJR_GARCH_1_1,"normal-likelihood GJR-GARCH(1,1) fitted on pre-E1 Brent daily returns",0.2722889628948916,0.0805957089502442,0.0,0.8383223805287457
2024-06-26,-1.21691250812245,1.532898222508815,-0.1206801125511725,GJR_GARCH_1_1,"normal-likelihood GJR-GARCH(1,1) fitted on pre-E1 Brent daily returns",0.2722889628948916,0.0805957089502442,0.0,0.8383223805287457
2024-06-27,1.4355421332092,1.5353964965616598,-0.11924702193451797,GJR_GARCH_1_1,"normal-likelihood GJR-GARCH(1,1) fitted on pre-E1 Brent daily returns",0.2722889628948916,0.0805957089502442,0.0,0.8383223805287457
2024-06-28,0.29840490408803,1.5554913307003104,-0.10771997660714983,GJR_GARCH_1_1,"normal-likelihood GJR-GARCH(1,1) fitted on pre-E1 Brent daily returns",0.2722889628948916,0.0805957089502442,0.0,0.8383223805287457
2024-07-01,-0.7938832467782,1.5194976615318683,-0.12836710676707985,GJR_GARCH_1_1,"normal-likelihood GJR-GARCH(1,1) fitted on pre-E1 Brent daily returns",0.2722889628948916,0.0805957089502442,0.0,0.8383223805287457
2024-07-02,1.9560246160853698,1.5020059788420388,-0.13840090041904096,GJR_GARCH_1_1,"normal-likelihood GJR-GARCH(1,1) fitted on pre-E1 Brent daily returns",0.2722889628948916,0.0805957089502442,0.0,0.8383223805287457
2024-07-03,-0.03398855751299,1.574343525875866,-0.09690574908929028,GJR_GARCH_1_1,"normal-likelihood GJR-GARCH(1,1) fitted on pre-E1 Brent daily returns",0.2722889628948916,0.0805957089502442,0.0,0.8383223805287457
2024-07-04,0.10193103549749,1.5330143412309007,-0.12061350310500318,GJR_GARCH_1_1,"normal-likelihood GJR-GARCH(1,1) fitted on pre-E1 Brent daily returns",0.2722889628948916,0.0805957089502442,0.0,0.8383223805287457
2024-07-05,0.3615823148527,1.4978900244931717,-0.14076194465645098,GJR_GARCH_1_1,"normal-likelihood GJR-GARCH(1,1) fitted on pre-E1 Brent daily returns",0.2722889628948916,0.0805957089502442,0.0,0.8383223805287457
2024-07-08,-1.7178057350877198,1.4713951509772496,-0.15596025910152977,GJR_GARCH_1_1,"normal-likelihood GJR-GARCH(1,1) fitted on pre-E1 Brent daily returns",0.2722889628948916,0.0805957089502442,0.0,0.8383223805287457
2024-07-09,-0.77175986350779,1.5229338162644686,-0.12639601752686813,GJR_GARCH_1_1,"normal-likelihood GJR-GARCH(1,1) fitted on pre-E1 Brent daily returns",0.2722889628948916,0.0805957089502442,0.0,0.8383223805287457
2024-07-10,0.0809108291266,1.504017622598844,-0.13724695664387887,GJR_GARCH_1_1,"normal-likelihood GJR-GARCH(1,1) fitted on pre-E1 Brent daily returns",0.2722889628948916,0.0805957089502442,0.0,0.8383223805287457
2024-07-11,-0.06934813037977,1.4729113598038541,-0.15509051279014274,GJR_GARCH_1_1,"normal-likelihood GJR-GARCH(1,1) fitted on pre-E1 Brent daily returns",0.2722889628948916,0.0805957089502442,0.0,0.8383223805287457
2024-07-12,0.9894236261644899,1.4460952284273134,-0.17047311111114594,GJR_GARCH_1_1,"normal-likelihood GJR-GARCH(1,1) fitted on pre-E1 Brent daily returns",0.2722889628948916,0.0805957089502442,0.0,0.8383223805287457
2024-07-15,-1.07039060762783,1.4517761909788043,-0.16721432766549593,GJR_GARCH_1_1,"normal-likelihood GJR-GARCH(1,1) fitted on pre-E1 Brent daily returns",0.2722889628948916,0.0805957089502442,0.0,0.8383223805287457
2024-07-16,0.20806850646017,1.4587490455849337,-0.16321447324761829,GJR_GARCH_1_1,"normal-likelihood GJR-GARCH(1,1) fitted on pre-E1 Brent daily returns",0.2722889628948916,0.0805957089502442,0.0,0.8383223805287457
2024-07-17,-0.97471182458974,1.435417137492715,-0.17659840865595755,GJR_GARCH_1_1,"normal-likelihood GJR-GARCH(1,1) fitted on pre-E1 Brent daily returns",0.2722889628948916,0.0805957089502442,0.0,0.8383223805287457
2024-07-18,0.5813293897205,1.4397588959409726,-0.17410783590038115,GJR_GARCH_1_1,"normal-likelihood GJR-GARCH(1,1) fitted on pre-E1 Brent daily returns",0.2722889628948916,0.0805957089502442,0.0,0.8383223805287457
2024-07-19,-1.24819351649474,1.4280354211934865,-0.18083279933506835,GJR_GARCH_1_1,"normal-likelihood GJR-GARCH(1,1) fitted on pre-E1 Brent daily returns",0.2722889628948916,0.0805957089502442,0.0,0.8383223805287457
2024-07-22,-2.0756245362232297,1.4502618669792153,-0.16808299277928296,GJR_GARCH_1_1,"normal-likelihood GJR-GARCH(1,1) fitted on pre-E1 Brent daily returns",0.2722889628948916,0.0805957089502442,0.0,0.8383223805287457
2024-07-23,-1.49725086303824,1.5413488760137328,-0.11583254499600126,GJR_GARCH_1_1,"normal-likelihood GJR-GARCH(1,1) fitted on pre-E1 Brent daily returns",0.2722889628948916,0.0805957089502442,0.0,0.8383223805287457
2024-07-24,0.98057804048092,1.5619218627631506,-0.10403121590099007,GJR_GARCH_1_1,"normal-likelihood GJR-GARCH(1,1) fitted on pre-E1 Brent daily returns",0.2722889628948916,0.0805957089502442,0.0,0.8383223805287457
2024-07-25,-0.5193562008999499,1.5486440731411792,-0.11164778450582047,GJR_GARCH_1_1,"normal-likelihood GJR-GARCH(1,1) fitted on pre-E1 Brent daily returns",0.2722889628948916,0.0805957089502442,0.0,0.8383223805287457
2024-07-26,-1.50066867928977,1.517517334989879,-0.12950308597720905,GJR_GARCH_1_1,"normal-likelihood GJR-GARCH(1,1) fitted on pre-E1 Brent daily returns",0.2722889628948916,0.0805957089502442,0.0,0.8383223805287457
2024-07-29,-0.5052694217327199,1.5424988122229075,-0.11517290447768302,GJR_GARCH_1_1,"normal-likelihood GJR-GARCH(1,1) fitted on pre-E1 Brent daily returns",0.2722889628948916,0.0805957089502442,0.0,0.8383223805287457
2024-07-30,-2.09745516854304,1.511892328959581,-0.13272977095657146,GJR_GARCH_1_1,"normal-likelihood GJR-GARCH(1,1) fitted on pre-E1 Brent daily returns",0.2722889628948916,0.0805957089502442,0.0,0.8383223805287457
2024-07-31,2.6518827576661597,1.5925037854612925,-0.08648843815486729,GJR_GARCH_1_1,"normal-likelihood GJR-GARCH(1,1) fitted on pre-E1 Brent daily returns",0.2722889628948916,0.0805957089502442,0.0,0.8383223805287457
2024-08-01,-0.02457606303849,1.72455789437525,-0.010737939861945822,GJR_GARCH_1_1,"normal-likelihood GJR-GARCH(1,1) fitted on pre-E1 Brent daily returns",0.2722889628948916,0.0805957089502442,0.0,0.8383223805287457
2024-08-02,-3.7820685906535902,1.6629926550945744,-0.04605374783936189,GJR_GARCH_1_1,"normal-likelihood GJR-GARCH(1,1) fitted on pre-E1 Brent daily returns",0.2722889628948916,0.0805957089502442,0.0,0.8383223805287457
2024-08-05,-1.07790085086092,1.9315355227097963,0.1079911069717634,GJR_GARCH_1_1,"normal-likelihood GJR-GARCH(1,1) fitted on pre-E1 Brent daily returns",0.2722889628948916,0.0805957089502442,0.0,0.8383223805287457
2024-08-06,-1.15488210209173,1.8681456125165887,0.07162860887632183,GJR_GARCH_1_1,"normal-likelihood GJR-GARCH(1,1) fitted on pre-E1 Brent daily returns",0.2722889628948916,0.0805957089502442,0.0,0.8383223805287457
2024-08-07,2.11784775097632,1.8170420501675597,0.04231395638788893,GJR_GARCH_1_1,"normal-likelihood GJR-GARCH(1,1) fitted on pre-E1 Brent daily returns",0.2722889628948916,0.0805957089502442,0.0,0.8383223805287457
2024-08-08,3.14451766623706,1.8462942245008271,0.059093947560599824,GJR_GARCH_1_1,"normal-likelihood GJR-GARCH(1,1) fitted on pre-E1 Brent daily returns",0.2722889628948916,0.0805957089502442,0.0,0.8383223805287457
2024-08-09,0.38311855549784,1.9843225292277704,0.13827143736067704,GJR_GARCH_1_1,"normal-likelihood GJR-GARCH(1,1) fitted on pre-E1 Brent daily returns",0.2722889628948916,0.0805957089502442,0.0,0.8383223805287457
2024-08-12,2.42502592029918,1.8937715891320939,0.08632849601979631,GJR_GARCH_1_1,"normal-likelihood GJR-GARCH(1,1) fitted on pre-E1 Brent daily returns",0.2722889628948916,0.0805957089502442,0.0,0.8383223805287457
2024-08-13,-0.66437400863552,1.9393303558368815,0.11246247479471849,GJR_GARCH_1_1,"normal-likelihood GJR-GARCH(1,1) fitted on pre-E1 Brent daily returns",0.2722889628948916,0.0805957089502442,0.0,0.8383223805287457
2024-08-14,-0.43726536329744004,1.8597284716350588,0.06680026524338678,GJR_GARCH_1_1,"normal-likelihood GJR-GARCH(1,1) fitted on pre-E1 Brent daily returns",0.2722889628948916,0.0805957089502442,0.0,0.8383223805287457
2024-08-15,1.1377513193612399,1.7848452882628834,0.02384485476162368,GJR_GARCH_1_1,"normal-likelihood GJR-GARCH(1,1) fitted on pre-E1 Brent daily returns",0.2722889628948916,0.0805957089502442,0.0,0.8383223805287457
2024-08-16,-1.85854119706352,1.7467432737764084,0.0019883096904271813,GJR_GARCH_1_1,"normal-likelihood GJR-GARCH(1,1) fitted on pre-E1 Brent daily returns",0.2722889628948916,0.0805957089502442,0.0,0.8383223805287457
2024-08-19,-0.5779296749788699,1.7613240812438034,0.010352331380111934,GJR_GARCH_1_1,"normal-likelihood GJR-GARCH(1,1) fitted on pre-E1 Brent daily returns",0.2722889628948916,0.0805957089502442,0.0,0.8383223805287457
2024-08-20,-2.80123355474186,1.7023484209631696,-0.023478010516503445,GJR_GARCH_1_1,"normal-likelihood GJR-GARCH(1,1) fitted on pre-E1 Brent daily returns",0.2722889628948916,0.0805957089502442,0.0,0.8383223805287457
2024-08-21,-0.10150996938146999,1.823390452213769,0.04595560466615245,GJR_GARCH_1_1,"normal-likelihood GJR-GARCH(1,1) fitted on pre-E1 Brent daily returns",0.2722889628948916,0.0805957089502442,0.0,0.8383223805287457
2024-08-22,0.03807831486009,1.7492932768098495,0.003451073719659137,GJR_GARCH_1_1,"normal-likelihood GJR-GARCH(1,1) fitted on pre-E1 Brent daily returns",0.2722889628948916,0.0805957089502442,0.0,0.8383223805287457
2024-08-23,1.93546320673023,1.684594505664289,-0.03366222925532969,GJR_GARCH_1_1,"normal-likelihood GJR-GARCH(1,1) fitted on pre-E1 Brent daily returns",0.2722889628948916,0.0805957089502442,0.0,0.8383223805287457
2024-08-28,-1.8199202390833902,1.720408694653869,-0.013118054717866312,GJR_GARCH_1_1,"normal-likelihood GJR-GARCH(1,1) fitted on pre-E1 Brent daily returns",0.2722889628948916,0.0805957089502442,0.0,0.8383223805287457
2024-08-29,1.8689819351490802,1.7362024798036997,-0.0040582298864364486,GJR_GARCH_1_1,"normal-likelihood GJR-GARCH(1,1) fitted on pre-E1 Brent daily returns",0.2722889628948916,0.0805957089502442,0.0,0.8383223805287457
2024-08-30,-1.66928141945543,1.7570415430663266,0.007895729282908714,GJR_GARCH_1_1,"normal-likelihood GJR-GARCH(1,1) fitted on pre-E1 Brent daily returns",0.2722889628948916,0.0805957089502442,0.0,0.8383223805287457
2024-09-02,-3.01250473160612,1.7548043451445836,0.006612400360047621,GJR_GARCH_1_1,"normal-likelihood GJR-GARCH(1,1) fitted on pre-E1 Brent daily returns",0.2722889628948916,0.0805957089502442,0.0,0.8383223805287457
2024-09-03,-1.76307392881405,1.8907834456242285,0.08461440047552937,GJR_GARCH_1_1,"normal-likelihood GJR-GARCH(1,1) fitted on pre-E1 Brent daily returns",0.2722889628948916,0.0805957089502442,0.0,0.8383223805287457
2024-09-04,-2.36893232206565,1.8745553887906266,0.07530546339222988,GJR_GARCH_1_1,"normal-likelihood GJR-GARCH(1,1) fitted on pre-E1 Brent daily returns",0.2722889628948916,0.0805957089502442,0.0,0.8383223805287457
2024-09-05,-0.26820453250566,1.9137537725922238,0.09779092128269862,GJR_GARCH_1_1,"normal-likelihood GJR-GARCH(1,1) fitted on pre-E1 Brent daily returns",0.2722889628948916,0.0805957089502442,0.0,0.8383223805287457
2024-09-06,-2.24057169752667,1.829626701703516,0.049532918618837796,GJR_GARCH_1_1,"normal-likelihood GJR-GARCH(1,1) fitted on pre-E1 Brent daily returns",0.2722889628948916,0.0805957089502442,0.0,0.8383223805287457
2024-09-09,-0.61987938692507,1.8643182940208574,0.06943313547862329,GJR_GARCH_1_1,"normal-likelihood GJR-GARCH(1,1) fitted on pre-E1 Brent daily returns",0.2722889628948916,0.0805957089502442,0.0,0.8383223805287457
2024-09-10,-2.8451221832200098,1.7930267415881447,0.028538000406585162,GJR_GARCH_1_1,"normal-likelihood GJR-GARCH(1,1) fitted on pre-E1 Brent daily returns",0.2722889628948916,0.0805957089502442,0.0,0.8383223805287457
2024-09-11,-0.0426590834766,1.9000756432851924,0.08994470491545381,GJR_GARCH_1_1,"normal-likelihood GJR-GARCH(1,1) fitted on pre-E1 Brent daily returns",0.2722889628948916,0.0805957089502442,0.0,0.8383223805287457
2024-09-12,4.85801875708906,1.8162906707529767,0.04188294090847822,GJR_GARCH_1_1,"normal-likelihood GJR-GARCH(1,1) fitted on pre-E1 Brent daily returns",0.2722889628948916,0.0805957089502442,0.0,0.8383223805287457
2024-09-13,-0.17628318349096,2.226285896895014,0.2770694332743793,GJR_GARCH_1_1,"normal-likelihood GJR-GARCH(1,1) fitted on pre-E1 Brent daily returns",0.2722889628948916,0.0805957089502442,0.0,0.8383223805287457
2024-09-16,0.37930145718725,2.1045789169362945,0.2072543820546806,GJR_GARCH_1_1,"normal-likelihood GJR-GARCH(1,1) fitted on pre-E1 Brent daily returns",0.2722889628948916,0.0805957089502442,0.0,0.8383223805287457
2024-09-17,0.79456346918238,1.9995850484171567,0.14702651089310748,GJR_GARCH_1_1,"normal-likelihood GJR-GARCH(1,1) fitted on pre-E1 Brent daily returns",0.2722889628948916,0.0805957089502442,0.0,0.8383223805287457
2024-09-18,-0.04024954773598,1.9177552399349953,0.1000862920788872,GJR_GARCH_1_1,"normal-likelihood GJR-GARCH(1,1) fitted on pre-E1 Brent daily returns",0.2722889628948916,0.0805957089502442,0.0,0.8383223805287457
2024-09-19,1.87443174917545,1.8317992980884923,0.05077919001550124,GJR_GARCH_1_1,"normal-likelihood GJR-GARCH(1,1) fitted on pre-E1 Brent daily returns",0.2722889628948916,0.0805957089502442,0.0,0.8383223805287457
2024-09-20,0.03950227189424,1.837063050771531,0.053798648417137995,GJR_GARCH_1_1,"normal-likelihood GJR-GARCH(1,1) fitted on pre-E1 Brent daily returns",0.2722889628948916,0.0805957089502442,0.0,0.8383223805287457
2024-09-23,-1.3385661395478299,1.761179769193544,0.01026954933109625,GJR_GARCH_1_1,"normal-likelihood GJR-GARCH(1,1) fitted on pre-E1 Brent daily returns",0.2722889628948916,0.0805957089502442,0.0,0.8383223805287457
2024-09-24,0.45260993134244,1.7356518213339647,-0.004374105354566171,GJR_GARCH_1_1,"normal-likelihood GJR-GARCH(1,1) fitted on pre-E1 Brent daily returns",0.2722889628948916,0.0805957089502442,0.0,0.8383223805287457
2024-09-25,0.14599511518795,1.678033643929554,-0.03742575126706027,GJR_GARCH_1_1,"normal-likelihood GJR-GARCH(1,1) fitted on pre-E1 Brent daily returns",0.2722889628948916,0.0805957089502442,0.0,0.8383223805287457
2024-09-26,-3.1526253646774096,1.6232929919916936,-0.0688267557134582,GJR_GARCH_1_1,"normal-likelihood GJR-GARCH(1,1) fitted on pre-E1 Brent daily returns",0.2722889628948916,0.0805957089502442,0.0,0.8383223805287457
2024-09-27,-1.9767040740775899,1.808806627518127,0.037589852196978635,GJR_GARCH_1_1,"normal-likelihood GJR-GARCH(1,1) fitted on pre-E1 Brent daily returns",0.2722889628948916,0.0805957089502442,0.0,0.8383223805287457
2024-09-30,1.00014724511323,1.8230141685771262,0.04573975622940507,GJR_GARCH_1_1,"normal-likelihood GJR-GARCH(1,1) fitted on pre-E1 Brent daily returns",0.2722889628948916,0.0805957089502442,0.0,0.8383223805287457
2024-10-01,3.99646817283549,1.772676407706516,0.01686439218160274,GJR_GARCH_1_1,"normal-likelihood GJR-GARCH(1,1) fitted on pre-E1 Brent daily returns",0.2722889628948916,0.0805957089502442,0.0,0.8383223805287457
2024-10-02,-0.58604323295643,2.0511919969679857,0.17662992195129434,GJR_GARCH_1_1,"normal-likelihood GJR-GARCH(1,1) fitted on pre-E1 Brent daily returns",0.2722889628948916,0.0805957089502442,0.0,0.8383223805287457
2024-10-03,3.55610520264972,1.9558056793864742,0.12191325204567027,GJR_GARCH_1_1,"normal-likelihood GJR-GARCH(1,1) fitted on pre-E1 Brent daily returns",0.2722889628948916,0.0805957089502442,0.0,0.8383223805287457
2024-10-04,2.23095491488143,2.1237358024063333,0.21824338975788948,GJR_GARCH_1_1,"normal-likelihood GJR-GARCH(1,1) fitted on pre-E1 Brent daily returns",0.2722889628948916,0.0805957089502442,0.0,0.8383223805287457
2024-10-07,3.00531744845367,2.1123526698373065,0.21171365757969585,GJR_GARCH_1_1,"normal-likelihood GJR-GARCH(1,1) fitted on pre-E1 Brent daily returns",0.2722889628948916,0.0805957089502442,0.0,0.8383223805287457
2024-10-08,-4.44017159997089,2.1796832849641405,0.2503366711926218,GJR_GARCH_1_1,"normal-likelihood GJR-GARCH(1,1) fitted on pre-E1 Brent daily returns",0.2722889628948916,0.0805957089502442,0.0,0.8383223805287457
2024-10-09,-1.45574229384113,2.414371015164652,0.38496112666872406,GJR_GARCH_1_1,"normal-likelihood GJR-GARCH(1,1) fitted on pre-E1 Brent daily returns",0.2722889628948916,0.0805957089502442,0.0,0.8383223805287457
2024-10-10,3.0543553784713797,2.307585202664778,0.3237053386133102,GJR_GARCH_1_1,"normal-likelihood GJR-GARCH(1,1) fitted on pre-E1 Brent daily returns",0.2722889628948916,0.0805957089502442,0.0,0.8383223805287457
2024-10-11,1.02680591607606,2.3448956198776094,0.34510779794329816,GJR_GARCH_1_1,"normal-likelihood GJR-GARCH(1,1) fitted on pre-E1 Brent daily returns",0.2722889628948916,0.0805957089502442,0.0,0.8383223805287457
2024-10-14,-2.26795660041041,2.2294186653550474,0.27886649035829403,GJR_GARCH_1_1,"normal-likelihood GJR-GARCH(1,1) fitted on pre-E1 Brent daily returns",0.2722889628948916,0.0805957089502442,0.0,0.8383223805287457
2024-10-15,-6.298499419233029,2.2013515518716713,0.26276628833129756,GJR_GARCH_1_1,"normal-likelihood GJR-GARCH(1,1) fitted on pre-E1 Brent daily returns",0.2722889628948916,0.0805957089502442,0.0,0.8383223805287457
2024-10-16,-0.04072490384121,2.7405959654538825,0.5720942855172244,GJR_GARCH_1_1,"normal-likelihood GJR-GARCH(1,1) fitted on pre-E1 Brent daily returns",0.2722889628948916,0.0805957089502442,0.0,0.8383223805287457
2024-10-17,0.97284918065696,2.562976361136872,0.4702059486509189,GJR_GARCH_1_1,"normal-likelihood GJR-GARCH(1,1) fitted on pre-E1 Brent daily returns",0.2722889628948916,0.0805957089502442,0.0,0.8383223805287457
2024-10-18,-2.20237286636066,2.42047444281525,0.3884622497282788,GJR_GARCH_1_1,"normal-likelihood GJR-GARCH(1,1) fitted on pre-E1 Brent daily returns",0.2722889628948916,0.0805957089502442,0.0,0.8383223805287457
2024-10-21,0.73952678861566,2.3595120436462667,0.353492250292734,GJR_GARCH_1_1,"normal-likelihood GJR-GARCH(1,1) fitted on pre-E1 Brent daily returns",0.2722889628948916,0.0805957089502442,0.0,0.8383223805287457
2024-10-22,3.0899825366327,2.2329546018136766,0.2808948176165378,GJR_GARCH_1_1,"normal-likelihood GJR-GARCH(1,1) fitted on pre-E1 Brent daily returns",0.2722889628948916,0.0805957089502442,0.0,0.8383223805287457
2024-10-23,-1.21116806305634,2.2874050477535675,0.3121293505374787,GJR_GARCH_1_1,"normal-likelihood GJR-GARCH(1,1) fitted on pre-E1 Brent daily returns",0.2722889628948916,0.0805957089502442,0.0,0.8383223805287457
2024-10-24,-0.55052169923168,2.184663748635131,0.2531936258751386,GJR_GARCH_1_1,"normal-likelihood GJR-GARCH(1,1) fitted on pre-E1 Brent daily returns",0.2722889628948916,0.0805957089502442,0.0,0.8383223805287457
2024-10-25,1.80136967815816,2.072679835585758,0.18895603960049745,GJR_GARCH_1_1,"normal-likelihood GJR-GARCH(1,1) fitted on pre-E1 Brent daily returns",0.2722889628948916,0.0805957089502442,0.0,0.8383223805287457
2024-10-28,-5.08618669824354,2.0350337628375152,0.16736103742370778,GJR_GARCH_1_1,"normal-likelihood GJR-GARCH(1,1) fitted on pre-E1 Brent daily returns",0.2722889628948916,0.0805957089502442,0.0,0.8383223805287457
2024-10-29,-1.09122515389596,2.4107922351731417,0.3829082229774481,GJR_GARCH_1_1,"normal-likelihood GJR-GARCH(1,1) fitted on pre-E1 Brent daily returns",0.2722889628948916,0.0805957089502442,0.0,0.8383223805287457
2024-10-30,2.9385343717159103,2.288422286942488,0.3127128717628125,GJR_GARCH_1_1,"normal-likelihood GJR-GARCH(1,1) fitted on pre-E1 Brent daily returns",0.2722889628948916,0.0805957089502442,0.0,0.8383223805287457
2024-10-31,0.05462242386258,2.3169742391140047,0.3290911929071947,GJR_GARCH_1_1,"normal-likelihood GJR-GARCH(1,1) fitted on pre-E1 Brent daily returns",0.2722889628948916,0.0805957089502442,0.0,0.8383223805287457
2024-11-01,0.51743034834483,2.184759339004112,0.2532484595955118,GJR_GARCH_1_1,"normal-likelihood GJR-GARCH(1,1) fitted on pre-E1 Brent daily returns",0.2722889628948916,0.0805957089502442,0.0,0.8383223805287457
2024-11-04,1.69678188806505,2.072946180507141,0.18910882364242165,GJR_GARCH_1_1,"normal-likelihood GJR-GARCH(1,1) fitted on pre-E1 Brent daily returns",0.2722889628948916,0.0805957089502442,0.0,0.8383223805287457
2024-11-05,2.75252775943242,2.027917211879549,0.16327875414129833,GJR_GARCH_1_1,"normal-likelihood GJR-GARCH(1,1) fitted on pre-E1 Brent daily returns",0.2722889628948916,0.0805957089502442,0.0,0.8383223805287457
2024-11-06,-0.59935032835483,2.083216778868052,0.19500037029707662,GJR_GARCH_1_1,"normal-likelihood GJR-GARCH(1,1) fitted on pre-E1 Brent daily returns",0.2722889628948916,0.0805957089502442,0.0,0.8383223805287457
2024-11-07,-1.03777614463203,1.9842880709547186,0.13825167098327729,GJR_GARCH_1_1,"normal-likelihood GJR-GARCH(1,1) fitted on pre-E1 Brent daily returns",0.2722889628948916,0.0805957089502442,0.0,0.8383223805287457
2024-11-08,-2.25688954204343,1.9121803024584312,0.09688832803767156,GJR_GARCH_1_1,"normal-likelihood GJR-GARCH(1,1) fitted on pre-E1 Brent daily returns",0.2722889628948916,0.0805957089502442,0.0,0.8383223805287457
2024-11-11,-2.5303955554227797,1.9340372207840497,0.10942616171759201,GJR_GARCH_1_1,"normal-likelihood GJR-GARCH(1,1) fitted on pre-E1 Brent daily returns",0.2722889628948916,0.0805957089502442,0.0,0.8383223805287457
2024-11-12,0.5112273655812201,1.9787825317716883,0.13509351604273334,GJR_GARCH_1_1,"normal-likelihood GJR-GARCH(1,1) fitted on pre-E1 Brent daily returns",0.2722889628948916,0.0805957089502442,0.0,0.8383223805287457
2024-11-13,0.41259857735358,1.89146272148724,0.08500405503095854,GJR_GARCH_1_1,"normal-likelihood GJR-GARCH(1,1) fitted on pre-E1 Brent daily returns",0.2722889628948916,0.0805957089502442,0.0,0.8383223805287457
2024-11-14,0.72478949765537,1.8129105664816794,0.03994400402163256,GJR_GARCH_1_1,"normal-likelihood GJR-GARCH(1,1) fitted on pre-E1 Brent daily returns",0.2722889628948916,0.0805957089502442,0.0,0.8383223805287457
2024-11-15,0.08172160629156,1.752819262438327,0.005473692860612056,GJR_GARCH_1_1,"normal-likelihood GJR-GARCH(1,1) fitted on pre-E1 Brent daily returns",0.2722889628948916,0.0805957089502442,0.0,0.8383223805287457
2024-11-18,1.2178770286277,1.6878326903514176,-0.03180470202174457,GJR_GARCH_1_1,"normal-likelihood GJR-GARCH(1,1) fitted on pre-E1 Brent daily returns",0.2722889628948916,0.0805957089502442,0.0,0.8383223805287457
2024-11-19,-0.04035784005811,1.6685829651574522,-0.04284696558655943,GJR_GARCH_1_1,"normal-likelihood GJR-GARCH(1,1) fitted on pre-E1 Brent daily returns",0.2722889628948916,0.0805957089502442,0.0,0.8383223805287457
2024-11-20,0.01345442316198,1.6144196088754628,-0.07391681461527133,GJR_GARCH_1_1,"normal-likelihood GJR-GARCH(1,1) fitted on pre-E1 Brent daily returns",0.2722889628948916,0.0805957089502442,0.0,0.8383223805287457
2024-11-21,1.0172755374590199,1.5675925262278019,-0.10077834034390543,GJR_GARCH_1_1,"normal-likelihood GJR-GARCH(1,1) fitted on pre-E1 Brent daily returns",0.2722889628948916,0.0805957089502442,0.0,0.8383223805287457
2024-11-22,1.33608707558474,1.555380482379455,-0.10778356278109613,GJR_GARCH_1_1,"normal-likelihood GJR-GARCH(1,1) fitted on pre-E1 Brent daily returns",0.2722889628948916,0.0805957089502442,0.0,0.8383223805287457
2024-11-25,-2.4341163186434702,1.5648582223196763,-0.10234682530229289,GJR_GARCH_1_1,"normal-likelihood GJR-GARCH(1,1) fitted on pre-E1 Brent daily returns",0.2722889628948916,0.0805957089502442,0.0,0.8383223805287457
2024-11-26,0.38970686961299,1.6716773809114727,-0.041071908852465255,GJR_GARCH_1_1,"normal-likelihood GJR-GARCH(1,1) fitted on pre-E1 Brent daily returns",0.2722889628948916,0.0805957089502442,0.0,0.8383223805287457
2024-11-27,-0.87560335805401,1.621288146760563,-0.06997679963490311,GJR_GARCH_1_1,"normal-likelihood GJR-GARCH(1,1) fitted on pre-E1 Brent daily returns",0.2722889628948916,0.0805957089502442,0.0,0.8383223805287457
2024-11-28,0.01352905366331,1.592091540034349,-0.08672491543502747,GJR_GARCH_1_1,"normal-likelihood GJR-GARCH(1,1) fitted on pre-E1 Brent daily returns",0.2722889628948916,0.0805957089502442,0.0,0.8383223805287457
2024-11-29,0.32414939241709,1.548330353129117,-0.11182774442856447,GJR_GARCH_1_1,"normal-likelihood GJR-GARCH(1,1) fitted on pre-E1 Brent daily returns",0.2722889628948916,0.0805957089502442,0.0,0.8383223805287457
2024-12-02,-1.83716128509798,1.5138093769546936,-0.1316300903629456,GJR_GARCH_1_1,"normal-likelihood GJR-GARCH(1,1) fitted on pre-E1 Brent daily returns",0.2722889628948916,0.0805957089502442,0.0,0.8383223805287457
2024-12-03,2.69645765738122,1.5682047971262907,-0.10042712199839376,GJR_GARCH_1_1,"normal-likelihood GJR-GARCH(1,1) fitted on pre-E1 Brent daily returns",0.2722889628948916,0.0805957089502442,0.0,0.8383223805287457
2024-12-04,-0.16055663069094,1.7114554008362266,-0.01825395297674781,GJR_GARCH_1_1,"normal-likelihood GJR-GARCH(1,1) fitted on pre-E1 Brent daily returns",0.2722889628948916,0.0805957089502442,0.0,0.8383223805287457
2024-12-05,-1.21246265049927,1.65208150282974,-0.052312736884145616,GJR_GARCH_1_1,"normal-likelihood GJR-GARCH(1,1) fitted on pre-E1 Brent daily returns",0.2722889628948916,0.0805957089502442,0.0,0.8383223805287457
2024-12-06,0.0,1.6354847115715816,-0.0618331919325249,GJR_GARCH_1_1,"normal-likelihood GJR-GARCH(1,1) fitted on pre-E1 Brent daily returns",0.2722889628948916,0.0805957089502442,0.0,0.8383223805287457
2024-12-09,-0.06779201669706,1.5857734845597444,-0.09034915594052695,GJR_GARCH_1_1,"normal-likelihood GJR-GARCH(1,1) fitted on pre-E1 Brent daily returns",0.2722889628948916,0.0805957089502442,0.0,0.8383223805287457
2024-12-10,-0.12214156366816001,1.5429116798186326,-0.11493607030143216,GJR_GARCH_1_1,"normal-likelihood GJR-GARCH(1,1) fitted on pre-E1 Brent daily returns",0.2722889628948916,0.0805957089502442,0.0,0.8383223805287457
2024-12-11,0.9998732132046899,1.5062553414789324,-0.1359633288824995,GJR_GARCH_1_1,"normal-likelihood GJR-GARCH(1,1) fitted on pre-E1 Brent daily returns",0.2722889628948916,0.0805957089502442,0.0,0.8383223805287457
2024-12-12,-1.16296104494928,1.5027515770034445,-0.13797320125301527,GJR_GARCH_1_1,"normal-likelihood GJR-GARCH(1,1) fitted on pre-E1 Brent daily returns",0.2722889628948916,0.0805957089502442,0.0,0.8383223805287457
2024-12-13,1.84628922138445,1.506836851376156,-0.13562975603997884,GJR_GARCH_1_1,"normal-likelihood GJR-GARCH(1,1) fitted on pre-E1 Brent daily returns",0.2722889628948916,0.0805957089502442,0.0,0.8383223805287457
2024-12-16,-0.7909418537562499,1.5674004782401811,-0.1008885052670424,GJR_GARCH_1_1,"normal-likelihood GJR-GARCH(1,1) fitted on pre-E1 Brent daily returns",0.2722889628948916,0.0805957089502442,0.0,0.8383223805287457
2024-12-17,-1.54621282010483,1.5426016476556754,-0.11511391475492161,GJR_GARCH_1_1,"normal-likelihood GJR-GARCH(1,1) fitted on pre-E1 Brent daily returns",0.2722889628948916,0.0805957089502442,0.0,0.8383223805287457
2024-12-18,1.90894580330382,1.5667429540701505,-0.10126568234944511,GJR_GARCH_1_1,"normal-likelihood GJR-GARCH(1,1) fitted on pre-E1 Brent daily returns",0.2722889628948916,0.0805957089502442,0.0,0.8383223805287457
2024-12-19,-1.1057286335773802,1.6218125931800138,-0.06967596024468614,GJR_GARCH_1_1,"normal-likelihood GJR-GARCH(1,1) fitted on pre-E1 Brent daily returns",0.2722889628948916,0.0805957089502442,0.0,0.8383223805287457
2024-12-20,-0.76221956067934,1.603793338433177,-0.08001238625343188,GJR_GARCH_1_1,"normal-likelihood GJR-GARCH(1,1) fitted on pre-E1 Brent daily returns",0.2722889628948916,0.0805957089502442,0.0,0.8383223805287457
2024-12-23,-1.47274012780194,1.5725365220364889,-0.0979423048040331,GJR_GARCH_1_1,"normal-likelihood GJR-GARCH(1,1) fitted on pre-E1 Brent daily returns",0.2722889628948916,0.0805957089502442,0.0,0.8383223805287457
2024-12-24,1.8954007883674,1.5859473371037058,-0.09024942851104467,GJR_GARCH_1_1,"normal-likelihood GJR-GARCH(1,1) fitted on pre-E1 Brent daily returns",0.2722889628948916,0.0805957089502442,0.0,0.8383223805287457
2024-12-30,0.63509435817339,1.636103276692665,-0.06147836301781662,GJR_GARCH_1_1,"normal-likelihood GJR-GARCH(1,1) fitted on pre-E1 Brent daily returns",0.2722889628948916,0.0805957089502442,0.0,0.8383223805287457
2024-12-31,0.456928627273,1.5971925766080732,-0.08379879624458408,GJR_GARCH_1_1,"normal-likelihood GJR-GARCH(1,1) fitted on pre-E1 Brent daily returns",0.2722889628948916,0.0805957089502442,0.0,0.8383223805287457
2025-01-03,0.7588679620831701,1.5586125879375134,-0.10592952273212064,GJR_GARCH_1_1,"normal-likelihood GJR-GARCH(1,1) fitted on pre-E1 Brent daily returns",0.2722889628948916,0.0805957089502442,0.0,0.8383223805287457
2025-01-06,0.7143351370309801,1.5355167080115184,-0.11917806476762483,GJR_GARCH_1_1,"normal-likelihood GJR-GARCH(1,1) fitted on pre-E1 Brent daily returns",0.2722889628948916,0.0805957089502442,0.0,0.8383223805287457
2025-01-07,0.73496559322565,1.5140891333573698,-0.1314696130625599,GJR_GARCH_1_1,"normal-likelihood GJR-GARCH(1,1) fitted on pre-E1 Brent daily returns",0.2722889628948916,0.0805957089502442,0.0,0.8383223805287457
2025-01-08,-0.60563293163857,1.496717927790179,-0.141434297149148,GJR_GARCH_1_1,"normal-likelihood GJR-GARCH(1,1) fitted on pre-E1 Brent daily returns",0.2722889628948916,0.0805957089502442,0.0,0.8383223805287457
2025-01-09,1.37348927667817,1.475744998213106,-0.1534650463563596,GJR_GARCH_1_1,"normal-likelihood GJR-GARCH(1,1) fitted on pre-E1 Brent daily returns",0.2722889628948916,0.0805957089502442,0.0,0.8383223805287457
2025-01-10,1.6688124325437301,1.5015714260701356,-0.13865017391213375,GJR_GARCH_1_1,"normal-likelihood GJR-GARCH(1,1) fitted on pre-E1 Brent daily returns",0.2722889628948916,0.0805957089502442,0.0,0.8383223805287457
2025-01-13,3.60765500804927,1.5467988179019585,-0.11270628245789616,GJR_GARCH_1_1,"normal-likelihood GJR-GARCH(1,1) fitted on pre-E1 Brent daily returns",0.2722889628948916,0.0805957089502442,0.0,0.8383223805287457
2025-01-14,-0.36346054065763,1.8273530625530567,0.04822868583121731,GJR_GARCH_1_1,"normal-likelihood GJR-GARCH(1,1) fitted on pre-E1 Brent daily returns",0.2722889628948916,0.0805957089502442,0.0,0.8383223805287457
2025-01-15,1.3143011881501399,1.7553026694338059,0.0068982552533978225,GJR_GARCH_1_1,"normal-likelihood GJR-GARCH(1,1) fitted on pre-E1 Brent daily returns",0.2722889628948916,0.0805957089502442,0.0,0.8383223805287457
2025-01-16,-1.3143011881501399,1.7317396113972015,-0.006618275222308956,GJR_GARCH_1_1,"normal-likelihood GJR-GARCH(1,1) fitted on pre-E1 Brent daily returns",0.2722889628948916,0.0805957089502442,0.0,0.8383223805287457
2025-01-17,0.76174722973938,1.709144394318982,-0.019579620891810867,GJR_GARCH_1_1,"normal-likelihood GJR-GARCH(1,1) fitted on pre-E1 Brent daily returns",0.2722889628948916,0.0805957089502442,0.0,0.8383223805287457
2025-01-20,-1.62723687684822,1.664495737931438,-0.045191531019269315,GJR_GARCH_1_1,"normal-likelihood GJR-GARCH(1,1) fitted on pre-E1 Brent daily returns",0.2722889628948916,0.0805957089502442,0.0,0.8383223805287457
2025-01-21,-1.3682802067306,1.674173114186059,-0.03964027570821138,GJR_GARCH_1_1,"normal-likelihood GJR-GARCH(1,1) fitted on pre-E1 Brent daily returns",0.2722889628948916,0.0805957089502442,0.0,0.8383223805287457
2025-01-22,-0.70997371152232,1.6638197286048526,-0.04557931178399255,GJR_GARCH_1_1,"normal-likelihood GJR-GARCH(1,1) fitted on pre-E1 Brent daily returns",0.2722889628948916,0.0805957089502442,0.0,0.8383223805287457
2025-01-23,-1.7400514680167198,1.622121858563943,-0.06949855564039131,GJR_GARCH_1_1,"normal-likelihood GJR-GARCH(1,1) fitted on pre-E1 Brent daily returns",0.2722889628948916,0.0805957089502442,0.0,0.8383223805287457
2025-01-24,0.11440921606444002,1.6481326708015793,-0.054577914365318336,GJR_GARCH_1_1,"normal-likelihood GJR-GARCH(1,1) fitted on pre-E1 Brent daily returns",0.2722889628948916,0.0805957089502442,0.0,0.8383223805287457
2025-01-27,-1.8076256560981898,1.5971646205162504,-0.08381483276100388,GJR_GARCH_1_1,"normal-likelihood GJR-GARCH(1,1) fitted on pre-E1 Brent daily returns",0.2722889628948916,0.0805957089502442,0.0,0.8383223805287457
2025-01-28,0.91430680068453,1.633425878045269,-0.06301420528230228,GJR_GARCH_1_1,"normal-likelihood GJR-GARCH(1,1) fitted on pre-E1 Brent daily returns",0.2722889628948916,0.0805957089502442,0.0,0.8383223805287457
2025-01-29,-1.27718952134587,1.6060803440767746,-0.07870048601400714,GJR_GARCH_1_1,"normal-likelihood GJR-GARCH(1,1) fitted on pre-E1 Brent daily returns",0.2722889628948916,0.0805957089502442,0.0,0.8383223805287457
2025-01-30,0.5180016762738899,1.6006038228129973,-0.08184199533965197,GJR_GARCH_1_1,"normal-likelihood GJR-GARCH(1,1) fitted on pre-E1 Brent daily returns",0.2722889628948916,0.0805957089502442,0.0,0.8383223805287457
2025-01-31,-0.40121713046330004,1.563145177135536,-0.10332948330032199,GJR_GARCH_1_1,"normal-likelihood GJR-GARCH(1,1) fitted on pre-E1 Brent daily returns",0.2722889628948916,0.0805957089502442,0.0,0.8383223805287457
2025-02-03,-0.8072960511094,1.5271937954887216,-0.1239523559732173,GJR_GARCH_1_1,"normal-likelihood GJR-GARCH(1,1) fitted on pre-E1 Brent daily returns",0.2722889628948916,0.0805957089502442,0.0,0.8383223805287457
2025-02-04,0.11759327153733001,1.5090938957255076,-0.13433504256579232,GJR_GARCH_1_1,"normal-likelihood GJR-GARCH(1,1) fitted on pre-E1 Brent daily returns",0.2722889628948916,0.0805957089502442,0.0,0.8383223805287457
2025-02-05,-2.4721994061438,1.4774981996246075,-0.15245935345046424,GJR_GARCH_1_1,"normal-likelihood GJR-GARCH(1,1) fitted on pre-E1 Brent daily returns",0.2722889628948916,0.0805957089502442,0.0,0.8383223805287457
2025-02-06,-0.22780579365972,1.6082992048776446,-0.07742767585542243,GJR_GARCH_1_1,"normal-likelihood GJR-GARCH(1,1) fitted on pre-E1 Brent daily returns",0.2722889628948916,0.0805957089502442,0.0,0.8383223805287457
2025-02-07,0.18764246224094,1.5633825983813698,-0.1031932908120674,GJR_GARCH_1_1,"normal-likelihood GJR-GARCH(1,1) fitted on pre-E1 Brent daily returns",0.2722889628948916,0.0805957089502442,0.0,0.8383223805287457
2025-02-10,2.05427673266598,1.5247272809609027,-0.125367228301429,GJR_GARCH_1_1,"normal-likelihood GJR-GARCH(1,1) fitted on pre-E1 Brent daily returns",0.2722889628948916,0.0805957089502442,0.0,0.8383223805287457
2025-02-11,1.84564635945143,1.602590981752343,-0.080702096845916,GJR_GARCH_1_1,"normal-likelihood GJR-GARCH(1,1) fitted on pre-E1 Brent daily returns",0.2722889628948916,0.0805957089502442,0.0,0.8383223805287457
2025-02-12,-2.9669561755707,1.6450390202051197,-0.05635253218034364,GJR_GARCH_1_1,"normal-likelihood GJR-GARCH(1,1) fitted on pre-E1 Brent daily returns",0.2722889628948916,0.0805957089502442,0.0,0.8383223805287457
2025-02-13,0.30465617311890003,1.8001154694213617,0.03260432344677899,GJR_GARCH_1_1,"normal-likelihood GJR-GARCH(1,1) fitted on pre-E1 Brent daily returns",0.2722889628948916,0.0805957089502442,0.0,0.8383223805287457
2025-02-14,-0.55703061802425,1.7312843231830608,-0.006879443234207194,GJR_GARCH_1_1,"normal-likelihood GJR-GARCH(1,1) fitted on pre-E1 Brent daily returns",0.2722889628948916,0.0805957089502442,0.0,0.8383223805287457
2025-02-17,0.82119666782762,1.6757668631427496,-0.03872604987596706,GJR_GARCH_1_1,"normal-likelihood GJR-GARCH(1,1) fitted on pre-E1 Brent daily returns",0.2722889628948916,0.0805957089502442,0.0,0.8383223805287457
2025-02-18,0.85375182000548,1.6381750245314801,-0.060289941601639585,GJR_GARCH_1_1,"normal-likelihood GJR-GARCH(1,1) fitted on pre-E1 Brent daily returns",0.2722889628948916,0.0805957089502442,0.0,0.8383223805287457
2025-02-19,-0.15706809511835002,1.607384873712209,-0.07795216571761698,GJR_GARCH_1_1,"normal-likelihood GJR-GARCH(1,1) fitted on pre-E1 Brent daily returns",0.2722889628948916,0.0805957089502442,0.0,0.8383223805287457
2025-02-20,0.79588129678045,1.5619682104407053,-0.10400462937749322,GJR_GARCH_1_1,"normal-likelihood GJR-GARCH(1,1) fitted on pre-E1 Brent daily returns",0.2722889628948916,0.0805957089502442,0.0,0.8383223805287457
2025-02-21,-2.72690281155512,1.5399197679217038,-0.11665232751527277,GJR_GARCH_1_1,"normal-likelihood GJR-GARCH(1,1) fitted on pre-E1 Brent daily returns",0.2722889628948916,0.0805957089502442,0.0,0.8383223805287457
2025-02-24,0.01335380919389,1.688311003553363,-0.03153032613381923,GJR_GARCH_1_1,"normal-likelihood GJR-GARCH(1,1) fitted on pre-E1 Brent daily returns",0.2722889628948916,0.0805957089502442,0.0,0.8383223805287457
2025-02-25,-2.4055213956051698,1.6315430706583431,-0.06409424435811906,GJR_GARCH_1_1,"normal-likelihood GJR-GARCH(1,1) fitted on pre-E1 Brent daily returns",0.2722889628948916,0.0805957089502442,0.0,0.8383223805287457
2025-02-26,0.51841862355557,1.7210862430248528,-0.012729391107610732,GJR_GARCH_1_1,"normal-likelihood GJR-GARCH(1,1) fitted on pre-E1 Brent daily returns",0.2722889628948916,0.0805957089502442,0.0,0.8383223805287457
2025-02-27,2.0472095440765297,1.6670213268243574,-0.04374277172889107,GJR_GARCH_1_1,"normal-likelihood GJR-GARCH(1,1) fitted on pre-E1 Brent daily returns",0.2722889628948916,0.0805957089502442,0.0,0.8383223805287457
2025-02-28,-0.33384553941830003,1.7165885014694864,-0.015309440807039443,GJR_GARCH_1_1,"normal-likelihood GJR-GARCH(1,1) fitted on pre-E1 Brent daily returns",0.2722889628948916,0.0805957089502442,0.0,0.8383223805287457
2025-03-03,-2.58804499461486,1.6584466534738294,-0.0486614810696564,GJR_GARCH_1_1,"normal-likelihood GJR-GARCH(1,1) fitted on pre-E1 Brent daily returns",0.2722889628948916,0.0805957089502442,0.0,0.8383223805287457
2025-03-04,-0.74401004543531,1.7632874589774334,0.011478588206823792,GJR_GARCH_1_1,"normal-likelihood GJR-GARCH(1,1) fitted on pre-E1 Brent daily returns",0.2722889628948916,0.0805957089502442,0.0,0.8383223805287457
2025-03-05,-1.94099509808527,1.7090716497513205,-0.019621349523307297,GJR_GARCH_1_1,"normal-likelihood GJR-GARCH(1,1) fitted on pre-E1 Brent daily returns",0.2722889628948916,0.0805957089502442,0.0,0.8383223805287457
2025-03-06,0.22535220804433,1.7372668130386768,-0.0034476939965477627,GJR_GARCH_1_1,"normal-likelihood GJR-GARCH(1,1) fitted on pre-E1 Brent daily returns",0.2722889628948916,0.0805957089502442,0.0,0.8383223805287457
2025-03-07,1.9642618026335101,1.675504321227182,-0.03887665239103144,GJR_GARCH_1_1,"normal-likelihood GJR-GARCH(1,1) fitted on pre-E1 Brent daily returns",0.2722889628948916,0.0805957089502442,0.0,0.8383223805287457
2025-03-10,-1.9642618026335101,1.7156191291990937,-0.01586550402322795,GJR_GARCH_1_1,"normal-likelihood GJR-GARCH(1,1) fitted on pre-E1 Brent daily returns",0.2722889628948916,0.0805957089502442,0.0,0.8383223805287457
2025-03-11,0.60312967738536,1.7447459425754284,0.0008425760591563858,GJR_GARCH_1_1,"normal-likelihood GJR-GARCH(1,1) fitted on pre-E1 Brent daily returns",0.2722889628948916,0.0805957089502442,0.0,0.8383223805287457
2025-03-12,1.18163604667902,1.6898656557845375,-0.030638527444992403,GJR_GARCH_1_1,"normal-likelihood GJR-GARCH(1,1) fitted on pre-E1 Brent daily returns",0.2722889628948916,0.0805957089502442,0.0,0.8383223805287457
2025-03-13,-2.15122138433372,1.6681710804174081,-0.04308323596507457,GJR_GARCH_1_1,"normal-likelihood GJR-GARCH(1,1) fitted on pre-E1 Brent daily returns",0.2722889628948916,0.0805957089502442,0.0,0.8383223805287457
2025-03-14,1.56909915837202,1.72363692212019,-0.011266239267458511,GJR_GARCH_1_1,"normal-likelihood GJR-GARCH(1,1) fitted on pre-E1 Brent daily returns",0.2722889628948916,0.0805957089502442,0.0,0.8383223805287457
2025-03-17,-0.013901438821310001,1.7223941650090562,-0.011979124850494682,GJR_GARCH_1_1,"normal-likelihood GJR-GARCH(1,1) fitted on pre-E1 Brent daily returns",0.2722889628948916,0.0805957089502442,0.0,0.8383223805287457
2025-03-18,0.0,1.6611125903903068,-0.047132213623898744,GJR_GARCH_1_1,"normal-likelihood GJR-GARCH(1,1) fitted on pre-E1 Brent daily returns",0.2722889628948916,0.0805957089502442,0.0,0.8383223805287457
2025-03-19,0.013901438821310001,1.6079499494000058,-0.07762802006795966,GJR_GARCH_1_1,"normal-likelihood GJR-GARCH(1,1) fitted on pre-E1 Brent daily returns",0.2722889628948916,0.0805957089502442,0.0,0.8383223805287457
2025-03-20,0.92702151246779,1.5620088936084293,-0.10398129219963048,GJR_GARCH_1_1,"normal-likelihood GJR-GARCH(1,1) fitted on pre-E1 Brent daily returns",0.2722889628948916,0.0805957089502442,0.0,0.8383223805287457
2025-03-21,0.04130809008824,1.5459986172049585,-0.11316530340037656,GJR_GARCH_1_1,"normal-likelihood GJR-GARCH(1,1) fitted on pre-E1 Brent daily returns",0.2722889628948916,0.0805957089502442,0.0,0.8383223805287457
2025-03-24,1.8008672225885598,1.5087363141053796,-0.13454016292234805,GJR_GARCH_1_1,"normal-likelihood GJR-GARCH(1,1) fitted on pre-E1 Brent daily returns",0.2722889628948916,0.0805957089502442,0.0,0.8383223805287457
2025-03-25,-0.24367143503942001,1.5646217931731272,-0.10248244869038248,GJR_GARCH_1_1,"normal-likelihood GJR-GARCH(1,1) fitted on pre-E1 Brent daily returns",0.2722889628948916,0.0805957089502442,0.0,0.8383223805287457
2025-03-26,1.1052815041185902,1.5259540047644635,-0.12466353994101553,GJR_GARCH_1_1,"normal-likelihood GJR-GARCH(1,1) fitted on pre-E1 Brent daily returns",0.2722889628948916,0.0805957089502442,0.0,0.8383223805287457
2025-03-27,0.16072867108718,1.5253116045005888,-0.1250320414627949,GJR_GARCH_1_1,"normal-likelihood GJR-GARCH(1,1) fitted on pre-E1 Brent daily returns",0.2722889628948916,0.0805957089502442,0.0,0.8383223805287457
2025-03-28,-0.04015795516121,1.4917670035454285,-0.14427430706352873,GJR_GARCH_1_1,"normal-likelihood GJR-GARCH(1,1) fitted on pre-E1 Brent daily returns",0.2722889628948916,0.0805957089502442,0.0,0.8383223805287457
2025-03-31,3.3441768212197602,1.4621543137424347,-0.16126110154360118,GJR_GARCH_1_1,"normal-likelihood GJR-GARCH(1,1) fitted on pre-E1 Brent daily returns",0.2722889628948916,0.0805957089502442,0.0,0.8383223805287457
2025-04-01,0.70963461464286,1.725454552716818,-0.010223587701828296,GJR_GARCH_1_1,"normal-likelihood GJR-GARCH(1,1) fitted on pre-E1 Brent daily returns",0.2722889628948916,0.0805957089502442,0.0,0.8383223805287457
2025-04-02,-0.6578546782108601,1.6766491161000199,-0.03821996110914827,GJR_GARCH_1_1,"normal-likelihood GJR-GARCH(1,1) fitted on pre-E1 Brent daily returns",0.2722889628948916,0.0805957089502442,0.0,0.8383223805287457
2025-04-03,-6.316764809073661,1.6314523441329698,-0.06414628802084132,GJR_GARCH_1_1,"normal-likelihood GJR-GARCH(1,1) fitted on pre-E1 Brent daily returns",0.2722889628948916,0.0805957089502442,0.0,0.8383223805287457
2025-04-04,-5.93502756073656,2.387094083391555,0.3693141983701098,GJR_GARCH_1_1,"normal-likelihood GJR-GARCH(1,1) fitted on pre-E1 Brent daily returns",0.2722889628948916,0.0805957089502442,0.0,0.8383223805287457
2025-04-07,-3.31653565608194,2.805030587044113,0.6090560637831022,GJR_GARCH_1_1,"normal-likelihood GJR-GARCH(1,1) fitted on pre-E1 Brent daily returns",0.2722889628948916,0.0805957089502442,0.0,0.8383223805287457
2025-04-08,-1.9391400807399402,2.782755435492672,0.5962783180283571,GJR_GARCH_1_1,"normal-likelihood GJR-GARCH(1,1) fitted on pre-E1 Brent daily returns",0.2722889628948916,0.0805957089502442,0.0,0.8383223805287457
2025-04-09,3.6929135771510198,2.6571761156185825,0.5242419676718024,GJR_GARCH_1_1,"normal-likelihood GJR-GARCH(1,1) fitted on pre-E1 Brent daily returns",0.2722889628948916,0.0805957089502442,0.0,0.8383223805287457
2025-04-10,-2.90967990260435,2.7023989232356507,0.5501832294725231,GJR_GARCH_1_1,"normal-likelihood GJR-GARCH(1,1) fitted on pre-E1 Brent daily returns",0.2722889628948916,0.0805957089502442,0.0,0.8383223805287457
2025-04-11,2.208864389834,2.658399304884431,0.5249436285073239,GJR_GARCH_1_1,"normal-likelihood GJR-GARCH(1,1) fitted on pre-E1 Brent daily returns",0.2722889628948916,0.0805957089502442,0.0,0.8383223805287457
2025-04-14,0.5223502661168601,2.56856088964203,0.4734094144156411,GJR_GARCH_1_1,"normal-likelihood GJR-GARCH(1,1) fitted on pre-E1 Brent daily returns",0.2722889628948916,0.0805957089502442,0.0,0.8383223805287457
2025-04-15,-0.89713520372685,2.4138999218902004,0.3846908923641983,GJR_GARCH_1_1,"normal-likelihood GJR-GARCH(1,1) fitted on pre-E1 Brent daily returns",0.2722889628948916,0.0805957089502442,0.0,0.8383223805287457
2025-04-16,2.02207305855592,2.2845124601977296,0.3104700689709097,GJR_GARCH_1_1,"normal-likelihood GJR-GARCH(1,1) fitted on pre-E1 Brent daily returns",0.2722889628948916,0.0805957089502442,0.0,0.8383223805287457
2025-04-17,2.02527502219611,2.232461658463971,0.28061204940373874,GJR_GARCH_1_1,"normal-likelihood GJR-GARCH(1,1) fitted on pre-E1 Brent daily returns",0.2722889628948916,0.0805957089502442,0.0,0.8383223805287457
2025-04-23,-0.97675534189995,2.188113474707294,0.2551725000736742,GJR_GARCH_1_1,"normal-likelihood GJR-GARCH(1,1) fitted on pre-E1 Brent daily returns",0.2722889628948916,0.0805957089502442,0.0,0.8383223805287457
2025-04-24,-1.11963456000765,2.087983698266213,0.19773482909357032,GJR_GARCH_1_1,"normal-likelihood GJR-GARCH(1,1) fitted on pre-E1 Brent daily returns",0.2722889628948916,0.0805957089502442,0.0,0.8383223805287457
2025-04-25,-0.75842433583082,2.0060894418039408,0.15075764083820542,GJR_GARCH_1_1,"normal-likelihood GJR-GARCH(1,1) fitted on pre-E1 Brent daily returns",0.2722889628948916,0.0805957089502442,0.0,0.8383223805287457
2025-04-28,-1.29208528336048,1.9209022788117367,0.10189153513433569,GJR_GARCH_1_1,"normal-likelihood GJR-GARCH(1,1) fitted on pre-E1 Brent daily returns",0.2722889628948916,0.0805957089502442,0.0,0.8383223805287457
2025-04-29,-3.2114613558056697,1.869710172637651,0.07252609105051833,GJR_GARCH_1_1,"normal-likelihood GJR-GARCH(1,1) fitted on pre-E1 Brent daily returns",0.2722889628948916,0.0805957089502442,0.0,0.8383223805287457
2025-04-30,-1.0517324793088498,2.005825328266204,0.15060613678994828,GJR_GARCH_1_1,"normal-likelihood GJR-GARCH(1,1) fitted on pre-E1 Brent daily returns",0.2722889628948916,0.0805957089502442,0.0,0.8383223805287457
2025-05-01,-1.59061727973943,1.9315224334955077,0.1079835985760551,GJR_GARCH_1_1,"normal-likelihood GJR-GARCH(1,1) fitted on pre-E1 Brent daily returns",0.2722889628948916,0.0805957089502442,0.0,0.8383223805287457
2025-05-02,-1.29096516149127,1.8969624948002246,0.08815890248237834,GJR_GARCH_1_1,"normal-likelihood GJR-GARCH(1,1) fitted on pre-E1 Brent daily returns",0.2722889628948916,0.0805957089502442,0.0,0.8383223805287457
2025-05-07,-3.3586463075136104,1.849044350346915,0.06067150849318037,GJR_GARCH_1_1,"normal-likelihood GJR-GARCH(1,1) fitted on pre-E1 Brent daily returns",0.2722889628948916,0.0805957089502442,0.0,0.8383223805287457
2025-05-08,3.11785640065958,2.00906707470295,0.1524657071580524,GJR_GARCH_1_1,"normal-likelihood GJR-GARCH(1,1) fitted on pre-E1 Brent daily returns",0.2722889628948916,0.0805957089502442,0.0,0.8383223805287457
2025-05-09,3.22608622182212,2.1095205947864644,0.21008908793874648,GJR_GARCH_1_1,"normal-likelihood GJR-GARCH(1,1) fitted on pre-E1 Brent daily returns",0.2722889628948916,0.0805957089502442,0.0,0.8383223805287457
2025-05-12,1.5748356968138901,2.2028653650793943,0.263634660438387,GJR_GARCH_1_1,"normal-likelihood GJR-GARCH(1,1) fitted on pre-E1 Brent daily returns",0.2722889628948916,0.0805957089502442,0.0,0.8383223805287457
2025-05-13,2.49615864566994,2.132036289554029,0.22300481704465147,GJR_GARCH_1_1,"normal-likelihood GJR-GARCH(1,1) fitted on pre-E1 Brent daily returns",0.2722889628948916,0.0805957089502442,0.0,0.8383223805287457
2025-05-14,-1.5357122047921798,2.143264037673058,0.22944541568803034,GJR_GARCH_1_1,"normal-likelihood GJR-GARCH(1,1) fitted on pre-E1 Brent daily returns",0.2722889628948916,0.0805957089502442,0.0,0.8383223805287457
2025-05-15,-2.37978529404463,2.075601990143883,0.19063228175371338,GJR_GARCH_1_1,"normal-likelihood GJR-GARCH(1,1) fitted on pre-E1 Brent daily returns",0.2722889628948916,0.0805957089502442,0.0,0.8383223805287457
2025-05-16,1.2967146808424699,2.081426795539248,0.19397357809645466,GJR_GARCH_1_1,"normal-likelihood GJR-GARCH(1,1) fitted on pre-E1 Brent daily returns",0.2722889628948916,0.0805957089502442,0.0,0.8383223805287457
2025-05-19,1.5975995933724,2.010997968808834,0.15357333032763432,GJR_GARCH_1_1,"normal-likelihood GJR-GARCH(1,1) fitted on pre-E1 Brent daily returns",0.2722889628948916,0.0805957089502442,0.0,0.8383223805287457
2025-05-20,1.0211832246219399,1.9681691379260795,0.12900533083595755,GJR_GARCH_1_1,"normal-likelihood GJR-GARCH(1,1) fitted on pre-E1 Brent daily returns",0.2722889628948916,0.0805957089502442,0.0,0.8383223805287457
2025-05-21,-1.61160201643326,1.8992672316785233,0.08948097393021892,GJR_GARCH_1_1,"normal-likelihood GJR-GARCH(1,1) fitted on pre-E1 Brent daily returns",0.2722889628948916,0.0805957089502442,0.0,0.8383223805287457
2025-05-22,-1.5146009723253802,1.8708891557643528,0.07320239381808169,GJR_GARCH_1_1,"normal-likelihood GJR-GARCH(1,1) fitted on pre-E1 Brent daily returns",0.2722889628948916,0.0805957089502442,0.0,0.8383223805287457
2025-05-23,0.82898847481569,1.8402231525788626,0.05561138479111705,GJR_GARCH_1_1,"normal-likelihood GJR-GARCH(1,1) fitted on pre-E1 Brent daily returns",0.2722889628948916,0.0805957089502442,0.0,0.8383223805287457
2025-05-28,2.15326682983567,1.7802865911593984,0.021229838992743,GJR_GARCH_1_1,"normal-likelihood GJR-GARCH(1,1) fitted on pre-E1 Brent daily returns",0.2722889628948916,0.0805957089502442,0.0,0.8383223805287457
2025-05-29,-1.71888823805117,1.8194147560023766,0.043675017022564155,GJR_GARCH_1_1,"normal-likelihood GJR-GARCH(1,1) fitted on pre-E1 Brent daily returns",0.2722889628948916,0.0805957089502442,0.0,0.8383223805287457
2025-05-30,-0.4343785917845,1.8110013850627737,0.03884883594997546,GJR_GARCH_1_1,"normal-likelihood GJR-GARCH(1,1) fitted on pre-E1 Brent daily returns",0.2722889628948916,0.0805957089502442,0.0,0.8383223805287457
2025-06-02,3.4082919970409797,1.7422783853368362,-0.0005728944016034632,GJR_GARCH_1_1,"normal-likelihood GJR-GARCH(1,1) fitted on pre-E1 Brent daily returns",0.2722889628948916,0.0805957089502442,0.0,0.8383223805287457
2025-06-03,1.38777128366465,1.9403126245129945,0.11302593580539821,GJR_GARCH_1_1,"normal-likelihood GJR-GARCH(1,1) fitted on pre-E1 Brent daily returns",0.2722889628948916,0.0805957089502442,0.0,0.8383223805287457
2025-06-04,-1.17762410335524,1.894294690080799,0.08662856360457494,GJR_GARCH_1_1,"normal-likelihood GJR-GARCH(1,1) fitted on pre-E1 Brent daily returns",0.2722889628948916,0.0805957089502442,0.0,0.8383223805287457
2025-06-05,0.67249749076738,1.8407384842372116,0.055906995660230496,GJR_GARCH_1_1,"normal-likelihood GJR-GARCH(1,1) fitted on pre-E1 Brent daily returns",0.2722889628948916,0.0805957089502442,0.0,0.8383223805287457
2025-06-06,1.3021788027161,1.7752591994631173,0.018345964880539967,GJR_GARCH_1_1,"normal-likelihood GJR-GARCH(1,1) fitted on pre-E1 Brent daily returns",0.2722889628948916,0.0805957089502442,0.0,0.8383223805287457
2025-06-09,1.03840055544646,1.7479677283941668,0.0026906963726371913,GJR_GARCH_1_1,"normal-likelihood GJR-GARCH(1,1) fitted on pre-E1 Brent daily returns",0.2722889628948916,0.0805957089502442,0.0,0.8383223805287457
2025-06-10,-0.46667723606077005,1.7100099558993196,-0.019083106837435526,GJR_GARCH_1_1,"normal-likelihood GJR-GARCH(1,1) fitted on pre-E1 Brent daily returns",0.2722889628948916,0.0805957089502442,0.0,0.8383223805287457
2025-06-11,4.12370523566307,1.6551948191571924,-0.050526838171204735,GJR_GARCH_1_1,"normal-likelihood GJR-GARCH(1,1) fitted on pre-E1 Brent daily returns",0.2722889628948916,0.0805957089502442,0.0,0.8383223805287457
2025-06-12,-0.6332252214904499,1.9883374834832013,0.14057454468519315,GJR_GARCH_1_1,"normal-likelihood GJR-GARCH(1,1) fitted on pre-E1 Brent daily returns",0.2722889628948916,0.0805957089502442,0.0,0.8383223805287457
2025-06-13,7.0309527371698195,1.9017888672501098,0.09092746546790598,GJR_GARCH_1_1,"normal-likelihood GJR-GARCH(1,1) fitted on pre-E1 Brent daily returns",0.2722889628948916,0.0805957089502442,0.0,0.8383223805287457
2025-06-16,-1.25787822068597,2.7041222994461425,0.5511718136806523,GJR_GARCH_1_1,"normal-likelihood GJR-GARCH(1,1) fitted on pre-E1 Brent daily returns",0.2722889628948916,0.0805957089502442,0.0,0.8383223805287457
2025-06-17,4.7488597343885806,2.5545352476096697,0.4653638535348228,GJR_GARCH_1_1,"normal-likelihood GJR-GARCH(1,1) fitted on pre-E1 Brent daily returns",0.2722889628948916,0.0805957089502442,0.0,0.8383223805287457
2025-06-18,-0.40743626518722,2.7525458972957053,0.5789491520490513,GJR_GARCH_1_1,"normal-likelihood GJR-GARCH(1,1) fitted on pre-E1 Brent daily returns",0.2722889628948916,0.0805957089502442,0.0,0.8383223805287457
2025-06-19,2.5072179453141796,2.5760213843357525,0.4776889949240324,GJR_GARCH_1_1,"normal-likelihood GJR-GARCH(1,1) fitted on pre-E1 Brent daily returns",0.2722889628948916,0.0805957089502442,0.0,0.8383223805287457
2025-06-20,-2.06166950282513,2.520005796018594,0.4455566458279461,GJR_GARCH_1_1,"normal-likelihood GJR-GARCH(1,1) fitted on pre-E1 Brent daily returns",0.2722889628948916,0.0805957089502442,0.0,0.8383223805287457
2025-06-23,-5.73751123272696,2.435497400254799,0.39707990291028383,GJR_GARCH_1_1,"normal-likelihood GJR-GARCH(1,1) fitted on pre-E1 Brent daily returns",0.2722889628948916,0.0805957089502442,0.0,0.8383223805287457
2025-06-24,-7.26603749119325,2.806908826885616,0.6101334827674685,GJR_GARCH_1_1,"normal-likelihood GJR-GARCH(1,1) fitted on pre-E1 Brent daily returns",0.2722889628948916,0.0805957089502442,0.0,0.8383223805287457
2025-06-25,-1.06159653286681,3.332838405506723,0.9118236609465757,GJR_GARCH_1_1,"normal-likelihood GJR-GARCH(1,1) fitted on pre-E1 Brent daily returns",0.2722889628948916,0.0805957089502442,0.0,0.8383223805287457
2025-06-26,0.24822966677681998,3.1099036988115976,0.7839411190262378,GJR_GARCH_1_1,"normal-likelihood GJR-GARCH(1,1) fitted on pre-E1 Brent daily returns",0.2722889628948916,0.0805957089502442,0.0,0.8383223805287457
2025-06-27,1.15993761009365,2.8958528015518334,0.6611546168808262,GJR_GARCH_1_1,"normal-likelihood GJR-GARCH(1,1) fitted on pre-E1 Brent daily returns",0.2722889628948916,0.0805957089502442,0.0,0.8383223805287457
2025-06-30,-1.77433392546682,2.7230158942575837,0.5620097893656328,GJR_GARCH_1_1,"normal-likelihood GJR-GARCH(1,1) fitted on pre-E1 Brent daily returns",0.2722889628948916,0.0805957089502442,0.0,0.8383223805287457
2025-07-01,-0.7659486555692899,2.5953962052298936,0.4888030174193383,GJR_GARCH_1_1,"normal-likelihood GJR-GARCH(1,1) fitted on pre-E1 Brent daily returns",0.2722889628948916,0.0805957089502442,0.0,0.8383223805287457
2025-07-02,4.580732911282491,2.442136807016156,0.400888480883953,GJR_GARCH_1_1,"normal-likelihood GJR-GARCH(1,1) fitted on pre-E1 Brent daily returns",0.2722889628948916,0.0805957089502442,0.0,0.8383223805287457
2025-07-03,-0.53816869727674,2.6417240522492094,0.5153781654810923,GJR_GARCH_1_1,"normal-likelihood GJR-GARCH(1,1) fitted on pre-E1 Brent daily returns",0.2722889628948916,0.0805957089502442,0.0,0.8383223805287457
2025-07-04,0.8625009282812099,2.4787611732505668,0.4218973992336781,GJR_GARCH_1_1,"normal-likelihood GJR-GARCH(1,1) fitted on pre-E1 Brent daily returns",0.2722889628948916,0.0805957089502442,0.0,0.8383223805287457
2025-07-07,1.2869110323658,2.3422334262110933,0.343580677746514,GJR_GARCH_1_1,"normal-likelihood GJR-GARCH(1,1) fitted on pre-E1 Brent daily returns",0.2722889628948916,0.0805957089502442,0.0,0.8383223805287457
2025-07-08,0.76151285272523,2.2381303770589605,0.2838638093208239,GJR_GARCH_1_1,"normal-likelihood GJR-GARCH(1,1) fitted on pre-E1 Brent daily returns",0.2722889628948916,0.0805957089502442,0.0,0.8383223805287457
2025-07-09,-0.71982592097441,2.1262591748871205,0.21969087764274442,GJR_GARCH_1_1,"normal-likelihood GJR-GARCH(1,1) fitted on pre-E1 Brent daily returns",0.2722889628948916,0.0805957089502442,0.0,0.8383223805287457
2025-07-10,-2.24791707574452,2.025263922564774,0.16175674176801857,GJR_GARCH_1_1,"normal-likelihood GJR-GARCH(1,1) fitted on pre-E1 Brent daily returns",0.2722889628948916,0.0805957089502442,0.0,0.8383223805287457
2025-07-11,2.35899734265077,2.0274477595663747,0.1630094611451154,GJR_GARCH_1_1,"normal-likelihood GJR-GARCH(1,1) fitted on pre-E1 Brent daily returns",0.2722889628948916,0.0805957089502442,0.0,0.8383223805287457
2025-07-14,-1.53827673186235,2.0432198131473327,0.17205682004735667,GJR_GARCH_1_1,"normal-likelihood GJR-GARCH(1,1) fitted on pre-E1 Brent daily returns",0.2722889628948916,0.0805957089502442,0.0,0.8383223805287457
2025-07-15,-0.97713727972177,1.9893800067778231,0.14117256968948166,GJR_GARCH_1_1,"normal-likelihood GJR-GARCH(1,1) fitted on pre-E1 Brent daily returns",0.2722889628948916,0.0805957089502442,0.0,0.8383223805287457
2025-07-16,-0.8575156162078299,1.9140932658311418,0.09798566556007571,GJR_GARCH_1_1,"normal-likelihood GJR-GARCH(1,1) fitted on pre-E1 Brent daily returns",0.2722889628948916,0.0805957089502442,0.0,0.8383223805287457
2025-07-17,2.34069839529116,1.843936725831942,0.05774161024704205,GJR_GARCH_1_1,"normal-likelihood GJR-GARCH(1,1) fitted on pre-E1 Brent daily returns",0.2722889628948916,0.0805957089502442,0.0,0.8383223805287457
2025-07-18,-0.36522024020584,1.8900198562259574,0.08417638095545565,GJR_GARCH_1_1,"normal-likelihood GJR-GARCH(1,1) fitted on pre-E1 Brent daily returns",0.2722889628948916,0.0805957089502442,0.0,0.8383223805287457
2025-07-21,1.20297995704845,1.8101041312896722,0.03833414223111564,GJR_GARCH_1_1,"normal-likelihood GJR-GARCH(1,1) fitted on pre-E1 Brent daily returns",0.2722889628948916,0.0805957089502442,0.0,0.8383223805287457
2025-07-22,-3.1497554712937603,1.7719370480615977,0.016440271629952763,GJR_GARCH_1_1,"normal-likelihood GJR-GARCH(1,1) fitted on pre-E1 Brent daily returns",0.2722889628948916,0.0805957089502442,0.0,0.8383223805287457
2025-07-23,-0.74895928379339,1.9218268726331453,0.10242191198717476,GJR_GARCH_1_1,"normal-likelihood GJR-GARCH(1,1) fitted on pre-E1 Brent daily returns",0.2722889628948916,0.0805957089502442,0.0,0.8383223805287457
2025-07-24,1.79100711144126,1.8469658193813527,0.0594791960566079,GJR_GARCH_1_1,"normal-likelihood GJR-GARCH(1,1) fitted on pre-E1 Brent daily returns",0.2722889628948916,0.0805957089502442,0.0,0.8383223805287457
2025-07-25,-1.7043019036972098,1.8429995875436838,0.05720403748320502,GJR_GARCH_1_1,"normal-likelihood GJR-GARCH(1,1) fitted on pre-E1 Brent daily returns",0.2722889628948916,0.0805957089502442,0.0,0.8383223805287457
2025-07-28,2.34129181322302,1.8297986385582587,0.049631547147164445,GJR_GARCH_1_1,"normal-likelihood GJR-GARCH(1,1) fitted on pre-E1 Brent daily returns",0.2722889628948916,0.0805957089502442,0.0,0.8383223805287457
2025-07-29,3.2484810836386604,1.8785257150448,0.0775829706550677,GJR_GARCH_1_1,"normal-likelihood GJR-GARCH(1,1) fitted on pre-E1 Brent daily returns",0.2722889628948916,0.0805957089502442,0.0,0.8383223805287457
2025-07-30,1.04627627457567,2.0228938666256413,0.16039720119902068,GJR_GARCH_1_1,"normal-likelihood GJR-GARCH(1,1) fitted on pre-E1 Brent daily returns",0.2722889628948916,0.0805957089502442,0.0,0.8383223805287457
2025-07-31,-0.7462214940788999,1.94796810260862,0.11741736508528544,GJR_GARCH_1_1,"normal-likelihood GJR-GARCH(1,1) fitted on pre-E1 Brent daily returns",0.2722889628948916,0.0805957089502442,0.0,0.8383223805287457
2025-08-01,-4.00108931646956,1.8696972357232708,0.0725186700189524,GJR_GARCH_1_1,"normal-likelihood GJR-GARCH(1,1) fitted on pre-E1 Brent daily returns",0.2722889628948916,0.0805957089502442,0.0,0.8383223805287457
2025-08-04,-1.41319888127409,2.1165165866385593,0.21410221462755485,GJR_GARCH_1_1,"normal-likelihood GJR-GARCH(1,1) fitted on pre-E1 Brent daily returns",0.2722889628948916,0.0805957089502442,0.0,0.8383223805287457
2025-08-05,-0.60562549926039,2.0454589147366478,0.17334124097536874,GJR_GARCH_1_1,"normal-likelihood GJR-GARCH(1,1) fitted on pre-E1 Brent daily returns",0.2722889628948916,0.0805957089502442,0.0,0.8383223805287457
2025-08-06,-1.70670031349313,1.951230725734156,0.11928891099577577,GJR_GARCH_1_1,"normal-likelihood GJR-GARCH(1,1) fitted on pre-E1 Brent daily returns",0.2722889628948916,0.0805957089502442,0.0,0.8383223805287457
2025-08-07,-1.4523076838370799,1.9217374028826435,0.10237058925107512,GJR_GARCH_1_1,"normal-likelihood GJR-GARCH(1,1) fitted on pre-E1 Brent daily returns",0.2722889628948916,0.0805957089502442,0.0,0.8383223805287457
2025-08-08,0.26833647585968,1.8797353358910291,0.0782768482072389,GJR_GARCH_1_1,"normal-likelihood GJR-GARCH(1,1) fitted on pre-E1 Brent daily returns",0.2722889628948916,0.0805957089502442,0.0,0.8383223805287457
2025-08-11,0.2824650655298,1.8003235977923169,0.032723712596714805,GJR_GARCH_1_1,"normal-likelihood GJR-GARCH(1,1) fitted on pre-E1 Brent daily returns",0.2722889628948916,0.0805957089502442,0.0,0.8383223805287457
2025-08-12,-0.83482893914705,1.7311408621006141,-0.006961737140624424,GJR_GARCH_1_1,"normal-likelihood GJR-GARCH(1,1) fitted on pre-E1 Brent daily returns",0.2722889628948916,0.0805957089502442,0.0,0.8383223805287457
2025-08-13,-0.82676156762691,1.68463763708096,-0.03363748768286545,GJR_GARCH_1_1,"normal-likelihood GJR-GARCH(1,1) fitted on pre-E1 Brent daily returns",0.2722889628948916,0.0805957089502442,0.0,0.8383223805287457
2025-08-14,2.78353909281561,1.644319841370997,-0.056765076367681466,GJR_GARCH_1_1,"normal-likelihood GJR-GARCH(1,1) fitted on pre-E1 Brent daily returns",0.2722889628948916,0.0805957089502442,0.0,0.8383223805287457
2025-08-15,-1.21106191438054,1.7812416689182964,0.02177770241585053,GJR_GARCH_1_1,"normal-likelihood GJR-GARCH(1,1) fitted on pre-E1 Brent daily returns",0.2722889628948916,0.0805957089502442,0.0,0.8383223805287457
2025-08-18,1.29910300590747,1.7453636427270822,0.001196908799486751,GJR_GARCH_1_1,"normal-likelihood GJR-GARCH(1,1) fitted on pre-E1 Brent daily returns",0.2722889628948916,0.0805957089502442,0.0,0.8383223805287457
2025-08-19,-2.31464339442233,1.722353536642613,-0.01200243059257422,GJR_GARCH_1_1,"normal-likelihood GJR-GARCH(1,1) fitted on pre-E1 Brent daily returns",0.2722889628948916,0.0805957089502442,0.0,0.8383223805287457
2025-08-20,1.47510683370528,1.7841521975365657,0.023447275554792757,GJR_GARCH_1_1,"normal-likelihood GJR-GARCH(1,1) fitted on pre-E1 Brent daily returns",0.2722889628948916,0.0805957089502442,0.0,0.8383223805287457
2025-08-21,1.17631116703202,1.7666970149519567,0.013434419541053844,GJR_GARCH_1_1,"normal-likelihood GJR-GARCH(1,1) fitted on pre-E1 Brent daily returns",0.2722889628948916,0.0805957089502442,0.0,0.8383223805287457
2025-08-22,-0.17556697999081,1.7333205541063617,-0.0057113954669090194,GJR_GARCH_1_1,"normal-likelihood GJR-GARCH(1,1) fitted on pre-E1 Brent daily returns",0.2722889628948916,0.0805957089502442,0.0,0.8383223805287457
2025-08-27,1.27749806294934,1.6711888581562324,-0.041352141269625386,GJR_GARCH_1_1,"normal-likelihood GJR-GARCH(1,1) fitted on pre-E1 Brent daily returns",0.2722889628948916,0.0805957089502442,0.0,0.8383223805287457
2025-08-28,1.26138369429895,1.6581594949293177,-0.048826204477467994,GJR_GARCH_1_1,"normal-likelihood GJR-GARCH(1,1) fitted on pre-E1 Brent daily returns",0.2722889628948916,0.0805957089502442,0.0,0.8383223805287457
2025-08-29,-1.14337217448117,1.64613953143346,-0.05572124342598883,GJR_GARCH_1_1,"normal-likelihood GJR-GARCH(1,1) fitted on pre-E1 Brent daily returns",0.2722889628948916,0.0805957089502442,0.0,0.8383223805287457
2025-09-01,-1.09695733831909,1.6264979802813262,-0.06698827100473292,GJR_GARCH_1_1,"normal-likelihood GJR-GARCH(1,1) fitted on pre-E1 Brent daily returns",0.2722889628948916,0.0805957089502442,0.0,0.8383223805287457
2025-09-02,1.47953579200779,1.6072910257527124,-0.0780059999356818,GJR_GARCH_1_1,"normal-likelihood GJR-GARCH(1,1) fitted on pre-E1 Brent daily returns",0.2722889628948916,0.0805957089502442,0.0,0.8383223805287457
2025-09-03,-0.48583091510758003,1.618471480793644,-0.07159253012805922,GJR_GARCH_1_1,"normal-likelihood GJR-GARCH(1,1) fitted on pre-E1 Brent daily returns",0.2722889628948916,0.0805957089502442,0.0,0.8383223805287457
2025-09-04,-2.01244027911773,1.5765951163943297,-0.09561416410849743,GJR_GARCH_1_1,"normal-likelihood GJR-GARCH(1,1) fitted on pre-E1 Brent daily returns",0.2722889628948916,0.0805957089502442,0.0,0.8383223805287457
2025-09-05,-2.26919049062317,1.6357627709904603,-0.0616736880768074,GJR_GARCH_1_1,"normal-likelihood GJR-GARCH(1,1) fitted on pre-E1 Brent daily returns",0.2722889628948916,0.0805957089502442,0.0,0.8383223805287457
2025-09-08,0.79779496481018,1.709617336314307,-0.019308326101333262,GJR_GARCH_1_1,"normal-likelihood GJR-GARCH(1,1) fitted on pre-E1 Brent daily returns",0.2722889628948916,0.0805957089502442,0.0,0.8383223805287457
2025-09-09,3.79327390640549,1.6662995057611694,-0.04415683158408612,GJR_GARCH_1_1,"normal-likelihood GJR-GARCH(1,1) fitted on pre-E1 Brent daily returns",0.2722889628948916,0.0805957089502442,0.0,0.8383223805287457
2025-09-10,-0.51626340788066,1.9422801993851002,0.11415460024618262,GJR_GARCH_1_1,"normal-likelihood GJR-GARCH(1,1) fitted on pre-E1 Brent daily returns",0.2722889628948916,0.0805957089502442,0.0,0.8383223805287457
2025-09-11,-0.54867787977919,1.8586541164666694,0.06618398044908247,GJR_GARCH_1_1,"normal-likelihood GJR-GARCH(1,1) fitted on pre-E1 Brent daily returns",0.2722889628948916,0.0805957089502442,0.0,0.8383223805287457
2025-09-12,0.91770922337186,1.7862813518223604,0.024668627161477996,GJR_GARCH_1_1,"normal-likelihood GJR-GARCH(1,1) fitted on pre-E1 Brent daily returns",0.2722889628948916,0.0805957089502442,0.0,0.8383223805287457
2025-09-15,0.014732965035860001,1.7373015316276494,-0.003427778293535355,GJR_GARCH_1_1,"normal-likelihood GJR-GARCH(1,1) fitted on pre-E1 Brent daily returns",0.2722889628948916,0.0805957089502442,0.0,0.8383223805287457
2025-09-16,2.63153950844019,1.674105725242826,-0.03967893218070828,GJR_GARCH_1_1,"normal-likelihood GJR-GARCH(1,1) fitted on pre-E1 Brent daily returns",0.2722889628948916,0.0805957089502442,0.0,0.8383223805287457
2025-09-17,-0.72004919397077,1.7857304784976646,0.02435262844560948,GJR_GARCH_1_1,"normal-likelihood GJR-GARCH(1,1) fitted on pre-E1 Brent daily returns",0.2722889628948916,0.0805957089502442,0.0,0.8383223805287457
2025-09-18,-1.98517685527317,1.7277014690520247,-0.008934683983388814,GJR_GARCH_1_1,"normal-likelihood GJR-GARCH(1,1) fitted on pre-E1 Brent daily returns",0.2722889628948916,0.0805957089502442,0.0,0.8383223805287457
2025-09-19,-1.15659652303001,1.7565882604665486,0.0076357117561305365,GJR_GARCH_1_1,"normal-likelihood GJR-GARCH(1,1) fitted on pre-E1 Brent daily returns",0.2722889628948916,0.0805957089502442,0.0,0.8383223805287457
2025-09-22,-0.26881736618005003,1.7213269854375053,-0.012591293490894051,GJR_GARCH_1_1,"normal-likelihood GJR-GARCH(1,1) fitted on pre-E1 Brent daily returns",0.2722889628948916,0.0805957089502442,0.0,0.8383223805287457
2025-09-23,1.6168860737844002,1.661674695081903,-0.046809772233536884,GJR_GARCH_1_1,"normal-likelihood GJR-GARCH(1,1) fitted on pre-E1 Brent daily returns",0.2722889628948916,0.0805957089502442,0.0,0.8383223805287457
2025-09-24,2.44198180962564,1.6742836380555182,-0.039576875650056076,GJR_GARCH_1_1,"normal-likelihood GJR-GARCH(1,1) fitted on pre-E1 Brent daily returns",0.2722889628948916,0.0805957089502442,0.0,0.8383223805287457
2025-09-25,1.19898667279363,1.763854429321353,0.011803820692374067,GJR_GARCH_1_1,"normal-likelihood GJR-GARCH(1,1) fitted on pre-E1 Brent daily returns",0.2722889628948916,0.0805957089502442,0.0,0.8383223805287457
2025-09-26,0.94613429079375,1.7321675109283752,-0.006372818242800338,GJR_GARCH_1_1,"normal-likelihood GJR-GARCH(1,1) fitted on pre-E1 Brent daily returns",0.2722889628948916,0.0805957089502442,0.0,0.8383223805287457
2025-09-29,-3.06838199386021,1.6920308976703926,-0.029396474826356322,GJR_GARCH_1_1,"normal-likelihood GJR-GARCH(1,1) fitted on pre-E1 Brent daily returns",0.2722889628948916,0.0805957089502442,0.0,0.8383223805287457
2025-09-30,-0.69808311413401,1.8495596905136766,0.060967124242993886,GJR_GARCH_1_1,"normal-likelihood GJR-GARCH(1,1) fitted on pre-E1 Brent daily returns",0.2722889628948916,0.0805957089502442,0.0,0.8383223805287457
2025-10-01,-2.73705968259507,1.7824248204617552,0.022456396321781424,GJR_GARCH_1_1,"normal-likelihood GJR-GARCH(1,1) fitted on pre-E1 Brent daily returns",0.2722889628948916,0.0805957089502442,0.0,0.8383223805287457
2025-10-02,-1.86213843354767,1.8788977208865552,0.07779636521062216,GJR_GARCH_1_1,"normal-likelihood GJR-GARCH(1,1) fitted on pre-E1 Brent daily returns",0.2722889628948916,0.0805957089502442,0.0,0.8383223805287457
2025-10-03,1.04888093920791,1.8721663167323817,0.07393501456365414,GJR_GARCH_1_1,"normal-likelihood GJR-GARCH(1,1) fitted on pre-E1 Brent daily returns",0.2722889628948916,0.0805957089502442,0.0,0.8383223805287457
2025-10-06,1.4412499888226,1.817375921691601,0.04250547586819842,GJR_GARCH_1_1,"normal-likelihood GJR-GARCH(1,1) fitted on pre-E1 Brent daily returns",0.2722889628948916,0.0805957089502442,0.0,0.8383223805287457
2025-10-07,0.01490424028389,1.7926116929075178,0.028299915089650574,GJR_GARCH_1_1,"normal-likelihood GJR-GARCH(1,1) fitted on pre-E1 Brent daily returns",0.2722889628948916,0.0805957089502442,0.0,0.8383223805287457
2025-10-08,0.47576658282784,1.72229645711085,-0.012035173253964526,GJR_GARCH_1_1,"normal-likelihood GJR-GARCH(1,1) fitted on pre-E1 Brent daily returns",0.2722889628948916,0.0805957089502442,0.0,0.8383223805287457
2025-10-09,-0.28221333249689,1.6670009405238735,-0.04375446596871979,GJR_GARCH_1_1,"normal-likelihood GJR-GARCH(1,1) fitted on pre-E1 Brent daily returns",0.2722889628948916,0.0805957089502442,0.0,0.8383223805287457
2025-10-10,-4.28506759221463,1.6147441889695673,-0.07373062499901029,GJR_GARCH_1_1,"normal-likelihood GJR-GARCH(1,1) fitted on pre-E1 Brent daily returns",0.2722889628948916,0.0805957089502442,0.0,0.8383223805287457
2025-10-13,-0.40448094971541,1.980806362419924,0.13625445061209396,GJR_GARCH_1_1,"normal-likelihood GJR-GARCH(1,1) fitted on pre-E1 Brent daily returns",0.2722889628948916,0.0805957089502442,0.0,0.8383223805287457
2025-10-14,-1.80893646701125,1.8903392011650677,0.08435956751787232,GJR_GARCH_1_1,"normal-likelihood GJR-GARCH(1,1) fitted on pre-E1 Brent daily returns",0.2722889628948916,0.0805957089502442,0.0,0.8383223805287457
2025-10-15,-1.0691875570773601,1.8776576762978896,0.0770850356180075,GJR_GARCH_1_1,"normal-likelihood GJR-GARCH(1,1) fitted on pre-E1 Brent daily returns",0.2722889628948916,0.0805957089502442,0.0,0.8383223805287457
2025-10-16,-2.02583704703274,1.8211094893588142,0.044647170765295785,GJR_GARCH_1_1,"normal-likelihood GJR-GARCH(1,1) fitted on pre-E1 Brent daily returns",0.2722889628948916,0.0805957089502442,0.0,0.8383223805287457
2025-10-17,0.24527851394315,1.8375262500529528,0.05406435447252078,GJR_GARCH_1_1,"normal-likelihood GJR-GARCH(1,1) fitted on pre-E1 Brent daily returns",0.2722889628948916,0.0805957089502442,0.0,0.8383223805287457
2025-10-20,-0.85288363475202,1.7631217075533743,0.011383507841142615,GJR_GARCH_1_1,"normal-likelihood GJR-GARCH(1,1) fitted on pre-E1 Brent daily returns",0.2722889628948916,0.0805957089502442,0.0,0.8383223805287457
2025-10-21,0.47654350309684,1.712915933204115,-0.01741614447877393,GJR_GARCH_1_1,"normal-likelihood GJR-GARCH(1,1) fitted on pre-E1 Brent daily returns",0.2722889628948916,0.0805957089502442,0.0,0.8383223805287457
2025-10-22,2.0766482792486,1.6588972870859071,-0.04840298308770674,GJR_GARCH_1_1,"normal-likelihood GJR-GARCH(1,1) fitted on pre-E1 Brent daily returns",0.2722889628948916,0.0805957089502442,0.0,0.8383223805287457
2025-10-23,6.285116386124209,1.7128655556864063,-0.017445042648627007,GJR_GARCH_1_1,"normal-likelihood GJR-GARCH(1,1) fitted on pre-E1 Brent daily returns",0.2722889628948916,0.0805957089502442,0.0,0.8383223805287457
2025-10-24,-0.78716724957681,2.4365616313714327,0.39769038022179526,GJR_GARCH_1_1,"normal-likelihood GJR-GARCH(1,1) fitted on pre-E1 Brent daily returns",0.2722889628948916,0.0805957089502442,0.0,0.8383223805287457
2025-10-27,-0.42643987864571997,2.301431818746079,0.3201755590262714,GJR_GARCH_1_1,"normal-likelihood GJR-GARCH(1,1) fitted on pre-E1 Brent daily returns",0.2722889628948916,0.0805957089502442,0.0,0.8383223805287457
2025-10-28,-2.3003716014103204,2.1738884202371294,0.247012549783441,GJR_GARCH_1_1,"normal-likelihood GJR-GARCH(1,1) fitted on pre-E1 Brent daily returns",0.2722889628948916,0.0805957089502442,0.0,0.8383223805287457
2025-10-29,1.5189380685666398,2.157032748895122,0.23734359276483952,GJR_GARCH_1_1,"normal-likelihood GJR-GARCH(1,1) fitted on pre-E1 Brent daily returns",0.2722889628948916,0.0805957089502442,0.0,0.8383223805287457
2025-10-30,0.15370430323935,2.089003156047229,0.19831962297492423,GJR_GARCH_1_1,"normal-likelihood GJR-GARCH(1,1) fitted on pre-E1 Brent daily returns",0.2722889628948916,0.0805957089502442,0.0,0.8383223805287457
2025-10-31,0.5055545045720999,1.983212161964919,0.13763449486686996,GJR_GARCH_1_1,"normal-likelihood GJR-GARCH(1,1) fitted on pre-E1 Brent daily returns",0.2722889628948916,0.0805957089502442,0.0,0.8383223805287457
2025-11-03,0.53341588034143,1.8952202806502159,0.08715951222423701,GJR_GARCH_1_1,"normal-likelihood GJR-GARCH(1,1) fitted on pre-E1 Brent daily returns",0.2722889628948916,0.0805957089502442,0.0,0.8383223805287457
2025-11-04,-1.14653858583508,1.8188436303684572,0.043347400928577695,GJR_GARCH_1_1,"normal-likelihood GJR-GARCH(1,1) fitted on pre-E1 Brent daily returns",0.2722889628948916,0.0805957089502442,0.0,0.8383223805287457
2025-11-05,-2.3332836398185197,1.7741858906616605,0.01773028031607482,GJR_GARCH_1_1,"normal-likelihood GJR-GARCH(1,1) fitted on pre-E1 Brent daily returns",0.2722889628948916,0.0805957089502442,0.0,0.8383223805287457
2025-11-06,-0.20480511294298,1.8281278099359142,0.04867310593132057,GJR_GARCH_1_1,"normal-likelihood GJR-GARCH(1,1) fitted on pre-E1 Brent daily returns",0.2722889628948916,0.0805957089502442,0.0,0.8383223805287457
2025-11-07,0.48769073299075005,1.7540611234680228,0.006186064422418758,GJR_GARCH_1_1,"normal-likelihood GJR-GARCH(1,1) fitted on pre-E1 Brent daily returns",0.2722889628948916,0.0805957089502442,0.0,0.8383223805287457
2025-11-10,-1.12050410878836,1.6948245649486284,-0.02779393712320255,GJR_GARCH_1_1,"normal-likelihood GJR-GARCH(1,1) fitted on pre-E1 Brent daily returns",0.2722889628948916,0.0805957089502442,0.0,0.8383223805287457
2025-11-11,1.33997433326715,1.6666606197746943,-0.043949684932686583,GJR_GARCH_1_1,"normal-likelihood GJR-GARCH(1,1) fitted on pre-E1 Brent daily returns",0.2722889628948916,0.0805957089502442,0.0,0.8383223805287457
2025-11-12,-3.1496161581769897,1.6583764853775635,-0.04870173175401693,GJR_GARCH_1_1,"normal-likelihood GJR-GARCH(1,1) fitted on pre-E1 Brent daily returns",0.2722889628948916,0.0805957089502442,0.0,0.8383223805287457
2025-11-13,0.41928782600351,1.8348790644432935,0.0525458433814634,GJR_GARCH_1_1,"normal-likelihood GJR-GARCH(1,1) fitted on pre-E1 Brent daily returns",0.2722889628948916,0.0805957089502442,0.0,0.8383223805287457
2025-11-14,2.08622901954962,1.7636199884515156,0.011669337843968508,GJR_GARCH_1_1,"normal-likelihood GJR-GARCH(1,1) fitted on pre-E1 Brent daily returns",0.2722889628948916,0.0805957089502442,0.0,0.8383223805287457
2025-11-17,-0.45810047729561,1.7993395155898781,0.032159211288811385,GJR_GARCH_1_1,"normal-likelihood GJR-GARCH(1,1) fitted on pre-E1 Brent daily returns",0.2722889628948916,0.0805957089502442,0.0,0.8383223805287457
2025-11-18,2.65599114917307,1.7325888468744495,-0.006131126347513338,GJR_GARCH_1_1,"normal-likelihood GJR-GARCH(1,1) fitted on pre-E1 Brent daily returns",0.2722889628948916,0.0805957089502442,0.0,0.8383223805287457
2025-11-19,-1.6791439297260302,1.8347638469192284,0.05247975089156065,GJR_GARCH_1_1,"normal-likelihood GJR-GARCH(1,1) fitted on pre-E1 Brent daily returns",0.2722889628948916,0.0805957089502442,0.0,0.8383223805287457
2025-11-20,-0.21974581123256,1.8209875132491047,0.04457720133256604,GJR_GARCH_1_1,"normal-likelihood GJR-GARCH(1,1) fitted on pre-E1 Brent daily returns",0.2722889628948916,0.0805957089502442,0.0,0.8383223805287457
2025-11-21,-1.36056520557783,1.7479554121087955,0.0026836313538984857,GJR_GARCH_1_1,"normal-likelihood GJR-GARCH(1,1) fitted on pre-E1 Brent daily returns",0.2722889628948916,0.0805957089502442,0.0,0.8383223805287457
2025-11-24,3.2131907773097197,1.725773868859797,-0.010040417657801948,GJR_GARCH_1_1,"normal-likelihood GJR-GARCH(1,1) fitted on pre-E1 Brent daily returns",0.2722889628948916,0.0805957089502442,0.0,0.8383223805287457
2025-11-25,-1.3041638035535799,1.9005400110123989,0.09021108122904464,GJR_GARCH_1_1,"normal-likelihood GJR-GARCH(1,1) fitted on pre-E1 Brent daily returns",0.2722889628948916,0.0805957089502442,0.0,0.8383223805287457
2025-11-26,1.27330912882559,1.8528546093154634,0.06285719599557127,GJR_GARCH_1_1,"normal-likelihood GJR-GARCH(1,1) fitted on pre-E1 Brent daily returns",0.2722889628948916,0.0805957089502442,0.0,0.8383223805287457
2025-11-27,-0.9768276757913599,1.8125423904527596,0.039732806370309515,GJR_GARCH_1_1,"normal-likelihood GJR-GARCH(1,1) fitted on pre-E1 Brent daily returns",0.2722889628948916,0.0805957089502442,0.0,0.8383223805287457
2025-11-28,-0.17154000307807998,1.7607049692342445,0.009997188752525865,GJR_GARCH_1_1,"normal-likelihood GJR-GARCH(1,1) fitted on pre-E1 Brent daily returns",0.2722889628948916,0.0805957089502442,0.0,0.8383223805287457
2025-12-01,0.23384530104380002,1.6949883065269749,-0.0277000096698804,GJR_GARCH_1_1,"normal-likelihood GJR-GARCH(1,1) fitted on pre-E1 Brent daily returns",0.2722889628948916,0.0805957089502442,0.0,0.8383223805287457
2025-12-02,-1.33241253259424,1.638904579677227,-0.05987144522710808,GJR_GARCH_1_1,"normal-likelihood GJR-GARCH(1,1) fitted on pre-E1 Brent daily returns",0.2722889628948916,0.0805957089502442,0.0,0.8383223805287457
2025-12-03,0.597862070311,1.6317641302279497,-0.06396743745534383,GJR_GARCH_1_1,"normal-likelihood GJR-GARCH(1,1) fitted on pre-E1 Brent daily returns",0.2722889628948916,0.0805957089502442,0.0,0.8383223805287457
2025-12-04,0.62549070231092,1.5922661599340975,-0.08662474782550278,GJR_GARCH_1_1,"normal-likelihood GJR-GARCH(1,1) fitted on pre-E1 Brent daily returns",0.2722889628948916,0.0805957089502442,0.0,0.8383223805287457
2025-12-05,0.42000528414076,1.5592865744669695,-0.10554290230910701,GJR_GARCH_1_1,"normal-likelihood GJR-GARCH(1,1) fitted on pre-E1 Brent daily returns",0.2722889628948916,0.0805957089502442,0.0,0.8383223805287457
2025-12-08,-1.7538814752921998,1.5251997118516938,-0.12509622669700549,GJR_GARCH_1_1,"normal-likelihood GJR-GARCH(1,1) fitted on pre-E1 Brent daily returns",0.2722889628948916,0.0805957089502442,0.0,0.8383223805287457
2025-12-09,-1.08006132518712,1.5698608023047742,-0.09947718398830485,GJR_GARCH_1_1,"normal-likelihood GJR-GARCH(1,1) fitted on pre-E1 Brent daily returns",0.2722889628948916,0.0805957089502442,0.0,0.8383223805287457
2025-12-10,0.79529606393595,1.5584328947399588,-0.10603260054898345,GJR_GARCH_1_1,"normal-likelihood GJR-GARCH(1,1) fitted on pre-E1 Brent daily returns",0.2722889628948916,0.0805957089502442,0.0,0.8383223805287457
2025-12-11,-2.00022669947212,1.5368890091459482,-0.11839086855240721,GJR_GARCH_1_1,"normal-likelihood GJR-GARCH(1,1) fitted on pre-E1 Brent daily returns",0.2722889628948916,0.0805957089502442,0.0,0.8383223805287457
2025-12-12,0.3871597028314,1.6025523630550742,-0.08072424977690451,GJR_GARCH_1_1,"normal-likelihood GJR-GARCH(1,1) fitted on pre-E1 Brent daily returns",0.2722889628948916,0.0805957089502442,0.0,0.8383223805287457
2025-12-15,-0.90571539407493,1.5616237312466876,-0.10420223375961346,GJR_GARCH_1_1,"normal-likelihood GJR-GARCH(1,1) fitted on pre-E1 Brent daily returns",0.2722889628948916,0.0805957089502442,0.0,0.8383223805287457
2025-12-16,-2.6672638160368503,1.5426516303164355,-0.11508524308775636,GJR_GARCH_1_1,"normal-likelihood GJR-GARCH(1,1) fitted on pre-E1 Brent daily returns",0.2722889628948916,0.0805957089502442,0.0,0.8383223805287457
2025-12-17,1.12826814930997,1.6827736042028274,-0.03470675709458004,GJR_GARCH_1_1,"normal-likelihood GJR-GARCH(1,1) fitted on pre-E1 Brent daily returns",0.2722889628948916,0.0805957089502442,0.0,0.8383223805287457
2025-12-18,0.13190438845702002,1.6591044422393004,-0.048284152206770514,GJR_GARCH_1_1,"normal-likelihood GJR-GARCH(1,1) fitted on pre-E1 Brent daily returns",0.2722889628948916,0.0805957089502442,0.0,0.8383223805287457
2025-12-19,1.08162313091568,1.6067858362574763,-0.07829579293274347,GJR_GARCH_1_1,"normal-likelihood GJR-GARCH(1,1) fitted on pre-E1 Brent daily returns",0.2722889628948916,0.0805957089502442,0.0,0.8383223805287457
2025-12-22,1.40813203125702,1.5920458686030399,-0.08675111404185509,GJR_GARCH_1_1,"normal-likelihood GJR-GARCH(1,1) fitted on pre-E1 Brent daily returns",0.2722889628948916,0.0805957089502442,0.0,0.8383223805287457
2025-12-23,2.35080711086261,1.6005318997118856,-0.0818832527514265,GJR_GARCH_1_1,"normal-likelihood GJR-GARCH(1,1) fitted on pre-E1 Brent daily returns",0.2722889628948916,0.0805957089502442,0.0,0.8383223805287457
2025-12-24,0.0,1.6950462203369365,-0.027666788439592915,GJR_GARCH_1_1,"normal-likelihood GJR-GARCH(1,1) fitted on pre-E1 Brent daily returns",0.2722889628948916,0.0805957089502442,0.0,0.8383223805287457
2025-12-30,-1.27593437537605,1.6373688552850032,-0.06075238629670665,GJR_GARCH_1_1,"normal-likelihood GJR-GARCH(1,1) fitted on pre-E1 Brent daily returns",0.2722889628948916,0.0805957089502442,0.0,0.8383223805287457
2025-12-31,-1.53662546364863,1.6268846838919213,-0.06676644533467113,GJR_GARCH_1_1,"normal-likelihood GJR-GARCH(1,1) fitted on pre-E1 Brent daily returns",0.2722889628948916,0.0805957089502442,0.0,0.8383223805287457
2026-01-05,1.63229740319303,1.6359333933980453,-0.06157581355778796,GJR_GARCH_1_1,"normal-likelihood GJR-GARCH(1,1) fitted on pre-E1 Brent daily returns",0.2722889628948916,0.0805957089502442,0.0,0.8383223805287457
2026-01-06,-1.43887374520996,1.6541320044822525,-0.051136502966051656,GJR_GARCH_1_1,"normal-likelihood GJR-GARCH(1,1) fitted on pre-E1 Brent daily returns",0.2722889628948916,0.0805957089502442,0.0,0.8383223805287457
2026-01-07,-1.65615085890014,1.6516993732576655,-0.05253193873810669,GJR_GARCH_1_1,"normal-likelihood GJR-GARCH(1,1) fitted on pre-E1 Brent daily returns",0.2722889628948916,0.0805957089502442,0.0,0.8383223805287457
2026-01-08,3.6332560760062105,1.6657836275213713,-0.044452755989957016,GJR_GARCH_1_1,"normal-likelihood GJR-GARCH(1,1) fitted on pre-E1 Brent daily returns",0.2722889628948916,0.0805957089502442,0.0,0.8383223805287457
2026-01-09,2.7561106138277203,1.9169490042229547,0.09962380925702807,GJR_GARCH_1_1,"normal-likelihood GJR-GARCH(1,1) fitted on pre-E1 Brent daily returns",0.2722889628948916,0.0805957089502442,0.0,0.8383223805287457
2026-01-12,0.4444111214382,1.9935935724114142,0.14358960690975042,GJR_GARCH_1_1,"normal-likelihood GJR-GARCH(1,1) fitted on pre-E1 Brent daily returns",0.2722889628948916,0.0805957089502442,0.0,0.8383223805287457
2026-01-13,3.27898228229912,1.9030455478883817,0.09164833803542427,GJR_GARCH_1_1,"normal-likelihood GJR-GARCH(1,1) fitted on pre-E1 Brent daily returns",0.2722889628948916,0.0805957089502442,0.0,0.8383223805287457
2026-01-14,1.89085882704631,2.0459669838240138,0.17363268579940128,GJR_GARCH_1_1,"normal-likelihood GJR-GARCH(1,1) fitted on pre-E1 Brent daily returns",0.2722889628948916,0.0805957089502442,0.0,0.8383223805287457
2026-01-15,-4.01446188411718,2.0189257910220024,0.15812098498195848,GJR_GARCH_1_1,"normal-likelihood GJR-GARCH(1,1) fitted on pre-E1 Brent daily returns",0.2722889628948916,0.0805957089502442,0.0,0.8383223805287457
2026-01-16,1.2168707206523501,2.2304056575688445,0.2794326609426192,GJR_GARCH_1_1,"normal-likelihood GJR-GARCH(1,1) fitted on pre-E1 Brent daily returns",0.2722889628948916,0.0805957089502442,0.0,0.8383223805287457
2026-01-19,-0.08963251272335,2.136862915807063,0.22577352561985542,GJR_GARCH_1_1,"normal-likelihood GJR-GARCH(1,1) fitted on pre-E1 Brent daily returns",0.2722889628948916,0.0805957089502442,0.0,0.8383223805287457
2026-01-20,1.14422825032427,2.0249945500062405,0.1616022209757224,GJR_GARCH_1_1,"normal-likelihood GJR-GARCH(1,1) fitted on pre-E1 Brent daily returns",0.2722889628948916,0.0805957089502442,0.0,0.8383223805287457
2026-01-21,-1.42859572474769,1.954311034115845,0.12105587528585215,GJR_GARCH_1_1,"normal-likelihood GJR-GARCH(1,1) fitted on pre-E1 Brent daily returns",0.2722889628948916,0.0805957089502442,0.0,0.8383223805287457
2026-01-22,-1.9065488977457,1.9062589849102638,0.0934916692096106,GJR_GARCH_1_1,"normal-likelihood GJR-GARCH(1,1) fitted on pre-E1 Brent daily returns",0.2722889628948916,0.0805957089502442,0.0,0.8383223805287457
2026-01-23,4.04186134480264,1.8987281039641952,0.0891717128754912,GJR_GARCH_1_1,"normal-likelihood GJR-GARCH(1,1) fitted on pre-E1 Brent daily returns",0.2722889628948916,0.0805957089502442,0.0,0.8383223805287457
2026-01-26,-0.67717026028315,2.150561418211073,0.2336314286529726,GJR_GARCH_1_1,"normal-likelihood GJR-GARCH(1,1) fitted on pre-E1 Brent daily returns",0.2722889628948916,0.0805957089502442,0.0,0.8383223805287457
2026-01-27,3.74010834006677,2.0455237251310945,0.1733784183090714,GJR_GARCH_1_1,"normal-likelihood GJR-GARCH(1,1) fitted on pre-E1 Brent daily returns",0.2722889628948916,0.0805957089502442,0.0,0.8383223805287457
2026-01-28,0.8783170219184699,2.2181133499191956,0.2723813965988684,GJR_GARCH_1_1,"normal-likelihood GJR-GARCH(1,1) fitted on pre-E1 Brent daily returns",0.2722889628948916,0.0805957089502442,0.0,0.8383223805287457
2026-01-29,0.14094435032339,2.1123518407370354,0.21171318198102496,GJR_GARCH_1_1,"normal-likelihood GJR-GARCH(1,1) fitted on pre-E1 Brent daily returns",0.2722889628948916,0.0805957089502442,0.0,0.8383223805287457
2026-01-30,1.7452449951226,2.0037516289070787,0.149416595918745,GJR_GARCH_1_1,"normal-likelihood GJR-GARCH(1,1) fitted on pre-E1 Brent daily returns",0.2722889628948916,0.0805957089502442,0.0,0.8383223805287457
2026-02-02,-6.4750769727607,1.9722011973725686,0.13131825025005361,GJR_GARCH_1_1,"normal-likelihood GJR-GARCH(1,1) fitted on pre-E1 Brent daily returns",0.2722889628948916,0.0805957089502442,0.0,0.8383223805287457
2026-02-03,3.3256531724171903,2.6249398345482495,0.505750196576823,GJR_GARCH_1_1,"normal-likelihood GJR-GARCH(1,1) fitted on pre-E1 Brent daily returns",0.2722889628948916,0.0805957089502442,0.0,0.8383223805287457
2026-02-04,1.6152235546755302,2.6365182148875776,0.5123919291767569,GJR_GARCH_1_1,"normal-likelihood GJR-GARCH(1,1) fitted on pre-E1 Brent daily returns",0.2722889628948916,0.0805957089502442,0.0,0.8383223805287457
2026-02-05,-1.81539519715023,2.5130484884304196,0.4415657096812735,GJR_GARCH_1_1,"normal-likelihood GJR-GARCH(1,1) fitted on pre-E1 Brent daily returns",0.2722889628948916,0.0805957089502442,0.0,0.8383223805287457
2026-02-06,0.82668657803299,2.4137457727231086,0.38460246742752147,GJR_GARCH_1_1,"normal-likelihood GJR-GARCH(1,1) fitted on pre-E1 Brent daily returns",0.2722889628948916,0.0805957089502442,0.0,0.8383223805287457
2026-02-09,1.04491207710921,2.2835061348859234,0.3098928082976824,GJR_GARCH_1_1,"normal-likelihood GJR-GARCH(1,1) fitted on pre-E1 Brent daily returns",0.2722889628948916,0.0805957089502442,0.0,0.8383223805287457
2026-02-10,-0.25316469217795,2.176050315524136,0.24825268268498224,GJR_GARCH_1_1,"normal-likelihood GJR-GARCH(1,1) fitted on pre-E1 Brent daily returns",0.2722889628948916,0.0805957089502442,0.0,0.8383223805287457
2026-02-11,0.71564186712569,2.0606445127259656,0.18205219002517325,GJR_GARCH_1_1,"normal-likelihood GJR-GARCH(1,1) fitted on pre-E1 Brent daily returns",0.2722889628948916,0.0805957089502442,0.0,0.8383223805287457
2026-02-12,-2.4343121096932396,1.968691440764312,0.12930494059881403,GJR_GARCH_1_1,"normal-likelihood GJR-GARCH(1,1) fitted on pre-E1 Brent daily returns",0.2722889628948916,0.0805957089502442,0.0,0.8383223805287457
2026-02-13,0.22896403820746003,1.9977081620494257,0.1459498683049738,GJR_GARCH_1_1,"normal-likelihood GJR-GARCH(1,1) fitted on pre-E1 Brent daily returns",0.2722889628948916,0.0805957089502442,0.0,0.8383223805287457
2026-02-16,1.20765835132816,1.9033997180894202,0.09185150149190302,GJR_GARCH_1_1,"normal-likelihood GJR-GARCH(1,1) fitted on pre-E1 Brent daily returns",0.2722889628948916,0.0805957089502442,0.0,0.8383223805287457
2026-02-17,-1.47961157125378,1.8523297154436968,0.06255609993226652,GJR_GARCH_1_1,"normal-likelihood GJR-GARCH(1,1) fitted on pre-E1 Brent daily returns",0.2722889628948916,0.0805957089502442,0.0,0.8383223805287457
2026-02-18,2.84017677683161,1.8221324898268252,0.04523399684623364,GJR_GARCH_1_1,"normal-likelihood GJR-GARCH(1,1) fitted on pre-E1 Brent daily returns",0.2722889628948916,0.0805957089502442,0.0,0.8383223805287457
2026-02-19,1.91796151764771,1.9275394096816996,0.10569880758325745,GJR_GARCH_1_1,"normal-likelihood GJR-GARCH(1,1) fitted on pre-E1 Brent daily returns",0.2722889628948916,0.0805957089502442,0.0,0.8383223805287457
2026-02-20,-0.57565948443363,1.9209323153995108,0.10190876509037117,GJR_GARCH_1_1,"normal-likelihood GJR-GARCH(1,1) fitted on pre-E1 Brent daily returns",0.2722889628948916,0.0805957089502442,0.0,0.8383223805287457
2026-02-23,-1.1752641324600899,1.841326765428456,0.05624445273551282,GJR_GARCH_1_1,"normal-likelihood GJR-GARCH(1,1) fitted on pre-E1 Brent daily returns",0.2722889628948916,0.0805957089502442,0.0,0.8383223805287457
2026-02-24,-0.96430067329675,1.7949934067253204,0.029666142994056344,GJR_GARCH_1_1,"normal-likelihood GJR-GARCH(1,1) fitted on pre-E1 Brent daily returns",0.2722889628948916,0.0805957089502442,0.0,0.8383223805287457
2026-02-25,-0.73291378111708,1.7450190344418586,0.000999230366484971,GJR_GARCH_1_1,"normal-likelihood GJR-GARCH(1,1) fitted on pre-E1 Brent daily returns",0.2722889628948916,0.0805957089502442,0.0,0.8383223805287457
2026-02-26,1.36285916939451,1.692900879616863,-0.028897425107320962,GJR_GARCH_1_1,"normal-likelihood GJR-GARCH(1,1) fitted on pre-E1 Brent daily returns",0.2722889628948916,0.0805957089502442,0.0,0.8383223805287457
2026-02-27,-0.47559188818686005,1.6820160137573579,-0.035141335421738806,GJR_GARCH_1_1,"normal-likelihood GJR-GARCH(1,1) fitted on pre-E1 Brent daily returns",0.2722889628948916,0.0805957089502442,0.0,0.8383223805287457
2026-03-02,7.97406645653744,1.6311691923088811,-0.06430871304452035,GJR_GARCH_1_1,"normal-likelihood GJR-GARCH(1,1) fitted on pre-E1 Brent daily returns",0.2722889628948916,0.0805957089502442,0.0,0.8383223805287457
2026-03-03,7.52909667464001,2.766675614059456,0.5870544135543132,GJR_GARCH_1_1,"normal-likelihood GJR-GARCH(1,1) fitted on pre-E1 Brent daily returns",0.2722889628948916,0.0805957089502442,0.0,0.8383223805287457
2026-03-04,-2.0869478600458997,3.3590782727736905,0.9268756955781374,GJR_GARCH_1_1,"normal-likelihood GJR-GARCH(1,1) fitted on pre-E1 Brent daily returns",0.2722889628948916,0.0805957089502442,0.0,0.8383223805287457
2026-03-05,8.26800387176867,3.1741833535920954,0.8208140033292346,GJR_GARCH_1_1,"normal-likelihood GJR-GARCH(1,1) fitted on pre-E1 Brent daily returns",0.2722889628948916,0.0805957089502442,0.0,0.8383223805287457
2026-03-06,7.7617199540421495,3.77573743993242,1.1658848395582946,GJR_GARCH_1_1,"normal-likelihood GJR-GARCH(1,1) fitted on pre-E1 Brent daily returns",0.2722889628948916,0.0805957089502442,0.0,0.8383223805287457
2026-03-09,-1.46249121498041,4.135846064108902,1.3724547671833465,GJR_GARCH_1_1,"normal-likelihood GJR-GARCH(1,1) fitted on pre-E1 Brent daily returns",0.2722889628948916,0.0805957089502442,0.0,0.8383223805287457
2026-03-10,-4.89809613843705,3.844407204987122,1.2052760327845564,GJR_GARCH_1_1,"normal-likelihood GJR-GARCH(1,1) fitted on pre-E1 Brent daily returns",0.2722889628948916,0.0805957089502442,0.0,0.8383223805287457
2026-03-11,1.26093917116696,3.8182928043569566,1.1902959698647049,GJR_GARCH_1_1,"normal-likelihood GJR-GARCH(1,1) fitted on pre-E1 Brent daily returns",0.2722889628948916,0.0805957089502442,0.0,0.8383223805287457
2026-03-12,11.80516788875793,3.553438585425033,1.0383670429719563,GJR_GARCH_1_1,"normal-likelihood GJR-GARCH(1,1) fitted on pre-E1 Brent daily returns",0.2722889628948916,0.0805957089502442,0.0,0.8383223805287457
2026-03-13,0.82681274480611,4.704206268540507,1.6984845215745041,GJR_GARCH_1_1,"normal-likelihood GJR-GARCH(1,1) fitted on pre-E1 Brent daily returns",0.2722889628948916,0.0805957089502442,0.0,0.8383223805287457
2026-03-16,-2.14430304352628,4.345332267378679,1.4926228135522588,GJR_GARCH_1_1,"normal-likelihood GJR-GARCH(1,1) fitted on pre-E1 Brent daily returns",0.2722889628948916,0.0805957089502442,0.0,0.8383223805287457
2026-03-17,7.02193557854231,4.057684458558038,1.3276187479443649,GJR_GARCH_1_1,"normal-likelihood GJR-GARCH(1,1) fitted on pre-E1 Brent daily returns",0.2722889628948916,0.0805957089502442,0.0,0.8383223805287457
2026-03-18,8.57112117855312,4.25121182561469,1.4386322908657019,GJR_GARCH_1_1,"normal-likelihood GJR-GARCH(1,1) fitted on pre-E1 Brent daily returns",0.2722889628948916,0.0805957089502442,0.0,0.8383223805287457
2026-03-19,-6.14664952727537,4.623090121736427,1.6519536821288758,GJR_GARCH_1_1,"normal-likelihood GJR-GARCH(1,1) fitted on pre-E1 Brent daily returns",0.2722889628948916,0.0805957089502442,0.0,0.8383223805287457
2026-03-20,6.425707676319351,4.605869572171831,1.6420754191870843,GJR_GARCH_1_1,"normal-likelihood GJR-GARCH(1,1) fitted on pre-E1 Brent daily returns",0.2722889628948916,0.0805957089502442,0.0,0.8383223805287457
2026-03-23,-13.186800012643198,4.626658911307971,1.6540008549928662,GJR_GARCH_1_1,"normal-likelihood GJR-GARCH(1,1) fitted on pre-E1 Brent daily returns",0.2722889628948916,0.0805957089502442,0.0,0.8383223805287457
2026-03-24,4.36429468549945,5.67343588255828,2.254465905462682,GJR_GARCH_1_1,"normal-likelihood GJR-GARCH(1,1) fitted on pre-E1 Brent daily returns",0.2722889628948916,0.0805957089502442,0.0,0.8383223805287457
2026-03-25,0.66188879258932,5.367119619676929,2.078753012169777,GJR_GARCH_1_1,"normal-likelihood GJR-GARCH(1,1) fitted on pre-E1 Brent daily returns",0.2722889628948916,0.0805957089502442,0.0,0.8383223805287457
2026-03-26,3.8201742225663,4.945559365450322,1.8369324464881518,GJR_GARCH_1_1,"normal-likelihood GJR-GARCH(1,1) fitted on pre-E1 Brent daily returns",0.2722889628948916,0.0805957089502442,0.0,0.8383223805287457
2026-03-27,6.8834114728430995,4.686742807767792,1.6884669169249285,GJR_GARCH_1_1,"normal-likelihood GJR-GARCH(1,1) fitted on pre-E1 Brent daily returns",0.2722889628948916,0.0805957089502442,0.0,0.8383223805287457
2026-03-30,0.33696354053285,4.746419199225225,1.7226992208373302,GJR_GARCH_1_1,"normal-likelihood GJR-GARCH(1,1) fitted on pre-E1 Brent daily returns",0.2722889628948916,0.0805957089502442,0.0,0.8383223805287457
2026-03-31,3.8706203496453804,4.378213538240595,1.5114845716056755,GJR_GARCH_1_1,"normal-likelihood GJR-GARCH(1,1) fitted on pre-E1 Brent daily returns",0.2722889628948916,0.0805957089502442,0.0,0.8383223805287457
2026-04-01,-5.7924820198224705,4.190756053131056,1.4039529088458464,GJR_GARCH_1_1,"normal-likelihood GJR-GARCH(1,1) fitted on pre-E1 Brent daily returns",0.2722889628948916,0.0805957089502442,0.0,0.8383223805287457
2026-04-02,6.516040033014731,4.204757402482293,1.4119845346608408,GJR_GARCH_1_1,"normal-likelihood GJR-GARCH(1,1) fitted on pre-E1 Brent daily returns",0.2722889628948916,0.0805957089502442,0.0,0.8383223805287457
2026-04-08,-12.38519897710048,4.30555751599063,1.4698067326146718,GJR_GARCH_1_1,"normal-likelihood GJR-GARCH(1,1) fitted on pre-E1 Brent daily returns",0.2722889628948916,0.0805957089502442,0.0,0.8383223805287457
2026-04-09,-2.55467156651425,5.3041542377632,2.0426340371950804,GJR_GARCH_1_1,"normal-likelihood GJR-GARCH(1,1) fitted on pre-E1 Brent daily returns",0.2722889628948916,0.0805957089502442,0.0,0.8383223805287457
2026-04-10,0.03359932832953,4.937115385317708,1.8320887069946856,GJR_GARCH_1_1,"normal-likelihood GJR-GARCH(1,1) fitted on pre-E1 Brent daily returns",0.2722889628948916,0.0805957089502442,0.0,0.8383223805287457
2026-04-13,3.47466355487773,4.55046452710994,1.6102932974046067,GJR_GARCH_1_1,"normal-likelihood GJR-GARCH(1,1) fitted on pre-E1 Brent daily returns",0.2722889628948916,0.0805957089502442,0.0,0.8383223805287457
2026-04-14,-3.79431389434472,4.3146277528851185,1.475009713196215,GJR_GARCH_1_1,"normal-likelihood GJR-GARCH(1,1) fitted on pre-E1 Brent daily returns",0.2722889628948916,0.0805957089502442,0.0,0.8383223805287457
2026-04-15,-3.21918046877458,4.126265572620573,1.3669590881007299,GJR_GARCH_1_1,"normal-likelihood GJR-GARCH(1,1) fitted on pre-E1 Brent daily returns",0.2722889628948916,0.0805957089502442,0.0,0.8383223805287457
2026-04-16,1.4683283322290699,3.920462025104533,1.2489035319124038,GJR_GARCH_1_1,"normal-likelihood GJR-GARCH(1,1) fitted on pre-E1 Brent daily returns",0.2722889628948916,0.0805957089502442,0.0,0.8383223805287457
2026-04-17,-16.763105573705587,3.6518590131805015,1.0948241763848734,GJR_GARCH_1_1,"normal-likelihood GJR-GARCH(1,1) fitted on pre-E1 Brent daily returns",0.2722889628948916,0.0805957089502442,0.0,0.8383223805287457
2026-04-20,4.72294871084262,5.834658743197934,2.346948541028543,GJR_GARCH_1_1,"normal-likelihood GJR-GARCH(1,1) fitted on pre-E1 Brent daily returns",0.2722889628948916,0.0805957089502442,0.0,0.8383223805287457
2026-04-21,2.615401532542,5.5340089333424025,2.1744861080491367,GJR_GARCH_1_1,"normal-likelihood GJR-GARCH(1,1) fitted on pre-E1 Brent daily returns",0.2722889628948916,0.0805957089502442,0.0,0.8383223805287457
2026-04-22,6.65150853840685,5.1484253514697835,1.9533029226061789,GJR_GARCH_1_1,"normal-likelihood GJR-GARCH(1,1) fitted on pre-E1 Brent daily returns",0.2722889628948916,0.0805957089502442,0.0,0.8383223805287457
2026-04-23,-0.16762984206737,5.106988539781493,1.9295334302452622,GJR_GARCH_1_1,"normal-likelihood GJR-GARCH(1,1) fitted on pre-E1 Brent daily returns",0.2722889628948916,0.0805957089502442,0.0,0.8383223805287457
2026-04-24,-1.23496749697018,4.705166079220228,1.6990350999537283,GJR_GARCH_1_1,"normal-likelihood GJR-GARCH(1,1) fitted on pre-E1 Brent daily returns",0.2722889628948916,0.0805957089502442,0.0,0.8383223805287457
2026-04-27,1.79849808928178,4.35320024855238,1.4971361414552584,GJR_GARCH_1_1,"normal-likelihood GJR-GARCH(1,1) fitted on pre-E1 Brent daily returns",0.2722889628948916,0.0805957089502442,0.0,0.8383223805287457
2026-04-28,3.2226018745550498,4.052849584075401,1.3248453079184879,GJR_GARCH_1_1,"normal-likelihood GJR-GARCH(1,1) fitted on pre-E1 Brent daily returns",0.2722889628948916,0.0805957089502442,0.0,0.8383223805287457
2026-04-29,5.41119674030987,3.8587735566295382,1.213517035692489,GJR_GARCH_1_1,"normal-likelihood GJR-GARCH(1,1) fitted on pre-E1 Brent daily returns",0.2722889628948916,0.0805957089502442,0.0,0.8383223805287457
2026-04-30,0.06441224055224,3.8901459627022827,1.2315132602113845,GJR_GARCH_1_1,"normal-likelihood GJR-GARCH(1,1) fitted on pre-E1 Brent daily returns",0.2722889628948916,0.0805957089502442,0.0,0.8383223805287457
2026-05-01,-4.93295884477476,3.599917500543176,1.0650288485702033,GJR_GARCH_1_1,"normal-likelihood GJR-GARCH(1,1) fitted on pre-E1 Brent daily returns",0.2722889628948916,0.0805957089502442,0.0,0.8383223805287457
2026-05-06,-9.91600401897665,3.6167758893428004,1.0746993644101872,GJR_GARCH_1_1,"normal-likelihood GJR-GARCH(1,1) fitted on pre-E1 Brent daily returns",0.2722889628948916,0.0805957089502442,0.0,0.8383223805287457
2026-05-07,-1.82955667612914,4.373759718463712,1.5089297168557523,GJR_GARCH_1_1,"normal-likelihood GJR-GARCH(1,1) fitted on pre-E1 Brent daily returns",0.2722889628948916,0.0805957089502442,0.0,0.8383223805287457
2026-05-08,1.61718088436382,4.0709761726301545,1.3352433040631442,GJR_GARCH_1_1,"normal-likelihood GJR-GARCH(1,1) fitted on pre-E1 Brent daily returns",0.2722889628948916,0.0805957089502442,0.0,0.8383223805287457
2026-05-11,2.509793456767,3.7923538232311134,1.1754165332333648,GJR_GARCH_1_1,"normal-likelihood GJR-GARCH(1,1) fitted on pre-E1 Brent daily returns",0.2722889628948916,0.0805957089502442,0.0,0.8383223805287457
2026-05-12,4.83816995195107,3.584016726429839,1.0559076514167454,GJR_GARCH_1_1,"normal-likelihood GJR-GARCH(1,1) fitted on pre-E1 Brent daily returns",0.2722889628948916,0.0805957089502442,0.0,0.8383223805287457
2026-05-13,-0.9835405249413299,3.597723935321407,1.0637705487720863,GJR_GARCH_1_1,"normal-likelihood GJR-GARCH(1,1) fitted on pre-E1 Brent daily returns",0.2722889628948916,0.0805957089502442,0.0,0.8383223805287457
2026-05-14,0.5696475461054,3.346325652819368,0.9195603812420299,GJR_GARCH_1_1,"normal-likelihood GJR-GARCH(1,1) fitted on pre-E1 Brent daily returns",0.2722889628948916,0.0805957089502442,0.0,0.8383223805287457
2026-05-15,2.7128448013058,3.11253035211356,0.7854478521230175,GJR_GARCH_1_1,"normal-likelihood GJR-GARCH(1,1) fitted on pre-E1 Brent daily returns",0.2722889628948916,0.0805957089502442,0.0,0.8383223805287457
2026-05-18,2.40160660348642,2.999359696343588,0.7205295119273496,GJR_GARCH_1_1,"normal-likelihood GJR-GARCH(1,1) fitted on pre-E1 Brent daily returns",0.2722889628948916,0.0805957089502442,0.0,0.8383223805287457
2026-05-19,-1.80667921446557,2.8787078928697825,0.6513197439902128,GJR_GARCH_1_1,"normal-likelihood GJR-GARCH(1,1) fitted on pre-E1 Brent daily returns",0.2722889628948916,0.0805957089502442,0.0,0.8383223805287457
2026-05-20,-5.1091309425562,2.7343088976220185,0.5684878205235799,GJR_GARCH_1_1,"normal-likelihood GJR-GARCH(1,1) fitted on pre-E1 Brent daily returns",0.2722889628948916,0.0805957089502442,0.0,0.8383223805287457
2026-05-21,-2.87769542876539,2.9371022390997417,0.684816625388208,GJR_GARCH_1_1,"normal-likelihood GJR-GARCH(1,1) fitted on pre-E1 Brent daily returns",0.2722889628948916,0.0805957089502442,0.0,0.8383223805287457
2026-05-22,0.99652982242988,2.8569017410182074,0.6388110315980509,GJR_GARCH_1_1,"normal-likelihood GJR-GARCH(1,1) fitted on pre-E1 Brent daily returns",0.2722889628948916,0.0805957089502442,0.0,0.8383223805287457
2026-05-27,-5.64544967700815,2.6829118393492277,0.5390048093020887,GJR_GARCH_1_1,"normal-likelihood GJR-GARCH(1,1) fitted on pre-E1 Brent daily returns",0.2722889628948916,0.0805957089502442,0.0,0.8383223805287457
2026-05-28,-1.7032294596321,2.9759391311573036,0.7070947199488671,GJR_GARCH_1_1,"normal-likelihood GJR-GARCH(1,1) fitted on pre-E1 Brent daily returns",0.2722889628948916,0.0805957089502442,0.0,0.8383223805287457
2026-05-29,-2.75037246203053,2.8150930194262154,0.6148281997147433,GJR_GARCH_1_1,"normal-likelihood GJR-GARCH(1,1) fitted on pre-E1 Brent daily returns",0.2722889628948916,0.0805957089502442,0.0,0.8383223805287457
2026-06-01,5.66139551889017,2.7415709799348793,0.5726535852874908,GJR_GARCH_1_1,"normal-likelihood GJR-GARCH(1,1) fitted on pre-E1 Brent daily returns",0.2722889628948916,0.0805957089502442,0.0,0.8383223805287457
2026-06-02,0.20327276030727,3.029130900689094,0.7376072354643117,GJR_GARCH_1_1,"normal-likelihood GJR-GARCH(1,1) fitted on pre-E1 Brent daily returns",0.2722889628948916,0.0805957089502442,0.0,0.8383223805287457
2026-06-03,3.1973949621435502,2.8228495276741947,0.6192775831502897,GJR_GARCH_1_1,"normal-likelihood GJR-GARCH(1,1) fitted on pre-E1 Brent daily returns",0.2722889628948916,0.0805957089502442,0.0,0.8383223805287457
2026-06-04,-2.7011160279306097,2.7905592334337306,0.6007548283579041,GJR_GARCH_1_1,"normal-likelihood GJR-GARCH(1,1) fitted on pre-E1 Brent daily returns",0.2722889628948916,0.0805957089502442,0.0,0.8383223805287457
2026-06-05,-1.72216005364038,2.7165130698207136,0.5582795594208361,GJR_GARCH_1_1,"normal-likelihood GJR-GARCH(1,1) fitted on pre-E1 Brent daily returns",0.2722889628948916,0.0805957089502442,0.0,0.8383223805287457
2026-06-08,0.17458284280236,2.5868709540196155,0.4839126582130855,GJR_GARCH_1_1,"normal-likelihood GJR-GARCH(1,1) fitted on pre-E1 Brent daily returns",0.2722889628948916,0.0805957089502442,0.0,0.8383223805287457
2026-06-09,-3.45527823121987,2.4259720278418717,0.39161584190802423,GJR_GARCH_1_1,"normal-likelihood GJR-GARCH(1,1) fitted on pre-E1 Brent daily returns",0.2722889628948916,0.0805957089502442,0.0,0.8383223805287457
2026-06-10,1.66424738551009,2.481271811780716,0.4233375825135193,GJR_GARCH_1_1,"normal-likelihood GJR-GARCH(1,1) fitted on pre-E1 Brent daily returns",0.2722889628948916,0.0805957089502442,0.0,0.8383223805287457
2026-06-11,-3.06541475520258,2.379595129980983,0.3650125567006608,GJR_GARCH_1_1,"normal-likelihood GJR-GARCH(1,1) fitted on pre-E1 Brent daily returns",0.2722889628948916,0.0805957089502442,0.0,0.8383223805287457
2026-06-12,-4.62943584072625,2.4013124313969745,0.3774703016157457,GJR_GARCH_1_1,"normal-likelihood GJR-GARCH(1,1) fitted on pre-E1 Brent daily returns",0.2722889628948916,0.0805957089502442,0.0,0.8383223805287457
2026-06-15,-4.9489867388399595,2.6111356761710423,0.4978316858679348,GJR_GARCH_1_1,"normal-likelihood GJR-GARCH(1,1) fitted on pre-E1 Brent daily returns",0.2722889628948916,0.0805957089502442,0.0,0.8383223805287457
2026-06-16,-4.68361711860563,2.818745413344137,0.6169233307297493,GJR_GARCH_1_1,"normal-likelihood GJR-GARCH(1,1) fitted on pre-E1 Brent daily returns",0.2722889628948916,0.0805957089502442,0.0,0.8383223805287457
2026-06-17,-0.21140342387964,2.9470730649961423,0.6905362128834858,GJR_GARCH_1_1,"normal-likelihood GJR-GARCH(1,1) fitted on pre-E1 Brent daily returns",0.2722889628948916,0.0805957089502442,0.0,0.8383223805287457
2026-06-18,-1.22747032133032,2.748862290577719,0.5768361163646833,GJR_GARCH_1_1,"normal-likelihood GJR-GARCH(1,1) fitted on pre-E1 Brent daily returns",0.2722889628948916,0.0805957089502442,0.0,0.8383223805287457
2026-06-19,1.38917195492238,2.5931032572363906,0.4874877084562468,GJR_GARCH_1_1,"normal-likelihood GJR-GARCH(1,1) fitted on pre-E1 Brent daily returns",0.2722889628948916,0.0805957089502442,0.0,0.8383223805287457
2026-06-22,-5.0600153187867,2.4636513301356517,0.41322990562446016,GJR_GARCH_1_1,"normal-likelihood GJR-GARCH(1,1) fitted on pre-E1 Brent daily returns",0.2722889628948916,0.0805957089502442,0.0,0.8383223805287457
2026-06-23,-1.0513962012699198,2.7215936987633467,0.5611939721355259,GJR_GARCH_1_1,"normal-likelihood GJR-GARCH(1,1) fitted on pre-E1 Brent daily returns",0.2722889628948916,0.0805957089502442,0.0,0.8383223805287457
2026-06-24,-4.87307129045886,2.562691068691448,0.4700422956977637,GJR_GARCH_1_1,"normal-likelihood GJR-GARCH(1,1) fitted on pre-E1 Brent daily returns",0.2722889628948916,0.0805957089502442,0.0,0.8383223805287457
2026-06-25,2.2630054389511,2.770444987757945,0.58921664794642,GJR_GARCH_1_1,"normal-likelihood GJR-GARCH(1,1) fitted on pre-E1 Brent daily returns",0.2722889628948916,0.0805957089502442,0.0,0.8383223805287457
2026-06-26,-4.97670447420706,2.6696693365534427,0.5314084823594738,GJR_GARCH_1_1,"normal-likelihood GJR-GARCH(1,1) fitted on pre-E1 Brent daily returns",0.2722889628948916,0.0805957089502442,0.0,0.8383223805287457
2026-06-29,2.0177051344166497,2.8681936872377074,0.645288456343549,GJR_GARCH_1_1,"normal-likelihood GJR-GARCH(1,1) fitted on pre-E1 Brent daily returns",0.2722889628948916,0.0805957089502442,0.0,0.8383223805287457
2026-06-30,-1.5910226495002102,2.7392945192667297,0.5713477339862723,GJR_GARCH_1_1,"normal-likelihood GJR-GARCH(1,1) fitted on pre-E1 Brent daily returns",0.2722889628948916,0.0805957089502442,0.0,0.8383223805287457
