scenario_id,sample_split,month_index,period,source_start,source_end,brent_return,brent_level,mechanism_adjustment_rate,mechanism_adjustment_cny_t,mechanism_adjustment_cny_t_original,actual_adjustment_cny_t_original,cumulative_policy_gap_cny_t_original,stress_regime,is_2026_anchor,GPR,GPR_z,supply_shock,aggregate_demand_shock,oil_specific_risk_shock,reduced_form_shock,source_vintage
DEVELOPMENT_2013-03,development,0,2013-03,2013-03,2013-08,-0.0675151550324617,108.474,-0.035107587768969425,-333.6625141562854,-310.0,-310.0,0.0,normal,False,75.89672,-0.8000757614371481,0.2218248371530632,0.359120269050153,-0.6870797331836942,-0.6295897367868111,downloaded_2026-07-31_ex_post
DEVELOPMENT_2013-03,development,1,2013-04,2013-03,2013-08,-0.0591074998923915,102.24818181818182,-0.04636150234741784,-440.6197183098592,-395.0,-395.0,0.0,normal,False,95.10787,-0.3039449262270567,-1.058622901603577,-0.4137844985445405,0.1470653819683834,-0.5518556127380099,downloaded_2026-07-31_ex_post
DEVELOPMENT_2013-03,development,2,2013-05,2013-03,2013-08,0.0030316840620416,102.55863636363635,0.011254590688307073,106.96362990167042,95.0,95.0,0.0,normal,False,83.717316,-0.5981076946987854,-0.7619389847477206,-0.2565636511543083,0.4820781960020612,0.022660700470914,downloaded_2026-07-31_ex_post
DEVELOPMENT_2013-03,development,3,2013-06,2013-03,2013-08,0.0035124321619139,102.9195,0.0006103203197290965,5.800484318705333,5.0,5.0,0.0,normal,False,82.97301,-0.617329508980173,-0.2131903978627823,0.2368506934350401,-0.0618814606299409,0.0271055226965062,downloaded_2026-07-31_ex_post
DEVELOPMENT_2013-03,development,4,2013-07,2013-03,2013-08,0.0475652195303402,107.93318181818182,0.029973085392708588,284.8642035723024,245.0,245.0,0.0,normal,False,73.975815,-0.849683421676605,-0.5063449965944508,0.7547983852307663,0.7449684725494568,0.4344015857417522,downloaded_2026-07-31_ex_post
DEVELOPMENT_2013-03,development,5,2013-08,2013-03,2013-08,0.0305412835173548,111.28045454545456,0.02836893241690843,269.61833369029773,235.0,235.0,0.0,normal,False,90.95675,-0.4111482239295533,0.2078977363947425,-0.1123587412326883,-0.0130079892278785,0.2770044599337098,downloaded_2026-07-31_ex_post
DEVELOPMENT_2013-04,development,0,2013-04,2013-04,2013-09,-0.0591074998923915,102.24818181818182,-0.04636150234741784,-440.6197183098592,-395.0,-395.0,0.0,normal,False,95.10787,-0.3039449262270567,-1.058622901603577,-0.4137844985445405,0.1470653819683834,-0.5518556127380099,downloaded_2026-07-31_ex_post
DEVELOPMENT_2013-04,development,1,2013-05,2013-04,2013-09,0.0030316840620416,102.55863636363635,0.011254590688307073,106.96362990167042,95.0,95.0,0.0,normal,False,83.717316,-0.5981076946987854,-0.7619389847477206,-0.2565636511543083,0.4820781960020612,0.022660700470914,downloaded_2026-07-31_ex_post
DEVELOPMENT_2013-04,development,2,2013-06,2013-04,2013-09,0.0035124321619139,102.9195,0.0006103203197290965,5.800484318705333,5.0,5.0,0.0,normal,False,82.97301,-0.617329508980173,-0.2131903978627823,0.2368506934350401,-0.0618814606299409,0.0271055226965062,downloaded_2026-07-31_ex_post
DEVELOPMENT_2013-04,development,3,2013-07,2013-04,2013-09,0.0475652195303402,107.93318181818182,0.029973085392708588,284.8642035723024,245.0,245.0,0.0,normal,False,73.975815,-0.849683421676605,-0.5063449965944508,0.7547983852307663,0.7449684725494568,0.4344015857417522,downloaded_2026-07-31_ex_post
DEVELOPMENT_2013-04,development,4,2013-08,2013-04,2013-09,0.0305412835173548,111.28045454545456,0.02836893241690843,269.61833369029773,235.0,235.0,0.0,normal,False,90.95675,-0.4111482239295533,0.2078977363947425,-0.1123587412326883,-0.0130079892278785,0.2770044599337098,downloaded_2026-07-31_ex_post
DEVELOPMENT_2013-04,development,5,2013-09,2013-04,2013-09,0.0028360551410528,111.5965,-0.01828351819790339,-173.76655695287383,-155.0,-155.0,0.0,normal,False,100.45933,-0.165742667674425,0.9898275502649072,1.8629377708788173,-0.2259863393965932,0.020851986559802,downloaded_2026-07-31_ex_post
DEVELOPMENT_2013-05,development,0,2013-05,2013-05,2013-10,0.0030316840620416,102.55863636363635,0.011254590688307073,106.96362990167042,95.0,95.0,0.0,normal,False,83.717316,-0.5981076946987854,-0.7619389847477206,-0.2565636511543083,0.4820781960020612,0.022660700470914,downloaded_2026-07-31_ex_post
DEVELOPMENT_2013-05,development,1,2013-06,2013-05,2013-10,0.0035124321619139,102.9195,0.0006103203197290965,5.800484318705333,5.0,5.0,0.0,normal,False,82.97301,-0.617329508980173,-0.2131903978627823,0.2368506934350401,-0.0618814606299409,0.0271055226965062,downloaded_2026-07-31_ex_post
DEVELOPMENT_2013-05,development,2,2013-07,2013-05,2013-10,0.0475652195303402,107.93318181818182,0.029973085392708588,284.8642035723024,245.0,245.0,0.0,normal,False,73.975815,-0.849683421676605,-0.5063449965944508,0.7547983852307663,0.7449684725494568,0.4344015857417522,downloaded_2026-07-31_ex_post
DEVELOPMENT_2013-05,development,3,2013-08,2013-05,2013-10,0.0305412835173548,111.28045454545456,0.02836893241690843,269.61833369029773,235.0,235.0,0.0,normal,False,90.95675,-0.4111482239295533,0.2078977363947425,-0.1123587412326883,-0.0130079892278785,0.2770044599337098,downloaded_2026-07-31_ex_post
DEVELOPMENT_2013-05,development,4,2013-09,2013-05,2013-10,0.0028360551410528,111.5965,-0.01828351819790339,-173.76655695287383,-155.0,-155.0,0.0,normal,False,100.45933,-0.165742667674425,0.9898275502649072,1.8629377708788173,-0.2259863393965932,0.020851986559802,downloaded_2026-07-31_ex_post
DEVELOPMENT_2013-05,development,5,2013-10,2013-05,2013-10,-0.0228400172259615,109.07652173913044,0.0,0.0,0.0,0.0,0.0,normal,False,72.95312,-0.8760946737107198,0.2157377519589846,0.4512786405689435,-0.4936520477941832,-0.21653964775583,downloaded_2026-07-31_ex_post
DEVELOPMENT_2013-06,development,0,2013-06,2013-06,2013-11,0.0035124321619139,102.9195,0.0006103203197290965,5.800484318705333,5.0,5.0,0.0,normal,False,82.97301,-0.617329508980173,-0.2131903978627823,0.2368506934350401,-0.0618814606299409,0.0271055226965062,downloaded_2026-07-31_ex_post
DEVELOPMENT_2013-06,development,1,2013-07,2013-06,2013-11,0.0475652195303402,107.93318181818182,0.029973085392708588,284.8642035723024,245.0,245.0,0.0,normal,False,73.975815,-0.849683421676605,-0.5063449965944508,0.7547983852307663,0.7449684725494568,0.4344015857417522,downloaded_2026-07-31_ex_post
DEVELOPMENT_2013-06,development,2,2013-08,2013-06,2013-11,0.0305412835173548,111.28045454545456,0.02836893241690843,269.61833369029773,235.0,235.0,0.0,normal,False,90.95675,-0.4111482239295533,0.2078977363947425,-0.1123587412326883,-0.0130079892278785,0.2770044599337098,downloaded_2026-07-31_ex_post
DEVELOPMENT_2013-06,development,3,2013-09,2013-06,2013-11,0.0028360551410528,111.5965,-0.01828351819790339,-173.76655695287383,-155.0,-155.0,0.0,normal,False,100.45933,-0.165742667674425,0.9898275502649072,1.8629377708788173,-0.2259863393965932,0.020851986559802,downloaded_2026-07-31_ex_post
DEVELOPMENT_2013-06,development,4,2013-10,2013-06,2013-11,-0.0228400172259615,109.07652173913044,0.0,0.0,0.0,0.0,0.0,normal,False,72.95312,-0.8760946737107198,0.2157377519589846,0.4512786405689435,-0.4936520477941832,-0.21653964775583,downloaded_2026-07-31_ex_post
DEVELOPMENT_2013-06,development,5,2013-11,2013-06,2013-11,-0.0118462260039784,107.792,-0.008771929824561403,-83.36842105263158,-75.0,-75.0,0.0,normal,False,77.77902,-0.751465081123062,-0.081647455274498,-0.4880819767846809,-0.0117470878755487,-0.1148950493060984,downloaded_2026-07-31_ex_post
DEVELOPMENT_2013-07,development,0,2013-07,2013-07,2013-12,0.0475652195303402,107.93318181818182,0.029973085392708588,284.8642035723024,245.0,245.0,0.0,normal,False,73.975815,-0.849683421676605,-0.5063449965944508,0.7547983852307663,0.7449684725494568,0.4344015857417522,downloaded_2026-07-31_ex_post
DEVELOPMENT_2013-07,development,1,2013-08,2013-07,2013-12,0.0305412835173548,111.28045454545456,0.02836893241690843,269.61833369029773,235.0,235.0,0.0,normal,False,90.95675,-0.4111482239295533,0.2078977363947425,-0.1123587412326883,-0.0130079892278785,0.2770044599337098,downloaded_2026-07-31_ex_post
DEVELOPMENT_2013-07,development,2,2013-09,2013-07,2013-12,0.0028360551410528,111.5965,-0.01828351819790339,-173.76655695287383,-155.0,-155.0,0.0,normal,False,100.45933,-0.165742667674425,0.9898275502649072,1.8629377708788173,-0.2259863393965932,0.020851986559802,downloaded_2026-07-31_ex_post
DEVELOPMENT_2013-07,development,3,2013-10,2013-07,2013-12,-0.0228400172259615,109.07652173913044,0.0,0.0,0.0,0.0,0.0,normal,False,72.95312,-0.8760946737107198,0.2157377519589846,0.4512786405689435,-0.4936520477941832,-0.21653964775583,downloaded_2026-07-31_ex_post
DEVELOPMENT_2013-07,development,4,2013-11,2013-07,2013-12,-0.0118462260039784,107.792,-0.008771929824561403,-83.36842105263158,-75.0,-75.0,0.0,normal,False,77.77902,-0.751465081123062,-0.081647455274498,-0.4880819767846809,-0.0117470878755487,-0.1148950493060984,downloaded_2026-07-31_ex_post
DEVELOPMENT_2013-07,development,5,2013-12,2013-07,2013-12,0.0271321585310726,110.75666666666666,0.007142573707392563,67.88302051505892,60.0,60.0,0.0,normal,False,70.37249,-0.942739831198336,-0.0557062789794544,1.5210054015802736,0.1186416075617954,0.2454849292005171,downloaded_2026-07-31_ex_post
DEVELOPMENT_2013-08,development,0,2013-08,2013-08,2014-01,0.0305412835173548,111.28045454545456,0.02836893241690843,269.61833369029773,235.0,235.0,0.0,normal,False,90.95675,-0.4111482239295533,0.2078977363947425,-0.1123587412326883,-0.0130079892278785,0.2770044599337098,downloaded_2026-07-31_ex_post
DEVELOPMENT_2013-08,development,1,2013-09,2013-08,2014-01,0.0028360551410528,111.5965,-0.01828351819790339,-173.76655695287383,-155.0,-155.0,0.0,normal,False,100.45933,-0.165742667674425,0.9898275502649072,1.8629377708788173,-0.2259863393965932,0.020851986559802,downloaded_2026-07-31_ex_post
DEVELOPMENT_2013-08,development,2,2013-10,2013-08,2014-01,-0.0228400172259615,109.07652173913044,0.0,0.0,0.0,0.0,0.0,normal,False,72.95312,-0.8760946737107198,0.2157377519589846,0.4512786405689435,-0.4936520477941832,-0.21653964775583,downloaded_2026-07-31_ex_post
DEVELOPMENT_2013-08,development,3,2013-11,2013-08,2014-01,-0.0118462260039784,107.792,-0.008771929824561403,-83.36842105263158,-75.0,-75.0,0.0,normal,False,77.77902,-0.751465081123062,-0.081647455274498,-0.4880819767846809,-0.0117470878755487,-0.1148950493060984,downloaded_2026-07-31_ex_post
DEVELOPMENT_2013-08,development,4,2013-12,2013-08,2014-01,0.0271321585310726,110.75666666666666,0.007142573707392563,67.88302051505892,60.0,60.0,0.0,normal,False,70.37249,-0.942739831198336,-0.0557062789794544,1.5210054015802736,0.1186416075617954,0.2454849292005171,downloaded_2026-07-31_ex_post
DEVELOPMENT_2013-08,development,5,2014-01,2013-08,2014-01,-0.0241149019770894,108.11772727272728,0.004111951187160101,39.0799840827696,35.0,35.0,0.0,normal,False,77.91597,-0.7479283267964328,0.1087561691455425,-1.364533486532311,-0.8175546262131522,-0.2283267688664224,downloaded_2026-07-31_ex_post
DEVELOPMENT_2013-09,development,0,2013-09,2013-09,2014-02,0.0028360551410528,111.5965,-0.01828351819790339,-173.76655695287383,-155.0,-155.0,0.0,normal,False,100.45933,-0.165742667674425,0.9898275502649072,1.8629377708788173,-0.2259863393965932,0.020851986559802,downloaded_2026-07-31_ex_post
DEVELOPMENT_2013-09,development,1,2013-10,2013-09,2014-02,-0.0228400172259615,109.07652173913044,0.0,0.0,0.0,0.0,0.0,normal,False,72.95312,-0.8760946737107198,0.2157377519589846,0.4512786405689435,-0.4936520477941832,-0.21653964775583,downloaded_2026-07-31_ex_post
DEVELOPMENT_2013-09,development,2,2013-11,2013-09,2014-02,-0.0118462260039784,107.792,-0.008771929824561403,-83.36842105263158,-75.0,-75.0,0.0,normal,False,77.77902,-0.751465081123062,-0.081647455274498,-0.4880819767846809,-0.0117470878755487,-0.1148950493060984,downloaded_2026-07-31_ex_post
DEVELOPMENT_2013-09,development,3,2013-12,2013-09,2014-02,0.0271321585310726,110.75666666666666,0.007142573707392563,67.88302051505892,60.0,60.0,0.0,normal,False,70.37249,-0.942739831198336,-0.0557062789794544,1.5210054015802736,0.1186416075617954,0.2454849292005171,downloaded_2026-07-31_ex_post
DEVELOPMENT_2013-09,development,4,2014-01,2013-09,2014-02,-0.0241149019770894,108.11772727272728,0.004111951187160101,39.0799840827696,35.0,35.0,0.0,normal,False,77.91597,-0.7479283267964328,0.1087561691455425,-1.364533486532311,-0.8175546262131522,-0.2283267688664224,downloaded_2026-07-31_ex_post
DEVELOPMENT_2013-09,development,5,2014-02,2013-09,2014-02,0.0072141621741348,108.90052631578948,0.023789024481545257,226.09088867260613,205.0,205.0,0.0,normal,False,69.003525,-0.9780935580092444,-0.3007449260908102,-0.6041716552587323,0.2603576727162677,0.0613303731656642,downloaded_2026-07-31_ex_post
DEVELOPMENT_2013-10,development,0,2013-10,2013-10,2014-03,-0.0228400172259615,109.07652173913044,0.0,0.0,0.0,0.0,0.0,normal,False,72.95312,-0.8760946737107198,0.2157377519589846,0.4512786405689435,-0.4936520477941832,-0.21653964775583,downloaded_2026-07-31_ex_post
DEVELOPMENT_2013-10,development,1,2013-11,2013-10,2014-03,-0.0118462260039784,107.792,-0.008771929824561403,-83.36842105263158,-75.0,-75.0,0.0,normal,False,77.77902,-0.751465081123062,-0.081647455274498,-0.4880819767846809,-0.0117470878755487,-0.1148950493060984,downloaded_2026-07-31_ex_post
DEVELOPMENT_2013-10,development,2,2013-12,2013-10,2014-03,0.0271321585310726,110.75666666666666,0.007142573707392563,67.88302051505892,60.0,60.0,0.0,normal,False,70.37249,-0.942739831198336,-0.0557062789794544,1.5210054015802736,0.1186416075617954,0.2454849292005171,downloaded_2026-07-31_ex_post
DEVELOPMENT_2013-10,development,3,2014-01,2013-10,2014-03,-0.0241149019770894,108.11772727272728,0.004111951187160101,39.0799840827696,35.0,35.0,0.0,normal,False,77.91597,-0.7479283267964328,0.1087561691455425,-1.364533486532311,-0.8175546262131522,-0.2283267688664224,downloaded_2026-07-31_ex_post
DEVELOPMENT_2013-10,development,4,2014-02,2013-10,2014-03,0.0072141621741348,108.90052631578948,0.023789024481545257,226.09088867260613,205.0,205.0,0.0,normal,False,69.003525,-0.9780935580092444,-0.3007449260908102,-0.6041716552587323,0.2603576727162677,0.0613303731656642,downloaded_2026-07-31_ex_post
DEVELOPMENT_2013-10,development,5,2014-03,2013-10,2014-03,-0.0131212182321345,107.48095238095236,-0.01572575612597246,-149.45758622124225,-135.0,-135.0,0.0,normal,False,119.838554,0.334728703838652,0.5281603411668889,1.129252196158522,-0.6013920401383106,-0.1266831641102359,downloaded_2026-07-31_ex_post
DEVELOPMENT_2013-11,development,0,2013-11,2013-11,2014-04,-0.0118462260039784,107.792,-0.008771929824561403,-83.36842105263158,-75.0,-75.0,0.0,normal,False,77.77902,-0.751465081123062,-0.081647455274498,-0.4880819767846809,-0.0117470878755487,-0.1148950493060984,downloaded_2026-07-31_ex_post
DEVELOPMENT_2013-11,development,1,2013-12,2013-11,2014-04,0.0271321585310726,110.75666666666666,0.007142573707392563,67.88302051505892,60.0,60.0,0.0,normal,False,70.37249,-0.942739831198336,-0.0557062789794544,1.5210054015802736,0.1186416075617954,0.2454849292005171,downloaded_2026-07-31_ex_post
DEVELOPMENT_2013-11,development,2,2014-01,2013-11,2014-04,-0.0241149019770894,108.11772727272728,0.004111951187160101,39.0799840827696,35.0,35.0,0.0,normal,False,77.91597,-0.7479283267964328,0.1087561691455425,-1.364533486532311,-0.8175546262131522,-0.2283267688664224,downloaded_2026-07-31_ex_post
DEVELOPMENT_2013-11,development,3,2014-02,2013-11,2014-04,0.0072141621741348,108.90052631578948,0.023789024481545257,226.09088867260613,205.0,205.0,0.0,normal,False,69.003525,-0.9780935580092444,-0.3007449260908102,-0.6041716552587323,0.2603576727162677,0.0613303731656642,downloaded_2026-07-31_ex_post
DEVELOPMENT_2013-11,development,4,2014-03,2013-11,2014-04,-0.0131212182321345,107.48095238095236,-0.01572575612597246,-149.45758622124225,-135.0,-135.0,0.0,normal,False,119.838554,0.334728703838652,0.5281603411668889,1.129252196158522,-0.6013920401383106,-0.1266831641102359,downloaded_2026-07-31_ex_post
DEVELOPMENT_2013-11,development,5,2014-04,2013-11,2014-04,0.0025486965008578,107.7552380952381,0.01770775750875253,168.29452736318405,155.0,155.0,0.0,normal,False,93.22154,-0.3526596818966471,0.0091812501588314,-1.3299599254464436,0.3009098362398905,0.018195172999865,downloaded_2026-07-31_ex_post
DEVELOPMENT_2013-12,development,0,2013-12,2013-12,2014-05,0.0271321585310726,110.75666666666666,0.007142573707392563,67.88302051505892,60.0,60.0,0.0,normal,False,70.37249,-0.942739831198336,-0.0557062789794544,1.5210054015802736,0.1186416075617954,0.2454849292005171,downloaded_2026-07-31_ex_post
DEVELOPMENT_2013-12,development,1,2014-01,2013-12,2014-05,-0.0241149019770894,108.11772727272728,0.004111951187160101,39.0799840827696,35.0,35.0,0.0,normal,False,77.91597,-0.7479283267964328,0.1087561691455425,-1.364533486532311,-0.8175546262131522,-0.2283267688664224,downloaded_2026-07-31_ex_post
DEVELOPMENT_2013-12,development,2,2014-02,2013-12,2014-05,0.0072141621741348,108.90052631578948,0.023789024481545257,226.09088867260613,205.0,205.0,0.0,normal,False,69.003525,-0.9780935580092444,-0.3007449260908102,-0.6041716552587323,0.2603576727162677,0.0613303731656642,downloaded_2026-07-31_ex_post
DEVELOPMENT_2013-12,development,3,2014-03,2013-12,2014-05,-0.0131212182321345,107.48095238095236,-0.01572575612597246,-149.45758622124225,-135.0,-135.0,0.0,normal,False,119.838554,0.334728703838652,0.5281603411668889,1.129252196158522,-0.6013920401383106,-0.1266831641102359,downloaded_2026-07-31_ex_post
DEVELOPMENT_2013-12,development,4,2014-04,2013-12,2014-05,0.0025486965008578,107.7552380952381,0.01770775750875253,168.29452736318405,155.0,155.0,0.0,normal,False,93.22154,-0.3526596818966471,0.0091812501588314,-1.3299599254464436,0.3009098362398905,0.018195172999865,downloaded_2026-07-31_ex_post
DEVELOPMENT_2013-12,development,5,2014-05,2013-12,2014-05,0.016419138937568,109.53909090909092,0.002306539038173221,21.92134701879829,20.0,20.0,0.0,normal,False,83.428856,-0.6055572175396723,-0.6944169629903302,-0.4462425898093615,0.3323667898475109,0.1464362431941387,downloaded_2026-07-31_ex_post
DEVELOPMENT_2014-01,development,0,2014-01,2014-01,2014-06,-0.0241149019770894,108.11772727272728,0.004111951187160101,39.0799840827696,35.0,35.0,0.0,normal,False,77.91597,-0.7479283267964328,0.1087561691455425,-1.364533486532311,-0.8175546262131522,-0.2283267688664224,downloaded_2026-07-31_ex_post
DEVELOPMENT_2014-01,development,1,2014-02,2014-01,2014-06,0.0072141621741348,108.90052631578948,0.023789024481545257,226.09088867260613,205.0,205.0,0.0,normal,False,69.003525,-0.9780935580092444,-0.3007449260908102,-0.6041716552587323,0.2603576727162677,0.0613303731656642,downloaded_2026-07-31_ex_post
DEVELOPMENT_2014-01,development,2,2014-03,2014-01,2014-06,-0.0131212182321345,107.48095238095236,-0.01572575612597246,-149.45758622124225,-135.0,-135.0,0.0,normal,False,119.838554,0.334728703838652,0.5281603411668889,1.129252196158522,-0.6013920401383106,-0.1266831641102359,downloaded_2026-07-31_ex_post
DEVELOPMENT_2014-01,development,3,2014-04,2014-01,2014-06,0.0025486965008578,107.7552380952381,0.01770775750875253,168.29452736318405,155.0,155.0,0.0,normal,False,93.22154,-0.3526596818966471,0.0091812501588314,-1.3299599254464436,0.3009098362398905,0.018195172999865,downloaded_2026-07-31_ex_post
DEVELOPMENT_2014-01,development,4,2014-05,2014-01,2014-06,0.016419138937568,109.53909090909092,0.002306539038173221,21.92134701879829,20.0,20.0,0.0,normal,False,83.428856,-0.6055572175396723,-0.6944169629903302,-0.4462425898093615,0.3323667898475109,0.1464362431941387,downloaded_2026-07-31_ex_post
DEVELOPMENT_2014-01,development,5,2014-06,2014-01,2014-06,0.0203874865953253,111.79523809523808,0.0187978905202036,178.655151504015,165.0,165.0,0.0,normal,False,98.767105,-0.2094446325548925,-0.7526968392408651,-0.914522981846018,0.7569187960981673,0.1831261435239828,downloaded_2026-07-31_ex_post
DEVELOPMENT_2014-02,development,0,2014-02,2014-02,2014-07,0.0072141621741348,108.90052631578948,0.023789024481545257,226.09088867260613,205.0,205.0,0.0,normal,False,69.003525,-0.9780935580092444,-0.3007449260908102,-0.6041716552587323,0.2603576727162677,0.0613303731656642,downloaded_2026-07-31_ex_post
DEVELOPMENT_2014-02,development,1,2014-03,2014-02,2014-07,-0.0131212182321345,107.48095238095236,-0.01572575612597246,-149.45758622124225,-135.0,-135.0,0.0,normal,False,119.838554,0.334728703838652,0.5281603411668889,1.129252196158522,-0.6013920401383106,-0.1266831641102359,downloaded_2026-07-31_ex_post
DEVELOPMENT_2014-02,development,2,2014-04,2014-02,2014-07,0.0025486965008578,107.7552380952381,0.01770775750875253,168.29452736318405,155.0,155.0,0.0,normal,False,93.22154,-0.3526596818966471,0.0091812501588314,-1.3299599254464436,0.3009098362398905,0.018195172999865,downloaded_2026-07-31_ex_post
DEVELOPMENT_2014-02,development,3,2014-05,2014-02,2014-07,0.016419138937568,109.53909090909092,0.002306539038173221,21.92134701879829,20.0,20.0,0.0,normal,False,83.428856,-0.6055572175396723,-0.6944169629903302,-0.4462425898093615,0.3323667898475109,0.1464362431941387,downloaded_2026-07-31_ex_post
DEVELOPMENT_2014-02,development,4,2014-06,2014-02,2014-07,0.0203874865953253,111.79523809523808,0.0187978905202036,178.655151504015,165.0,165.0,0.0,normal,False,98.767105,-0.2094446325548925,-0.7526968392408651,-0.914522981846018,0.7569187960981673,0.1831261435239828,downloaded_2026-07-31_ex_post
DEVELOPMENT_2014-02,development,5,2014-07,2014-02,2014-07,-0.0460090076605652,106.76818181818182,-0.027672671824702094,-263.0010730219687,-245.0,-245.0,0.0,normal,False,138.75395,0.8232216475619388,-0.1658149345266459,-0.6453059017281473,-0.002441616206529,-0.4307517136082288,downloaded_2026-07-31_ex_post
DEVELOPMENT_2014-03,development,0,2014-03,2014-03,2014-08,-0.0131212182321345,107.48095238095236,-0.01572575612597246,-149.45758622124225,-135.0,-135.0,0.0,normal,False,119.838554,0.334728703838652,0.5281603411668889,1.129252196158522,-0.6013920401383106,-0.1266831641102359,downloaded_2026-07-31_ex_post
DEVELOPMENT_2014-03,development,1,2014-04,2014-03,2014-08,0.0025486965008578,107.7552380952381,0.01770775750875253,168.29452736318405,155.0,155.0,0.0,normal,False,93.22154,-0.3526596818966471,0.0091812501588314,-1.3299599254464436,0.3009098362398905,0.018195172999865,downloaded_2026-07-31_ex_post
DEVELOPMENT_2014-03,development,2,2014-05,2014-03,2014-08,0.016419138937568,109.53909090909092,0.002306539038173221,21.92134701879829,20.0,20.0,0.0,normal,False,83.428856,-0.6055572175396723,-0.6944169629903302,-0.4462425898093615,0.3323667898475109,0.1464362431941387,downloaded_2026-07-31_ex_post
DEVELOPMENT_2014-03,development,3,2014-06,2014-03,2014-08,0.0203874865953253,111.79523809523808,0.0187978905202036,178.655151504015,165.0,165.0,0.0,normal,False,98.767105,-0.2094446325548925,-0.7526968392408651,-0.914522981846018,0.7569187960981673,0.1831261435239828,downloaded_2026-07-31_ex_post
DEVELOPMENT_2014-03,development,4,2014-07,2014-03,2014-08,-0.0460090076605652,106.76818181818182,-0.027672671824702094,-263.0010730219687,-245.0,-245.0,0.0,normal,False,138.75395,0.8232216475619388,-0.1658149345266459,-0.6453059017281473,-0.002441616206529,-0.4307517136082288,downloaded_2026-07-31_ex_post
DEVELOPMENT_2014-03,development,5,2014-08,2014-03,2014-08,-0.0495367495768714,101.60809523809525,-0.02134599354908854,-202.8723226905375,-190.0,-190.0,0.0,normal,False,136.44559,0.763607903732675,-0.6392252042129669,0.505519237465856,-0.0949462201232994,-0.4633679333705456,downloaded_2026-07-31_ex_post
DEVELOPMENT_2014-04,development,0,2014-04,2014-04,2014-09,0.0025486965008578,107.7552380952381,0.01770775750875253,168.29452736318405,155.0,155.0,0.0,normal,False,93.22154,-0.3526596818966471,0.0091812501588314,-1.3299599254464436,0.3009098362398905,0.018195172999865,downloaded_2026-07-31_ex_post
DEVELOPMENT_2014-04,development,1,2014-05,2014-04,2014-09,0.016419138937568,109.53909090909092,0.002306539038173221,21.92134701879829,20.0,20.0,0.0,normal,False,83.428856,-0.6055572175396723,-0.6944169629903302,-0.4462425898093615,0.3323667898475109,0.1464362431941387,downloaded_2026-07-31_ex_post
DEVELOPMENT_2014-04,development,2,2014-06,2014-04,2014-09,0.0203874865953253,111.79523809523808,0.0187978905202036,178.655151504015,165.0,165.0,0.0,normal,False,98.767105,-0.2094446325548925,-0.7526968392408651,-0.914522981846018,0.7569187960981673,0.1831261435239828,downloaded_2026-07-31_ex_post
DEVELOPMENT_2014-04,development,3,2014-07,2014-04,2014-09,-0.0460090076605652,106.76818181818182,-0.027672671824702094,-263.0010730219687,-245.0,-245.0,0.0,normal,False,138.75395,0.8232216475619388,-0.1658149345266459,-0.6453059017281473,-0.002441616206529,-0.4307517136082288,downloaded_2026-07-31_ex_post
DEVELOPMENT_2014-04,development,4,2014-08,2014-04,2014-09,-0.0495367495768714,101.60809523809525,-0.02134599354908854,-202.8723226905375,-190.0,-190.0,0.0,normal,False,136.44559,0.763607903732675,-0.6392252042129669,0.505519237465856,-0.0949462201232994,-0.4633679333705456,downloaded_2026-07-31_ex_post
DEVELOPMENT_2014-04,development,5,2014-09,2014-04,2014-09,-0.045470112348358,97.09142857142858,-0.03985986620203865,-378.82816838417534,-345.0,-345.0,0.0,normal,False,131.55666,0.6373505519248092,-0.5813118648115944,0.671256270125752,0.1053089634481224,-0.425769283388323,downloaded_2026-07-31_ex_post
DEVELOPMENT_2014-05,development,0,2014-05,2014-05,2014-10,0.016419138937568,109.53909090909092,0.002306539038173221,21.92134701879829,20.0,20.0,0.0,normal,False,83.428856,-0.6055572175396723,-0.6944169629903302,-0.4462425898093615,0.3323667898475109,0.1464362431941387,downloaded_2026-07-31_ex_post
DEVELOPMENT_2014-05,development,1,2014-06,2014-05,2014-10,0.0203874865953253,111.79523809523808,0.0187978905202036,178.655151504015,165.0,165.0,0.0,normal,False,98.767105,-0.2094446325548925,-0.7526968392408651,-0.914522981846018,0.7569187960981673,0.1831261435239828,downloaded_2026-07-31_ex_post
DEVELOPMENT_2014-05,development,2,2014-07,2014-05,2014-10,-0.0460090076605652,106.76818181818182,-0.027672671824702094,-263.0010730219687,-245.0,-245.0,0.0,normal,False,138.75395,0.8232216475619388,-0.1658149345266459,-0.6453059017281473,-0.002441616206529,-0.4307517136082288,downloaded_2026-07-31_ex_post
DEVELOPMENT_2014-05,development,3,2014-08,2014-05,2014-10,-0.0495367495768714,101.60809523809525,-0.02134599354908854,-202.8723226905375,-190.0,-190.0,0.0,normal,False,136.44559,0.763607903732675,-0.6392252042129669,0.505519237465856,-0.0949462201232994,-0.4633679333705456,downloaded_2026-07-31_ex_post
DEVELOPMENT_2014-05,development,4,2014-09,2014-05,2014-10,-0.045470112348358,97.09142857142858,-0.03985986620203865,-378.82816838417534,-345.0,-345.0,0.0,normal,False,131.55666,0.6373505519248092,-0.5813118648115944,0.671256270125752,0.1053089634481224,-0.425769283388323,downloaded_2026-07-31_ex_post
DEVELOPMENT_2014-05,development,5,2014-10,2014-05,2014-10,-0.1048693276124721,87.42521739130434,-0.03582160839021672,-340.4485661406197,-300.0,-300.0,0.0,normal,False,83.661,-0.5995620638602197,-1.3581508098488717,-0.1052284064412037,-0.4730961423429308,-0.9749528418023932,downloaded_2026-07-31_ex_post
DEVELOPMENT_2014-06,development,0,2014-06,2014-06,2014-11,0.0203874865953253,111.79523809523808,0.0187978905202036,178.655151504015,165.0,165.0,0.0,normal,False,98.767105,-0.2094446325548925,-0.7526968392408651,-0.914522981846018,0.7569187960981673,0.1831261435239828,downloaded_2026-07-31_ex_post
DEVELOPMENT_2014-06,development,1,2014-07,2014-06,2014-11,-0.0460090076605652,106.76818181818182,-0.027672671824702094,-263.0010730219687,-245.0,-245.0,0.0,normal,False,138.75395,0.8232216475619388,-0.1658149345266459,-0.6453059017281473,-0.002441616206529,-0.4307517136082288,downloaded_2026-07-31_ex_post
DEVELOPMENT_2014-06,development,2,2014-08,2014-06,2014-11,-0.0495367495768714,101.60809523809525,-0.02134599354908854,-202.8723226905375,-190.0,-190.0,0.0,normal,False,136.44559,0.763607903732675,-0.6392252042129669,0.505519237465856,-0.0949462201232994,-0.4633679333705456,downloaded_2026-07-31_ex_post
DEVELOPMENT_2014-06,development,3,2014-09,2014-06,2014-11,-0.045470112348358,97.09142857142858,-0.03985986620203865,-378.82816838417534,-345.0,-345.0,0.0,normal,False,131.55666,0.6373505519248092,-0.5813118648115944,0.671256270125752,0.1053089634481224,-0.425769283388323,downloaded_2026-07-31_ex_post
DEVELOPMENT_2014-06,development,4,2014-10,2014-06,2014-11,-0.1048693276124721,87.42521739130434,-0.03582160839021672,-340.4485661406197,-300.0,-300.0,0.0,normal,False,83.661,-0.5995620638602197,-1.3581508098488717,-0.1052284064412037,-0.4730961423429308,-0.9749528418023932,downloaded_2026-07-31_ex_post
DEVELOPMENT_2014-06,development,5,2014-11,2014-06,2014-11,-0.0958082514625848,79.4378947368421,-0.05394,-512.64576,-435.0,-435.0,0.0,normal,False,84.38005,-0.5809924895735261,-0.2205927809185758,1.052788311128218,-0.8054008464851463,-0.8911774245526921,downloaded_2026-07-31_ex_post
DEVELOPMENT_2014-07,development,0,2014-07,2014-07,2014-12,-0.0460090076605652,106.76818181818182,-0.027672671824702094,-263.0010730219687,-245.0,-245.0,0.0,normal,False,138.75395,0.8232216475619388,-0.1658149345266459,-0.6453059017281473,-0.002441616206529,-0.4307517136082288,downloaded_2026-07-31_ex_post
DEVELOPMENT_2014-07,development,1,2014-08,2014-07,2014-12,-0.0495367495768714,101.60809523809525,-0.02134599354908854,-202.8723226905375,-190.0,-190.0,0.0,normal,False,136.44559,0.763607903732675,-0.6392252042129669,0.505519237465856,-0.0949462201232994,-0.4633679333705456,downloaded_2026-07-31_ex_post
DEVELOPMENT_2014-07,development,2,2014-09,2014-07,2014-12,-0.045470112348358,97.09142857142858,-0.03985986620203865,-378.82816838417534,-345.0,-345.0,0.0,normal,False,131.55666,0.6373505519248092,-0.5813118648115944,0.671256270125752,0.1053089634481224,-0.425769283388323,downloaded_2026-07-31_ex_post
DEVELOPMENT_2014-07,development,3,2014-10,2014-07,2014-12,-0.1048693276124721,87.42521739130434,-0.03582160839021672,-340.4485661406197,-300.0,-300.0,0.0,normal,False,83.661,-0.5995620638602197,-1.3581508098488717,-0.1052284064412037,-0.4730961423429308,-0.9749528418023932,downloaded_2026-07-31_ex_post
DEVELOPMENT_2014-07,development,4,2014-11,2014-07,2014-12,-0.0958082514625848,79.4378947368421,-0.05394,-512.64576,-435.0,-435.0,0.0,normal,False,84.38005,-0.5809924895735261,-0.2205927809185758,1.052788311128218,-0.8054008464851463,-0.8911774245526921,downloaded_2026-07-31_ex_post
DEVELOPMENT_2014-07,development,5,2014-12,2014-07,2014-12,-0.2424524522902489,62.33500000000001,-0.09134636600326553,-868.1558624950355,-690.0,-690.0,0.0,normal,False,86.52622,-0.5255673268631813,-0.8034985492806043,-1.3192942457339991,-2.39934136029386,-2.2469964143025263,downloaded_2026-07-31_ex_post
DEVELOPMENT_2014-08,development,0,2014-08,2014-08,2015-01,-0.0495367495768714,101.60809523809525,-0.02134599354908854,-202.8723226905375,-190.0,-190.0,0.0,normal,False,136.44559,0.763607903732675,-0.6392252042129669,0.505519237465856,-0.0949462201232994,-0.4633679333705456,downloaded_2026-07-31_ex_post
DEVELOPMENT_2014-08,development,1,2014-09,2014-08,2015-01,-0.045470112348358,97.09142857142858,-0.03985986620203865,-378.82816838417534,-345.0,-345.0,0.0,normal,False,131.55666,0.6373505519248092,-0.5813118648115944,0.671256270125752,0.1053089634481224,-0.425769283388323,downloaded_2026-07-31_ex_post
DEVELOPMENT_2014-08,development,2,2014-10,2014-08,2015-01,-0.1048693276124721,87.42521739130434,-0.03582160839021672,-340.4485661406197,-300.0,-300.0,0.0,normal,False,83.661,-0.5995620638602197,-1.3581508098488717,-0.1052284064412037,-0.4730961423429308,-0.9749528418023932,downloaded_2026-07-31_ex_post
DEVELOPMENT_2014-08,development,3,2014-11,2014-08,2015-01,-0.0958082514625848,79.4378947368421,-0.05394,-512.64576,-435.0,-435.0,0.0,normal,False,84.38005,-0.5809924895735261,-0.2205927809185758,1.052788311128218,-0.8054008464851463,-0.8911774245526921,downloaded_2026-07-31_ex_post
DEVELOPMENT_2014-08,development,4,2014-12,2014-08,2015-01,-0.2424524522902489,62.33500000000001,-0.09134636600326553,-868.1558624950355,-690.0,-690.0,0.0,normal,False,86.52622,-0.5255673268631813,-0.8034985492806043,-1.3192942457339991,-2.39934136029386,-2.2469964143025263,downloaded_2026-07-31_ex_post
DEVELOPMENT_2014-08,development,5,2015-01,2014-08,2015-01,-0.2663450657791175,47.7595,-0.07489416406232684,-711.7941352483542,-545.0,-545.0,0.0,normal,False,111.985695,0.131927440277799,0.2021748354045017,-0.0426453546137305,-2.373438877581417,-2.4678988359470786,downloaded_2026-07-31_ex_post
DEVELOPMENT_2014-09,development,0,2014-09,2014-09,2015-02,-0.045470112348358,97.09142857142858,-0.03985986620203865,-378.82816838417534,-345.0,-345.0,0.0,normal,False,131.55666,0.6373505519248092,-0.5813118648115944,0.671256270125752,0.1053089634481224,-0.425769283388323,downloaded_2026-07-31_ex_post
DEVELOPMENT_2014-09,development,1,2014-10,2014-09,2015-02,-0.1048693276124721,87.42521739130434,-0.03582160839021672,-340.4485661406197,-300.0,-300.0,0.0,normal,False,83.661,-0.5995620638602197,-1.3581508098488717,-0.1052284064412037,-0.4730961423429308,-0.9749528418023932,downloaded_2026-07-31_ex_post
DEVELOPMENT_2014-09,development,2,2014-11,2014-09,2015-02,-0.0958082514625848,79.4378947368421,-0.05394,-512.64576,-435.0,-435.0,0.0,normal,False,84.38005,-0.5809924895735261,-0.2205927809185758,1.052788311128218,-0.8054008464851463,-0.8911774245526921,downloaded_2026-07-31_ex_post
DEVELOPMENT_2014-09,development,3,2014-12,2014-09,2015-02,-0.2424524522902489,62.33500000000001,-0.09134636600326553,-868.1558624950355,-690.0,-690.0,0.0,normal,False,86.52622,-0.5255673268631813,-0.8034985492806043,-1.3192942457339991,-2.39934136029386,-2.2469964143025263,downloaded_2026-07-31_ex_post
DEVELOPMENT_2014-09,development,4,2015-01,2014-09,2015-02,-0.2663450657791175,47.7595,-0.07489416406232684,-711.7941352483542,-545.0,-545.0,0.0,normal,False,111.985695,0.131927440277799,0.2021748354045017,-0.0426453546137305,-2.373438877581417,-2.4678988359470786,downloaded_2026-07-31_ex_post
DEVELOPMENT_2014-09,development,5,2015-02,2014-09,2015-02,0.1959102081726174,58.0955,0.10293974020900479,978.3392909463815,680.0,680.0,0.0,extreme,False,111.9247,0.1303522352383484,-0.8549072869946648,-0.8585994362382946,2.6859695246094977,1.8059454415522465,downloaded_2026-07-31_ex_post
DEVELOPMENT_2014-10,development,0,2014-10,2014-10,2015-03,-0.1048693276124721,87.42521739130434,-0.03582160839021672,-340.4485661406197,-300.0,-300.0,0.0,normal,False,83.661,-0.5995620638602197,-1.3581508098488717,-0.1052284064412037,-0.4730961423429308,-0.9749528418023932,downloaded_2026-07-31_ex_post
DEVELOPMENT_2014-10,development,1,2014-11,2014-10,2015-03,-0.0958082514625848,79.4378947368421,-0.05394,-512.64576,-435.0,-435.0,0.0,normal,False,84.38005,-0.5809924895735261,-0.2205927809185758,1.052788311128218,-0.8054008464851463,-0.8911774245526921,downloaded_2026-07-31_ex_post
DEVELOPMENT_2014-10,development,2,2014-12,2014-10,2015-03,-0.2424524522902489,62.33500000000001,-0.09134636600326553,-868.1558624950355,-690.0,-690.0,0.0,normal,False,86.52622,-0.5255673268631813,-0.8034985492806043,-1.3192942457339991,-2.39934136029386,-2.2469964143025263,downloaded_2026-07-31_ex_post
DEVELOPMENT_2014-10,development,3,2015-01,2014-10,2015-03,-0.2663450657791175,47.7595,-0.07489416406232684,-711.7941352483542,-545.0,-545.0,0.0,normal,False,111.985695,0.131927440277799,0.2021748354045017,-0.0426453546137305,-2.373438877581417,-2.4678988359470786,downloaded_2026-07-31_ex_post
DEVELOPMENT_2014-10,development,4,2015-02,2014-10,2015-03,0.1959102081726174,58.0955,0.10293974020900479,978.3392909463815,680.0,680.0,0.0,extreme,False,111.9247,0.1303522352383484,-0.8549072869946648,-0.8585994362382946,2.6859695246094977,1.8059454415522465,downloaded_2026-07-31_ex_post
DEVELOPMENT_2014-10,development,5,2015-03,2014-10,2015-03,-0.0387840667999244,55.88545454545454,-0.03726294776533215,-354.14705556171674,-240.0,-240.0,0.0,normal,False,104.23527,-0.0682284498424267,-1.4473024509496255,0.1282253822687279,-1.0114055983142138,-0.363952535983822,downloaded_2026-07-31_ex_post
DEVELOPMENT_2014-11,development,0,2014-11,2014-11,2015-04,-0.0958082514625848,79.4378947368421,-0.05394,-512.64576,-435.0,-435.0,0.0,normal,False,84.38005,-0.5809924895735261,-0.2205927809185758,1.052788311128218,-0.8054008464851463,-0.8911774245526921,downloaded_2026-07-31_ex_post
DEVELOPMENT_2014-11,development,1,2014-12,2014-11,2015-04,-0.2424524522902489,62.33500000000001,-0.09134636600326553,-868.1558624950355,-690.0,-690.0,0.0,normal,False,86.52622,-0.5255673268631813,-0.8034985492806043,-1.3192942457339991,-2.39934136029386,-2.2469964143025263,downloaded_2026-07-31_ex_post
DEVELOPMENT_2014-11,development,2,2015-01,2014-11,2015-04,-0.2663450657791175,47.7595,-0.07489416406232684,-711.7941352483542,-545.0,-545.0,0.0,normal,False,111.985695,0.131927440277799,0.2021748354045017,-0.0426453546137305,-2.373438877581417,-2.4678988359470786,downloaded_2026-07-31_ex_post
DEVELOPMENT_2014-11,development,3,2015-02,2014-11,2015-04,0.1959102081726174,58.0955,0.10293974020900479,978.3392909463815,680.0,680.0,0.0,extreme,False,111.9247,0.1303522352383484,-0.8549072869946648,-0.8585994362382946,2.6859695246094977,1.8059454415522465,downloaded_2026-07-31_ex_post
DEVELOPMENT_2014-11,development,4,2015-03,2014-11,2015-04,-0.0387840667999244,55.88545454545454,-0.03726294776533215,-354.14705556171674,-240.0,-240.0,0.0,normal,False,104.23527,-0.0682284498424267,-1.4473024509496255,0.1282253822687279,-1.0114055983142138,-0.363952535983822,downloaded_2026-07-31_ex_post
DEVELOPMENT_2014-11,development,5,2015-04,2014-11,2015-04,0.06308025115041,59.52428571428571,0.06112389089714098,580.9214590864278,420.0,420.0,0.0,stress,False,102.19049,-0.1210352005690043,-0.4786783347549503,-0.3207632155893878,1.0195490695770806,0.5778479298749288,downloaded_2026-07-31_ex_post
DEVELOPMENT_2014-12,development,0,2014-12,2014-12,2015-05,-0.2424524522902489,62.33500000000001,-0.09134636600326553,-868.1558624950355,-690.0,-690.0,0.0,normal,False,86.52622,-0.5255673268631813,-0.8034985492806043,-1.3192942457339991,-2.39934136029386,-2.2469964143025263,downloaded_2026-07-31_ex_post
DEVELOPMENT_2014-12,development,1,2015-01,2014-12,2015-05,-0.2663450657791175,47.7595,-0.07489416406232684,-711.7941352483542,-545.0,-545.0,0.0,normal,False,111.985695,0.131927440277799,0.2021748354045017,-0.0426453546137305,-2.373438877581417,-2.4678988359470786,downloaded_2026-07-31_ex_post
DEVELOPMENT_2014-12,development,2,2015-02,2014-12,2015-05,0.1959102081726174,58.0955,0.10293974020900479,978.3392909463815,680.0,680.0,0.0,extreme,False,111.9247,0.1303522352383484,-0.8549072869946648,-0.8585994362382946,2.6859695246094977,1.8059454415522465,downloaded_2026-07-31_ex_post
DEVELOPMENT_2014-12,development,3,2015-03,2014-12,2015-05,-0.0387840667999244,55.88545454545454,-0.03726294776533215,-354.14705556171674,-240.0,-240.0,0.0,normal,False,104.23527,-0.0682284498424267,-1.4473024509496255,0.1282253822687279,-1.0114055983142138,-0.363952535983822,downloaded_2026-07-31_ex_post
DEVELOPMENT_2014-12,development,4,2015-04,2014-12,2015-05,0.06308025115041,59.52428571428571,0.06112389089714098,580.9214590864278,420.0,420.0,0.0,stress,False,102.19049,-0.1210352005690043,-0.4786783347549503,-0.3207632155893878,1.0195490695770806,0.5778479298749288,downloaded_2026-07-31_ex_post
DEVELOPMENT_2014-12,development,5,2015-05,2014-12,2015-05,0.073669879709211,64.075,0.037444933920704845,355.87665198237886,255.0,255.0,0.0,normal,False,76.26233,-0.7906338282545348,-0.2559545786111954,-0.3782418724883794,0.8731176003158105,0.6757557872152448,downloaded_2026-07-31_ex_post
DEVELOPMENT_2015-01,development,0,2015-01,2015-01,2015-06,-0.2663450657791175,47.7595,-0.07489416406232684,-711.7941352483542,-545.0,-545.0,0.0,normal,False,111.985695,0.131927440277799,0.2021748354045017,-0.0426453546137305,-2.373438877581417,-2.4678988359470786,downloaded_2026-07-31_ex_post
DEVELOPMENT_2015-01,development,1,2015-02,2015-01,2015-06,0.1959102081726174,58.0955,0.10293974020900479,978.3392909463815,680.0,680.0,0.0,extreme,False,111.9247,0.1303522352383484,-0.8549072869946648,-0.8585994362382946,2.6859695246094977,1.8059454415522465,downloaded_2026-07-31_ex_post
DEVELOPMENT_2015-01,development,2,2015-03,2015-01,2015-06,-0.0387840667999244,55.88545454545454,-0.03726294776533215,-354.14705556171674,-240.0,-240.0,0.0,normal,False,104.23527,-0.0682284498424267,-1.4473024509496255,0.1282253822687279,-1.0114055983142138,-0.363952535983822,downloaded_2026-07-31_ex_post
DEVELOPMENT_2015-01,development,3,2015-04,2015-01,2015-06,0.06308025115041,59.52428571428571,0.06112389089714098,580.9214590864278,420.0,420.0,0.0,stress,False,102.19049,-0.1210352005690043,-0.4786783347549503,-0.3207632155893878,1.0195490695770806,0.5778479298749288,downloaded_2026-07-31_ex_post
DEVELOPMENT_2015-01,development,4,2015-05,2015-01,2015-06,0.073669879709211,64.075,0.037444933920704845,355.87665198237886,255.0,255.0,0.0,normal,False,76.26233,-0.7906338282545348,-0.2559545786111954,-0.3782418724883794,0.8731176003158105,0.6757557872152448,downloaded_2026-07-31_ex_post
DEVELOPMENT_2015-01,development,5,2015-06,2015-01,2015-06,-0.0413793211998054,61.47772727272727,-0.015162968562408289,-144.10885321712837,-110.0,-110.0,0.0,normal,False,85.90597,-0.5415853763052532,-0.2632642305828018,0.237286234429521,0.330969805097013,-0.3879473150390513,downloaded_2026-07-31_ex_post
DEVELOPMENT_2015-02,development,0,2015-02,2015-02,2015-07,0.1959102081726174,58.0955,0.10293974020900479,978.3392909463815,680.0,680.0,0.0,extreme,False,111.9247,0.1303522352383484,-0.8549072869946648,-0.8585994362382946,2.6859695246094977,1.8059454415522465,downloaded_2026-07-31_ex_post
DEVELOPMENT_2015-02,development,1,2015-03,2015-02,2015-07,-0.0387840667999244,55.88545454545454,-0.03726294776533215,-354.14705556171674,-240.0,-240.0,0.0,normal,False,104.23527,-0.0682284498424267,-1.4473024509496255,0.1282253822687279,-1.0114055983142138,-0.363952535983822,downloaded_2026-07-31_ex_post
DEVELOPMENT_2015-02,development,2,2015-04,2015-02,2015-07,0.06308025115041,59.52428571428571,0.06112389089714098,580.9214590864278,420.0,420.0,0.0,stress,False,102.19049,-0.1210352005690043,-0.4786783347549503,-0.3207632155893878,1.0195490695770806,0.5778479298749288,downloaded_2026-07-31_ex_post
DEVELOPMENT_2015-02,development,3,2015-05,2015-02,2015-07,0.073669879709211,64.075,0.037444933920704845,355.87665198237886,255.0,255.0,0.0,normal,False,76.26233,-0.7906338282545348,-0.2559545786111954,-0.3782418724883794,0.8731176003158105,0.6757557872152448,downloaded_2026-07-31_ex_post
DEVELOPMENT_2015-02,development,4,2015-06,2015-02,2015-07,-0.0413793211998054,61.47772727272727,-0.015162968562408289,-144.10885321712837,-110.0,-110.0,0.0,normal,False,85.90597,-0.5415853763052532,-0.2632642305828018,0.237286234429521,0.330969805097013,-0.3879473150390513,downloaded_2026-07-31_ex_post
DEVELOPMENT_2015-02,development,5,2015-07,2015-02,2015-07,-0.0833498684155777,56.56130434782609,-0.04955719726517689,-470.99160280824117,-360.0,-360.0,0.0,normal,False,106.80866,-0.0017702664426146,0.1164146300970062,0.6464500711462527,-0.490825897830661,-0.7759917423274519,downloaded_2026-07-31_ex_post
DEVELOPMENT_2015-03,development,0,2015-03,2015-03,2015-08,-0.0387840667999244,55.88545454545454,-0.03726294776533215,-354.14705556171674,-240.0,-240.0,0.0,normal,False,104.23527,-0.0682284498424267,-1.4473024509496255,0.1282253822687279,-1.0114055983142138,-0.363952535983822,downloaded_2026-07-31_ex_post
DEVELOPMENT_2015-03,development,1,2015-04,2015-03,2015-08,0.06308025115041,59.52428571428571,0.06112389089714098,580.9214590864278,420.0,420.0,0.0,stress,False,102.19049,-0.1210352005690043,-0.4786783347549503,-0.3207632155893878,1.0195490695770806,0.5778479298749288,downloaded_2026-07-31_ex_post
DEVELOPMENT_2015-03,development,2,2015-05,2015-03,2015-08,0.073669879709211,64.075,0.037444933920704845,355.87665198237886,255.0,255.0,0.0,normal,False,76.26233,-0.7906338282545348,-0.2559545786111954,-0.3782418724883794,0.8731176003158105,0.6757557872152448,downloaded_2026-07-31_ex_post
DEVELOPMENT_2015-03,development,3,2015-06,2015-03,2015-08,-0.0413793211998054,61.47772727272727,-0.015162968562408289,-144.10885321712837,-110.0,-110.0,0.0,normal,False,85.90597,-0.5415853763052532,-0.2632642305828018,0.237286234429521,0.330969805097013,-0.3879473150390513,downloaded_2026-07-31_ex_post
DEVELOPMENT_2015-03,development,4,2015-07,2015-03,2015-08,-0.0833498684155777,56.56130434782609,-0.04955719726517689,-470.99160280824117,-360.0,-360.0,0.0,normal,False,106.80866,-0.0017702664426146,0.1164146300970062,0.6464500711462527,-0.490825897830661,-0.7759917423274519,downloaded_2026-07-31_ex_post
DEVELOPMENT_2015-03,development,5,2015-08,2015-03,2015-08,-0.1955502414142298,46.515,-0.06076907296391694,-577.5492694490666,-430.0,-430.0,0.0,normal,False,82.47853,-0.6300995292754018,-0.1867384021051696,0.4685614816536379,-1.7213270024213887,-1.8133556169982417,downloaded_2026-07-31_ex_post
DEVELOPMENT_2015-04,development,0,2015-04,2015-04,2015-09,0.06308025115041,59.52428571428571,0.06112389089714098,580.9214590864278,420.0,420.0,0.0,stress,False,102.19049,-0.1210352005690043,-0.4786783347549503,-0.3207632155893878,1.0195490695770806,0.5778479298749288,downloaded_2026-07-31_ex_post
DEVELOPMENT_2015-04,development,1,2015-05,2015-04,2015-09,0.073669879709211,64.075,0.037444933920704845,355.87665198237886,255.0,255.0,0.0,normal,False,76.26233,-0.7906338282545348,-0.2559545786111954,-0.3782418724883794,0.8731176003158105,0.6757557872152448,downloaded_2026-07-31_ex_post
DEVELOPMENT_2015-04,development,2,2015-06,2015-04,2015-09,-0.0413793211998054,61.47772727272727,-0.015162968562408289,-144.10885321712837,-110.0,-110.0,0.0,normal,False,85.90597,-0.5415853763052532,-0.2632642305828018,0.237286234429521,0.330969805097013,-0.3879473150390513,downloaded_2026-07-31_ex_post
DEVELOPMENT_2015-04,development,3,2015-07,2015-04,2015-09,-0.0833498684155777,56.56130434782609,-0.04955719726517689,-470.99160280824117,-360.0,-360.0,0.0,normal,False,106.80866,-0.0017702664426146,0.1164146300970062,0.6464500711462527,-0.490825897830661,-0.7759917423274519,downloaded_2026-07-31_ex_post
DEVELOPMENT_2015-04,development,4,2015-08,2015-04,2015-09,-0.1955502414142298,46.515,-0.06076907296391694,-577.5492694490666,-430.0,-430.0,0.0,normal,False,82.47853,-0.6300995292754018,-0.1867384021051696,0.4685614816536379,-1.7213270024213887,-1.8133556169982417,downloaded_2026-07-31_ex_post
DEVELOPMENT_2015-04,development,5,2015-09,2015-04,2015-09,0.02354481445153,47.62318181818182,-0.005306791225453034,-50.43574380670563,-35.0,-35.0,0.0,normal,False,98.767456,-0.2094355679271552,-0.3003919457881366,-0.5752680819654541,0.868780831129956,0.2123176494965866,downloaded_2026-07-31_ex_post
DEVELOPMENT_2015-05,development,0,2015-05,2015-05,2015-10,0.073669879709211,64.075,0.037444933920704845,355.87665198237886,255.0,255.0,0.0,normal,False,76.26233,-0.7906338282545348,-0.2559545786111954,-0.3782418724883794,0.8731176003158105,0.6757557872152448,downloaded_2026-07-31_ex_post
DEVELOPMENT_2015-05,development,1,2015-06,2015-05,2015-10,-0.0413793211998054,61.47772727272727,-0.015162968562408289,-144.10885321712837,-110.0,-110.0,0.0,normal,False,85.90597,-0.5415853763052532,-0.2632642305828018,0.237286234429521,0.330969805097013,-0.3879473150390513,downloaded_2026-07-31_ex_post
DEVELOPMENT_2015-05,development,2,2015-07,2015-05,2015-10,-0.0833498684155777,56.56130434782609,-0.04955719726517689,-470.99160280824117,-360.0,-360.0,0.0,normal,False,106.80866,-0.0017702664426146,0.1164146300970062,0.6464500711462527,-0.490825897830661,-0.7759917423274519,downloaded_2026-07-31_ex_post
DEVELOPMENT_2015-05,development,3,2015-08,2015-05,2015-10,-0.1955502414142298,46.515,-0.06076907296391694,-577.5492694490666,-430.0,-430.0,0.0,normal,False,82.47853,-0.6300995292754018,-0.1867384021051696,0.4685614816536379,-1.7213270024213887,-1.8133556169982417,downloaded_2026-07-31_ex_post
DEVELOPMENT_2015-05,development,4,2015-09,2015-05,2015-10,0.02354481445153,47.62318181818182,-0.005306791225453034,-50.43574380670563,-35.0,-35.0,0.0,normal,False,98.767456,-0.2094355679271552,-0.3003919457881366,-0.5752680819654541,0.868780831129956,0.2123176494965866,downloaded_2026-07-31_ex_post
DEVELOPMENT_2015-05,development,5,2015-10,2015-05,2015-10,0.0167998007430858,48.43,0.00785401994921067,74.64460559729821,50.0,50.0,0.0,normal,False,91.931885,-0.385965216041291,-0.3408917713933184,-0.6044947655140505,-0.336374911198071,0.1499557039138983,downloaded_2026-07-31_ex_post
DEVELOPMENT_2015-06,development,0,2015-06,2015-06,2015-11,-0.0413793211998054,61.47772727272727,-0.015162968562408289,-144.10885321712837,-110.0,-110.0,0.0,normal,False,85.90597,-0.5415853763052532,-0.2632642305828018,0.237286234429521,0.330969805097013,-0.3879473150390513,downloaded_2026-07-31_ex_post
DEVELOPMENT_2015-06,development,1,2015-07,2015-06,2015-11,-0.0833498684155777,56.56130434782609,-0.04955719726517689,-470.99160280824117,-360.0,-360.0,0.0,normal,False,106.80866,-0.0017702664426146,0.1164146300970062,0.6464500711462527,-0.490825897830661,-0.7759917423274519,downloaded_2026-07-31_ex_post
DEVELOPMENT_2015-06,development,2,2015-08,2015-06,2015-11,-0.1955502414142298,46.515,-0.06076907296391694,-577.5492694490666,-430.0,-430.0,0.0,normal,False,82.47853,-0.6300995292754018,-0.1867384021051696,0.4685614816536379,-1.7213270024213887,-1.8133556169982417,downloaded_2026-07-31_ex_post
DEVELOPMENT_2015-06,development,3,2015-09,2015-06,2015-11,0.02354481445153,47.62318181818182,-0.005306791225453034,-50.43574380670563,-35.0,-35.0,0.0,normal,False,98.767456,-0.2094355679271552,-0.3003919457881366,-0.5752680819654541,0.868780831129956,0.2123176494965866,downloaded_2026-07-31_ex_post
DEVELOPMENT_2015-06,development,4,2015-10,2015-06,2015-11,0.0167998007430858,48.43,0.00785401994921067,74.64460559729821,50.0,50.0,0.0,normal,False,91.931885,-0.385965216041291,-0.3408917713933184,-0.6044947655140505,-0.336374911198071,0.1499557039138983,downloaded_2026-07-31_ex_post
DEVELOPMENT_2015-06,development,5,2015-11,2015-06,2015-11,-0.0898659936424017,44.26761904761905,-0.0326708822643782,-310.5040650406504,-210.0,-210.0,0.0,normal,False,150.71588,1.1321402870824593,-0.1035073601549815,-1.3854814494477954,-0.8634003357397604,-0.8362374681880909,downloaded_2026-07-31_ex_post
DEVELOPMENT_2015-07,development,0,2015-07,2015-07,2015-12,-0.0833498684155777,56.56130434782609,-0.04955719726517689,-470.99160280824117,-360.0,-360.0,0.0,normal,False,106.80866,-0.0017702664426146,0.1164146300970062,0.6464500711462527,-0.490825897830661,-0.7759917423274519,downloaded_2026-07-31_ex_post
DEVELOPMENT_2015-07,development,1,2015-08,2015-07,2015-12,-0.1955502414142298,46.515,-0.06076907296391694,-577.5492694490666,-430.0,-430.0,0.0,normal,False,82.47853,-0.6300995292754018,-0.1867384021051696,0.4685614816536379,-1.7213270024213887,-1.8133556169982417,downloaded_2026-07-31_ex_post
DEVELOPMENT_2015-07,development,2,2015-09,2015-07,2015-12,0.02354481445153,47.62318181818182,-0.005306791225453034,-50.43574380670563,-35.0,-35.0,0.0,normal,False,98.767456,-0.2094355679271552,-0.3003919457881366,-0.5752680819654541,0.868780831129956,0.2123176494965866,downloaded_2026-07-31_ex_post
DEVELOPMENT_2015-07,development,3,2015-10,2015-07,2015-12,0.0167998007430858,48.43,0.00785401994921067,74.64460559729821,50.0,50.0,0.0,normal,False,91.931885,-0.385965216041291,-0.3408917713933184,-0.6044947655140505,-0.336374911198071,0.1499557039138983,downloaded_2026-07-31_ex_post
DEVELOPMENT_2015-07,development,4,2015-11,2015-07,2015-12,-0.0898659936424017,44.26761904761905,-0.0326708822643782,-310.5040650406504,-210.0,-210.0,0.0,normal,False,150.71588,1.1321402870824593,-0.1035073601549815,-1.3854814494477954,-0.8634003357397604,-0.8362374681880909,downloaded_2026-07-31_ex_post
DEVELOPMENT_2015-07,development,5,2015-12,2015-07,2015-12,-0.1525237726774699,38.00545454545455,-0.02297697020916966,-218.37312486794846,-145.0,-145.0,0.0,normal,False,148.23688,1.0681197396146704,-0.18868636482362,-0.4370633039910468,-1.2564931811217646,-1.4155485230529918,downloaded_2026-07-31_ex_post
DEVELOPMENT_2015-08,development,0,2015-08,2015-08,2016-01,-0.1955502414142298,46.515,-0.06076907296391694,-577.5492694490666,-430.0,-430.0,0.0,normal,False,82.47853,-0.6300995292754018,-0.1867384021051696,0.4685614816536379,-1.7213270024213887,-1.8133556169982417,downloaded_2026-07-31_ex_post
DEVELOPMENT_2015-08,development,1,2015-09,2015-08,2016-01,0.02354481445153,47.62318181818182,-0.005306791225453034,-50.43574380670563,-35.0,-35.0,0.0,normal,False,98.767456,-0.2094355679271552,-0.3003919457881366,-0.5752680819654541,0.868780831129956,0.2123176494965866,downloaded_2026-07-31_ex_post
DEVELOPMENT_2015-08,development,2,2015-10,2015-08,2016-01,0.0167998007430858,48.43,0.00785401994921067,74.64460559729821,50.0,50.0,0.0,normal,False,91.931885,-0.385965216041291,-0.3408917713933184,-0.6044947655140505,-0.336374911198071,0.1499557039138983,downloaded_2026-07-31_ex_post
DEVELOPMENT_2015-08,development,3,2015-11,2015-08,2016-01,-0.0898659936424017,44.26761904761905,-0.0326708822643782,-310.5040650406504,-210.0,-210.0,0.0,normal,False,150.71588,1.1321402870824593,-0.1035073601549815,-1.3854814494477954,-0.8634003357397604,-0.8362374681880909,downloaded_2026-07-31_ex_post
DEVELOPMENT_2015-08,development,4,2015-12,2015-08,2016-01,-0.1525237726774699,38.00545454545455,-0.02297697020916966,-218.37312486794846,-145.0,-145.0,0.0,normal,False,148.23688,1.0681197396146704,-0.18868636482362,-0.4370633039910468,-1.2564931811217646,-1.4155485230529918,downloaded_2026-07-31_ex_post
DEVELOPMENT_2015-08,development,5,2016-01,2015-08,2016-01,-0.2134833222796945,30.6995,-0.022914466737064414,-217.77909186906018,-140.0,-140.0,0.0,normal,False,118.21114,0.2927004927709857,-0.4128984718211752,-1.2697206407890782,-1.5471431929069606,-1.9791583657253475,downloaded_2026-07-31_ex_post
DEVELOPMENT_2015-09,development,0,2015-09,2015-09,2016-02,0.02354481445153,47.62318181818182,-0.005306791225453034,-50.43574380670563,-35.0,-35.0,0.0,normal,False,98.767456,-0.2094355679271552,-0.3003919457881366,-0.5752680819654541,0.868780831129956,0.2123176494965866,downloaded_2026-07-31_ex_post
DEVELOPMENT_2015-09,development,1,2015-10,2015-09,2016-02,0.0167998007430858,48.43,0.00785401994921067,74.64460559729821,50.0,50.0,0.0,normal,False,91.931885,-0.385965216041291,-0.3408917713933184,-0.6044947655140505,-0.336374911198071,0.1499557039138983,downloaded_2026-07-31_ex_post
DEVELOPMENT_2015-09,development,2,2015-11,2015-09,2016-02,-0.0898659936424017,44.26761904761905,-0.0326708822643782,-310.5040650406504,-210.0,-210.0,0.0,normal,False,150.71588,1.1321402870824593,-0.1035073601549815,-1.3854814494477954,-0.8634003357397604,-0.8362374681880909,downloaded_2026-07-31_ex_post
DEVELOPMENT_2015-09,development,3,2015-12,2015-09,2016-02,-0.1525237726774699,38.00545454545455,-0.02297697020916966,-218.37312486794846,-145.0,-145.0,0.0,normal,False,148.23688,1.0681197396146704,-0.18868636482362,-0.4370633039910468,-1.2564931811217646,-1.4155485230529918,downloaded_2026-07-31_ex_post
DEVELOPMENT_2015-09,development,4,2016-01,2015-09,2016-02,-0.2134833222796945,30.6995,-0.022914466737064414,-217.77909186906018,-140.0,-140.0,0.0,normal,False,118.21114,0.2927004927709857,-0.4128984718211752,-1.2697206407890782,-1.5471431929069606,-1.9791583657253475,downloaded_2026-07-31_ex_post
DEVELOPMENT_2015-09,development,5,2016-02,2015-09,2016-02,0.0471453854653058,32.1815,0.0,0.0,0.0,0.0,0.0,normal,False,103.74965,-0.0807696593064475,-0.2503406780302718,-1.2230648711678218,1.5148752306898834,0.4305199525458617,downloaded_2026-07-31_ex_post
DEVELOPMENT_2015-10,development,0,2015-10,2015-10,2016-03,0.0167998007430858,48.43,0.00785401994921067,74.64460559729821,50.0,50.0,0.0,normal,False,91.931885,-0.385965216041291,-0.3408917713933184,-0.6044947655140505,-0.336374911198071,0.1499557039138983,downloaded_2026-07-31_ex_post
DEVELOPMENT_2015-10,development,1,2015-11,2015-10,2016-03,-0.0898659936424017,44.26761904761905,-0.0326708822643782,-310.5040650406504,-210.0,-210.0,0.0,normal,False,150.71588,1.1321402870824593,-0.1035073601549815,-1.3854814494477954,-0.8634003357397604,-0.8362374681880909,downloaded_2026-07-31_ex_post
DEVELOPMENT_2015-10,development,2,2015-12,2015-10,2016-03,-0.1525237726774699,38.00545454545455,-0.02297697020916966,-218.37312486794846,-145.0,-145.0,0.0,normal,False,148.23688,1.0681197396146704,-0.18868636482362,-0.4370633039910468,-1.2564931811217646,-1.4155485230529918,downloaded_2026-07-31_ex_post
DEVELOPMENT_2015-10,development,3,2016-01,2015-10,2016-03,-0.2134833222796945,30.6995,-0.022914466737064414,-217.77909186906018,-140.0,-140.0,0.0,normal,False,118.21114,0.2927004927709857,-0.4128984718211752,-1.2697206407890782,-1.5471431929069606,-1.9791583657253475,downloaded_2026-07-31_ex_post
DEVELOPMENT_2015-10,development,4,2016-02,2015-10,2016-03,0.0471453854653058,32.1815,0.0,0.0,0.0,0.0,0.0,normal,False,103.74965,-0.0807696593064475,-0.2503406780302718,-1.2230648711678218,1.5148752306898834,0.4305199525458617,downloaded_2026-07-31_ex_post
DEVELOPMENT_2015-10,development,5,2016-03,2015-10,2016-03,0.1717174040887124,38.21045454545455,0.0,0.0,0.0,0.0,0.0,normal,False,109.72029,0.0734230157774897,-0.6724110980252898,0.0170847762558697,1.6750725198251235,1.5822675667564785,downloaded_2026-07-31_ex_post
DEVELOPMENT_2015-11,development,0,2015-11,2015-11,2016-04,-0.0898659936424017,44.26761904761905,-0.0326708822643782,-310.5040650406504,-210.0,-210.0,0.0,normal,False,150.71588,1.1321402870824593,-0.1035073601549815,-1.3854814494477954,-0.8634003357397604,-0.8362374681880909,downloaded_2026-07-31_ex_post
DEVELOPMENT_2015-11,development,1,2015-12,2015-11,2016-04,-0.1525237726774699,38.00545454545455,-0.02297697020916966,-218.37312486794846,-145.0,-145.0,0.0,normal,False,148.23688,1.0681197396146704,-0.18868636482362,-0.4370633039910468,-1.2564931811217646,-1.4155485230529918,downloaded_2026-07-31_ex_post
DEVELOPMENT_2015-11,development,2,2016-01,2015-11,2016-04,-0.2134833222796945,30.6995,-0.022914466737064414,-217.77909186906018,-140.0,-140.0,0.0,normal,False,118.21114,0.2927004927709857,-0.4128984718211752,-1.2697206407890782,-1.5471431929069606,-1.9791583657253475,downloaded_2026-07-31_ex_post
DEVELOPMENT_2015-11,development,3,2016-02,2015-11,2016-04,0.0471453854653058,32.1815,0.0,0.0,0.0,0.0,0.0,normal,False,103.74965,-0.0807696593064475,-0.2503406780302718,-1.2230648711678218,1.5148752306898834,0.4305199525458617,downloaded_2026-07-31_ex_post
DEVELOPMENT_2015-11,development,4,2016-03,2015-11,2016-04,0.1717174040887124,38.21045454545455,0.0,0.0,0.0,0.0,0.0,normal,False,109.72029,0.0734230157774897,-0.6724110980252898,0.0170847762558697,1.6750725198251235,1.5822675667564785,downloaded_2026-07-31_ex_post
DEVELOPMENT_2015-11,development,5,2016-04,2015-11,2016-04,0.0845902885939287,41.583333333333336,0.027661357921207042,262.89354568315173,165.0,165.0,0.0,normal,False,85.22145,-0.5592632081538415,0.2677925521446389,1.015840032353769,0.4863860532246264,0.7767219192420621,downloaded_2026-07-31_ex_post
DEVELOPMENT_2015-12,development,0,2015-12,2015-12,2016-05,-0.1525237726774699,38.00545454545455,-0.02297697020916966,-218.37312486794846,-145.0,-145.0,0.0,normal,False,148.23688,1.0681197396146704,-0.18868636482362,-0.4370633039910468,-1.2564931811217646,-1.4155485230529918,downloaded_2026-07-31_ex_post
DEVELOPMENT_2015-12,development,1,2016-01,2015-12,2016-05,-0.2134833222796945,30.6995,-0.022914466737064414,-217.77909186906018,-140.0,-140.0,0.0,normal,False,118.21114,0.2927004927709857,-0.4128984718211752,-1.2697206407890782,-1.5471431929069606,-1.9791583657253475,downloaded_2026-07-31_ex_post
DEVELOPMENT_2015-12,development,2,2016-02,2015-12,2016-05,0.0471453854653058,32.1815,0.0,0.0,0.0,0.0,0.0,normal,False,103.74965,-0.0807696593064475,-0.2503406780302718,-1.2230648711678218,1.5148752306898834,0.4305199525458617,downloaded_2026-07-31_ex_post
DEVELOPMENT_2015-12,development,3,2016-03,2015-12,2016-05,0.1717174040887124,38.21045454545455,0.0,0.0,0.0,0.0,0.0,normal,False,109.72029,0.0734230157774897,-0.6724110980252898,0.0170847762558697,1.6750725198251235,1.5822675667564785,downloaded_2026-07-31_ex_post
DEVELOPMENT_2015-12,development,4,2016-04,2015-12,2016-05,0.0845902885939287,41.583333333333336,0.027661357921207042,262.89354568315173,165.0,165.0,0.0,normal,False,85.22145,-0.5592632081538415,0.2677925521446389,1.015840032353769,0.4863860532246264,0.7767219192420621,downloaded_2026-07-31_ex_post
DEVELOPMENT_2015-12,development,5,2016-05,2015-12,2016-05,0.1169518222088052,46.74238095238096,0.055119425421747116,523.8550192082846,330.0,330.0,0.0,stress,False,88.33242,-0.4789219404830599,0.8206767175501446,-0.8809964654593199,0.9766032922404404,1.0759248987314494,downloaded_2026-07-31_ex_post
DEVELOPMENT_2016-01,development,0,2016-01,2016-01,2016-06,-0.2134833222796945,30.6995,-0.022914466737064414,-217.77909186906018,-140.0,-140.0,0.0,normal,False,118.21114,0.2927004927709857,-0.4128984718211752,-1.2697206407890782,-1.5471431929069606,-1.9791583657253475,downloaded_2026-07-31_ex_post
DEVELOPMENT_2016-01,development,1,2016-02,2016-01,2016-06,0.0471453854653058,32.1815,0.0,0.0,0.0,0.0,0.0,normal,False,103.74965,-0.0807696593064475,-0.2503406780302718,-1.2230648711678218,1.5148752306898834,0.4305199525458617,downloaded_2026-07-31_ex_post
DEVELOPMENT_2016-01,development,2,2016-03,2016-01,2016-06,0.1717174040887124,38.21045454545455,0.0,0.0,0.0,0.0,0.0,normal,False,109.72029,0.0734230157774897,-0.6724110980252898,0.0170847762558697,1.6750725198251235,1.5822675667564785,downloaded_2026-07-31_ex_post
DEVELOPMENT_2016-01,development,3,2016-04,2016-01,2016-06,0.0845902885939287,41.583333333333336,0.027661357921207042,262.89354568315173,165.0,165.0,0.0,normal,False,85.22145,-0.5592632081538415,0.2677925521446389,1.015840032353769,0.4863860532246264,0.7767219192420621,downloaded_2026-07-31_ex_post
DEVELOPMENT_2016-01,development,4,2016-05,2016-01,2016-06,0.1169518222088052,46.74238095238096,0.055119425421747116,523.8550192082846,330.0,330.0,0.0,stress,False,88.33242,-0.4789219404830599,0.8206767175501446,-0.8809964654593199,0.9766032922404404,1.0759248987314494,downloaded_2026-07-31_ex_post
DEVELOPMENT_2016-01,development,5,2016-06,2016-01,2016-06,0.0316880342280478,48.24727272727273,0.017605452010945325,167.32221591202438,110.0,110.0,0.0,normal,False,90.16813,-0.4315144539190843,0.4244568925876207,-1.0509071579515945,0.7338416660485537,0.2876069002708758,downloaded_2026-07-31_ex_post
DEVELOPMENT_2016-02,development,0,2016-02,2016-02,2016-07,0.0471453854653058,32.1815,0.0,0.0,0.0,0.0,0.0,normal,False,103.74965,-0.0807696593064475,-0.2503406780302718,-1.2230648711678218,1.5148752306898834,0.4305199525458617,downloaded_2026-07-31_ex_post
DEVELOPMENT_2016-02,development,1,2016-03,2016-02,2016-07,0.1717174040887124,38.21045454545455,0.0,0.0,0.0,0.0,0.0,normal,False,109.72029,0.0734230157774897,-0.6724110980252898,0.0170847762558697,1.6750725198251235,1.5822675667564785,downloaded_2026-07-31_ex_post
DEVELOPMENT_2016-02,development,2,2016-04,2016-02,2016-07,0.0845902885939287,41.583333333333336,0.027661357921207042,262.89354568315173,165.0,165.0,0.0,normal,False,85.22145,-0.5592632081538415,0.2677925521446389,1.015840032353769,0.4863860532246264,0.7767219192420621,downloaded_2026-07-31_ex_post
DEVELOPMENT_2016-02,development,3,2016-05,2016-02,2016-07,0.1169518222088052,46.74238095238096,0.055119425421747116,523.8550192082846,330.0,330.0,0.0,stress,False,88.33242,-0.4789219404830599,0.8206767175501446,-0.8809964654593199,0.9766032922404404,1.0759248987314494,downloaded_2026-07-31_ex_post
DEVELOPMENT_2016-02,development,4,2016-06,2016-02,2016-07,0.0316880342280478,48.24727272727273,0.017605452010945325,167.32221591202438,110.0,110.0,0.0,normal,False,90.16813,-0.4315144539190843,0.4244568925876207,-1.0509071579515945,0.7338416660485537,0.2876069002708758,downloaded_2026-07-31_ex_post
DEVELOPMENT_2016-02,development,5,2016-07,2016-02,2016-07,-0.0707461672547413,44.95190476190477,-0.023697890123330952,-225.22474773213736,-155.0,-155.0,0.0,normal,False,114.61045,0.1997121325201614,0.1900397726535302,-0.2791266476038743,0.077275760827663,-0.6594625016309432,downloaded_2026-07-31_ex_post
DEVELOPMENT_2016-03,development,0,2016-03,2016-03,2016-08,0.1717174040887124,38.21045454545455,0.0,0.0,0.0,0.0,0.0,normal,False,109.72029,0.0734230157774897,-0.6724110980252898,0.0170847762558697,1.6750725198251235,1.5822675667564785,downloaded_2026-07-31_ex_post
DEVELOPMENT_2016-03,development,1,2016-04,2016-03,2016-08,0.0845902885939287,41.583333333333336,0.027661357921207042,262.89354568315173,165.0,165.0,0.0,normal,False,85.22145,-0.5592632081538415,0.2677925521446389,1.015840032353769,0.4863860532246264,0.7767219192420621,downloaded_2026-07-31_ex_post
DEVELOPMENT_2016-03,development,2,2016-05,2016-03,2016-08,0.1169518222088052,46.74238095238096,0.055119425421747116,523.8550192082846,330.0,330.0,0.0,stress,False,88.33242,-0.4789219404830599,0.8206767175501446,-0.8809964654593199,0.9766032922404404,1.0759248987314494,downloaded_2026-07-31_ex_post
DEVELOPMENT_2016-03,development,3,2016-06,2016-03,2016-08,0.0316880342280478,48.24727272727273,0.017605452010945325,167.32221591202438,110.0,110.0,0.0,normal,False,90.16813,-0.4315144539190843,0.4244568925876207,-1.0509071579515945,0.7338416660485537,0.2876069002708758,downloaded_2026-07-31_ex_post
DEVELOPMENT_2016-03,development,4,2016-07,2016-03,2016-08,-0.0707461672547413,44.95190476190477,-0.023697890123330952,-225.22474773213736,-155.0,-155.0,0.0,normal,False,114.61045,0.1997121325201614,0.1900397726535302,-0.2791266476038743,0.077275760827663,-0.6594625016309432,downloaded_2026-07-31_ex_post
DEVELOPMENT_2016-03,development,5,2016-08,2016-03,2016-08,0.0196303285617212,45.84304347826088,-0.006901840490797546,-65.59509202453988,-45.0,-45.0,0.0,normal,False,98.73849,-0.2101836192292737,1.203293203559103,-0.5385377726828297,0.2725354207380063,0.1761257354996075,downloaded_2026-07-31_ex_post
DEVELOPMENT_2016-04,development,0,2016-04,2016-04,2016-09,0.0845902885939287,41.583333333333336,0.027661357921207042,262.89354568315173,165.0,165.0,0.0,normal,False,85.22145,-0.5592632081538415,0.2677925521446389,1.015840032353769,0.4863860532246264,0.7767219192420621,downloaded_2026-07-31_ex_post
DEVELOPMENT_2016-04,development,1,2016-05,2016-04,2016-09,0.1169518222088052,46.74238095238096,0.055119425421747116,523.8550192082846,330.0,330.0,0.0,stress,False,88.33242,-0.4789219404830599,0.8206767175501446,-0.8809964654593199,0.9766032922404404,1.0759248987314494,downloaded_2026-07-31_ex_post
DEVELOPMENT_2016-04,development,2,2016-06,2016-04,2016-09,0.0316880342280478,48.24727272727273,0.017605452010945325,167.32221591202438,110.0,110.0,0.0,normal,False,90.16813,-0.4315144539190843,0.4244568925876207,-1.0509071579515945,0.7338416660485537,0.2876069002708758,downloaded_2026-07-31_ex_post
DEVELOPMENT_2016-04,development,3,2016-07,2016-04,2016-09,-0.0707461672547413,44.95190476190477,-0.023697890123330952,-225.22474773213736,-155.0,-155.0,0.0,normal,False,114.61045,0.1997121325201614,0.1900397726535302,-0.2791266476038743,0.077275760827663,-0.6594625016309432,downloaded_2026-07-31_ex_post
DEVELOPMENT_2016-04,development,4,2016-08,2016-04,2016-09,0.0196303285617212,45.84304347826088,-0.006901840490797546,-65.59509202453988,-45.0,-45.0,0.0,normal,False,98.73849,-0.2101836192292737,1.203293203559103,-0.5385377726828297,0.2725354207380063,0.1761257354996075,downloaded_2026-07-31_ex_post
DEVELOPMENT_2016-04,development,5,2016-09,2016-04,2016-09,0.0156842897066944,46.56772727272728,0.007940573770491803,75.4672131147541,50.0,50.0,0.0,normal,False,104.54523,-0.0602236862711817,0.0958324534562797,0.4974892340178091,0.019839194531336,0.1396420942526995,downloaded_2026-07-31_ex_post
DEVELOPMENT_2016-05,development,0,2016-05,2016-05,2016-10,0.1169518222088052,46.74238095238096,0.055119425421747116,523.8550192082846,330.0,330.0,0.0,stress,False,88.33242,-0.4789219404830599,0.8206767175501446,-0.8809964654593199,0.9766032922404404,1.0759248987314494,downloaded_2026-07-31_ex_post
DEVELOPMENT_2016-05,development,1,2016-06,2016-05,2016-10,0.0316880342280478,48.24727272727273,0.017605452010945325,167.32221591202438,110.0,110.0,0.0,normal,False,90.16813,-0.4315144539190843,0.4244568925876207,-1.0509071579515945,0.7338416660485537,0.2876069002708758,downloaded_2026-07-31_ex_post
DEVELOPMENT_2016-05,development,2,2016-07,2016-05,2016-10,-0.0707461672547413,44.95190476190477,-0.023697890123330952,-225.22474773213736,-155.0,-155.0,0.0,normal,False,114.61045,0.1997121325201614,0.1900397726535302,-0.2791266476038743,0.077275760827663,-0.6594625016309432,downloaded_2026-07-31_ex_post
DEVELOPMENT_2016-05,development,3,2016-08,2016-05,2016-10,0.0196303285617212,45.84304347826088,-0.006901840490797546,-65.59509202453988,-45.0,-45.0,0.0,normal,False,98.73849,-0.2101836192292737,1.203293203559103,-0.5385377726828297,0.2725354207380063,0.1761257354996075,downloaded_2026-07-31_ex_post
DEVELOPMENT_2016-05,development,4,2016-09,2016-05,2016-10,0.0156842897066944,46.56772727272728,0.007940573770491803,75.4672131147541,50.0,50.0,0.0,normal,False,104.54523,-0.0602236862711817,0.0958324534562797,0.4974892340178091,0.019839194531336,0.1396420942526995,downloaded_2026-07-31_ex_post
DEVELOPMENT_2016-05,development,5,2016-10,2016-05,2016-10,0.0615169544280451,49.52238095238096,0.05456361913056843,518.5726362169223,355.0,355.0,0.0,stress,False,85.74779,-0.5456703985716731,-0.7973372691015835,-0.4448562646299872,1.042552923520716,0.5633942564883699,downloaded_2026-07-31_ex_post
DEVELOPMENT_2016-06,development,0,2016-06,2016-06,2016-11,0.0316880342280478,48.24727272727273,0.017605452010945325,167.32221591202438,110.0,110.0,0.0,normal,False,90.16813,-0.4315144539190843,0.4244568925876207,-1.0509071579515945,0.7338416660485537,0.2876069002708758,downloaded_2026-07-31_ex_post
DEVELOPMENT_2016-06,development,1,2016-07,2016-06,2016-11,-0.0707461672547413,44.95190476190477,-0.023697890123330952,-225.22474773213736,-155.0,-155.0,0.0,normal,False,114.61045,0.1997121325201614,0.1900397726535302,-0.2791266476038743,0.077275760827663,-0.6594625016309432,downloaded_2026-07-31_ex_post
DEVELOPMENT_2016-06,development,2,2016-08,2016-06,2016-11,0.0196303285617212,45.84304347826088,-0.006901840490797546,-65.59509202453988,-45.0,-45.0,0.0,normal,False,98.73849,-0.2101836192292737,1.203293203559103,-0.5385377726828297,0.2725354207380063,0.1761257354996075,downloaded_2026-07-31_ex_post
DEVELOPMENT_2016-06,development,3,2016-09,2016-06,2016-11,0.0156842897066944,46.56772727272728,0.007940573770491803,75.4672131147541,50.0,50.0,0.0,normal,False,104.54523,-0.0602236862711817,0.0958324534562797,0.4974892340178091,0.019839194531336,0.1396420942526995,downloaded_2026-07-31_ex_post
DEVELOPMENT_2016-06,development,4,2016-10,2016-06,2016-11,0.0615169544280451,49.52238095238096,0.05456361913056843,518.5726362169223,355.0,355.0,0.0,stress,False,85.74779,-0.5456703985716731,-0.7973372691015835,-0.4448562646299872,1.042552923520716,0.5633942564883699,downloaded_2026-07-31_ex_post
DEVELOPMENT_2016-06,development,5,2016-11,2016-06,2016-11,-0.1016888367414106,44.73409090909091,-0.05566214088941362,-529.012987012987,-365.0,-365.0,0.0,normal,False,82.918755,-0.6187306525069438,-0.6906354520322361,0.6772065422476262,-0.8825759008204495,-0.9455471790119578,downloaded_2026-07-31_ex_post
DEVELOPMENT_2016-07,development,0,2016-07,2016-07,2016-12,-0.0707461672547413,44.95190476190477,-0.023697890123330952,-225.22474773213736,-155.0,-155.0,0.0,normal,False,114.61045,0.1997121325201614,0.1900397726535302,-0.2791266476038743,0.077275760827663,-0.6594625016309432,downloaded_2026-07-31_ex_post
DEVELOPMENT_2016-07,development,1,2016-08,2016-07,2016-12,0.0196303285617212,45.84304347826088,-0.006901840490797546,-65.59509202453988,-45.0,-45.0,0.0,normal,False,98.73849,-0.2101836192292737,1.203293203559103,-0.5385377726828297,0.2725354207380063,0.1761257354996075,downloaded_2026-07-31_ex_post
DEVELOPMENT_2016-07,development,2,2016-09,2016-07,2016-12,0.0156842897066944,46.56772727272728,0.007940573770491803,75.4672131147541,50.0,50.0,0.0,normal,False,104.54523,-0.0602236862711817,0.0958324534562797,0.4974892340178091,0.019839194531336,0.1396420942526995,downloaded_2026-07-31_ex_post
DEVELOPMENT_2016-07,development,3,2016-10,2016-07,2016-12,0.0615169544280451,49.52238095238096,0.05456361913056843,518.5726362169223,355.0,355.0,0.0,stress,False,85.74779,-0.5456703985716731,-0.7973372691015835,-0.4448562646299872,1.042552923520716,0.5633942564883699,downloaded_2026-07-31_ex_post
DEVELOPMENT_2016-07,development,4,2016-11,2016-07,2016-12,-0.1016888367414106,44.73409090909091,-0.05566214088941362,-529.012987012987,-365.0,-365.0,0.0,normal,False,82.918755,-0.6187306525069438,-0.6906354520322361,0.6772065422476262,-0.8825759008204495,-0.9455471790119578,downloaded_2026-07-31_ex_post
DEVELOPMENT_2016-07,development,5,2016-12,2016-07,2016-12,0.1753599220280546,53.3085,0.10749974765317452,1021.6776016957707,710.0,710.0,0.0,extreme,False,102.180466,-0.1212940718751024,0.7032712505233707,0.0054808862512035,2.208950381331454,1.6159449639177093,downloaded_2026-07-31_ex_post
DEVELOPMENT_2016-08,development,0,2016-08,2016-08,2017-01,0.0196303285617212,45.84304347826088,-0.006901840490797546,-65.59509202453988,-45.0,-45.0,0.0,normal,False,98.73849,-0.2101836192292737,1.203293203559103,-0.5385377726828297,0.2725354207380063,0.1761257354996075,downloaded_2026-07-31_ex_post
DEVELOPMENT_2016-08,development,1,2016-09,2016-08,2017-01,0.0156842897066944,46.56772727272728,0.007940573770491803,75.4672131147541,50.0,50.0,0.0,normal,False,104.54523,-0.0602236862711817,0.0958324534562797,0.4974892340178091,0.019839194531336,0.1396420942526995,downloaded_2026-07-31_ex_post
DEVELOPMENT_2016-08,development,2,2016-10,2016-08,2017-01,0.0615169544280451,49.52238095238096,0.05456361913056843,518.5726362169223,355.0,355.0,0.0,stress,False,85.74779,-0.5456703985716731,-0.7973372691015835,-0.4448562646299872,1.042552923520716,0.5633942564883699,downloaded_2026-07-31_ex_post
DEVELOPMENT_2016-08,development,3,2016-11,2016-08,2017-01,-0.1016888367414106,44.73409090909091,-0.05566214088941362,-529.012987012987,-365.0,-365.0,0.0,normal,False,82.918755,-0.6187306525069438,-0.6906354520322361,0.6772065422476262,-0.8825759008204495,-0.9455471790119578,downloaded_2026-07-31_ex_post
DEVELOPMENT_2016-08,development,4,2016-12,2016-08,2017-01,0.1753599220280546,53.3085,0.10749974765317452,1021.6776016957707,710.0,710.0,0.0,extreme,False,102.180466,-0.1212940718751024,0.7032712505233707,0.0054808862512035,2.208950381331454,1.6159449639177093,downloaded_2026-07-31_ex_post
DEVELOPMENT_2016-08,development,5,2017-01,2016-08,2017-01,0.0235106478545561,54.57666666666666,0.024878440258698013,236.4446962186659,170.0,170.0,0.0,normal,False,105.20123,-0.0432823877077009,1.0473457414645533,-0.9398544315510686,-1.0457050070641694,0.212001757557247,downloaded_2026-07-31_ex_post
DEVELOPMENT_2016-09,development,0,2016-09,2016-09,2017-02,0.0156842897066944,46.56772727272728,0.007940573770491803,75.4672131147541,50.0,50.0,0.0,normal,False,104.54523,-0.0602236862711817,0.0958324534562797,0.4974892340178091,0.019839194531336,0.1396420942526995,downloaded_2026-07-31_ex_post
DEVELOPMENT_2016-09,development,1,2016-10,2016-09,2017-02,0.0615169544280451,49.52238095238096,0.05456361913056843,518.5726362169223,355.0,355.0,0.0,stress,False,85.74779,-0.5456703985716731,-0.7973372691015835,-0.4448562646299872,1.042552923520716,0.5633942564883699,downloaded_2026-07-31_ex_post
DEVELOPMENT_2016-09,development,2,2016-11,2016-09,2017-02,-0.1016888367414106,44.73409090909091,-0.05566214088941362,-529.012987012987,-365.0,-365.0,0.0,normal,False,82.918755,-0.6187306525069438,-0.6906354520322361,0.6772065422476262,-0.8825759008204495,-0.9455471790119578,downloaded_2026-07-31_ex_post
DEVELOPMENT_2016-09,development,3,2016-12,2016-09,2017-02,0.1753599220280546,53.3085,0.10749974765317452,1021.6776016957707,710.0,710.0,0.0,extreme,False,102.180466,-0.1212940718751024,0.7032712505233707,0.0054808862512035,2.208950381331454,1.6159449639177093,downloaded_2026-07-31_ex_post
DEVELOPMENT_2016-09,development,4,2017-01,2016-09,2017-02,0.0235106478545561,54.57666666666666,0.024878440258698013,236.4446962186659,170.0,170.0,0.0,normal,False,105.20123,-0.0432823877077009,1.0473457414645533,-0.9398544315510686,-1.0457050070641694,0.212001757557247,downloaded_2026-07-31_ex_post
DEVELOPMENT_2016-09,development,5,2017-02,2016-09,2017-02,0.0053511975984705,54.8695,0.006893177977408164,65.5127634972872,50.0,50.0,0.0,normal,False,114.20636,0.1892764475559586,1.0845909925735335,-1.291179547178922,0.3694881740529061,0.0441060797080234,downloaded_2026-07-31_ex_post
DEVELOPMENT_2016-10,development,0,2016-10,2016-10,2017-03,0.0615169544280451,49.52238095238096,0.05456361913056843,518.5726362169223,355.0,355.0,0.0,stress,False,85.74779,-0.5456703985716731,-0.7973372691015835,-0.4448562646299872,1.042552923520716,0.5633942564883699,downloaded_2026-07-31_ex_post
DEVELOPMENT_2016-10,development,1,2016-11,2016-10,2017-03,-0.1016888367414106,44.73409090909091,-0.05566214088941362,-529.012987012987,-365.0,-365.0,0.0,normal,False,82.918755,-0.6187306525069438,-0.6906354520322361,0.6772065422476262,-0.8825759008204495,-0.9455471790119578,downloaded_2026-07-31_ex_post
DEVELOPMENT_2016-10,development,2,2016-12,2016-10,2017-03,0.1753599220280546,53.3085,0.10749974765317452,1021.6776016957707,710.0,710.0,0.0,extreme,False,102.180466,-0.1212940718751024,0.7032712505233707,0.0054808862512035,2.208950381331454,1.6159449639177093,downloaded_2026-07-31_ex_post
DEVELOPMENT_2016-10,development,3,2017-01,2016-10,2017-03,0.0235106478545561,54.57666666666666,0.024878440258698013,236.4446962186659,170.0,170.0,0.0,normal,False,105.20123,-0.0432823877077009,1.0473457414645533,-0.9398544315510686,-1.0457050070641694,0.212001757557247,downloaded_2026-07-31_ex_post
DEVELOPMENT_2016-10,development,4,2017-02,2016-10,2017-03,0.0053511975984705,54.8695,0.006893177977408164,65.5127634972872,50.0,50.0,0.0,normal,False,114.20636,0.1892764475559586,1.0845909925735335,-1.291179547178922,0.3694881740529061,0.0441060797080234,downloaded_2026-07-31_ex_post
DEVELOPMENT_2016-10,development,5,2017-03,2016-10,2017-03,-0.0616466387728844,51.58913043478261,-0.0430622009569378,-409.2631578947369,-315.0,-315.0,0.0,normal,False,96.63588,-0.264483838394763,0.7810486442464647,1.4261082267636993,-0.7479676250555394,-0.5753315680935861,downloaded_2026-07-31_ex_post
DEVELOPMENT_2016-11,development,0,2016-11,2016-11,2017-04,-0.1016888367414106,44.73409090909091,-0.05566214088941362,-529.012987012987,-365.0,-365.0,0.0,normal,False,82.918755,-0.6187306525069438,-0.6906354520322361,0.6772065422476262,-0.8825759008204495,-0.9455471790119578,downloaded_2026-07-31_ex_post
DEVELOPMENT_2016-11,development,1,2016-12,2016-11,2017-04,0.1753599220280546,53.3085,0.10749974765317452,1021.6776016957707,710.0,710.0,0.0,extreme,False,102.180466,-0.1212940718751024,0.7032712505233707,0.0054808862512035,2.208950381331454,1.6159449639177093,downloaded_2026-07-31_ex_post
DEVELOPMENT_2016-11,development,2,2017-01,2016-11,2017-04,0.0235106478545561,54.57666666666666,0.024878440258698013,236.4446962186659,170.0,170.0,0.0,normal,False,105.20123,-0.0432823877077009,1.0473457414645533,-0.9398544315510686,-1.0457050070641694,0.212001757557247,downloaded_2026-07-31_ex_post
DEVELOPMENT_2016-11,development,3,2017-02,2016-11,2017-04,0.0053511975984705,54.8695,0.006893177977408164,65.5127634972872,50.0,50.0,0.0,normal,False,114.20636,0.1892764475559586,1.0845909925735335,-1.291179547178922,0.3694881740529061,0.0441060797080234,downloaded_2026-07-31_ex_post
DEVELOPMENT_2016-11,development,4,2017-03,2016-11,2017-04,-0.0616466387728844,51.58913043478261,-0.0430622009569378,-409.2631578947369,-315.0,-315.0,0.0,normal,False,96.63588,-0.264483838394763,0.7810486442464647,1.4261082267636993,-0.7479676250555394,-0.5753315680935861,downloaded_2026-07-31_ex_post
DEVELOPMENT_2016-11,development,5,2017-04,2016-11,2017-04,0.0138363108612904,52.30789473684211,0.027506044675140305,261.41744859253345,200.0,200.0,0.0,normal,False,119.45992,0.3249504238991929,0.0679973744251907,0.3019871195364731,0.5145338298270297,0.1225563534111697,downloaded_2026-07-31_ex_post
DEVELOPMENT_2016-12,development,0,2016-12,2016-12,2017-05,0.1753599220280546,53.3085,0.10749974765317452,1021.6776016957707,710.0,710.0,0.0,extreme,False,102.180466,-0.1212940718751024,0.7032712505233707,0.0054808862512035,2.208950381331454,1.6159449639177093,downloaded_2026-07-31_ex_post
DEVELOPMENT_2016-12,development,1,2017-01,2016-12,2017-05,0.0235106478545561,54.57666666666666,0.024878440258698013,236.4446962186659,170.0,170.0,0.0,normal,False,105.20123,-0.0432823877077009,1.0473457414645533,-0.9398544315510686,-1.0457050070641694,0.212001757557247,downloaded_2026-07-31_ex_post
DEVELOPMENT_2016-12,development,2,2017-02,2016-12,2017-05,0.0053511975984705,54.8695,0.006893177977408164,65.5127634972872,50.0,50.0,0.0,normal,False,114.20636,0.1892764475559586,1.0845909925735335,-1.291179547178922,0.3694881740529061,0.0441060797080234,downloaded_2026-07-31_ex_post
DEVELOPMENT_2016-12,development,3,2017-03,2016-12,2017-05,-0.0616466387728844,51.58913043478261,-0.0430622009569378,-409.2631578947369,-315.0,-315.0,0.0,normal,False,96.63588,-0.264483838394763,0.7810486442464647,1.4261082267636993,-0.7479676250555394,-0.5753315680935861,downloaded_2026-07-31_ex_post
DEVELOPMENT_2016-12,development,4,2017-04,2016-12,2017-05,0.0138363108612904,52.30789473684211,0.027506044675140305,261.41744859253345,200.0,200.0,0.0,normal,False,119.45992,0.3249504238991929,0.0679973744251907,0.3019871195364731,0.5145338298270297,0.1225563534111697,downloaded_2026-07-31_ex_post
DEVELOPMENT_2016-12,development,5,2017-05,2016-12,2017-05,-0.0386151013673914,50.32652173913044,-0.015395381385584325,-146.3177046885934,-110.0,-110.0,0.0,normal,False,102.57996,-0.1109770793014448,-1.1961580700612306,-1.5184617473991695,-0.4565105099070908,-0.3623903429973516,downloaded_2026-07-31_ex_post
DEVELOPMENT_2017-01,development,0,2017-01,2017-01,2017-06,0.0235106478545561,54.57666666666666,0.024878440258698013,236.4446962186659,170.0,170.0,0.0,normal,False,105.20123,-0.0432823877077009,1.0473457414645533,-0.9398544315510686,-1.0457050070641694,0.212001757557247,downloaded_2026-07-31_ex_post
DEVELOPMENT_2017-01,development,1,2017-02,2017-01,2017-06,0.0053511975984705,54.8695,0.006893177977408164,65.5127634972872,50.0,50.0,0.0,normal,False,114.20636,0.1892764475559586,1.0845909925735335,-1.291179547178922,0.3694881740529061,0.0441060797080234,downloaded_2026-07-31_ex_post
DEVELOPMENT_2017-01,development,2,2017-03,2017-01,2017-06,-0.0616466387728844,51.58913043478261,-0.0430622009569378,-409.2631578947369,-315.0,-315.0,0.0,normal,False,96.63588,-0.264483838394763,0.7810486442464647,1.4261082267636993,-0.7479676250555394,-0.5753315680935861,downloaded_2026-07-31_ex_post
DEVELOPMENT_2017-01,development,3,2017-04,2017-01,2017-06,0.0138363108612904,52.30789473684211,0.027506044675140305,261.41744859253345,200.0,200.0,0.0,normal,False,119.45992,0.3249504238991929,0.0679973744251907,0.3019871195364731,0.5145338298270297,0.1225563534111697,downloaded_2026-07-31_ex_post
DEVELOPMENT_2017-01,development,4,2017-05,2017-01,2017-06,-0.0386151013673914,50.32652173913044,-0.015395381385584325,-146.3177046885934,-110.0,-110.0,0.0,normal,False,102.57996,-0.1109770793014448,-1.1961580700612306,-1.5184617473991695,-0.4565105099070908,-0.3623903429973516,downloaded_2026-07-31_ex_post
DEVELOPMENT_2017-01,development,5,2017-06,2017-01,2017-06,-0.0819187219726189,46.36818181818182,-0.06064190341878398,-576.3406500921229,-430.0,-430.0,0.0,normal,False,126.78902,0.5142255325906704,-0.6182178065062255,-0.7684230762588502,-0.4225087245682367,-0.7627598824003294,downloaded_2026-07-31_ex_post
DEVELOPMENT_2017-02,development,0,2017-02,2017-02,2017-07,0.0053511975984705,54.8695,0.006893177977408164,65.5127634972872,50.0,50.0,0.0,normal,False,114.20636,0.1892764475559586,1.0845909925735335,-1.291179547178922,0.3694881740529061,0.0441060797080234,downloaded_2026-07-31_ex_post
DEVELOPMENT_2017-02,development,1,2017-03,2017-02,2017-07,-0.0616466387728844,51.58913043478261,-0.0430622009569378,-409.2631578947369,-315.0,-315.0,0.0,normal,False,96.63588,-0.264483838394763,0.7810486442464647,1.4261082267636993,-0.7479676250555394,-0.5753315680935861,downloaded_2026-07-31_ex_post
DEVELOPMENT_2017-02,development,2,2017-04,2017-02,2017-07,0.0138363108612904,52.30789473684211,0.027506044675140305,261.41744859253345,200.0,200.0,0.0,normal,False,119.45992,0.3249504238991929,0.0679973744251907,0.3019871195364731,0.5145338298270297,0.1225563534111697,downloaded_2026-07-31_ex_post
DEVELOPMENT_2017-02,development,3,2017-05,2017-02,2017-07,-0.0386151013673914,50.32652173913044,-0.015395381385584325,-146.3177046885934,-110.0,-110.0,0.0,normal,False,102.57996,-0.1109770793014448,-1.1961580700612306,-1.5184617473991695,-0.4565105099070908,-0.3623903429973516,downloaded_2026-07-31_ex_post
DEVELOPMENT_2017-02,development,4,2017-06,2017-02,2017-07,-0.0819187219726189,46.36818181818182,-0.06064190341878398,-576.3406500921229,-430.0,-430.0,0.0,normal,False,126.78902,0.5142255325906704,-0.6182178065062255,-0.7684230762588502,-0.4225087245682367,-0.7627598824003294,downloaded_2026-07-31_ex_post
DEVELOPMENT_2017-02,development,5,2017-07,2017-02,2017-07,0.0445083867642965,48.47857142857143,0.010821469796075412,102.84724894190072,75.0,75.0,0.0,normal,False,102.81346,-0.1049469067182543,-0.565292271458492,0.5357179235618373,1.1881480787586642,0.40613922085245,downloaded_2026-07-31_ex_post
DEVELOPMENT_2017-03,development,0,2017-03,2017-03,2017-08,-0.0616466387728844,51.58913043478261,-0.0430622009569378,-409.2631578947369,-315.0,-315.0,0.0,normal,False,96.63588,-0.264483838394763,0.7810486442464647,1.4261082267636993,-0.7479676250555394,-0.5753315680935861,downloaded_2026-07-31_ex_post
DEVELOPMENT_2017-03,development,1,2017-04,2017-03,2017-08,0.0138363108612904,52.30789473684211,0.027506044675140305,261.41744859253345,200.0,200.0,0.0,normal,False,119.45992,0.3249504238991929,0.0679973744251907,0.3019871195364731,0.5145338298270297,0.1225563534111697,downloaded_2026-07-31_ex_post
DEVELOPMENT_2017-03,development,2,2017-05,2017-03,2017-08,-0.0386151013673914,50.32652173913044,-0.015395381385584325,-146.3177046885934,-110.0,-110.0,0.0,normal,False,102.57996,-0.1109770793014448,-1.1961580700612306,-1.5184617473991695,-0.4565105099070908,-0.3623903429973516,downloaded_2026-07-31_ex_post
DEVELOPMENT_2017-03,development,3,2017-06,2017-03,2017-08,-0.0819187219726189,46.36818181818182,-0.06064190341878398,-576.3406500921229,-430.0,-430.0,0.0,normal,False,126.78902,0.5142255325906704,-0.6182178065062255,-0.7684230762588502,-0.4225087245682367,-0.7627598824003294,downloaded_2026-07-31_ex_post
DEVELOPMENT_2017-03,development,4,2017-07,2017-03,2017-08,0.0445083867642965,48.47857142857143,0.010821469796075412,102.84724894190072,75.0,75.0,0.0,normal,False,102.81346,-0.1049469067182543,-0.565292271458492,0.5357179235618373,1.1881480787586642,0.40613922085245,downloaded_2026-07-31_ex_post
DEVELOPMENT_2017-03,development,5,2017-08,2017-03,2017-08,0.064420001100339,51.70434782608696,0.02608361179892781,247.8986465370099,175.0,175.0,0.0,normal,False,138.53162,0.8174799419070322,0.1698740285794888,1.3617343233809711,0.0787180824687863,0.5902347710413575,downloaded_2026-07-31_ex_post
DEVELOPMENT_2017-04,development,0,2017-04,2017-04,2017-09,0.0138363108612904,52.30789473684211,0.027506044675140305,261.41744859253345,200.0,200.0,0.0,normal,False,119.45992,0.3249504238991929,0.0679973744251907,0.3019871195364731,0.5145338298270297,0.1225563534111697,downloaded_2026-07-31_ex_post
DEVELOPMENT_2017-04,development,1,2017-05,2017-04,2017-09,-0.0386151013673914,50.32652173913044,-0.015395381385584325,-146.3177046885934,-110.0,-110.0,0.0,normal,False,102.57996,-0.1109770793014448,-1.1961580700612306,-1.5184617473991695,-0.4565105099070908,-0.3623903429973516,downloaded_2026-07-31_ex_post
DEVELOPMENT_2017-04,development,2,2017-06,2017-04,2017-09,-0.0819187219726189,46.36818181818182,-0.06064190341878398,-576.3406500921229,-430.0,-430.0,0.0,normal,False,126.78902,0.5142255325906704,-0.6182178065062255,-0.7684230762588502,-0.4225087245682367,-0.7627598824003294,downloaded_2026-07-31_ex_post
DEVELOPMENT_2017-04,development,3,2017-07,2017-04,2017-09,0.0445083867642965,48.47857142857143,0.010821469796075412,102.84724894190072,75.0,75.0,0.0,normal,False,102.81346,-0.1049469067182543,-0.565292271458492,0.5357179235618373,1.1881480787586642,0.40613922085245,downloaded_2026-07-31_ex_post
DEVELOPMENT_2017-04,development,4,2017-08,2017-04,2017-09,0.064420001100339,51.70434782608696,0.02608361179892781,247.8986465370099,175.0,175.0,0.0,normal,False,138.53162,0.8174799419070322,0.1698740285794888,1.3617343233809711,0.0787180824687863,0.5902347710413575,downloaded_2026-07-31_ex_post
DEVELOPMENT_2017-04,development,5,2017-09,2017-04,2017-09,0.0825356888065429,56.15285714285714,0.04412348041160138,419.3495578318595,305.0,305.0,0.0,normal,False,115.53445,0.2235745713504307,0.3577531133538765,0.445948856869781,0.3803471505834962,0.7577258362578646,downloaded_2026-07-31_ex_post
DEVELOPMENT_2017-05,development,0,2017-05,2017-05,2017-10,-0.0386151013673914,50.32652173913044,-0.015395381385584325,-146.3177046885934,-110.0,-110.0,0.0,normal,False,102.57996,-0.1109770793014448,-1.1961580700612306,-1.5184617473991695,-0.4565105099070908,-0.3623903429973516,downloaded_2026-07-31_ex_post
DEVELOPMENT_2017-05,development,1,2017-06,2017-05,2017-10,-0.0819187219726189,46.36818181818182,-0.06064190341878398,-576.3406500921229,-430.0,-430.0,0.0,normal,False,126.78902,0.5142255325906704,-0.6182178065062255,-0.7684230762588502,-0.4225087245682367,-0.7627598824003294,downloaded_2026-07-31_ex_post
DEVELOPMENT_2017-05,development,2,2017-07,2017-05,2017-10,0.0445083867642965,48.47857142857143,0.010821469796075412,102.84724894190072,75.0,75.0,0.0,normal,False,102.81346,-0.1049469067182543,-0.565292271458492,0.5357179235618373,1.1881480787586642,0.40613922085245,downloaded_2026-07-31_ex_post
DEVELOPMENT_2017-05,development,3,2017-08,2017-05,2017-10,0.064420001100339,51.70434782608696,0.02608361179892781,247.8986465370099,175.0,175.0,0.0,normal,False,138.53162,0.8174799419070322,0.1698740285794888,1.3617343233809711,0.0787180824687863,0.5902347710413575,downloaded_2026-07-31_ex_post
DEVELOPMENT_2017-05,development,4,2017-09,2017-05,2017-10,0.0825356888065429,56.15285714285714,0.04412348041160138,419.3495578318595,305.0,305.0,0.0,normal,False,115.53445,0.2235745713504307,0.3577531133538765,0.445948856869781,0.3803471505834962,0.7577258362578646,downloaded_2026-07-31_ex_post
DEVELOPMENT_2017-05,development,5,2017-10,2017-05,2017-10,0.0238417621245758,57.50772727272727,0.0,0.0,0.0,0.0,0.0,normal,False,91.46157,-0.3981111715807477,0.0106556396073187,-0.0052833452649687,0.2850076489163457,0.2150631197695683,downloaded_2026-07-31_ex_post
DEVELOPMENT_2017-06,development,0,2017-06,2017-06,2017-11,-0.0819187219726189,46.36818181818182,-0.06064190341878398,-576.3406500921229,-430.0,-430.0,0.0,normal,False,126.78902,0.5142255325906704,-0.6182178065062255,-0.7684230762588502,-0.4225087245682367,-0.7627598824003294,downloaded_2026-07-31_ex_post
DEVELOPMENT_2017-06,development,1,2017-07,2017-06,2017-11,0.0445083867642965,48.47857142857143,0.010821469796075412,102.84724894190072,75.0,75.0,0.0,normal,False,102.81346,-0.1049469067182543,-0.565292271458492,0.5357179235618373,1.1881480787586642,0.40613922085245,downloaded_2026-07-31_ex_post
DEVELOPMENT_2017-06,development,2,2017-08,2017-06,2017-11,0.064420001100339,51.70434782608696,0.02608361179892781,247.8986465370099,175.0,175.0,0.0,normal,False,138.53162,0.8174799419070322,0.1698740285794888,1.3617343233809711,0.0787180824687863,0.5902347710413575,downloaded_2026-07-31_ex_post
DEVELOPMENT_2017-06,development,3,2017-09,2017-06,2017-11,0.0825356888065429,56.15285714285714,0.04412348041160138,419.3495578318595,305.0,305.0,0.0,normal,False,115.53445,0.2235745713504307,0.3577531133538765,0.445948856869781,0.3803471505834962,0.7577258362578646,downloaded_2026-07-31_ex_post
DEVELOPMENT_2017-06,development,4,2017-10,2017-06,2017-11,0.0238417621245758,57.50772727272727,0.0,0.0,0.0,0.0,0.0,normal,False,91.46157,-0.3981111715807477,0.0106556396073187,-0.0052833452649687,0.2850076489163457,0.2150631197695683,downloaded_2026-07-31_ex_post
DEVELOPMENT_2017-06,development,5,2017-11,2017-06,2017-11,0.0866668316559469,62.71409090909091,0.057320441988950276,544.7734806629834,415.0,415.0,0.0,stress,False,92.596016,-0.3688139331811333,0.1009703937607312,-0.1245864215609298,1.3153219410901784,0.795920881769235,downloaded_2026-07-31_ex_post
DEVELOPMENT_2017-07,development,0,2017-07,2017-07,2017-12,0.0445083867642965,48.47857142857143,0.010821469796075412,102.84724894190072,75.0,75.0,0.0,normal,False,102.81346,-0.1049469067182543,-0.565292271458492,0.5357179235618373,1.1881480787586642,0.40613922085245,downloaded_2026-07-31_ex_post
DEVELOPMENT_2017-07,development,1,2017-08,2017-07,2017-12,0.064420001100339,51.70434782608696,0.02608361179892781,247.8986465370099,175.0,175.0,0.0,normal,False,138.53162,0.8174799419070322,0.1698740285794888,1.3617343233809711,0.0787180824687863,0.5902347710413575,downloaded_2026-07-31_ex_post
DEVELOPMENT_2017-07,development,2,2017-09,2017-07,2017-12,0.0825356888065429,56.15285714285714,0.04412348041160138,419.3495578318595,305.0,305.0,0.0,normal,False,115.53445,0.2235745713504307,0.3577531133538765,0.445948856869781,0.3803471505834962,0.7577258362578646,downloaded_2026-07-31_ex_post
DEVELOPMENT_2017-07,development,3,2017-10,2017-07,2017-12,0.0238417621245758,57.50772727272727,0.0,0.0,0.0,0.0,0.0,normal,False,91.46157,-0.3981111715807477,0.0106556396073187,-0.0052833452649687,0.2850076489163457,0.2150631197695683,downloaded_2026-07-31_ex_post
DEVELOPMENT_2017-07,development,4,2017-11,2017-07,2017-12,0.0866668316559469,62.71409090909091,0.057320441988950276,544.7734806629834,415.0,415.0,0.0,stress,False,92.596016,-0.3688139331811333,0.1009703937607312,-0.1245864215609298,1.3153219410901784,0.795920881769235,downloaded_2026-07-31_ex_post
DEVELOPMENT_2017-07,development,5,2017-12,2017-07,2017-12,0.0261187615450175,64.3736842105263,0.009328772600062192,88.66065479099107,70.0,70.0,0.0,normal,False,82.718254,-0.6239086209570606,1.261771082799854,0.362758730958947,-0.3924153664717869,0.2361154289400639,downloaded_2026-07-31_ex_post
DEVELOPMENT_2017-08,development,0,2017-08,2017-08,2018-01,0.064420001100339,51.70434782608696,0.02608361179892781,247.8986465370099,175.0,175.0,0.0,normal,False,138.53162,0.8174799419070322,0.1698740285794888,1.3617343233809711,0.0787180824687863,0.5902347710413575,downloaded_2026-07-31_ex_post
DEVELOPMENT_2017-08,development,1,2017-09,2017-08,2018-01,0.0825356888065429,56.15285714285714,0.04412348041160138,419.3495578318595,305.0,305.0,0.0,normal,False,115.53445,0.2235745713504307,0.3577531133538765,0.445948856869781,0.3803471505834962,0.7577258362578646,downloaded_2026-07-31_ex_post
DEVELOPMENT_2017-08,development,2,2017-10,2017-08,2018-01,0.0238417621245758,57.50772727272727,0.0,0.0,0.0,0.0,0.0,normal,False,91.46157,-0.3981111715807477,0.0106556396073187,-0.0052833452649687,0.2850076489163457,0.2150631197695683,downloaded_2026-07-31_ex_post
DEVELOPMENT_2017-08,development,3,2017-11,2017-08,2018-01,0.0866668316559469,62.71409090909091,0.057320441988950276,544.7734806629834,415.0,415.0,0.0,stress,False,92.596016,-0.3688139331811333,0.1009703937607312,-0.1245864215609298,1.3153219410901784,0.795920881769235,downloaded_2026-07-31_ex_post
DEVELOPMENT_2017-08,development,4,2017-12,2017-08,2018-01,0.0261187615450175,64.3736842105263,0.009328772600062192,88.66065479099107,70.0,70.0,0.0,normal,False,82.718254,-0.6239086209570606,1.261771082799854,0.362758730958947,-0.3924153664717869,0.2361154289400639,downloaded_2026-07-31_ex_post
DEVELOPMENT_2017-08,development,5,2018-01,2017-08,2018-01,0.0705208532543668,69.07727272727273,0.031976927772982756,303.9087215544281,245.0,245.0,0.0,normal,False,92.42679,-0.3731842200572062,0.511382955402402,-1.2873842198100576,0.6008752114416389,0.6466410329828569,downloaded_2026-07-31_ex_post
DEVELOPMENT_2017-09,development,0,2017-09,2017-09,2018-02,0.0825356888065429,56.15285714285714,0.04412348041160138,419.3495578318595,305.0,305.0,0.0,normal,False,115.53445,0.2235745713504307,0.3577531133538765,0.445948856869781,0.3803471505834962,0.7577258362578646,downloaded_2026-07-31_ex_post
DEVELOPMENT_2017-09,development,1,2017-10,2017-09,2018-02,0.0238417621245758,57.50772727272727,0.0,0.0,0.0,0.0,0.0,normal,False,91.46157,-0.3981111715807477,0.0106556396073187,-0.0052833452649687,0.2850076489163457,0.2150631197695683,downloaded_2026-07-31_ex_post
DEVELOPMENT_2017-09,development,2,2017-11,2017-09,2018-02,0.0866668316559469,62.71409090909091,0.057320441988950276,544.7734806629834,415.0,415.0,0.0,stress,False,92.596016,-0.3688139331811333,0.1009703937607312,-0.1245864215609298,1.3153219410901784,0.795920881769235,downloaded_2026-07-31_ex_post
DEVELOPMENT_2017-09,development,3,2017-12,2017-09,2018-02,0.0261187615450175,64.3736842105263,0.009328772600062192,88.66065479099107,70.0,70.0,0.0,normal,False,82.718254,-0.6239086209570606,1.261771082799854,0.362758730958947,-0.3924153664717869,0.2361154289400639,downloaded_2026-07-31_ex_post
DEVELOPMENT_2017-09,development,4,2018-01,2017-09,2018-02,0.0705208532543668,69.07727272727273,0.031976927772982756,303.9087215544281,245.0,245.0,0.0,normal,False,92.42679,-0.3731842200572062,0.511382955402402,-1.2873842198100576,0.6008752114416389,0.6466410329828569,downloaded_2026-07-31_ex_post
DEVELOPMENT_2017-09,development,5,2018-02,2017-09,2018-02,-0.0559657783283755,65.3175,-0.021667626017597235,-205.92911767124411,-170.0,-170.0,0.0,normal,False,64.49137,-1.094620638831964,0.25901500903594,-0.6580581842518276,-0.7462784405126364,-0.5228083968715923,downloaded_2026-07-31_ex_post
DEVELOPMENT_2017-10,development,0,2017-10,2017-10,2018-03,0.0238417621245758,57.50772727272727,0.0,0.0,0.0,0.0,0.0,normal,False,91.46157,-0.3981111715807477,0.0106556396073187,-0.0052833452649687,0.2850076489163457,0.2150631197695683,downloaded_2026-07-31_ex_post
DEVELOPMENT_2017-10,development,1,2017-11,2017-10,2018-03,0.0866668316559469,62.71409090909091,0.057320441988950276,544.7734806629834,415.0,415.0,0.0,stress,False,92.596016,-0.3688139331811333,0.1009703937607312,-0.1245864215609298,1.3153219410901784,0.795920881769235,downloaded_2026-07-31_ex_post
DEVELOPMENT_2017-10,development,2,2017-12,2017-10,2018-03,0.0261187615450175,64.3736842105263,0.009328772600062192,88.66065479099107,70.0,70.0,0.0,normal,False,82.718254,-0.6239086209570606,1.261771082799854,0.362758730958947,-0.3924153664717869,0.2361154289400639,downloaded_2026-07-31_ex_post
DEVELOPMENT_2017-10,development,3,2018-01,2017-10,2018-03,0.0705208532543668,69.07727272727273,0.031976927772982756,303.9087215544281,245.0,245.0,0.0,normal,False,92.42679,-0.3731842200572062,0.511382955402402,-1.2873842198100576,0.6008752114416389,0.6466410329828569,downloaded_2026-07-31_ex_post
DEVELOPMENT_2017-10,development,4,2018-02,2017-10,2018-03,-0.0559657783283755,65.3175,-0.021667626017597235,-205.92911767124411,-170.0,-170.0,0.0,normal,False,64.49137,-1.094620638831964,0.25901500903594,-0.6580581842518276,-0.7462784405126364,-0.5228083968715923,downloaded_2026-07-31_ex_post
DEVELOPMENT_2017-10,development,5,2018-03,2017-10,2018-03,0.0106472411469482,66.01666666666667,-0.002546264720592916,-24.199699904515075,-20.0,-20.0,0.0,normal,False,111.962296,0.1313231575871175,-0.020728648489809,-0.0418315538284648,0.7779849978383909,0.0930713737533477,downloaded_2026-07-31_ex_post
DEVELOPMENT_2017-11,development,0,2017-11,2017-11,2018-04,0.0866668316559469,62.71409090909091,0.057320441988950276,544.7734806629834,415.0,415.0,0.0,stress,False,92.596016,-0.3688139331811333,0.1009703937607312,-0.1245864215609298,1.3153219410901784,0.795920881769235,downloaded_2026-07-31_ex_post
DEVELOPMENT_2017-11,development,1,2017-12,2017-11,2018-04,0.0261187615450175,64.3736842105263,0.009328772600062192,88.66065479099107,70.0,70.0,0.0,normal,False,82.718254,-0.6239086209570606,1.261771082799854,0.362758730958947,-0.3924153664717869,0.2361154289400639,downloaded_2026-07-31_ex_post
DEVELOPMENT_2017-11,development,2,2018-01,2017-11,2018-04,0.0705208532543668,69.07727272727273,0.031976927772982756,303.9087215544281,245.0,245.0,0.0,normal,False,92.42679,-0.3731842200572062,0.511382955402402,-1.2873842198100576,0.6008752114416389,0.6466410329828569,downloaded_2026-07-31_ex_post
DEVELOPMENT_2017-11,development,3,2018-02,2017-11,2018-04,-0.0559657783283755,65.3175,-0.021667626017597235,-205.92911767124411,-170.0,-170.0,0.0,normal,False,64.49137,-1.094620638831964,0.25901500903594,-0.6580581842518276,-0.7462784405126364,-0.5228083968715923,downloaded_2026-07-31_ex_post
DEVELOPMENT_2017-11,development,4,2018-03,2017-11,2018-04,0.0106472411469482,66.01666666666667,-0.002546264720592916,-24.199699904515075,-20.0,-20.0,0.0,normal,False,111.962296,0.1313231575871175,-0.020728648489809,-0.0418315538284648,0.7779849978383909,0.0930713737533477,downloaded_2026-07-31_ex_post
DEVELOPMENT_2017-11,development,5,2018-04,2017-11,2018-04,0.0882300231818034,72.10600000000001,0.04064799932323831,386.3185855680569,310.0,310.0,0.0,normal,False,123.26347,0.4231776741295717,-0.3474184095241378,-0.2038626810345557,1.0207018153585856,0.8103735825471061,downloaded_2026-07-31_ex_post
DEVELOPMENT_2017-12,development,0,2017-12,2017-12,2018-05,0.0261187615450175,64.3736842105263,0.009328772600062192,88.66065479099107,70.0,70.0,0.0,normal,False,82.718254,-0.6239086209570606,1.261771082799854,0.362758730958947,-0.3924153664717869,0.2361154289400639,downloaded_2026-07-31_ex_post
DEVELOPMENT_2017-12,development,1,2018-01,2017-12,2018-05,0.0705208532543668,69.07727272727273,0.031976927772982756,303.9087215544281,245.0,245.0,0.0,normal,False,92.42679,-0.3731842200572062,0.511382955402402,-1.2873842198100576,0.6008752114416389,0.6466410329828569,downloaded_2026-07-31_ex_post
DEVELOPMENT_2017-12,development,2,2018-02,2017-12,2018-05,-0.0559657783283755,65.3175,-0.021667626017597235,-205.92911767124411,-170.0,-170.0,0.0,normal,False,64.49137,-1.094620638831964,0.25901500903594,-0.6580581842518276,-0.7462784405126364,-0.5228083968715923,downloaded_2026-07-31_ex_post
DEVELOPMENT_2017-12,development,3,2018-03,2017-12,2018-05,0.0106472411469482,66.01666666666667,-0.002546264720592916,-24.199699904515075,-20.0,-20.0,0.0,normal,False,111.962296,0.1313231575871175,-0.020728648489809,-0.0418315538284648,0.7779849978383909,0.0930713737533477,downloaded_2026-07-31_ex_post
DEVELOPMENT_2017-12,development,4,2018-04,2017-12,2018-05,0.0882300231818034,72.10600000000001,0.04064799932323831,386.3185855680569,310.0,310.0,0.0,normal,False,123.26347,0.4231776741295717,-0.3474184095241378,-0.2038626810345557,1.0207018153585856,0.8103735825471061,downloaded_2026-07-31_ex_post
DEVELOPMENT_2017-12,development,5,2018-05,2017-12,2018-05,0.0653465283743797,76.9752380952381,0.045877405377851406,436.01886071109976,360.0,360.0,0.0,stress,False,125.66662,0.4852393839509583,-0.1259430697699577,0.3236031855223031,0.397009593632026,0.5988011055133343,downloaded_2026-07-31_ex_post
DEVELOPMENT_2018-01,development,0,2018-01,2018-01,2018-06,0.0705208532543668,69.07727272727273,0.031976927772982756,303.9087215544281,245.0,245.0,0.0,normal,False,92.42679,-0.3731842200572062,0.511382955402402,-1.2873842198100576,0.6008752114416389,0.6466410329828569,downloaded_2026-07-31_ex_post
DEVELOPMENT_2018-01,development,1,2018-02,2018-01,2018-06,-0.0559657783283755,65.3175,-0.021667626017597235,-205.92911767124411,-170.0,-170.0,0.0,normal,False,64.49137,-1.094620638831964,0.25901500903594,-0.6580581842518276,-0.7462784405126364,-0.5228083968715923,downloaded_2026-07-31_ex_post
DEVELOPMENT_2018-01,development,2,2018-03,2018-01,2018-06,0.0106472411469482,66.01666666666667,-0.002546264720592916,-24.199699904515075,-20.0,-20.0,0.0,normal,False,111.962296,0.1313231575871175,-0.020728648489809,-0.0418315538284648,0.7779849978383909,0.0930713737533477,downloaded_2026-07-31_ex_post
DEVELOPMENT_2018-01,development,3,2018-04,2018-01,2018-06,0.0882300231818034,72.10600000000001,0.04064799932323831,386.3185855680569,310.0,310.0,0.0,normal,False,123.26347,0.4231776741295717,-0.3474184095241378,-0.2038626810345557,1.0207018153585856,0.8103735825471061,downloaded_2026-07-31_ex_post
DEVELOPMENT_2018-01,development,4,2018-05,2018-01,2018-06,0.0653465283743797,76.9752380952381,0.045877405377851406,436.01886071109976,360.0,360.0,0.0,stress,False,125.66662,0.4852393839509583,-0.1259430697699577,0.3236031855223031,0.397009593632026,0.5988011055133343,downloaded_2026-07-31_ex_post
DEVELOPMENT_2018-01,development,5,2018-06,2018-01,2018-06,-0.0339638430688653,74.4047619047619,-0.02254767053273049,-214.29306074307058,-185.0,-185.0,0.0,normal,False,103.96859,-0.0751155009108856,0.2150800666376693,-0.3137517082963367,-0.4710350200870683,-0.3193864990554811,downloaded_2026-07-31_ex_post
DEVELOPMENT_2018-02,development,0,2018-02,2018-02,2018-07,-0.0559657783283755,65.3175,-0.021667626017597235,-205.92911767124411,-170.0,-170.0,0.0,normal,False,64.49137,-1.094620638831964,0.25901500903594,-0.6580581842518276,-0.7462784405126364,-0.5228083968715923,downloaded_2026-07-31_ex_post
DEVELOPMENT_2018-02,development,1,2018-03,2018-02,2018-07,0.0106472411469482,66.01666666666667,-0.002546264720592916,-24.199699904515075,-20.0,-20.0,0.0,normal,False,111.962296,0.1313231575871175,-0.020728648489809,-0.0418315538284648,0.7779849978383909,0.0930713737533477,downloaded_2026-07-31_ex_post
DEVELOPMENT_2018-02,development,2,2018-04,2018-02,2018-07,0.0882300231818034,72.10600000000001,0.04064799932323831,386.3185855680569,310.0,310.0,0.0,normal,False,123.26347,0.4231776741295717,-0.3474184095241378,-0.2038626810345557,1.0207018153585856,0.8103735825471061,downloaded_2026-07-31_ex_post
DEVELOPMENT_2018-02,development,3,2018-05,2018-02,2018-07,0.0653465283743797,76.9752380952381,0.045877405377851406,436.01886071109976,360.0,360.0,0.0,stress,False,125.66662,0.4852393839509583,-0.1259430697699577,0.3236031855223031,0.397009593632026,0.5988011055133343,downloaded_2026-07-31_ex_post
DEVELOPMENT_2018-02,development,4,2018-06,2018-02,2018-07,-0.0339638430688653,74.4047619047619,-0.02254767053273049,-214.29306074307058,-185.0,-185.0,0.0,normal,False,103.96859,-0.0751155009108856,0.2150800666376693,-0.3137517082963367,-0.4710350200870683,-0.3193864990554811,downloaded_2026-07-31_ex_post
DEVELOPMENT_2018-02,development,5,2018-07,2018-02,2018-07,-0.0020270713033436,74.2540909090909,0.017374633035767778,165.12851237193695,145.0,145.0,0.0,normal,False,110.02843,0.0813807775752808,-0.5744798479889539,1.067147155174281,0.7704513451439192,-0.0241107132650339,downloaded_2026-07-31_ex_post
DEVELOPMENT_2018-03,development,0,2018-03,2018-03,2018-08,0.0106472411469482,66.01666666666667,-0.002546264720592916,-24.199699904515075,-20.0,-20.0,0.0,normal,False,111.962296,0.1313231575871175,-0.020728648489809,-0.0418315538284648,0.7779849978383909,0.0930713737533477,downloaded_2026-07-31_ex_post
DEVELOPMENT_2018-03,development,1,2018-04,2018-03,2018-08,0.0882300231818034,72.10600000000001,0.04064799932323831,386.3185855680569,310.0,310.0,0.0,normal,False,123.26347,0.4231776741295717,-0.3474184095241378,-0.2038626810345557,1.0207018153585856,0.8103735825471061,downloaded_2026-07-31_ex_post
DEVELOPMENT_2018-03,development,2,2018-05,2018-03,2018-08,0.0653465283743797,76.9752380952381,0.045877405377851406,436.01886071109976,360.0,360.0,0.0,stress,False,125.66662,0.4852393839509583,-0.1259430697699577,0.3236031855223031,0.397009593632026,0.5988011055133343,downloaded_2026-07-31_ex_post
DEVELOPMENT_2018-03,development,3,2018-06,2018-03,2018-08,-0.0339638430688653,74.4047619047619,-0.02254767053273049,-214.29306074307058,-185.0,-185.0,0.0,normal,False,103.96859,-0.0751155009108856,0.2150800666376693,-0.3137517082963367,-0.4710350200870683,-0.3193864990554811,downloaded_2026-07-31_ex_post
DEVELOPMENT_2018-03,development,4,2018-07,2018-03,2018-08,-0.0020270713033436,74.2540909090909,0.017374633035767778,165.12851237193695,145.0,145.0,0.0,normal,False,110.02843,0.0813807775752808,-0.5744798479889539,1.067147155174281,0.7704513451439192,-0.0241107132650339,downloaded_2026-07-31_ex_post
DEVELOPMENT_2018-03,development,5,2018-08,2018-03,2018-08,-0.0235165815799787,72.52826086956522,0.0023740690394593246,22.56315215102142,20.0,20.0,0.0,normal,False,112.741684,0.1514509697895483,-0.4729526139473625,0.252936137208624,-0.21280038103262,-0.2227949159068178,downloaded_2026-07-31_ex_post
DEVELOPMENT_2018-04,development,0,2018-04,2018-04,2018-09,0.0882300231818034,72.10600000000001,0.04064799932323831,386.3185855680569,310.0,310.0,0.0,normal,False,123.26347,0.4231776741295717,-0.3474184095241378,-0.2038626810345557,1.0207018153585856,0.8103735825471061,downloaded_2026-07-31_ex_post
DEVELOPMENT_2018-04,development,1,2018-05,2018-04,2018-09,0.0653465283743797,76.9752380952381,0.045877405377851406,436.01886071109976,360.0,360.0,0.0,stress,False,125.66662,0.4852393839509583,-0.1259430697699577,0.3236031855223031,0.397009593632026,0.5988011055133343,downloaded_2026-07-31_ex_post
DEVELOPMENT_2018-04,development,2,2018-06,2018-04,2018-09,-0.0339638430688653,74.4047619047619,-0.02254767053273049,-214.29306074307058,-185.0,-185.0,0.0,normal,False,103.96859,-0.0751155009108856,0.2150800666376693,-0.3137517082963367,-0.4710350200870683,-0.3193864990554811,downloaded_2026-07-31_ex_post
DEVELOPMENT_2018-04,development,3,2018-07,2018-04,2018-09,-0.0020270713033436,74.2540909090909,0.017374633035767778,165.12851237193695,145.0,145.0,0.0,normal,False,110.02843,0.0813807775752808,-0.5744798479889539,1.067147155174281,0.7704513451439192,-0.0241107132650339,downloaded_2026-07-31_ex_post
DEVELOPMENT_2018-04,development,4,2018-08,2018-04,2018-09,-0.0235165815799787,72.52826086956522,0.0023740690394593246,22.56315215102142,20.0,20.0,0.0,normal,False,112.741684,0.1514509697895483,-0.4729526139473625,0.252936137208624,-0.21280038103262,-0.2227949159068178,downloaded_2026-07-31_ex_post
DEVELOPMENT_2018-04,development,5,2018-09,2018-04,2018-09,0.0840908619006528,78.89099999999999,0.038467412469932426,365.59428811423777,325.0,325.0,0.0,normal,False,75.05391,-0.821841456318684,0.1241973359227645,-0.5142628752872975,0.9507811796082016,0.7721044015297376,downloaded_2026-07-31_ex_post
DEVELOPMENT_2018-05,development,0,2018-05,2018-05,2018-10,0.0653465283743797,76.9752380952381,0.045877405377851406,436.01886071109976,360.0,360.0,0.0,stress,False,125.66662,0.4852393839509583,-0.1259430697699577,0.3236031855223031,0.397009593632026,0.5988011055133343,downloaded_2026-07-31_ex_post
DEVELOPMENT_2018-05,development,1,2018-06,2018-05,2018-10,-0.0339638430688653,74.4047619047619,-0.02254767053273049,-214.29306074307058,-185.0,-185.0,0.0,normal,False,103.96859,-0.0751155009108856,0.2150800666376693,-0.3137517082963367,-0.4710350200870683,-0.3193864990554811,downloaded_2026-07-31_ex_post
DEVELOPMENT_2018-05,development,2,2018-07,2018-05,2018-10,-0.0020270713033436,74.2540909090909,0.017374633035767778,165.12851237193695,145.0,145.0,0.0,normal,False,110.02843,0.0813807775752808,-0.5744798479889539,1.067147155174281,0.7704513451439192,-0.0241107132650339,downloaded_2026-07-31_ex_post
DEVELOPMENT_2018-05,development,3,2018-08,2018-05,2018-10,-0.0235165815799787,72.52826086956522,0.0023740690394593246,22.56315215102142,20.0,20.0,0.0,normal,False,112.741684,0.1514509697895483,-0.4729526139473625,0.252936137208624,-0.21280038103262,-0.2227949159068178,downloaded_2026-07-31_ex_post
DEVELOPMENT_2018-05,development,4,2018-09,2018-05,2018-10,0.0840908619006528,78.89099999999999,0.038467412469932426,365.59428811423777,325.0,325.0,0.0,normal,False,75.05391,-0.821841456318684,0.1241973359227645,-0.5142628752872975,0.9507811796082016,0.7721044015297376,downloaded_2026-07-31_ex_post
DEVELOPMENT_2018-05,development,5,2018-10,2018-05,2018-10,0.0267791317044476,81.03217391304348,0.04679466194226732,444.73646709930864,405.0,405.0,0.0,stress,False,92.01648,-0.383780537455959,-0.1959081474532858,0.2561358962758836,-0.1322980455578271,0.2422209714529359,downloaded_2026-07-31_ex_post
DEVELOPMENT_2018-06,development,0,2018-06,2018-06,2018-11,-0.0339638430688653,74.4047619047619,-0.02254767053273049,-214.29306074307058,-185.0,-185.0,0.0,normal,False,103.96859,-0.0751155009108856,0.2150800666376693,-0.3137517082963367,-0.4710350200870683,-0.3193864990554811,downloaded_2026-07-31_ex_post
DEVELOPMENT_2018-06,development,1,2018-07,2018-06,2018-11,-0.0020270713033436,74.2540909090909,0.017374633035767778,165.12851237193695,145.0,145.0,0.0,normal,False,110.02843,0.0813807775752808,-0.5744798479889539,1.067147155174281,0.7704513451439192,-0.0241107132650339,downloaded_2026-07-31_ex_post
DEVELOPMENT_2018-06,development,2,2018-08,2018-06,2018-11,-0.0235165815799787,72.52826086956522,0.0023740690394593246,22.56315215102142,20.0,20.0,0.0,normal,False,112.741684,0.1514509697895483,-0.4729526139473625,0.252936137208624,-0.21280038103262,-0.2227949159068178,downloaded_2026-07-31_ex_post
DEVELOPMENT_2018-06,development,3,2018-09,2018-06,2018-11,0.0840908619006528,78.89099999999999,0.038467412469932426,365.59428811423777,325.0,325.0,0.0,normal,False,75.05391,-0.821841456318684,0.1241973359227645,-0.5142628752872975,0.9507811796082016,0.7721044015297376,downloaded_2026-07-31_ex_post
DEVELOPMENT_2018-06,development,4,2018-10,2018-06,2018-11,0.0267791317044476,81.03217391304348,0.04679466194226732,444.73646709930864,405.0,405.0,0.0,stress,False,92.01648,-0.383780537455959,-0.1959081474532858,0.2561358962758836,-0.1322980455578271,0.2422209714529359,downloaded_2026-07-31_ex_post
DEVELOPMENT_2018-06,development,5,2018-11,2018-06,2018-11,-0.2243406644515957,64.74818181818182,-0.0976942935992166,-928.4865663669545,-885.0,-885.0,0.0,normal,False,80.407585,-0.6835819950582501,0.2153920948052234,-0.9420296214905668,-2.3824557195241014,-2.079541405844165,downloaded_2026-07-31_ex_post
DEVELOPMENT_2018-07,development,0,2018-07,2018-07,2018-12,-0.0020270713033436,74.2540909090909,0.017374633035767778,165.12851237193695,145.0,145.0,0.0,normal,False,110.02843,0.0813807775752808,-0.5744798479889539,1.067147155174281,0.7704513451439192,-0.0241107132650339,downloaded_2026-07-31_ex_post
DEVELOPMENT_2018-07,development,1,2018-08,2018-07,2018-12,-0.0235165815799787,72.52826086956522,0.0023740690394593246,22.56315215102142,20.0,20.0,0.0,normal,False,112.741684,0.1514509697895483,-0.4729526139473625,0.252936137208624,-0.21280038103262,-0.2227949159068178,downloaded_2026-07-31_ex_post
DEVELOPMENT_2018-07,development,2,2018-09,2018-07,2018-12,0.0840908619006528,78.89099999999999,0.038467412469932426,365.59428811423777,325.0,325.0,0.0,normal,False,75.05391,-0.821841456318684,0.1241973359227645,-0.5142628752872975,0.9507811796082016,0.7721044015297376,downloaded_2026-07-31_ex_post
DEVELOPMENT_2018-07,development,3,2018-10,2018-07,2018-12,0.0267791317044476,81.03217391304348,0.04679466194226732,444.73646709930864,405.0,405.0,0.0,stress,False,92.01648,-0.383780537455959,-0.1959081474532858,0.2561358962758836,-0.1322980455578271,0.2422209714529359,downloaded_2026-07-31_ex_post
DEVELOPMENT_2018-07,development,4,2018-11,2018-07,2018-12,-0.2243406644515957,64.74818181818182,-0.0976942935992166,-928.4865663669545,-885.0,-885.0,0.0,normal,False,80.407585,-0.6835819950582501,0.2153920948052234,-0.9420296214905668,-2.3824557195241014,-2.079541405844165,downloaded_2026-07-31_ex_post
DEVELOPMENT_2018-07,development,5,2018-12,2018-07,2018-12,-0.1211174041149352,57.36235294117647,-0.1207419505366309,-1147.53149790014,-1035.0,-1035.0,0.0,normal,False,90.607666,-0.4201633706791483,0.3331032178950271,1.1326871009920665,-0.5116925201398805,-1.1251766525266678,downloaded_2026-07-31_ex_post
DEVELOPMENT_2018-08,development,0,2018-08,2018-08,2019-01,-0.0235165815799787,72.52826086956522,0.0023740690394593246,22.56315215102142,20.0,20.0,0.0,normal,False,112.741684,0.1514509697895483,-0.4729526139473625,0.252936137208624,-0.21280038103262,-0.2227949159068178,downloaded_2026-07-31_ex_post
DEVELOPMENT_2018-08,development,1,2018-09,2018-08,2019-01,0.0840908619006528,78.89099999999999,0.038467412469932426,365.59428811423777,325.0,325.0,0.0,normal,False,75.05391,-0.821841456318684,0.1241973359227645,-0.5142628752872975,0.9507811796082016,0.7721044015297376,downloaded_2026-07-31_ex_post
DEVELOPMENT_2018-08,development,2,2018-10,2018-08,2019-01,0.0267791317044476,81.03217391304348,0.04679466194226732,444.73646709930864,405.0,405.0,0.0,stress,False,92.01648,-0.383780537455959,-0.1959081474532858,0.2561358962758836,-0.1322980455578271,0.2422209714529359,downloaded_2026-07-31_ex_post
DEVELOPMENT_2018-08,development,3,2018-11,2018-08,2019-01,-0.2243406644515957,64.74818181818182,-0.0976942935992166,-928.4865663669545,-885.0,-885.0,0.0,normal,False,80.407585,-0.6835819950582501,0.2153920948052234,-0.9420296214905668,-2.3824557195241014,-2.079541405844165,downloaded_2026-07-31_ex_post
DEVELOPMENT_2018-08,development,4,2018-12,2018-08,2019-01,-0.1211174041149352,57.36235294117647,-0.1207419505366309,-1147.53149790014,-1035.0,-1035.0,0.0,normal,False,90.607666,-0.4201633706791483,0.3331032178950271,1.1326871009920665,-0.5116925201398805,-1.1251766525266678,downloaded_2026-07-31_ex_post
DEVELOPMENT_2018-08,development,5,2019-01,2018-08,2019-01,0.0350666953036666,59.40954545454545,0.04586768125132107,435.92644261255543,350.0,350.0,0.0,normal,False,87.4241,-0.5023794409574215,0.617428803905716,-0.6630318182678437,-0.1934392404428893,0.3188447727567846,downloaded_2026-07-31_ex_post
DEVELOPMENT_2018-09,development,0,2018-09,2018-09,2019-02,0.0840908619006528,78.89099999999999,0.038467412469932426,365.59428811423777,325.0,325.0,0.0,normal,False,75.05391,-0.821841456318684,0.1241973359227645,-0.5142628752872975,0.9507811796082016,0.7721044015297376,downloaded_2026-07-31_ex_post
DEVELOPMENT_2018-09,development,1,2018-10,2018-09,2019-02,0.0267791317044476,81.03217391304348,0.04679466194226732,444.73646709930864,405.0,405.0,0.0,stress,False,92.01648,-0.383780537455959,-0.1959081474532858,0.2561358962758836,-0.1322980455578271,0.2422209714529359,downloaded_2026-07-31_ex_post
DEVELOPMENT_2018-09,development,2,2018-11,2018-09,2019-02,-0.2243406644515957,64.74818181818182,-0.0976942935992166,-928.4865663669545,-885.0,-885.0,0.0,normal,False,80.407585,-0.6835819950582501,0.2153920948052234,-0.9420296214905668,-2.3824557195241014,-2.079541405844165,downloaded_2026-07-31_ex_post
DEVELOPMENT_2018-09,development,3,2018-12,2018-09,2019-02,-0.1211174041149352,57.36235294117647,-0.1207419505366309,-1147.53149790014,-1035.0,-1035.0,0.0,normal,False,90.607666,-0.4201633706791483,0.3331032178950271,1.1326871009920665,-0.5116925201398805,-1.1251766525266678,downloaded_2026-07-31_ex_post
DEVELOPMENT_2018-09,development,4,2019-01,2018-09,2019-02,0.0350666953036666,59.40954545454545,0.04586768125132107,435.92644261255543,350.0,350.0,0.0,normal,False,87.4241,-0.5023794409574215,0.617428803905716,-0.6630318182678437,-0.1934392404428893,0.3188447727567846,downloaded_2026-07-31_ex_post
DEVELOPMENT_2018-09,development,5,2019-02,2018-09,2019-02,0.0738107939750163,63.9605,0.006829397250616849,64.90659146986253,50.0,50.0,0.0,normal,False,96.80016,-0.2602412827118228,-0.0098536560172382,-2.561696034248873,0.517400389151762,0.6770586293080596,downloaded_2026-07-31_ex_post
DEVELOPMENT_2018-10,development,0,2018-10,2018-10,2019-03,0.0267791317044476,81.03217391304348,0.04679466194226732,444.73646709930864,405.0,405.0,0.0,stress,False,92.01648,-0.383780537455959,-0.1959081474532858,0.2561358962758836,-0.1322980455578271,0.2422209714529359,downloaded_2026-07-31_ex_post
DEVELOPMENT_2018-10,development,1,2018-11,2018-10,2019-03,-0.2243406644515957,64.74818181818182,-0.0976942935992166,-928.4865663669545,-885.0,-885.0,0.0,normal,False,80.407585,-0.6835819950582501,0.2153920948052234,-0.9420296214905668,-2.3824557195241014,-2.079541405844165,downloaded_2026-07-31_ex_post
DEVELOPMENT_2018-10,development,2,2018-12,2018-10,2019-03,-0.1211174041149352,57.36235294117647,-0.1207419505366309,-1147.53149790014,-1035.0,-1035.0,0.0,normal,False,90.607666,-0.4201633706791483,0.3331032178950271,1.1326871009920665,-0.5116925201398805,-1.1251766525266678,downloaded_2026-07-31_ex_post
DEVELOPMENT_2018-10,development,3,2019-01,2018-10,2019-03,0.0350666953036666,59.40954545454545,0.04586768125132107,435.92644261255543,350.0,350.0,0.0,normal,False,87.4241,-0.5023794409574215,0.617428803905716,-0.6630318182678437,-0.1934392404428893,0.3188447727567846,downloaded_2026-07-31_ex_post
DEVELOPMENT_2018-10,development,4,2019-02,2018-10,2019-03,0.0738107939750163,63.9605,0.006829397250616849,64.90659146986253,50.0,50.0,0.0,normal,False,96.80016,-0.2602412827118228,-0.0098536560172382,-2.561696034248873,0.517400389151762,0.6770586293080596,downloaded_2026-07-31_ex_post
DEVELOPMENT_2018-10,development,5,2019-03,2018-10,2019-03,0.0334864027941677,66.13857142857144,0.04596191726854892,436.8220617202889,350.0,350.0,0.0,stress,False,82.32829,-0.6339794998488432,0.12062197875444,-0.4304162997342772,-0.0453456605369027,0.3042339624987233,downloaded_2026-07-31_ex_post
DEVELOPMENT_2018-11,development,0,2018-11,2018-11,2019-04,-0.2243406644515957,64.74818181818182,-0.0976942935992166,-928.4865663669545,-885.0,-885.0,0.0,normal,False,80.407585,-0.6835819950582501,0.2153920948052234,-0.9420296214905668,-2.3824557195241014,-2.079541405844165,downloaded_2026-07-31_ex_post
DEVELOPMENT_2018-11,development,1,2018-12,2018-11,2019-04,-0.1211174041149352,57.36235294117647,-0.1207419505366309,-1147.53149790014,-1035.0,-1035.0,0.0,normal,False,90.607666,-0.4201633706791483,0.3331032178950271,1.1326871009920665,-0.5116925201398805,-1.1251766525266678,downloaded_2026-07-31_ex_post
DEVELOPMENT_2018-11,development,2,2019-01,2018-11,2019-04,0.0350666953036666,59.40954545454545,0.04586768125132107,435.92644261255543,350.0,350.0,0.0,normal,False,87.4241,-0.5023794409574215,0.617428803905716,-0.6630318182678437,-0.1934392404428893,0.3188447727567846,downloaded_2026-07-31_ex_post
DEVELOPMENT_2018-11,development,3,2019-02,2018-11,2019-04,0.0738107939750163,63.9605,0.006829397250616849,64.90659146986253,50.0,50.0,0.0,normal,False,96.80016,-0.2602412827118228,-0.0098536560172382,-2.561696034248873,0.517400389151762,0.6770586293080596,downloaded_2026-07-31_ex_post
DEVELOPMENT_2018-11,development,4,2019-03,2018-11,2019-04,0.0334864027941677,66.13857142857144,0.04596191726854892,436.8220617202889,350.0,350.0,0.0,stress,False,82.32829,-0.6339794998488432,0.12062197875444,-0.4304162997342772,-0.0453456605369027,0.3042339624987233,downloaded_2026-07-31_ex_post
DEVELOPMENT_2018-11,development,5,2019-04,2018-11,2019-04,0.0742087655417602,71.23333333333333,0.018313302098187004,174.0496231411693,145.0,145.0,0.0,normal,False,79.25345,-0.7133877048411208,-0.1073376628376227,0.3705655043535239,1.245591506586489,0.6807381297896776,downloaded_2026-07-31_ex_post
DEVELOPMENT_2018-12,development,0,2018-12,2018-12,2019-05,-0.1211174041149352,57.36235294117647,-0.1207419505366309,-1147.53149790014,-1035.0,-1035.0,0.0,normal,False,90.607666,-0.4201633706791483,0.3331032178950271,1.1326871009920665,-0.5116925201398805,-1.1251766525266678,downloaded_2026-07-31_ex_post
DEVELOPMENT_2018-12,development,1,2019-01,2018-12,2019-05,0.0350666953036666,59.40954545454545,0.04586768125132107,435.92644261255543,350.0,350.0,0.0,normal,False,87.4241,-0.5023794409574215,0.617428803905716,-0.6630318182678437,-0.1934392404428893,0.3188447727567846,downloaded_2026-07-31_ex_post
DEVELOPMENT_2018-12,development,2,2019-02,2018-12,2019-05,0.0738107939750163,63.9605,0.006829397250616849,64.90659146986253,50.0,50.0,0.0,normal,False,96.80016,-0.2602412827118228,-0.0098536560172382,-2.561696034248873,0.517400389151762,0.6770586293080596,downloaded_2026-07-31_ex_post
DEVELOPMENT_2018-12,development,3,2019-03,2018-12,2019-05,0.0334864027941677,66.13857142857144,0.04596191726854892,436.8220617202889,350.0,350.0,0.0,stress,False,82.32829,-0.6339794998488432,0.12062197875444,-0.4304162997342772,-0.0453456605369027,0.3042339624987233,downloaded_2026-07-31_ex_post
DEVELOPMENT_2018-12,development,4,2019-04,2018-12,2019-05,0.0742087655417602,71.23333333333333,0.018313302098187004,174.0496231411693,145.0,145.0,0.0,normal,False,79.25345,-0.7133877048411208,-0.1073376628376227,0.3705655043535239,1.245591506586489,0.6807381297896776,downloaded_2026-07-31_ex_post
DEVELOPMENT_2018-12,development,5,2019-05,2018-12,2019-05,0.0011840522111175,71.31772727272727,-0.0031304783370899075,-29.75206611570248,-25.0,-25.0,0.0,normal,False,106.4719,-0.0104671440405382,-0.0881863304633618,0.98037268503507,-0.0716780446113882,0.0055781678142461,downloaded_2026-07-31_ex_post
DEVELOPMENT_2019-01,development,0,2019-01,2019-01,2019-06,0.0350666953036666,59.40954545454545,0.04586768125132107,435.92644261255543,350.0,350.0,0.0,normal,False,87.4241,-0.5023794409574215,0.617428803905716,-0.6630318182678437,-0.1934392404428893,0.3188447727567846,downloaded_2026-07-31_ex_post
DEVELOPMENT_2019-01,development,1,2019-02,2019-01,2019-06,0.0738107939750163,63.9605,0.006829397250616849,64.90659146986253,50.0,50.0,0.0,normal,False,96.80016,-0.2602412827118228,-0.0098536560172382,-2.561696034248873,0.517400389151762,0.6770586293080596,downloaded_2026-07-31_ex_post
DEVELOPMENT_2019-01,development,2,2019-03,2019-01,2019-06,0.0334864027941677,66.13857142857144,0.04596191726854892,436.8220617202889,350.0,350.0,0.0,stress,False,82.32829,-0.6339794998488432,0.12062197875444,-0.4304162997342772,-0.0453456605369027,0.3042339624987233,downloaded_2026-07-31_ex_post
DEVELOPMENT_2019-01,development,3,2019-04,2019-01,2019-06,0.0742087655417602,71.23333333333333,0.018313302098187004,174.0496231411693,145.0,145.0,0.0,normal,False,79.25345,-0.7133877048411208,-0.1073376628376227,0.3705655043535239,1.245591506586489,0.6807381297896776,downloaded_2026-07-31_ex_post
DEVELOPMENT_2019-01,development,4,2019-05,2019-01,2019-06,0.0011840522111175,71.31772727272727,-0.0031304783370899075,-29.75206611570248,-25.0,-25.0,0.0,normal,False,106.4719,-0.0104671440405382,-0.0881863304633618,0.98037268503507,-0.0716780446113882,0.0055781678142461,downloaded_2026-07-31_ex_post
DEVELOPMENT_2019-01,development,5,2019-06,2019-01,2019-06,-0.1048224515005191,64.2205,-0.07224092258051666,-686.5777282052303,-585.0,-585.0,0.0,normal,False,106.588455,-0.0074570936532419,0.0059167503785219,-0.2045458325359047,-1.1690136408367315,-0.9745194423062468,downloaded_2026-07-31_ex_post
DEVELOPMENT_2019-02,development,0,2019-02,2019-02,2019-07,0.0738107939750163,63.9605,0.006829397250616849,64.90659146986253,50.0,50.0,0.0,normal,False,96.80016,-0.2602412827118228,-0.0098536560172382,-2.561696034248873,0.517400389151762,0.6770586293080596,downloaded_2026-07-31_ex_post
DEVELOPMENT_2019-02,development,1,2019-03,2019-02,2019-07,0.0334864027941677,66.13857142857144,0.04596191726854892,436.8220617202889,350.0,350.0,0.0,stress,False,82.32829,-0.6339794998488432,0.12062197875444,-0.4304162997342772,-0.0453456605369027,0.3042339624987233,downloaded_2026-07-31_ex_post
DEVELOPMENT_2019-02,development,2,2019-04,2019-02,2019-07,0.0742087655417602,71.23333333333333,0.018313302098187004,174.0496231411693,145.0,145.0,0.0,normal,False,79.25345,-0.7133877048411208,-0.1073376628376227,0.3705655043535239,1.245591506586489,0.6807381297896776,downloaded_2026-07-31_ex_post
DEVELOPMENT_2019-02,development,3,2019-05,2019-02,2019-07,0.0011840522111175,71.31772727272727,-0.0031304783370899075,-29.75206611570248,-25.0,-25.0,0.0,normal,False,106.4719,-0.0104671440405382,-0.0881863304633618,0.98037268503507,-0.0716780446113882,0.0055781678142461,downloaded_2026-07-31_ex_post
DEVELOPMENT_2019-02,development,4,2019-06,2019-02,2019-07,-0.1048224515005191,64.2205,-0.07224092258051666,-686.5777282052303,-585.0,-585.0,0.0,normal,False,106.588455,-0.0074570936532419,0.0059167503785219,-0.2045458325359047,-1.1690136408367315,-0.9745194423062468,downloaded_2026-07-31_ex_post
DEVELOPMENT_2019-02,development,5,2019-07,2019-02,2019-07,-0.0047037769635789,63.9191304347826,0.01924187030979411,182.87473542428324,150.0,150.0,0.0,normal,False,93.521255,-0.3449194969897056,0.4999388923681234,2.09482251160099,0.3634559720857489,-0.0488585610737776,downloaded_2026-07-31_ex_post
DEVELOPMENT_2019-03,development,0,2019-03,2019-03,2019-08,0.0334864027941677,66.13857142857144,0.04596191726854892,436.8220617202889,350.0,350.0,0.0,stress,False,82.32829,-0.6339794998488432,0.12062197875444,-0.4304162997342772,-0.0453456605369027,0.3042339624987233,downloaded_2026-07-31_ex_post
DEVELOPMENT_2019-03,development,1,2019-04,2019-03,2019-08,0.0742087655417602,71.23333333333333,0.018313302098187004,174.0496231411693,145.0,145.0,0.0,normal,False,79.25345,-0.7133877048411208,-0.1073376628376227,0.3705655043535239,1.245591506586489,0.6807381297896776,downloaded_2026-07-31_ex_post
DEVELOPMENT_2019-03,development,2,2019-05,2019-03,2019-08,0.0011840522111175,71.31772727272727,-0.0031304783370899075,-29.75206611570248,-25.0,-25.0,0.0,normal,False,106.4719,-0.0104671440405382,-0.0881863304633618,0.98037268503507,-0.0716780446113882,0.0055781678142461,downloaded_2026-07-31_ex_post
DEVELOPMENT_2019-03,development,3,2019-06,2019-03,2019-08,-0.1048224515005191,64.2205,-0.07224092258051666,-686.5777282052303,-585.0,-585.0,0.0,normal,False,106.588455,-0.0074570936532419,0.0059167503785219,-0.2045458325359047,-1.1690136408367315,-0.9745194423062468,downloaded_2026-07-31_ex_post
DEVELOPMENT_2019-03,development,4,2019-07,2019-03,2019-08,-0.0047037769635789,63.9191304347826,0.01924187030979411,182.87473542428324,150.0,150.0,0.0,normal,False,93.521255,-0.3449194969897056,0.4999388923681234,2.09482251160099,0.3634559720857489,-0.0488585610737776,downloaded_2026-07-31_ex_post
DEVELOPMENT_2019-03,development,5,2019-08,2019-03,2019-08,-0.0793727218234705,59.041818181818186,-0.03800063404839903,-361.1580259959844,-290.0,-290.0,0.0,normal,False,103.40442,-0.0896852759269819,-0.9051249308477464,0.4378047796243842,-1.160715361145825,-0.7392204902481774,downloaded_2026-07-31_ex_post
DEVELOPMENT_2019-04,development,0,2019-04,2019-04,2019-09,0.0742087655417602,71.23333333333333,0.018313302098187004,174.0496231411693,145.0,145.0,0.0,normal,False,79.25345,-0.7133877048411208,-0.1073376628376227,0.3705655043535239,1.245591506586489,0.6807381297896776,downloaded_2026-07-31_ex_post
DEVELOPMENT_2019-04,development,1,2019-05,2019-04,2019-09,0.0011840522111175,71.31772727272727,-0.0031304783370899075,-29.75206611570248,-25.0,-25.0,0.0,normal,False,106.4719,-0.0104671440405382,-0.0881863304633618,0.98037268503507,-0.0716780446113882,0.0055781678142461,downloaded_2026-07-31_ex_post
DEVELOPMENT_2019-04,development,2,2019-06,2019-04,2019-09,-0.1048224515005191,64.2205,-0.07224092258051666,-686.5777282052303,-585.0,-585.0,0.0,normal,False,106.588455,-0.0074570936532419,0.0059167503785219,-0.2045458325359047,-1.1690136408367315,-0.9745194423062468,downloaded_2026-07-31_ex_post
DEVELOPMENT_2019-04,development,3,2019-07,2019-04,2019-09,-0.0047037769635789,63.9191304347826,0.01924187030979411,182.87473542428324,150.0,150.0,0.0,normal,False,93.521255,-0.3449194969897056,0.4999388923681234,2.09482251160099,0.3634559720857489,-0.0488585610737776,downloaded_2026-07-31_ex_post
DEVELOPMENT_2019-04,development,4,2019-08,2019-04,2019-09,-0.0793727218234705,59.041818181818186,-0.03800063404839903,-361.1580259959844,-290.0,-290.0,0.0,normal,False,103.40442,-0.0896852759269819,-0.9051249308477464,0.4378047796243842,-1.160715361145825,-0.7392204902481774,downloaded_2026-07-31_ex_post
DEVELOPMENT_2019-04,development,5,2019-09,2019-04,2019-09,0.0621336362145719,62.82666666666668,0.03184727008111637,302.67645485092993,240.0,240.0,0.0,normal,False,90.36799,-0.4263530393902774,1.0912075570810906,1.3865610919249616,0.0475446565222956,0.5690958721819117,downloaded_2026-07-31_ex_post
DEVELOPMENT_2019-05,development,0,2019-05,2019-05,2019-10,0.0011840522111175,71.31772727272727,-0.0031304783370899075,-29.75206611570248,-25.0,-25.0,0.0,normal,False,106.4719,-0.0104671440405382,-0.0881863304633618,0.98037268503507,-0.0716780446113882,0.0055781678142461,downloaded_2026-07-31_ex_post
DEVELOPMENT_2019-05,development,1,2019-06,2019-05,2019-10,-0.1048224515005191,64.2205,-0.07224092258051666,-686.5777282052303,-585.0,-585.0,0.0,normal,False,106.588455,-0.0074570936532419,0.0059167503785219,-0.2045458325359047,-1.1690136408367315,-0.9745194423062468,downloaded_2026-07-31_ex_post
DEVELOPMENT_2019-05,development,2,2019-07,2019-05,2019-10,-0.0047037769635789,63.9191304347826,0.01924187030979411,182.87473542428324,150.0,150.0,0.0,normal,False,93.521255,-0.3449194969897056,0.4999388923681234,2.09482251160099,0.3634559720857489,-0.0488585610737776,downloaded_2026-07-31_ex_post
DEVELOPMENT_2019-05,development,3,2019-08,2019-05,2019-10,-0.0793727218234705,59.041818181818186,-0.03800063404839903,-361.1580259959844,-290.0,-290.0,0.0,normal,False,103.40442,-0.0896852759269819,-0.9051249308477464,0.4378047796243842,-1.160715361145825,-0.7392204902481774,downloaded_2026-07-31_ex_post
DEVELOPMENT_2019-05,development,4,2019-09,2019-05,2019-10,0.0621336362145719,62.82666666666668,0.03184727008111637,302.67645485092993,240.0,240.0,0.0,normal,False,90.36799,-0.4263530393902774,1.0912075570810906,1.3865610919249616,0.0475446565222956,0.5690958721819117,downloaded_2026-07-31_ex_post
DEVELOPMENT_2019-05,development,5,2019-10,2019-05,2019-10,-0.0508291315376858,59.71304347826087,-0.01989785766399151,-189.1092392385753,-150.0,-150.0,0.0,normal,False,97.83673,-0.2334717067180003,-1.0086865555865232,-0.7718076488874122,-1.3416524454367298,-0.4753168273233417,downloaded_2026-07-31_ex_post
DEVELOPMENT_2019-06,development,0,2019-06,2019-06,2019-11,-0.1048224515005191,64.2205,-0.07224092258051666,-686.5777282052303,-585.0,-585.0,0.0,normal,False,106.588455,-0.0074570936532419,0.0059167503785219,-0.2045458325359047,-1.1690136408367315,-0.9745194423062468,downloaded_2026-07-31_ex_post
DEVELOPMENT_2019-06,development,1,2019-07,2019-06,2019-11,-0.0047037769635789,63.9191304347826,0.01924187030979411,182.87473542428324,150.0,150.0,0.0,normal,False,93.521255,-0.3449194969897056,0.4999388923681234,2.09482251160099,0.3634559720857489,-0.0488585610737776,downloaded_2026-07-31_ex_post
DEVELOPMENT_2019-06,development,2,2019-08,2019-06,2019-11,-0.0793727218234705,59.041818181818186,-0.03800063404839903,-361.1580259959844,-290.0,-290.0,0.0,normal,False,103.40442,-0.0896852759269819,-0.9051249308477464,0.4378047796243842,-1.160715361145825,-0.7392204902481774,downloaded_2026-07-31_ex_post
DEVELOPMENT_2019-06,development,3,2019-09,2019-06,2019-11,0.0621336362145719,62.82666666666668,0.03184727008111637,302.67645485092993,240.0,240.0,0.0,normal,False,90.36799,-0.4263530393902774,1.0912075570810906,1.3865610919249616,0.0475446565222956,0.5690958721819117,downloaded_2026-07-31_ex_post
DEVELOPMENT_2019-06,development,4,2019-10,2019-06,2019-11,-0.0508291315376858,59.71304347826087,-0.01989785766399151,-189.1092392385753,-150.0,-150.0,0.0,normal,False,97.83673,-0.2334717067180003,-1.0086865555865232,-0.7718076488874122,-1.3416524454367298,-0.4753168273233417,downloaded_2026-07-31_ex_post
DEVELOPMENT_2019-06,development,5,2019-11,2019-06,2019-11,0.0569421696424807,63.21190476190476,0.023097392229909527,219.51761575306014,175.0,175.0,0.0,normal,False,73.078384,-0.8728597120899029,-0.5014787642645077,-0.0782049365160681,1.317223037821976,0.5210974588565558,downloaded_2026-07-31_ex_post
DEVELOPMENT_2019-07,development,0,2019-07,2019-07,2019-12,-0.0047037769635789,63.9191304347826,0.01924187030979411,182.87473542428324,150.0,150.0,0.0,normal,False,93.521255,-0.3449194969897056,0.4999388923681234,2.09482251160099,0.3634559720857489,-0.0488585610737776,downloaded_2026-07-31_ex_post
DEVELOPMENT_2019-07,development,1,2019-08,2019-07,2019-12,-0.0793727218234705,59.041818181818186,-0.03800063404839903,-361.1580259959844,-290.0,-290.0,0.0,normal,False,103.40442,-0.0896852759269819,-0.9051249308477464,0.4378047796243842,-1.160715361145825,-0.7392204902481774,downloaded_2026-07-31_ex_post
DEVELOPMENT_2019-07,development,2,2019-09,2019-07,2019-12,0.0621336362145719,62.82666666666668,0.03184727008111637,302.67645485092993,240.0,240.0,0.0,normal,False,90.36799,-0.4263530393902774,1.0912075570810906,1.3865610919249616,0.0475446565222956,0.5690958721819117,downloaded_2026-07-31_ex_post
DEVELOPMENT_2019-07,development,3,2019-10,2019-07,2019-12,-0.0508291315376858,59.71304347826087,-0.01989785766399151,-189.1092392385753,-150.0,-150.0,0.0,normal,False,97.83673,-0.2334717067180003,-1.0086865555865232,-0.7718076488874122,-1.3416524454367298,-0.4753168273233417,downloaded_2026-07-31_ex_post
DEVELOPMENT_2019-07,development,4,2019-11,2019-07,2019-12,0.0569421696424807,63.21190476190476,0.023097392229909527,219.51761575306014,175.0,175.0,0.0,normal,False,73.078384,-0.8728597120899029,-0.5014787642645077,-0.0782049365160681,1.317223037821976,0.5210974588565558,downloaded_2026-07-31_ex_post
DEVELOPMENT_2019-07,development,5,2019-12,2019-07,2019-12,0.0614356671370197,67.21714285714286,0.038188043191993676,362.9391624967079,290.0,290.0,0.0,normal,False,74.27989,-0.8418306391145769,0.236043006845758,0.1594599978026676,-0.2069129371547547,0.5626427037356834,downloaded_2026-07-31_ex_post
DEVELOPMENT_2019-08,development,0,2019-08,2019-08,2020-01,-0.0793727218234705,59.041818181818186,-0.03800063404839903,-361.1580259959844,-290.0,-290.0,0.0,normal,False,103.40442,-0.0896852759269819,-0.9051249308477464,0.4378047796243842,-1.160715361145825,-0.7392204902481774,downloaded_2026-07-31_ex_post
DEVELOPMENT_2019-08,development,1,2019-09,2019-08,2020-01,0.0621336362145719,62.82666666666668,0.03184727008111637,302.67645485092993,240.0,240.0,0.0,normal,False,90.36799,-0.4263530393902774,1.0912075570810906,1.3865610919249616,0.0475446565222956,0.5690958721819117,downloaded_2026-07-31_ex_post
DEVELOPMENT_2019-08,development,2,2019-10,2019-08,2020-01,-0.0508291315376858,59.71304347826087,-0.01989785766399151,-189.1092392385753,-150.0,-150.0,0.0,normal,False,97.83673,-0.2334717067180003,-1.0086865555865232,-0.7718076488874122,-1.3416524454367298,-0.4753168273233417,downloaded_2026-07-31_ex_post
DEVELOPMENT_2019-08,development,3,2019-11,2019-08,2020-01,0.0569421696424807,63.21190476190476,0.023097392229909527,219.51761575306014,175.0,175.0,0.0,normal,False,73.078384,-0.8728597120899029,-0.5014787642645077,-0.0782049365160681,1.317223037821976,0.5210974588565558,downloaded_2026-07-31_ex_post
DEVELOPMENT_2019-08,development,4,2019-12,2019-08,2020-01,0.0614356671370197,67.21714285714286,0.038188043191993676,362.9391624967079,290.0,290.0,0.0,normal,False,74.27989,-0.8418306391145769,0.236043006845758,0.1594599978026676,-0.2069129371547547,0.5626427037356834,downloaded_2026-07-31_ex_post
DEVELOPMENT_2019-08,development,5,2020-01,2019-08,2020-01,-0.0546004078521455,63.64545454545455,0.0,0.0,0.0,0.0,0.0,normal,False,138.42094,0.8146216142774497,0.8144004759025456,-3.005222040566918,-0.6706498530341327,-0.5101846776295887,downloaded_2026-07-31_ex_post
DEVELOPMENT_2019-09,development,0,2019-09,2019-09,2020-02,0.0621336362145719,62.82666666666668,0.03184727008111637,302.67645485092993,240.0,240.0,0.0,normal,False,90.36799,-0.4263530393902774,1.0912075570810906,1.3865610919249616,0.0475446565222956,0.5690958721819117,downloaded_2026-07-31_ex_post
DEVELOPMENT_2019-09,development,1,2019-10,2019-09,2020-02,-0.0508291315376858,59.71304347826087,-0.01989785766399151,-189.1092392385753,-150.0,-150.0,0.0,normal,False,97.83673,-0.2334717067180003,-1.0086865555865232,-0.7718076488874122,-1.3416524454367298,-0.4753168273233417,downloaded_2026-07-31_ex_post
DEVELOPMENT_2019-09,development,2,2019-11,2019-09,2020-02,0.0569421696424807,63.21190476190476,0.023097392229909527,219.51761575306014,175.0,175.0,0.0,normal,False,73.078384,-0.8728597120899029,-0.5014787642645077,-0.0782049365160681,1.317223037821976,0.5210974588565558,downloaded_2026-07-31_ex_post
DEVELOPMENT_2019-09,development,3,2019-12,2019-09,2020-02,0.0614356671370197,67.21714285714286,0.038188043191993676,362.9391624967079,290.0,290.0,0.0,normal,False,74.27989,-0.8418306391145769,0.236043006845758,0.1594599978026676,-0.2069129371547547,0.5626427037356834,downloaded_2026-07-31_ex_post
DEVELOPMENT_2019-09,development,4,2020-01,2019-09,2020-02,-0.0546004078521455,63.64545454545455,0.0,0.0,0.0,0.0,0.0,normal,False,138.42094,0.8146216142774497,0.8144004759025456,-3.005222040566918,-0.6706498530341327,-0.5101846776295887,downloaded_2026-07-31_ex_post
DEVELOPMENT_2019-09,development,5,2020-02,2019-09,2020-02,-0.1341200532101218,55.657,-0.10516372795969774,-999.4760705289673,-835.0,-835.0,0.0,normal,False,75.95556,-0.7985562095964845,1.0024202457697002,-2.1454819957877103,-1.3340819272161557,-1.2453944208448664,downloaded_2026-07-31_ex_post
DEVELOPMENT_2019-10,development,0,2019-10,2019-10,2020-03,-0.0508291315376858,59.71304347826087,-0.01989785766399151,-189.1092392385753,-150.0,-150.0,0.0,normal,False,97.83673,-0.2334717067180003,-1.0086865555865232,-0.7718076488874122,-1.3416524454367298,-0.4753168273233417,downloaded_2026-07-31_ex_post
DEVELOPMENT_2019-10,development,1,2019-11,2019-10,2020-03,0.0569421696424807,63.21190476190476,0.023097392229909527,219.51761575306014,175.0,175.0,0.0,normal,False,73.078384,-0.8728597120899029,-0.5014787642645077,-0.0782049365160681,1.317223037821976,0.5210974588565558,downloaded_2026-07-31_ex_post
DEVELOPMENT_2019-10,development,2,2019-12,2019-10,2020-03,0.0614356671370197,67.21714285714286,0.038188043191993676,362.9391624967079,290.0,290.0,0.0,normal,False,74.27989,-0.8418306391145769,0.236043006845758,0.1594599978026676,-0.2069129371547547,0.5626427037356834,downloaded_2026-07-31_ex_post
DEVELOPMENT_2019-10,development,3,2020-01,2019-10,2020-03,-0.0546004078521455,63.64545454545455,0.0,0.0,0.0,0.0,0.0,normal,False,138.42094,0.8146216142774497,0.8144004759025456,-3.005222040566918,-0.6706498530341327,-0.5101846776295887,downloaded_2026-07-31_ex_post
DEVELOPMENT_2019-10,development,4,2020-02,2019-10,2020-03,-0.1341200532101218,55.657,-0.10516372795969774,-999.4760705289673,-835.0,-835.0,0.0,normal,False,75.95556,-0.7985562095964845,1.0024202457697002,-2.1454819957877103,-1.3340819272161557,-1.2453944208448664,downloaded_2026-07-31_ex_post
DEVELOPMENT_2019-10,development,5,2020-03,2019-10,2020-03,-0.5531169025764937,32.01136363636363,-0.13678291781872254,-1299.984850949139,-1015.0,-1015.0,0.0,normal,False,81.54003,-0.6543364327842845,-0.1139522021373494,0.6190467042740116,-4.919040048237499,-5.119287024916463,downloaded_2026-07-31_ex_post
DEVELOPMENT_2019-11,development,0,2019-11,2019-11,2020-04,0.0569421696424807,63.21190476190476,0.023097392229909527,219.51761575306014,175.0,175.0,0.0,normal,False,73.078384,-0.8728597120899029,-0.5014787642645077,-0.0782049365160681,1.317223037821976,0.5210974588565558,downloaded_2026-07-31_ex_post
DEVELOPMENT_2019-11,development,1,2019-12,2019-11,2020-04,0.0614356671370197,67.21714285714286,0.038188043191993676,362.9391624967079,290.0,290.0,0.0,normal,False,74.27989,-0.8418306391145769,0.236043006845758,0.1594599978026676,-0.2069129371547547,0.5626427037356834,downloaded_2026-07-31_ex_post
DEVELOPMENT_2019-11,development,2,2020-01,2019-11,2020-04,-0.0546004078521455,63.64545454545455,0.0,0.0,0.0,0.0,0.0,normal,False,138.42094,0.8146216142774497,0.8144004759025456,-3.005222040566918,-0.6706498530341327,-0.5101846776295887,downloaded_2026-07-31_ex_post
DEVELOPMENT_2019-11,development,3,2020-02,2019-11,2020-04,-0.1341200532101218,55.657,-0.10516372795969774,-999.4760705289673,-835.0,-835.0,0.0,normal,False,75.95556,-0.7985562095964845,1.0024202457697002,-2.1454819957877103,-1.3340819272161557,-1.2453944208448664,downloaded_2026-07-31_ex_post
DEVELOPMENT_2019-11,development,4,2020-03,2019-11,2020-04,-0.5531169025764937,32.01136363636363,-0.13678291781872254,-1299.984850949139,-1015.0,-1015.0,0.0,normal,False,81.54003,-0.6543364327842845,-0.1139522021373494,0.6190467042740116,-4.919040048237499,-5.119287024916463,downloaded_2026-07-31_ex_post
DEVELOPMENT_2019-11,development,5,2020-04,2019-11,2020-04,-0.5549094502470759,18.3785,0.0,0.0,0.0,0.0,0.0,normal,False,69.3394,-0.9694195356692912,-1.7415947849572109,1.1659421162668844,-3.751110146142389,-5.135860269259506,downloaded_2026-07-31_ex_post
DEVELOPMENT_2019-12,development,0,2019-12,2019-12,2020-05,0.0614356671370197,67.21714285714286,0.038188043191993676,362.9391624967079,290.0,290.0,0.0,normal,False,74.27989,-0.8418306391145769,0.236043006845758,0.1594599978026676,-0.2069129371547547,0.5626427037356834,downloaded_2026-07-31_ex_post
DEVELOPMENT_2019-12,development,1,2020-01,2019-12,2020-05,-0.0546004078521455,63.64545454545455,0.0,0.0,0.0,0.0,0.0,normal,False,138.42094,0.8146216142774497,0.8144004759025456,-3.005222040566918,-0.6706498530341327,-0.5101846776295887,downloaded_2026-07-31_ex_post
DEVELOPMENT_2019-12,development,2,2020-02,2019-12,2020-05,-0.1341200532101218,55.657,-0.10516372795969774,-999.4760705289673,-835.0,-835.0,0.0,normal,False,75.95556,-0.7985562095964845,1.0024202457697002,-2.1454819957877103,-1.3340819272161557,-1.2453944208448664,downloaded_2026-07-31_ex_post
DEVELOPMENT_2019-12,development,3,2020-03,2019-12,2020-05,-0.5531169025764937,32.01136363636363,-0.13678291781872254,-1299.984850949139,-1015.0,-1015.0,0.0,normal,False,81.54003,-0.6543364327842845,-0.1139522021373494,0.6190467042740116,-4.919040048237499,-5.119287024916463,downloaded_2026-07-31_ex_post
DEVELOPMENT_2019-12,development,4,2020-04,2019-12,2020-05,-0.5549094502470759,18.3785,0.0,0.0,0.0,0.0,0.0,normal,False,69.3394,-0.9694195356692912,-1.7415947849572109,1.1659421162668844,-3.751110146142389,-5.135860269259506,downloaded_2026-07-31_ex_post
DEVELOPMENT_2019-12,development,5,2020-05,2019-12,2020-05,0.4690968387846914,29.378947368421056,0.0,0.0,0.0,0.0,0.0,normal,False,68.50722,-0.990910709203678,5.443503809630004,-0.0435432328034546,2.380494919747556,4.331729751051854,downloaded_2026-07-31_ex_post
DEVELOPMENT_2020-01,development,0,2020-01,2020-01,2020-06,-0.0546004078521455,63.64545454545455,0.0,0.0,0.0,0.0,0.0,normal,False,138.42094,0.8146216142774497,0.8144004759025456,-3.005222040566918,-0.6706498530341327,-0.5101846776295887,downloaded_2026-07-31_ex_post
DEVELOPMENT_2020-01,development,1,2020-02,2020-01,2020-06,-0.1341200532101218,55.657,-0.10516372795969774,-999.4760705289673,-835.0,-835.0,0.0,normal,False,75.95556,-0.7985562095964845,1.0024202457697002,-2.1454819957877103,-1.3340819272161557,-1.2453944208448664,downloaded_2026-07-31_ex_post
DEVELOPMENT_2020-01,development,2,2020-03,2020-01,2020-06,-0.5531169025764937,32.01136363636363,-0.13678291781872254,-1299.984850949139,-1015.0,-1015.0,0.0,normal,False,81.54003,-0.6543364327842845,-0.1139522021373494,0.6190467042740116,-4.919040048237499,-5.119287024916463,downloaded_2026-07-31_ex_post
DEVELOPMENT_2020-01,development,3,2020-04,2020-01,2020-06,-0.5549094502470759,18.3785,0.0,0.0,0.0,0.0,0.0,normal,False,69.3394,-0.9694195356692912,-1.7415947849572109,1.1659421162668844,-3.751110146142389,-5.135860269259506,downloaded_2026-07-31_ex_post
DEVELOPMENT_2020-01,development,4,2020-05,2020-01,2020-06,0.4690968387846914,29.378947368421056,0.0,0.0,0.0,0.0,0.0,normal,False,68.50722,-0.990910709203678,5.443503809630004,-0.0435432328034546,2.380494919747556,4.331729751051854,downloaded_2026-07-31_ex_post
DEVELOPMENT_2020-01,development,5,2020-06,2020-01,2020-06,0.3152494176832419,40.26681818181818,0.019704433497536946,187.27093596059115,120.0,120.0,0.0,normal,False,71.22786,-0.9206497724296698,1.312187304491954,2.090890043637381,-0.6115647103483648,2.909312404330328,downloaded_2026-07-31_ex_post
DEVELOPMENT_2020-02,development,0,2020-02,2020-02,2020-07,-0.1341200532101218,55.657,-0.10516372795969774,-999.4760705289673,-835.0,-835.0,0.0,normal,False,75.95556,-0.7985562095964845,1.0024202457697002,-2.1454819957877103,-1.3340819272161557,-1.2453944208448664,downloaded_2026-07-31_ex_post
DEVELOPMENT_2020-02,development,1,2020-03,2020-02,2020-07,-0.5531169025764937,32.01136363636363,-0.13678291781872254,-1299.984850949139,-1015.0,-1015.0,0.0,normal,False,81.54003,-0.6543364327842845,-0.1139522021373494,0.6190467042740116,-4.919040048237499,-5.119287024916463,downloaded_2026-07-31_ex_post
DEVELOPMENT_2020-02,development,2,2020-04,2020-02,2020-07,-0.5549094502470759,18.3785,0.0,0.0,0.0,0.0,0.0,normal,False,69.3394,-0.9694195356692912,-1.7415947849572109,1.1659421162668844,-3.751110146142389,-5.135860269259506,downloaded_2026-07-31_ex_post
DEVELOPMENT_2020-02,development,3,2020-05,2020-02,2020-07,0.4690968387846914,29.378947368421056,0.0,0.0,0.0,0.0,0.0,normal,False,68.50722,-0.990910709203678,5.443503809630004,-0.0435432328034546,2.380494919747556,4.331729751051854,downloaded_2026-07-31_ex_post
DEVELOPMENT_2020-02,development,4,2020-06,2020-02,2020-07,0.3152494176832419,40.26681818181818,0.019704433497536946,187.27093596059115,120.0,120.0,0.0,normal,False,71.22786,-0.9206497724296698,1.312187304491954,2.090890043637381,-0.6115647103483648,2.909312404330328,downloaded_2026-07-31_ex_post
DEVELOPMENT_2020-02,development,5,2020-07,2020-02,2020-07,0.0712885073980067,43.24217391304348,0.016398819285011478,155.85437848474908,100.0,100.0,0.0,normal,False,66.47328,-1.043437515301554,-0.2752777823509536,0.2983152669148923,-0.3856529036819928,0.6537384842262939,downloaded_2026-07-31_ex_post
DEVELOPMENT_2020-03,development,0,2020-03,2020-03,2020-08,-0.5531169025764937,32.01136363636363,-0.13678291781872254,-1299.984850949139,-1015.0,-1015.0,0.0,normal,False,81.54003,-0.6543364327842845,-0.1139522021373494,0.6190467042740116,-4.919040048237499,-5.119287024916463,downloaded_2026-07-31_ex_post
DEVELOPMENT_2020-03,development,1,2020-04,2020-03,2020-08,-0.5549094502470759,18.3785,0.0,0.0,0.0,0.0,0.0,normal,False,69.3394,-0.9694195356692912,-1.7415947849572109,1.1659421162668844,-3.751110146142389,-5.135860269259506,downloaded_2026-07-31_ex_post
DEVELOPMENT_2020-03,development,2,2020-05,2020-03,2020-08,0.4690968387846914,29.378947368421056,0.0,0.0,0.0,0.0,0.0,normal,False,68.50722,-0.990910709203678,5.443503809630004,-0.0435432328034546,2.380494919747556,4.331729751051854,downloaded_2026-07-31_ex_post
DEVELOPMENT_2020-03,development,3,2020-06,2020-03,2020-08,0.3152494176832419,40.26681818181818,0.019704433497536946,187.27093596059115,120.0,120.0,0.0,normal,False,71.22786,-0.9206497724296698,1.312187304491954,2.090890043637381,-0.6115647103483648,2.909312404330328,downloaded_2026-07-31_ex_post
DEVELOPMENT_2020-03,development,4,2020-07,2020-03,2020-08,0.0712885073980067,43.24217391304348,0.016398819285011478,155.85437848474908,100.0,100.0,0.0,normal,False,66.47328,-1.043437515301554,-0.2752777823509536,0.2983152669148923,-0.3856529036819928,0.6537384842262939,downloaded_2026-07-31_ex_post
DEVELOPMENT_2020-03,development,5,2020-08,2020-03,2020-08,0.0339622795943146,44.736,0.013539900313447407,128.68321257900416,85.0,85.0,0.0,normal,False,65.46605,-1.069449381387065,-0.2234900085676381,-0.0339312191080206,0.1527892025564053,0.3086337464573048,downloaded_2026-07-31_ex_post
DEVELOPMENT_2020-04,development,0,2020-04,2020-04,2020-09,-0.5549094502470759,18.3785,0.0,0.0,0.0,0.0,0.0,normal,False,69.3394,-0.9694195356692912,-1.7415947849572109,1.1659421162668844,-3.751110146142389,-5.135860269259506,downloaded_2026-07-31_ex_post
DEVELOPMENT_2020-04,development,1,2020-05,2020-04,2020-09,0.4690968387846914,29.378947368421056,0.0,0.0,0.0,0.0,0.0,normal,False,68.50722,-0.990910709203678,5.443503809630004,-0.0435432328034546,2.380494919747556,4.331729751051854,downloaded_2026-07-31_ex_post
DEVELOPMENT_2020-04,development,2,2020-06,2020-04,2020-09,0.3152494176832419,40.26681818181818,0.019704433497536946,187.27093596059115,120.0,120.0,0.0,normal,False,71.22786,-0.9206497724296698,1.312187304491954,2.090890043637381,-0.6115647103483648,2.909312404330328,downloaded_2026-07-31_ex_post
DEVELOPMENT_2020-04,development,3,2020-07,2020-04,2020-09,0.0712885073980067,43.24217391304348,0.016398819285011478,155.85437848474908,100.0,100.0,0.0,normal,False,66.47328,-1.043437515301554,-0.2752777823509536,0.2983152669148923,-0.3856529036819928,0.6537384842262939,downloaded_2026-07-31_ex_post
DEVELOPMENT_2020-04,development,4,2020-08,2020-04,2020-09,0.0339622795943146,44.736,0.013539900313447407,128.68321257900416,85.0,85.0,0.0,normal,False,65.46605,-1.069449381387065,-0.2234900085676381,-0.0339312191080206,0.1527892025564053,0.3086337464573048,downloaded_2026-07-31_ex_post
DEVELOPMENT_2020-04,development,5,2020-09,2020-04,2020-09,-0.0894151255959667,40.90954545454545,-0.049704774508805866,-472.39417693169094,-315.0,-315.0,0.0,normal,False,80.37738,-0.6843620437215273,0.0318726572143424,-0.2569752682704171,-0.3906703496465076,-0.8320689060780462,downloaded_2026-07-31_ex_post
DEVELOPMENT_2020-05,development,0,2020-05,2020-05,2020-10,0.4690968387846914,29.378947368421056,0.0,0.0,0.0,0.0,0.0,normal,False,68.50722,-0.990910709203678,5.443503809630004,-0.0435432328034546,2.380494919747556,4.331729751051854,downloaded_2026-07-31_ex_post
DEVELOPMENT_2020-05,development,1,2020-06,2020-05,2020-10,0.3152494176832419,40.26681818181818,0.019704433497536946,187.27093596059115,120.0,120.0,0.0,normal,False,71.22786,-0.9206497724296698,1.312187304491954,2.090890043637381,-0.6115647103483648,2.909312404330328,downloaded_2026-07-31_ex_post
DEVELOPMENT_2020-05,development,2,2020-07,2020-05,2020-10,0.0712885073980067,43.24217391304348,0.016398819285011478,155.85437848474908,100.0,100.0,0.0,normal,False,66.47328,-1.043437515301554,-0.2752777823509536,0.2983152669148923,-0.3856529036819928,0.6537384842262939,downloaded_2026-07-31_ex_post
DEVELOPMENT_2020-05,development,3,2020-08,2020-05,2020-10,0.0339622795943146,44.736,0.013539900313447407,128.68321257900416,85.0,85.0,0.0,normal,False,65.46605,-1.069449381387065,-0.2234900085676381,-0.0339312191080206,0.1527892025564053,0.3086337464573048,downloaded_2026-07-31_ex_post
DEVELOPMENT_2020-05,development,4,2020-09,2020-05,2020-10,-0.0894151255959667,40.90954545454545,-0.049704774508805866,-472.39417693169094,-315.0,-315.0,0.0,normal,False,80.37738,-0.6843620437215273,0.0318726572143424,-0.2569752682704171,-0.3906703496465076,-0.8320689060780462,downloaded_2026-07-31_ex_post
DEVELOPMENT_2020-05,development,5,2020-10,2020-05,2020-10,-0.0177565225324967,40.18954545454546,0.012761205933960759,121.28250119636306,80.0,80.0,0.0,normal,False,76.08317,-0.7952606621731833,0.5035766603447078,1.1488201005349756,-0.7578885927916729,-0.1695395031828312,downloaded_2026-07-31_ex_post
DEVELOPMENT_2020-06,development,0,2020-06,2020-06,2020-11,0.3152494176832419,40.26681818181818,0.019704433497536946,187.27093596059115,120.0,120.0,0.0,normal,False,71.22786,-0.9206497724296698,1.312187304491954,2.090890043637381,-0.6115647103483648,2.909312404330328,downloaded_2026-07-31_ex_post
DEVELOPMENT_2020-06,development,1,2020-07,2020-06,2020-11,0.0712885073980067,43.24217391304348,0.016398819285011478,155.85437848474908,100.0,100.0,0.0,normal,False,66.47328,-1.043437515301554,-0.2752777823509536,0.2983152669148923,-0.3856529036819928,0.6537384842262939,downloaded_2026-07-31_ex_post
DEVELOPMENT_2020-06,development,2,2020-08,2020-06,2020-11,0.0339622795943146,44.736,0.013539900313447407,128.68321257900416,85.0,85.0,0.0,normal,False,65.46605,-1.069449381387065,-0.2234900085676381,-0.0339312191080206,0.1527892025564053,0.3086337464573048,downloaded_2026-07-31_ex_post
DEVELOPMENT_2020-06,development,3,2020-09,2020-06,2020-11,-0.0894151255959667,40.90954545454545,-0.049704774508805866,-472.39417693169094,-315.0,-315.0,0.0,normal,False,80.37738,-0.6843620437215273,0.0318726572143424,-0.2569752682704171,-0.3906703496465076,-0.8320689060780462,downloaded_2026-07-31_ex_post
DEVELOPMENT_2020-06,development,4,2020-10,2020-06,2020-11,-0.0177565225324967,40.18954545454546,0.012761205933960759,121.28250119636306,80.0,80.0,0.0,normal,False,76.08317,-0.7952606621731833,0.5035766603447078,1.1488201005349756,-0.7578885927916729,-0.1695395031828312,downloaded_2026-07-31_ex_post
DEVELOPMENT_2020-06,development,5,2020-11,2020-06,2020-11,0.0604135738022599,42.69238095238095,-0.001638477801268499,-15.572093023255814,-10.0,-10.0,0.0,normal,False,70.06747,-0.9506170185273496,-0.2297685628359094,-1.238038341557428,0.4880363442447324,0.5531928001953953,downloaded_2026-07-31_ex_post
DEVELOPMENT_2020-07,development,0,2020-07,2020-07,2020-12,0.0712885073980067,43.24217391304348,0.016398819285011478,155.85437848474908,100.0,100.0,0.0,normal,False,66.47328,-1.043437515301554,-0.2752777823509536,0.2983152669148923,-0.3856529036819928,0.6537384842262939,downloaded_2026-07-31_ex_post
DEVELOPMENT_2020-07,development,1,2020-08,2020-07,2020-12,0.0339622795943146,44.736,0.013539900313447407,128.68321257900416,85.0,85.0,0.0,normal,False,65.46605,-1.069449381387065,-0.2234900085676381,-0.0339312191080206,0.1527892025564053,0.3086337464573048,downloaded_2026-07-31_ex_post
DEVELOPMENT_2020-07,development,2,2020-09,2020-07,2020-12,-0.0894151255959667,40.90954545454545,-0.049704774508805866,-472.39417693169094,-315.0,-315.0,0.0,normal,False,80.37738,-0.6843620437215273,0.0318726572143424,-0.2569752682704171,-0.3906703496465076,-0.8320689060780462,downloaded_2026-07-31_ex_post
DEVELOPMENT_2020-07,development,3,2020-10,2020-07,2020-12,-0.0177565225324967,40.18954545454546,0.012761205933960759,121.28250119636306,80.0,80.0,0.0,normal,False,76.08317,-0.7952606621731833,0.5035766603447078,1.1488201005349756,-0.7578885927916729,-0.1695395031828312,downloaded_2026-07-31_ex_post
DEVELOPMENT_2020-07,development,4,2020-11,2020-07,2020-12,0.0604135738022599,42.69238095238095,-0.001638477801268499,-15.572093023255814,-10.0,-10.0,0.0,normal,False,70.06747,-0.9506170185273496,-0.2297685628359094,-1.238038341557428,0.4880363442447324,0.5531928001953953,downloaded_2026-07-31_ex_post
DEVELOPMENT_2020-07,development,5,2020-12,2020-07,2020-12,0.157875252315871,49.99363636363637,0.06659358728418745,632.9054535489175,405.0,405.0,0.0,stress,False,64.06729,-1.1055725685496485,-0.3107990452477963,0.2516756031862223,1.8864706667523543,1.4542880617593923,downloaded_2026-07-31_ex_post
DEVELOPMENT_2020-08,development,0,2020-08,2020-08,2021-01,0.0339622795943146,44.736,0.013539900313447407,128.68321257900416,85.0,85.0,0.0,normal,False,65.46605,-1.069449381387065,-0.2234900085676381,-0.0339312191080206,0.1527892025564053,0.3086337464573048,downloaded_2026-07-31_ex_post
DEVELOPMENT_2020-08,development,1,2020-09,2020-08,2021-01,-0.0894151255959667,40.90954545454545,-0.049704774508805866,-472.39417693169094,-315.0,-315.0,0.0,normal,False,80.37738,-0.6843620437215273,0.0318726572143424,-0.2569752682704171,-0.3906703496465076,-0.8320689060780462,downloaded_2026-07-31_ex_post
DEVELOPMENT_2020-08,development,2,2020-10,2020-08,2021-01,-0.0177565225324967,40.18954545454546,0.012761205933960759,121.28250119636306,80.0,80.0,0.0,normal,False,76.08317,-0.7952606621731833,0.5035766603447078,1.1488201005349756,-0.7578885927916729,-0.1695395031828312,downloaded_2026-07-31_ex_post
DEVELOPMENT_2020-08,development,3,2020-11,2020-08,2021-01,0.0604135738022599,42.69238095238095,-0.001638477801268499,-15.572093023255814,-10.0,-10.0,0.0,normal,False,70.06747,-0.9506170185273496,-0.2297685628359094,-1.238038341557428,0.4880363442447324,0.5531928001953953,downloaded_2026-07-31_ex_post
DEVELOPMENT_2020-08,development,4,2020-12,2020-08,2021-01,0.157875252315871,49.99363636363637,0.06659358728418745,632.9054535489175,405.0,405.0,0.0,stress,False,64.06729,-1.1055725685496485,-0.3107990452477963,0.2516756031862223,1.8864706667523543,1.4542880617593923,downloaded_2026-07-31_ex_post
DEVELOPMENT_2020-08,development,5,2021-01,2020-08,2021-01,0.0913199042099863,54.774,0.05429886898208387,516.0564508057251,350.0,350.0,0.0,stress,False,77.4187,-0.760770399260857,-0.1965095908310558,0.7696189122211635,0.5340058606981734,0.8389414996582737,downloaded_2026-07-31_ex_post
DEVELOPMENT_2020-09,development,0,2020-09,2020-09,2021-02,-0.0894151255959667,40.90954545454545,-0.049704774508805866,-472.39417693169094,-315.0,-315.0,0.0,normal,False,80.37738,-0.6843620437215273,0.0318726572143424,-0.2569752682704171,-0.3906703496465076,-0.8320689060780462,downloaded_2026-07-31_ex_post
DEVELOPMENT_2020-09,development,1,2020-10,2020-09,2021-02,-0.0177565225324967,40.18954545454546,0.012761205933960759,121.28250119636306,80.0,80.0,0.0,normal,False,76.08317,-0.7952606621731833,0.5035766603447078,1.1488201005349756,-0.7578885927916729,-0.1695395031828312,downloaded_2026-07-31_ex_post
DEVELOPMENT_2020-09,development,2,2020-11,2020-09,2021-02,0.0604135738022599,42.69238095238095,-0.001638477801268499,-15.572093023255814,-10.0,-10.0,0.0,normal,False,70.06747,-0.9506170185273496,-0.2297685628359094,-1.238038341557428,0.4880363442447324,0.5531928001953953,downloaded_2026-07-31_ex_post
DEVELOPMENT_2020-09,development,3,2020-12,2020-09,2021-02,0.157875252315871,49.99363636363637,0.06659358728418745,632.9054535489175,405.0,405.0,0.0,stress,False,64.06729,-1.1055725685496485,-0.3107990452477963,0.2516756031862223,1.8864706667523543,1.4542880617593923,downloaded_2026-07-31_ex_post
DEVELOPMENT_2020-09,development,4,2021-01,2020-09,2021-02,0.0913199042099863,54.774,0.05429886898208387,516.0564508057251,350.0,350.0,0.0,stress,False,77.4187,-0.760770399260857,-0.1965095908310558,0.7696189122211635,0.5340058606981734,0.8389414996582737,downloaded_2026-07-31_ex_post
DEVELOPMENT_2020-09,development,5,2021-02,2020-09,2021-02,0.1283685187593288,62.2765,0.040768991654910214,387.46849668826667,275.0,275.0,0.0,normal,False,73.9568,-0.8501744869085937,3.2543509094713325,-0.0905708127312848,0.1788862867014537,1.1814795261633393,downloaded_2026-07-31_ex_post
DEVELOPMENT_2020-10,development,0,2020-10,2020-10,2021-03,-0.0177565225324967,40.18954545454546,0.012761205933960759,121.28250119636306,80.0,80.0,0.0,normal,False,76.08317,-0.7952606621731833,0.5035766603447078,1.1488201005349756,-0.7578885927916729,-0.1695395031828312,downloaded_2026-07-31_ex_post
DEVELOPMENT_2020-10,development,1,2020-11,2020-10,2021-03,0.0604135738022599,42.69238095238095,-0.001638477801268499,-15.572093023255814,-10.0,-10.0,0.0,normal,False,70.06747,-0.9506170185273496,-0.2297685628359094,-1.238038341557428,0.4880363442447324,0.5531928001953953,downloaded_2026-07-31_ex_post
DEVELOPMENT_2020-10,development,2,2020-12,2020-10,2021-03,0.157875252315871,49.99363636363637,0.06659358728418745,632.9054535489175,405.0,405.0,0.0,stress,False,64.06729,-1.1055725685496485,-0.3107990452477963,0.2516756031862223,1.8864706667523543,1.4542880617593923,downloaded_2026-07-31_ex_post
DEVELOPMENT_2020-10,development,3,2021-01,2020-10,2021-03,0.0913199042099863,54.774,0.05429886898208387,516.0564508057251,350.0,350.0,0.0,stress,False,77.4187,-0.760770399260857,-0.1965095908310558,0.7696189122211635,0.5340058606981734,0.8389414996582737,downloaded_2026-07-31_ex_post
DEVELOPMENT_2020-10,development,4,2021-02,2020-10,2021-03,0.1283685187593288,62.2765,0.040768991654910214,387.46849668826667,275.0,275.0,0.0,normal,False,73.9568,-0.8501744869085937,3.2543509094713325,-0.0905708127312848,0.1788862867014537,1.1814795261633393,downloaded_2026-07-31_ex_post
DEVELOPMENT_2020-10,development,5,2021-03,2020-10,2021-03,0.0490910044027934,65.41,0.07068182977204346,671.760110153501,495.0,495.0,0.0,stress,False,78.61877,-0.7297784112012888,-1.0728589780373918,0.4594086556923863,1.1325843998857548,0.4485084381959874,downloaded_2026-07-31_ex_post
DEVELOPMENT_2020-11,development,0,2020-11,2020-11,2021-04,0.0604135738022599,42.69238095238095,-0.001638477801268499,-15.572093023255814,-10.0,-10.0,0.0,normal,False,70.06747,-0.9506170185273496,-0.2297685628359094,-1.238038341557428,0.4880363442447324,0.5531928001953953,downloaded_2026-07-31_ex_post
DEVELOPMENT_2020-11,development,1,2020-12,2020-11,2021-04,0.157875252315871,49.99363636363637,0.06659358728418745,632.9054535489175,405.0,405.0,0.0,stress,False,64.06729,-1.1055725685496485,-0.3107990452477963,0.2516756031862223,1.8864706667523543,1.4542880617593923,downloaded_2026-07-31_ex_post
DEVELOPMENT_2020-11,development,2,2021-01,2020-11,2021-04,0.0913199042099863,54.774,0.05429886898208387,516.0564508057251,350.0,350.0,0.0,stress,False,77.4187,-0.760770399260857,-0.1965095908310558,0.7696189122211635,0.5340058606981734,0.8389414996582737,downloaded_2026-07-31_ex_post
DEVELOPMENT_2020-11,development,3,2021-02,2020-11,2021-04,0.1283685187593288,62.2765,0.040768991654910214,387.46849668826667,275.0,275.0,0.0,normal,False,73.9568,-0.8501744869085937,3.2543509094713325,-0.0905708127312848,0.1788862867014537,1.1814795261633393,downloaded_2026-07-31_ex_post
DEVELOPMENT_2020-11,development,4,2021-03,2020-11,2021-04,0.0490910044027934,65.41,0.07068182977204346,671.760110153501,495.0,495.0,0.0,stress,False,78.61877,-0.7297784112012888,-1.0728589780373918,0.4594086556923863,1.1325843998857548,0.4485084381959874,downloaded_2026-07-31_ex_post
DEVELOPMENT_2020-11,development,5,2021-04,2020-11,2021-04,-0.0092692450034919,64.8065,-0.016620201586961182,-157.95839588247907,-125.0,-125.0,0.0,normal,False,88.16622,-0.4832140804544785,-0.0508678210802435,0.6131154212478204,0.3577889242380005,-0.0910692194610425,downloaded_2026-07-31_ex_post
DEVELOPMENT_2020-12,development,0,2020-12,2020-12,2021-05,0.157875252315871,49.99363636363637,0.06659358728418745,632.9054535489175,405.0,405.0,0.0,stress,False,64.06729,-1.1055725685496485,-0.3107990452477963,0.2516756031862223,1.8864706667523543,1.4542880617593923,downloaded_2026-07-31_ex_post
DEVELOPMENT_2020-12,development,1,2021-01,2020-12,2021-05,0.0913199042099863,54.774,0.05429886898208387,516.0564508057251,350.0,350.0,0.0,stress,False,77.4187,-0.760770399260857,-0.1965095908310558,0.7696189122211635,0.5340058606981734,0.8389414996582737,downloaded_2026-07-31_ex_post
DEVELOPMENT_2020-12,development,2,2021-02,2020-12,2021-05,0.1283685187593288,62.2765,0.040768991654910214,387.46849668826667,275.0,275.0,0.0,normal,False,73.9568,-0.8501744869085937,3.2543509094713325,-0.0905708127312848,0.1788862867014537,1.1814795261633393,downloaded_2026-07-31_ex_post
DEVELOPMENT_2020-12,development,3,2021-03,2020-12,2021-05,0.0490910044027934,65.41,0.07068182977204346,671.760110153501,495.0,495.0,0.0,stress,False,78.61877,-0.7297784112012888,-1.0728589780373918,0.4594086556923863,1.1325843998857548,0.4485084381959874,downloaded_2026-07-31_ex_post
DEVELOPMENT_2020-12,development,4,2021-04,2020-12,2021-05,-0.0092692450034919,64.8065,-0.016620201586961182,-157.95839588247907,-125.0,-125.0,0.0,normal,False,88.16622,-0.4832140804544785,-0.0508678210802435,0.6131154212478204,0.3577889242380005,-0.0910692194610425,downloaded_2026-07-31_ex_post
DEVELOPMENT_2020-12,development,5,2021-05,2020-12,2021-05,0.0559271373698573,68.53421052631579,0.013410818059901653,127.4564148413053,100.0,100.0,0.0,normal,False,93.00713,-0.35819685236158,-0.4523692606214046,1.0645792639797331,0.6936658675467042,0.5117128393307618,downloaded_2026-07-31_ex_post
DEVELOPMENT_2021-01,development,0,2021-01,2021-01,2021-06,0.0913199042099863,54.774,0.05429886898208387,516.0564508057251,350.0,350.0,0.0,stress,False,77.4187,-0.760770399260857,-0.1965095908310558,0.7696189122211635,0.5340058606981734,0.8389414996582737,downloaded_2026-07-31_ex_post
DEVELOPMENT_2021-01,development,1,2021-02,2021-01,2021-06,0.1283685187593288,62.2765,0.040768991654910214,387.46849668826667,275.0,275.0,0.0,normal,False,73.9568,-0.8501744869085937,3.2543509094713325,-0.0905708127312848,0.1788862867014537,1.1814795261633393,downloaded_2026-07-31_ex_post
DEVELOPMENT_2021-01,development,2,2021-03,2021-01,2021-06,0.0490910044027934,65.41,0.07068182977204346,671.760110153501,495.0,495.0,0.0,stress,False,78.61877,-0.7297784112012888,-1.0728589780373918,0.4594086556923863,1.1325843998857548,0.4485084381959874,downloaded_2026-07-31_ex_post
DEVELOPMENT_2021-01,development,3,2021-04,2021-01,2021-06,-0.0092692450034919,64.8065,-0.016620201586961182,-157.95839588247907,-125.0,-125.0,0.0,normal,False,88.16622,-0.4832140804544785,-0.0508678210802435,0.6131154212478204,0.3577889242380005,-0.0910692194610425,downloaded_2026-07-31_ex_post
DEVELOPMENT_2021-01,development,4,2021-05,2021-01,2021-06,0.0559271373698573,68.53421052631579,0.013410818059901653,127.4564148413053,100.0,100.0,0.0,normal,False,93.00713,-0.35819685236158,-0.4523692606214046,1.0645792639797331,0.6936658675467042,0.5117128393307618,downloaded_2026-07-31_ex_post
DEVELOPMENT_2021-01,development,5,2021-06,2021-01,2021-06,0.0653716949119767,73.1640909090909,0.05259809119830328,499.8922587486744,400.0,400.0,0.0,stress,False,74.12712,-0.8457759473181483,-0.573347891629365,0.1838680185693704,0.2641961826785088,0.5990337861743334,downloaded_2026-07-31_ex_post
DEVELOPMENT_2021-02,development,0,2021-02,2021-02,2021-07,0.1283685187593288,62.2765,0.040768991654910214,387.46849668826667,275.0,275.0,0.0,normal,False,73.9568,-0.8501744869085937,3.2543509094713325,-0.0905708127312848,0.1788862867014537,1.1814795261633393,downloaded_2026-07-31_ex_post
DEVELOPMENT_2021-02,development,1,2021-03,2021-02,2021-07,0.0490910044027934,65.41,0.07068182977204346,671.760110153501,495.0,495.0,0.0,stress,False,78.61877,-0.7297784112012888,-1.0728589780373918,0.4594086556923863,1.1325843998857548,0.4485084381959874,downloaded_2026-07-31_ex_post
DEVELOPMENT_2021-02,development,2,2021-04,2021-02,2021-07,-0.0092692450034919,64.8065,-0.016620201586961182,-157.95839588247907,-125.0,-125.0,0.0,normal,False,88.16622,-0.4832140804544785,-0.0508678210802435,0.6131154212478204,0.3577889242380005,-0.0910692194610425,downloaded_2026-07-31_ex_post
DEVELOPMENT_2021-02,development,3,2021-05,2021-02,2021-07,0.0559271373698573,68.53421052631579,0.013410818059901653,127.4564148413053,100.0,100.0,0.0,normal,False,93.00713,-0.35819685236158,-0.4523692606214046,1.0645792639797331,0.6936658675467042,0.5117128393307618,downloaded_2026-07-31_ex_post
DEVELOPMENT_2021-02,development,4,2021-06,2021-02,2021-07,0.0653716949119767,73.1640909090909,0.05259809119830328,499.8922587486744,400.0,400.0,0.0,stress,False,74.12712,-0.8457759473181483,-0.573347891629365,0.1838680185693704,0.2641961826785088,0.5990337861743334,downloaded_2026-07-31_ex_post
DEVELOPMENT_2021-02,development,5,2021-07,2021-02,2021-07,0.0269930523591881,75.1659090909091,-0.0038581073839888545,-36.667452577430076,-30.0,-30.0,0.0,normal,False,58.42077,-1.2513947959348122,-0.7197536404259015,1.097709574603001,0.1040860746751314,0.2441988040870252,downloaded_2026-07-31_ex_post
DEVELOPMENT_2021-03,development,0,2021-03,2021-03,2021-08,0.0490910044027934,65.41,0.07068182977204346,671.760110153501,495.0,495.0,0.0,stress,False,78.61877,-0.7297784112012888,-1.0728589780373918,0.4594086556923863,1.1325843998857548,0.4485084381959874,downloaded_2026-07-31_ex_post
DEVELOPMENT_2021-03,development,1,2021-04,2021-03,2021-08,-0.0092692450034919,64.8065,-0.016620201586961182,-157.95839588247907,-125.0,-125.0,0.0,normal,False,88.16622,-0.4832140804544785,-0.0508678210802435,0.6131154212478204,0.3577889242380005,-0.0910692194610425,downloaded_2026-07-31_ex_post
DEVELOPMENT_2021-03,development,2,2021-05,2021-03,2021-08,0.0559271373698573,68.53421052631579,0.013410818059901653,127.4564148413053,100.0,100.0,0.0,normal,False,93.00713,-0.35819685236158,-0.4523692606214046,1.0645792639797331,0.6936658675467042,0.5117128393307618,downloaded_2026-07-31_ex_post
DEVELOPMENT_2021-03,development,3,2021-06,2021-03,2021-08,0.0653716949119767,73.1640909090909,0.05259809119830328,499.8922587486744,400.0,400.0,0.0,stress,False,74.12712,-0.8457759473181483,-0.573347891629365,0.1838680185693704,0.2641961826785088,0.5990337861743334,downloaded_2026-07-31_ex_post
DEVELOPMENT_2021-03,development,4,2021-07,2021-03,2021-08,0.0269930523591881,75.1659090909091,-0.0038581073839888545,-36.667452577430076,-30.0,-30.0,0.0,normal,False,58.42077,-1.2513947959348122,-0.7197536404259015,1.097709574603001,0.1040860746751314,0.2441988040870252,downloaded_2026-07-31_ex_post
DEVELOPMENT_2021-03,development,5,2021-08,2021-03,2021-08,-0.0605856395473693,70.74714285714286,-0.030952951513699176,-294.176851186197,-250.0,-250.0,0.0,normal,False,89.48655,-0.4491163598259405,1.0544652082704256,1.299821856530201,-1.1894346232175137,-0.5655219548259344,downloaded_2026-07-31_ex_post
DEVELOPMENT_2021-04,development,0,2021-04,2021-04,2021-09,-0.0092692450034919,64.8065,-0.016620201586961182,-157.95839588247907,-125.0,-125.0,0.0,normal,False,88.16622,-0.4832140804544785,-0.0508678210802435,0.6131154212478204,0.3577889242380005,-0.0910692194610425,downloaded_2026-07-31_ex_post
DEVELOPMENT_2021-04,development,1,2021-05,2021-04,2021-09,0.0559271373698573,68.53421052631579,0.013410818059901653,127.4564148413053,100.0,100.0,0.0,normal,False,93.00713,-0.35819685236158,-0.4523692606214046,1.0645792639797331,0.6936658675467042,0.5117128393307618,downloaded_2026-07-31_ex_post
DEVELOPMENT_2021-04,development,2,2021-06,2021-04,2021-09,0.0653716949119767,73.1640909090909,0.05259809119830328,499.8922587486744,400.0,400.0,0.0,stress,False,74.12712,-0.8457759473181483,-0.573347891629365,0.1838680185693704,0.2641961826785088,0.5990337861743334,downloaded_2026-07-31_ex_post
DEVELOPMENT_2021-04,development,3,2021-07,2021-04,2021-09,0.0269930523591881,75.1659090909091,-0.0038581073839888545,-36.667452577430076,-30.0,-30.0,0.0,normal,False,58.42077,-1.2513947959348122,-0.7197536404259015,1.097709574603001,0.1040860746751314,0.2441988040870252,downloaded_2026-07-31_ex_post
DEVELOPMENT_2021-04,development,4,2021-08,2021-04,2021-09,-0.0605856395473693,70.74714285714286,-0.030952951513699176,-294.176851186197,-250.0,-250.0,0.0,normal,False,89.48655,-0.4491163598259405,1.0544652082704256,1.299821856530201,-1.1894346232175137,-0.5655219548259344,downloaded_2026-07-31_ex_post
DEVELOPMENT_2021-04,development,5,2021-09,2021-04,2021-09,0.0515344296563116,74.48863636363636,0.028910875030411162,274.7689562890277,230.0,230.0,0.0,normal,False,80.69697,-0.6761085839533829,-0.1484624117344913,1.7293706096689032,0.4894957157184964,0.4710994601392794,downloaded_2026-07-31_ex_post
DEVELOPMENT_2021-05,development,0,2021-05,2021-05,2021-10,0.0559271373698573,68.53421052631579,0.013410818059901653,127.4564148413053,100.0,100.0,0.0,normal,False,93.00713,-0.35819685236158,-0.4523692606214046,1.0645792639797331,0.6936658675467042,0.5117128393307618,downloaded_2026-07-31_ex_post
DEVELOPMENT_2021-05,development,1,2021-06,2021-05,2021-10,0.0653716949119767,73.1640909090909,0.05259809119830328,499.8922587486744,400.0,400.0,0.0,stress,False,74.12712,-0.8457759473181483,-0.573347891629365,0.1838680185693704,0.2641961826785088,0.5990337861743334,downloaded_2026-07-31_ex_post
DEVELOPMENT_2021-05,development,2,2021-07,2021-05,2021-10,0.0269930523591881,75.1659090909091,-0.0038581073839888545,-36.667452577430076,-30.0,-30.0,0.0,normal,False,58.42077,-1.2513947959348122,-0.7197536404259015,1.097709574603001,0.1040860746751314,0.2441988040870252,downloaded_2026-07-31_ex_post
DEVELOPMENT_2021-05,development,3,2021-08,2021-05,2021-10,-0.0605856395473693,70.74714285714286,-0.030952951513699176,-294.176851186197,-250.0,-250.0,0.0,normal,False,89.48655,-0.4491163598259405,1.0544652082704256,1.299821856530201,-1.1894346232175137,-0.5655219548259344,downloaded_2026-07-31_ex_post
DEVELOPMENT_2021-05,development,4,2021-09,2021-05,2021-10,0.0515344296563116,74.48863636363636,0.028910875030411162,274.7689562890277,230.0,230.0,0.0,normal,False,80.69697,-0.6761085839533829,-0.1484624117344913,1.7293706096689032,0.4894957157184964,0.4710994601392794,downloaded_2026-07-31_ex_post
DEVELOPMENT_2021-05,development,5,2021-10,2021-05,2021-10,0.1146561764921223,83.53809523809524,0.08145996463753473,774.1955039151301,645.0,645.0,0.0,extreme,False,79.029236,-0.7191780650790971,-1.0831172006710166,1.1451356776853916,0.9140278657547084,1.054700192682048,downloaded_2026-07-31_ex_post
DEVELOPMENT_2021-06,development,0,2021-06,2021-06,2021-11,0.0653716949119767,73.1640909090909,0.05259809119830328,499.8922587486744,400.0,400.0,0.0,stress,False,74.12712,-0.8457759473181483,-0.573347891629365,0.1838680185693704,0.2641961826785088,0.5990337861743334,downloaded_2026-07-31_ex_post
DEVELOPMENT_2021-06,development,1,2021-07,2021-06,2021-11,0.0269930523591881,75.1659090909091,-0.0038581073839888545,-36.667452577430076,-30.0,-30.0,0.0,normal,False,58.42077,-1.2513947959348122,-0.7197536404259015,1.097709574603001,0.1040860746751314,0.2441988040870252,downloaded_2026-07-31_ex_post
DEVELOPMENT_2021-06,development,2,2021-08,2021-06,2021-11,-0.0605856395473693,70.74714285714286,-0.030952951513699176,-294.176851186197,-250.0,-250.0,0.0,normal,False,89.48655,-0.4491163598259405,1.0544652082704256,1.299821856530201,-1.1894346232175137,-0.5655219548259344,downloaded_2026-07-31_ex_post
DEVELOPMENT_2021-06,development,3,2021-09,2021-06,2021-11,0.0515344296563116,74.48863636363636,0.028910875030411162,274.7689562890277,230.0,230.0,0.0,normal,False,80.69697,-0.6761085839533829,-0.1484624117344913,1.7293706096689032,0.4894957157184964,0.4710994601392794,downloaded_2026-07-31_ex_post
DEVELOPMENT_2021-06,development,4,2021-10,2021-06,2021-11,0.1146561764921223,83.53809523809524,0.08145996463753473,774.1955039151301,645.0,645.0,0.0,extreme,False,79.029236,-0.7191780650790971,-1.0831172006710166,1.1451356776853916,0.9140278657547084,1.054700192682048,downloaded_2026-07-31_ex_post
DEVELOPMENT_2021-06,development,5,2021-11,2021-06,2021-11,-0.030236510030031,81.05,-0.0114019125788842,-108.36377714971543,-95.0,-95.0,0.0,normal,False,86.569145,-0.5244587822887338,-0.5213518775703426,-1.9815310598855032,-0.85329147590065,-0.2849249323065002,downloaded_2026-07-31_ex_post
DEVELOPMENT_2021-07,development,0,2021-07,2021-07,2021-12,0.0269930523591881,75.1659090909091,-0.0038581073839888545,-36.667452577430076,-30.0,-30.0,0.0,normal,False,58.42077,-1.2513947959348122,-0.7197536404259015,1.097709574603001,0.1040860746751314,0.2441988040870252,downloaded_2026-07-31_ex_post
DEVELOPMENT_2021-07,development,1,2021-08,2021-07,2021-12,-0.0605856395473693,70.74714285714286,-0.030952951513699176,-294.176851186197,-250.0,-250.0,0.0,normal,False,89.48655,-0.4491163598259405,1.0544652082704256,1.299821856530201,-1.1894346232175137,-0.5655219548259344,downloaded_2026-07-31_ex_post
DEVELOPMENT_2021-07,development,2,2021-09,2021-07,2021-12,0.0515344296563116,74.48863636363636,0.028910875030411162,274.7689562890277,230.0,230.0,0.0,normal,False,80.69697,-0.6761085839533829,-0.1484624117344913,1.7293706096689032,0.4894957157184964,0.4710994601392794,downloaded_2026-07-31_ex_post
DEVELOPMENT_2021-07,development,3,2021-10,2021-07,2021-12,0.1146561764921223,83.53809523809524,0.08145996463753473,774.1955039151301,645.0,645.0,0.0,extreme,False,79.029236,-0.7191780650790971,-1.0831172006710166,1.1451356776853916,0.9140278657547084,1.054700192682048,downloaded_2026-07-31_ex_post
DEVELOPMENT_2021-07,development,4,2021-11,2021-07,2021-12,-0.030236510030031,81.05,-0.0114019125788842,-108.36377714971543,-95.0,-95.0,0.0,normal,False,86.569145,-0.5244587822887338,-0.5213518775703426,-1.9815310598855032,-0.85329147590065,-0.2849249323065002,downloaded_2026-07-31_ex_post
DEVELOPMENT_2021-07,development,5,2021-12,2021-07,2021-12,-0.088700072196632,74.1704761904762,-0.06503939141712317,-618.1343760283386,-560.0,-560.0,0.0,normal,False,105.34542,-0.0395586592932672,0.7986559530420506,0.8556183913321064,-0.9958599870309542,-0.8254577822011292,downloaded_2026-07-31_ex_post
HOLDOUT_2022-01,holdout,0,2022-01,2022-01,2022-06,0.1538387921336523,86.50523809523808,0.0981129822047056,932.465782873522,795.0,795.0,0.0,extreme,False,138.67499,0.8211824936982614,0.0438726718351025,-1.218730335662586,1.6951979585303318,1.416968417780749,downloaded_2026-07-31_ex_post
HOLDOUT_2022-01,holdout,1,2022-02,2022-01,2022-06,0.1158350237622514,97.129,0.025283517166381855,240.29454714929315,210.0,210.0,0.0,normal,False,216.15901,2.8222189521109757,-0.6894274803548176,0.4828296952698999,1.1793599902529024,1.065599386143739,downloaded_2026-07-31_ex_post
HOLDOUT_2022-01,holdout,2,2022-03,2022-01,2022-06,0.1882276247738818,117.24521739130434,0.11389906963631238,1082.4967578235128,1010.0,1010.0,0.0,extreme,False,318.95493,5.476939031116643,-0.3461206976961777,0.5653916562093241,1.7593671235707131,1.7349150673297866,downloaded_2026-07-31_ex_post
HOLDOUT_2022-01,holdout,3,2022-04,2022-01,2022-06,-0.1143605828784419,104.57526315789474,-0.024037083860092703,-228.44844500632104,-230.0,-230.0,0.0,normal,False,191.1431,2.176179317740286,0.8651513246691347,-0.5406943241510758,-1.9671620406344164,-1.0627055388305418,downloaded_2026-07-31_ex_post
HOLDOUT_2022-01,holdout,4,2022-05,2022-01,2022-06,0.080464109576777,113.33761904761906,0.06949963643742496,660.5245447012868,685.0,685.0,0.0,stress,False,142.25848,0.9137266613647989,0.3395314513633933,1.5409829432157724,1.734704140096735,0.7385727675198195,downloaded_2026-07-31_ex_post
HOLDOUT_2022-01,holdout,5,2022-06,2022-01,2022-06,0.0794604658385793,122.71095238095238,0.007052323691907702,67.0252843678908,70.0,70.0,0.0,normal,False,130.70732,0.6154162188121465,-0.0658751428078632,-1.2120888392127778,0.2563842238120583,0.7292934422446856,downloaded_2026-07-31_ex_post
HOLDOUT_2022-02,holdout,0,2022-02,2022-02,2022-07,0.1158350237622514,97.129,0.025283517166381855,240.29454714929315,210.0,210.0,0.0,normal,False,216.15901,2.8222189521109757,-0.6894274803548176,0.4828296952698999,1.1793599902529024,1.065599386143739,downloaded_2026-07-31_ex_post
HOLDOUT_2022-02,holdout,1,2022-03,2022-02,2022-07,0.1882276247738818,117.24521739130434,0.11389906963631238,1082.4967578235128,1010.0,1010.0,0.0,extreme,False,318.95493,5.476939031116643,-0.3461206976961777,0.5653916562093241,1.7593671235707131,1.7349150673297866,downloaded_2026-07-31_ex_post
HOLDOUT_2022-02,holdout,2,2022-04,2022-02,2022-07,-0.1143605828784419,104.57526315789474,-0.024037083860092703,-228.44844500632104,-230.0,-230.0,0.0,normal,False,191.1431,2.176179317740286,0.8651513246691347,-0.5406943241510758,-1.9671620406344164,-1.0627055388305418,downloaded_2026-07-31_ex_post
HOLDOUT_2022-02,holdout,3,2022-05,2022-02,2022-07,0.080464109576777,113.33761904761906,0.06949963643742496,660.5245447012868,685.0,685.0,0.0,stress,False,142.25848,0.9137266613647989,0.3395314513633933,1.5409829432157724,1.734704140096735,0.7385727675198195,downloaded_2026-07-31_ex_post
HOLDOUT_2022-02,holdout,4,2022-06,2022-02,2022-07,0.0794604658385793,122.71095238095238,0.007052323691907702,67.0252843678908,70.0,70.0,0.0,normal,False,130.70732,0.6154162188121465,-0.0658751428078632,-1.2120888392127778,0.2563842238120583,0.7292934422446856,downloaded_2026-07-31_ex_post
HOLDOUT_2022-02,holdout,5,2022-07,2022-02,2022-07,-0.0919962232605238,111.92571428571428,-0.0619912335629305,-589.1646837820915,-660.0,-660.0,0.0,normal,False,117.176765,0.2659876029819603,-0.3696450451715273,-0.3969098055228585,-0.5502504090518675,-0.8559327971030861,downloaded_2026-07-31_ex_post
HOLDOUT_2022-03,holdout,0,2022-03,2022-03,2022-08,0.1882276247738818,117.24521739130434,0.11389906963631238,1082.4967578235128,1010.0,1010.0,0.0,extreme,False,318.95493,5.476939031116643,-0.3461206976961777,0.5653916562093241,1.7593671235707131,1.7349150673297866,downloaded_2026-07-31_ex_post
HOLDOUT_2022-03,holdout,1,2022-04,2022-03,2022-08,-0.1143605828784419,104.57526315789474,-0.024037083860092703,-228.44844500632104,-230.0,-230.0,0.0,normal,False,191.1431,2.176179317740286,0.8651513246691347,-0.5406943241510758,-1.9671620406344164,-1.0627055388305418,downloaded_2026-07-31_ex_post
HOLDOUT_2022-03,holdout,2,2022-05,2022-03,2022-08,0.080464109576777,113.33761904761906,0.06949963643742496,660.5245447012868,685.0,685.0,0.0,stress,False,142.25848,0.9137266613647989,0.3395314513633933,1.5409829432157724,1.734704140096735,0.7385727675198195,downloaded_2026-07-31_ex_post
HOLDOUT_2022-03,holdout,3,2022-06,2022-03,2022-08,0.0794604658385793,122.71095238095238,0.007052323691907702,67.0252843678908,70.0,70.0,0.0,normal,False,130.70732,0.6154162188121465,-0.0658751428078632,-1.2120888392127778,0.2563842238120583,0.7292934422446856,downloaded_2026-07-31_ex_post
HOLDOUT_2022-03,holdout,4,2022-07,2022-03,2022-08,-0.0919962232605238,111.92571428571428,-0.0619912335629305,-589.1646837820915,-660.0,-660.0,0.0,normal,False,117.176765,0.2659876029819603,-0.3696450451715273,-0.3969098055228585,-0.5502504090518675,-0.8559327971030861,downloaded_2026-07-31_ex_post
HOLDOUT_2022-03,holdout,5,2022-08,2022-03,2022-08,-0.1082114960586126,100.44636363636364,-0.03264799270646672,-310.2865226822597,-335.0,-335.0,0.0,normal,False,132.86322,0.6710926602344162,-0.7153967696138015,-1.761432376640511,-1.0594575687959944,-1.0058533166977166,downloaded_2026-07-31_ex_post
HOLDOUT_2022-04,holdout,0,2022-04,2022-04,2022-09,-0.1143605828784419,104.57526315789474,-0.024037083860092703,-228.44844500632104,-230.0,-230.0,0.0,normal,False,191.1431,2.176179317740286,0.8651513246691347,-0.5406943241510758,-1.9671620406344164,-1.0627055388305418,downloaded_2026-07-31_ex_post
HOLDOUT_2022-04,holdout,1,2022-05,2022-04,2022-09,0.080464109576777,113.33761904761906,0.06949963643742496,660.5245447012868,685.0,685.0,0.0,stress,False,142.25848,0.9137266613647989,0.3395314513633933,1.5409829432157724,1.734704140096735,0.7385727675198195,downloaded_2026-07-31_ex_post
HOLDOUT_2022-04,holdout,2,2022-06,2022-04,2022-09,0.0794604658385793,122.71095238095238,0.007052323691907702,67.0252843678908,70.0,70.0,0.0,normal,False,130.70732,0.6154162188121465,-0.0658751428078632,-1.2120888392127778,0.2563842238120583,0.7292934422446856,downloaded_2026-07-31_ex_post
HOLDOUT_2022-04,holdout,3,2022-07,2022-04,2022-09,-0.0919962232605238,111.92571428571428,-0.0619912335629305,-589.1646837820915,-660.0,-660.0,0.0,normal,False,117.176765,0.2659876029819603,-0.3696450451715273,-0.3969098055228585,-0.5502504090518675,-0.8559327971030861,downloaded_2026-07-31_ex_post
HOLDOUT_2022-04,holdout,4,2022-08,2022-04,2022-09,-0.1082114960586126,100.44636363636364,-0.03264799270646672,-310.2865226822597,-335.0,-335.0,0.0,normal,False,132.86322,0.6710926602344162,-0.7153967696138015,-1.761432376640511,-1.0594575687959944,-1.0058533166977166,downloaded_2026-07-31_ex_post
HOLDOUT_2022-04,holdout,5,2022-09,2022-04,2022-09,-0.1124313979817728,89.7647619047619,-0.010282946893554913,-97.72912727634589,-100.0,-100.0,0.0,normal,False,131.98587,0.6484349646632724,-0.8763498780866047,1.3810052567590507,-0.2793255778257433,-1.0448689963496265,downloaded_2026-07-31_ex_post
HOLDOUT_2022-05,holdout,0,2022-05,2022-05,2022-10,0.080464109576777,113.33761904761906,0.06949963643742496,660.5245447012868,685.0,685.0,0.0,stress,False,142.25848,0.9137266613647989,0.3395314513633933,1.5409829432157724,1.734704140096735,0.7385727675198195,downloaded_2026-07-31_ex_post
HOLDOUT_2022-05,holdout,1,2022-06,2022-05,2022-10,0.0794604658385793,122.71095238095238,0.007052323691907702,67.0252843678908,70.0,70.0,0.0,normal,False,130.70732,0.6154162188121465,-0.0658751428078632,-1.2120888392127778,0.2563842238120583,0.7292934422446856,downloaded_2026-07-31_ex_post
HOLDOUT_2022-05,holdout,2,2022-07,2022-05,2022-10,-0.0919962232605238,111.92571428571428,-0.0619912335629305,-589.1646837820915,-660.0,-660.0,0.0,normal,False,117.176765,0.2659876029819603,-0.3696450451715273,-0.3969098055228585,-0.5502504090518675,-0.8559327971030861,downloaded_2026-07-31_ex_post
HOLDOUT_2022-05,holdout,3,2022-08,2022-05,2022-10,-0.1082114960586126,100.44636363636364,-0.03264799270646672,-310.2865226822597,-335.0,-335.0,0.0,normal,False,132.86322,0.6710926602344162,-0.7153967696138015,-1.761432376640511,-1.0594575687959944,-1.0058533166977166,downloaded_2026-07-31_ex_post
HOLDOUT_2022-05,holdout,4,2022-09,2022-05,2022-10,-0.1124313979817728,89.7647619047619,-0.010282946893554913,-97.72912727634589,-100.0,-100.0,0.0,normal,False,131.98587,0.6484349646632724,-0.8763498780866047,1.3810052567590507,-0.2793255778257433,-1.0448689963496265,downloaded_2026-07-31_ex_post
HOLDOUT_2022-05,holdout,5,2022-10,2022-05,2022-10,0.0389695163707077,93.33190476190477,0.019270833333333334,183.15,185.0,185.0,0.0,normal,False,143.16241,0.9370707894295665,-0.8675053502585082,1.2566021115532835,0.5405931722369299,0.3549288380414978,downloaded_2026-07-31_ex_post
HOLDOUT_2022-06,holdout,0,2022-06,2022-06,2022-11,0.0794604658385793,122.71095238095238,0.007052323691907702,67.0252843678908,70.0,70.0,0.0,normal,False,130.70732,0.6154162188121465,-0.0658751428078632,-1.2120888392127778,0.2563842238120583,0.7292934422446856,downloaded_2026-07-31_ex_post
HOLDOUT_2022-06,holdout,1,2022-07,2022-06,2022-11,-0.0919962232605238,111.92571428571428,-0.0619912335629305,-589.1646837820915,-660.0,-660.0,0.0,normal,False,117.176765,0.2659876029819603,-0.3696450451715273,-0.3969098055228585,-0.5502504090518675,-0.8559327971030861,downloaded_2026-07-31_ex_post
HOLDOUT_2022-06,holdout,2,2022-08,2022-06,2022-11,-0.1082114960586126,100.44636363636364,-0.03264799270646672,-310.2865226822597,-335.0,-335.0,0.0,normal,False,132.86322,0.6710926602344162,-0.7153967696138015,-1.761432376640511,-1.0594575687959944,-1.0058533166977166,downloaded_2026-07-31_ex_post
HOLDOUT_2022-06,holdout,3,2022-09,2022-06,2022-11,-0.1124313979817728,89.7647619047619,-0.010282946893554913,-97.72912727634589,-100.0,-100.0,0.0,normal,False,131.98587,0.6484349646632724,-0.8763498780866047,1.3810052567590507,-0.2793255778257433,-1.0448689963496265,downloaded_2026-07-31_ex_post
HOLDOUT_2022-06,holdout,4,2022-10,2022-06,2022-11,0.0389695163707077,93.33190476190477,0.019270833333333334,183.15,185.0,185.0,0.0,normal,False,143.16241,0.9370707894295665,-0.8675053502585082,1.2566021115532835,0.5405931722369299,0.3549288380414978,downloaded_2026-07-31_ex_post
HOLDOUT_2022-06,holdout,5,2022-11,2022-06,2022-11,-0.0207474571644556,91.41545454545457,-0.002110422765334604,-20.057457961740077,-20.0,-20.0,0.0,normal,False,116.716286,0.2540956636203546,-0.691594242796294,-1.3811095613590625,-0.6348115186856569,-0.197192597872037,downloaded_2026-07-31_ex_post
HOLDOUT_2022-07,holdout,0,2022-07,2022-07,2022-12,-0.0919962232605238,111.92571428571428,-0.0619912335629305,-589.1646837820915,-660.0,-660.0,0.0,normal,False,117.176765,0.2659876029819603,-0.3696450451715273,-0.3969098055228585,-0.5502504090518675,-0.8559327971030861,downloaded_2026-07-31_ex_post
HOLDOUT_2022-07,holdout,1,2022-08,2022-07,2022-12,-0.1082114960586126,100.44636363636364,-0.03264799270646672,-310.2865226822597,-335.0,-335.0,0.0,normal,False,132.86322,0.6710926602344162,-0.7153967696138015,-1.761432376640511,-1.0594575687959944,-1.0058533166977166,downloaded_2026-07-31_ex_post
HOLDOUT_2022-07,holdout,2,2022-09,2022-07,2022-12,-0.1124313979817728,89.7647619047619,-0.010282946893554913,-97.72912727634589,-100.0,-100.0,0.0,normal,False,131.98587,0.6484349646632724,-0.8763498780866047,1.3810052567590507,-0.2793255778257433,-1.0448689963496265,downloaded_2026-07-31_ex_post
HOLDOUT_2022-07,holdout,3,2022-10,2022-07,2022-12,0.0389695163707077,93.33190476190477,0.019270833333333334,183.15,185.0,185.0,0.0,normal,False,143.16241,0.9370707894295665,-0.8675053502585082,1.2566021115532835,0.5405931722369299,0.3549288380414978,downloaded_2026-07-31_ex_post
HOLDOUT_2022-07,holdout,4,2022-11,2022-07,2022-12,-0.0207474571644556,91.41545454545457,-0.002110422765334604,-20.057457961740077,-20.0,-20.0,0.0,normal,False,116.716286,0.2540956636203546,-0.691594242796294,-1.3811095613590625,-0.6348115186856569,-0.197192597872037,downloaded_2026-07-31_ex_post
HOLDOUT_2022-07,holdout,5,2022-12,2022-07,2022-12,-0.1219041084819281,80.924,-0.0949791802883788,-902.6821294607521,-920.0,-920.0,0.0,normal,False,111.19594,0.1115318987427346,0.9869295693269364,0.6496404006276983,-1.6275535511000303,-1.1324502352122976,downloaded_2026-07-31_ex_post
HOLDOUT_2022-08,holdout,0,2022-08,2022-08,2023-01,-0.1082114960586126,100.44636363636364,-0.03264799270646672,-310.2865226822597,-335.0,-335.0,0.0,normal,False,132.86322,0.6710926602344162,-0.7153967696138015,-1.761432376640511,-1.0594575687959944,-1.0058533166977166,downloaded_2026-07-31_ex_post
HOLDOUT_2022-08,holdout,1,2022-09,2022-08,2023-01,-0.1124313979817728,89.7647619047619,-0.010282946893554913,-97.72912727634589,-100.0,-100.0,0.0,normal,False,131.98587,0.6484349646632724,-0.8763498780866047,1.3810052567590507,-0.2793255778257433,-1.0448689963496265,downloaded_2026-07-31_ex_post
HOLDOUT_2022-08,holdout,2,2022-10,2022-08,2023-01,0.0389695163707077,93.33190476190477,0.019270833333333334,183.15,185.0,185.0,0.0,normal,False,143.16241,0.9370707894295665,-0.8675053502585082,1.2566021115532835,0.5405931722369299,0.3549288380414978,downloaded_2026-07-31_ex_post
HOLDOUT_2022-08,holdout,3,2022-11,2022-08,2023-01,-0.0207474571644556,91.41545454545457,-0.002110422765334604,-20.057457961740077,-20.0,-20.0,0.0,normal,False,116.716286,0.2540956636203546,-0.691594242796294,-1.3811095613590625,-0.6348115186856569,-0.197192597872037,downloaded_2026-07-31_ex_post
HOLDOUT_2022-08,holdout,4,2022-12,2022-08,2023-01,-0.1219041084819281,80.924,-0.0949791802883788,-902.6821294607521,-920.0,-920.0,0.0,normal,False,111.19594,0.1115318987427346,0.9869295693269364,0.6496404006276983,-1.6275535511000303,-1.1324502352122976,downloaded_2026-07-31_ex_post
HOLDOUT_2022-08,holdout,5,2023-01,2022-08,2023-01,0.0193051665928631,82.50142857142858,0.004975035663338089,47.2827389443652,45.0,45.0,0.0,normal,False,104.267044,-0.0674078815184083,-0.4262884558626136,-2.0427023416444765,0.7892089112257185,0.1731194061007357,downloaded_2026-07-31_ex_post
HOLDOUT_2022-09,holdout,0,2022-09,2022-09,2023-02,-0.1124313979817728,89.7647619047619,-0.010282946893554913,-97.72912727634589,-100.0,-100.0,0.0,normal,False,131.98587,0.6484349646632724,-0.8763498780866047,1.3810052567590507,-0.2793255778257433,-1.0448689963496265,downloaded_2026-07-31_ex_post
HOLDOUT_2022-09,holdout,1,2022-10,2022-09,2023-02,0.0389695163707077,93.33190476190477,0.019270833333333334,183.15,185.0,185.0,0.0,normal,False,143.16241,0.9370707894295665,-0.8675053502585082,1.2566021115532835,0.5405931722369299,0.3549288380414978,downloaded_2026-07-31_ex_post
HOLDOUT_2022-09,holdout,2,2022-11,2022-09,2023-02,-0.0207474571644556,91.41545454545457,-0.002110422765334604,-20.057457961740077,-20.0,-20.0,0.0,normal,False,116.716286,0.2540956636203546,-0.691594242796294,-1.3811095613590625,-0.6348115186856569,-0.197192597872037,downloaded_2026-07-31_ex_post
HOLDOUT_2022-09,holdout,3,2022-12,2022-09,2023-02,-0.1219041084819281,80.924,-0.0949791802883788,-902.6821294607521,-920.0,-920.0,0.0,normal,False,111.19594,0.1115318987427346,0.9869295693269364,0.6496404006276983,-1.6275535511000303,-1.1324502352122976,downloaded_2026-07-31_ex_post
HOLDOUT_2022-09,holdout,4,2023-01,2022-09,2023-02,0.0193051665928631,82.50142857142858,0.004975035663338089,47.2827389443652,45.0,45.0,0.0,normal,False,104.267044,-0.0674078815184083,-0.4262884558626136,-2.0427023416444765,0.7892089112257185,0.1731194061007357,downloaded_2026-07-31_ex_post
HOLDOUT_2022-09,holdout,5,2023-02,2022-09,2023-02,0.0010124567650224,82.58500000000001,0.02382782475019216,226.4596464258263,210.0,210.0,0.0,normal,False,120.99438,0.3645780839505944,-0.8480828495214321,-1.1400993767610843,0.5789805620240349,0.0039916586781382,downloaded_2026-07-31_ex_post
HOLDOUT_2022-10,holdout,0,2022-10,2022-10,2023-03,0.0389695163707077,93.33190476190477,0.019270833333333334,183.15,185.0,185.0,0.0,normal,False,143.16241,0.9370707894295665,-0.8675053502585082,1.2566021115532835,0.5405931722369299,0.3549288380414978,downloaded_2026-07-31_ex_post
HOLDOUT_2022-10,holdout,1,2022-11,2022-10,2023-03,-0.0207474571644556,91.41545454545457,-0.002110422765334604,-20.057457961740077,-20.0,-20.0,0.0,normal,False,116.716286,0.2540956636203546,-0.691594242796294,-1.3811095613590625,-0.6348115186856569,-0.197192597872037,downloaded_2026-07-31_ex_post
HOLDOUT_2022-10,holdout,2,2022-12,2022-10,2023-03,-0.1219041084819281,80.924,-0.0949791802883788,-902.6821294607521,-920.0,-920.0,0.0,normal,False,111.19594,0.1115318987427346,0.9869295693269364,0.6496404006276983,-1.6275535511000303,-1.1324502352122976,downloaded_2026-07-31_ex_post
HOLDOUT_2022-10,holdout,3,2023-01,2022-10,2023-03,0.0193051665928631,82.50142857142858,0.004975035663338089,47.2827389443652,45.0,45.0,0.0,normal,False,104.267044,-0.0674078815184083,-0.4262884558626136,-2.0427023416444765,0.7892089112257185,0.1731194061007357,downloaded_2026-07-31_ex_post
HOLDOUT_2022-10,holdout,4,2023-02,2022-10,2023-03,0.0010124567650224,82.58500000000001,0.02382782475019216,226.4596464258263,210.0,210.0,0.0,normal,False,120.99438,0.3645780839505944,-0.8480828495214321,-1.1400993767610843,0.5789805620240349,0.0039916586781382,downloaded_2026-07-31_ex_post
HOLDOUT_2022-10,holdout,5,2023-03,2022-10,2023-03,-0.0515661245322487,78.43434782608696,-0.011220196353436185,-106.63674614305751,-100.0,-100.0,0.0,normal,False,105.379974,-0.038666297051556,-0.5835492964541387,2.8601745211308245,-0.5116049583144826,-0.4821307967247998,downloaded_2026-07-31_ex_post
HOLDOUT_2022-11,holdout,0,2022-11,2022-11,2023-04,-0.0207474571644556,91.41545454545457,-0.002110422765334604,-20.057457961740077,-20.0,-20.0,0.0,normal,False,116.716286,0.2540956636203546,-0.691594242796294,-1.3811095613590625,-0.6348115186856569,-0.197192597872037,downloaded_2026-07-31_ex_post
HOLDOUT_2022-11,holdout,1,2022-12,2022-11,2023-04,-0.1219041084819281,80.924,-0.0949791802883788,-902.6821294607521,-920.0,-920.0,0.0,normal,False,111.19594,0.1115318987427346,0.9869295693269364,0.6496404006276983,-1.6275535511000303,-1.1324502352122976,downloaded_2026-07-31_ex_post
HOLDOUT_2022-11,holdout,2,2023-01,2022-11,2023-04,0.0193051665928631,82.50142857142858,0.004975035663338089,47.2827389443652,45.0,45.0,0.0,normal,False,104.267044,-0.0674078815184083,-0.4262884558626136,-2.0427023416444765,0.7892089112257185,0.1731194061007357,downloaded_2026-07-31_ex_post
HOLDOUT_2022-11,holdout,3,2023-02,2022-11,2023-04,0.0010124567650224,82.58500000000001,0.02382782475019216,226.4596464258263,210.0,210.0,0.0,normal,False,120.99438,0.3645780839505944,-0.8480828495214321,-1.1400993767610843,0.5789805620240349,0.0039916586781382,downloaded_2026-07-31_ex_post
HOLDOUT_2022-11,holdout,4,2023-03,2022-11,2023-04,-0.0515661245322487,78.43434782608696,-0.011220196353436185,-106.63674614305751,-100.0,-100.0,0.0,normal,False,105.379974,-0.038666297051556,-0.5835492964541387,2.8601745211308245,-0.5116049583144826,-0.4821307967247998,downloaded_2026-07-31_ex_post
HOLDOUT_2022-11,holdout,5,2023-04,2022-11,2023-04,0.0761253352339741,84.63833333333334,0.0061868389063265425,58.79971696572746,55.0,55.0,0.0,normal,False,106.809654,-0.0017445962432672,-0.3024185322040387,0.3673563856138722,0.7735688765055257,0.6984580366746174,downloaded_2026-07-31_ex_post
HOLDOUT_2022-12,holdout,0,2022-12,2022-12,2023-05,-0.1219041084819281,80.924,-0.0949791802883788,-902.6821294607521,-920.0,-920.0,0.0,normal,False,111.19594,0.1115318987427346,0.9869295693269364,0.6496404006276983,-1.6275535511000303,-1.1324502352122976,downloaded_2026-07-31_ex_post
HOLDOUT_2022-12,holdout,1,2023-01,2022-12,2023-05,0.0193051665928631,82.50142857142858,0.004975035663338089,47.2827389443652,45.0,45.0,0.0,normal,False,104.267044,-0.0674078815184083,-0.4262884558626136,-2.0427023416444765,0.7892089112257185,0.1731194061007357,downloaded_2026-07-31_ex_post
HOLDOUT_2022-12,holdout,2,2023-02,2022-12,2023-05,0.0010124567650224,82.58500000000001,0.02382782475019216,226.4596464258263,210.0,210.0,0.0,normal,False,120.99438,0.3645780839505944,-0.8480828495214321,-1.1400993767610843,0.5789805620240349,0.0039916586781382,downloaded_2026-07-31_ex_post
HOLDOUT_2022-12,holdout,3,2023-03,2022-12,2023-05,-0.0515661245322487,78.43434782608696,-0.011220196353436185,-106.63674614305751,-100.0,-100.0,0.0,normal,False,105.379974,-0.038666297051556,-0.5835492964541387,2.8601745211308245,-0.5116049583144826,-0.4821307967247998,downloaded_2026-07-31_ex_post
HOLDOUT_2022-12,holdout,4,2023-04,2022-12,2023-05,0.0761253352339741,84.63833333333334,0.0061868389063265425,58.79971696572746,55.0,55.0,0.0,normal,False,106.809654,-0.0017445962432672,-0.3024185322040387,0.3673563856138722,0.7735688765055257,0.6984580366746174,downloaded_2026-07-31_ex_post
HOLDOUT_2022-12,holdout,5,2023-05,2022-12,2023-05,-0.1147050529751414,75.466,-0.03208188519268228,-304.90623687125236,-280.0,-280.0,0.0,normal,False,108.46768,0.0410741743238279,0.0584108842108598,-0.0350647633328308,-1.9899272895636213,-1.0658903841627825,downloaded_2026-07-31_ex_post
HOLDOUT_2023-01,holdout,0,2023-01,2023-01,2023-06,0.0193051665928631,82.50142857142858,0.004975035663338089,47.2827389443652,45.0,45.0,0.0,normal,False,104.267044,-0.0674078815184083,-0.4262884558626136,-2.0427023416444765,0.7892089112257185,0.1731194061007357,downloaded_2026-07-31_ex_post
HOLDOUT_2023-01,holdout,1,2023-02,2023-01,2023-06,0.0010124567650224,82.58500000000001,0.02382782475019216,226.4596464258263,210.0,210.0,0.0,normal,False,120.99438,0.3645780839505944,-0.8480828495214321,-1.1400993767610843,0.5789805620240349,0.0039916586781382,downloaded_2026-07-31_ex_post
HOLDOUT_2023-01,holdout,2,2023-03,2023-01,2023-06,-0.0515661245322487,78.43434782608696,-0.011220196353436185,-106.63674614305751,-100.0,-100.0,0.0,normal,False,105.379974,-0.038666297051556,-0.5835492964541387,2.8601745211308245,-0.5116049583144826,-0.4821307967247998,downloaded_2026-07-31_ex_post
HOLDOUT_2023-01,holdout,3,2023-04,2023-01,2023-06,0.0761253352339741,84.63833333333334,0.0061868389063265425,58.79971696572746,55.0,55.0,0.0,normal,False,106.809654,-0.0017445962432672,-0.3024185322040387,0.3673563856138722,0.7735688765055257,0.6984580366746174,downloaded_2026-07-31_ex_post
HOLDOUT_2023-01,holdout,4,2023-05,2023-01,2023-06,-0.1147050529751414,75.466,-0.03208188519268228,-304.90623687125236,-280.0,-280.0,0.0,normal,False,108.46768,0.0410741743238279,0.0584108842108598,-0.0350647633328308,-1.9899272895636213,-1.0658903841627825,downloaded_2026-07-31_ex_post
HOLDOUT_2023-01,holdout,5,2023-06,2023-01,2023-06,-0.0083418694935151,74.83909090909091,0.0017222860105929848,16.36860624467573,15.0,15.0,0.0,normal,False,110.528946,0.094306678477414,-0.2424006813305797,-1.800478015913202,0.8009246825468371,-0.0824950425078528,downloaded_2026-07-31_ex_post
HOLDOUT_2023-02,holdout,0,2023-02,2023-02,2023-07,0.0010124567650224,82.58500000000001,0.02382782475019216,226.4596464258263,210.0,210.0,0.0,normal,False,120.99438,0.3645780839505944,-0.8480828495214321,-1.1400993767610843,0.5789805620240349,0.0039916586781382,downloaded_2026-07-31_ex_post
HOLDOUT_2023-02,holdout,1,2023-03,2023-02,2023-07,-0.0515661245322487,78.43434782608696,-0.011220196353436185,-106.63674614305751,-100.0,-100.0,0.0,normal,False,105.379974,-0.038666297051556,-0.5835492964541387,2.8601745211308245,-0.5116049583144826,-0.4821307967247998,downloaded_2026-07-31_ex_post
HOLDOUT_2023-02,holdout,2,2023-04,2023-02,2023-07,0.0761253352339741,84.63833333333334,0.0061868389063265425,58.79971696572746,55.0,55.0,0.0,normal,False,106.809654,-0.0017445962432672,-0.3024185322040387,0.3673563856138722,0.7735688765055257,0.6984580366746174,downloaded_2026-07-31_ex_post
HOLDOUT_2023-02,holdout,3,2023-05,2023-02,2023-07,-0.1147050529751414,75.466,-0.03208188519268228,-304.90623687125236,-280.0,-280.0,0.0,normal,False,108.46768,0.0410741743238279,0.0584108842108598,-0.0350647633328308,-1.9899272895636213,-1.0658903841627825,downloaded_2026-07-31_ex_post
HOLDOUT_2023-02,holdout,4,2023-06,2023-02,2023-07,-0.0083418694935151,74.83909090909091,0.0017222860105929848,16.36860624467573,15.0,15.0,0.0,normal,False,110.528946,0.094306678477414,-0.2424006813305797,-1.800478015913202,0.8009246825468371,-0.0824950425078528,downloaded_2026-07-31_ex_post
HOLDOUT_2023-02,holdout,5,2023-07,2023-02,2023-07,0.0680365589075622,80.10809523809523,0.05009611463855071,476.11347352478595,430.0,430.0,0.0,stress,False,107.448784,0.0147610320355099,0.4497543579028636,0.3883066450628412,0.7837729150241486,0.6236721502550346,downloaded_2026-07-31_ex_post
HOLDOUT_2023-03,holdout,0,2023-03,2023-03,2023-08,-0.0515661245322487,78.43434782608696,-0.011220196353436185,-106.63674614305751,-100.0,-100.0,0.0,normal,False,105.379974,-0.038666297051556,-0.5835492964541387,2.8601745211308245,-0.5116049583144826,-0.4821307967247998,downloaded_2026-07-31_ex_post
HOLDOUT_2023-03,holdout,1,2023-04,2023-03,2023-08,0.0761253352339741,84.63833333333334,0.0061868389063265425,58.79971696572746,55.0,55.0,0.0,normal,False,106.809654,-0.0017445962432672,-0.3024185322040387,0.3673563856138722,0.7735688765055257,0.6984580366746174,downloaded_2026-07-31_ex_post
HOLDOUT_2023-03,holdout,2,2023-05,2023-03,2023-08,-0.1147050529751414,75.466,-0.03208188519268228,-304.90623687125236,-280.0,-280.0,0.0,normal,False,108.46768,0.0410741743238279,0.0584108842108598,-0.0350647633328308,-1.9899272895636213,-1.0658903841627825,downloaded_2026-07-31_ex_post
HOLDOUT_2023-03,holdout,3,2023-06,2023-03,2023-08,-0.0083418694935151,74.83909090909091,0.0017222860105929848,16.36860624467573,15.0,15.0,0.0,normal,False,110.528946,0.094306678477414,-0.2424006813305797,-1.800478015913202,0.8009246825468371,-0.0824950425078528,downloaded_2026-07-31_ex_post
HOLDOUT_2023-03,holdout,4,2023-07,2023-03,2023-08,0.0680365589075622,80.10809523809523,0.05009611463855071,476.11347352478595,430.0,430.0,0.0,stress,False,107.448784,0.0147610320355099,0.4497543579028636,0.3883066450628412,0.7837729150241486,0.6236721502550346,downloaded_2026-07-31_ex_post
HOLDOUT_2023-03,holdout,5,2023-08,2023-03,2023-08,0.0726866684644127,86.14772727272727,0.033659066232356136,319.8957654723127,295.0,295.0,0.0,normal,False,101.14118,-0.1481337889770016,0.3806406052958602,0.4392030356399773,0.1082209387984385,0.6666653733488299,downloaded_2026-07-31_ex_post
HOLDOUT_2023-04,holdout,0,2023-04,2023-04,2023-09,0.0761253352339741,84.63833333333334,0.0061868389063265425,58.79971696572746,55.0,55.0,0.0,normal,False,106.809654,-0.0017445962432672,-0.3024185322040387,0.3673563856138722,0.7735688765055257,0.6984580366746174,downloaded_2026-07-31_ex_post
HOLDOUT_2023-04,holdout,1,2023-05,2023-04,2023-09,-0.1147050529751414,75.466,-0.03208188519268228,-304.90623687125236,-280.0,-280.0,0.0,normal,False,108.46768,0.0410741743238279,0.0584108842108598,-0.0350647633328308,-1.9899272895636213,-1.0658903841627825,downloaded_2026-07-31_ex_post
HOLDOUT_2023-04,holdout,2,2023-06,2023-04,2023-09,-0.0083418694935151,74.83909090909091,0.0017222860105929848,16.36860624467573,15.0,15.0,0.0,normal,False,110.528946,0.094306678477414,-0.2424006813305797,-1.800478015913202,0.8009246825468371,-0.0824950425078528,downloaded_2026-07-31_ex_post
HOLDOUT_2023-04,holdout,3,2023-07,2023-04,2023-09,0.0680365589075622,80.10809523809523,0.05009611463855071,476.11347352478595,430.0,430.0,0.0,stress,False,107.448784,0.0147610320355099,0.4497543579028636,0.3883066450628412,0.7837729150241486,0.6236721502550346,downloaded_2026-07-31_ex_post
HOLDOUT_2023-04,holdout,4,2023-08,2023-04,2023-09,0.0726866684644127,86.14772727272727,0.033659066232356136,319.8957654723127,295.0,295.0,0.0,normal,False,101.14118,-0.1481337889770016,0.3806406052958602,0.4392030356399773,0.1082209387984385,0.6666653733488299,downloaded_2026-07-31_ex_post
HOLDOUT_2023-04,holdout,5,2023-09,2023-04,2023-09,0.0842734366937802,93.72238095238096,0.04166884873876233,396.0207384131972,385.0,385.0,0.0,normal,False,98.63481,-0.2128611708071116,-0.538583598108453,0.3912053568816425,0.8394788925010905,0.7737924217185663,downloaded_2026-07-31_ex_post
HOLDOUT_2023-05,holdout,0,2023-05,2023-05,2023-10,-0.1147050529751414,75.466,-0.03208188519268228,-304.90623687125236,-280.0,-280.0,0.0,normal,False,108.46768,0.0410741743238279,0.0584108842108598,-0.0350647633328308,-1.9899272895636213,-1.0658903841627825,downloaded_2026-07-31_ex_post
HOLDOUT_2023-05,holdout,1,2023-06,2023-05,2023-10,-0.0083418694935151,74.83909090909091,0.0017222860105929848,16.36860624467573,15.0,15.0,0.0,normal,False,110.528946,0.094306678477414,-0.2424006813305797,-1.800478015913202,0.8009246825468371,-0.0824950425078528,downloaded_2026-07-31_ex_post
HOLDOUT_2023-05,holdout,2,2023-07,2023-05,2023-10,0.0680365589075622,80.10809523809523,0.05009611463855071,476.11347352478595,430.0,430.0,0.0,stress,False,107.448784,0.0147610320355099,0.4497543579028636,0.3883066450628412,0.7837729150241486,0.6236721502550346,downloaded_2026-07-31_ex_post
HOLDOUT_2023-05,holdout,3,2023-08,2023-05,2023-10,0.0726866684644127,86.14772727272727,0.033659066232356136,319.8957654723127,295.0,295.0,0.0,normal,False,101.14118,-0.1481337889770016,0.3806406052958602,0.4392030356399773,0.1082209387984385,0.6666653733488299,downloaded_2026-07-31_ex_post
HOLDOUT_2023-05,holdout,4,2023-09,2023-05,2023-10,0.0842734366937802,93.72238095238096,0.04166884873876233,396.0207384131972,385.0,385.0,0.0,normal,False,98.63481,-0.2128611708071116,-0.538583598108453,0.3912053568816425,0.8394788925010905,0.7737924217185663,downloaded_2026-07-31_ex_post
HOLDOUT_2023-05,holdout,5,2023-10,2023-05,2023-10,-0.0339279597643695,90.59590909090907,-0.016353085985581148,-155.41972920696324,-155.0,-155.0,0.0,normal,False,197.88701,2.350341806757429,-0.0890287950248511,1.1851718701269407,-0.4706719317599606,-0.3190547350622526,downloaded_2026-07-31_ex_post
HOLDOUT_2023-06,holdout,0,2023-06,2023-06,2023-11,-0.0083418694935151,74.83909090909091,0.0017222860105929848,16.36860624467573,15.0,15.0,0.0,normal,False,110.528946,0.094306678477414,-0.2424006813305797,-1.800478015913202,0.8009246825468371,-0.0824950425078528,downloaded_2026-07-31_ex_post
HOLDOUT_2023-06,holdout,1,2023-07,2023-06,2023-11,0.0680365589075622,80.10809523809523,0.05009611463855071,476.11347352478595,430.0,430.0,0.0,stress,False,107.448784,0.0147610320355099,0.4497543579028636,0.3883066450628412,0.7837729150241486,0.6236721502550346,downloaded_2026-07-31_ex_post
HOLDOUT_2023-06,holdout,2,2023-08,2023-06,2023-11,0.0726866684644127,86.14772727272727,0.033659066232356136,319.8957654723127,295.0,295.0,0.0,normal,False,101.14118,-0.1481337889770016,0.3806406052958602,0.4392030356399773,0.1082209387984385,0.6666653733488299,downloaded_2026-07-31_ex_post
HOLDOUT_2023-06,holdout,3,2023-09,2023-06,2023-11,0.0842734366937802,93.72238095238096,0.04166884873876233,396.0207384131972,385.0,385.0,0.0,normal,False,98.63481,-0.2128611708071116,-0.538583598108453,0.3912053568816425,0.8394788925010905,0.7737924217185663,downloaded_2026-07-31_ex_post
HOLDOUT_2023-06,holdout,4,2023-10,2023-06,2023-11,-0.0339279597643695,90.59590909090907,-0.016353085985581148,-155.41972920696324,-155.0,-155.0,0.0,normal,False,197.88701,2.350341806757429,-0.0890287950248511,1.1851718701269407,-0.4706719317599606,-0.3190547350622526,downloaded_2026-07-31_ex_post
HOLDOUT_2023-06,holdout,5,2023-11,2023-06,2023-11,-0.0882916036892726,82.94,-0.049681145871590254,-472.1696103635938,-480.0,-480.0,0.0,normal,False,156.69614,1.286581400111794,-0.2009904877196255,-0.2514832632643781,-0.3598597664474965,-0.8216812308212115,downloaded_2026-07-31_ex_post
HOLDOUT_2023-07,holdout,0,2023-07,2023-07,2023-12,0.0680365589075622,80.10809523809523,0.05009611463855071,476.11347352478595,430.0,430.0,0.0,stress,False,107.448784,0.0147610320355099,0.4497543579028636,0.3883066450628412,0.7837729150241486,0.6236721502550346,downloaded_2026-07-31_ex_post
HOLDOUT_2023-07,holdout,1,2023-08,2023-07,2023-12,0.0726866684644127,86.14772727272727,0.033659066232356136,319.8957654723127,295.0,295.0,0.0,normal,False,101.14118,-0.1481337889770016,0.3806406052958602,0.4392030356399773,0.1082209387984385,0.6666653733488299,downloaded_2026-07-31_ex_post
HOLDOUT_2023-07,holdout,2,2023-09,2023-07,2023-12,0.0842734366937802,93.72238095238096,0.04166884873876233,396.0207384131972,385.0,385.0,0.0,normal,False,98.63481,-0.2128611708071116,-0.538583598108453,0.3912053568816425,0.8394788925010905,0.7737924217185663,downloaded_2026-07-31_ex_post
HOLDOUT_2023-07,holdout,3,2023-10,2023-07,2023-12,-0.0339279597643695,90.59590909090907,-0.016353085985581148,-155.41972920696324,-155.0,-155.0,0.0,normal,False,197.88701,2.350341806757429,-0.0890287950248511,1.1851718701269407,-0.4706719317599606,-0.3190547350622526,downloaded_2026-07-31_ex_post
HOLDOUT_2023-07,holdout,4,2023-11,2023-07,2023-12,-0.0882916036892726,82.94,-0.049681145871590254,-472.1696103635938,-480.0,-480.0,0.0,normal,False,156.69614,1.286581400111794,-0.2009904877196255,-0.2514832632643781,-0.3598597664474965,-0.8216812308212115,downloaded_2026-07-31_ex_post
HOLDOUT_2023-07,holdout,5,2023-12,2023-07,2023-12,-0.0661499448947546,77.63105263157895,-0.05015651678998293,-476.6875355719978,-470.0,-470.0,0.0,normal,False,142.27946,0.9142684730170276,-0.1912236902766632,1.938705326047096,-0.5424045399010269,-0.6169674999765228,downloaded_2026-07-31_ex_post
HOLDOUT_2023-08,holdout,0,2023-08,2023-08,2024-01,0.0726866684644127,86.14772727272727,0.033659066232356136,319.8957654723127,295.0,295.0,0.0,normal,False,101.14118,-0.1481337889770016,0.3806406052958602,0.4392030356399773,0.1082209387984385,0.6666653733488299,downloaded_2026-07-31_ex_post
HOLDOUT_2023-08,holdout,1,2023-09,2023-08,2024-01,0.0842734366937802,93.72238095238096,0.04166884873876233,396.0207384131972,385.0,385.0,0.0,normal,False,98.63481,-0.2128611708071116,-0.538583598108453,0.3912053568816425,0.8394788925010905,0.7737924217185663,downloaded_2026-07-31_ex_post
HOLDOUT_2023-08,holdout,2,2023-10,2023-08,2024-01,-0.0339279597643695,90.59590909090907,-0.016353085985581148,-155.41972920696324,-155.0,-155.0,0.0,normal,False,197.88701,2.350341806757429,-0.0890287950248511,1.1851718701269407,-0.4706719317599606,-0.3190547350622526,downloaded_2026-07-31_ex_post
HOLDOUT_2023-08,holdout,3,2023-11,2023-08,2024-01,-0.0882916036892726,82.94,-0.049681145871590254,-472.1696103635938,-480.0,-480.0,0.0,normal,False,156.69614,1.286581400111794,-0.2009904877196255,-0.2514832632643781,-0.3598597664474965,-0.8216812308212115,downloaded_2026-07-31_ex_post
HOLDOUT_2023-08,holdout,4,2023-12,2023-08,2024-01,-0.0661499448947546,77.63105263157895,-0.05015651678998293,-476.6875355719978,-470.0,-470.0,0.0,normal,False,142.27946,0.9142684730170276,-0.1912236902766632,1.938705326047096,-0.5424045399010269,-0.6169674999765228,downloaded_2026-07-31_ex_post
HOLDOUT_2023-08,holdout,5,2024-01,2023-08,2024-01,0.0316090593446061,80.12409090909091,0.01686677064819181,160.30178824041496,150.0,150.0,0.0,normal,False,160.37366,1.3815539066562648,1.8246334015604573,-1.4471484896457978,-0.9027715600903344,0.2868767271983697,downloaded_2026-07-31_ex_post
HOLDOUT_2023-09,holdout,0,2023-09,2023-09,2024-02,0.0842734366937802,93.72238095238096,0.04166884873876233,396.0207384131972,385.0,385.0,0.0,normal,False,98.63481,-0.2128611708071116,-0.538583598108453,0.3912053568816425,0.8394788925010905,0.7737924217185663,downloaded_2026-07-31_ex_post
HOLDOUT_2023-09,holdout,1,2023-10,2023-09,2024-02,-0.0339279597643695,90.59590909090907,-0.016353085985581148,-155.41972920696324,-155.0,-155.0,0.0,normal,False,197.88701,2.350341806757429,-0.0890287950248511,1.1851718701269407,-0.4706719317599606,-0.3190547350622526,downloaded_2026-07-31_ex_post
HOLDOUT_2023-09,holdout,2,2023-11,2023-09,2024-02,-0.0882916036892726,82.94,-0.049681145871590254,-472.1696103635938,-480.0,-480.0,0.0,normal,False,156.69614,1.286581400111794,-0.2009904877196255,-0.2514832632643781,-0.3598597664474965,-0.8216812308212115,downloaded_2026-07-31_ex_post
HOLDOUT_2023-09,holdout,3,2023-12,2023-09,2024-02,-0.0661499448947546,77.63105263157895,-0.05015651678998293,-476.6875355719978,-470.0,-470.0,0.0,normal,False,142.27946,0.9142684730170276,-0.1912236902766632,1.938705326047096,-0.5424045399010269,-0.6169674999765228,downloaded_2026-07-31_ex_post
HOLDOUT_2023-09,holdout,4,2024-01,2023-09,2024-02,0.0316090593446061,80.12409090909091,0.01686677064819181,160.30178824041496,150.0,150.0,0.0,normal,False,160.37366,1.3815539066562648,1.8246334015604573,-1.4471484896457978,-0.9027715600903344,0.2868767271983697,downloaded_2026-07-31_ex_post
HOLDOUT_2023-09,holdout,5,2024-02,2023-09,2024-02,0.0410076956956384,83.47809523809524,0.02275813970561245,216.29335976214074,200.0,200.0,0.0,normal,False,146.59818,1.0258000659012918,-0.2728308467781641,1.4533168503293663,0.3069781208664143,0.3737731033970987,downloaded_2026-07-31_ex_post
HOLDOUT_2023-10,holdout,0,2023-10,2023-10,2024-03,-0.0339279597643695,90.59590909090907,-0.016353085985581148,-155.41972920696324,-155.0,-155.0,0.0,normal,False,197.88701,2.350341806757429,-0.0890287950248511,1.1851718701269407,-0.4706719317599606,-0.3190547350622526,downloaded_2026-07-31_ex_post
HOLDOUT_2023-10,holdout,1,2023-11,2023-10,2024-03,-0.0882916036892726,82.94,-0.049681145871590254,-472.1696103635938,-480.0,-480.0,0.0,normal,False,156.69614,1.286581400111794,-0.2009904877196255,-0.2514832632643781,-0.3598597664474965,-0.8216812308212115,downloaded_2026-07-31_ex_post
HOLDOUT_2023-10,holdout,2,2023-12,2023-10,2024-03,-0.0661499448947546,77.63105263157895,-0.05015651678998293,-476.6875355719978,-470.0,-470.0,0.0,normal,False,142.27946,0.9142684730170276,-0.1912236902766632,1.938705326047096,-0.5424045399010269,-0.6169674999765228,downloaded_2026-07-31_ex_post
HOLDOUT_2023-10,holdout,3,2024-01,2023-10,2024-03,0.0316090593446061,80.12409090909091,0.01686677064819181,160.30178824041496,150.0,150.0,0.0,normal,False,160.37366,1.3815539066562648,1.8246334015604573,-1.4471484896457978,-0.9027715600903344,0.2868767271983697,downloaded_2026-07-31_ex_post
HOLDOUT_2023-10,holdout,4,2024-02,2023-10,2024-03,0.0410076956956384,83.47809523809524,0.02275813970561245,216.29335976214074,200.0,200.0,0.0,normal,False,146.59818,1.0258000659012918,-0.2728308467781641,1.4533168503293663,0.3069781208664143,0.3737731033970987,downloaded_2026-07-31_ex_post
HOLDOUT_2023-10,holdout,5,2024-03,2023-10,2024-03,0.0228613624937814,85.4085,0.013919821826280624,132.29398663697106,125.0,125.0,0.0,normal,False,133.21317,0.6801301715641263,-0.8418068409362313,0.3938624033592537,-0.2342137104212996,0.2059987010644816,downloaded_2026-07-31_ex_post
HOLDOUT_2023-11,holdout,0,2023-11,2023-11,2024-04,-0.0882916036892726,82.94,-0.049681145871590254,-472.1696103635938,-480.0,-480.0,0.0,normal,False,156.69614,1.286581400111794,-0.2009904877196255,-0.2514832632643781,-0.3598597664474965,-0.8216812308212115,downloaded_2026-07-31_ex_post
HOLDOUT_2023-11,holdout,1,2023-12,2023-11,2024-04,-0.0661499448947546,77.63105263157895,-0.05015651678998293,-476.6875355719978,-470.0,-470.0,0.0,normal,False,142.27946,0.9142684730170276,-0.1912236902766632,1.938705326047096,-0.5424045399010269,-0.6169674999765228,downloaded_2026-07-31_ex_post
HOLDOUT_2023-11,holdout,2,2024-01,2023-11,2024-04,0.0316090593446061,80.12409090909091,0.01686677064819181,160.30178824041496,150.0,150.0,0.0,normal,False,160.37366,1.3815539066562648,1.8246334015604573,-1.4471484896457978,-0.9027715600903344,0.2868767271983697,downloaded_2026-07-31_ex_post
HOLDOUT_2023-11,holdout,3,2024-02,2023-11,2024-04,0.0410076956956384,83.47809523809524,0.02275813970561245,216.29335976214074,200.0,200.0,0.0,normal,False,146.59818,1.0258000659012918,-0.2728308467781641,1.4533168503293663,0.3069781208664143,0.3737731033970987,downloaded_2026-07-31_ex_post
HOLDOUT_2023-11,holdout,4,2024-03,2023-11,2024-04,0.0228613624937814,85.4085,0.013919821826280624,132.29398663697106,125.0,125.0,0.0,normal,False,133.21317,0.6801301715641263,-0.8418068409362313,0.3938624033592537,-0.2342137104212996,0.2059987010644816,downloaded_2026-07-31_ex_post
HOLDOUT_2023-11,holdout,5,2024-04,2023-11,2024-04,0.0516759755208706,89.93809523809524,0.036308140050753314,345.0725630423595,330.0,330.0,0.0,normal,False,163.94734,1.473844729598858,0.1176207830166029,-0.4331320410545686,0.483935579963572,0.4724081417646454,downloaded_2026-07-31_ex_post
HOLDOUT_2023-12,holdout,0,2023-12,2023-12,2024-05,-0.0661499448947546,77.63105263157895,-0.05015651678998293,-476.6875355719978,-470.0,-470.0,0.0,normal,False,142.27946,0.9142684730170276,-0.1912236902766632,1.938705326047096,-0.5424045399010269,-0.6169674999765228,downloaded_2026-07-31_ex_post
HOLDOUT_2023-12,holdout,1,2024-01,2023-12,2024-05,0.0316090593446061,80.12409090909091,0.01686677064819181,160.30178824041496,150.0,150.0,0.0,normal,False,160.37366,1.3815539066562648,1.8246334015604573,-1.4471484896457978,-0.9027715600903344,0.2868767271983697,downloaded_2026-07-31_ex_post
HOLDOUT_2023-12,holdout,2,2024-02,2023-12,2024-05,0.0410076956956384,83.47809523809524,0.02275813970561245,216.29335976214074,200.0,200.0,0.0,normal,False,146.59818,1.0258000659012918,-0.2728308467781641,1.4533168503293663,0.3069781208664143,0.3737731033970987,downloaded_2026-07-31_ex_post
HOLDOUT_2023-12,holdout,3,2024-03,2023-12,2024-05,0.0228613624937814,85.4085,0.013919821826280624,132.29398663697106,125.0,125.0,0.0,normal,False,133.21317,0.6801301715641263,-0.8418068409362313,0.3938624033592537,-0.2342137104212996,0.2059987010644816,downloaded_2026-07-31_ex_post
HOLDOUT_2023-12,holdout,4,2024-04,2023-12,2024-05,0.0516759755208706,89.93809523809524,0.036308140050753314,345.0725630423595,330.0,330.0,0.0,normal,False,163.94734,1.473844729598858,0.1176207830166029,-0.4331320410545686,0.483935579963572,0.4724081417646454,downloaded_2026-07-31_ex_post
HOLDOUT_2023-12,holdout,5,2024-05,2023-12,2024-05,-0.0955023939664405,81.74619047619048,-0.025028401022436805,-237.8699233172394,-235.0,-235.0,0.0,normal,False,130.52187,0.6106269446984305,0.1944840982085215,0.322376539122211,-1.6766611464138497,-0.8883495772932078,downloaded_2026-07-31_ex_post
HOLDOUT_2024-01,holdout,0,2024-01,2024-01,2024-06,0.0316090593446061,80.12409090909091,0.01686677064819181,160.30178824041496,150.0,150.0,0.0,normal,False,160.37366,1.3815539066562648,1.8246334015604573,-1.4471484896457978,-0.9027715600903344,0.2868767271983697,downloaded_2026-07-31_ex_post
HOLDOUT_2024-01,holdout,1,2024-02,2024-01,2024-06,0.0410076956956384,83.47809523809524,0.02275813970561245,216.29335976214074,200.0,200.0,0.0,normal,False,146.59818,1.0258000659012918,-0.2728308467781641,1.4533168503293663,0.3069781208664143,0.3737731033970987,downloaded_2026-07-31_ex_post
HOLDOUT_2024-01,holdout,2,2024-03,2024-01,2024-06,0.0228613624937814,85.4085,0.013919821826280624,132.29398663697106,125.0,125.0,0.0,normal,False,133.21317,0.6801301715641263,-0.8418068409362313,0.3938624033592537,-0.2342137104212996,0.2059987010644816,downloaded_2026-07-31_ex_post
HOLDOUT_2024-01,holdout,3,2024-04,2024-01,2024-06,0.0516759755208706,89.93809523809524,0.036308140050753314,345.0725630423595,330.0,330.0,0.0,normal,False,163.94734,1.473844729598858,0.1176207830166029,-0.4331320410545686,0.483935579963572,0.4724081417646454,downloaded_2026-07-31_ex_post
HOLDOUT_2024-01,holdout,4,2024-05,2024-01,2024-06,-0.0955023939664405,81.74619047619048,-0.025028401022436805,-237.8699233172394,-235.0,-235.0,0.0,normal,False,130.52187,0.6106269446984305,0.1944840982085215,0.322376539122211,-1.6766611464138497,-0.8883495772932078,downloaded_2026-07-31_ex_post
HOLDOUT_2024-01,holdout,5,2024-06,2024-01,2024-06,0.0060955472321149,82.24600000000001,0.0021473720668456144,20.40862412330072,20.0,20.0,0.0,normal,False,113.0928,0.1605185932444493,0.3556442308600312,0.6150359218683356,0.4191092552167253,0.0509880659209963,downloaded_2026-07-31_ex_post
HOLDOUT_2024-02,holdout,0,2024-02,2024-02,2024-07,0.0410076956956384,83.47809523809524,0.02275813970561245,216.29335976214074,200.0,200.0,0.0,normal,False,146.59818,1.0258000659012918,-0.2728308467781641,1.4533168503293663,0.3069781208664143,0.3737731033970987,downloaded_2026-07-31_ex_post
HOLDOUT_2024-02,holdout,1,2024-03,2024-02,2024-07,0.0228613624937814,85.4085,0.013919821826280624,132.29398663697106,125.0,125.0,0.0,normal,False,133.21317,0.6801301715641263,-0.8418068409362313,0.3938624033592537,-0.2342137104212996,0.2059987010644816,downloaded_2026-07-31_ex_post
HOLDOUT_2024-02,holdout,2,2024-04,2024-02,2024-07,0.0516759755208706,89.93809523809524,0.036308140050753314,345.0725630423595,330.0,330.0,0.0,normal,False,163.94734,1.473844729598858,0.1176207830166029,-0.4331320410545686,0.483935579963572,0.4724081417646454,downloaded_2026-07-31_ex_post
HOLDOUT_2024-02,holdout,3,2024-05,2024-02,2024-07,-0.0955023939664405,81.74619047619048,-0.025028401022436805,-237.8699233172394,-235.0,-235.0,0.0,normal,False,130.52187,0.6106269446984305,0.1944840982085215,0.322376539122211,-1.6766611464138497,-0.8883495772932078,downloaded_2026-07-31_ex_post
HOLDOUT_2024-02,holdout,4,2024-06,2024-02,2024-07,0.0060955472321149,82.24600000000001,0.0021473720668456144,20.40862412330072,20.0,20.0,0.0,normal,False,113.0928,0.1605185932444493,0.3556442308600312,0.6150359218683356,0.4191092552167253,0.0509880659209963,downloaded_2026-07-31_ex_post
HOLDOUT_2024-02,holdout,5,2024-07,2024-02,2024-07,0.0347353927774038,85.15304347826087,-0.0038405267008046816,-36.50036576444769,-35.0,-35.0,0.0,normal,False,92.394875,-0.3740084297274096,-0.0170318738049687,0.3205221476313483,0.0749542321842091,0.3157816699956526,downloaded_2026-07-31_ex_post
HOLDOUT_2024-03,holdout,0,2024-03,2024-03,2024-08,0.0228613624937814,85.4085,0.013919821826280624,132.29398663697106,125.0,125.0,0.0,normal,False,133.21317,0.6801301715641263,-0.8418068409362313,0.3938624033592537,-0.2342137104212996,0.2059987010644816,downloaded_2026-07-31_ex_post
HOLDOUT_2024-03,holdout,1,2024-04,2024-03,2024-08,0.0516759755208706,89.93809523809524,0.036308140050753314,345.0725630423595,330.0,330.0,0.0,normal,False,163.94734,1.473844729598858,0.1176207830166029,-0.4331320410545686,0.483935579963572,0.4724081417646454,downloaded_2026-07-31_ex_post
HOLDOUT_2024-03,holdout,2,2024-05,2024-03,2024-08,-0.0955023939664405,81.74619047619048,-0.025028401022436805,-237.8699233172394,-235.0,-235.0,0.0,normal,False,130.52187,0.6106269446984305,0.1944840982085215,0.322376539122211,-1.6766611464138497,-0.8883495772932078,downloaded_2026-07-31_ex_post
HOLDOUT_2024-03,holdout,3,2024-06,2024-03,2024-08,0.0060955472321149,82.24600000000001,0.0021473720668456144,20.40862412330072,20.0,20.0,0.0,normal,False,113.0928,0.1605185932444493,0.3556442308600312,0.6150359218683356,0.4191092552167253,0.0509880659209963,downloaded_2026-07-31_ex_post
HOLDOUT_2024-03,holdout,4,2024-07,2024-03,2024-08,0.0347353927774038,85.15304347826087,-0.0038405267008046816,-36.50036576444769,-35.0,-35.0,0.0,normal,False,92.394875,-0.3740084297274096,-0.0170318738049687,0.3205221476313483,0.0749542321842091,0.3157816699956526,downloaded_2026-07-31_ex_post
HOLDOUT_2024-03,holdout,5,2024-08,2024-03,2024-08,-0.0579928679828345,80.3552380952381,-0.032927041615880205,-312.9386035173255,-305.0,-305.0,0.0,normal,False,140.97507,0.8805824052834614,-0.4892860477721049,-0.6644044889499624,-0.7736916788537941,-0.5415501311640435,downloaded_2026-07-31_ex_post
HOLDOUT_2024-04,holdout,0,2024-04,2024-04,2024-09,0.0516759755208706,89.93809523809524,0.036308140050753314,345.0725630423595,330.0,330.0,0.0,normal,False,163.94734,1.473844729598858,0.1176207830166029,-0.4331320410545686,0.483935579963572,0.4724081417646454,downloaded_2026-07-31_ex_post
HOLDOUT_2024-04,holdout,1,2024-05,2024-04,2024-09,-0.0955023939664405,81.74619047619048,-0.025028401022436805,-237.8699233172394,-235.0,-235.0,0.0,normal,False,130.52187,0.6106269446984305,0.1944840982085215,0.322376539122211,-1.6766611464138497,-0.8883495772932078,downloaded_2026-07-31_ex_post
HOLDOUT_2024-04,holdout,2,2024-06,2024-04,2024-09,0.0060955472321149,82.24600000000001,0.0021473720668456144,20.40862412330072,20.0,20.0,0.0,normal,False,113.0928,0.1605185932444493,0.3556442308600312,0.6150359218683356,0.4191092552167253,0.0509880659209963,downloaded_2026-07-31_ex_post
HOLDOUT_2024-04,holdout,3,2024-07,2024-04,2024-09,0.0347353927774038,85.15304347826087,-0.0038405267008046816,-36.50036576444769,-35.0,-35.0,0.0,normal,False,92.394875,-0.3740084297274096,-0.0170318738049687,0.3205221476313483,0.0749542321842091,0.3157816699956526,downloaded_2026-07-31_ex_post
HOLDOUT_2024-04,holdout,4,2024-08,2024-04,2024-09,-0.0579928679828345,80.3552380952381,-0.032927041615880205,-312.9386035173255,-305.0,-305.0,0.0,normal,False,140.97507,0.8805824052834614,-0.4892860477721049,-0.6644044889499624,-0.7736916788537941,-0.5415501311640435,downloaded_2026-07-31_ex_post
HOLDOUT_2024-04,holdout,5,2024-09,2024-04,2024-09,-0.0821669879686188,74.01666666666667,-0.051904796197609106,-493.3031830620769,-465.0,-465.0,0.0,normal,False,130.35878,0.6064151209442867,0.7570711387580246,0.942306701940232,-1.2218172153900495,-0.7650552595784654,downloaded_2026-07-31_ex_post
HOLDOUT_2024-05,holdout,0,2024-05,2024-05,2024-10,-0.0955023939664405,81.74619047619048,-0.025028401022436805,-237.8699233172394,-235.0,-235.0,0.0,normal,False,130.52187,0.6106269446984305,0.1944840982085215,0.322376539122211,-1.6766611464138497,-0.8883495772932078,downloaded_2026-07-31_ex_post
HOLDOUT_2024-05,holdout,1,2024-06,2024-05,2024-10,0.0060955472321149,82.24600000000001,0.0021473720668456144,20.40862412330072,20.0,20.0,0.0,normal,False,113.0928,0.1605185932444493,0.3556442308600312,0.6150359218683356,0.4191092552167253,0.0509880659209963,downloaded_2026-07-31_ex_post
HOLDOUT_2024-05,holdout,2,2024-07,2024-05,2024-10,0.0347353927774038,85.15304347826087,-0.0038405267008046816,-36.50036576444769,-35.0,-35.0,0.0,normal,False,92.394875,-0.3740084297274096,-0.0170318738049687,0.3205221476313483,0.0749542321842091,0.3157816699956526,downloaded_2026-07-31_ex_post
HOLDOUT_2024-05,holdout,3,2024-08,2024-05,2024-10,-0.0579928679828345,80.3552380952381,-0.032927041615880205,-312.9386035173255,-305.0,-305.0,0.0,normal,False,140.97507,0.8805824052834614,-0.4892860477721049,-0.6644044889499624,-0.7736916788537941,-0.5415501311640435,downloaded_2026-07-31_ex_post
HOLDOUT_2024-05,holdout,4,2024-09,2024-05,2024-10,-0.0821669879686188,74.01666666666667,-0.051904796197609106,-493.3031830620769,-465.0,-465.0,0.0,normal,False,130.35878,0.6064151209442867,0.7570711387580246,0.942306701940232,-1.2218172153900495,-0.7650552595784654,downloaded_2026-07-31_ex_post
HOLDOUT_2024-05,holdout,5,2024-10,2024-05,2024-10,0.0215972290716699,75.63260869565217,0.026512968299711816,251.9792507204611,230.0,230.0,0.0,normal,False,130.68921,0.6149485253411331,-1.0923574480336282,-0.2054596766194051,0.6880408377679391,0.194310982834898,downloaded_2026-07-31_ex_post
HOLDOUT_2024-06,holdout,0,2024-06,2024-06,2024-11,0.0060955472321149,82.24600000000001,0.0021473720668456144,20.40862412330072,20.0,20.0,0.0,normal,False,113.0928,0.1605185932444493,0.3556442308600312,0.6150359218683356,0.4191092552167253,0.0509880659209963,downloaded_2026-07-31_ex_post
HOLDOUT_2024-06,holdout,1,2024-07,2024-06,2024-11,0.0347353927774038,85.15304347826087,-0.0038405267008046816,-36.50036576444769,-35.0,-35.0,0.0,normal,False,92.394875,-0.3740084297274096,-0.0170318738049687,0.3205221476313483,0.0749542321842091,0.3157816699956526,downloaded_2026-07-31_ex_post
HOLDOUT_2024-06,holdout,2,2024-08,2024-06,2024-11,-0.0579928679828345,80.3552380952381,-0.032927041615880205,-312.9386035173255,-305.0,-305.0,0.0,normal,False,140.97507,0.8805824052834614,-0.4892860477721049,-0.6644044889499624,-0.7736916788537941,-0.5415501311640435,downloaded_2026-07-31_ex_post
HOLDOUT_2024-06,holdout,3,2024-09,2024-06,2024-11,-0.0821669879686188,74.01666666666667,-0.051904796197609106,-493.3031830620769,-465.0,-465.0,0.0,normal,False,130.35878,0.6064151209442867,0.7570711387580246,0.942306701940232,-1.2218172153900495,-0.7650552595784654,downloaded_2026-07-31_ex_post
HOLDOUT_2024-06,holdout,4,2024-10,2024-06,2024-11,0.0215972290716699,75.63260869565217,0.026512968299711816,251.9792507204611,230.0,230.0,0.0,normal,False,130.68921,0.6149485253411331,-1.0923574480336282,-0.2054596766194051,0.6880408377679391,0.194310982834898,downloaded_2026-07-31_ex_post
HOLDOUT_2024-06,holdout,5,2024-11,2024-06,2024-11,-0.0171678984253071,74.3452380952381,-0.01699272280502788,-161.49883753898496,-145.0,-145.0,0.0,normal,False,128.90164,0.5687842615101542,-0.5380179875299982,-0.0252468806420744,-0.3034152839713622,-0.1640972985961657,downloaded_2026-07-31_ex_post
HOLDOUT_2024-07,holdout,0,2024-07,2024-07,2024-12,0.0347353927774038,85.15304347826087,-0.0038405267008046816,-36.50036576444769,-35.0,-35.0,0.0,normal,False,92.394875,-0.3740084297274096,-0.0170318738049687,0.3205221476313483,0.0749542321842091,0.3157816699956526,downloaded_2026-07-31_ex_post
HOLDOUT_2024-07,holdout,1,2024-08,2024-07,2024-12,-0.0579928679828345,80.3552380952381,-0.032927041615880205,-312.9386035173255,-305.0,-305.0,0.0,normal,False,140.97507,0.8805824052834614,-0.4892860477721049,-0.6644044889499624,-0.7736916788537941,-0.5415501311640435,downloaded_2026-07-31_ex_post
HOLDOUT_2024-07,holdout,2,2024-09,2024-07,2024-12,-0.0821669879686188,74.01666666666667,-0.051904796197609106,-493.3031830620769,-465.0,-465.0,0.0,normal,False,130.35878,0.6064151209442867,0.7570711387580246,0.942306701940232,-1.2218172153900495,-0.7650552595784654,downloaded_2026-07-31_ex_post
HOLDOUT_2024-07,holdout,3,2024-10,2024-07,2024-12,0.0215972290716699,75.63260869565217,0.026512968299711816,251.9792507204611,230.0,230.0,0.0,normal,False,130.68921,0.6149485253411331,-1.0923574480336282,-0.2054596766194051,0.6880408377679391,0.194310982834898,downloaded_2026-07-31_ex_post
HOLDOUT_2024-07,holdout,4,2024-11,2024-07,2024-12,-0.0171678984253071,74.3452380952381,-0.01699272280502788,-161.49883753898496,-145.0,-145.0,0.0,normal,False,128.90164,0.5687842615101542,-0.5380179875299982,-0.0252468806420744,-0.3034152839713622,-0.1640972985961657,downloaded_2026-07-31_ex_post
HOLDOUT_2024-07,holdout,5,2024-12,2024-07,2024-12,-0.0065549838789014,73.8595,0.0,0.0,0.0,0.0,0.0,normal,False,142.36644,0.916514744585704,0.0232999920102456,-1.6125111901196223,-0.2431438743148652,-0.0659741474766801,downloaded_2026-07-31_ex_post
HOLDOUT_2024-08,holdout,0,2024-08,2024-08,2025-01,-0.0579928679828345,80.3552380952381,-0.032927041615880205,-312.9386035173255,-305.0,-305.0,0.0,normal,False,140.97507,0.8805824052834614,-0.4892860477721049,-0.6644044889499624,-0.7736916788537941,-0.5415501311640435,downloaded_2026-07-31_ex_post
HOLDOUT_2024-08,holdout,1,2024-09,2024-08,2025-01,-0.0821669879686188,74.01666666666667,-0.051904796197609106,-493.3031830620769,-465.0,-465.0,0.0,normal,False,130.35878,0.6064151209442867,0.7570711387580246,0.942306701940232,-1.2218172153900495,-0.7650552595784654,downloaded_2026-07-31_ex_post
HOLDOUT_2024-08,holdout,2,2024-10,2024-08,2025-01,0.0215972290716699,75.63260869565217,0.026512968299711816,251.9792507204611,230.0,230.0,0.0,normal,False,130.68921,0.6149485253411331,-1.0923574480336282,-0.2054596766194051,0.6880408377679391,0.194310982834898,downloaded_2026-07-31_ex_post
HOLDOUT_2024-08,holdout,3,2024-11,2024-08,2025-01,-0.0171678984253071,74.3452380952381,-0.01699272280502788,-161.49883753898496,-145.0,-145.0,0.0,normal,False,128.90164,0.5687842615101542,-0.5380179875299982,-0.0252468806420744,-0.3034152839713622,-0.1640972985961657,downloaded_2026-07-31_ex_post
HOLDOUT_2024-08,holdout,4,2024-12,2024-08,2025-01,-0.0065549838789014,73.8595,0.0,0.0,0.0,0.0,0.0,normal,False,142.36644,0.916514744585704,0.0232999920102456,-1.6125111901196223,-0.2431438743148652,-0.0659741474766801,downloaded_2026-07-31_ex_post
HOLDOUT_2024-08,holdout,5,2025-01,2024-08,2025-01,0.0707008411373903,79.27045454545454,0.04823529411764706,458.42823529411766,410.0,410.0,0.0,stress,False,113.233154,0.1641432563825268,0.8033184122267812,-0.5045159181491676,0.6511653364436772,0.6483051355409588,downloaded_2026-07-31_ex_post
HOLDOUT_2024-09,holdout,0,2024-09,2024-09,2025-02,-0.0821669879686188,74.01666666666667,-0.051904796197609106,-493.3031830620769,-465.0,-465.0,0.0,normal,False,130.35878,0.6064151209442867,0.7570711387580246,0.942306701940232,-1.2218172153900495,-0.7650552595784654,downloaded_2026-07-31_ex_post
HOLDOUT_2024-09,holdout,1,2024-10,2024-09,2025-02,0.0215972290716699,75.63260869565217,0.026512968299711816,251.9792507204611,230.0,230.0,0.0,normal,False,130.68921,0.6149485253411331,-1.0923574480336282,-0.2054596766194051,0.6880408377679391,0.194310982834898,downloaded_2026-07-31_ex_post
HOLDOUT_2024-09,holdout,2,2024-11,2024-09,2025-02,-0.0171678984253071,74.3452380952381,-0.01699272280502788,-161.49883753898496,-145.0,-145.0,0.0,normal,False,128.90164,0.5687842615101542,-0.5380179875299982,-0.0252468806420744,-0.3034152839713622,-0.1640972985961657,downloaded_2026-07-31_ex_post
HOLDOUT_2024-09,holdout,3,2024-12,2024-09,2025-02,-0.0065549838789014,73.8595,0.0,0.0,0.0,0.0,0.0,normal,False,142.36644,0.916514744585704,0.0232999920102456,-1.6125111901196223,-0.2431438743148652,-0.0659741474766801,downloaded_2026-07-31_ex_post
HOLDOUT_2024-09,holdout,4,2025-01,2024-09,2025-02,0.0707008411373903,79.27045454545454,0.04823529411764706,458.42823529411766,410.0,410.0,0.0,stress,False,113.233154,0.1641432563825268,0.8033184122267812,-0.5045159181491676,0.6511653364436772,0.6483051355409588,downloaded_2026-07-31_ex_post
HOLDOUT_2024-09,holdout,5,2025-02,2024-09,2025-02,-0.0495543541357541,75.438,-0.019473081328751432,-185.0721649484536,-170.0,-170.0,0.0,normal,False,136.98059,0.7774243591160016,-0.054119318104718,-0.4947789404957337,-0.6749697031152821,-0.4635306987244063,downloaded_2026-07-31_ex_post
HOLDOUT_2024-10,holdout,0,2024-10,2024-10,2025-03,0.0215972290716699,75.63260869565217,0.026512968299711816,251.9792507204611,230.0,230.0,0.0,normal,False,130.68921,0.6149485253411331,-1.0923574480336282,-0.2054596766194051,0.6880408377679391,0.194310982834898,downloaded_2026-07-31_ex_post
HOLDOUT_2024-10,holdout,1,2024-11,2024-10,2025-03,-0.0171678984253071,74.3452380952381,-0.01699272280502788,-161.49883753898496,-145.0,-145.0,0.0,normal,False,128.90164,0.5687842615101542,-0.5380179875299982,-0.0252468806420744,-0.3034152839713622,-0.1640972985961657,downloaded_2026-07-31_ex_post
HOLDOUT_2024-10,holdout,2,2024-12,2024-10,2025-03,-0.0065549838789014,73.8595,0.0,0.0,0.0,0.0,0.0,normal,False,142.36644,0.916514744585704,0.0232999920102456,-1.6125111901196223,-0.2431438743148652,-0.0659741474766801,downloaded_2026-07-31_ex_post
HOLDOUT_2024-10,holdout,3,2025-01,2024-10,2025-03,0.0707008411373903,79.27045454545454,0.04823529411764706,458.42823529411766,410.0,410.0,0.0,stress,False,113.233154,0.1641432563825268,0.8033184122267812,-0.5045159181491676,0.6511653364436772,0.6483051355409588,downloaded_2026-07-31_ex_post
HOLDOUT_2024-10,holdout,4,2025-02,2024-10,2025-03,-0.0495543541357541,75.438,-0.019473081328751432,-185.0721649484536,-170.0,-170.0,0.0,normal,False,136.98059,0.7774243591160016,-0.054119318104718,-0.4947789404957337,-0.6749697031152821,-0.4635306987244063,downloaded_2026-07-31_ex_post
HOLDOUT_2024-10,holdout,5,2025-03,2024-10,2025-03,-0.0365178892031288,72.73285714285714,-0.046864287154668276,-445.3981851179673,-415.0,-415.0,0.0,normal,False,175.90112,1.7825528941448472,-1.0157870984957278,2.0681334529430484,0.7739465356851951,-0.3430002814620633,downloaded_2026-07-31_ex_post
HOLDOUT_2024-11,holdout,0,2024-11,2024-11,2025-04,-0.0171678984253071,74.3452380952381,-0.01699272280502788,-161.49883753898496,-145.0,-145.0,0.0,normal,False,128.90164,0.5687842615101542,-0.5380179875299982,-0.0252468806420744,-0.3034152839713622,-0.1640972985961657,downloaded_2026-07-31_ex_post
HOLDOUT_2024-11,holdout,1,2024-12,2024-11,2025-04,-0.0065549838789014,73.8595,0.0,0.0,0.0,0.0,0.0,normal,False,142.36644,0.916514744585704,0.0232999920102456,-1.6125111901196223,-0.2431438743148652,-0.0659741474766801,downloaded_2026-07-31_ex_post
HOLDOUT_2024-11,holdout,2,2025-01,2024-11,2025-04,0.0707008411373903,79.27045454545454,0.04823529411764706,458.42823529411766,410.0,410.0,0.0,stress,False,113.233154,0.1641432563825268,0.8033184122267812,-0.5045159181491676,0.6511653364436772,0.6483051355409588,downloaded_2026-07-31_ex_post
HOLDOUT_2024-11,holdout,3,2025-02,2024-11,2025-04,-0.0495543541357541,75.438,-0.019473081328751432,-185.0721649484536,-170.0,-170.0,0.0,normal,False,136.98059,0.7774243591160016,-0.054119318104718,-0.4947789404957337,-0.6749697031152821,-0.4635306987244063,downloaded_2026-07-31_ex_post
HOLDOUT_2024-11,holdout,4,2025-03,2024-11,2025-04,-0.0365178892031288,72.73285714285714,-0.046864287154668276,-445.3981851179673,-415.0,-415.0,0.0,normal,False,175.90112,1.7825528941448472,-1.0157870984957278,2.0681334529430484,0.7739465356851951,-0.3430002814620633,downloaded_2026-07-31_ex_post
HOLDOUT_2024-11,holdout,5,2025-04,2024-11,2025-04,-0.0653095448334619,68.1345,-0.029348278865452344,-278.92604233725905,-250.0,-250.0,0.0,normal,False,140.9737,0.8805470248276206,-0.6925299678873784,-0.6656964923657666,-0.889531666725461,-0.6091974664146321,downloaded_2026-07-31_ex_post
HOLDOUT_2024-12,holdout,0,2024-12,2024-12,2025-05,-0.0065549838789014,73.8595,0.0,0.0,0.0,0.0,0.0,normal,False,142.36644,0.916514744585704,0.0232999920102456,-1.6125111901196223,-0.2431438743148652,-0.0659741474766801,downloaded_2026-07-31_ex_post
HOLDOUT_2024-12,holdout,1,2025-01,2024-12,2025-05,0.0707008411373903,79.27045454545454,0.04823529411764706,458.42823529411766,410.0,410.0,0.0,stress,False,113.233154,0.1641432563825268,0.8033184122267812,-0.5045159181491676,0.6511653364436772,0.6483051355409588,downloaded_2026-07-31_ex_post
HOLDOUT_2024-12,holdout,2,2025-02,2024-12,2025-05,-0.0495543541357541,75.438,-0.019473081328751432,-185.0721649484536,-170.0,-170.0,0.0,normal,False,136.98059,0.7774243591160016,-0.054119318104718,-0.4947789404957337,-0.6749697031152821,-0.4635306987244063,downloaded_2026-07-31_ex_post
HOLDOUT_2024-12,holdout,3,2025-03,2024-12,2025-05,-0.0365178892031288,72.73285714285714,-0.046864287154668276,-445.3981851179673,-415.0,-415.0,0.0,normal,False,175.90112,1.7825528941448472,-1.0157870984957278,2.0681334529430484,0.7739465356851951,-0.3430002814620633,downloaded_2026-07-31_ex_post
HOLDOUT_2024-12,holdout,4,2025-04,2024-12,2025-05,-0.0653095448334619,68.1345,-0.029348278865452344,-278.92604233725905,-250.0,-250.0,0.0,normal,False,140.9737,0.8805470248276206,-0.6925299678873784,-0.6656964923657666,-0.889531666725461,-0.6091974664146321,downloaded_2026-07-31_ex_post
HOLDOUT_2024-12,holdout,5,2025-05,2024-12,2025-05,-0.0555474167892189,64.453,-0.027605521104220845,-262.3628725745149,-230.0,-230.0,0.0,normal,False,166.82773,1.5482312341251772,-0.6935906478009998,0.0298679765189118,0.0454328904855552,-0.518940378114846,downloaded_2026-07-31_ex_post
HOLDOUT_2025-01,holdout,0,2025-01,2025-01,2025-06,0.0707008411373903,79.27045454545454,0.04823529411764706,458.42823529411766,410.0,410.0,0.0,stress,False,113.233154,0.1641432563825268,0.8033184122267812,-0.5045159181491676,0.6511653364436772,0.6483051355409588,downloaded_2026-07-31_ex_post
HOLDOUT_2025-01,holdout,1,2025-02,2025-01,2025-06,-0.0495543541357541,75.438,-0.019473081328751432,-185.0721649484536,-170.0,-170.0,0.0,normal,False,136.98059,0.7774243591160016,-0.054119318104718,-0.4947789404957337,-0.6749697031152821,-0.4635306987244063,downloaded_2026-07-31_ex_post
HOLDOUT_2025-01,holdout,2,2025-03,2025-01,2025-06,-0.0365178892031288,72.73285714285714,-0.046864287154668276,-445.3981851179673,-415.0,-415.0,0.0,normal,False,175.90112,1.7825528941448472,-1.0157870984957278,2.0681334529430484,0.7739465356851951,-0.3430002814620633,downloaded_2026-07-31_ex_post
HOLDOUT_2025-01,holdout,3,2025-04,2025-01,2025-06,-0.0653095448334619,68.1345,-0.029348278865452344,-278.92604233725905,-250.0,-250.0,0.0,normal,False,140.9737,0.8805470248276206,-0.6925299678873784,-0.6656964923657666,-0.889531666725461,-0.6091974664146321,downloaded_2026-07-31_ex_post
HOLDOUT_2025-01,holdout,4,2025-05,2025-01,2025-06,-0.0555474167892189,64.453,-0.027605521104220845,-262.3628725745149,-230.0,-230.0,0.0,normal,False,166.82773,1.5482312341251772,-0.6935906478009998,0.0298679765189118,0.0454328904855552,-0.518940378114846,downloaded_2026-07-31_ex_post
HOLDOUT_2025-01,holdout,5,2025-06,2025-01,2025-06,0.1029883143352474,71.4447619047619,0.0406963827681619,386.7784218286107,325.0,325.0,0.0,normal,False,221.1349,2.950722058984512,-1.1407091277299712,1.0505181547077598,1.3388552402431522,0.9468233793284432,downloaded_2026-07-31_ex_post
HOLDOUT_2025-02,holdout,0,2025-02,2025-02,2025-07,-0.0495543541357541,75.438,-0.019473081328751432,-185.0721649484536,-170.0,-170.0,0.0,normal,False,136.98059,0.7774243591160016,-0.054119318104718,-0.4947789404957337,-0.6749697031152821,-0.4635306987244063,downloaded_2026-07-31_ex_post
HOLDOUT_2025-02,holdout,1,2025-03,2025-02,2025-07,-0.0365178892031288,72.73285714285714,-0.046864287154668276,-445.3981851179673,-415.0,-415.0,0.0,normal,False,175.90112,1.7825528941448472,-1.0157870984957278,2.0681334529430484,0.7739465356851951,-0.3430002814620633,downloaded_2026-07-31_ex_post
HOLDOUT_2025-02,holdout,2,2025-04,2025-02,2025-07,-0.0653095448334619,68.1345,-0.029348278865452344,-278.92604233725905,-250.0,-250.0,0.0,normal,False,140.9737,0.8805470248276206,-0.6925299678873784,-0.6656964923657666,-0.889531666725461,-0.6091974664146321,downloaded_2026-07-31_ex_post
HOLDOUT_2025-02,holdout,3,2025-05,2025-02,2025-07,-0.0555474167892189,64.453,-0.027605521104220845,-262.3628725745149,-230.0,-230.0,0.0,normal,False,166.82773,1.5482312341251772,-0.6935906478009998,0.0298679765189118,0.0454328904855552,-0.518940378114846,downloaded_2026-07-31_ex_post
HOLDOUT_2025-02,holdout,4,2025-06,2025-02,2025-07,0.1029883143352474,71.4447619047619,0.0406963827681619,386.7784218286107,325.0,325.0,0.0,normal,False,221.1349,2.950722058984512,-1.1407091277299712,1.0505181547077598,1.3388552402431522,0.9468233793284432,downloaded_2026-07-31_ex_post
HOLDOUT_2025-02,holdout,5,2025-07,2025-02,2025-07,-0.005663131081123,71.04130434782608,0.013098530053849512,124.48842963178576,105.0,105.0,0.0,normal,False,134.222,0.7061833578900363,-0.4816861060310931,0.9441392078468676,-0.338470990288817,-0.0577284006113777,downloaded_2026-07-31_ex_post
HOLDOUT_2025-03,holdout,0,2025-03,2025-03,2025-08,-0.0365178892031288,72.73285714285714,-0.046864287154668276,-445.3981851179673,-415.0,-415.0,0.0,normal,False,175.90112,1.7825528941448472,-1.0157870984957278,2.0681334529430484,0.7739465356851951,-0.3430002814620633,downloaded_2026-07-31_ex_post
HOLDOUT_2025-03,holdout,1,2025-04,2025-03,2025-08,-0.0653095448334619,68.1345,-0.029348278865452344,-278.92604233725905,-250.0,-250.0,0.0,normal,False,140.9737,0.8805470248276206,-0.6925299678873784,-0.6656964923657666,-0.889531666725461,-0.6091974664146321,downloaded_2026-07-31_ex_post
HOLDOUT_2025-03,holdout,2,2025-05,2025-03,2025-08,-0.0555474167892189,64.453,-0.027605521104220845,-262.3628725745149,-230.0,-230.0,0.0,normal,False,166.82773,1.5482312341251772,-0.6935906478009998,0.0298679765189118,0.0454328904855552,-0.518940378114846,downloaded_2026-07-31_ex_post
HOLDOUT_2025-03,holdout,3,2025-06,2025-03,2025-08,0.1029883143352474,71.4447619047619,0.0406963827681619,386.7784218286107,325.0,325.0,0.0,normal,False,221.1349,2.950722058984512,-1.1407091277299712,1.0505181547077598,1.3388552402431522,0.9468233793284432,downloaded_2026-07-31_ex_post
HOLDOUT_2025-03,holdout,4,2025-07,2025-03,2025-08,-0.005663131081123,71.04130434782608,0.013098530053849512,124.48842963178576,105.0,105.0,0.0,normal,False,134.222,0.7061833578900363,-0.4816861060310931,0.9441392078468676,-0.338470990288817,-0.0577284006113777,downloaded_2026-07-31_ex_post
HOLDOUT_2025-03,holdout,5,2025-08,2025-03,2025-08,-0.0456673485517473,67.87,-0.021607806691449814,-205.36059479553904,-180.0,-180.0,0.0,normal,False,138.98846,0.8292779035468808,-0.3554565388289448,0.6819674032737633,-0.5629029412345717,-0.4275928576484169,downloaded_2026-07-31_ex_post
HOLDOUT_2025-04,holdout,0,2025-04,2025-04,2025-09,-0.0653095448334619,68.1345,-0.029348278865452344,-278.92604233725905,-250.0,-250.0,0.0,normal,False,140.9737,0.8805470248276206,-0.6925299678873784,-0.6656964923657666,-0.889531666725461,-0.6091974664146321,downloaded_2026-07-31_ex_post
HOLDOUT_2025-04,holdout,1,2025-05,2025-04,2025-09,-0.0555474167892189,64.453,-0.027605521104220845,-262.3628725745149,-230.0,-230.0,0.0,normal,False,166.82773,1.5482312341251772,-0.6935906478009998,0.0298679765189118,0.0454328904855552,-0.518940378114846,downloaded_2026-07-31_ex_post
HOLDOUT_2025-04,holdout,2,2025-06,2025-04,2025-09,0.1029883143352474,71.4447619047619,0.0406963827681619,386.7784218286107,325.0,325.0,0.0,normal,False,221.1349,2.950722058984512,-1.1407091277299712,1.0505181547077598,1.3388552402431522,0.9468233793284432,downloaded_2026-07-31_ex_post
HOLDOUT_2025-04,holdout,3,2025-07,2025-04,2025-09,-0.005663131081123,71.04130434782608,0.013098530053849512,124.48842963178576,105.0,105.0,0.0,normal,False,134.222,0.7061833578900363,-0.4816861060310931,0.9441392078468676,-0.338470990288817,-0.0577284006113777,downloaded_2026-07-31_ex_post
HOLDOUT_2025-04,holdout,4,2025-08,2025-04,2025-09,-0.0456673485517473,67.87,-0.021607806691449814,-205.36059479553904,-180.0,-180.0,0.0,normal,False,138.98846,0.8292779035468808,-0.3554565388289448,0.6819674032737633,-0.5629029412345717,-0.4275928576484169,downloaded_2026-07-31_ex_post
HOLDOUT_2025-04,holdout,5,2025-09,2025-04,2025-09,0.0016996678364558,67.98545454545454,0.0,0.0,0.0,0.0,0.0,normal,False,126.740585,0.5129746914383501,-0.8866541007228635,0.7325146760624713,0.3724987840823989,0.0103453625092955,downloaded_2026-07-31_ex_post
HOLDOUT_2025-05,holdout,0,2025-05,2025-05,2025-10,-0.0555474167892189,64.453,-0.027605521104220845,-262.3628725745149,-230.0,-230.0,0.0,normal,False,166.82773,1.5482312341251772,-0.6935906478009998,0.0298679765189118,0.0454328904855552,-0.518940378114846,downloaded_2026-07-31_ex_post
HOLDOUT_2025-05,holdout,1,2025-06,2025-05,2025-10,0.1029883143352474,71.4447619047619,0.0406963827681619,386.7784218286107,325.0,325.0,0.0,normal,False,221.1349,2.950722058984512,-1.1407091277299712,1.0505181547077598,1.3388552402431522,0.9468233793284432,downloaded_2026-07-31_ex_post
HOLDOUT_2025-05,holdout,2,2025-07,2025-05,2025-10,-0.005663131081123,71.04130434782608,0.013098530053849512,124.48842963178576,105.0,105.0,0.0,normal,False,134.222,0.7061833578900363,-0.4816861060310931,0.9441392078468676,-0.338470990288817,-0.0577284006113777,downloaded_2026-07-31_ex_post
HOLDOUT_2025-05,holdout,3,2025-08,2025-05,2025-10,-0.0456673485517473,67.87,-0.021607806691449814,-205.36059479553904,-180.0,-180.0,0.0,normal,False,138.98846,0.8292779035468808,-0.3554565388289448,0.6819674032737633,-0.5629029412345717,-0.4275928576484169,downloaded_2026-07-31_ex_post
HOLDOUT_2025-05,holdout,4,2025-09,2025-05,2025-10,0.0016996678364558,67.98545454545454,0.0,0.0,0.0,0.0,0.0,normal,False,126.740585,0.5129746914383501,-0.8866541007228635,0.7325146760624713,0.3724987840823989,0.0103453625092955,downloaded_2026-07-31_ex_post
HOLDOUT_2025-05,holdout,5,2025-10,2025-05,2025-10,-0.0519547002774576,64.54347826086956,-0.042001235330450894,-399.1797405806053,-340.0,-340.0,0.0,normal,False,154.51292,1.230199415584716,,,,-0.4857234268549851,downloaded_2026-07-31_ex_post
HOLDOUT_2025-06,holdout,0,2025-06,2025-06,2025-11,0.1029883143352474,71.4447619047619,0.0406963827681619,386.7784218286107,325.0,325.0,0.0,normal,False,221.1349,2.950722058984512,-1.1407091277299712,1.0505181547077598,1.3388552402431522,0.9468233793284432,downloaded_2026-07-31_ex_post
HOLDOUT_2025-06,holdout,1,2025-07,2025-06,2025-11,-0.005663131081123,71.04130434782608,0.013098530053849512,124.48842963178576,105.0,105.0,0.0,normal,False,134.222,0.7061833578900363,-0.4816861060310931,0.9441392078468676,-0.338470990288817,-0.0577284006113777,downloaded_2026-07-31_ex_post
HOLDOUT_2025-06,holdout,2,2025-08,2025-06,2025-11,-0.0456673485517473,67.87,-0.021607806691449814,-205.36059479553904,-180.0,-180.0,0.0,normal,False,138.98846,0.8292779035468808,-0.3554565388289448,0.6819674032737633,-0.5629029412345717,-0.4275928576484169,downloaded_2026-07-31_ex_post
HOLDOUT_2025-06,holdout,3,2025-09,2025-06,2025-11,0.0016996678364558,67.98545454545454,0.0,0.0,0.0,0.0,0.0,normal,False,126.740585,0.5129746914383501,-0.8866541007228635,0.7325146760624713,0.3724987840823989,0.0103453625092955,downloaded_2026-07-31_ex_post
HOLDOUT_2025-06,holdout,4,2025-10,2025-06,2025-11,-0.0519547002774576,64.54347826086956,-0.042001235330450894,-399.1797405806053,-340.0,-340.0,0.0,normal,False,154.51292,1.230199415584716,,,,-0.4857234268549851,downloaded_2026-07-31_ex_post
HOLDOUT_2025-06,holdout,5,2025-11,2025-06,2025-11,-0.011632910973061,63.797,0.006860200776550586,65.19934818033677,55.0,55.0,0.0,normal,False,104.35177,-0.0652198198383938,,,,-0.1129228160497914,downloaded_2026-07-31_ex_post
HOLDOUT_2025-07,holdout,0,2025-07,2025-07,2025-12,-0.005663131081123,71.04130434782608,0.013098530053849512,124.48842963178576,105.0,105.0,0.0,normal,False,134.222,0.7061833578900363,-0.4816861060310931,0.9441392078468676,-0.338470990288817,-0.0577284006113777,downloaded_2026-07-31_ex_post
HOLDOUT_2025-07,holdout,1,2025-08,2025-07,2025-12,-0.0456673485517473,67.87,-0.021607806691449814,-205.36059479553904,-180.0,-180.0,0.0,normal,False,138.98846,0.8292779035468808,-0.3554565388289448,0.6819674032737633,-0.5629029412345717,-0.4275928576484169,downloaded_2026-07-31_ex_post
HOLDOUT_2025-07,holdout,2,2025-09,2025-07,2025-12,0.0016996678364558,67.98545454545454,0.0,0.0,0.0,0.0,0.0,normal,False,126.740585,0.5129746914383501,-0.8866541007228635,0.7325146760624713,0.3724987840823989,0.0103453625092955,downloaded_2026-07-31_ex_post
HOLDOUT_2025-07,holdout,3,2025-10,2025-07,2025-12,-0.0519547002774576,64.54347826086956,-0.042001235330450894,-399.1797405806053,-340.0,-340.0,0.0,normal,False,154.51292,1.230199415584716,,,,-0.4857234268549851,downloaded_2026-07-31_ex_post
HOLDOUT_2025-07,holdout,4,2025-11,2025-07,2025-12,-0.011632910973061,63.797,0.006860200776550586,65.19934818033677,55.0,55.0,0.0,normal,False,104.35177,-0.0652198198383938,,,,-0.1129228160497914,downloaded_2026-07-31_ex_post
HOLDOUT_2025-07,holdout,5,2025-12,2025-07,2025-12,-0.0198312900488897,62.54428571428572,-0.028756443573467388,-273.3012397222341,-225.0,-225.0,0.0,normal,False,132.48622,0.6613565785904642,0.5679260716525004,1.1853317204216114,-0.4260930994729298,-0.1887220496603941,downloaded_2026-07-31_ex_post
HOLDOUT_2025-08,holdout,0,2025-08,2025-08,2026-01,-0.0456673485517473,67.87,-0.021607806691449814,-205.36059479553904,-180.0,-180.0,0.0,normal,False,138.98846,0.8292779035468808,-0.3554565388289448,0.6819674032737633,-0.5629029412345717,-0.4275928576484169,downloaded_2026-07-31_ex_post
HOLDOUT_2025-08,holdout,1,2025-09,2025-08,2026-01,0.0016996678364558,67.98545454545454,0.0,0.0,0.0,0.0,0.0,normal,False,126.740585,0.5129746914383501,-0.8866541007228635,0.7325146760624713,0.3724987840823989,0.0103453625092955,downloaded_2026-07-31_ex_post
HOLDOUT_2025-08,holdout,2,2025-10,2025-08,2026-01,-0.0519547002774576,64.54347826086956,-0.042001235330450894,-399.1797405806053,-340.0,-340.0,0.0,normal,False,154.51292,1.230199415584716,,,,-0.4857234268549851,downloaded_2026-07-31_ex_post
HOLDOUT_2025-08,holdout,3,2025-11,2025-08,2026-01,-0.011632910973061,63.797,0.006860200776550586,65.19934818033677,55.0,55.0,0.0,normal,False,104.35177,-0.0652198198383938,,,,-0.1129228160497914,downloaded_2026-07-31_ex_post
HOLDOUT_2025-08,holdout,4,2025-12,2025-08,2026-01,-0.0198312900488897,62.54428571428572,-0.028756443573467388,-273.3012397222341,-225.0,-225.0,0.0,normal,False,132.48622,0.6613565785904642,0.5679260716525004,1.1853317204216114,-0.4260930994729298,-0.1887220496603941,downloaded_2026-07-31_ex_post
HOLDOUT_2025-08,holdout,5,2026-01,2025-08,2026-01,0.0628654496903617,66.60238095238095,0.011010592733426656,104.64467333848694,85.0,85.0,0.0,normal,False,168.62987,1.5947717703952868,1.6515450366296345,-1.0150791746293428,-0.3377847356891742,0.575861953635052,downloaded_2026-07-31_ex_post
HOLDOUT_2025-09,holdout,0,2025-09,2025-09,2026-02,0.0016996678364558,67.98545454545454,0.0,0.0,0.0,0.0,0.0,normal,False,126.740585,0.5129746914383501,-0.8866541007228635,0.7325146760624713,0.3724987840823989,0.0103453625092955,downloaded_2026-07-31_ex_post
HOLDOUT_2025-09,holdout,1,2025-10,2025-09,2026-02,-0.0519547002774576,64.54347826086956,-0.042001235330450894,-399.1797405806053,-340.0,-340.0,0.0,normal,False,154.51292,1.230199415584716,,,,-0.4857234268549851,downloaded_2026-07-31_ex_post
HOLDOUT_2025-09,holdout,2,2025-11,2025-09,2026-02,-0.011632910973061,63.797,0.006860200776550586,65.19934818033677,55.0,55.0,0.0,normal,False,104.35177,-0.0652198198383938,,,,-0.1129228160497914,downloaded_2026-07-31_ex_post
HOLDOUT_2025-09,holdout,3,2025-12,2025-09,2026-02,-0.0198312900488897,62.54428571428572,-0.028756443573467388,-273.3012397222341,-225.0,-225.0,0.0,normal,False,132.48622,0.6613565785904642,0.5679260716525004,1.1853317204216114,-0.4260930994729298,-0.1887220496603941,downloaded_2026-07-31_ex_post
HOLDOUT_2025-09,holdout,4,2026-01,2025-09,2026-02,0.0628654496903617,66.60238095238095,0.011010592733426656,104.64467333848694,85.0,85.0,0.0,normal,False,168.62987,1.5947717703952868,1.6515450366296345,-1.0150791746293428,-0.3377847356891742,0.575861953635052,downloaded_2026-07-31_ex_post
HOLDOUT_2025-09,holdout,5,2026-02,2025-09,2026-02,0.0623467329424647,70.887,0.04990045325539036,474.25390773923,380.0,380.0,0.0,stress,False,119.86541,0.3354222640737446,-1.4270956176960894,0.6584655680823043,1.1352886741813035,0.5710660870877855,downloaded_2026-07-31_ex_post
HOLDOUT_2025-10,holdout,0,2025-10,2025-10,2026-03,-0.0519547002774576,64.54347826086956,-0.042001235330450894,-399.1797405806053,-340.0,-340.0,0.0,normal,False,154.51292,1.230199415584716,,,,-0.4857234268549851,downloaded_2026-07-31_ex_post
HOLDOUT_2025-10,holdout,1,2025-11,2025-10,2026-03,-0.011632910973061,63.797,0.006860200776550586,65.19934818033677,55.0,55.0,0.0,normal,False,104.35177,-0.0652198198383938,,,,-0.1129228160497914,downloaded_2026-07-31_ex_post
HOLDOUT_2025-10,holdout,2,2025-12,2025-10,2026-03,-0.0198312900488897,62.54428571428572,-0.028756443573467388,-273.3012397222341,-225.0,-225.0,0.0,normal,False,132.48622,0.6613565785904642,0.5679260716525004,1.1853317204216114,-0.4260930994729298,-0.1887220496603941,downloaded_2026-07-31_ex_post
HOLDOUT_2025-10,holdout,3,2026-01,2025-10,2026-03,0.0628654496903617,66.60238095238095,0.011010592733426656,104.64467333848694,85.0,85.0,0.0,normal,False,168.62987,1.5947717703952868,1.6515450366296345,-1.0150791746293428,-0.3377847356891742,0.575861953635052,downloaded_2026-07-31_ex_post
HOLDOUT_2025-10,holdout,4,2026-02,2025-10,2026-03,0.0623467329424647,70.887,0.04990045325539036,474.25390773923,380.0,380.0,0.0,stress,False,119.86541,0.3354222640737446,-1.4270956176960894,0.6584655680823043,1.1352886741813035,0.5710660870877855,downloaded_2026-07-31_ex_post
HOLDOUT_2025-10,holdout,5,2026-03,2025-10,2026-03,0.3749473424691789,103.13454545454546,0.3681120656436294,3498.537071877054,2900.0,1855.0,1045.0,extreme,False,330.94464,5.786575093311087,8.349189094620359,0.6680837614437971,-0.0589743412718799,3.4612577224309096,downloaded_2026-07-31_ex_post
HOLDOUT_2025-11,holdout,0,2025-11,2025-11,2026-04,-0.011632910973061,63.797,0.006860200776550586,65.19934818033677,55.0,55.0,0.0,normal,False,104.35177,-0.0652198198383938,,,,-0.1129228160497914,downloaded_2026-07-31_ex_post
HOLDOUT_2025-11,holdout,1,2025-12,2025-11,2026-04,-0.0198312900488897,62.54428571428572,-0.028756443573467388,-273.3012397222341,-225.0,-225.0,0.0,normal,False,132.48622,0.6613565785904642,0.5679260716525004,1.1853317204216114,-0.4260930994729298,-0.1887220496603941,downloaded_2026-07-31_ex_post
HOLDOUT_2025-11,holdout,2,2026-01,2025-11,2026-04,0.0628654496903617,66.60238095238095,0.011010592733426656,104.64467333848694,85.0,85.0,0.0,normal,False,168.62987,1.5947717703952868,1.6515450366296345,-1.0150791746293428,-0.3377847356891742,0.575861953635052,downloaded_2026-07-31_ex_post
HOLDOUT_2025-11,holdout,3,2026-02,2025-11,2026-04,0.0623467329424647,70.887,0.04990045325539036,474.25390773923,380.0,380.0,0.0,stress,False,119.86541,0.3354222640737446,-1.4270956176960894,0.6584655680823043,1.1352886741813035,0.5710660870877855,downloaded_2026-07-31_ex_post
HOLDOUT_2025-11,holdout,4,2026-03,2025-11,2026-04,0.3749473424691789,103.13454545454546,0.3681120656436294,3498.537071877054,2900.0,1855.0,1045.0,extreme,False,330.94464,5.786575093311087,8.349189094620359,0.6680837614437971,-0.0589743412718799,3.4612577224309096,downloaded_2026-07-31_ex_post
HOLDOUT_2025-11,holdout,5,2026-04,2025-11,2026-04,0.1285937832614481,117.2875,0.027706843718079674,263.3258426966292,245.0,-135.0,1425.0,normal,False,254.4295,3.8105601064718257,,,,1.1835622398878922,downloaded_2026-07-31_ex_post
HOLDOUT_2025-12,holdout,0,2025-12,2025-12,2026-05,-0.0198312900488897,62.54428571428572,-0.028756443573467388,-273.3012397222341,-225.0,-225.0,0.0,normal,False,132.48622,0.6613565785904642,0.5679260716525004,1.1853317204216114,-0.4260930994729298,-0.1887220496603941,downloaded_2026-07-31_ex_post
HOLDOUT_2025-12,holdout,1,2026-01,2025-12,2026-05,0.0628654496903617,66.60238095238095,0.011010592733426656,104.64467333848694,85.0,85.0,0.0,normal,False,168.62987,1.5947717703952868,1.6515450366296345,-1.0150791746293428,-0.3377847356891742,0.575861953635052,downloaded_2026-07-31_ex_post
HOLDOUT_2025-12,holdout,2,2026-02,2025-12,2026-05,0.0623467329424647,70.887,0.04990045325539036,474.25390773923,380.0,380.0,0.0,stress,False,119.86541,0.3354222640737446,-1.4270956176960894,0.6584655680823043,1.1352886741813035,0.5710660870877855,downloaded_2026-07-31_ex_post
HOLDOUT_2025-12,holdout,3,2026-03,2025-12,2026-05,0.3749473424691789,103.13454545454546,0.3681120656436294,3498.537071877054,2900.0,1855.0,1045.0,extreme,False,330.94464,5.786575093311087,8.349189094620359,0.6680837614437971,-0.0589743412718799,3.4612577224309096,downloaded_2026-07-31_ex_post
HOLDOUT_2025-12,holdout,4,2026-04,2025-12,2026-05,0.1285937832614481,117.2875,0.027706843718079674,263.3258426966292,245.0,-135.0,1425.0,normal,False,254.4295,3.8105601064718257,,,,1.1835622398878922,downloaded_2026-07-31_ex_post
HOLDOUT_2025-12,holdout,5,2026-05,2025-12,2026-05,-0.0904967075871185,107.13947368421051,0.039262462104269175,373.15043983897425,395.0,395.0,1425.0,normal,False,203.55667,2.496761628119359,,,,-0.8420688201169135,downloaded_2026-07-31_ex_post
HOLDOUT_2026-01,holdout,0,2026-01,2026-01,2026-06,0.0628654496903617,66.60238095238095,0.011010592733426656,104.64467333848694,85.0,85.0,0.0,normal,True,168.62987,1.5947717703952868,1.6515450366296345,-1.0150791746293428,-0.3377847356891742,0.575861953635052,downloaded_2026-07-31_ex_post
HOLDOUT_2026-01,holdout,1,2026-02,2026-01,2026-06,0.0623467329424647,70.887,0.04990045325539036,474.25390773923,380.0,380.0,0.0,stress,True,119.86541,0.3354222640737446,-1.4270956176960894,0.6584655680823043,1.1352886741813035,0.5710660870877855,downloaded_2026-07-31_ex_post
HOLDOUT_2026-01,holdout,2,2026-03,2026-01,2026-06,0.3749473424691789,103.13454545454546,0.3681120656436294,3498.537071877054,2900.0,1855.0,1045.0,extreme,True,330.94464,5.786575093311087,8.349189094620359,0.6680837614437971,-0.0589743412718799,3.4612577224309096,downloaded_2026-07-31_ex_post
HOLDOUT_2026-01,holdout,3,2026-04,2026-01,2026-06,0.1285937832614481,117.2875,0.027706843718079674,263.3258426966292,245.0,-135.0,1425.0,normal,True,254.4295,3.8105601064718257,,,,1.1835622398878922,downloaded_2026-07-31_ex_post
HOLDOUT_2026-01,holdout,4,2026-05,2026-01,2026-06,-0.0904967075871185,107.13947368421051,0.039262462104269175,373.15043983897425,395.0,395.0,1425.0,normal,True,203.55667,2.496761628119359,,,,-0.8420688201169135,downloaded_2026-07-31_ex_post
HOLDOUT_2026-01,holdout,5,2026-06,2026-01,2026-06,-0.2267960223837972,85.3990909090909,-0.10367226188179302,-985.3011769245608,-1040.0,-1040.0,1425.0,normal,True,173.63956,1.724147767347246,,,,-2.1022427529981784,downloaded_2026-07-31_ex_post
