rule_id,rho_normal,rho_stress,rho_extreme,J1_macro_loss,J2_cvar95_macro_loss,J3_gap_burden,J4_adjustment_volatility,scenario_count,sample_split,is_pareto,is_knee,knee_score,base_price_2026_06_cny_t,stress_threshold_75_cny_t,stress_threshold_95_cny_t,threshold_quantile_low,threshold_quantile_high
R0001,0.0,0.0,0.0,0.0022340816382931976,0.018668716876851194,0.32657741974097,0.028376342365409358,101,development,True,False,1.0,9504.0,435.9726516618276,702.4907282819895,0.75,0.95
R0002,0.05,0.0,0.0,0.024669235876506785,0.09502341514946604,0.2990025765753326,0.02916077872003885,101,development,True,False,0.9223768100545796,9504.0,435.9726516618276,702.4907282819895,0.75,0.95
R0003,0.05,0.05,0.0,0.034515063023105745,0.14857077557205314,0.28811476832236943,0.02939934225573546,101,development,True,False,0.8986551515825109,9504.0,435.9726516618276,702.4907282819895,0.75,0.95
R0004,0.05,0.05,0.05,0.03627743483249586,0.16163966929220067,0.2850298336526591,0.029453733550892584,101,development,True,False,0.8920252493537384,9504.0,435.9726516618276,702.4907282819895,0.75,0.95
R0005,0.1,0.0,0.0,0.04559171618790021,0.18023460810432135,0.2739888723671248,0.029990474407753823,101,development,True,False,0.8691413363066728,9504.0,435.9726516618276,702.4907282819895,0.75,0.95
R0006,0.1,0.05,0.0,0.0546902446251593,0.22619590820762295,0.26407761070145147,0.030154751743314778,101,development,True,False,0.8551190838117152,9504.0,435.9726516618276,702.4907282819895,0.75,0.95
R0007,0.1,0.05,0.05,0.05634037326806836,0.23776847385937436,0.26122113161169697,0.030193119926894874,101,development,True,False,0.8507384691533428,9504.0,435.9726516618276,702.4907282819895,0.75,0.95
R0008,0.1,0.1,0.0,0.06381046271623612,0.27801539699666294,0.25436616878472046,0.030402520775715845,101,development,True,False,0.8480431641664192,9504.0,435.9726516618276,702.4907282819895,0.75,0.95
R0009,0.1,0.1,0.05,0.06545868370730591,0.28936594588794634,0.2515543003738276,0.03043727881339317,101,development,True,False,0.8448048450087395,9504.0,435.9726516618276,702.4907282819895,0.75,0.95
R0010,0.1,0.1,0.1,0.06720668642772977,0.30067034672875353,0.24874243196293466,0.03049950600702687,101,development,True,False,0.8421192263685277,9504.0,435.9726516618276,702.4907282819895,0.75,0.95
R0011,0.15,0.0,0.0,0.06513239596176497,0.2571519870026769,0.25128757840672683,0.030825605454699364,101,development,True,False,0.8390225577835237,9504.0,435.9726516618276,702.4907282819895,0.75,0.95
R0012,0.15,0.05,0.0,0.07351607542412929,0.29859357333420466,0.24224940651627141,0.030935909061566923,101,development,True,False,0.8333884004176858,9504.0,435.9726516618276,702.4907282819895,0.75,0.95
R0013,0.15,0.05,0.05,0.07511678129891612,0.3088667422342694,0.23960109881860403,0.030958169384221586,101,development,True,False,0.8309423852571712,9504.0,435.9726516618276,702.4907282819895,0.75,0.95
R0014,0.15,0.1,0.0,0.08192939793385141,0.3422748194258029,0.23343063640859935,0.031126737965384732,101,development,True,False,0.8336279396211631,9504.0,435.9726516618276,702.4907282819895,0.75,0.95
R0015,0.15,0.1,0.05,0.08352491684428992,0.3523561445733154,0.23082067811068235,0.031146516316821967,101,development,True,False,0.8320999346171484,9504.0,435.9726516618276,702.4907282819895,0.75,0.95
R0016,0.15,0.1,0.1,0.08516280003952043,0.36239966557840725,0.22821071981276536,0.031193464573077766,101,development,True,False,0.8311329410831012,9504.0,435.9726516618276,702.4907282819895,0.75,0.95
R0017,0.15,0.15,0.0,0.09002170089037445,0.3896475071892425,0.22505752068265028,0.03138813453603745,101,development,True,False,0.8407686173057862,9504.0,435.9726516618276,702.4907282819895,0.75,0.95
R0018,0.15,0.15,0.05,0.09158301874528152,0.3995387351307215,0.22247721419807823,0.03140491001439014,101,development,True,False,0.8400949672314519,9504.0,435.9726516618276,702.4907282819895,0.75,0.95
R0019,0.15,0.15,0.1,0.09320022838862939,0.40939331053470207,0.21989690771350603,0.031448619465023135,101,development,True,False,0.8400154145925438,9504.0,435.9726516618276,702.4907282819895,0.75,0.95
R0020,0.15,0.15,0.15,0.09486007571650917,0.41921152440508475,0.21731660122893398,0.03151866837245883,101,development,True,False,0.8405237349207257,9504.0,435.9726516618276,702.4907282819895,0.75,0.95
R0021,0.2,0.0,0.0,0.08322668405993207,0.3267618372853383,0.2308339917123558,0.031658178488877746,101,development,True,False,0.8297599048209945,9504.0,435.9726516618276,702.4907282819895,0.75,0.95
R0022,0.2,0.05,0.0,0.09099356439780797,0.36417023600226156,0.22254230088765567,0.031716955412856365,101,development,True,False,0.8304907452141286,9504.0,435.9726516618276,702.4907282819895,0.75,0.95
R0023,0.2,0.05,0.05,0.09252484840177837,0.3733120453230188,0.22008366186257214,0.031723425154176144,101,development,True,True,0.8295132717412439,9504.0,435.9726516618276,702.4907282819895,0.75,0.95
R0024,0.2,0.1,0.0,0.0987274902401495,0.4014544959429311,0.21450693387733766,0.03184648034521658,101,development,True,False,0.8357572133351178,9504.0,435.9726516618276,702.4907282819895,0.75,0.95
R0025,0.2,0.1,0.05,0.10024751820880157,0.4104308544927729,0.21208106537117802,0.031851363836359434,101,development,True,False,0.8354879363943424,9504.0,435.9726516618276,702.4907282819895,0.75,0.95
R0026,0.2,0.1,0.1,0.10180631614977471,0.419375617383416,0.2096551968650185,0.03188325318808662,101,development,True,False,0.8358223560850079,9504.0,435.9726516618276,702.4907282819895,0.75,0.95
R0027,0.2,0.15,0.0,0.1062291572577583,0.44449902136496117,0.20683987900708836,0.032046348694644976,101,development,True,False,0.84800158440763,9504.0,435.9726516618276,702.4907282819895,0.75,0.95
R0028,0.2,0.15,0.05,0.10771984793410837,0.4533113172463763,0.20444006479643512,0.03204907710949897,101,development,True,False,0.8483962860961869,9504.0,435.9726516618276,702.4907282819895,0.75,0.95
R0029,0.2,0.15,0.1,0.10926479469532417,0.46209290398331176,0.20204025058578184,0.03207862653114854,101,development,True,False,0.8494216809102549,9504.0,435.9726516618276,702.4907282819895,0.75,0.95
R0030,0.2,0.15,0.15,0.11084408332663125,0.4708440204034951,0.19968860476340838,0.032133901766571105,101,development,True,False,0.851149590358365,9504.0,435.9726516618276,702.4907282819895,0.75,0.95
R0031,0.2,0.2,0.0,0.11374917140023338,0.486069658310275,0.199327404123938,0.03231013471726652,101,development,True,False,0.8640842825208588,9504.0,435.9726516618276,702.4907282819895,0.75,0.95
R0032,0.2,0.2,0.05,0.11520544241914386,0.4947192613429623,0.1969533339312338,0.032310127785085706,101,development,True,False,0.8650594457329617,9504.0,435.9726516618276,702.4907282819895,0.75,0.95
R0033,0.2,0.2,0.1,0.11674367419505226,0.5033389803295162,0.19457926373852952,0.03233674644463408,101,development,True,False,0.866714296320173,9504.0,435.9726516618276,702.4907282819895,0.75,0.95
R0034,0.2,0.2,0.15,0.1183090970253863,0.5119290475180261,0.1922533619341051,0.03238894301076411,101,development,True,False,0.8690620857388823,9504.0,435.9726516618276,702.4907282819895,0.75,0.95
R0035,0.2,0.2,0.2,0.119901824619837,0.5204896922045753,0.1899455657467311,0.03246720113821094,101,development,True,False,0.8720569203587138,9504.0,435.9726516618276,702.4907282819895,0.75,0.95
R0036,0.25,0.0,0.0,0.09997062966911291,0.38969720932309365,0.21233815470363288,0.032459094374670545,101,development,True,False,0.8370955843282886,9504.0,435.9726516618276,702.4907282819895,0.75,0.95
R0037,0.25,0.05,0.0,0.10715515946651138,0.4236070853117589,0.2047346974285696,0.03246733649226641,101,development,True,False,0.8422723001037249,9504.0,435.9726516618276,702.4907282819895,0.75,0.95
R0038,0.25,0.05,0.05,0.10858540613096142,0.4317619902076615,0.20245039487098088,0.03245840690949313,101,development,True,False,0.8422677070311658,9504.0,435.9726516618276,702.4907282819895,0.75,0.95
R0039,0.25,0.1,0.0,0.11431846269283977,0.45740932930434214,0.1973757707074488,0.032551292493678795,101,development,True,False,0.8515926449589618,9504.0,435.9726516618276,702.4907282819895,0.75,0.95
R0040,0.25,0.1,0.05,0.11575387132588104,0.4654219220599163,0.19511928877719922,0.03254147170716609,101,development,True,False,0.8521648108237198,9504.0,435.9726516618276,702.4907282819895,0.75,0.95
R0041,0.25,0.1,0.1,0.11721784539993799,0.4734075911621208,0.1929187451860309,0.03255813768509532,101,development,True,False,0.8534765008793012,9504.0,435.9726516618276,702.4907282819895,0.75,0.95
R0042,0.25,0.15,0.0,0.12134637478736214,0.49463445566108405,0.1903251593997102,0.03270486691741731,101,development,True,False,0.8664396932441069,9504.0,435.9726516618276,702.4907282819895,0.75,0.95
R0043,0.25,0.15,0.05,0.12275629576448382,0.5025058450493319,0.1880912650301214,0.03269357836173238,101,development,True,False,0.867503065490052,9504.0,435.9726516618276,702.4907282819895,0.75,0.95
R0044,0.25,0.15,0.1,0.12420843028890528,0.5103509944159574,0.18591330899961395,0.0327086686078602,101,development,True,False,0.8693195820653521,9504.0,435.9726516618276,702.4907282819895,0.75,0.95
R0045,0.25,0.15,0.15,0.12566537307912354,0.5181701073978405,0.18373535296910645,0.032750773477070554,101,development,True,False,0.8717306373481818,9504.0,435.9726516618276,702.4907282819895,0.75,0.95
R0046,0.25,0.2,0.0,0.12827984801596373,0.5328656395081924,0.18344759122034177,0.03292155828988522,101,development,True,False,0.8854060961320795,9504.0,435.9726516618276,702.4907282819895,0.75,0.95
R0047,0.25,0.2,0.05,0.12964520235574142,0.5405969203933332,0.18123513074374956,0.03290827264525638,101,development,True,False,0.8868755305408068,9504.0,435.9726516618276,702.4907282819895,0.75,0.95
R0048,0.25,0.2,0.1,0.13108481968850572,0.5483025979171056,0.17907860860623862,0.032921262026704846,101,development,True,False,0.889144357213277,9504.0,435.9726516618276,702.4907282819895,0.75,0.95
R0049,0.25,0.2,0.15,0.13252976984496234,0.5559828710510976,0.17692208646872762,0.03296113047206537,101,development,True,False,0.892008555201431,9504.0,435.9726516618276,702.4907282819895,0.75,0.95
R0050,0.25,0.2,0.2,0.1340194133852394,0.563637936194663,0.17476556433121665,0.0330273033729192,101,development,True,False,0.8955264945848264,9504.0,435.9726516618276,702.4907282819895,0.75,0.95
R0051,0.25,0.25,0.0,0.13513444670362704,0.5694785063824669,0.17669531597025584,0.03319494209500334,101,development,False,False,,9504.0,435.9726516618276,702.4907282819895,0.75,0.95
R0052,0.25,0.25,0.05,0.13645918161952314,0.5770707599655608,0.17450428938666013,0.03317916840005816,101,development,True,False,0.9086975280476085,9504.0,435.9726516618276,702.4907282819895,0.75,0.95
R0053,0.25,0.25,0.1,0.13787181803041426,0.5846380009629916,0.17236920114214566,0.033189547854218425,101,development,True,False,0.9113284507574492,9504.0,435.9726516618276,702.4907282819895,0.75,0.95
R0054,0.25,0.25,0.15,0.1393073983640036,0.5921804242987362,0.17023411289763124,0.03322665379932277,101,development,True,False,0.9145863730368128,9504.0,435.9726516618276,702.4907282819895,0.75,0.95
R0055,0.25,0.25,0.2,0.14079008647842653,0.5996982223636587,0.16809902465311677,0.0332899223266781,101,development,True,False,0.9185052547883892,9504.0,435.9726516618276,702.4907282819895,0.75,0.95
R0056,0.25,0.25,0.25,0.14231160542746302,0.6070090396863937,0.16598535453091573,0.03337854030157076,101,development,True,False,0.9230048859032371,9504.0,435.9726516618276,702.4907282819895,0.75,0.95
R0057,0.3,0.0,0.0,0.1154960716873504,0.4466309459011421,0.19552375442373388,0.03324895603708353,101,development,True,False,0.8572938068880602,9504.0,435.9726516618276,702.4907282819895,0.75,0.95
R0058,0.3,0.05,0.0,0.12218201692225966,0.47750370874438736,0.18852678191492678,0.033216659684314497,101,development,True,False,0.865386768409222,9504.0,435.9726516618276,702.4907282819895,0.75,0.95
R0059,0.3,0.05,0.05,0.12350562670425597,0.48479658766923545,0.18644785944639375,0.033192685792961786,101,development,True,False,0.8660257225666829,9504.0,435.9726516618276,702.4907282819895,0.75,0.95
R0060,0.3,0.1,0.0,0.1288335482114951,0.5081418600605028,0.18179259948456833,0.03325852284189034,101,development,True,False,0.8771737538672979,9504.0,435.9726516618276,702.4907282819895,0.75,0.95
R0061,0.3,0.1,0.05,0.13015784687638096,0.5153127436636561,0.17973682482016703,0.033234200533712795,101,development,True,False,0.8782552535545545,9504.0,435.9726516618276,702.4907282819895,0.75,0.95
R0062,0.3,0.1,0.1,0.1315229080011613,0.5224602591829074,0.17768105015576574,0.03323744448027221,101,development,True,False,0.880029990913598,9504.0,435.9726516618276,702.4907282819895,0.75,0.95
R0063,0.3,0.15,0.0,0.13531321998880877,0.5405041272479814,0.17532908735969285,0.03336926360740534,101,development,True,False,0.8931321931956296,9504.0,435.9726516618276,702.4907282819895,0.75,0.95
R0064,0.3,0.15,0.05,0.13662096230609047,0.5475539050495426,0.17329212283892673,0.03334403050513126,101,development,True,False,0.8945774581158727,9504.0,435.9726516618276,702.4907282819895,0.75,0.95
R0065,0.3,0.15,0.1,0.13797159556701652,0.5545550419021089,0.1712581842084087,0.03334623751212063,101,development,True,False,0.8967067085190317,9504.0,435.9726516618276,702.4907282819895,0.75,0.95
R0066,0.3,0.15,0.15,0.13932868396913903,0.5613820588214135,0.1692420201399994,0.03337527123990697,101,development,True,False,0.8994064125622492,9504.0,435.9726516618276,702.4907282819895,0.75,0.95
R0067,0.3,0.2,0.0,0.1417358483418692,0.5756497147184442,0.16898073256644894,0.033541901174841494,101,development,True,False,0.9135293402197674,9504.0,435.9726516618276,702.4907282819895,0.75,0.95
R0068,0.3,0.2,0.05,0.14299744159921435,0.5824311855593655,0.16697995085578546,0.03351512801506263,101,development,True,False,0.9152033453597972,9504.0,435.9726516618276,702.4907282819895,0.75,0.95
R0069,0.3,0.2,0.1,0.14432629043184597,0.5891716604617291,0.16498137337499041,0.033515765955442596,101,development,True,False,0.917600463263036,9504.0,435.9726516618276,702.4907282819895,0.75,0.95
R0070,0.3,0.2,0.15,0.14567935734700163,0.5958901117091023,0.16298279589419531,0.03354334790474298,101,development,True,False,0.9206429786269681,9504.0,435.9726516618276,702.4907282819895,0.75,0.95
R0071,0.3,0.2,0.2,0.14708048114271227,0.6025867125531227,0.16098421841340027,0.03359732793968305,101,development,True,False,0.924363132493451,9504.0,435.9726516618276,702.4907282819895,0.75,0.95
R0072,0.3,0.25,0.0,0.148028635622078,0.6090651397622576,0.1628212770377756,0.03377041716965398,101,development,False,False,,9504.0,435.9726516618276,702.4907282819895,0.75,0.95
R0073,0.3,0.25,0.05,0.1492496930935384,0.6157191413360746,0.16083974707028625,0.03374197465855676,101,development,True,False,0.93775183482489,9504.0,435.9726516618276,702.4907282819895,0.75,0.95
R0074,0.3,0.25,0.1,0.15056504832620637,0.6223513813870983,0.15885821710279688,0.03374083261725863,101,development,True,False,0.9404234518399616,9504.0,435.9726516618276,702.4907282819895,0.75,0.95
R0075,0.3,0.25,0.15,0.15192275422752596,0.6289620326464519,0.1568766871353075,0.0337665049329857,101,development,True,False,0.9437723679832131,9504.0,435.9726516618276,702.4907282819895,0.75,0.95
R0076,0.3,0.25,0.2,0.1533128940747486,0.6355512655489887,0.1548951571678181,0.033818453167418716,101,development,True,False,0.9477729516028708,9504.0,435.9726516618276,702.4907282819895,0.75,0.95
R0077,0.3,0.25,0.25,0.15471956855488575,0.6421192482764397,0.15291362720032872,0.03389609067249285,101,development,True,False,0.9523939937573633,9504.0,435.9726516618276,702.4907282819895,0.75,0.95
R0078,0.3,0.3,0.0,0.15424356621271484,0.6410617413125695,0.15681396500653647,0.03405040220622187,101,development,False,False,,9504.0,435.9726516618276,702.4907282819895,0.75,0.95
R0079,0.3,0.3,0.05,0.15544715367043313,0.6476078932186472,0.15484896909781484,0.03401989666546575,101,development,False,False,,9504.0,435.9726516618276,702.4907282819895,0.75,0.95
R0080,0.3,0.3,0.1,0.15673138814647614,0.6541326881633308,0.1528839731890932,0.03401655011931029,101,development,True,False,0.9649850118127601,9504.0,435.9726516618276,702.4907282819895,0.75,0.95
R0081,0.3,0.3,0.15,0.1580860222823989,0.6606362964310396,0.15091897728037154,0.0340398840624132,101,development,True,False,0.9685785225224413,9504.0,435.9726516618276,702.4907282819895,0.75,0.95
R0082,0.3,0.3,0.2,0.15948407526568914,0.6671188860308153,0.14895398137164986,0.03408936860184508,101,development,True,False,0.9728463760275031,9504.0,435.9726516618276,702.4907282819895,0.75,0.95
R0083,0.3,0.3,0.25,0.1608770579998626,0.6735806227392372,0.1469889854629282,0.034164426432432816,101,development,True,False,0.977698900787312,9504.0,435.9726516618276,702.4907282819895,0.75,0.95
R0084,0.3,0.3,0.3,0.16228276641190575,0.6800216701422953,0.14502398955420656,0.034264437249840886,101,development,True,False,0.9831654237164926,9504.0,435.9726516618276,702.4907282819895,0.75,0.95
R0085,0.35,0.0,0.0,0.12983090508227055,0.4981579118023595,0.1802679815837661,0.03403030995275105,101,development,True,False,0.8869464632045917,9504.0,435.9726516618276,702.4907282819895,0.75,0.95
R0086,0.35,0.05,0.0,0.1360137894647243,0.5261809991106824,0.17386754177315017,0.03396058093163345,101,development,True,False,0.8965447414796796,9504.0,435.9726516618276,702.4907282819895,0.75,0.95
R0087,0.35,0.05,0.05,0.13725610188584306,0.5325730844105313,0.1719417370864383,0.03392278307536429,101,development,True,False,0.8973761877195646,9504.0,435.9726516618276,702.4907282819895,0.75,0.95
R0088,0.35,0.1,0.0,0.14210995777762178,0.5537032661173041,0.16773823032459198,0.03396405973807988,101,development,True,False,0.9092907657850988,9504.0,435.9726516618276,702.4907282819895,0.75,0.95
R0089,0.35,0.1,0.05,0.14335294127089845,0.5599991339004139,0.1658302996657919,0.03392636608140618,101,development,True,False,0.9104714620045328,9504.0,435.9726516618276,702.4907282819895,0.75,0.95
R0090,0.35,0.1,0.1,0.1446195643775297,0.5662744743913948,0.16392236900699184,0.03391628278060676,101,development,True,False,0.9123537849390441,9504.0,435.9726516618276,702.4907282819895,0.75,0.95
R0091,0.35,0.15,0.0,0.1481168592560536,0.5818168518822556,0.16179617070420169,0.034034987883785436,101,development,True,False,0.9252563425220963,9504.0,435.9726516618276,702.4907282819895,0.75,0.95
R0092,0.35,0.15,0.05,0.14934249978494202,0.5880171981864765,0.15990376007328208,0.03399689331201044,101,development,True,False,0.9267086473447129,9504.0,435.9726516618276,702.4907282819895,0.75,0.95
R0093,0.35,0.15,0.1,0.15060599228693394,0.5941974124247281,0.15801134944236245,0.033986337206290754,101,development,True,False,0.9288786244064584,9504.0,435.9726516618276,702.4907282819895,0.75,0.95
R0094,0.35,0.15,0.15,0.1518823350915826,0.6003576561699063,0.15611893881144287,0.034002849004117194,101,development,True,False,0.9317065371347313,9504.0,435.9726516618276,702.4907282819895,0.75,0.95
R0095,0.35,0.2,0.0,0.15400245120905617,0.6138712471644547,0.15601046993189144,0.034167062276347346,101,development,True,False,0.9458920439885662,9504.0,435.9726516618276,702.4907282819895,0.75,0.95
R0096,0.35,0.2,0.05,0.1552031171141444,0.6199767597180165,0.1541329197028666,0.034128173912063374,101,development,True,False,0.9475755819669585,9504.0,435.9726516618276,702.4907282819895,0.75,0.95
R0097,0.35,0.2,0.1,0.15646420370047615,0.6260625084901492,0.15225536947384175,0.03411673970749604,101,development,True,False,0.9500107404100863,9504.0,435.9726516618276,702.4907282819895,0.75,0.95
R0098,0.35,0.2,0.15,0.15773181061269062,0.6321286526892659,0.1503778192448169,0.034132292462105945,101,development,True,False,0.9530865599288872,9504.0,435.9726516618276,702.4907282819895,0.75,0.95
R0099,0.35,0.2,0.2,0.15902277290889683,0.638175349370602,0.14850026901579208,0.03417431208188822,101,development,True,False,0.9568202050357342,9504.0,435.9726516618276,702.4907282819895,0.75,0.95
R0100,0.35,0.25,0.0,0.1598257561407645,0.6446489807165843,0.15033945471162186,0.03435520449784729,101,development,False,False,,9504.0,435.9726516618276,702.4907282819895,0.75,0.95
R0101,0.35,0.25,0.05,0.1609845886851252,0.650660339079679,0.14847659091316875,0.03431512895773382,101,development,True,False,0.9701403993535554,9504.0,435.9726516618276,702.4907282819895,0.75,0.95
R0102,0.35,0.25,0.1,0.1622293151609968,0.65665227560088,0.1466137271147156,0.03430240285633869,101,development,True,False,0.9727709720941977,9504.0,435.9726516618276,702.4907282819895,0.75,0.95
R0103,0.35,0.25,0.15,0.16349149286450987,0.6626249474360459,0.14475086331626247,0.034316563617708684,101,development,True,False,0.9760591773412657,9504.0,435.9726516618276,702.4907282819895,0.75,0.95
R0104,0.35,0.25,0.2,0.16478163489746922,0.6685785096054854,0.14288799951780934,0.03435709646820376,101,development,True,False,0.9800108238540934,9504.0,435.9726516618276,702.4907282819895,0.75,0.95
R0105,0.35,0.25,0.25,0.1660795534711112,0.6745131150348159,0.14102513571935618,0.034423438222917616,101,development,True,False,0.9845821290411652,9504.0,435.9726516618276,702.4907282819895,0.75,0.95
R0106,0.35,0.3,0.0,0.16564897896377176,0.674179271814353,0.1447666261709369,0.034594555502400565,101,development,False,False,,9504.0,435.9726516618276,702.4907282819895,0.75,0.95
R0107,0.35,0.3,0.05,0.16677288299623647,0.6800971475175643,0.1429184488030555,0.03455291213399558,101,development,False,False,,9504.0,435.9726516618276,702.4907282819895,0.75,0.95
R0108,0.35,0.3,0.1,0.16798173308237574,0.6859959175554042,0.1410702714351741,0.03453849264454785,101,development,False,False,,9504.0,435.9726516618276,702.4907282819895,0.75,0.95
R0109,0.35,0.3,0.15,0.1692521126100184,0.6918757373165896,0.13922209406729266,0.0345508403253528,101,development,True,False,1.0005403958649948,9504.0,435.9726516618276,702.4907282819895,0.75,0.95
R0110,0.35,0.3,0.2,0.17054253697025434,0.6977367600684192,0.13737391669941124,0.03458944710530949,101,development,True,False,1.004677169614671,9504.0,435.9726516618276,702.4907282819895,0.75,0.95
R0111,0.35,0.3,0.25,0.17182839168155198,0.7035791369974843,0.13552573933152978,0.03465375722815657,101,development,True,False,1.009410853742767,9504.0,435.9726516618276,702.4907282819895,0.75,0.95
R0112,0.35,0.3,0.3,0.17312789064074685,0.709403017249373,0.13367756196364838,0.03474317138255397,101,development,True,False,1.0147695265140588,9504.0,435.9726516618276,702.4907282819895,0.75,0.95
R0113,0.35,0.35,0.0,0.17146681730819993,0.7025103671827099,0.1393194079462683,0.03488048676513073,101,development,False,False,,9504.0,435.9726516618276,702.4907282819895,0.75,0.95
R0114,0.35,0.35,0.05,0.17257539012971415,0.7083354238623798,0.13748591700895857,0.03483691927416291,101,development,False,False,,9504.0,435.9726516618276,702.4907282819895,0.75,0.95
R0115,0.35,0.35,0.1,0.17375617670423488,0.7141416658579752,0.13565242607164885,0.03482043284997803,101,development,False,False,,9504.0,435.9726516618276,702.4907282819895,0.75,0.95
R0116,0.35,0.35,0.15,0.17502489176335692,0.71992924705109,0.13381893513433915,0.03483057774546406,101,development,False,False,,9504.0,435.9726516618276,702.4907282819895,0.75,0.95
R0117,0.35,0.35,0.2,0.17629976658382682,0.7256983192130688,0.13198544419702943,0.03486685379801051,101,development,True,False,1.0306768066586378,9504.0,435.9726516618276,702.4907282819895,0.75,0.95
R0118,0.35,0.35,0.25,0.17757017192727753,0.7314490320456093,0.1301519532597197,0.03492871398097923,101,development,True,False,1.0355348929816388,9504.0,435.9726516618276,702.4907282819895,0.75,0.95
R0119,0.35,0.35,0.3,0.17885732017331576,0.7371815332203608,0.12831846232241,0.03501556839713405,101,development,True,False,1.0410246760152753,9504.0,435.9726516618276,702.4907282819895,0.75,0.95
R0120,0.35,0.35,0.35,0.18015811424282938,0.742895968417551,0.1264849713851003,0.03512678862450053,101,development,True,False,1.047138526035959,9504.0,435.9726516618276,702.4907282819895,0.75,0.95
R0121,0.4,0.0,0.0,0.14298127371989772,0.5438994314650273,0.16651603713365573,0.03480331001103163,101,development,True,False,0.9227124739071089,9504.0,435.9726516618276,702.4907282819895,0.75,0.95
R0122,0.4,0.05,0.0,0.14870661003386274,0.5696570380643237,0.160621646400805,0.03470001596282364,101,development,True,False,0.9328508824342756,9504.0,435.9726516618276,702.4907282819895,0.75,0.95
R0123,0.4,0.05,0.05,0.149871882102368,0.5754306177419093,0.15881477947655329,0.034648831466260764,101,development,True,False,0.9336721480904464,9504.0,435.9726516618276,702.4907282819895,0.75,0.95
R0124,0.4,0.1,0.0,0.15433648328965027,0.5946242838741618,0.1549942360577539,0.034668732106922784,101,development,True,False,0.9457132577535886,9504.0,435.9726516618276,702.4907282819895,0.75,0.95
R0125,0.4,0.1,0.05,0.1555151664177054,0.6003151161462291,0.15320215117651714,0.034617827741005684,101,development,True,False,0.9468433618591018,9504.0,435.9726516618276,702.4907282819895,0.75,0.95
R0126,0.4,0.1,0.1,0.1567027364601035,0.6059875006213183,0.15141006629528034,0.03459456467573123,101,development,True,False,0.9486865029306251,9504.0,435.9726516618276,702.4907282819895,0.75,0.95
R0127,0.4,0.15,0.0,0.1598537582369908,0.6195501864128848,0.14954755295678063,0.03470349879988032,101,development,True,False,0.9611614062869988,9504.0,435.9726516618276,702.4907282819895,0.75,0.95
R0128,0.4,0.15,0.05,0.16102328862608498,0.6251588383711423,0.14776843236757806,0.034652467770556965,101,development,True,False,0.9625162655907944,9504.0,435.9726516618276,702.4907282819895,0.75,0.95
R0129,0.4,0.15,0.1,0.16220152369411742,0.6307493493756137,0.14598931177837549,0.03462904881848831,101,development,True,False,0.964573094820103,9504.0,435.9726516618276,702.4907282819895,0.75,0.95
R0130,0.4,0.15,0.15,0.16337567240391557,0.636321868324122,0.14421019118917291,0.03463279719636057,101,development,True,False,0.9672878868825506,9504.0,435.9726516618276,702.4907282819895,0.75,0.95
R0131,0.4,0.2,0.0,0.16531990042507752,0.6490271325126634,0.14419298881359893,0.03479836064462706,101,development,True,False,0.9814220976937298,9504.0,435.9726516618276,702.4907282819895,0.75,0.95
R0132,0.4,0.2,0.05,0.16645655516339683,0.6545541646692233,0.1424268325164306,0.03474685743230179,101,development,True,False,0.9829398411470764,9504.0,435.9726516618276,702.4907282819895,0.75,0.95
R0133,0.4,0.2,0.1,0.1676247115042393,0.6600633418908933,0.1406606762192623,0.03472290673383847,101,development,True,False,0.9851915600379845,9504.0,435.9726516618276,702.4907282819895,0.75,0.95
R0134,0.4,0.2,0.15,0.16879117839129004,0.665554811375336,0.13889451992209395,0.03472606581239095,101,development,True,False,0.9880965034620005,9504.0,435.9726516618276,702.4907282819895,0.75,0.95
R0135,0.4,0.2,0.2,0.16998182669941225,0.6710287182852376,0.13712836362492567,0.03475583903337474,101,development,True,False,0.991685593200243,9504.0,435.9726516618276,702.4907282819895,0.75,0.95
R0136,0.4,0.25,0.0,0.17075058494920436,0.6773740167822003,0.13892938157841478,0.034948483886582775,101,development,False,False,,9504.0,435.9726516618276,702.4907282819895,0.75,0.95
R0137,0.4,0.25,0.05,0.17183804269566064,0.6828199831796106,0.13717618957328073,0.03489617169630423,101,development,False,False,,9504.0,435.9726516618276,702.4907282819895,0.75,0.95
R0138,0.4,0.25,0.1,0.17299557312346941,0.6882483602863566,0.13542299756814663,0.03487132565035391,101,development,True,False,1.00730963790227,9504.0,435.9726516618276,702.4907282819895,0.75,0.95
R0139,0.4,0.25,0.15,0.17415758233341,0.6936592938238215,0.13366980556301258,0.03487350623692174,101,development,True,False,1.0103765134290983,9504.0,435.9726516618276,702.4907282819895,0.75,0.95
R0140,0.4,0.25,0.2,0.17535669997080758,0.6990529274902709,0.13191661355787848,0.03490222162266602,101,development,True,False,1.014146421694183,9504.0,435.9726516618276,702.4907282819895,0.75,0.95
R0141,0.4,0.25,0.25,0.17651831730900422,0.7041283645905168,0.13020002872451325,0.03495700307392262,101,development,True,False,1.0183431072614326,9504.0,435.9726516618276,702.4907282819895,0.75,0.95
R0142,0.4,0.3,0.0,0.17618249041091816,0.7046119640076212,0.13379820405997178,0.03514933654481463,101,development,False,False,,9504.0,435.9726516618276,702.4907282819895,0.75,0.95
R0143,0.4,0.3,0.05,0.17723458155621755,0.7099774123264896,0.13205797634687194,0.03509589462997867,101,development,False,False,,9504.0,435.9726516618276,702.4907282819895,0.75,0.95
R0144,0.4,0.3,0.1,0.17836140159534433,0.7153255170630445,0.1303177486337721,0.035069809149636456,101,development,False,False,,9504.0,435.9726516618276,702.4907282819895,0.75,0.95
R0145,0.4,0.3,0.15,0.17953991973478986,0.7206564226673211,0.12857752092067226,0.035070644930051034,101,development,True,False,1.0340931478976279,9504.0,435.9726516618276,702.4907282819895,0.75,0.95
R0146,0.4,0.3,0.2,0.1807311405598186,0.7259702715757461,0.12683729320757245,0.03509791520887162,101,development,True,False,1.0379848307114812,9504.0,435.9726516618276,702.4907282819895,0.75,0.95
R0147,0.4,0.3,0.25,0.1818817598251362,0.7309661658407102,0.12513367266624142,0.035151163629340565,101,development,True,False,1.0422894029043277,9504.0,435.9726516618276,702.4907282819895,0.75,0.95
R0148,0.4,0.3,0.3,0.1830087336929781,0.7356303828515802,0.12346839249998066,0.035230089255167234,101,development,True,False,1.0470269065286002,9504.0,435.9726516618276,702.4907282819895,0.75,0.95
R0149,0.4,0.35,0.0,0.18160777181641954,0.7307816902141925,0.1287525883339118,0.035397196439541784,101,development,False,False,,9504.0,435.9726516618276,702.4907282819895,0.75,0.95
R0150,0.4,0.35,0.05,0.1826526694253137,0.7360671618784695,0.1270253249128462,0.035342313611359484,101,development,False,False,,9504.0,435.9726516618276,702.4907282819895,0.75,0.95
R0151,0.4,0.35,0.1,0.18375139938422327,0.7413355161611795,0.1252980614917806,0.03531465713570989,101,development,False,False,,9504.0,435.9726516618276,702.4907282819895,0.75,0.95
R0152,0.4,0.35,0.15,0.1849209294671968,0.7465868964277801,0.12357079807071503,0.0353137972025637,101,development,False,False,,9504.0,435.9726516618276,702.4907282819895,0.75,0.95
R0153,0.4,0.35,0.2,0.1860975048751947,0.7518214440376392,0.12184353464964945,0.035339253278406285,101,development,True,False,1.0629887312454298,9504.0,435.9726516618276,702.4907282819895,0.75,0.95
R0154,0.4,0.35,0.25,0.18723353150988473,0.7567382599735408,0.12015287840035267,0.035390582292096254,101,development,True,False,1.067370721178539,9504.0,435.9726516618276,702.4907282819895,0.75,0.95
R0155,0.4,0.35,0.3,0.18834894392202223,0.7613236205626258,0.11850056252612616,0.03546748929849843,101,development,True,False,1.0721862212188134,9504.0,435.9726516618276,702.4907282819895,0.75,0.95
R0156,0.4,0.35,0.35,0.18951240136831188,0.765893086608572,0.1168482466518996,0.035569363553371695,101,development,True,False,1.0777049700315149,9504.0,435.9726516618276,702.4907282819895,0.75,0.95
R0157,0.4,0.4,0.0,0.1870059020162225,0.7559287500976364,0.12378891382789943,0.0356882188332654,101,development,False,False,,9504.0,435.9726516618276,702.4907282819895,0.75,0.95
R0158,0.4,0.4,0.05,0.188047319107566,0.7611347803776201,0.12207461469886811,0.035631599492907014,101,development,False,False,,9504.0,435.9726516618276,702.4907282819895,0.75,0.95
R0159,0.4,0.4,0.1,0.18909780365504164,0.7663239003872184,0.12036031556983677,0.035602059152739486,101,development,False,False,,9504.0,435.9726516618276,702.4907282819895,0.75,0.95
R0160,0.4,0.4,0.15,0.1902504886972792,0.7714962525766814,0.11864601644080541,0.03559917428241146,101,development,False,False,,9504.0,435.9726516618276,702.4907282819895,0.75,0.95
R0161,0.4,0.4,0.2,0.19141254140996503,0.7766519773960169,0.11693171731177407,0.035622471600746615,101,development,False,False,,9504.0,435.9726516618276,702.4907282819895,0.75,0.95
R0162,0.4,0.4,0.25,0.19253548567162315,0.7814901749244489,0.11525402535451153,0.0356715220774206,101,development,True,False,1.09340040592728,9504.0,435.9726516618276,702.4907282819895,0.75,0.95
R0163,0.4,0.4,0.3,0.19364304918760242,0.7859971205913077,0.11361467377231925,0.03574603766071793,101,development,True,False,1.098280685620204,9504.0,435.9726516618276,702.4907282819895,0.75,0.95
R0164,0.4,0.4,0.35,0.19479527806952407,0.7904883743081638,0.11197532219012697,0.035845410179501394,101,development,True,False,1.103859653107993,9504.0,435.9726516618276,702.4907282819895,0.75,0.95
R0165,0.4,0.4,0.4,0.19597287490387225,0.7949640679289814,0.1103359706079347,0.03596899690748923,101,development,True,False,1.1100998692902517,9504.0,435.9726516618276,702.4907282819895,0.75,0.95
R0166,0.45,0.0,0.0,0.1551635347113553,0.5858947523736212,0.15395509507918062,0.03556857641417553,101,development,True,False,0.9629541119686622,9504.0,435.9726516618276,702.4907282819895,0.75,0.95
R0167,0.45,0.05,0.0,0.16043080076539915,0.6092715299093744,0.14854827634732473,0.03543425263845539,101,development,True,False,0.9727077940872645,9504.0,435.9726516618276,702.4907282819895,0.75,0.95
R0168,0.45,0.05,0.05,0.1614856730908671,0.6142397581391758,0.1468822080304484,0.03536955663665715,101,development,True,False,0.9731726804353773,9504.0,435.9726516618276,702.4907282819895,0.75,0.95
R0169,0.45,0.1,0.0,0.16562016803591148,0.6319622582118766,0.1433882045137385,0.03537115330380916,101,development,True,False,0.985050969248105,9504.0,435.9726516618276,702.4907282819895,0.75,0.95
R0170,0.45,0.1,0.05,0.1666750010482093,0.6368598342715548,0.1417340469240745,0.03530684222016614,101,development,True,False,0.9857510818633836,9504.0,435.9726516618276,702.4907282819895,0.75,0.95
R0171,0.45,0.1,0.1,0.16771058012738696,0.6415462822584209,0.1401036862855505,0.03527058515634269,101,development,True,False,0.9870800746389157,9504.0,435.9726516618276,702.4907282819895,0.75,0.95
R0172,0.45,0.15,0.0,0.1707366270030365,0.6543206997872391,0.13833784775371918,0.03537208497205038,101,development,True,False,0.9996030495676677,9504.0,435.9726516618276,702.4907282819895,0.75,0.95
R0173,0.45,0.15,0.05,0.17178675016654205,0.6591480851692715,0.13669505207418045,0.035307839491030585,101,development,True,False,1.00049186634567,9504.0,435.9726516618276,702.4907282819895,0.75,0.95
R0174,0.45,0.15,0.1,0.17281398753240473,0.6637645789997748,0.13507605334578168,0.03527164477660904,101,development,True,False,1.0019861542593658,9504.0,435.9726516618276,702.4907282819895,0.75,0.95
R0175,0.45,0.15,0.15,0.1738376009093317,0.6683649441098068,0.13345705461738291,0.03526302731492525,101,development,True,False,1.0041709891313797,9504.0,435.9726516618276,702.4907282819895,0.75,0.95
R0176,0.45,0.2,0.0,0.1758012521982744,0.6814092096153291,0.13338960328049898,0.03543187132538974,101,development,True,False,1.0189459221794994,9504.0,435.9726516618276,702.4907282819895,0.75,0.95
R0177,0.45,0.2,0.05,0.17682142844493376,0.6861668605804966,0.1317581695110855,0.03536741292761714,101,development,True,False,1.0199601413337487,9504.0,435.9726516618276,702.4907282819895,0.75,0.95
R0178,0.45,0.2,0.1,0.17783976604804905,0.6907138405194204,0.13015053269281196,0.03533096954369642,101,development,True,False,1.0216032103111223,9504.0,435.9726516618276,702.4907282819895,0.75,0.95
R0179,0.45,0.2,0.15,0.17885647628366308,0.6952449110500932,0.12854289587453843,0.03532206465422911,101,development,True,False,1.0239298805980297,9504.0,435.9726516618276,702.4907282819895,0.75,0.95
R0180,0.45,0.2,0.2,0.17990044051551357,0.69976020804187,0.1269352590562649,0.035340224090632796,101,development,True,False,1.0269754563156541,9504.0,435.9726516618276,702.4907282819895,0.75,0.95
R0181,0.45,0.25,0.0,0.1808454212466855,0.7075005507628785,0.12853262231748938,0.03554627787882996,101,development,False,False,,9504.0,435.9726516618276,702.4907282819895,0.75,0.95
R0182,0.45,0.25,0.05,0.18181931475519963,0.7121889184262612,0.1269125504582011,0.03548133124331174,101,development,True,False,1.0408976768187677,9504.0,435.9726516618276,702.4907282819895,0.75,0.95
R0183,0.45,0.25,0.1,0.18282881549103164,0.7166668199310293,0.1253162755500528,0.03544433440737534,101,development,True,False,1.0426576222051036,9504.0,435.9726516618276,702.4907282819895,0.75,0.95
R0184,0.45,0.25,0.15,0.18384851986394996,0.7211290158415902,0.12372000064190453,0.03543480913840397,101,development,True,False,1.0451164963370725,9504.0,435.9726516618276,702.4907282819895,0.75,0.95
R0185,0.45,0.25,0.2,0.18490220091756715,0.725575640981595,0.12212372573375624,0.03545228379066418,101,development,True,False,1.0483005424889364,9504.0,435.9726516618276,702.4907282819895,0.75,0.95
R0186,0.45,0.25,0.25,0.1859664212919864,0.7300068282703855,0.12052745082560792,0.03549623618540546,101,development,True,False,1.0521527064559162,9504.0,435.9726516618276,702.4907282819895,0.75,0.95
R0187,0.45,0.3,0.0,0.18592841357831963,0.7326087629217005,0.12375296793985702,0.03571127312644195,101,development,False,False,,9504.0,435.9726516618276,702.4907282819895,0.75,0.95
R0188,0.45,0.3,0.05,0.1868626117339034,0.7372282933368329,0.12214425799069399,0.035645567896069076,101,development,False,False,,9504.0,435.9726516618276,702.4907282819895,0.75,0.95
R0189,0.45,0.3,0.1,0.18785944221188625,0.7416375471336422,0.12055934499267092,0.035607720916663026,101,development,False,False,,9504.0,435.9726516618276,702.4907282819895,0.75,0.95
R0190,0.45,0.3,0.15,0.18889001559977112,0.7460312839689845,0.11897443199464787,0.03559725345537081,101,development,True,False,1.0676701299939686,9504.0,435.9726516618276,702.4907282819895,0.75,0.95
R0191,0.45,0.3,0.2,0.18993411687241765,0.7504096377652841,0.11738951899662481,0.03561369756653059,101,development,True,False,1.0709341617201926,9504.0,435.9726516618276,702.4907282819895,0.75,0.95
R0192,0.45,0.3,0.25,0.190988787916275,0.7547727405469201,0.11580460599860178,0.03565653535468437,101,development,True,False,1.0748626343049257,9504.0,435.9726516618276,702.4907282819895,0.75,0.95
R0193,0.45,0.3,0.3,0.19207592376180202,0.7591207224775216,0.1142196930005787,0.03572520265389284,101,development,True,False,1.079487477264746,9504.0,435.9726516618276,702.4907282819895,0.75,0.95
R0194,0.45,0.35,0.0,0.19098291517568483,0.7567679390982146,0.11906621264315313,0.03592292700666954,101,development,False,False,,9504.0,435.9726516618276,702.4907282819895,0.75,0.95
R0195,0.45,0.35,0.05,0.19191895312633844,0.7613190733394394,0.11746886460411535,0.035856202630993386,101,development,False,False,,9504.0,435.9726516618276,702.4907282819895,0.75,0.95
R0196,0.45,0.35,0.1,0.19287953433765948,0.7656601054978179,0.11589531351621751,0.03581722176430979,101,development,False,False,,9504.0,435.9726516618276,702.4907282819895,0.75,0.95
R0197,0.45,0.35,0.15,0.1939025904496563,0.7699857944557968,0.11432176242831966,0.03580550633865349,101,development,False,False,,9504.0,435.9726516618276,702.4907282819895,0.75,0.95
R0198,0.45,0.35,0.2,0.19493354879290847,0.7742962733663904,0.11274821134042187,0.03582059318273161,101,development,True,False,1.0946342349081288,9504.0,435.9726516618276,702.4907282819895,0.75,0.95
R0199,0.45,0.35,0.25,0.19597512171309334,0.7785916734895267,0.11117466025252404,0.03586196989415272,101,development,True,False,1.0986129362297339,9504.0,435.9726516618276,702.4907282819895,0.75,0.95
R0200,0.45,0.35,0.3,0.19705216195505382,0.7828721242293022,0.1096011091646262,0.035929078430890715,101,development,True,False,1.1032924349473199,9504.0,435.9726516618276,702.4907282819895,0.75,0.95
R0201,0.45,0.35,0.35,0.19815349149123251,0.7871377531703025,0.10802755807672838,0.036021319115668894,101,development,True,False,1.108645535716013,9504.0,435.9726516618276,702.4907282819895,0.75,0.95
R0202,0.45,0.4,0.0,0.19603080161429834,0.7800174204623357,0.1144593836761649,0.03617774126871911,101,development,False,False,,9504.0,435.9726516618276,702.4907282819895,0.75,0.95
R0203,0.45,0.4,0.05,0.19695473540427508,0.784500594705411,0.11287339754725234,0.03610974652018406,101,development,False,False,,9504.0,435.9726516618276,702.4907282819895,0.75,0.95
R0204,0.45,0.4,0.1,0.1978628952202985,0.7887738267112413,0.11131120836947976,0.036069360294260853,101,development,False,False,,9504.0,435.9726516618276,702.4907282819895,0.75,0.95
R0205,0.45,0.4,0.15,0.19887644130750579,0.7930318747086424,0.10974901919170717,0.03605610625351193,101,development,False,False,,9504.0,435.9726516618276,702.4907282819895,0.75,0.95
R0206,0.45,0.4,0.2,0.19989436641240593,0.7972748712008878,0.10818683001393459,0.036069526972044234,101,development,False,False,,9504.0,435.9726516618276,702.4907282819895,0.75,0.95
R0207,0.45,0.4,0.25,0.2009256700635536,0.8015029468020254,0.10662464083616198,0.03610911662544527,101,development,True,False,1.1232865749030905,9504.0,435.9726516618276,702.4907282819895,0.75,0.95
R0208,0.45,0.4,0.3,0.20199595808849946,0.8057162302741011,0.1050624516583894,0.03617432447929631,101,development,True,False,1.1280108036829912,9504.0,435.9726516618276,702.4907282819895,0.75,0.95
R0209,0.45,0.4,0.35,0.2030858744025047,0.8099148485634521,0.10350026248061678,0.03626455878116877,101,development,True,False,1.133400066123943,9504.0,435.9726516618276,702.4907282819895,0.75,0.95
R0210,0.45,0.4,0.4,0.20420172411946885,0.814098926836102,0.10193807330284421,0.036379190971930944,101,development,True,False,1.1394627339997234,9504.0,435.9726516618276,702.4907282819895,0.75,0.95
R0211,0.45,0.45,0.0,0.2010127756838951,0.8023948857429014,0.10992430259666877,0.03647241429001405,101,development,False,False,,9504.0,435.9726516618276,702.4907282819895,0.75,0.95
R0212,0.45,0.45,0.05,0.20192725061414496,0.8068105313439021,0.10834967837788147,0.036402908979050234,101,development,False,False,,9504.0,435.9726516618276,702.4907282819895,0.75,0.95
R0213,0.45,0.45,0.1,0.20281340778193974,0.8110163801709501,0.1067988511102341,0.03636085978809184,101,development,False,False,,9504.0,435.9726516618276,702.4907282819895,0.75,0.95
R0214,0.45,0.45,0.15,0.20379447137819487,0.815207189908155,0.10524802384258673,0.03634579307596235,101,development,False,False,,9504.0,435.9726516618276,702.4907282819895,0.75,0.95
R0215,0.45,0.45,0.2,0.20480300825726017,0.8193830925170551,0.10369719657493935,0.036357258024566366,101,development,False,False,,9504.0,435.9726516618276,702.4907282819895,0.75,0.95
R0216,0.45,0.45,0.25,0.20582546694579723,0.8235442180729113,0.10214636930729201,0.03639475634329356,101,development,False,False,,9504.0,435.9726516618276,702.4907282819895,0.75,0.95
R0217,0.45,0.45,0.3,0.2068828640023539,0.8276906948019112,0.10059554203964467,0.036457745642263374,101,development,True,False,1.153507470764293,9504.0,435.9726516618276,702.4907282819895,0.75,0.95
R0218,0.45,0.45,0.35,0.207959928554716,0.8318226491174396,0.09904471477199732,0.03654564319868697,101,development,True,False,1.1589159845597494,9504.0,435.9726516618276,702.4907282819895,0.75,0.95
R0219,0.45,0.45,0.4,0.20906296547413536,0.8359402056554542,0.09749388750434995,0.03665783003591561,101,development,True,False,1.1649993092978597,9504.0,435.9726516618276,702.4907282819895,0.75,0.95
R0220,0.45,0.45,0.45,0.21019397171367202,0.8400434873089756,0.0959430602367026,0.03679365523136907,101,development,True,False,1.17175938941504,9504.0,435.9726516618276,702.4907282819895,0.75,0.95
R0221,0.5,0.0,0.0,0.16623062463857372,0.6228530741555641,0.1427170637287339,0.03632406359280915,101,development,True,False,1.0050730567746748,9504.0,435.9726516618276,702.4907282819895,0.75,0.95
R0222,0.5,0.05,0.0,0.1710972886705488,0.6440118756014445,0.1377174215282262,0.03616096877088215,101,development,True,False,1.0138510794862823,9504.0,435.9726516618276,702.4907282819895,0.75,0.95
R0223,0.5,0.05,0.05,0.17204822411844659,0.6483669365523742,0.13616036648185353,0.036083468403927794,101,development,True,False,1.0138578107061678,9504.0,435.9726516618276,702.4907282819895,0.75,0.95
R0224,0.5,0.1,0.0,0.17588414680813358,0.6646640802485523,0.13295922151365092,0.03606806956793431,101,development,True,False,1.0251764179849214,9504.0,435.9726516618276,702.4907282819895,0.75,0.95
R0225,0.5,0.1,0.05,0.1768359615613296,0.6689593338444818,0.13141204001909285,0.0359909755010234,101,development,True,False,1.025389217861542,9504.0,435.9726516618276,702.4907282819895,0.75,0.95
R0226,0.5,0.1,0.1,0.1778014951349072,0.6732405177602043,0.12986485852453483,0.035941968430376565,101,development,True,False,1.026397759554772,9504.0,435.9726516618276,702.4907282819895,0.75,0.95
R0227,0.5,0.15,0.0,0.1806237651614029,0.6850255237277011,0.1282877899783077,0.036037276573463915,101,development,True,False,1.0386261651517623,9504.0,435.9726516618276,702.4907282819895,0.75,0.95
R0228,0.5,0.15,0.05,0.18157466898325353,0.6892613446397444,0.12675048203556427,0.035960373607012125,101,development,True,False,1.0390096186353157,9504.0,435.9726516618276,702.4907282819895,0.75,0.95
R0229,0.5,0.15,0.1,0.18253315709182832,0.6934832764434954,0.12521317409282084,0.035911571637111075,101,development,True,False,1.040164000973305,9504.0,435.9726516618276,702.4907282819895,0.75,0.95
R0230,0.5,0.15,0.15,0.18349292365687,0.6976914345244044,0.1236758661500774,0.03589047270774273,101,development,True,False,1.0420516514685167,9504.0,435.9726516618276,702.4907282819895,0.75,0.95
R0231,0.5,0.2,0.0,0.1853258035428235,0.7099015310098192,0.12369985668511564,0.03606439231541202,101,development,False,False,,9504.0,435.9726516618276,702.4907282819895,0.75,0.95
R0232,0.5,0.2,0.05,0.1862523550740644,0.7140782897424764,0.12217242229418677,0.03598746236801714,101,development,True,False,1.057161550989251,9504.0,435.9726516618276,702.4907282819895,0.75,0.95
R0233,0.5,0.2,0.1,0.18720322857654428,0.7182413277607544,0.12064498790325795,0.03593861389806163,101,development,True,False,1.058446293642952,9504.0,435.9726516618276,702.4907282819895,0.75,0.95
R0234,0.5,0.2,0.15,0.18815702129818623,0.7223907595955964,0.11911755351232914,0.03591744920539413,101,development,True,False,1.0604553985384795,9504.0,435.9726516618276,702.4907282819895,0.75,0.95
R0235,0.5,0.2,0.2,0.1891561495683756,0.7265266981739379,0.11759011912140029,0.03592351639574162,101,development,True,False,1.0632480910023345,9504.0,435.9726516618276,702.4907282819895,0.75,0.95
R0236,0.5,0.25,0.0,0.19001973449161028,0.7339009137267177,0.11918873204011693,0.03614539946537951,101,development,False,False,,9504.0,435.9726516618276,702.4907282819895,0.75,0.95
R0237,0.5,0.25,0.05,0.1909031437606033,0.7380189766851708,0.11767117120100269,0.03606822396239433,101,development,False,False,,9504.0,435.9726516618276,702.4907282819895,0.75,0.95
R0238,0.5,0.25,0.1,0.1918464546082943,0.7421234753983496,0.11615361036188845,0.03601907966685946,101,development,True,False,1.0781295681668375,9504.0,435.9726516618276,702.4907282819895,0.75,0.95
R0239,0.5,0.25,0.15,0.19281368906372437,0.7462145236548484,0.11463604952277424,0.03599757002334851,101,development,True,False,1.0802720543419864,9504.0,435.9726516618276,702.4907282819895,0.75,0.95
R0240,0.5,0.25,0.2,0.1938138873736578,0.7502922336443881,0.11311848868365999,0.036003244623052974,101,development,True,False,1.083167036571685,9504.0,435.9726516618276,702.4907282819895,0.75,0.95
R0241,0.5,0.25,0.25,0.19481937882563186,0.754356715989211,0.11160092784454576,0.03603560215420872,101,development,True,False,1.086746070253954,9504.0,435.9726516618276,702.4907282819895,0.75,0.95
R0242,0.5,0.3,0.0,0.19475510142015173,0.7570314887811415,0.11474682451688285,0.03627647894841317,101,development,False,False,,9504.0,435.9726516618276,702.4907282819895,0.75,0.95
R0243,0.5,0.3,0.05,0.195595567647033,0.7610912183371433,0.1132391372295832,0.03619884088925284,101,development,False,False,,9504.0,435.9726516618276,702.4907282819895,0.75,0.95
R0244,0.5,0.3,0.1,0.19654289470648056,0.7651375284394538,0.11173144994228361,0.036149155890233646,101,development,False,False,,9504.0,435.9726516618276,702.4907282819895,0.75,0.95
R0245,0.5,0.3,0.15,0.19751211249423567,0.7691705322370593,0.11022376265498397,0.036127029393845045,101,development,True,False,1.1014056005074329,9504.0,435.9726516618276,702.4907282819895,0.75,0.95
R0246,0.5,0.3,0.2,0.19850406310972293,0.7731903412841935,0.10871607536768434,0.03613201351814561,101,development,True,False,1.1043654541620622,9504.0,435.9726516618276,702.4907282819895,0.75,0.95
R0247,0.5,0.3,0.25,0.19950133066511677,0.7771970655716962,0.10720838808038467,0.036163609965301914,101,development,True,False,1.108004135611357,9504.0,435.9726516618276,702.4907282819895,0.75,0.95
R0248,0.5,0.3,0.3,0.2005173326061094,0.781219046669117,0.10570070079308505,0.03622127344854877,101,development,True,False,1.112351921714174,9504.0,435.9726516618276,702.4907282819895,0.75,0.95
R0249,0.5,0.35,0.0,0.1994880509898114,0.7793215059884523,0.11037253218564844,0.036454016860227666,101,development,False,False,,9504.0,435.9726516618276,702.4907282819895,0.75,0.95
R0250,0.5,0.35,0.05,0.2003286741693555,0.7833232605448348,0.10887471845016342,0.03637570318650963,101,development,False,False,,9504.0,435.9726516618276,702.4907282819895,0.75,0.95
R0251,0.5,0.35,0.1,0.20123300142386805,0.7873117290031318,0.1073769047146784,0.03632523944831057,101,development,False,False,,9504.0,435.9726516618276,702.4907282819895,0.75,0.95
R0252,0.5,0.35,0.15,0.2021960483338228,0.7912870239664264,0.10587909097919337,0.03630223389042473,101,development,False,False,,9504.0,435.9726516618276,702.4907282819895,0.75,0.95
R0253,0.5,0.35,0.2,0.203176235446299,0.7952492564463062,0.10438127724370828,0.0363062421271758,101,development,True,False,1.1266123288032883,9504.0,435.9726516618276,702.4907282819895,0.75,0.95
R0254,0.5,0.35,0.25,0.20416177765385363,0.7991985358942011,0.10288346350822328,0.036336769994448063,101,development,True,False,1.1302876957976444,9504.0,435.9726516618276,702.4907282819895,0.75,0.95
R0255,0.5,0.35,0.3,0.20516914159176353,0.8031632033434594,0.10138564977273824,0.03639327690993013,101,development,True,False,1.134675521413472,9504.0,435.9726516618276,702.4907282819895,0.75,0.95
R0256,0.5,0.35,0.35,0.20621138997269448,0.8071451433664744,0.0998878360372532,0.03647517966641087,101,development,True,False,1.1397935866983755,9504.0,435.9726516618276,702.4907282819895,0.75,0.95
R0257,0.5,0.4,0.0,0.2042184947897224,0.800804800725484,0.10606425311664872,0.036674632600760336,101,development,False,False,,9504.0,435.9726516618276,702.4907282819895,0.75,0.95
R0258,0.5,0.4,0.05,0.20504734382944445,0.804748934779327,0.10457631293297828,0.03659543585005245,101,development,False,False,,9504.0,435.9726516618276,702.4907282819895,0.75,0.95
R0259,0.5,0.4,0.1,0.20589873910067172,0.8086799048906705,0.10308837274930785,0.0365439637759467,101,development,False,False,,9504.0,435.9726516618276,702.4907282819895,0.75,0.95
R0260,0.5,0.4,0.15,0.20685569930515416,0.8125978232017256,0.10160043256563742,0.03651982817219899,101,development,False,False,,9504.0,435.9726516618276,702.4907282819895,0.75,0.95
R0261,0.5,0.4,0.2,0.20782435374821573,0.8165028002657463,0.10011249238196698,0.036522589037954356,101,development,False,False,,9504.0,435.9726516618276,702.4907282819895,0.75,0.95
R0262,0.5,0.4,0.25,0.2088024574259497,0.820394945078346,0.09862455219829656,0.036551757360537555,101,development,True,False,1.1534973063687155,9504.0,435.9726516618276,702.4907282819895,0.75,0.95
R0263,0.5,0.4,0.3,0.2098038558979008,0.8243025982195588,0.09713661201462612,0.03660679839430795,101,development,True,False,1.1579169276381058,9504.0,435.9726516618276,702.4907282819895,0.75,0.95
R0264,0.5,0.4,0.35,0.2108345023939756,0.8282276438109459,0.09564867183095571,0.036687135363009195,101,development,True,False,1.163055229974863,9504.0,435.9726516618276,702.4907282819895,0.75,0.95
R0265,0.5,0.4,0.4,0.21190063397234785,0.832139013216313,0.09416073164728529,0.0367921535055332,101,development,True,False,1.1688999034360674,9504.0,435.9726516618276,702.4907282819895,0.75,0.95
R0266,0.5,0.45,0.0,0.20888334490640026,0.8215138461973116,0.10182590951525534,0.036935209960439926,101,development,False,False,,9504.0,435.9726516618276,702.4907282819895,0.75,0.95
R0267,0.5,0.45,0.05,0.20970405125028777,0.8254007104018043,0.10034784288339949,0.036854930133636804,101,development,False,False,,9504.0,435.9726516618276,702.4907282819895,0.75,0.95
R0268,0.5,0.45,0.1,0.2105291053149182,0.8292745218498819,0.09886977625154364,0.03680223030075388,101,development,False,False,,9504.0,435.9726516618276,702.4907282819895,0.75,0.95
R0269,0.5,0.45,0.15,0.2114606953579707,0.8331353922995989,0.09739170961968784,0.03677672648654994,101,development,False,False,,9504.0,435.9726516618276,702.4907282819895,0.75,0.95
R0270,0.5,0.45,0.2,0.21242112991602025,0.836983431921991,0.09591364298783199,0.03677798387675117,101,development,False,False,,9504.0,435.9726516618276,702.4907282819895,0.75,0.95
R0271,0.5,0.45,0.25,0.2133905754927342,0.8408187493323767,0.09443557635597619,0.03680551952082103,101,development,False,False,,9504.0,435.9726516618276,702.4907282819895,0.75,0.95
R0272,0.5,0.45,0.3,0.21438042967775697,0.8446696847324066,0.09295750972412034,0.03685880551707875,101,development,True,False,1.1819219081779255,9504.0,435.9726516618276,702.4907282819895,0.75,0.95
R0273,0.5,0.45,0.35,0.21539956555460232,0.8485381218671596,0.0914794430922645,0.03693727261053529,101,development,True,False,1.1870691149599126,9504.0,435.9726516618276,702.4907282819895,0.75,0.95
R0274,0.5,0.45,0.4,0.21645421997285486,0.8523929917258443,0.09000137646040868,0.03704031412653348,101,development,True,False,1.1929231715048279,9504.0,435.9726516618276,702.4907282819895,0.75,0.95
R0275,0.5,0.45,0.45,0.2175173357441956,0.856234412178408,0.08852330982855283,0.037167290158941026,101,development,True,False,1.1994282070862197,9504.0,435.9726516618276,702.4907282819895,0.75,0.95
R0276,0.5,0.5,0.0,0.21350064076498745,0.8414798752160948,0.09765746662109422,0.03723267292278154,101,development,False,False,,9504.0,435.9726516618276,702.4907282819895,0.75,0.95
R0277,0.5,0.5,0.05,0.21431326200246473,0.8453098164411208,0.09618927354105299,0.03715111744778314,101,development,False,False,,9504.0,435.9726516618276,702.4907282819895,0.75,0.95
R0278,0.5,0.5,0.1,0.21513496918983022,0.8491268053515432,0.09472108046101176,0.03709698056503768,101,development,False,False,,9504.0,435.9726516618276,702.4907282819895,0.75,0.95
R0279,0.5,0.5,0.15,0.21601840261527577,0.8529309533899966,0.09325288738097054,0.0370698831450782,101,development,False,False,,9504.0,435.9726516618276,702.4907282819895,0.75,0.95
R0280,0.5,0.5,0.2,0.21697080186860307,0.8567223704135424,0.09178469430092931,0.03706939627284704,101,development,False,False,,9504.0,435.9726516618276,702.4907282819895,0.75,0.95
R0281,0.5,0.5,0.25,0.21793514015121412,0.8605011647249626,0.09031650122088808,0.037095043861624655,101,development,False,False,,9504.0,435.9726516618276,702.4907282819895,0.75,0.95
R0282,0.5,0.5,0.3,0.21891699193747155,0.8642956762148022,0.08884830814084685,0.037146305734384696,101,development,False,False,,9504.0,435.9726516618276,702.4907282819895,0.75,0.95
R0283,0.5,0.5,0.35,0.2199281417808817,0.8681077883184521,0.08738011506080562,0.03722262110614229,101,development,False,False,,9504.0,435.9726516618276,702.4907282819895,0.75,0.95
R0284,0.5,0.5,0.4,0.2209748264729936,0.8719064317168472,0.08591192198076437,0.03732339239382793,101,development,True,False,1.2176705468796198,9504.0,435.9726516618276,702.4907282819895,0.75,0.95
R0285,0.5,0.5,0.45,0.2220320973268715,0.8756917239730639,0.08444372890072316,0.03744798927596167,101,development,True,False,1.2241868261236981,9504.0,435.9726516618276,702.4907282819895,0.75,0.95
R0286,0.5,0.5,0.5,0.2231203010823018,0.8794637809880005,0.08297553582068193,0.037595752922923886,101,development,True,False,1.2313962546460482,9504.0,435.9726516618276,702.4907282819895,0.75,0.95
R0287,0.55,0.0,0.0,0.17658456873309167,0.6573444029148551,0.1322997790019857,0.03707873554385046,101,development,True,False,1.0492528157483696,9504.0,435.9726516618276,702.4907282819895,0.75,0.95
R0288,0.55,0.05,0.0,0.18107252306972696,0.67649382087769,0.12770517602432704,0.03688926106804953,101,development,True,False,1.0567925223661212,9504.0,435.9726516618276,702.4907282819895,0.75,0.95
R0289,0.55,0.05,0.05,0.18196051889309137,0.6804844005478873,0.1262291858322965,0.036798248991941465,101,development,True,False,1.056373624508744,9504.0,435.9726516618276,702.4907282819895,0.75,0.95
R0290,0.55,0.1,0.0,0.18550780931575017,0.6952918008618775,0.12330084253559825,0.03676819150156314,101,development,True,False,1.0668429464640645,9504.0,435.9726516618276,702.4907282819895,0.75,0.95
R0291,0.55,0.1,0.05,0.18639784652141037,0.6992322785765145,0.12183334582763995,0.03667758477135263,101,development,True,False,1.0666169944049388,9504.0,435.9726516618276,702.4907282819895,0.75,0.95
R0292,0.55,0.1,0.1,0.18729657134087577,0.7031597936973392,0.12036584911968165,0.036615220934201546,101,development,True,False,1.0672154039089594,9504.0,435.9726516618276,702.4907282819895,0.75,0.95
R0293,0.55,0.15,0.0,0.18989738596234307,0.7141939221941659,0.11896244732794942,0.03670785588102537,101,development,True,False,1.0791423352207428,9504.0,435.9726516618276,702.4907282819895,0.75,0.95
R0294,0.55,0.15,0.05,0.19078765302611103,0.7180846009111009,0.11750344410406334,0.03661749986142502,101,development,True,False,1.0790778033490342,9504.0,435.9726516618276,702.4907282819895,0.75,0.95
R0295,0.55,0.15,0.1,0.19168050655526062,0.7219624531184521,0.11604444088017733,0.03655542157774919,101,development,True,False,1.0798116655279675,9504.0,435.9726516618276,702.4907282819895,0.75,0.95
R0296,0.55,0.15,0.15,0.19258487102060398,0.7258275882157331,0.11458543765629127,0.03652124672769587,101,development,True,False,1.0813327060928466,9504.0,435.9726516618276,702.4907282819895,0.75,0.95
R0297,0.55,0.2,0.0,0.1942722912194833,0.7370213313697341,0.1146886239247136,0.03670432715981737,101,development,False,False,,9504.0,435.9726516618276,702.4907282819895,0.75,0.95
R0298,0.55,0.2,0.05,0.1951461542667447,0.7408625107336008,0.11323811418489982,0.036614062400487764,101,development,True,False,1.0957205359279854,9504.0,435.9726516618276,702.4907282819895,0.75,0.95
R0299,0.55,0.2,0.1,0.1960325579894523,0.7446909905161018,0.11178760444508602,0.036552075806254185,101,development,True,False,1.096574521604747,9504.0,435.9726516618276,702.4907282819895,0.75,0.95
R0300,0.55,0.2,0.15,0.19693235677287904,0.7485068795263125,0.11033709470527224,0.03651799281765859,101,development,True,False,1.0982063964393323,9504.0,435.9726516618276,702.4907282819895,0.75,0.95
R0301,0.55,0.2,0.2,0.19787734260358253,0.7523102850168488,0.10888658496545844,0.036511384416896275,101,development,True,False,1.1006538314017247,9504.0,435.9726516618276,702.4907282819895,0.75,0.95
R0302,0.55,0.25,0.0,0.19865306728088053,0.7590814989087935,0.11047800584922386,0.03675385655221313,101,development,False,False,,9504.0,435.9726516618276,702.4907282819895,0.75,0.95
R0303,0.55,0.25,0.05,0.19948677991863661,0.7628734753034924,0.10903598959348232,0.03666352060147453,101,development,False,False,,9504.0,435.9726516618276,702.4907282819895,0.75,0.95
R0304,0.55,0.25,0.1,0.2003723336512673,0.7666528700765229,0.1075939733377408,0.03660143129285202,101,development,True,False,1.114745022520132,9504.0,435.9726516618276,702.4907282819895,0.75,0.95
R0305,0.55,0.25,0.15,0.20128973305130454,0.7704197915238868,0.10615195708199926,0.03656721452117976,101,development,True,False,1.1165077648308137,9504.0,435.9726516618276,702.4907282819895,0.75,0.95
R0306,0.55,0.25,0.2,0.20222764256133377,0.7741743463883709,0.10470994082625772,0.03656044193800491,101,development,True,False,1.1190298688167892,9504.0,435.9726516618276,702.4907282819895,0.75,0.95
R0307,0.55,0.25,0.25,0.20316234898617933,0.7779166398904466,0.1032679245705162,0.03658063361896226,101,development,True,False,1.1222473517032738,9504.0,435.9726516618276,702.4907282819895,0.75,0.95
R0308,0.55,0.3,0.0,0.20307851742131675,0.7803767605088531,0.1063292266248133,0.03685288120337635,101,development,False,False,,9504.0,435.9726516618276,702.4907282819895,0.75,0.95
R0309,0.55,0.3,0.05,0.20387556871826037,0.7841198271089699,0.104895703853144,0.036762310324972805,101,development,False,False,,9504.0,435.9726516618276,702.4907282819895,0.75,0.95
R0310,0.55,0.3,0.1,0.2047664862732867,0.7878504212617962,0.10346218108147476,0.03669992521150255,101,development,False,False,,9504.0,435.9726516618276,702.4907282819895,0.75,0.95
R0311,0.55,0.3,0.15,0.20568244411394032,0.7915686508211514,0.10202865830980548,0.03666535290546543,101,development,True,False,1.1361076730640791,9504.0,435.9726516618276,702.4907282819895,0.75,0.95
R0312,0.55,0.3,0.2,0.2066133227321652,0.7952746220902479,0.10059513553813619,0.03665816661896772,101,development,True,False,1.1386866739544268,9504.0,435.9726516618276,702.4907282819895,0.75,0.95
R0313,0.55,0.3,0.25,0.20754101659707574,0.7989684398525682,0.09916161276646693,0.03667788837469566,101,development,True,False,1.1419544914289799,9504.0,435.9726516618276,702.4907282819895,0.75,0.95
R0314,0.55,0.3,0.3,0.20849122611052034,0.8026502074019665,0.09772808999479764,0.03672399218286246,101,development,True,False,1.145946362934678,9504.0,435.9726516618276,702.4907282819895,0.75,0.95
R0315,0.55,0.35,0.0,0.20752790406035906,0.8009301969810024,0.10224091977481496,0.03699803039453404,101,development,False,False,,9504.0,435.9726516618276,702.4907282819895,0.75,0.95
R0316,0.55,0.35,0.05,0.20831269175286485,0.8046246438021817,0.10081589048721792,0.036907061155043636,101,development,False,False,,9504.0,435.9726516618276,702.4907282819895,0.75,0.95
R0317,0.55,0.35,0.1,0.20916333040986,0.8083067187441451,0.09939086119962091,0.036844190112018,101,development,False,False,,9504.0,435.9726516618276,702.4907282819895,0.75,0.95
R0318,0.55,0.35,0.15,0.21007434876767198,0.811976529283216,0.0979658319120239,0.036809046120913784,101,development,False,False,,9504.0,435.9726516618276,702.4907282819895,0.75,0.95
R0319,0.55,0.35,0.2,0.2109947293945315,0.8156341813471716,0.09654080262442687,0.03680120479661901,101,development,True,False,1.159415830878049,9504.0,435.9726516618276,702.4907282819895,0.75,0.95
R0320,0.55,0.35,0.25,0.21191195787276534,0.819279779346108,0.09511577333682987,0.03682019111509022,101,development,True,False,1.1627129987735103,9504.0,435.9726516618276,702.4907282819895,0.75,0.95
R0321,0.55,0.35,0.3,0.21285641313756823,0.8229134262025251,0.09369074404923282,0.036865482541842916,101,development,True,False,1.1667394426536064,9504.0,435.9726516618276,702.4907282819895,0.75,0.95
R0322,0.55,0.35,0.35,0.21383971540919858,0.8265352233806581,0.09226571476163584,0.036936512617657374,101,development,True,False,1.1715071023697574,9504.0,435.9726516618276,702.4907282819895,0.75,0.95
R0323,0.55,0.4,0.0,0.21194877405840495,0.8207707530111198,0.09821569839023066,0.037186025650760186,101,development,False,False,,9504.0,435.9726516618276,702.4907282819895,0.75,0.95
R0324,0.55,0.4,0.05,0.21272305889628887,0.8244168669594109,0.09679916258670589,0.03709449609741374,101,development,False,False,,9504.0,435.9726516618276,702.4907282819895,0.75,0.95
R0325,0.55,0.4,0.1,0.2135222288825788,0.8280507011652114,0.09538262678318116,0.037030953223462726,101,development,False,False,,9504.0,435.9726516618276,702.4907282819895,0.75,0.95
R0326,0.55,0.4,0.15,0.21442838196328648,0.831672362786069,0.09396609097965639,0.03699502832613327,101,development,False,False,,9504.0,435.9726516618276,702.4907282819895,0.75,0.95
R0327,0.55,0.4,0.2,0.2153399528745417,0.8352819574325906,0.09254955517613161,0.03698630020682021,101,development,False,False,,9504.0,435.9726516618276,702.4907282819895,0.75,0.95
R0328,0.55,0.4,0.25,0.21625131722614327,0.8388795891992961,0.09113301937260684,0.03700429772185086,101,development,True,False,1.1843755169226446,9504.0,435.9726516618276,702.4907282819895,0.75,0.95
R0329,0.55,0.4,0.3,0.21718894571612593,0.8424653606946962,0.08971648356908209,0.037048502848718384,101,development,True,False,1.1884229175636534,9504.0,435.9726516618276,702.4907282819895,0.75,0.95
R0330,0.55,0.4,0.35,0.2181618873644168,0.8460393730706106,0.0882999477655573,0.037118354200157994,101,development,True,False,1.1932027869109925,9504.0,435.9726516618276,702.4907282819895,0.75,0.95
R0331,0.55,0.4,0.4,0.21916854351304185,0.8496017260507563,0.08688341196203256,0.03721325090990654,101,development,True,False,1.1987043335029828,9504.0,435.9726516618276,702.4907282819895,0.75,0.95
R0332,0.55,0.45,0.0,0.21632485699137902,0.8399262594878448,0.09424976244502033,0.03741398312494507,101,development,False,False,,9504.0,435.9726516618276,702.4907282819895,0.75,0.95
R0333,0.55,0.45,0.05,0.21709220169740984,0.8435243244080551,0.09284172012556781,0.03732173453660791,101,development,False,False,,9504.0,435.9726516618276,702.4907282819895,0.75,0.95
R0334,0.55,0.45,0.1,0.21786026143948686,0.8471101934621424,0.09143367780611533,0.037257339704968286,101,development,False,False,,9504.0,435.9726516618276,702.4907282819895,0.75,0.95
R0335,0.55,0.45,0.15,0.2187483626675543,0.8506839735418738,0.09002563548666281,0.03722043295556516,101,development,False,False,,9504.0,435.9726516618276,702.4907282819895,0.75,0.95
R0336,0.55,0.45,0.2,0.21965143637399853,0.8542457699933029,0.0886175931672103,0.03721059699679953,101,development,False,False,,9504.0,435.9726516618276,702.4907282819895,0.75,0.95
R0337,0.55,0.45,0.25,0.22055536435206238,0.857795686647616,0.08720955084775782,0.03722736540975291,101,development,False,False,,9504.0,435.9726516618276,702.4907282819895,0.75,0.95
R0338,0.55,0.45,0.3,0.22148268608646307,0.861333825851203,0.0858015085283053,0.037270225640204255,101,development,True,False,1.210905292251782,9504.0,435.9726516618276,702.4907282819895,0.75,0.95
R0339,0.55,0.45,0.35,0.2224453500087372,0.864860288494966,0.08439346620885278,0.03733862242758147,101,development,True,False,1.2156880937566417,9504.0,435.9726516618276,702.4907282819895,0.75,0.95
R0340,0.55,0.45,0.4,0.22344175727966784,0.8683751740429045,0.08298542388940029,0.03743196159732112,101,development,True,False,1.221192133328491,9504.0,435.9726516618276,702.4907282819895,0.75,0.95
R0341,0.55,0.45,0.45,0.22443543680851136,0.8718785805599851,0.08157738156994777,0.037549614137690826,101,development,True,False,1.2273410755441658,9504.0,435.9726516618276,702.4907282819895,0.75,0.95
R0342,0.55,0.5,0.0,0.2206557881488124,0.8584235287672429,0.09035040871467866,0.03767901907620526,101,development,False,False,,9504.0,435.9726516618276,702.4907282819895,0.75,0.95
R0343,0.55,0.5,0.05,0.22141624030497079,0.8619738254903186,0.08895085987929838,0.037585897045893386,101,development,False,False,,9504.0,435.9726516618276,702.4907282819895,0.75,0.95
R0344,0.55,0.5,0.1,0.2221798585016078,0.8655120021304131,0.08755131104391815,0.037520477039557916,101,development,False,False,,9504.0,435.9726516618276,702.4907282819895,0.75,0.95
R0345,0.55,0.5,0.15,0.22302342740818976,0.8690381653610157,0.08615176220853792,0.037482396949448306,101,development,False,False,,9504.0,435.9726516618276,702.4907282819895,0.75,0.95
R0346,0.55,0.5,0.2,0.22391964692530852,0.8725524203108184,0.08475221337315765,0.037471244042104286,101,development,False,False,,9504.0,435.9726516618276,702.4907282819895,0.75,0.95
R0347,0.55,0.5,0.25,0.22481962459546737,0.876054870594558,0.08335266453777743,0.03748655737870566,101,development,False,False,,9504.0,435.9726516618276,702.4907282819895,0.75,0.95
R0348,0.55,0.5,0.3,0.2257401175064731,0.87954561834308,0.08195311570239716,0.037527830722837587,101,development,True,False,1.2341315947713298,9504.0,435.9726516618276,702.4907282819895,0.75,0.95
R0349,0.55,0.5,0.35,0.22669596522656582,0.8830247642326445,0.08055356686701691,0.0375945158730482,101,development,True,False,1.2389144310362132,9504.0,435.9726516618276,702.4907282819895,0.75,0.95
R0350,0.55,0.5,0.4,0.22768556887561522,0.8864924075135051,0.07915401803163669,0.03768602634960969,101,development,True,False,1.2444195649853285,9504.0,435.9726516618276,702.4907282819895,0.75,0.95
R0351,0.55,0.5,0.45,0.22867687781296356,0.889948646037774,0.07775446919625643,0.03780174135962657,101,development,True,False,1.250578638715817,9504.0,435.9726516618276,702.4907282819895,0.75,0.95
R0352,0.55,0.5,0.5,0.2297023442645912,0.8935084105796837,0.07635492036087618,0.037941009962128104,101,development,True,False,1.2575195467892712,9504.0,435.9726516618276,702.4907282819895,0.75,0.95
R0353,0.55,0.55,0.0,0.2249027390414008,0.876288440494725,0.08653989933773547,0.03797898078678552,101,development,False,False,,9504.0,435.9726516618276,702.4907282819895,0.75,0.95
R0354,0.55,0.55,0.05,0.2256563456600981,0.8797912468841824,0.08514884398642744,0.037884837339685215,101,development,False,False,,9504.0,435.9726516618276,702.4907282819895,0.75,0.95
R0355,0.55,0.55,0.1,0.22641865638190237,0.8832820010439509,0.08375778863511947,0.037818227453284115,101,development,False,False,,9504.0,435.9726516618276,702.4907282819895,0.75,0.95
R0356,0.55,0.55,0.15,0.22722048746316176,0.8867608094714718,0.08236673328381147,0.037778793075471086,101,development,False,False,,9504.0,435.9726516618276,702.4907282819895,0.75,0.95
R0357,0.55,0.55,0.2,0.22810415383645144,0.8902277771200557,0.08097567793250347,0.037766126614906685,101,development,False,False,,9504.0,435.9726516618276,702.4907282819895,0.75,0.95
R0358,0.55,0.55,0.25,0.229000214458045,0.8936830074297192,0.0795846225811955,0.0377797732848251,101,development,False,False,,9504.0,435.9726516618276,702.4907282819895,0.75,0.95
R0359,0.55,0.55,0.3,0.22991391884725412,0.8971266023572481,0.0781935672298875,0.03781923391826916,101,development,False,False,,9504.0,435.9726516618276,702.4907282819895,0.75,0.95
R0360,0.55,0.55,0.35,0.23086298934864954,0.9005586624054994,0.07680251187857952,0.03788396819498745,101,development,False,False,,9504.0,435.9726516618276,702.4907282819895,0.75,0.95
R0361,0.55,0.55,0.4,0.23185467513197275,0.9039792866519756,0.07541145652727153,0.037973398212573846,101,development,False,False,,9504.0,435.9726516618276,702.4907282819895,0.75,0.95
R0362,0.55,0.55,0.45,0.23284617583655273,0.9073885727766885,0.07402040117596353,0.03808691232932551,101,development,False,False,,9504.0,435.9726516618276,702.4907282819895,0.75,0.95
R0363,0.55,0.55,0.5,0.23386435845110665,0.9109014513824164,0.07262934582465555,0.03822386920379753,101,development,True,False,1.281374681718926,9504.0,435.9726516618276,702.4907282819895,0.75,0.95
R0364,0.55,0.55,0.55,0.2349387732352796,0.9148177813437922,0.07123829047334755,0.03838360195606692,101,development,True,False,1.2893110881654248,9504.0,435.9726516618276,702.4907282819895,0.75,0.95
R0365,0.6,0.0,0.0,0.1861583809418178,0.6892360900367968,0.12271076049054327,0.03783093038804202,101,development,True,False,1.0943693663781056,9504.0,435.9726516618276,702.4907282819895,0.75,0.95
R0366,0.6,0.05,0.0,0.19031138514563262,0.7066177843930705,0.11845166227146497,0.03761711030490515,101,development,True,False,1.1004951134367895,9504.0,435.9726516618276,702.4907282819895,0.75,0.95
R0367,0.6,0.05,0.05,0.19114144395768323,0.7102713041911217,0.11705324321341361,0.03751218429278736,101,development,True,False,1.0995663924474328,9504.0,435.9726516618276,702.4907282819895,0.75,0.95
R0368,0.6,0.1,0.0,0.1944366334000081,0.7236796471879959,0.11433887255736329,0.03746948981863086,101,development,True,False,1.109062273837078,9504.0,435.9726516618276,702.4907282819895,0.75,0.95
R0369,0.6,0.1,0.05,0.1952710623523732,0.7272917308236481,0.11294766947318004,0.037364909595469196,101,development,True,False,1.108320907566136,9504.0,435.9726516618276,702.4907282819895,0.75,0.95
R0370,0.6,0.1,0.1,0.19611445887730555,0.7308917661253519,0.11155646638899681,0.03728879080009746,101,development,True,False,1.1084431949832423,9504.0,435.9726516618276,702.4907282819895,0.75,0.95
R0371,0.6,0.15,0.0,0.19852820844126728,0.7416030766395284,0.11028467533118547,0.03738116224042882,101,development,True,False,1.120263768815906,9504.0,435.9726516618276,702.4907282819895,0.75,0.95
R0372,0.6,0.15,0.05,0.199364430647299,0.74517396751803,0.10890068822087032,0.03727683151576022,101,development,True,False,1.1196816536334875,9504.0,435.9726516618276,702.4907282819895,0.75,0.95
R0373,0.6,0.15,0.1,0.20020301800909845,0.7487329108310307,0.10751670111055517,0.037201017637497974,101,development,True,False,1.1199355049274387,9504.0,435.9726516618276,702.4907282819895,0.75,0.95
R0374,0.6,0.15,0.15,0.20103878800253225,0.7522800114692686,0.10613271400024005,0.03715337054974246,101,development,True,False,1.1209855560730266,9504.0,435.9726516618276,702.4907282819895,0.75,0.95
R0375,0.6,0.2,0.0,0.20260459873749237,0.7625346672118143,0.10628829301135903,0.0373485259806628,101,development,False,False,,9504.0,435.9726516618276,702.4907282819895,0.75,0.95
R0376,0.6,0.2,0.05,0.20343219492304576,0.7660646061179658,0.10491152187491201,0.03724434223137047,101,development,True,False,1.1346814554199722,9504.0,435.9726516618276,702.4907282819895,0.75,0.95
R0377,0.6,0.2,0.1,0.20426538663716087,0.7695826914618458,0.10353475073846498,0.03716869570274629,101,development,True,False,1.135050611384834,9504.0,435.9726516618276,702.4907282819895,0.75,0.95
R0378,0.6,0.2,0.15,0.2051072426556007,0.7730890277373595,0.10215797960201797,0.03712123579161957,101,development,True,False,1.1362242367185156,9504.0,435.9726516618276,702.4907282819895,0.75,0.95
R0379,0.6,0.2,0.2,0.20598387942998073,0.7765837179145056,0.10078120846557094,0.03710155693237073,101,development,True,False,1.1382273661601658,9504.0,435.9726516618276,702.4907282819895,0.75,0.95
R0380,0.6,0.25,0.0,0.20669889213251416,0.7827982837384649,0.1023519325725785,0.037368087605022075,101,development,False,False,,9504.0,435.9726516618276,702.4907282819895,0.75,0.95
R0381,0.6,0.25,0.05,0.20748919113775657,0.7862875088772322,0.1009823774099996,0.0372639432018934,101,development,False,False,,9504.0,435.9726516618276,702.4907282819895,0.75,0.95
R0382,0.6,0.25,0.1,0.20833272347514972,0.7897649678282751,0.09961282224742073,0.03718832351366466,101,development,True,False,1.1516170162059818,9504.0,435.9726516618276,702.4907282819895,0.75,0.95
R0383,0.6,0.25,0.15,0.20918227423406963,0.7932307647405571,0.09824326708484181,0.037140877919451,101,development,True,False,1.152897048818081,9504.0,435.9726516618276,702.4907282819895,0.75,0.95
R0384,0.6,0.25,0.2,0.21005295285502182,0.7966850022411056,0.09687371192226289,0.037121200923928885,101,development,True,False,1.1549701789341784,9504.0,435.9726516618276,702.4907282819895,0.75,0.95
R0385,0.6,0.25,0.25,0.21092065618238462,0.8001277814656055,0.09550415675968399,0.0371288345416183,101,development,True,False,1.1577691920044473,9504.0,435.9726516618276,702.4907282819895,0.75,0.95
R0386,0.6,0.3,0.0,0.21084186697421833,0.8023914228212288,0.0984759761801747,0.03743648708235106,101,development,False,False,,9504.0,435.9726516618276,702.4907282819895,0.75,0.95
R0387,0.6,0.3,0.05,0.2116028387106201,0.8058401698575461,0.0971136369914639,0.03733227059007562,101,development,False,False,,9504.0,435.9726516618276,702.4907282819895,0.75,0.95
R0388,0.6,0.3,0.1,0.21244279655732123,0.8092772315854795,0.09575129780275311,0.03725653578125797,101,development,False,False,,9504.0,435.9726516618276,702.4907282819895,0.75,0.95
R0389,0.6,0.3,0.15,0.21329198057715595,0.8127027118566263,0.09438895861404231,0.03720893254240125,101,development,True,False,1.170883094247527,9504.0,435.9726516618276,702.4907282819895,0.75,0.95
R0390,0.6,0.3,0.2,0.21415673853506054,0.8161167130022281,0.09302661942533154,0.03718905617897651,101,development,True,False,1.173009891531215,9504.0,435.9726516618276,702.4907282819895,0.75,0.95
R0391,0.6,0.3,0.25,0.21501853505073024,0.819519335863755,0.09166428023662075,0.037196449785472915,101,development,True,False,1.1758549408924492,9504.0,435.9726516618276,702.4907282819895,0.75,0.95
R0392,0.6,0.3,0.3,0.21590826376909245,0.8229106798227043,0.09030194104790995,0.03723060717183479,101,development,True,False,1.1794617178723517,9504.0,435.9726516618276,702.4907282819895,0.75,0.95
R0393,0.6,0.35,0.0,0.21500152937192324,0.8213325828440583,0.09465670934504022,0.03755069361141045,101,development,False,False,,9504.0,435.9726516618276,702.4907282819895,0.75,0.95
R0394,0.6,0.35,0.05,0.2157366303641811,0.8247410849418452,0.09330158613019754,0.037446291458662705,101,development,False,False,,9504.0,435.9726516618276,702.4907282819895,0.75,0.95
R0395,0.6,0.35,0.1,0.21654443753337085,0.8281379762458753,0.09194646291535491,0.03737029976877694,101,development,False,False,,9504.0,435.9726516618276,702.4907282819895,0.75,0.95
R0396,0.6,0.35,0.15,0.2173898070992349,0.8315233603538063,0.09059133970051221,0.037322369448894194,101,development,False,False,,9504.0,435.9726516618276,702.4907282819895,0.75,0.95
R0397,0.6,0.35,0.2,0.21824522711326833,0.8348973393441911,0.08923621648566954,0.03730209730602879,101,development,True,False,1.192119241967159,9504.0,435.9726516618276,702.4907282819895,0.75,0.95
R0398,0.6,0.35,0.25,0.2190977136549396,0.8382600138070552,0.08788109327082687,0.03730902839192126,101,development,True,False,1.1949906715501986,9504.0,435.9726516618276,702.4907282819895,0.75,0.95
R0399,0.6,0.35,0.3,0.21998446675425593,0.8416114828736871,0.0865259700559842,0.03734265889650959,101,development,True,False,1.198631241328597,9504.0,435.9726516618276,702.4907282819895,0.75,0.95
R0400,0.6,0.35,0.35,0.22092816695976913,0.8449518442456855,0.08517084684114154,0.037402439525917576,101,development,True,False,1.2030725428290017,9504.0,435.9726516618276,702.4907282819895,0.75,0.95
R0401,0.6,0.4,0.0,0.2191241318143498,0.8396463555797715,0.0909024990909619,0.037707564908305576,101,development,False,False,,9504.0,435.9726516618276,702.4907282819895,0.75,0.95
R0402,0.6,0.4,0.05,0.2198498944477052,0.8430148434401779,0.08955459184998732,0.03760286196385804,101,development,False,False,,9504.0,435.9726516618276,702.4907282819895,0.75,0.95
R0403,0.6,0.4,0.1,0.22060759023121818,0.8463717887843316,0.08820668460901279,0.037526472666807774,101,development,False,False,,9504.0,435.9726516618276,702.4907282819895,0.75,0.95
R0404,0.6,0.4,0.15,0.2214492108871381,0.8497172949953887,0.08685877736803822,0.037478049439308575,101,development,False,False,,9504.0,435.9726516618276,702.4907282819895,0.75,0.95
R0405,0.6,0.4,0.2,0.2222986288379151,0.8530514639383772,0.08551087012706368,0.037457191251330575,101,development,False,False,,9504.0,435.9726516618276,702.4907282819895,0.75,0.95
R0406,0.6,0.4,0.25,0.22314672226107113,0.8563743959907661,0.08416296288608913,0.03746344593032045,101,development,True,False,1.2150541207705365,9504.0,435.9726516618276,702.4907282819895,0.75,0.95
R0407,0.6,0.4,0.3,0.22402568643951426,0.8596861900722527,0.08281505564511459,0.03749631300912615,101,development,True,False,1.2187087697120977,9504.0,435.9726516618276,702.4907282819895,0.75,0.95
R0408,0.6,0.4,0.35,0.22496016553842682,0.8629869436738016,0.08146714840414002,0.037555247049583726,101,development,True,False,1.2231585336151327,9504.0,435.9726516618276,702.4907282819895,0.75,0.95
R0409,0.6,0.4,0.4,0.22590181492976968,0.8662767528859571,0.08011924116316546,0.03763966136951995,101,development,True,False,1.228299277286741,9504.0,435.9726516618276,702.4907282819895,0.75,0.95
R0410,0.6,0.45,0.0,0.22321885639451575,0.8573564244254963,0.08720871751238009,0.037904426567463505,101,development,False,False,,9504.0,435.9726516618276,702.4907282819895,0.75,0.95
R0411,0.6,0.45,0.05,0.22393877626911463,0.8606851263243995,0.08586802624527366,0.03779930757061026,101,development,False,False,,9504.0,435.9726516618276,702.4907282819895,0.75,0.95
R0412,0.6,0.45,0.1,0.22466055352975187,0.8640023478721873,0.08452733497816722,0.03772238217850175,101,development,False,False,,9504.0,435.9726516618276,702.4907282819895,0.75,0.95
R0413,0.6,0.45,0.15,0.22549127173243316,0.867308192273125,0.08318664371106077,0.037673304799422574,101,development,False,False,,9504.0,435.9726516618276,702.4907282819895,0.75,0.95
R0414,0.6,0.45,0.2,0.226331623322793,0.8706027612140949,0.08184595244395432,0.037651677184943756,101,development,False,False,,9504.0,435.9726516618276,702.4907282819895,0.75,0.95
R0415,0.6,0.45,0.25,0.22717339984293836,0.8738861548951639,0.0805052611768479,0.037657050695426825,101,development,False,False,,9504.0,435.9726516618276,702.4907282819895,0.75,0.95
R0416,0.6,0.45,0.3,0.22804319328760742,0.8771584720593624,0.07916456990974144,0.03768892909122279,101,development,True,False,1.2396358390189743,9504.0,435.9726516618276,702.4907282819895,0.75,0.95
R0417,0.6,0.45,0.35,0.22896852679559482,0.8804198100217224,0.07782387864263501,0.037746771788803715,101,development,True,False,1.2440860225209118,9504.0,435.9726516618276,702.4907282819895,0.75,0.95
R0418,0.6,0.45,0.4,0.22990105557965518,0.8836702646975855,0.07648318737552857,0.037829997511715556,101,development,True,False,1.249225823978679,9504.0,435.9726516618276,702.4907282819895,0.75,0.95
R0419,0.6,0.45,0.45,0.23083334968152946,0.8869099306301979,0.07514249610842214,0.03793798825963658,101,development,True,False,1.255033571398475,9504.0,435.9726516618276,702.4907282819895,0.75,0.95
R0420,0.6,0.5,0.0,0.22727487188080542,0.8744856382475065,0.08356546639606433,0.03813878540089149,101,development,False,False,,9504.0,435.9726516618276,702.4907282819895,0.75,0.95
R0421,0.6,0.5,0.05,0.22798898799061912,0.8777747800722734,0.08223199110282599,0.038033135754487156,101,development,False,False,,9504.0,435.9726516618276,702.4907282819895,0.75,0.95
R0422,0.6,0.5,0.1,0.2287051336047155,0.8810524977206929,0.08089851580958768,0.03795553875965025,101,development,False,False,,9504.0,435.9726516618276,702.4907282819895,0.75,0.95
R0423,0.6,0.5,0.15,0.22949483368061024,0.8843188942500735,0.07956504051634934,0.03790565125470962,101,development,False,False,,9504.0,435.9726516618276,702.4907282819895,0.75,0.95
R0424,0.6,0.5,0.2,0.2303294104882745,0.887574071200896,0.07823156522311105,0.03788307834486577,101,development,False,False,,9504.0,435.9726516618276,702.4907282819895,0.75,0.95
R0425,0.6,0.5,0.25,0.23116829266537436,0.8908181286273787,0.07689808992987271,0.03788737561567185,101,development,False,False,,9504.0,435.9726516618276,702.4907282819895,0.75,0.95
R0426,0.6,0.5,0.3,0.23203233050692162,0.8940511651272581,0.07556461463663439,0.03791805185779123,101,development,True,False,1.2613377673342872,9504.0,435.9726516618276,702.4907282819895,0.75,0.95
R0427,0.6,0.5,0.35,0.2329519179593831,0.8972732778708193,0.07423113934339605,0.03797457224439317,101,development,True,False,1.2657869341956787,9504.0,435.9726516618276,702.4907282819895,0.75,0.95
R0428,0.6,0.5,0.4,0.23387871020754228,0.9004845626292036,0.07289766405015773,0.038056361893532724,101,development,True,False,1.270925895106489,9504.0,435.9726516618276,702.4907282819895,0.75,0.95
R0429,0.6,0.5,0.45,0.23481050848825533,0.903685113802,0.07156418875691942,0.03816280974146511,101,development,True,False,1.2767427680000716,9504.0,435.9726516618276,702.4907282819895,0.75,0.95
R0430,0.6,0.5,0.5,0.23578789801014755,0.9072445322610941,0.0702307134636811,0.038293272649196367,101,development,True,False,1.2835310770076662,9504.0,435.9726516618276,702.4907282819895,0.75,0.95
R0431,0.6,0.55,0.0,0.231272028356779,0.89105607812825,0.07998426654909443,0.03840855725582275,101,development,False,False,,9504.0,435.9726516618276,702.4907282819895,0.75,0.95
R0432,0.6,0.55,0.05,0.23198037923838796,0.8943058834137819,0.07865800722972423,0.03830226501180096,101,development,False,False,,9504.0,435.9726516618276,702.4907282819895,0.75,0.95
R0433,0.6,0.55,0.1,0.23269625610902936,0.8975443148266776,0.07733174791035402,0.03822386562321178,101,development,False,False,,9504.0,435.9726516618276,702.4907282819895,0.75,0.95
R0434,0.6,0.55,0.15,0.23344379537974919,0.9007714753056861,0.07600548859098381,0.038173018770852184,101,development,False,False,,9504.0,435.9726516618276,702.4907282819895,0.75,0.95
R0435,0.6,0.55,0.2,0.23426858249193971,0.9039874662731345,0.0746792292716136,0.0381493334363002,101,development,False,False,,9504.0,435.9726516618276,702.4907282819895,0.75,0.95
R0436,0.6,0.55,0.25,0.23510459654863516,0.9071923876654906,0.0733529699522434,0.03815237005661128,101,development,False,False,,9504.0,435.9726516618276,702.4907282819895,0.75,0.95
R0437,0.6,0.55,0.3,0.23596291225887042,0.910386337963141,0.07202671063287319,0.03818164317436102,101,development,False,False,,9504.0,435.9726516618276,702.4907282819895,0.75,0.95
R0438,0.6,0.55,0.35,0.23687784611747353,0.9135694142194223,0.070700451313503,0.038236624526746664,101,development,False,False,,9504.0,435.9726516618276,702.4907282819895,0.75,0.95
R0439,0.6,0.55,0.4,0.23781034641263213,0.9167417120889237,0.06937419199413279,0.038316746508808786,101,development,True,False,1.2933182445885365,9504.0,435.9726516618276,702.4907282819895,0.75,0.95
R0440,0.6,0.55,0.45,0.23873954372962047,0.9199033258550794,0.06804793267476257,0.03842140593966562,101,development,True,False,1.2991345178547835,9504.0,435.9726516618276,702.4907282819895,0.75,0.95
R0441,0.6,0.55,0.5,0.23971076527125545,0.9234238562740146,0.06672167335539238,0.038549968057092085,101,development,True,False,1.305915832574906,9504.0,435.9726516618276,702.4907282819895,0.75,0.95
R0442,0.6,0.55,0.55,0.24072489474826902,0.9270745839424871,0.06539541403602216,0.038701770664799975,101,development,True,False,1.3135230309740857,9504.0,435.9726516618276,702.4907282819895,0.75,0.95
R0443,0.6,0.6,0.0,0.23523716207311648,0.90708911770148,0.0764537915532021,0.03871125538833133,101,development,False,False,,9504.0,435.9726516618276,702.4907282819895,0.75,0.95
R0444,0.6,0.6,0.05,0.23593978581329272,0.9102998076655613,0.07513474820770003,0.03860421037103272,101,development,False,False,,9504.0,435.9726516618276,702.4907282819895,0.75,0.95
R0445,0.6,0.6,0.1,0.23665541529857465,0.9134991683063491,0.07381570486219793,0.038524881947798906,101,development,False,False,,9504.0,435.9726516618276,702.4907282819895,0.75,0.95
R0446,0.6,0.6,0.15,0.23738491212546622,0.9166873024690401,0.07249666151669584,0.03847293302064889,101,development,False,False,,9504.0,435.9726516618276,702.4907282819895,0.75,0.95
R0447,0.6,0.6,0.2,0.23817597339697077,0.9198643114826934,0.07117761817119375,0.03844797691708962,101,development,False,False,,9504.0,435.9726516618276,702.4907282819895,0.75,0.95
R0448,0.6,0.6,0.25,0.2390091452405846,0.9230302951907944,0.06985857482569166,0.03844957948043625,101,development,False,False,,9504.0,435.9726516618276,702.4907282819895,0.75,0.95
R0449,0.6,0.6,0.3,0.239868333830198,0.9261853519810286,0.06853953148018958,0.03847726163839424,101,development,False,False,,9504.0,435.9726516618276,702.4907282819895,0.75,0.95
R0450,0.6,0.6,0.35,0.2407874965603542,0.9293295788143127,0.06722048813468748,0.038530502396136555,101,development,False,False,,9504.0,435.9726516618276,702.4907282819895,0.75,0.95
R0451,0.6,0.6,0.4,0.24171384460731365,0.9324630712530989,0.0659014447891854,0.038608742191842425,101,development,False,False,,9504.0,435.9726516618276,702.4907282819895,0.75,0.95
R0452,0.6,0.6,0.45,0.24263689803320984,0.9355859234889613,0.06458240144368328,0.03871138654673724,101,development,False,False,,9504.0,435.9726516618276,702.4907282819895,0.75,0.95
R0453,0.6,0.6,0.5,0.24360198402105118,0.9390677361864445,0.06326335809818122,0.03883780993820584,101,development,True,False,1.3289599817706113,9504.0,435.9726516618276,702.4907282819895,0.75,0.95
R0454,0.6,0.6,0.55,0.24460998626182753,0.9426797898510041,0.06194431475267912,0.03898735982352774,101,development,True,False,1.3365557791595792,9504.0,435.9726516618276,702.4907282819895,0.75,0.95
R0455,0.6,0.6,0.6,0.2456161506186672,0.9462793725354056,0.06062527140717702,0.03915936074306341,101,development,True,False,1.3448026817055254,9504.0,435.9726516618276,702.4907282819895,0.75,0.95
R0456,0.65,0.0,0.0,0.19517247935012433,0.7186068374264972,0.11375413797393173,0.038579707748407514,101,development,True,False,1.1399299339271938,9504.0,435.9726516618276,702.4907282819895,0.75,0.95
R0457,0.65,0.05,0.0,0.19900277248189682,0.7344856354930389,0.10980167097296109,0.03834274510909392,101,development,True,False,1.14455548671467,9504.0,435.9726516618276,702.4907282819895,0.75,0.95
R0458,0.65,0.05,0.05,0.19976451733876163,0.7378279050135292,0.10847743825609765,0.03822365212116405,101,development,True,False,1.1430276686705583,9504.0,435.9726516618276,702.4907282819895,0.75,0.95
R0459,0.65,0.1,0.0,0.20284009803973685,0.7499721693025733,0.10596264828599938,0.03816978310380755,101,development,True,False,1.151549164408831,9504.0,435.9726516618276,702.4907282819895,0.75,0.95
R0460,0.65,0.1,0.05,0.20360713425159474,0.7532807193450982,0.10464445085730804,0.03805092366772504,101,development,True,False,1.1502029958259117,9504.0,435.9726516618276,702.4907282819895,0.75,0.95
R0461,0.65,0.1,0.1,0.20438467248871578,0.7565779705390588,0.10332625342861669,0.03796079861393261,101,development,True,False,1.1497625797305475,9504.0,435.9726516618276,702.4907282819895,0.75,0.95
R0462,0.65,0.15,0.0,0.20663537190682404,0.7673455937827519,0.10217829538791418,0.03805473941350612,101,development,True,False,1.16168875959064,9504.0,435.9726516618276,702.4907282819895,0.75,0.95
R0463,0.65,0.15,0.05,0.20740588057946355,0.7706206179951071,0.10086613324739492,0.03793607198328971,101,development,True,False,1.160502955850712,9504.0,435.9726516618276,702.4907282819895,0.75,0.95
R0464,0.65,0.15,0.1,0.20817956886780237,0.7738844161906665,0.09955397110687568,0.03784621466774094,101,development,True,False,1.16019337496733,9504.0,435.9726516618276,702.4907282819895,0.75,0.95
R0465,0.65,0.15,0.15,0.20895064018316492,0.7771370899264008,0.09824180896635644,0.03778484224513019,101,development,True,False,1.160717574317698,9504.0,435.9726516618276,702.4907282819895,0.75,0.95
R0466,0.65,0.2,0.0,0.2104219191655052,0.7865238008038337,0.09844491423794682,0.03799438941000821,101,development,False,False,,9504.0,435.9726516618276,702.4907282819895,0.75,0.95
R0467,0.65,0.2,0.05,0.21118892054535393,0.7897654907823348,0.09713878738559967,0.03787586575034049,101,development,True,False,1.1737636833394485,9504.0,435.9726516618276,702.4907282819895,0.75,0.95
R0468,0.65,0.2,0.1,0.21196104690142023,0.7929960226968116,0.09583266053325253,0.03778619243252962,101,development,True,False,1.1735728622780852,9504.0,435.9726516618276,702.4907282819895,0.75,0.95
R0469,0.65,0.2,0.15,0.2127458545870373,0.796215497847714,0.09452653368090536,0.037725043611665884,101,development,True,False,1.1742312106820294,9504.0,435.9726516618276,702.4907282819895,0.75,0.95
R0470,0.65,0.2,0.2,0.2135579058842744,0.7994240160331421,0.0932204068285582,0.0376920377823408,101,development,True,False,1.1757399293021296,9504.0,435.9726516618276,702.4907282819895,0.75,0.95
R0471,0.65,0.25,0.0,0.21425013534339987,0.8051241129052228,0.09476883623240617,0.03798543040475159,101,development,False,False,,9504.0,435.9726516618276,702.4907282819895,0.75,0.95
R0472,0.65,0.25,0.05,0.21499485052875528,0.8083326582257006,0.09346874466823109,0.037866995970294755,101,development,False,False,,9504.0,435.9726516618276,702.4907282819895,0.75,0.95
R0473,0.65,0.25,0.1,0.2157767998005302,0.8115301086529207,0.09216865310405604,0.03777741851691209,101,development,True,False,1.1884839264978497,9504.0,435.9726516618276,702.4907282819895,0.75,0.95
R0474,0.65,0.25,0.15,0.2165622008867894,0.8147165652642806,0.09086856153988099,0.037716371923655435,101,development,True,False,1.1892326511631888,9504.0,435.9726516618276,702.4907282819895,0.75,0.95
R0475,0.65,0.25,0.2,0.21736931265571321,0.8178921276359539,0.08956846997570592,0.03768347436938846,101,development,True,False,1.190810119919444,9504.0,435.9726516618276,702.4907282819895,0.75,0.95
R0476,0.65,0.25,0.25,0.21817364251619994,0.8210568938732985,0.08826837841153087,0.03767829043181624,101,development,True,False,1.1931462102043526,9504.0,435.9726516618276,702.4907282819895,0.75,0.95
R0477,0.65,0.3,0.0,0.21812969999852783,0.8231397474026121,0.091150249114338,0.03802482644571035,101,development,False,False,,9504.0,435.9726516618276,702.4907282819895,0.75,0.95
R0478,0.65,0.3,0.05,0.21883800947218143,0.8263153356508074,0.08985619283833504,0.03790642130581497,101,development,False,False,,9504.0,435.9726516618276,702.4907282819895,0.75,0.95
R0479,0.65,0.3,0.1,0.21961502930317225,0.8294798874893802,0.08856213656233206,0.037816848213519653,101,development,False,False,,9504.0,435.9726516618276,702.4907282819895,0.75,0.95
R0480,0.65,0.3,0.15,0.22040103916049614,0.8326335038033715,0.08726808028632908,0.03775578112394951,101,development,True,False,1.2055542926984855,9504.0,435.9726516618276,702.4907282819895,0.75,0.95
R0481,0.65,0.3,0.2,0.22120324199413546,0.8357762839775074,0.08597402401032612,0.03772283846430174,101,development,True,False,1.2071853064418443,9504.0,435.9726516618276,702.4907282819895,0.75,0.95
R0482,0.65,0.3,0.25,0.22200267311560973,0.8389083259265977,0.08467996773432318,0.03771758522755826,101,development,True,False,1.2095664461213842,9504.0,435.9726516618276,702.4907282819895,0.75,0.95
R0483,0.65,0.3,0.3,0.22285177015493468,0.8420297261251655,0.08338591145832018,0.037739535645064715,101,development,True,False,1.212781473914007,9504.0,435.9726516618276,702.4907282819895,0.75,0.95
R0484,0.65,0.35,0.0,0.22201449545094354,0.8405851338934044,0.08757976524968476,0.038109778614127024,101,development,False,False,,9504.0,435.9726516618276,702.4907282819895,0.75,0.95
R0485,0.65,0.35,0.05,0.2226893416263711,0.8437279506947846,0.08629174426185389,0.037991338174192014,101,development,False,False,,9504.0,435.9726516618276,702.4907282819895,0.75,0.95
R0486,0.65,0.35,0.1,0.22344278130431627,0.8468597849758447,0.085003723274023,0.037901675358051536,101,development,False,False,,9504.0,435.9726516618276,702.4907282819895,0.75,0.95
R0487,0.65,0.35,0.15,0.22422600337898754,0.8499807374573077,0.08371570228619211,0.0378404645501842,101,development,False,False,,9504.0,435.9726516618276,702.4907282819895,0.75,0.95
R0488,0.65,0.35,0.2,0.22501993071212367,0.8530909073602982,0.08242768129836126,0.03780732497602871,101,development,True,False,1.2246551208952403,9504.0,435.9726516618276,702.4907282819895,0.75,0.95
R0489,0.65,0.35,0.25,0.22581280062896944,0.8561903924367392,0.08113966031053038,0.03780182278159059,101,development,True,False,1.2270660447023176,9504.0,435.9726516618276,702.4907282819895,0.75,0.95
R0490,0.65,0.35,0.3,0.22665991293165472,0.8592792889989761,0.0798516393226995,0.037823473685721205,101,development,True,False,1.230314085884125,9504.0,435.9726516618276,702.4907282819895,0.75,0.95
R0491,0.65,0.35,0.35,0.22755112403982608,0.8623576919486521,0.07856361833486863,0.03787174614664867,101,development,True,False,1.234364787224152,9504.0,435.9726516618276,702.4907282819895,0.75,0.95
R0492,0.65,0.4,0.0,0.22589438119089103,0.8574809842250949,0.08405642847354547,0.03823747977720734,101,development,False,False,,9504.0,435.9726516618276,702.4907282819895,0.75,0.95
R0493,0.65,0.4,0.05,0.2265605279769524,0.8605912132740943,0.08277444277388671,0.038118935512783676,101,development,False,False,,9504.0,435.9726516618276,702.4907282819895,0.75,0.95
R0494,0.65,0.4,0.1,0.22726554224608508,0.8636905091885306,0.08149245707422792,0.03802908724093076,101,development,False,False,,9504.0,435.9726516618276,702.4907282819895,0.75,0.95
R0495,0.65,0.4,0.15,0.2280477802448254,0.8667789725502825,0.08021047137456913,0.03796761012506583,101,development,False,False,,9504.0,435.9726516618276,702.4907282819895,0.75,0.95
R0496,0.65,0.4,0.2,0.22883685883385085,0.8698567024421893,0.07892848567491036,0.03793412471733219,101,development,False,False,,9504.0,435.9726516618276,702.4907282819895,0.75,0.95
R0497,0.65,0.4,0.25,0.2296250205685787,0.8729237964784464,0.07764649997525157,0.03792819901588926,101,development,True,False,1.2455836081776552,9504.0,435.9726516618276,702.4907282819895,0.75,0.95
R0498,0.65,0.4,0.3,0.23046497853961306,0.8759803508342268,0.07636451427559279,0.03794935108577554,101,development,True,False,1.2488452846890097,9504.0,435.9726516618276,702.4907282819895,0.75,0.95
R0499,0.65,0.4,0.35,0.23134801356447082,0.8790264602745491,0.07508252857593402,0.037997052185981754,101,development,True,False,1.2529038467422664,9504.0,435.9726516618276,702.4907282819895,0.75,0.95
R0500,0.65,0.4,0.4,0.2322279018941193,0.8820622181824315,0.07380054287627524,0.03807073033454803,101,development,True,False,1.2576570058630352,9504.0,435.9726516618276,702.4907282819895,0.75,0.95
R0501,0.65,0.45,0.0,0.22975507096225548,0.8738472714458877,0.08057928262101918,0.03840526613187342,101,development,False,False,,9504.0,435.9726516618276,702.4907282819895,0.75,0.95
R0502,0.65,0.45,0.05,0.23041637498591414,0.8769250945345984,0.0793033322095325,0.03828654642329073,101,development,False,False,,9504.0,435.9726516618276,702.4907282819895,0.75,0.95
R0503,0.65,0.45,0.1,0.2310830918884092,0.8799920294597738,0.07802738179804582,0.038196416191035726,101,development,False,False,,9504.0,435.9726516618276,702.4907282819895,0.75,0.95
R0504,0.65,0.45,0.15,0.23185720875990146,0.8830481766874593,0.07675143138655911,0.03813455171928251,101,development,False,False,,9504.0,435.9726516618276,702.4907282819895,0.75,0.95
R0505,0.65,0.45,0.2,0.23263811412137883,0.886093635185092,0.07547548097507244,0.0381005753888015,101,development,False,False,,9504.0,435.9726516618276,702.4907282819895,0.75,0.95
R0506,0.65,0.45,0.25,0.23342098348799123,0.8891285024518892,0.07419953056358576,0.0380940577044071,101,development,False,False,,9504.0,435.9726516618276,702.4907282819895,0.75,0.95
R0507,0.65,0.45,0.3,0.23425281243822482,0.89215287454847,0.07292358015209907,0.038114519874340544,101,development,True,False,1.268265239979925,9504.0,435.9726516618276,702.4907282819895,0.75,0.95
R0508,0.65,0.45,0.35,0.2351277403302746,0.8951668461257228,0.07164762974061237,0.03816143688560123,101,development,True,False,1.2723246149254344,9504.0,435.9726516618276,702.4907282819895,0.75,0.95
R0509,0.65,0.45,0.4,0.23600175491646447,0.8981705104529527,0.07037167932912568,0.03823424100872037,101,development,True,False,1.2770807230184642,9504.0,435.9726516618276,702.4907282819895,0.75,0.95
R0510,0.65,0.45,0.45,0.23688163522080494,0.9012968013405661,0.069095728917639,0.03833232565758703,101,development,True,False,1.2826164524680006,9504.0,435.9726516618276,702.4907282819895,0.75,0.95
R0511,0.65,0.5,0.0,0.23358663930111673,0.8897032864335439,0.07714737152720494,0.03861062193973838,101,development,False,False,,9504.0,435.9726516618276,702.4907282819895,0.75,0.95
R0512,0.65,0.5,0.05,0.23424313214641232,0.8927488834798601,0.07587745640389035,0.03849165289669153,101,development,False,False,,9504.0,435.9726516618276,702.4907282819895,0.75,0.95
R0513,0.65,0.5,0.1,0.23490047751251172,0.8957836330058355,0.07460754128057576,0.03840114424452972,101,development,False,False,,9504.0,435.9726516618276,702.4907282819895,0.75,0.95
R0514,0.65,0.5,0.15,0.23563944951617588,0.8988076353823309,0.07333762615726117,0.038338773718580674,101,development,False,False,,9504.0,435.9726516618276,702.4907282819895,0.75,0.95
R0515,0.65,0.5,0.2,0.23641556503165922,0.9018209894819162,0.07206771103394655,0.03830416599957102,101,development,False,False,,9504.0,435.9726516618276,702.4907282819895,0.75,0.95
R0516,0.65,0.5,0.25,0.23719650212805954,0.9048237927092625,0.07079779591063197,0.03829689470446675,101,development,False,False,,9504.0,435.9726516618276,702.4907282819895,0.75,0.95
R0517,0.65,0.5,0.3,0.23802355536102518,0.9078161410307578,0.06952788078731736,0.03831648491545021,101,development,True,False,1.288508548608811,9504.0,435.9726516618276,702.4907282819895,0.75,0.95
R0518,0.65,0.5,0.35,0.2388937145725191,0.910798129003377,0.06825796566400277,0.038362416192695134,101,development,True,False,1.2925682026899463,9504.0,435.9726516618276,702.4907282819895,0.75,0.95
R0519,0.65,0.5,0.4,0.23976108789848266,0.9137698498028254,0.06698805054068818,0.03843412600643789,101,development,True,False,1.2973202136410165,9504.0,435.9726516618276,702.4907282819895,0.75,0.95
R0520,0.65,0.5,0.45,0.24064396295187798,0.9168642371462233,0.06571813541737359,0.03853101351620966,101,development,True,False,1.3028699282330343,9504.0,435.9726516618276,702.4907282819895,0.75,0.95
R0521,0.65,0.5,0.5,0.241569583695311,0.9203086798120994,0.064448220294059,0.03865244362019157,101,development,True,False,1.3093980903634153,9504.0,435.9726516618276,702.4907282819895,0.75,0.95
R0522,0.65,0.55,0.0,0.2373618443435977,0.9050676892538614,0.07376998584576355,0.03885152683045957,101,development,False,False,,9504.0,435.9726516618276,702.4907282819895,0.75,0.95
R0523,0.65,0.55,0.05,0.23801355723196463,0.9080812383290908,0.07250610601062105,0.038732234169747956,101,development,False,False,,9504.0,435.9726516618276,702.4907282819895,0.75,0.95
R0524,0.65,0.55,0.1,0.23867157807988082,0.9110839762843691,0.07124222617547855,0.03864125226818833,101,development,False,False,,9504.0,435.9726516618276,702.4907282819895,0.75,0.95
R0525,0.65,0.55,0.15,0.23936789379576293,0.9140760034137417,0.06997834634033606,0.03857826062738575,101,development,False,False,,9504.0,435.9726516618276,702.4907282819895,0.75,0.95
R0526,0.65,0.55,0.2,0.2401368679956132,0.9170574185131956,0.06871446650519354,0.03854288666661277,101,development,False,False,,9504.0,435.9726516618276,702.4907282819895,0.75,0.95
R0527,0.65,0.55,0.25,0.24091589292214796,0.9200283189110504,0.06745058667005105,0.0385347076710537,101,development,False,False,,9504.0,435.9726516618276,702.4907282819895,0.75,0.95
R0528,0.65,0.55,0.3,0.24173819793544588,0.922988800497575,0.06618670683490856,0.038553253262573785,101,development,False,False,,9504.0,435.9726516618276,702.4907282819895,0.75,0.95
R0529,0.65,0.55,0.35,0.24260906366106305,0.925938957753854,0.06492282699976605,0.03859800834055011,101,development,True,False,1.313524064504069,9504.0,435.9726516618276,702.4907282819895,0.75,0.95
R0530,0.65,0.55,0.4,0.2434820162085805,0.928878883779933,0.06365894716462353,0.0386684164305351,101,development,True,False,1.3182901693041582,9504.0,435.9726516618276,702.4907282819895,0.75,0.95
R0531,0.65,0.55,0.45,0.24435974160091545,0.9319415122174991,0.062395067329481045,0.0387638833711701,101,development,True,False,1.3238332622493612,9504.0,435.9726516618276,702.4907282819895,0.75,0.95
R0532,0.65,0.55,0.5,0.2452802196465902,0.9353542317698773,0.06113118749433854,0.03888378126501736,101,development,True,False,1.3303548022829632,9504.0,435.9726516618276,702.4907282819895,0.75,0.95
R0533,0.65,0.55,0.55,0.2462358296109778,0.9387549400947801,0.05986730765919604,0.03902745261687477,101,development,True,False,1.337619785061705,9504.0,435.9726516618276,702.4907282819895,0.75,0.95
R0534,0.65,0.6,0.0,0.241108961174567,0.919958555729623,0.07043796595533074,0.03912559810896232,101,development,False,False,,9504.0,435.9726516618276,702.4907282819895,0.75,0.95
R0535,0.65,0.6,0.05,0.241755924970674,0.9229402330855828,0.06918012140836033,0.039005906273620036,101,development,False,False,,9504.0,435.9726516618276,702.4907282819895,0.75,0.95
R0536,0.65,0.6,0.1,0.24241463592308068,0.925911131562377,0.06792227686138992,0.038914357342548424,101,development,False,False,,9504.0,435.9726516618276,702.4907282819895,0.75,0.95
R0537,0.65,0.6,0.15,0.24308804955663976,0.9288713513934179,0.06666443231441951,0.038850632881985335,101,development,False,False,,9504.0,435.9726516618276,702.4907282819895,0.75,0.95
R0538,0.65,0.6,0.2,0.24383029625252586,0.9318209913142246,0.06540658776744909,0.0388143634522344,101,development,False,False,,9504.0,435.9726516618276,702.4907282819895,0.75,0.95
R0539,0.65,0.6,0.25,0.24460844531635018,0.9347601485928121,0.06414874322047867,0.03880513050816736,101,development,False,False,,9504.0,435.9726516618276,702.4907282819895,0.75,0.95
R0540,0.65,0.6,0.3,0.24543632626023965,0.9376889190593064,0.06289089867350826,0.03882246880520138,101,development,False,False,,9504.0,435.9726516618276,702.4907282819895,0.75,0.95
R0541,0.65,0.6,0.35,0.24630729083460345,0.940607397134812,0.06163305412653786,0.038865869260342974,101,development,False,False,,9504.0,435.9726516618276,702.4907282819895,0.75,0.95
R0542,0.65,0.6,0.4,0.2471751154270421,0.943515675859556,0.060375209579567456,0.038934782208551524,101,development,False,False,,9504.0,435.9726516618276,702.4907282819895,0.75,0.95
R0543,0.65,0.6,0.45,0.24804771904970985,0.9465466888155686,0.05911736503259705,0.039028620987623906,101,development,False,False,,9504.0,435.9726516618276,702.4907282819895,0.75,0.95
R0544,0.65,0.6,0.5,0.24896308149809815,0.9499278246466777,0.05785952048562664,0.03914676578021861,101,development,True,False,1.3520037546956407,9504.0,435.9726516618276,702.4907282819895,0.75,0.95
R0545,0.65,0.6,0.55,0.24991358202458744,0.9532969809512587,0.056601675938656226,0.03928856763956476,101,development,True,False,1.3592583864918166,9504.0,435.9726516618276,702.4907282819895,0.75,0.95
R0546,0.65,0.6,0.6,0.2508605988919863,0.9566542646936109,0.055343831391685826,0.03945335262574685,101,development,True,False,1.367176875084517,9504.0,435.9726516618276,702.4907282819895,0.75,0.95
R0547,0.65,0.65,0.0,0.2448112922876585,0.9343934196393208,0.06718413345240906,0.03943126582351687,101,development,False,False,,9504.0,435.9726516618276,702.4907282819895,0.75,0.95
R0548,0.65,0.65,0.05,0.24545353750512855,0.9373433997349238,0.06593232419361075,0.0393111019887742,101,development,False,False,,9504.0,435.9726516618276,702.4907282819895,0.75,0.95
R0549,0.65,0.65,0.1,0.24611295293768695,0.9402826291139618,0.06468051493481242,0.03921889673448354,101,development,False,False,,9504.0,435.9726516618276,702.4907282819895,0.75,0.95
R0550,0.65,0.65,0.15,0.24678165782823086,0.9432112079632966,0.06342870567601411,0.03915433396719127,101,development,False,False,,9504.0,435.9726516618276,702.4907282819895,0.75,0.95
R0551,0.65,0.65,0.2,0.24748715583725242,0.9461292349720077,0.0621768964172158,0.03911704775256537,101,development,False,False,,9504.0,435.9726516618276,702.4907282819895,0.75,0.95
R0552,0.65,0.65,0.25,0.2482723303518464,0.9490368073617809,0.06092508715841748,0.03910662416381646,101,development,False,False,,9504.0,435.9726516618276,702.4907282819895,0.75,0.95
R0553,0.65,0.65,0.3,0.24909510090724216,0.9519340209165223,0.05967327789961916,0.039122603617408894,101,development,False,False,,9504.0,435.9726516618276,702.4907282819895,0.75,0.95
R0554,0.65,0.65,0.35,0.2499609605190073,0.9548209700112276,0.058421468640820845,0.03916448364784427,101,development,False,False,,9504.0,435.9726516618276,702.4907282819895,0.75,0.95
R0555,0.65,0.65,0.4,0.2508236855646748,0.957697747640123,0.05716965938202254,0.03923172206441141,101,development,False,False,,9504.0,435.9726516618276,702.4907282819895,0.75,0.95
R0556,0.65,0.65,0.45,0.2516911950463575,0.9606972873393479,0.05591785012322423,0.03932374042606285,101,development,False,False,,9504.0,435.9726516618276,702.4907282819895,0.75,0.95
R0557,0.65,0.65,0.5,0.2526014687495314,0.9640469777069468,0.0546660408644259,0.039439927766170474,101,development,False,False,,9504.0,435.9726516618276,702.4907282819895,0.75,0.95
R0558,0.65,0.65,0.55,0.25354688591658764,0.9673847162956214,0.05341423160562758,0.03957964449687415,101,development,False,False,,9504.0,435.9726516618276,702.4907282819895,0.75,0.95
R0559,0.65,0.65,0.6,0.25448882480037155,0.9707106100241042,0.05216242234682926,0.03974222642298407,101,development,True,False,1.3894508275399322,9504.0,435.9726516618276,702.4907282819895,0.75,0.95
R0560,0.65,0.65,0.65,0.2554233263458123,0.9738956996016324,0.05094640043919552,0.03992956212141949,101,development,True,False,1.3980189785887422,9504.0,435.9726516618276,702.4907282819895,0.75,0.95
R0561,0.7,0.0,0.0,0.20363102312975015,0.745848250364756,0.10535164251825199,0.03932676746728273,101,development,True,False,1.1856312817107255,9504.0,435.9726516618276,702.4907282819895,0.75,0.95
R0562,0.7,0.05,0.0,0.2071626013985937,0.7602459837423184,0.10167795056628937,0.039067639078870786,101,development,True,False,1.1886239850770746,9504.0,435.9726516618276,702.4907282819895,0.75,0.95
R0563,0.7,0.05,0.05,0.20786045895419658,0.7633013101004816,0.10042462832539426,0.03893424080691995,101,development,True,False,1.1864505603896833,9504.0,435.9726516618276,702.4907282819895,0.75,0.95
R0564,0.7,0.1,0.0,0.2107272880154285,0.7743049342412821,0.09809659519853012,0.03887032145277101,101,development,True,False,1.1939858040281373,9504.0,435.9726516618276,702.4907282819895,0.75,0.95
R0565,0.7,0.1,0.05,0.21143005355789832,0.7773333914659809,0.0968482186515891,0.03873699509261116,101,development,True,False,1.191987294163684,9504.0,435.9726516618276,702.4907282819895,0.75,0.95
R0566,0.7,0.1,0.1,0.2121455908315642,0.7803511575028882,0.09559984210464809,0.038632722525493504,101,development,True,False,1.190938840565263,9504.0,435.9726516618276,702.4907282819895,0.75,0.95
R0567,0.7,0.15,0.0,0.21425802546780673,0.7915096850692075,0.0945611280553911,0.038729843448468866,101,development,True,False,1.2031731369362917,9504.0,435.9726516618276,702.4907282819895,0.75,0.95
R0568,0.7,0.15,0.05,0.21496508247177998,0.7945114249502746,0.09331769720240418,0.03859659925049093,101,development,True,False,1.2013367694079244,9504.0,435.9726516618276,702.4907282819895,0.75,0.95
R0569,0.7,0.15,0.1,0.21567763448761137,0.7975025245230665,0.09207426634941727,0.038492504357501976,101,development,True,False,1.200420720180411,9504.0,435.9726516618276,702.4907282819895,0.75,0.95
R0570,0.7,0.15,0.15,0.21639640352711814,0.8004830829462183,0.09083083549643037,0.038417259020483416,101,development,True,False,1.2003938393278395,9504.0,435.9726516618276,702.4907282819895,0.75,0.95
R0571,0.7,0.2,0.0,0.21779760880124394,0.8090672738528889,0.09107077080807233,0.03864315854930969,101,development,False,False,,9504.0,435.9726516618276,702.4907282819895,0.75,0.95
R0572,0.7,0.2,0.05,0.21850407151779475,0.8120424466004516,0.08983228564903951,0.038509999682790536,101,development,True,False,1.2128675498044876,9504.0,435.9726516618276,702.4907282819895,0.75,0.95
R0573,0.7,0.2,0.1,0.2192268620185958,0.8150070265189497,0.08859380049000669,0.038406049857965995,101,development,True,False,1.21209103933621,9504.0,435.9726516618276,702.4907282819895,0.75,0.95
R0574,0.7,0.2,0.15,0.21995017967651984,0.8179611126100449,0.08735531533097389,0.03833100883180765,101,development,True,False,1.2121787919255782,9504.0,435.9726516618276,702.4907282819895,0.75,0.95
R0575,0.7,0.2,0.2,0.22070125572021573,0.8209048023866524,0.08611683017194108,0.0382845198569107,101,development,True,False,1.2131547707527972,9504.0,435.9726516618276,702.4907282819895,0.75,0.95
R0576,0.7,0.25,0.0,0.2213838577637248,0.8261286853842789,0.08762474512777384,0.038607305637076095,101,development,False,False,,9504.0,435.9726516618276,702.4907282819895,0.75,0.95
R0577,0.7,0.25,0.05,0.2220841863233041,0.8290774396519316,0.0863912056626951,0.038474228323763494,101,development,False,False,,9504.0,435.9726516618276,702.4907282819895,0.75,0.95
R0578,0.7,0.25,0.1,0.22280575900507196,0.8320156452358979,0.0851576661976164,0.038370385575488775,101,development,True,False,1.2253158505655468,9504.0,435.9726516618276,702.4907282819895,0.75,0.95
R0579,0.7,0.25,0.15,0.22353055997120536,0.8349434010012913,0.08392412673253768,0.03829547682341126,101,development,True,False,1.2254952693171222,9504.0,435.9726516618276,702.4907282819895,0.75,0.95
R0580,0.7,0.25,0.2,0.22427762328214843,0.8378608043250776,0.08269058726745898,0.038249144828789744,101,development,True,False,1.2265408842233902,9504.0,435.9726516618276,702.4907282819895,0.75,0.95
R0581,0.7,0.25,0.25,0.2250280165006661,0.8407679511263805,0.08145704780238028,0.038230977492055944,101,development,True,False,1.2283915357261612,9504.0,435.9726516618276,702.4907282819895,0.75,0.95
R0582,0.7,0.3,0.0,0.22503162116424402,0.8426833491190839,0.08422227268569567,0.03861941932646508,101,development,False,False,,9504.0,435.9726516618276,702.4907282819895,0.75,0.95
R0583,0.7,0.3,0.05,0.225688874267627,0.8456058320266336,0.08299367891457106,0.0384864131064712,101,development,False,False,,9504.0,435.9726516618276,702.4907282819895,0.75,0.95
R0584,0.7,0.3,0.1,0.2264064442262134,0.8485178071270979,0.08176508514344645,0.038382634552181334,101,development,False,False,,9504.0,435.9726516618276,702.4907282819895,0.75,0.95
R0585,0.7,0.3,0.15,0.22713273782660676,0.8514193731677916,0.08053649137232183,0.03830778294745147,101,development,True,False,1.2401651838253938,9504.0,435.9726516618276,702.4907282819895,0.75,0.95
R0586,0.7,0.3,0.2,0.22787581296432413,0.8543106274083595,0.07930789760119722,0.038261500957600655,101,development,True,False,1.241266363109835,9504.0,435.9726516618276,702.4907282819895,0.75,0.95
R0587,0.7,0.3,0.25,0.22862222524972534,0.8571916656510855,0.07807930383007262,0.03824337643887561,101,development,True,False,1.243163446414059,9504.0,435.9726516618276,702.4907282819895,0.75,0.95
R0588,0.7,0.3,0.3,0.22943870747100825,0.8600625822704228,0.076850710058948,0.03825294485047799,101,development,True,False,1.2459665841112437,9504.0,435.9726516618276,702.4907282819895,0.75,0.95
R0589,0.7,0.35,0.0,0.22868544818862424,0.8587420785330516,0.08086257515303784,0.03867673969808418,101,development,False,False,,9504.0,435.9726516618276,702.4907282819895,0.75,0.95
R0590,0.7,0.35,0.05,0.2293048908244841,0.8616384356888401,0.07963892707586732,0.038543787811760856,101,development,False,False,,9504.0,435.9726516618276,702.4907282819895,0.75,0.95
R0591,0.7,0.35,0.1,0.23000508066464026,0.8645243227090454,0.07841527899869681,0.03844002623453171,101,development,False,False,,9504.0,435.9726516618276,702.4907282819895,0.75,0.95
R0592,0.7,0.35,0.15,0.23072952227451773,0.8673998382403129,0.07719163092152631,0.03836515429045139,101,development,False,False,,9504.0,435.9726516618276,702.4907282819895,0.75,0.95
R0593,0.7,0.35,0.2,0.2314653610622774,0.8702650794419995,0.0759679828443558,0.038318814939692074,101,development,True,False,1.2571413649817753,9504.0,435.9726516618276,702.4907282819895,0.75,0.95
R0594,0.7,0.35,0.25,0.2322078161402059,0.87312014201648,0.0747443347671853,0.03830059658196997,101,development,True,False,1.25907372929102,9504.0,435.9726516618276,702.4907282819895,0.75,0.95
R0595,0.7,0.35,0.3,0.23302320231485948,0.8759651202386771,0.07352068669001478,0.038310035458107114,101,development,True,False,1.2619113731290847,9504.0,435.9726516618276,702.4907282819895,0.75,0.95
R0596,0.7,0.35,0.35,0.23385466770011737,0.8788001069848415,0.0722970386128443,0.03834661859726461,101,development,True,False,1.2655262161773262,9504.0,435.9726516618276,702.4907282819895,0.75,0.95
R0597,0.7,0.4,0.0,0.23233410419902822,0.8743221240208595,0.07754487420100037,0.0387766210422233,101,development,False,False,,9504.0,435.9726516618276,702.4907282819895,0.75,0.95
R0598,0.7,0.4,0.05,0.23294319388279333,0.8771924995436753,0.07632617181778398,0.03864370090860765,101,development,False,False,,9504.0,435.9726516618276,702.4907282819895,0.75,0.95
R0599,0.7,0.4,0.1,0.23359927705034222,0.8800524394596404,0.07510746943456756,0.038539905357533655,101,development,False,False,,9504.0,435.9726516618276,702.4907282819895,0.75,0.95
R0600,0.7,0.4,0.15,0.23432522939587355,0.882902042330306,0.07388876705135117,0.038464933947970785,101,development,False,False,,9504.0,435.9726516618276,702.4907282819895,0.75,0.95
R0601,0.7,0.4,0.2,0.23505706139317661,0.8857414052302327,0.07267006466813476,0.03841843031726334,101,development,False,False,,9504.0,435.9726516618276,702.4907282819895,0.75,0.95
R0602,0.7,0.4,0.25,0.23579445960911738,0.8885706237772939,0.07145136228491836,0.03839998397238228,101,development,True,False,1.2760376387310581,9504.0,435.9726516618276,702.4907282819895,0.75,0.95
R0603,0.7,0.4,0.3,0.23660325132793,0.8913897921622062,0.07023265990170194,0.03840913267171487,101,development,True,False,1.2788903661664883,9504.0,435.9726516618276,702.4907282819895,0.75,0.95
R0604,0.7,0.4,0.35,0.23742749803245553,0.8941990031773065,0.06901395751848553,0.03844536534561363,101,development,True,False,1.282514375408639,9504.0,435.9726516618276,702.4907282819895,0.75,0.95
R0605,0.7,0.4,0.4,0.2382487606698787,0.8969983482446122,0.06779525513526914,0.03850812549187636,101,development,True,False,1.286859951603272,9504.0,435.9726516618276,702.4907282819895,0.75,0.95
R0606,0.7,0.45,0.0,0.23597139632511982,0.889440136559868,0.07426839150078333,0.03891653933712164,101,development,False,False,,9504.0,435.9726516618276,702.4907282819895,0.75,0.95
R0607,0.7,0.45,0.05,0.23657655317838902,0.892284673100456,0.07305463481152102,0.03878362310794411,101,development,False,False,,9504.0,435.9726516618276,702.4907282819895,0.75,0.95
R0608,0.7,0.45,0.1,0.2371932679471182,0.8951188054811722,0.07184087812225873,0.038679739524468466,101,development,False,False,,9504.0,435.9726516618276,702.4907282819895,0.75,0.95
R0609,0.7,0.45,0.15,0.23791205201093907,0.8979426321925499,0.07062712143299642,0.03860458858040359,101,development,False,False,,9504.0,435.9726516618276,702.4907282819895,0.75,0.95
R0610,0.7,0.45,0.2,0.2386366704903836,0.9007562502383609,0.06941336474373411,0.03855781496056697,101,development,False,False,,9504.0,435.9726516618276,702.4907282819895,0.75,0.95
R0611,0.7,0.45,0.25,0.23936971285942327,0.9035597551659166,0.06819960805447181,0.03853900981419833,101,development,False,False,,9504.0,435.9726516618276,702.4907282819895,0.75,0.95
R0612,0.7,0.45,0.3,0.24017132978790426,0.9063532410955967,0.06698585136520951,0.03854771310838468,101,development,True,False,1.2968045147579257,9504.0,435.9726516618276,702.4907282819895,0.75,0.95
R0613,0.7,0.45,0.35,0.2409900585740784,0.9091368007496256,0.0657720946759472,0.03858341651078589,101,development,True,False,1.3004345266686497,9504.0,435.9726516618276,702.4907282819895,0.75,0.95
R0614,0.7,0.45,0.4,0.24180742732007834,0.9119105254801321,0.06455833798668491,0.03864556673909567,101,development,True,False,1.3047862775865093,9504.0,435.9726516618276,702.4907282819895,0.75,0.95
R0615,0.7,0.45,0.45,0.24264621018111646,0.9150846720426342,0.06334458129742258,0.0387335693054266,101,development,True,False,1.3101348197433955,9504.0,435.9726516618276,702.4907282819895,0.75,0.95
R0616,0.7,0.5,0.0,0.23959400527300345,0.9041122106313805,0.07103234872358676,0.039094098291629555,101,development,False,False,,9504.0,435.9726516618276,702.4907282819895,0.75,0.95
R0617,0.7,0.5,0.05,0.24019525445071346,0.9069310493935586,0.06982353772827854,0.03896115345963187,101,development,False,False,,9504.0,435.9726516618276,702.4907282819895,0.75,0.95
R0618,0.7,0.5,0.1,0.24079692090741417,0.9097395124208205,0.06861472673297034,0.03885712531315407,101,development,False,False,,9504.0,435.9726516618276,702.4907282819895,0.75,0.95
R0619,0.7,0.5,0.15,0.24148819348761566,0.9125376981453193,0.06740591573766214,0.03878171448328005,101,development,False,False,,9504.0,435.9726516618276,702.4907282819895,0.75,0.95
R0620,0.7,0.5,0.2,0.24220891943811917,0.9153257035126181,0.06619710474235393,0.0387345670574597,101,development,False,False,,9504.0,435.9726516618276,702.4907282819895,0.75,0.95
R0621,0.7,0.5,0.25,0.24294090448115754,0.9181036240119869,0.06498829374704573,0.038715276329556736,101,development,False,False,,9504.0,435.9726516618276,702.4907282819895,0.75,0.95
R0622,0.7,0.5,0.3,0.24373863892102646,0.9208715537059337,0.06377948275173753,0.03872338511711873,101,development,True,False,1.3156075916104355,9504.0,435.9726516618276,702.4907282819895,0.75,0.95
R0623,0.7,0.5,0.35,0.24455185251985617,0.9236295852589812,0.06257067175642933,0.03875838859627307,101,development,True,False,1.3192372730284099,9504.0,435.9726516618276,702.4907282819895,0.75,0.95
R0624,0.7,0.5,0.4,0.24536634351510606,0.9263778099657213,0.06136186076112113,0.0388197375932604,101,development,True,False,1.3235923851503495,9504.0,435.9726516618276,702.4907282819895,0.75,0.95
R0625,0.7,0.5,0.45,0.24620823883351628,0.9295264845243035,0.06015304976581292,0.038906842262648296,101,development,True,False,1.3289548303354937,9504.0,435.9726516618276,702.4907282819895,0.75,0.95
R0626,0.7,0.5,0.5,0.24707833200048035,0.9327289643140766,0.05894423877050471,0.03901907607599888,101,development,True,False,1.3351136491111975,9504.0,435.9726516618276,702.4907282819895,0.75,0.95
R0627,0.7,0.55,0.0,0.24316075206199403,0.9183539232770898,0.0678441137601309,0.03930733611679218,101,development,False,False,,9504.0,435.9726516618276,702.4907282819895,0.75,0.95
R0628,0.7,0.55,0.05,0.24375811843698336,0.9211472040384789,0.06664024845877681,0.03917432719434814,101,development,False,False,,9504.0,435.9726516618276,702.4907282819895,0.75,0.95
R0629,0.7,0.55,0.1,0.24436131693632432,0.9239301345263643,0.0654363831574227,0.03907009693146562,101,development,False,False,,9504.0,435.9726516618276,702.4907282819895,0.75,0.95
R0630,0.7,0.55,0.15,0.24500937176929494,0.92670281312577,0.06423251785606861,0.03899434679846774,101,development,False,False,,9504.0,435.9726516618276,702.4907282819895,0.75,0.95
R0631,0.7,0.55,0.2,0.24572549663745608,0.929465336735252,0.0630286525547145,0.03894672462297881,101,development,False,False,,9504.0,435.9726516618276,702.4907282819895,0.75,0.95
R0632,0.7,0.55,0.25,0.24645643909082723,0.9322178007971985,0.06182478725336041,0.03892682631184666,101,development,False,False,,9504.0,435.9726516618276,702.4907282819895,0.75,0.95
R0633,0.7,0.55,0.3,0.2472503132740948,0.9349602993273581,0.06062092195200631,0.038934198125283793,101,development,False,False,,9504.0,435.9726516618276,702.4907282819895,0.75,0.95
R0634,0.7,0.55,0.35,0.24806950392736013,0.9376929249436147,0.059417056650652195,0.038968339455059314,101,development,True,False,1.3387938987268753,9504.0,435.9726516618276,702.4907282819895,0.75,0.95
R0635,0.7,0.55,0.4,0.24888578817347726,0.9404157688940469,0.0582131913492981,0.03902870604759772,101,development,True,False,1.3431565847856741,9504.0,435.9726516618276,702.4907282819895,0.75,0.95
R0636,0.7,0.55,0.45,0.24972347675878231,0.9435390878304112,0.057009326047943974,0.03911471360419012,101,development,True,False,1.348514539782752,9504.0,435.9726516618276,702.4907282819895,0.75,0.95
R0637,0.7,0.55,0.5,0.25058936816389854,0.9467162370857837,0.05580546074658988,0.03922574168446243,101,development,True,False,1.3546681798888875,9504.0,435.9726516618276,702.4907282819895,0.75,0.95
R0638,0.7,0.55,0.55,0.25148742556218284,0.9498818827680461,0.05460159544523579,0.03936113783588426,101,development,True,False,1.3615800387303343,9504.0,435.9726516618276,702.4907282819895,0.75,0.95
R0639,0.7,0.6,0.0,0.24670931826959203,0.932180369622786,0.06469640244883053,0.03955397195339837,101,development,False,False,,9504.0,435.9726516618276,702.4907282819895,0.75,0.95
R0640,0.7,0.6,0.05,0.24730282643699994,0.9349482307551652,0.06349748284143053,0.03942085955237468,101,development,False,False,,9504.0,435.9726516618276,702.4907282819895,0.75,0.95
R0641,0.7,0.6,0.1,0.24790756576586354,0.937705764169167,0.062298563234030525,0.03931636796381371,101,development,False,False,,9504.0,435.9726516618276,702.4907282819895,0.75,0.95
R0642,0.7,0.6,0.15,0.24852781573828572,0.9404530682126024,0.06109964362663052,0.03924019969798647,101,development,False,False,,9504.0,435.9726516618276,702.4907282819895,0.75,0.95
R0643,0.7,0.6,0.2,0.24922408211404387,0.9431902397469004,0.05990072401923052,0.03919200464024847,101,development,False,False,,9504.0,435.9726516618276,702.4907282819895,0.75,0.95
R0644,0.7,0.6,0.25,0.24996046712357894,0.9459173741774091,0.058701804411830524,0.039171381740502005,101,development,False,False,,9504.0,435.9726516618276,702.4907282819895,0.75,0.95
R0645,0.7,0.6,0.3,0.2507600923496311,0.9486345654829244,0.057502884804430505,0.03917788123814173,101,development,False,False,,9504.0,435.9726516618276,702.4907282819895,0.75,0.95
R0646,0.7,0.6,0.35,0.25157517238561006,0.951341906244464,0.056303965197030514,0.039211007375919996,101,development,True,False,1.359116745050734,9504.0,435.9726516618276,702.4907282819895,0.75,0.95
R0647,0.7,0.6,0.4,0.25238726834134106,0.9540394876733259,0.05510504558963052,0.039270221545650845,101,development,True,False,1.3634701314887152,9504.0,435.9726516618276,702.4907282819895,0.75,0.95
R0648,0.7,0.6,0.45,0.25322077305092827,0.9571375663845716,0.05390612598223051,0.03935494580037116,101,development,True,False,1.3688194209704665,9504.0,435.9726516618276,702.4907282819895,0.75,0.95
R0649,0.7,0.6,0.5,0.254082484986902,0.9602894976746693,0.05270720637483051,0.03946456666174474,101,development,True,False,1.3749647094094808,9504.0,435.9726516618276,702.4907282819895,0.75,0.95
R0650,0.7,0.6,0.55,0.25497636731454654,0.963429947614976,0.05150828676743051,0.039598439148236846,101,development,True,False,1.381868102386301,9504.0,435.9726516618276,702.4907282819895,0.75,0.95
R0651,0.7,0.6,0.6,0.25586692269091377,0.9665590210801162,0.0503093671600305,0.03975589094886709,101,development,True,False,1.3894545663667244,9504.0,435.9726516618276,702.4907282819895,0.75,0.95
R0652,0.7,0.65,0.0,0.25020599227767515,0.9456061951611116,0.061629828120843416,0.03983278971972606,101,development,False,False,,9504.0,435.9726516618276,702.4907282819895,0.75,0.95
R0653,0.7,0.65,0.05,0.25079566655925456,0.9483487736504035,0.06043585420739751,0.03969953573348982,101,development,False,False,,9504.0,435.9726516618276,702.4907282819895,0.75,0.95
R0654,0.7,0.65,0.1,0.2514019553283978,0.9510810441262222,0.05924188029395162,0.03959472640955846,101,development,False,False,,9504.0,435.9726516618276,702.4907282819895,0.75,0.95
R0655,0.7,0.65,0.15,0.2520227266722139,0.9538031049077974,0.05804790638050572,0.039518065489075216,101,development,False,False,,9504.0,435.9726516618276,702.4907282819895,0.75,0.95
R0656,0.7,0.65,0.2,0.25268460967853035,0.9565150528280363,0.05685393246705981,0.03946920520877311,101,development,False,False,,9504.0,435.9726516618276,702.4907282819895,0.75,0.95
R0657,0.7,0.65,0.25,0.25342277605429014,0.9592169832638241,0.055659958553613914,0.0394477479541633,101,development,False,False,,9504.0,435.9726516618276,702.4907282819895,0.75,0.95
R0658,0.7,0.65,0.3,0.2542182284532333,0.9619089901655506,0.054465984640168025,0.039453248430036,101,development,False,False,,9504.0,435.9726516618276,702.4907282819895,0.75,0.95
R0659,0.7,0.65,0.35,0.2550291395329216,0.9645911660858898,0.05327201072672212,0.0394852163034583,101,development,False,False,,9504.0,435.9726516618276,702.4907282819895,0.75,0.95
R0660,0.7,0.65,0.4,0.255837070396931,0.9672636022078492,0.05207803681327622,0.03954311926442656,101,development,False,False,,9504.0,435.9726516618276,702.4907282819895,0.75,0.95
R0661,0.7,0.65,0.45,0.25666641387313094,0.9703365551182627,0.0508840628998303,0.03962638644140566,101,development,False,False,,9504.0,435.9726516618276,702.4907282819895,0.75,0.95
R0662,0.7,0.65,0.5,0.25752396842783054,0.9734633800854252,0.04969008898638442,0.039734412103399286,101,development,False,False,,9504.0,435.9726516618276,702.4907282819895,0.75,0.95
R0663,0.7,0.65,0.55,0.2584136972201071,0.9765787431525813,0.04849611507293851,0.03986655957704768,101,development,True,False,1.402829359741671,9504.0,435.9726516618276,702.4907282819895,0.75,0.95
R0664,0.7,0.65,0.6,0.2593001029008194,0.9796827491662982,0.047302141159492606,0.04002216530650925,101,development,True,False,1.4104047425895248,9504.0,435.9726516618276,702.4907282819895,0.75,0.95
R0665,0.7,0.65,0.65,0.26018069416237444,0.9826679160040434,0.04613846045229876,0.04020280300364627,101,development,True,False,1.4186659247977718,9504.0,435.9726516618276,702.4907282819895,0.75,0.95
R0666,0.7,0.7,0.0,0.25365585329380824,0.9593730956830301,0.058613741172941936,0.04014185995969062,101,development,False,False,,9504.0,435.9726516618276,702.4907282819895,0.75,0.95
R0667,0.7,0.7,0.05,0.25424517062738483,0.9613630565159287,0.057424712953450134,0.04000842290334172,101,development,False,False,,9504.0,435.9726516618276,702.4907282819895,0.75,0.95
R0668,0.7,0.7,0.1,0.25486202781119727,0.9640701968779325,0.05623568473395835,0.039903238097555804,101,development,False,False,,9504.0,435.9726516618276,702.4907282819895,0.75,0.95
R0669,0.7,0.7,0.15,0.25548362420851556,0.9667671444340892,0.055046656514466545,0.03982601070205643,101,development,False,False,,9504.0,435.9726516618276,702.4907282819895,0.75,0.95
R0670,0.7,0.7,0.2,0.2561111685241157,0.969453995996162,0.053857628294974744,0.03977639557806492,101,development,False,False,,9504.0,435.9726516618276,702.4907282819895,0.75,0.95
R0671,0.7,0.7,0.25,0.2568384135312807,0.9721308469199297,0.05266860007548294,0.03975399890192155,101,development,False,False,,9504.0,435.9726516618276,702.4907282819895,0.75,0.95
R0672,0.7,0.7,0.3,0.2576297171761639,0.9747977911347135,0.05147957185599114,0.03975838027675845,101,development,False,False,,9504.0,435.9726516618276,702.4907282819895,0.75,0.95
R0673,0.7,0.7,0.35,0.25843648282333825,0.9774549211721539,0.05029054363649933,0.03978905529926591,101,development,False,False,,9504.0,435.9726516618276,702.4907282819895,0.75,0.95
R0674,0.7,0.7,0.4,0.2592402715717474,0.980102328194267,0.04910151541700755,0.039845498529078975,101,development,False,False,,9504.0,435.9726516618276,702.4907282819895,0.75,0.95
R0675,0.7,0.7,0.45,0.26006547624463733,0.9831502687669283,0.04791248719751575,0.039927146800777406,101,development,False,False,,9504.0,435.9726516618276,702.4907282819895,0.75,0.95
R0676,0.7,0.7,0.5,0.26091889530370277,0.9862520981375141,0.04672345897802395,0.04003340281316084,101,development,False,False,,9504.0,435.9726516618276,702.4907282819895,0.75,0.95
R0677,0.7,0.7,0.55,0.26180449190341565,0.989342482328386,0.04553443075853214,0.040163638927428864,101,development,False,False,,9504.0,435.9726516618276,702.4907282819895,0.75,0.95
R0678,0.7,0.7,0.6,0.2626867686900381,0.9924215261652666,0.04434540253904033,0.04031720110513601,101,development,False,False,,9504.0,435.9726516618276,702.4907282819895,0.75,0.95
R0679,0.7,0.7,0.65,0.2635642232030077,0.9953877269044052,0.043185481749017665,0.04049584875249625,101,development,False,False,,9504.0,435.9726516618276,702.4907282819895,0.75,0.95
R0680,0.7,0.7,0.7,0.2644335797507708,0.9980208909921916,0.04211785617462484,0.0407060037029865,101,development,False,False,,9504.0,435.9726516618276,702.4907282819895,0.75,0.95
R0681,0.75,0.0,0.0,0.2115531892739703,0.7709869472349756,0.09747130993523621,0.040072555087637844,101,development,True,False,1.2311362785591382,9504.0,435.9726516618276,702.4907282819895,0.75,0.95
R0682,0.75,0.05,0.0,0.21483226688934706,0.7840384165035221,0.09404805729896148,0.03979222119000294,101,development,True,False,1.2325124530899765,9504.0,435.9726516618276,702.4907282819895,0.75,0.95
R0683,0.75,0.05,0.05,0.21547066670911014,0.7868296991077477,0.09286247859638672,0.03964445187712341,101,development,True,False,1.2296587584777225,9504.0,435.9726516618276,702.4907282819895,0.75,0.95
R0684,0.75,0.1,0.0,0.21815485642590252,0.7976449702661933,0.09068751151669502,0.03957179059558501,101,development,True,False,1.2366952788745365,9504.0,435.9726516618276,702.4907282819895,0.75,0.95
R0685,0.75,0.1,0.05,0.21879883291161126,0.8004154441204264,0.0895058742723043,0.03942388682278202,101,development,True,False,1.2340149843666237,9504.0,435.9726516618276,702.4907282819895,0.75,0.95
R0686,0.75,0.1,0.1,0.219454303034634,0.8031757112699438,0.08832423702791356,0.03930539742297128,101,development,True,False,1.2323228245772178,9504.0,435.9726516618276,702.4907282819895,0.75,0.95
R0687,0.75,0.15,0.0,0.221460056836743,0.8141796483941705,0.08736738411223965,0.03940710530145618,101,development,True,False,1.244603819222414,9504.0,435.9726516618276,702.4907282819895,0.75,0.95
R0688,0.75,0.15,0.05,0.22210778384069704,0.8169294298136057,0.08618968832603299,0.039259125162505334,101,development,True,False,1.242083724684443,9504.0,435.9726516618276,702.4907282819895,0.75,0.95
R0689,0.75,0.15,0.1,0.22276570588383474,0.8196690383644673,0.0850119925398263,0.039140673901909895,101,development,True,False,1.2405335573591731,9504.0,435.9726516618276,702.4907282819895,0.75,0.95
R0690,0.75,0.15,0.15,0.22343434965679848,0.8223985715481633,0.0838342967536196,0.03905147797545721,101,development,True,False,1.2399208989309185,9504.0,435.9726516618276,702.4907282819895,0.75,0.95
R0691,0.75,0.2,0.0,0.22478489631260906,0.830240298695195,0.08408705836466379,0.03929534462382038,101,development,False,False,,9504.0,435.9726516618276,702.4907282819895,0.75,0.95
R0692,0.75,0.2,0.05,0.22544264299145364,0.8329695028092314,0.08291330403664116,0.0391473394574569,101,development,True,False,1.2519142715063303,9504.0,435.9726516618276,702.4907282819895,0.75,0.95
R0693,0.75,0.2,0.1,0.22611045861870438,0.8356885656357428,0.08173954970861852,0.03902894186533723,101,development,True,False,1.2505021413648958,9504.0,435.9726516618276,702.4907282819895,0.75,0.95
R0694,0.75,0.2,0.15,0.2267759067102391,0.8383975845873461,0.0805657953805959,0.03893987813320905,101,development,True,False,1.2499884578733749,9504.0,435.9726516618276,702.4907282819895,0.75,0.95
R0695,0.75,0.2,0.2,0.22746935027225695,0.8410966555959506,0.0793920410525733,0.03887981708454677,101,development,True,False,1.2504018502115013,9504.0,435.9726516618276,702.4907282819895,0.75,0.95
R0696,0.75,0.25,0.0,0.2281595199201001,0.8458788710090807,0.08084591755303586,0.03923375348321945,101,development,False,False,,9504.0,435.9726516618276,702.4907282819895,0.75,0.95
R0697,0.75,0.25,0.05,0.22880887642394146,0.8485876117781447,0.07967610468319727,0.03908576753649615,101,development,False,False,,9504.0,435.9726516618276,702.4907282819895,0.75,0.95
R0698,0.75,0.25,0.1,0.22947351091601223,0.8512862406288707,0.0785062918133587,0.03896743336598824,101,development,True,False,1.2620429306395367,9504.0,435.9726516618276,702.4907282819895,0.75,0.95
R0699,0.75,0.25,0.15,0.23014112244179966,0.8539748548966054,0.07733647894352015,0.038878477081520126,101,development,True,False,1.2616228191440944,9504.0,435.9726516618276,702.4907282819895,0.75,0.95
R0700,0.75,0.25,0.2,0.2308315200180062,0.856653550436271,0.07616666607368158,0.03881856704093348,101,development,True,False,1.26210804271012,9504.0,435.9726516618276,702.4907282819895,0.75,0.95
R0701,0.75,0.25,0.25,0.2315478752584947,0.8593224216526268,0.07499685320384303,0.038787315362348355,101,development,True,False,1.2634789157185826,9504.0,435.9726516618276,702.4907282819895,0.75,0.95
R0702,0.75,0.3,0.0,0.23158976052429542,0.8610814412697968,0.07764334495642429,0.039219652674411826,101,development,False,False,,9504.0,435.9726516618276,702.4907282819895,0.75,0.95
R0703,0.75,0.3,0.05,0.23219797087003222,0.863769831501865,0.07647747354476978,0.039071722928822716,101,development,False,False,,9504.0,435.9726516618276,702.4907282819895,0.75,0.95
R0704,0.75,0.3,0.1,0.23285944426205074,0.8664481370152619,0.07531160213311527,0.03895345622340889,101,development,False,False,,9504.0,435.9726516618276,702.4907282819895,0.75,0.95
R0705,0.75,0.3,0.15,0.23352934782263254,0.8691164550786437,0.07414573072146076,0.03886457849797982,101,development,True,False,1.274656136535934,9504.0,435.9726516618276,702.4907282819895,0.75,0.95
R0706,0.75,0.3,0.2,0.23421659410607207,0.8717748814804699,0.07297985930980626,0.03880475786995186,101,development,True,False,1.2751999122462012,9504.0,435.9726516618276,702.4907282819895,0.75,0.95
R0707,0.75,0.3,0.25,0.23492980293757895,0.8744235105592661,0.07181398789815176,0.03877360614966311,101,development,True,False,1.2766198607465944,9504.0,435.9726516618276,702.4907282819895,0.75,0.95
R0708,0.75,0.3,0.3,0.23570046080143933,0.8770624352330989,0.07064811648649724,0.03877068098268338,101,development,True,False,1.2789556501956112,9504.0,435.9726516618276,702.4907282819895,0.75,0.95
R0709,0.75,0.35,0.0,0.23503498110467722,0.8758556082815288,0.07447872385389755,0.03925044877526882,101,development,False,False,,9504.0,435.9726516618276,702.4907282819895,0.75,0.95
R0710,0.75,0.35,0.05,0.23560582436829713,0.8785237596483554,0.07331679390042709,0.03910260492860463,101,development,False,False,,9504.0,435.9726516618276,702.4907282819895,0.75,0.95
R0711,0.75,0.35,0.1,0.23625244115931973,0.8811818513681273,0.07215486394695664,0.03898440419651253,101,development,False,False,,9504.0,435.9726516618276,702.4907282819895,0.75,0.95
R0712,0.75,0.35,0.15,0.23692134467590611,0.8838299806524841,0.07099293399348618,0.03889557236836375,101,development,False,False,,9504.0,435.9726516618276,702.4907282819895,0.75,0.95
R0713,0.75,0.35,0.2,0.23760400065773676,0.886468243233051,0.06983100404001573,0.03883577754880114,101,development,True,False,1.2895069546586093,9504.0,435.9726516618276,702.4907282819895,0.75,0.95
R0714,0.75,0.35,0.25,0.23831408173862342,0.8890967333916987,0.06866907408654527,0.038804631672139184,101,development,True,False,1.2909655398730342,9504.0,435.9726516618276,702.4907282819895,0.75,0.95
R0715,0.75,0.35,0.3,0.2390844501851178,0.8917155439900187,0.06750714413307482,0.038801692641280125,101,development,True,False,1.2933384166330402,9504.0,435.9726516618276,702.4907282819895,0.75,0.95
R0716,0.75,0.35,0.35,0.23985930887292886,0.8943247664980665,0.06634521417960436,0.03882646704500221,101,development,True,False,1.2964975703879822,9504.0,435.9726516618276,702.4907282819895,0.75,0.95
R0717,0.75,0.4,0.0,0.238472815659404,0.8902155333709901,0.071351437524524,0.03932364331864063,101,development,False,False,,9504.0,435.9726516618276,702.4907282819895,0.75,0.95
R0718,0.75,0.4,0.05,0.23902805285945294,0.892863556424048,0.0701934490292376,0.03917590791003071,101,development,False,False,,9504.0,435.9726516618276,702.4907282819895,0.75,0.95
R0719,0.75,0.4,0.1,0.2396401221269013,0.8955015428142378,0.06903546053395121,0.03905776639392821,101,development,False,False,,9504.0,435.9726516618276,702.4907282819895,0.75,0.95
R0720,0.75,0.4,0.15,0.2403113254124942,0.898129589704984,0.0678774720386648,0.03896894444351527,101,development,False,False,,9504.0,435.9726516618276,702.4907282819895,0.75,0.95
R0721,0.75,0.4,0.2,0.24098904388656034,0.9007477927798385,0.06671948354337842,0.038909110379401944,101,development,False,False,,9504.0,435.9726516618276,702.4907282819895,0.75,0.95
R0722,0.75,0.4,0.25,0.24169532914440525,0.903356246272739,0.065561495048092,0.03887787667922874,101,development,True,False,1.3064002389805929,9504.0,435.9726516618276,702.4907282819895,0.75,0.95
R0723,0.75,0.4,0.3,0.24245958156001265,0.9059550429974847,0.0644035065528056,0.038874802105909954,101,development,True,False,1.3087906569659005,9504.0,435.9726516618276,702.4907282819895,0.75,0.95
R0724,0.75,0.4,0.35,0.2432280979016902,0.9085442743764786,0.06324551805751921,0.03889939440876116,101,development,True,False,1.3119614307980436,9504.0,435.9726516618276,702.4907282819895,0.75,0.95
R0725,0.75,0.4,0.4,0.24400864399478006,0.9113570310198168,0.062087529562232804,0.03895111353844237,101,development,True,False,1.3160482391581994,9504.0,435.9726516618276,702.4907282819895,0.75,0.95
R0726,0.75,0.45,0.0,0.24190555978294412,0.9041748921249261,0.06826086924737212,0.039436840940926525,101,development,False,False,,9504.0,435.9726516618276,702.4907282819895,0.75,0.95
R0727,0.75,0.45,0.05,0.24245769091120495,0.906802896311064,0.06710682221026976,0.03928922960240767,101,development,False,False,,9504.0,435.9726516618276,702.4907282819895,0.75,0.95
R0728,0.75,0.45,0.1,0.24302745236943513,0.9094208847708813,0.06595277517316743,0.03917113562943836,101,development,False,False,,9504.0,435.9726516618276,702.4907282819895,0.75,0.95
R0729,0.75,0.45,0.15,0.2436939575060045,0.912028954627548,0.06479872813606509,0.03908228462813447,101,development,False,False,,9504.0,435.9726516618276,702.4907282819895,0.75,0.95
R0730,0.75,0.45,0.2,0.24436534026561832,0.9146272015244671,0.06364468109896274,0.039022345363340497,101,development,False,False,,9504.0,435.9726516618276,702.4907282819895,0.75,0.95
R0731,0.75,0.45,0.25,0.24506812476916895,0.917215719655538,0.062490634061860395,0.03899093125967691,101,development,False,False,,9504.0,435.9726516618276,702.4907282819895,0.75,0.95
R0732,0.75,0.45,0.3,0.24582740432769556,0.9197946017946288,0.061336587024758055,0.03898760251226593,101,development,True,False,1.3252287436401422,9504.0,435.9726516618276,702.4907282819895,0.75,0.95
R0733,0.75,0.45,0.35,0.24659283714700747,0.9223639393243172,0.060182539987655714,0.03901186876199884,101,development,True,False,1.328411579487277,9504.0,435.9726516618276,702.4907282819895,0.75,0.95
R0734,0.75,0.45,0.4,0.24736926774547602,0.9251568228149818,0.05902849295055336,0.039063192277168854,101,development,True,False,1.3325050888962857,9504.0,435.9726516618276,702.4907282819895,0.75,0.95
R0735,0.75,0.45,0.45,0.2481587217018219,0.9281634781233645,0.057874445913451006,0.03914099157261073,101,development,True,False,1.3374952280245231,9504.0,435.9726516618276,702.4907282819895,0.75,0.95
R0736,0.75,0.5,0.0,0.2453231094716672,0.9177469065651275,0.06520640230151031,0.03958775631061186,101,development,False,False,,9504.0,435.9726516618276,702.4907282819895,0.75,0.95
R0737,0.75,0.5,0.05,0.24587215407400848,0.9203550002419553,0.06405629672259203,0.03944027812590024,101,development,False,False,,9504.0,435.9726516618276,702.4907282819895,0.75,0.95
R0738,0.75,0.5,0.1,0.24642115580795498,0.9229530971203492,0.06290619114367374,0.039322215521879055,101,development,False,False,,9504.0,435.9726516618276,702.4907282819895,0.75,0.95
R0739,0.75,0.5,0.15,0.24706765397319266,0.9255412942903725,0.061756085564755446,0.039233294101098395,101,development,False,False,,9504.0,435.9726516618276,702.4907282819895,0.75,0.95
R0740,0.75,0.5,0.2,0.24773596042387652,0.9281196873624046,0.06060597998583716,0.03917318329874902,101,development,False,False,,9504.0,435.9726516618276,702.4907282819895,0.75,0.95
R0741,0.75,0.5,0.25,0.24843848187143916,0.9306883704974004,0.05945587440691887,0.03914149787155908,101,development,False,False,,9504.0,435.9726516618276,702.4907282819895,0.75,0.95
R0742,0.75,0.5,0.3,0.24919336322439506,0.9332474364363632,0.05830576882800057,0.039137799984662956,101,development,True,False,1.3425922739080616,9504.0,435.9726516618276,702.4907282819895,0.75,0.95
R0743,0.75,0.5,0.35,0.2499525287980547,0.935796976529089,0.05715566324908229,0.039161601852135165,101,development,True,False,1.3457751173484103,9504.0,435.9726516618276,702.4907282819895,0.75,0.95
R0744,0.75,0.5,0.4,0.2507308483284306,0.9385700813132528,0.05600555767016398,0.039212368874195956,101,development,True,False,1.349882742044863,9504.0,435.9726516618276,702.4907282819895,0.75,0.95
R0745,0.75,0.5,0.45,0.2515208685631261,0.9415569766129721,0.0548554520912457,0.03928952320369965,101,development,True,False,1.3548822488863972,9504.0,435.9726516618276,702.4907282819895,0.75,0.95
R0746,0.75,0.5,0.5,0.2523382445428955,0.9445326589037083,0.053705346512327404,0.039392447666771066,101,development,True,False,1.3606630766874481,9504.0,435.9726516618276,702.4907282819895,0.75,0.95
R0747,0.75,0.55,0.0,0.24868898594171246,0.9309443745176345,0.06219374166286193,0.03977447942254097,101,development,False,False,,9504.0,435.9726516618276,702.4907282819895,0.75,0.95
R0748,0.75,0.55,0.05,0.24923496335047365,0.9335326649686339,0.0610475775421277,0.039627138342587666,101,development,False,False,,9504.0,435.9726516618276,702.4907282819895,0.75,0.95
R0749,0.75,0.55,0.1,0.24978627253317937,0.9361109755786123,0.059901413421393455,0.039509087677382704,101,development,False,False,,9504.0,435.9726516618276,702.4907282819895,0.75,0.95
R0750,0.75,0.55,0.15,0.2503898274015983,0.9386794034108948,0.05875524930065923,0.03942005310112276,101,development,False,False,,9504.0,435.9726516618276,702.4907282819895,0.75,0.95
R0751,0.75,0.55,0.2,0.2510550758045675,0.9412380440491835,0.05760908517992498,0.039359704941189635,101,development,False,False,,9504.0,435.9726516618276,702.4907282819895,0.75,0.95
R0752,0.75,0.55,0.25,0.2517573441980014,0.9437869916278124,0.05646292105919075,0.039327659651492305,101,development,False,False,,9504.0,435.9726516618276,702.4907282819895,0.75,0.95
R0753,0.75,0.55,0.3,0.2525142368109374,0.9463263388612259,0.055316756938456516,0.03932348186967142,101,development,False,False,,9504.0,435.9726516618276,702.4907282819895,0.75,0.95
R0754,0.75,0.55,0.35,0.253279503388797,0.9488561770727165,0.05417059281772228,0.039346687014875974,101,development,True,False,1.3639490865029098,9504.0,435.9726516618276,702.4907282819895,0.75,0.95
R0755,0.75,0.55,0.4,0.25405575561231375,0.951609596773516,0.05302442869698803,0.03939674437055596,101,development,True,False,1.3680584925214645,9504.0,435.9726516618276,702.4907282819895,0.75,0.95
R0756,0.75,0.55,0.45,0.2548424333317676,0.9545768237613567,0.0518782645762538,0.03947308058666082,101,development,True,False,1.3730562943983915,9504.0,435.9726516618276,702.4907282819895,0.75,0.95
R0757,0.75,0.55,0.5,0.2556564701667884,0.9575328544853724,0.05073210045551956,0.03957508352813623,101,development,True,False,1.3788341408495968,9504.0,435.9726516618276,702.4907282819895,0.75,0.95
R0758,0.75,0.55,0.55,0.2564996942275854,0.9604777939214449,0.04958593633478534,0.0397021063918584,101,development,True,False,1.385387704978383,9504.0,435.9726516618276,702.4907282819895,0.75,0.95
R0759,0.75,0.6,0.0,0.25204656108223944,0.9437796964037259,0.05921926224726464,0.039994865328600256,101,development,False,False,,9504.0,435.9726516618276,702.4907282819895,0.75,0.95
R0760,0.75,0.6,0.05,0.2525894904194453,0.9463482898531019,0.05807703958471446,0.03984765939907092,101,development,False,False,,9504.0,435.9726516618276,702.4907282819895,0.75,0.95
R0761,0.75,0.6,0.1,0.25314311075285045,0.9489069184858061,0.05693481692216428,0.039729597457061075,101,development,False,False,,9504.0,435.9726516618276,702.4907282819895,0.75,0.95
R0762,0.75,0.6,0.15,0.25371682511116,0.9514556793440438,0.055792594259614095,0.039640405336017516,101,development,False,False,,9504.0,435.9726516618276,702.4907282819895,0.75,0.95
R0763,0.75,0.6,0.2,0.25436905998959847,0.953994667990438,0.05465037159706391,0.039579754471883145,101,development,False,False,,9504.0,435.9726516618276,702.4907282819895,0.75,0.95
R0764,0.75,0.6,0.25,0.25508000035550765,0.9565239785382863,0.05350814893451374,0.039547263357708744,101,development,False,False,,9504.0,435.9726516618276,702.4907282819895,0.75,0.95
R0765,0.75,0.6,0.3,0.2558376783839647,0.9590437036810359,0.05236592627196355,0.039542499565990534,101,development,False,False,,9504.0,435.9726516618276,702.4907282819895,0.75,0.95
R0766,0.75,0.6,0.35,0.2565996147501409,0.9615539347210255,0.05122370360941338,0.03956498229662052,101,development,True,False,1.3829336212223877,9504.0,435.9726516618276,702.4907282819895,0.75,0.95
R0767,0.75,0.6,0.4,0.25737253975891666,0.964287762148574,0.05008148094686319,0.03961418539654551,101,development,True,False,1.3870377796422424,9504.0,435.9726516618276,702.4907282819895,0.75,0.95
R0768,0.75,0.6,0.45,0.25815589325592636,0.9672354117405413,0.048939258284313,0.039689540787563225,101,development,True,False,1.3920303605348274,9504.0,435.9726516618276,702.4907282819895,0.75,0.95
R0769,0.75,0.6,0.5,0.25896660885616407,0.9701718799252294,0.04779703562176282,0.03979044223146456,101,development,True,False,1.3978027504471697,9504.0,435.9726516618276,702.4907282819895,0.75,0.95
R0770,0.75,0.6,0.55,0.2598065146652135,0.9730972716577306,0.046654812959212644,0.039916249357143406,101,development,True,False,1.4043502833991868,9504.0,435.9726516618276,702.4907282819895,0.75,0.95
R0771,0.75,0.6,0.6,0.2606432254615978,0.9760116903509126,0.045512590296662464,0.04006629187236524,101,development,True,False,1.4116028963547043,9504.0,435.9726516618276,702.4907282819895,0.75,0.95
R0772,0.75,0.65,0.0,0.25535604878808654,0.9562648996541991,0.05632236090066042,0.040247480686278536,101,development,False,False,,9504.0,435.9726516618276,702.4907282819895,0.75,0.95
R0773,0.75,0.65,0.05,0.25589594896859974,0.9588139012814683,0.05518407969629429,0.04010040587714344,101,development,False,False,,9504.0,435.9726516618276,702.4907282819895,0.75,0.95
R0774,0.75,0.65,0.1,0.2564538322172758,0.9613529512200071,0.054045798491928164,0.03998230902603398,101,development,False,False,,9504.0,435.9726516618276,702.4907282819895,0.75,0.95
R0775,0.75,0.65,0.15,0.2570294045923969,0.9638821464957941,0.052907517287562045,0.0398929162180879,101,development,False,False,,9504.0,435.9726516618276,702.4907282819895,0.75,0.95
R0776,0.75,0.65,0.2,0.25764839762217534,0.9664015826552524,0.051769236083195926,0.03983190020403095,101,development,False,False,,9504.0,435.9726516618276,702.4907282819895,0.75,0.95
R0777,0.75,0.65,0.25,0.2583588076825856,0.9689113537955091,0.05063095487882979,0.039798881833147344,101,development,False,False,,9504.0,435.9726516618276,702.4907282819895,0.75,0.95
R0778,0.75,0.65,0.3,0.25911317175305393,0.9714115525938688,0.049492673674463666,0.03979343203613604,101,development,False,False,,9504.0,435.9726516618276,702.4907282819895,0.75,0.95
R0779,0.75,0.65,0.35,0.25987179678370353,0.9739022703365547,0.04835439247009755,0.039815074317052584,101,development,False,False,,9504.0,435.9726516618276,702.4907282819895,0.75,0.95
R0780,0.75,0.65,0.4,0.2606414130758374,0.9766165974977978,0.0472161112657314,0.03986328770226424,101,development,False,False,,9504.0,435.9726516618276,702.4907282819895,0.75,0.95
R0781,0.75,0.65,0.45,0.2614212715050765,0.979542876379112,0.04607805304053639,0.039937497782886154,101,development,False,False,,9504.0,435.9726516618276,702.4907282819895,0.75,0.95
R0782,0.75,0.65,0.5,0.26222797509186785,0.9824528083355245,0.044940607903057775,0.04003708388082203,101,development,True,False,1.4174700245750986,9504.0,435.9726516618276,702.4907282819895,0.75,0.95
R0783,0.75,0.65,0.55,0.2630638715135127,0.9853516769956343,0.0438031627655792,0.0401614470180803,101,development,True,False,1.4240028171281047,9504.0,435.9726516618276,702.4907282819895,0.75,0.95
R0784,0.75,0.65,0.6,0.2638965755449832,0.9882395857563256,0.04266571762810059,0.040309924739651996,101,development,True,False,1.4312406615499758,9504.0,435.9726516618276,702.4907282819895,0.75,0.95
R0785,0.75,0.65,0.65,0.2647268286070539,0.9910310634718718,0.041553014355489956,0.04048377013149817,101,development,True,False,1.4391934048199335,9504.0,435.9726516618276,702.4907282819895,0.75,0.95
R0786,0.75,0.7,0.0,0.25863390474038295,0.968411660925438,0.053460614149318915,0.04053013163157528,101,development,False,False,,9504.0,435.9726516618276,702.4907282819895,0.75,0.95
R0787,0.75,0.7,0.05,0.259178727634189,0.9709359996117217,0.05232688709679827,0.04038314318827967,101,development,False,False,,9504.0,435.9726516618276,702.4907282819895,0.75,0.95
R0788,0.75,0.7,0.1,0.25974479328858696,0.9734495200811617,0.05119326397937695,0.040264943684376615,101,development,False,False,,9504.0,435.9726516618276,702.4907282819895,0.75,0.95
R0789,0.75,0.7,0.15,0.26031645671555703,0.9759531972703539,0.05005964086195561,0.04017526533788809,101,development,False,False,,9504.0,435.9726516618276,702.4907282819895,0.75,0.95
R0790,0.75,0.7,0.2,0.26089983050276194,0.978447126713703,0.04892601774453427,0.04011378249788472,101,development,False,False,,9504.0,435.9726516618276,702.4907282819895,0.75,0.95
R0791,0.75,0.7,0.25,0.26160126675500445,0.9809314024963354,0.047792394627112954,0.040080118744117495,101,development,False,False,,9504.0,435.9726516618276,702.4907282819895,0.75,0.95
R0792,0.75,0.7,0.3,0.26235172868433826,0.9834061172835727,0.04665877150969161,0.04007384882562063,101,development,False,False,,9504.0,435.9726516618276,702.4907282819895,0.75,0.95
R0793,0.75,0.7,0.35,0.26310645383753867,0.9858713623496743,0.04552514839227028,0.04009450109071836,101,development,False,False,,9504.0,435.9726516618276,702.4907282819895,0.75,0.95
R0794,0.75,0.7,0.4,0.26387217251325534,0.9885602281569251,0.044391525274848936,0.040141560358348906,101,development,False,False,,9504.0,435.9726516618276,702.4907282819895,0.75,0.95
R0795,0.75,0.7,0.45,0.2646483245509037,0.9914629404541967,0.04325790215742759,0.04021447117181344,101,development,False,False,,9504.0,435.9726516618276,702.4907282819895,0.75,0.95
R0796,0.75,0.7,0.5,0.26545184355926954,0.9943544956418493,0.04212427904000626,0.04031264136946245,101,development,False,False,,9504.0,435.9726516618276,702.4907282819895,0.75,0.95
R0797,0.75,0.7,0.55,0.2662845576377392,0.9972349986470772,0.04099065592258492,0.040435445902608246,101,development,False,False,,9504.0,435.9726516618276,702.4907282819895,0.75,0.95
R0798,0.75,0.7,0.6,0.26711408155864985,1.0001045528548975,0.039857032805163596,0.0405822308291279,101,development,False,False,,9504.0,435.9726516618276,702.4907282819895,0.75,0.95
R0799,0.75,0.7,0.65,0.26794191846389886,1.0028820841158754,0.03874723518724476,0.04075439235607704,101,development,True,False,1.4594824959956565,9504.0,435.9726516618276,702.4907282819895,0.75,0.95
R0800,0.75,0.7,0.7,0.2687681270306297,1.0053916628394914,0.03771298459131231,0.04095732146565753,101,development,True,False,1.4682452307553775,9504.0,435.9726516618276,702.4907282819895,0.75,0.95
R0801,0.75,0.75,0.0,0.2618903509008573,0.9822476931426772,0.05063896113380045,0.04084103898181389,101,development,False,False,,9504.0,435.9726516618276,702.4907282819895,0.75,0.95
R0802,0.75,0.75,0.05,0.2624319015666205,0.9836049971718088,0.049509160036436385,0.040694158517685354,101,development,False,False,,9504.0,435.9726516618276,702.4907282819895,0.75,0.95
R0803,0.75,0.75,0.1,0.26300009678019853,0.9851716542295197,0.04837935893907231,0.0405758737794546,101,development,False,False,,9504.0,435.9726516618276,702.4907282819895,0.75,0.95
R0804,0.75,0.75,0.15,0.2635685798411398,0.987656975596556,0.047249557841708235,0.04048591174261004,101,development,False,False,,9504.0,435.9726516618276,702.4907282819895,0.75,0.95
R0805,0.75,0.75,0.2,0.2641350717179343,0.9901325586040316,0.04611975674434418,0.04042394844313461,101,development,False,False,,9504.0,435.9726516618276,702.4907282819895,0.75,0.95
R0806,0.75,0.75,0.25,0.26481035120621904,0.9925984973285913,0.04498995564698011,0.04038961035886954,101,development,False,False,,9504.0,435.9726516618276,702.4907282819895,0.75,0.95
R0807,0.75,0.75,0.3,0.26555763842614066,0.9950548844270859,0.04386015454961604,0.04038247630147721,101,development,False,False,,9504.0,435.9726516618276,702.4907282819895,0.75,0.95
R0808,0.75,0.75,0.35,0.2663091907517086,0.9975018111653137,0.042730353452251964,0.040402079781144275,101,development,False,False,,9504.0,435.9726516618276,702.4907282819895,0.75,0.95
R0809,0.75,0.75,0.4,0.2670717384796977,1.00017236799711,0.04160055235488789,0.04044791179600851,101,development,False,False,,9504.0,435.9726516618276,702.4907282819895,0.75,0.95
R0810,0.75,0.75,0.45,0.26784472144765054,1.003056780662907,0.04047075125752382,0.04051942398994784,101,development,False,False,,9504.0,435.9726516618276,702.4907282819895,0.75,0.95
R0811,0.75,0.75,0.5,0.2686450732624831,1.005930045554636,0.03934095016015975,0.04061603211610947,101,development,False,False,,9504.0,435.9726516618276,702.4907282819895,0.75,0.95
R0812,0.75,0.75,0.55,0.2694746220217142,1.0087922675910745,0.03821114906279568,0.04073711973953073,101,development,False,False,,9504.0,435.9726516618276,702.4907282819895,0.75,0.95
R0813,0.75,0.75,0.6,0.270300982495816,1.0116435501488317,0.03708134796543161,0.040882042110438166,101,development,False,False,,9504.0,435.9726516618276,702.4907282819895,0.75,0.95
R0814,0.75,0.75,0.65,0.2711264156721746,1.0144071967902424,0.03597445600220455,0.041052358055972286,101,development,False,False,,9504.0,435.9726516618276,702.4907282819895,0.75,0.95
R0815,0.75,0.75,0.7,0.2719526242389054,1.0169167755138582,0.03494020540627211,0.041253773884081656,101,development,True,False,1.4892228231158435,9504.0,435.9726516618276,702.4907282819895,0.75,0.95
R0816,0.75,0.75,0.75,0.27278013917511773,1.0194160138849313,0.033905954810339665,0.04147941093597863,101,development,True,False,1.4987924942831339,9504.0,435.9726516618276,702.4907282819895,0.75,0.95
R0817,0.8,0.0,0.0,0.21906248460979674,0.7941583649992615,0.09003071103472521,0.04081932260903238,101,development,True,False,1.2764705687548712,9504.0,435.9726516618276,702.4907282819895,0.75,0.95
R0818,0.8,0.05,0.0,0.22211484642820942,0.8059944406270105,0.08682875148685568,0.04051824575854274,101,development,True,False,1.2762298376683596,9504.0,435.9726516618276,702.4907282819895,0.75,0.95
R0819,0.8,0.05,0.05,0.22269743510274287,0.8085432533314849,0.08570785831252489,0.04035608200894457,101,development,True,False,1.2726690637980376,9504.0,435.9726516618276,702.4907282819895,0.75,0.95
R0820,0.8,0.1,0.0,0.2252323945058917,0.8203536899771265,0.08367211107971913,0.0402752572882038,101,development,True,False,1.2798430251108959,9504.0,435.9726516618276,702.4907282819895,0.75,0.95
R0821,0.8,0.1,0.05,0.22582122515197,0.8228870354812367,0.0825542347532202,0.040112710699810955,101,development,True,False,1.2764575465933339,9504.0,435.9726516618276,702.4907282819895,0.75,0.95
R0822,0.8,0.1,0.1,0.22642009051496223,0.8254105505822943,0.08143635842672124,0.03997997642712889,101,development,True,False,1.2740982777033716,9504.0,435.9726516618276,702.4907282819895,0.75,0.95
R0823,0.8,0.15,0.0,0.2283219322828969,0.8354362883909507,0.0805509352870847,0.040087060298910585,101,development,True,False,1.2859730154075433,9504.0,435.9726516618276,702.4907282819895,0.75,0.95
R0824,0.8,0.15,0.05,0.2289153989961675,0.8379542527086349,0.07943607580841762,0.03992423338867559,101,development,True,False,1.2827455204567306,9504.0,435.9726516618276,702.4907282819895,0.75,0.95
R0825,0.8,0.15,0.1,0.22952891161195751,0.8404624075053505,0.07832121632975056,0.03979135159182818,101,development,True,False,1.2805482741823797,9504.0,435.9726516618276,702.4907282819895,0.75,0.95
R0826,0.8,0.15,0.15,0.23014249719984708,0.842960849204481,0.07720635685108347,0.039688168436399635,101,development,True,False,1.2793090777011396,9504.0,435.9726516618276,702.4907282819895,0.75,0.95
R0827,0.8,0.2,0.0,0.2314489295358435,0.8501151010138712,0.07746475425637311,0.03995103079499019,101,development,False,False,,9504.0,435.9726516618276,702.4907282819895,0.75,0.95
R0828,0.8,0.2,0.05,0.23205791323366806,0.8526177693034521,0.07635291162553791,0.03978802003698372,101,development,True,False,1.2908747384632546,9504.0,435.9726516618276,702.4907282819895,0.75,0.95
R0829,0.8,0.2,0.1,0.2326702574880016,0.8551106475669016,0.07524106899470272,0.039655051521092374,101,development,True,False,1.2887935313484256,9504.0,435.9726516618276,702.4907282819895,0.75,0.95
R0830,0.8,0.2,0.15,0.23328141872350872,0.857593832182956,0.07412922636386753,0.03955187911232534,101,development,True,False,1.2876540712337952,9504.0,435.9726516618276,702.4907282819895,0.75,0.95
R0831,0.8,0.2,0.2,0.2339431827449439,0.860067418053961,0.0730173837330323,0.03947819816219367,101,development,True,False,1.287525195692665,9504.0,435.9726516618276,702.4907282819895,0.75,0.95
R0832,0.8,0.25,0.0,0.23462130362655784,0.8644389889013544,0.07441309813500518,0.03986459486933242,101,development,False,False,,9504.0,435.9726516618276,702.4907282819895,0.75,0.95
R0833,0.8,0.25,0.05,0.23521776918558973,0.8669264454772275,0.07330427235200183,0.03970148993877833,101,development,False,False,,9504.0,435.9726516618276,702.4907282819895,0.75,0.95
R0834,0.8,0.25,0.1,0.2358287718457171,0.8694041301605454,0.07219544656899851,0.039568489804788595,101,development,True,False,1.298652456437267,9504.0,435.9726516618276,702.4907282819895,0.75,0.95
R0835,0.8,0.25,0.15,0.23644247530637572,0.8718721392911734,0.07108662078599517,0.03946534849650279,101,development,True,False,1.2976080765413842,9504.0,435.9726516618276,702.4907282819895,0.75,0.95
R0836,0.8,0.25,0.2,0.23710230533110774,0.8743305677326991,0.06997779500299184,0.039391761118310456,101,development,True,False,1.2975541292667758,9504.0,435.9726516618276,702.4907282819895,0.75,0.95
R0837,0.8,0.25,0.25,0.23777014886929387,0.8767795089026711,0.06886896921998849,0.03934736505628489,101,development,True,False,1.2983894252045864,9504.0,435.9726516618276,702.4907282819895,0.75,0.95
R0838,0.8,0.3,0.0,0.2378513204899072,0.8783910608976414,0.07139549707040162,0.03982523856316885,101,development,False,False,,9504.0,435.9726516618276,702.4907282819895,0.75,0.95
R0839,0.8,0.3,0.05,0.23841276374132242,0.8808633892417655,0.07028968813523015,0.039662121757581416,101,development,False,False,,9504.0,435.9726516618276,702.4907282819895,0.75,0.95
R0840,0.8,0.3,0.1,0.23902136869442592,0.8833259624911193,0.06918387920005868,0.0395291390687566,101,development,False,False,,9504.0,435.9726516618276,702.4907282819895,0.75,0.95
R0841,0.8,0.3,0.15,0.23963808591359512,0.8857788769520033,0.06807807026488721,0.03942604452717176,101,development,True,False,1.3090307209096754,9504.0,435.9726516618276,702.4907282819895,0.75,0.95
R0842,0.8,0.3,0.2,0.2402955243527186,0.8882222274545333,0.06697226132971575,0.039352533047249436,101,development,True,False,1.3090388142520937,9504.0,435.9726516618276,702.4907282819895,0.75,0.95
R0843,0.8,0.3,0.25,0.24096097935596866,0.890656107382877,0.06586645239454428,0.03930824163652576,101,development,True,False,1.309926124808682,9504.0,435.9726516618276,702.4907282819895,0.75,0.95
R0844,0.8,0.3,0.3,0.241683894187243,0.893080608704714,0.06476064345937281,0.039292751256614925,101,development,True,False,1.3117657051857223,9504.0,435.9726516618276,702.4907282819895,0.75,0.95
R0845,0.8,0.35,0.0,0.24109542362378963,0.8919760593425269,0.06841148120998315,0.03983051759248478,101,development,False,False,,9504.0,435.9726516618276,702.4907282819895,0.75,0.95
R0846,0.8,0.35,0.05,0.24161918325802137,0.8944333421157161,0.06730868912264357,0.039667463432394405,101,development,False,False,,9504.0,435.9726516618276,702.4907282819895,0.75,0.95
R0847,0.8,0.35,0.1,0.24221535239893668,0.8968808852810936,0.06620589703530397,0.03953454101861737,101,development,False,False,,9504.0,435.9726516618276,702.4907282819895,0.75,0.95
R0848,0.8,0.35,0.15,0.24283219886134638,0.8993187851162506,0.06510310494796437,0.03943150423519847,101,development,False,False,,9504.0,435.9726516618276,702.4907282819895,0.75,0.95
R0849,0.8,0.35,0.2,0.24348726009630214,0.901747136422666,0.06400031286062478,0.039358047869796325,101,development,True,False,1.3217795261744663,9504.0,435.9726516618276,702.4907282819895,0.75,0.95
R0850,0.8,0.35,0.25,0.24415049700517927,0.9041660325559464,0.06289752077328517,0.03931380882412757,101,development,True,False,1.3227094098559196,9504.0,435.9726516618276,702.4907282819895,0.75,0.95
R0851,0.8,0.35,0.3,0.2448736971404477,0.9065755654552806,0.06179472868594557,0.03929836797580667,101,development,True,False,1.3245888288274492,9504.0,435.9726516618276,702.4907282819895,0.75,0.95
R0852,0.8,0.35,0.35,0.24560059760886394,0.9090703506222174,0.060691936598605965,0.03931125265220411,101,development,True,False,1.3273415566415,9504.0,435.9726516618276,702.4907282819895,0.75,0.95
R0853,0.8,0.4,0.0,0.2443326625358286,0.9052053897059341,0.06546192373036111,0.03987781644752084,101,development,False,False,,9504.0,435.9726516618276,702.4907282819895,0.75,0.95
R0854,0.8,0.4,0.05,0.24483893989860994,0.9076477087589604,0.06436214849085338,0.03971489042598523,101,development,False,False,,9504.0,435.9726516618276,702.4907282819895,0.75,0.95
R0855,0.8,0.4,0.1,0.2454080195939919,0.9100803024047773,0.06326237325134565,0.03958206397727581,101,development,False,False,,9504.0,435.9726516618276,702.4907282819895,0.75,0.95
R0856,0.8,0.4,0.15,0.24602752391657184,0.9125032668966869,0.06216259801183791,0.03947909071230125,101,development,False,False,,9504.0,435.9726516618276,702.4907282819895,0.75,0.95
R0857,0.8,0.4,0.2,0.2466769971719678,0.9149166970119368,0.061062822772330196,0.03940566536350685,101,development,False,False,,9504.0,435.9726516618276,702.4907282819895,0.75,0.95
R0858,0.8,0.4,0.25,0.2473374672088128,0.9173206860819582,0.05996304753282246,0.039361424995085104,101,development,True,False,1.336623480304519,9504.0,435.9726516618276,702.4907282819895,0.75,0.95
R0859,0.8,0.4,0.3,0.24805511093379112,0.9197153260218233,0.05886327229331473,0.03934595086062674,101,development,True,False,1.33852368572108,9504.0,435.9726516618276,702.4907282819895,0.75,0.95
R0860,0.8,0.4,0.35,0.24877648799949767,0.9221952323090193,0.057763497053807,0.03935877086900192,101,development,True,False,1.3412913559376582,9504.0,435.9726516618276,702.4907282819895,0.75,0.95
R0861,0.8,0.4,0.4,0.24951872405857187,0.9250100197221672,0.05666372181429926,0.03939936260466659,101,development,True,False,1.3450876729488364,9504.0,435.9726516618276,702.4907282819895,0.75,0.95
R0862,0.8,0.45,0.0,0.2475748586597558,0.9180900632532506,0.06254608946872948,0.03996491485648085,101,development,False,False,,9504.0,435.9726516618276,702.4907282819895,0.75,0.95
R0863,0.8,0.45,0.05,0.2480769777753336,0.9205174996377573,0.06144933107705362,0.039802174651513283,101,development,False,False,,9504.0,435.9726516618276,702.4907282819895,0.75,0.95
R0864,0.8,0.45,0.1,0.24860273002881259,0.9229352235532872,0.06035257268537777,0.0396694738210581,101,development,False,False,,9504.0,435.9726516618276,702.4907282819895,0.75,0.95
R0865,0.8,0.45,0.15,0.249219907489283,0.9253433312328548,0.05925581429370191,0.03956656559717162,101,development,False,False,,9504.0,435.9726516618276,702.4907282819895,0.75,0.95
R0866,0.8,0.45,0.2,0.24986384728949118,0.927741917433463,0.05815905590202603,0.0394931447364262,101,development,False,False,,9504.0,435.9726516618276,702.4907282819895,0.75,0.95
R0867,0.8,0.45,0.25,0.2505225207278353,0.9301274810104011,0.05706272305243119,0.039448824836392414,101,development,False,False,,9504.0,435.9726516618276,702.4907282819895,0.75,0.95
R0868,0.8,0.45,0.3,0.2512372502038382,0.9325016209266148,0.0559666373362854,0.03943319825231715,101,development,True,False,1.3534939887839006,9504.0,435.9726516618276,702.4907282819895,0.75,0.95
R0869,0.8,0.45,0.35,0.2519556979787539,0.9349610401393648,0.05487055162013962,0.03944580809261471,101,development,True,False,1.3562720266813133,9504.0,435.9726516618276,702.4907282819895,0.75,0.95
R0870,0.8,0.45,0.4,0.2526918518879411,0.9377553534071977,0.053774465903993825,0.03948613356624798,101,development,True,False,1.3600686781654803,9504.0,435.9726516618276,702.4907282819895,0.75,0.95
R0871,0.8,0.45,0.45,0.253431073956376,0.9405386694000343,0.052678380187848026,0.03955360738803991,101,development,True,False,1.3646406615582374,9504.0,435.9726516618276,702.4907282819895,0.75,0.95
R0872,0.8,0.5,0.0,0.2507966148979926,0.9306282739908077,0.05966390445853343,0.04008975258431625,101,development,False,False,,9504.0,435.9726516618276,702.4907282819895,0.75,0.95
R0873,0.8,0.5,0.05,0.25129587447714685,0.9330357428114192,0.05857077443789859,0.03992721513009339,101,development,False,False,,9504.0,435.9726516618276,702.4907282819895,0.75,0.95
R0874,0.8,0.5,0.1,0.2517970195338409,0.9354335109549705,0.05747764441726377,0.039794630711484404,101,development,False,False,,9504.0,435.9726516618276,702.4907282819895,0.75,0.95
R0875,0.8,0.5,0.15,0.25239864333977124,0.9378216746377799,0.056384514396628935,0.039691752172877896,101,development,False,False,,9504.0,435.9726516618276,702.4907282819895,0.75,0.95
R0876,0.8,0.5,0.2,0.253039730014683,0.940200328600187,0.0552913843759941,0.03961827445606658,101,development,False,False,,9504.0,435.9726516618276,702.4907282819895,0.75,0.95
R0877,0.8,0.5,0.25,0.25369741782209293,0.9425695661367918,0.05419825435535927,0.039573835804465704,101,development,False,False,,9504.0,435.9726516618276,702.4907282819895,0.75,0.95
R0878,0.8,0.5,0.3,0.25440670967816587,0.9449294791259115,0.053105124334724425,0.03955801959732563,101,development,False,False,,9504.0,435.9726516618276,702.4907282819895,0.75,0.95
R0879,0.8,0.5,0.35,0.25512317796181094,0.9473746830083559,0.052011994314089594,0.039570356775586166,101,development,True,False,1.3721827044217265,9504.0,435.9726516618276,702.4907282819895,0.75,0.95
R0880,0.8,0.5,0.4,0.2558625195044928,0.9501547925261429,0.050918864293454755,0.039610328806983716,101,development,True,False,1.375998335431964,9504.0,435.9726516618276,702.4907282819895,0.75,0.95
R0881,0.8,0.5,0.45,0.25659926005564815,0.9529239163326984,0.04982573427281992,0.03967737112611172,101,development,True,False,1.3805750763294835,9504.0,435.9726516618276,702.4907282819895,0.75,0.95
R0882,0.8,0.5,0.5,0.2573692389907591,0.9556821600112944,0.04873260425218509,0.039770876975796385,101,development,True,False,1.3859725257113473,9504.0,435.9726516618276,702.4907282819895,0.75,0.95
R0883,0.8,0.55,0.0,0.2539745194118391,0.9428179499945798,0.056821092666683885,0.04025039380311894,101,development,False,False,,9504.0,435.9726516618276,702.4907282819895,0.75,0.95
R0884,0.8,0.55,0.05,0.2544715040256092,0.9452112130077288,0.05573091834156001,0.040088140717342034,101,development,False,False,,9504.0,435.9726516618276,702.4907282819895,0.75,0.95
R0885,0.8,0.55,0.1,0.2549732979436307,0.9475947858097947,0.05464074401643613,0.03995572984995036,101,development,False,False,,9504.0,435.9726516618276,702.4907282819895,0.75,0.95
R0886,0.8,0.55,0.15,0.25553537288959177,0.9499687646036102,0.05355056969131224,0.039852913509196584,101,development,False,False,,9504.0,435.9726516618276,702.4907282819895,0.75,0.95
R0887,0.8,0.55,0.2,0.2561741903085444,0.9523332441160516,0.05246039536618836,0.03977938683008097,101,development,False,False,,9504.0,435.9726516618276,702.4907282819895,0.75,0.95
R0888,0.8,0.55,0.25,0.2568341782042819,0.9546883176282804,0.05137022104106447,0.039734788973634264,101,development,False,False,,9504.0,435.9726516618276,702.4907282819895,0.75,0.95
R0889,0.8,0.55,0.3,0.25754962192208025,0.9570340770051994,0.05028004671594059,0.039718704943294075,101,development,False,False,,9504.0,435.9726516618276,702.4907282819895,0.75,0.95
R0890,0.8,0.55,0.35,0.25826876985802416,0.959465137674226,0.049189872390816715,0.03973066798066621,101,development,True,False,1.3889634064777032,9504.0,435.9726516618276,702.4907282819895,0.75,0.95
R0891,0.8,0.55,0.4,0.2590056100507027,0.9622311143640118,0.04809969806569283,0.03977016248933451,101,development,True,False,1.3927826411193251,9504.0,435.9726516618276,702.4907282819895,0.75,0.95
R0892,0.8,0.55,0.45,0.25973961445366933,0.9649861157146385,0.04700952374056895,0.03983662742382058,101,development,True,False,1.3973608131198296,9504.0,435.9726516618276,702.4907282819895,0.75,0.95
R0893,0.8,0.55,0.5,0.26050398776046596,0.9677302472960587,0.04591934941544505,0.03992946007172954,101,development,True,False,1.4027521914267758,9504.0,435.9726516618276,702.4907282819895,0.75,0.95
R0894,0.8,0.55,0.55,0.26129455867634344,0.9704636131089527,0.04482917509032118,0.040048020150825044,101,development,True,False,1.4089394252307406,9504.0,435.9726516618276,702.4907282819895,0.75,0.95
R0895,0.8,0.6,0.0,0.25714248600392026,0.9546938721229217,0.05402158850964846,0.04044517353700023,101,development,False,False,,9504.0,435.9726516618276,702.4907282819895,0.75,0.95
R0896,0.8,0.6,0.05,0.2576372099567125,0.9570730079138111,0.05293436988003553,0.040283241639791495,101,development,False,False,,9504.0,435.9726516618276,702.4907282819895,0.75,0.95
R0897,0.8,0.6,0.1,0.2581420629218002,0.9594424627682554,0.05184715125042261,0.040151018489340176,101,development,False,False,,9504.0,435.9726516618276,702.4907282819895,0.75,0.95
R0898,0.8,0.6,0.15,0.2586740526668669,0.9618023328784283,0.05075993262080967,0.04004825581789311,101,development,False,False,,9504.0,435.9726516618276,702.4907282819895,0.75,0.95
R0899,0.8,0.6,0.2,0.2593080099196689,0.9641527129605655,0.049672713991196736,0.03997464905427062,101,development,False,False,,9504.0,435.9726516618276,702.4907282819895,0.75,0.95
R0900,0.8,0.6,0.25,0.2599749419467743,0.966493696285204,0.04858549536158381,0.03992983851652041,101,development,False,False,,9504.0,435.9726516618276,702.4907282819895,0.75,0.95
R0901,0.8,0.6,0.3,0.26068789489783234,0.9688253747066388,0.04749827673197088,0.03991341120643572,101,development,False,False,,9504.0,435.9726516618276,702.4907282819895,0.75,0.95
R0902,0.8,0.6,0.35,0.2614045539477851,0.9712423636416975,0.04641105810235794,0.03992490316900556,101,development,True,False,1.4065941479979844,9504.0,435.9726516618276,702.4907282819895,0.75,0.95
R0903,0.8,0.6,0.4,0.2621389071328578,0.9739942778084564,0.04532383947274502,0.03996380236671391,101,development,True,False,1.4104128618228522,9504.0,435.9726516618276,702.4907282819895,0.75,0.95
R0904,0.8,0.6,0.45,0.26287042640424374,0.9767352258364409,0.04423662084313208,0.04002955200744948,101,development,True,False,1.4149899565938235,9504.0,435.9726516618276,702.4907282819895,0.75,0.95
R0905,0.8,0.6,0.5,0.26363231645312923,0.9794653132850635,0.04314940221351914,0.04012155425603932,101,development,True,False,1.4203794819257396,9504.0,435.9726516618276,702.4907282819895,0.75,0.95
R0906,0.8,0.6,0.55,0.26442040598241295,0.9821846441444796,0.04206218358390622,0.04023917425334157,101,development,True,False,1.4265638393490538,9504.0,435.9726516618276,702.4907282819895,0.75,0.95
R0907,0.8,0.6,0.6,0.26520540968180023,0.9848933208667382,0.040974964954293286,0.04038174436352951,101,development,True,False,1.4334779906847743,9504.0,435.9726516618276,702.4907282819895,0.75,0.95
R0908,0.8,0.65,0.0,0.26028071244934703,0.966265694829015,0.05127347790652864,0.04067264206813561,101,development,False,False,,9504.0,435.9726516618276,702.4907282819895,0.75,0.95
R0909,0.8,0.65,0.05,0.2607739918416461,0.9686307812256164,0.05018921497242668,0.04051106304708491,101,development,False,False,,9504.0,435.9726516618276,702.4907282819895,0.75,0.95
R0910,0.8,0.65,0.1,0.2612899698282018,0.9709861947912287,0.0491049520383247,0.040379038287250583,101,development,False,False,,9504.0,435.9726516618276,702.4907282819895,0.75,0.95
R0911,0.8,0.65,0.15,0.2618176691585367,0.9733320317098322,0.04802068910422272,0.04027631892408703,101,development,False,False,,9504.0,435.9726516618276,702.4907282819895,0.75,0.95
R0912,0.8,0.65,0.2,0.26241884484307604,0.9756683866894825,0.04693642617012074,0.04020260078519328,101,development,False,False,,9504.0,435.9726516618276,702.4907282819895,0.75,0.95
R0913,0.8,0.65,0.25,0.2630860654470677,0.9779953529925468,0.045852163236018775,0.04015752557463675,101,development,False,False,,9504.0,435.9726516618276,702.4907282819895,0.75,0.95
R0914,0.8,0.65,0.3,0.2637965423116685,0.9803130224651616,0.04476790030191679,0.04014068264191211,101,development,False,False,,9504.0,435.9726516618276,702.4907282819895,0.75,0.95
R0915,0.8,0.65,0.35,0.2645107269185539,0.9827160105160075,0.04368363736781481,0.04015161129949701,101,development,False,False,,9504.0,435.9726516618276,702.4907282819895,0.75,0.95
R0916,0.8,0.65,0.4,0.2652426073021319,0.985453931855026,0.04259937443371284,0.0401898036403481,101,development,True,False,1.4288229060799673,9504.0,435.9726516618276,702.4907282819895,0.75,0.95
R0917,0.8,0.65,0.45,0.2659716554117819,0.9881808951036177,0.041515111499610846,0.04025470779597978,101,development,True,False,1.4333957614239285,9504.0,435.9726516618276,702.4907282819895,0.75,0.95
R0918,0.8,0.65,0.5,0.2667310759368785,0.9908970058130823,0.04043084856550887,0.04034573156737353,101,development,True,False,1.4387812207554211,9504.0,435.9726516618276,702.4907282819895,0.75,0.95
R0919,0.8,0.65,0.55,0.26751669757851176,0.9936023679654736,0.039346585631406895,0.04046224635512667,101,development,True,False,1.4449613907848924,9504.0,435.9726516618276,702.4907282819895,0.75,0.95
R0920,0.8,0.65,0.6,0.26829923502458103,0.9962970840047506,0.03826232269730491,0.04060359131206607,101,development,True,False,1.4518709345652139,9504.0,435.9726516618276,702.4907282819895,0.75,0.95
R0921,0.8,0.65,0.65,0.2690822923706283,0.9989141031238807,0.037197682200229086,0.040770664984080954,101,development,True,False,1.459523628744872,9504.0,435.9726516618276,702.4907282819895,0.75,0.95
R0922,0.8,0.7,0.0,0.2633992429697463,0.977542779308478,0.048555656271831435,0.04093067976264489,101,development,False,False,,9504.0,435.9726516618276,702.4907282819895,0.75,0.95
R0923,0.8,0.7,0.05,0.2638973506603269,0.9798938933915587,0.04747434903324041,0.04076947666826947,101,development,False,False,,9504.0,435.9726516618276,702.4907282819895,0.75,0.95
R0924,0.8,0.7,0.1,0.26441615000304536,0.9822353416016506,0.046393041794649384,0.040637654490337655,101,development,False,False,,9504.0,435.9726516618276,702.4907282819895,0.75,0.95
R0925,0.8,0.7,0.15,0.26494138354415814,0.9845672201166575,0.04531173455605836,0.04053496377253256,101,development,False,False,,9504.0,435.9726516618276,702.4907282819895,0.75,0.95
R0926,0.8,0.7,0.2,0.26550687190538597,0.9868896236385649,0.044230427317467326,0.04046110085388709,101,development,False,False,,9504.0,435.9726516618276,702.4907282819895,0.75,0.95
R0927,0.8,0.7,0.25,0.26616824108882414,0.9892026454236785,0.04314912007887631,0.04041570904305698,101,development,False,False,,9504.0,435.9726516618276,702.4907282819895,0.75,0.95
R0928,0.8,0.7,0.3,0.2668762564038418,0.9915063773120805,0.04206781284028529,0.04039838035838615,101,development,False,False,,9504.0,435.9726516618276,702.4907282819895,0.75,0.95
R0929,0.8,0.7,0.35,0.267587980871656,0.9938954347064031,0.040986505601694256,0.04040865779871985,101,development,False,False,,9504.0,435.9726516618276,702.4907282819895,0.75,0.95
R0930,0.8,0.7,0.4,0.26831740252532726,0.9966194323105486,0.03990519836310322,0.040446038097877945,101,development,False,False,,9504.0,435.9726516618276,702.4907282819895,0.75,0.95
R0931,0.8,0.7,0.45,0.269043993312889,0.9993324787398845,0.03882389112451219,0.04050997490548861,101,development,False,False,,9504.0,435.9726516618276,702.4907282819895,0.75,0.95
R0932,0.8,0.7,0.5,0.26980095792237174,1.0020346795396848,0.03774258388592117,0.040599882328869054,101,development,False,False,,9504.0,435.9726516618276,702.4907282819895,0.75,0.95
R0933,0.8,0.7,0.55,0.2705841250535235,1.0047261386859856,0.03666127664733014,0.04071513876505872,101,development,False,False,,9504.0,435.9726516618276,702.4907282819895,0.75,0.95
R0934,0.8,0.7,0.6,0.27136420939290273,1.0074069586167342,0.03557996940873911,0.04085509094905517,101,development,True,False,1.4709874130530582,9504.0,435.9726516618276,702.4907282819895,0.75,0.95
R0935,0.8,0.7,0.65,0.27214540272618853,1.0100134179619351,0.0345175759512916,0.041020745039088806,101,development,True,False,1.4786403614792012,9504.0,435.9726516618276,702.4907282819895,0.75,0.95
R0936,0.8,0.7,0.7,0.27293079392528163,1.0124071894741091,0.03351515520668253,0.041216377382374214,101,development,True,False,1.4871219839261043,9504.0,435.9726516618276,702.4907282819895,0.75,0.95
R0937,0.8,0.75,0.0,0.26650765516179253,0.9889194974715271,0.04586765375297754,0.04121763467137368,101,development,False,False,,9504.0,435.9726516618276,702.4907282819895,0.75,0.95
R0938,0.8,0.75,0.05,0.26700330977368936,0.9908714268190623,0.04478930220989747,0.04105682445839789,101,development,False,False,,9504.0,435.9726516618276,702.4907282819895,0.75,0.95
R0939,0.8,0.75,0.1,0.2675249311782065,0.9931989848909065,0.04371095066681739,0.040925204793774844,101,development,False,False,,9504.0,435.9726516618276,702.4907282819895,0.75,0.95
R0940,0.8,0.75,0.15,0.2680477140132953,0.995516979095216,0.04263259912373732,0.04082252565412892,101,development,False,False,,9504.0,435.9726516618276,702.4907282819895,0.75,0.95
R0941,0.8,0.75,0.2,0.2685919495624808,0.9978255041296827,0.04155424758065725,0.040748484006364216,101,development,False,False,,9504.0,435.9726516618276,702.4907282819895,0.75,0.95
R0942,0.8,0.75,0.25,0.26923315973905393,1.000124653246323,0.040475896037577175,0.04070272497019011,101,development,False,False,,9504.0,435.9726516618276,702.4907282819895,0.75,0.95
R0943,0.8,0.75,0.3,0.2699387278998603,1.0024145182809345,0.039397544494497096,0.04068484352632297,101,development,False,False,,9504.0,435.9726516618276,702.4907282819895,0.75,0.95
R0944,0.8,0.75,0.35,0.27064800639549097,1.0047897146318687,0.03831919295141702,0.040694386736397074,101,development,False,False,,9504.0,435.9726516618276,702.4907282819895,0.75,0.95
R0945,0.8,0.75,0.4,0.27137498325805376,1.0074998569987523,0.03724084140833693,0.04073085642917882,101,development,False,False,,9504.0,435.9726516618276,702.4907282819895,0.75,0.95
R0946,0.8,0.75,0.45,0.27209913043462974,1.0101990539926806,0.03616248986525686,0.04079371229798041,101,development,False,False,,9504.0,435.9726516618276,702.4907282819895,0.75,0.95
R0947,0.8,0.75,0.5,0.2728536526122989,1.01288741115466,0.035084138322176786,0.04088237534655542,101,development,False,False,,9504.0,435.9726516618276,702.4907282819895,0.75,0.95
R0948,0.8,0.75,0.55,0.27363437848985894,1.0155650324564645,0.03400578677909671,0.04099623161544816,101,development,False,False,,9504.0,435.9726516618276,702.4907282819895,0.75,0.95
R0949,0.8,0.75,0.6,0.2744120227529197,1.0182320203317818,0.03292743523601663,0.04113463611784859,101,development,False,False,,9504.0,435.9726516618276,702.4907282819895,0.75,0.95
R0950,0.8,0.75,0.65,0.27519136182833753,1.0208279678581942,0.031867288818197434,0.041298719076801466,101,development,False,False,,9504.0,435.9726516618276,702.4907282819895,0.75,0.95
R0951,0.8,0.75,0.7,0.2759767530274306,1.0232217393703682,0.030864868073588358,0.041492997538703724,101,development,True,False,1.5069778023032978,9504.0,435.9726516618276,702.4907282819895,0.75,0.95
R0952,0.8,0.75,0.75,0.2767659794380937,1.0256053662332498,0.029862447328979278,0.041711788743815655,101,development,True,False,1.5162748362995369,9504.0,435.9726516618276,702.4907282819895,0.75,0.95
R0953,0.8,0.8,0.0,0.26957112133923294,1.002408019604317,0.0432204232043901,0.04153242167224393,101,development,False,False,,9504.0,435.9726516618276,702.4907282819895,0.75,0.95
R0954,0.8,0.8,0.05,0.270066524956599,1.0036821962666818,0.042145027356820984,0.041372017605834026,101,development,False,False,,9504.0,435.9726516618276,702.4907282819895,0.75,0.95
R0955,0.8,0.8,0.1,0.27058878234876543,1.0049509052923724,0.04106963150925187,0.041240598144383356,101,development,False,False,,9504.0,435.9726516618276,702.4907282819895,0.75,0.95
R0956,0.8,0.8,0.15,0.2711091294080424,1.0062142006745793,0.03999423566168274,0.04113791273627925,101,development,False,False,,9504.0,435.9726516618276,702.4907282819895,0.75,0.95
R0957,0.8,0.8,0.2,0.27165079039919554,1.0083806907371076,0.038918839814113614,0.04106365909358117,101,development,False,False,,9504.0,435.9726516618276,702.4907282819895,0.75,0.95
R0958,0.8,0.8,0.25,0.27225475573269453,1.0106660383887232,0.03784344396654448,0.041017484341154285,101,development,False,False,,9504.0,435.9726516618276,702.4907282819895,0.75,0.95
R0959,0.8,0.8,0.3,0.2729564246923286,1.012942106673534,0.036768048118975355,0.04099898669037692,101,development,False,False,,9504.0,435.9726516618276,702.4907282819895,0.75,0.95
R0960,0.8,0.8,0.35,0.27366327124734424,1.0153035109870576,0.035692652271406236,0.04100771760460101,101,development,False,False,,9504.0,435.9726516618276,702.4907282819895,0.75,0.95
R0961,0.8,0.8,0.4,0.2743878171265131,1.017999866026088,0.0346172564238371,0.04104318441272923,101,development,False,False,,9504.0,435.9726516618276,702.4907282819895,0.75,0.95
R0962,0.8,0.8,0.45,0.2751095342762865,1.0206852803988908,0.033541860576267984,0.04110485331810474,101,development,False,False,,9504.0,435.9726516618276,702.4907282819895,0.75,0.95
R0963,0.8,0.8,0.5,0.2758616273831147,1.0233598596436455,0.032466464728698866,0.04119215274270835,101,development,False,False,,9504.0,435.9726516618276,702.4907282819895,0.75,0.95
R0964,0.8,0.8,0.55,0.27663992514516655,1.0260237077292997,0.03139106888112973,0.04130447694162621,101,development,False,False,,9504.0,435.9726516618276,702.4907282819895,0.75,0.95
R0965,0.8,0.8,0.6,0.2774151422474237,1.028676927086719,0.03031567303356061,0.041441189819971844,101,development,False,False,,9504.0,435.9726516618276,702.4907282819895,0.75,0.95
R0966,0.8,0.8,0.65,0.27819263673514755,1.0312624103691708,0.029257773655369725,0.0416035612683,101,development,False,False,,9504.0,435.9726516618276,702.4907282819895,0.75,0.95
R0967,0.8,0.8,0.7,0.27897802793424065,1.0336561818813448,0.028255352910760645,0.04179638055350043,101,development,False,False,,9504.0,435.9726516618276,702.4907282819895,0.75,0.95
R0968,0.8,0.8,0.75,0.2797672543449038,1.0360398087442264,0.027252932166151572,0.04201355007680693,101,development,True,False,1.5367529106432938,9504.0,435.9726516618276,702.4907282819895,0.75,0.95
R0969,0.8,0.8,0.8,0.2805549276533371,1.0384133871879415,0.026250511421542493,0.042254279863242115,101,development,False,False,,9504.0,435.9726516618276,702.4907282819895,0.75,0.95
R0970,0.85,0.0,0.0,0.2261903125264584,0.8154979593562954,0.0829990363700149,0.0415682725057202,101,development,True,False,1.3215738320933699,9504.0,435.9726516618276,702.4907282819895,0.75,0.95
R0971,0.85,0.05,0.0,0.22904199119009955,0.8275182066457744,0.07999955302364509,0.04124631083777243,101,development,True,False,1.320394752346327,9504.0,435.9726516618276,702.4907282819895,0.75,0.95
R0972,0.85,0.05,0.05,0.2295676027922238,0.8298448689604028,0.07894039629505353,0.04106974282553683,101,development,True,False,1.3161012315897977,9504.0,435.9726516618276,702.4907282819895,0.75,0.95
R0973,0.85,0.1,0.0,0.23196220844921203,0.8416130950194773,0.07703268566993007,0.040980918873263404,101,development,True,False,1.3228148440870646,9504.0,435.9726516618276,702.4907282819895,0.75,0.95
R0974,0.85,0.1,0.05,0.23249370236728725,0.8439263914184055,0.07597600149288344,0.0408036631801588,101,development,True,False,1.318690574932995,9504.0,435.9726516618276,702.4907282819895,0.75,0.95
R0975,0.85,0.1,0.1,0.23304719702025856,0.846228803250774,0.0749194752695963,0.04065664469346248,101,development,True,False,1.315655699821052,9504.0,435.9726516618276,702.4907282819895,0.75,0.95
R0976,0.85,0.15,0.0,0.23485091577517817,0.8553385840437691,0.07409900652893632,0.04076939375128805,101,development,True,False,1.3271600890092972,9504.0,435.9726516618276,702.4907282819895,0.75,0.95
R0977,0.85,0.15,0.05,0.2353996234609448,0.8576400466890077,0.07304462063688125,0.04059160394953476,101,development,True,False,1.3232122560876503,9504.0,435.9726516618276,702.4907282819895,0.75,0.95
R0978,0.85,0.15,0.1,0.23595907552426712,0.8599319703758307,0.07199023474482616,0.04044421048200661,101,development,True,False,1.3203195272016512,9504.0,435.9726516618276,702.4907282819895,0.75,0.95
R0979,0.85,0.15,0.15,0.23654034941103047,0.8622144508897575,0.07093584885277109,0.04032699505254353,101,development,True,False,1.3184682387319062,9504.0,435.9726516618276,702.4907282819895,0.75,0.95
R0980,0.85,0.2,0.0,0.23780032355533795,0.8687224896719971,0.0711961235701073,0.04060939656968115,101,development,False,False,,9504.0,435.9726516618276,702.4907282819895,0.75,0.95
R0981,0.85,0.2,0.05,0.23835096509654283,0.8710135120876202,0.07014387800928429,0.04043121990021665,101,development,True,False,1.3296102605121698,9504.0,435.9726516618276,702.4907282819895,0.75,0.95
R0982,0.85,0.2,0.1,0.23890996195735256,0.8732950061882047,0.06909163244846127,0.040283554653559296,101,development,True,False,1.3268336112432133,9504.0,435.9726516618276,702.4907282819895,0.75,0.95
R0983,0.85,0.2,0.15,0.23948953237090084,0.8755670677407048,0.06803938688763825,0.04016618354864791,101,development,True,False,1.3250828164091668,9504.0,435.9726516618276,702.4907282819895,0.75,0.95
R0984,0.85,0.2,0.2,0.24010359378919632,0.8778297910376859,0.06698714132681526,0.040078829655998134,101,development,True,False,1.3243529350761938,9504.0,435.9726516618276,702.4907282819895,0.75,0.95
R0985,0.85,0.25,0.0,0.24078233937093585,0.8818122919990804,0.06832354260465705,0.04049852060408631,101,development,False,False,,9504.0,435.9726516618276,702.4907282819895,0.75,0.95
R0986,0.85,0.25,0.05,0.2413218565721525,0.8840929329275496,0.06727343737506612,0.04032008949480692,101,development,False,False,,9504.0,435.9726516618276,702.4907282819895,0.75,0.95
R0987,0.85,0.25,0.1,0.24188040540398667,0.88636405544377,0.06622333214547517,0.0401722504263607,101,development,True,False,1.3350129440801697,9504.0,435.9726516618276,702.4907282819895,0.75,0.95
R0988,0.85,0.25,0.15,0.24246284714970376,0.8886257552985241,0.06517322691588423,0.04005478680159841,101,development,True,False,1.333358748138115,9504.0,435.9726516618276,702.4907282819895,0.75,0.95
R0989,0.85,0.25,0.2,0.2430760369696874,0.8908781267682407,0.06412312168629329,0.03996742184471907,101,development,True,False,1.332706607077801,9504.0,435.9726516618276,702.4907282819895,0.75,0.95
R0990,0.85,0.25,0.25,0.24370272603472654,0.8931212626852242,0.06307301645670234,0.039909819489948734,101,development,True,False,1.3329945340731493,9504.0,435.9726516618276,702.4907282819895,0.75,0.95
R0991,0.85,0.3,0.0,0.24381106937952324,0.8945884787791734,0.06548092739755912,0.04043439794646432,101,development,False,False,,9504.0,435.9726516618276,702.4907282819895,0.75,0.95
R0992,0.85,0.3,0.05,0.24432073371217103,0.8968587963992242,0.06443296249920025,0.040255837738094956,101,development,False,False,,9504.0,435.9726516618276,702.4907282819895,0.75,0.95
R0993,0.85,0.3,0.1,0.24487884159787976,0.8991196047827191,0.06338499760084138,0.040107916860234995,101,development,False,False,,9504.0,435.9726516618276,702.4907282819895,0.75,0.95
R0994,0.85,0.3,0.15,0.24546496948596846,0.9013709996664688,0.0623370327024825,0.0399904190739857,101,development,True,False,1.3431424949438164,9504.0,435.9726516618276,702.4907282819895,0.75,0.95
R0995,0.85,0.3,0.2,0.24607647853168205,0.9036130753129603,0.06128906780412363,0.03990306765056073,101,development,True,False,1.3425556013401134,9504.0,435.9726516618276,702.4907282819895,0.75,0.95
R0996,0.85,0.3,0.25,0.24670148850452442,0.9058459245405834,0.06024110290576476,0.03984552625949314,101,development,True,False,1.342898555416863,9504.0,435.9726516618276,702.4907282819895,0.75,0.95
R0997,0.85,0.3,0.3,0.2473739637801473,0.908069638753085,0.05919313800740589,0.039817400533683614,101,development,True,False,1.344212624749497,9504.0,435.9726516618276,702.4907282819895,0.75,0.95
R0998,0.85,0.35,0.0,0.24686041214707413,0.9070532573683935,0.06266794171378699,0.04041471740856007,101,development,False,False,,9504.0,435.9726516618276,702.4907282819895,0.75,0.95
R0999,0.85,0.35,0.05,0.2473306071610341,0.9093133093023744,0.061622117146660195,0.04023614559899516,101,development,False,False,,9504.0,435.9726516618276,702.4907282819895,0.75,0.95
R1000,0.85,0.35,0.1,0.24787906029112305,0.911563860461627,0.0605762925795334,0.04008822843254904,101,development,False,False,,9504.0,435.9726516618276,702.4907282819895,0.75,0.95
R1001,0.85,0.35,0.15,0.2484678539687903,0.9138050065710056,0.059530468012406586,0.03997074971630304,101,development,False,False,,9504.0,435.9726516618276,702.4907282819895,0.75,0.95
R1002,0.85,0.35,0.2,0.24907769245500966,0.9160368418810632,0.05848464344527979,0.039883432668333565,101,development,True,False,1.3537163495207674,9504.0,435.9726516618276,702.4907282819895,0.75,0.95
R1003,0.85,0.35,0.25,0.24970158982089166,0.9182594591982794,0.057438818878153,0.0398259408065024,101,development,True,False,1.3541064199805999,9504.0,435.9726516618276,702.4907282819895,0.75,0.95
R1004,0.85,0.35,0.3,0.2503746337791937,0.9204729499145138,0.056392994311026186,0.039797879515871534,101,development,True,False,1.3554627694197352,9504.0,435.9726516618276,702.4907282819895,0.75,0.95
R1005,0.85,0.35,0.35,0.25106969728938905,0.9230932275945296,0.05534716974389937,0.039798798262665976,101,development,True,False,1.3579480466526923,9504.0,435.9726516618276,702.4907282819895,0.75,0.95
R1006,0.85,0.4,0.0,0.24991308253799271,0.9192155770916252,0.05988424931831427,0.04043723349058433,101,development,False,False,,9504.0,435.9726516618276,702.4907282819895,0.75,0.95
R1007,0.85,0.4,0.05,0.25036213813103375,0.9214654204127178,0.058840565082419534,0.040258759172945024,101,development,False,False,,9504.0,435.9726516618276,702.4907282819895,0.75,0.95
R1008,0.85,0.4,0.1,0.25088908653868347,0.9237057707200235,0.0577968808465248,0.04011092435635606,101,development,False,False,,9504.0,435.9726516618276,702.4907282819895,0.75,0.95
R1009,0.85,0.4,0.15,0.2514793916728206,0.9259367237282764,0.056753196610630066,0.039993512601628894,101,development,False,False,,9504.0,435.9726516618276,702.4907282819895,0.75,0.95
R1010,0.85,0.4,0.2,0.25208440171624596,0.9281583736779268,0.05570951237473532,0.0399062469840776,101,development,False,False,,9504.0,435.9726516618276,702.4907282819895,0.75,0.95
R1011,0.85,0.4,0.25,0.252706269599375,0.9303708133653702,0.0546658281388406,0.039848790983844785,101,development,True,False,1.3665162496104473,9504.0,435.9726516618276,702.4907282819895,0.75,0.95
R1012,0.85,0.4,0.3,0.2533745134541784,0.9325741341723982,0.053622143902945854,0.03982075005292476,101,development,True,False,1.3678973219042647,9504.0,435.9726516618276,702.4907282819895,0.75,0.95
R1013,0.85,0.4,0.35,0.25406701472292925,0.9351842496537274,0.052578459667051124,0.039821673826837475,101,development,True,False,1.3704061360906916,9504.0,435.9726516618276,702.4907282819895,0.75,0.95
R1014,0.85,0.4,0.4,0.25475795593599054,0.9377886293616616,0.05153477543115638,0.03985105893301428,101,development,True,False,1.3737369678189526,9504.0,435.9726516618276,702.4907282819895,0.75,0.95
R1015,0.85,0.45,0.0,0.2529814240110749,0.9310840652830329,0.05712951397611444,0.04049977479741961,101,development,False,False,,9504.0,435.9726516618276,702.4907282819895,0.75,0.95
R1016,0.85,0.45,0.05,0.2534247885109912,0.933323756522351,0.05608797007145176,0.04032149828804443,101,development,False,False,,9504.0,435.9726516618276,702.4907282819895,0.75,0.95
R1017,0.85,0.45,0.1,0.25390913849443886,0.9355539618206724,0.05504642616678912,0.04017381733816538,101,development,False,False,,9504.0,435.9726516618276,702.4907282819895,0.75,0.95
R1018,0.85,0.45,0.15,0.2544994174983968,0.937774776884273,0.05400488226212644,0.04005651499537928,101,development,False,False,,9504.0,435.9726516618276,702.4907282819895,0.75,0.95
R1019,0.85,0.45,0.2,0.25510115516441384,0.9399862959451589,0.052963338357463766,0.03996931411626594,101,development,False,False,,9504.0,435.9726516618276,702.4907282819895,0.75,0.95
R1020,0.85,0.45,0.25,0.25572415088026296,0.9421886117912953,0.05192179445280111,0.039911878259034694,101,development,False,False,,9504.0,435.9726516618276,702.4907282819895,0.75,0.95
R1021,0.85,0.45,0.3,0.25639074688724406,0.9443818157960581,0.050880250548138425,0.039883813247457094,101,development,True,False,1.3814586795669879,9504.0,435.9726516618276,702.4907282819895,0.75,0.95
R1022,0.85,0.45,0.35,0.2570793777507673,0.9469818215057598,0.04983870664347577,0.039884669374174814,101,development,True,False,1.3839830614504964,9504.0,435.9726516618276,702.4907282819895,0.75,0.95
R1023,0.85,0.45,0.4,0.2577668232467577,0.9495760984643162,0.0487971627388131,0.03991394419576283,101,development,True,False,1.3873251361866754,9504.0,435.9726516618276,702.4907282819895,0.75,0.95
R1024,0.85,0.45,0.45,0.25845819655621927,0.9521596346828277,0.04775561883415044,0.03997108585817141,101,development,True,False,1.3914765361290458,9504.0,435.9726516618276,702.4907282819895,0.75,0.95
R1025,0.85,0.5,0.0,0.25602854242050205,0.9426670452042686,0.05440339945216106,0.040600251674526404,101,development,False,False,,9504.0,435.9726516618276,702.4907282819895,0.75,0.95
R1026,0.85,0.5,0.05,0.2564705249396337,0.9448966403578472,0.053363995878730454,0.04042226432090032,101,development,False,False,,9504.0,435.9726516618276,702.4907282819895,0.75,0.95
R1027,0.85,0.5,0.1,0.2569293225322215,0.9471167559675594,0.05232459230529985,0.04027480153640941,101,development,False,False,,9504.0,435.9726516618276,702.4907282819895,0.75,0.95
R1028,0.85,0.5,0.15,0.2575075767818114,0.9493274877327188,0.05128518873186925,0.0401576456177093,101,development,False,False,,9504.0,435.9726516618276,702.4907282819895,0.75,0.95
R1029,0.85,0.5,0.2,0.2581061675473345,0.9515289298783798,0.05024578515843865,0.040070519142559644,101,development,False,False,,9504.0,435.9726516618276,702.4907282819895,0.75,0.95
R1030,0.85,0.5,0.25,0.2587271773264764,0.9537211751855663,0.04920638158500807,0.040013085865361564,101,development,False,False,,9504.0,435.9726516618276,702.4907282819895,0.75,0.95
R1031,0.85,0.5,0.3,0.2593893881130329,0.9559043150207219,0.04816697801157746,0.039984952275363674,101,development,False,False,,9504.0,435.9726516618276,702.4907282819895,0.75,0.95
R1032,0.85,0.5,0.35,0.2600810950445766,0.9584942629232388,0.047127574438146864,0.03998566978586275,101,development,True,False,1.3985513775495058,9504.0,435.9726516618276,702.4907282819895,0.75,0.95
R1033,0.85,0.5,0.4,0.26077142644654644,0.9610784884301218,0.04608817086471625,0.04001473750730489,101,development,True,False,1.401913600690724,9504.0,435.9726516618276,702.4907282819895,0.75,0.95
R1034,0.85,0.5,0.45,0.2614609845374573,0.9636519795455704,0.045048767291285666,0.04007160554369501,101,development,True,False,1.406072254267505,9504.0,435.9726516618276,702.4907282819895,0.75,0.95
R1035,0.85,0.5,0.5,0.26218387594104775,0.966214841261538,0.04400936371785506,0.040155678740687886,101,development,True,False,1.4110822158257326,9504.0,435.9726516618276,702.4907282819895,0.75,0.95
R1036,0.85,0.55,0.0,0.25904029459549865,0.9539725524672918,0.05170890111484823,0.04073683208442474,101,development,False,False,,9504.0,435.9726516618276,702.4907282819895,0.75,0.95
R1037,0.85,0.55,0.05,0.25947988507551034,0.9561921070029604,0.05067163787264971,0.04055921697958074,101,development,False,False,,9504.0,435.9726516618276,702.4907282819895,0.75,0.95
R1038,0.85,0.55,0.1,0.25993565491134657,0.95840218772849,0.04963437463045118,0.04041203009364125,101,development,False,False,,9504.0,435.9726516618276,702.4907282819895,0.75,0.95
R1039,0.85,0.55,0.15,0.26047947134365723,0.960602890337566,0.04859711138825264,0.040295052764585726,101,development,False,False,,9504.0,435.9726516618276,702.4907282819895,0.75,0.95
R1040,0.85,0.55,0.2,0.26107643139933306,0.9627943090496224,0.047559848146054115,0.04020800724751773,101,development,False,False,,9504.0,435.9726516618276,702.4907282819895,0.75,0.95
R1041,0.85,0.55,0.25,0.26170625577294054,0.964976536640069,0.04652258490385558,0.040150557613428506,101,development,False,False,,9504.0,435.9726516618276,702.4907282819895,0.75,0.95
R1042,0.85,0.55,0.3,0.2623741360864781,0.9671496644697459,0.04548532166165706,0.04012231129910588,101,development,False,False,,9504.0,435.9726516618276,702.4907282819895,0.75,0.95
R1043,0.85,0.55,0.35,0.2630640357959766,0.9697296060724451,0.044448058419458515,0.04012282127684664,101,development,True,False,1.4140366352765248,9504.0,435.9726516618276,702.4907282819895,0.75,0.95
R1044,0.85,0.55,0.4,0.26375146793214205,0.9723038309795816,0.043410795177259986,0.0401515887975947,101,development,True,False,1.4174039113643668,9504.0,435.9726516618276,702.4907282819895,0.75,0.95
R1045,0.85,0.55,0.45,0.26443615426306644,0.9748673271897719,0.04237353193506145,0.04020806664797127,101,development,True,False,1.4215614010986193,9504.0,435.9726516618276,702.4907282819895,0.75,0.95
R1046,0.85,0.55,0.5,0.2651541870767466,0.9774201996893938,0.04133626869286292,0.04029166285091041,101,development,True,False,1.4265678849942676,9504.0,435.9726516618276,702.4907282819895,0.75,0.95
R1047,0.85,0.55,0.55,0.26589541866909044,0.9799625518974948,0.04029900545066438,0.04040174473163552,101,development,True,False,1.432393015855761,9504.0,435.9726516618276,702.4907282819895,0.75,0.95
R1048,0.85,0.6,0.0,0.2620495757055099,0.9650083500757806,0.04905784706765822,0.04090793576990195,101,development,False,False,,9504.0,435.9726516618276,702.4907282819895,0.75,0.95
R1049,0.85,0.6,0.05,0.2624867771551124,0.9672179189399269,0.04802272415669177,0.04073076891697448,101,development,False,False,,9504.0,435.9726516618276,702.4907282819895,0.75,0.95
R1050,0.85,0.6,0.1,0.26294638717216845,0.9694180190762841,0.0469876012457253,0.040583910181553495,101,development,False,False,,9504.0,435.9726516618276,702.4907282819895,0.75,0.95
R1051,0.85,0.6,0.15,0.26346592262414686,0.9716087461740878,0.04595247833475884,0.040467139764255027,101,development,False,False,,9504.0,435.9726516618276,702.4907282819895,0.75,0.95
R1052,0.85,0.6,0.2,0.26405963526581167,0.9737901944483273,0.04491735542379238,0.04038017956891404,101,development,False,False,,9504.0,435.9726516618276,702.4907282819895,0.75,0.95
R1053,0.85,0.6,0.25,0.2646904169354047,0.975962456669973,0.04388223251282592,0.040322694104677675,101,development,False,False,,9504.0,435.9726516618276,702.4907282819895,0.75,0.95
R1054,0.85,0.6,0.3,0.26535649949946594,0.9781256241954311,0.04284710960185946,0.040294292025125474,101,development,False,False,,9504.0,435.9726516618276,702.4907282819895,0.75,0.95
R1055,0.85,0.6,0.35,0.266044602501204,0.9806956105540645,0.04181198669089299,0.04029452827349734,101,development,False,False,,9504.0,435.9726516618276,702.4907282819895,0.75,0.95
R1056,0.85,0.6,0.4,0.2667302389703332,0.9832598852728655,0.04077686377992652,0.040322906788540204,101,development,True,False,1.4338016086319814,9504.0,435.9726516618276,702.4907282819895,0.75,0.95
R1057,0.85,0.6,0.45,0.26741313067395583,0.9858134363460316,0.03974174086896007,0.04037888371274258,101,development,True,False,1.4379615136002175,9504.0,435.9726516618276,702.4907282819895,0.75,0.95
R1058,0.85,0.6,0.5,0.26812936989907976,0.9883563687555279,0.0387066179579936,0.04046187103431492,101,development,True,False,1.4429691157187383,9504.0,435.9726516618276,702.4907282819895,0.75,0.95
R1059,0.85,0.6,0.55,0.2688688089406254,0.990888785915995,0.037671495047027145,0.04057124058654893,101,development,True,False,1.4487938930914235,9504.0,435.9726516618276,702.4907282819895,0.75,0.95
R1060,0.85,0.6,0.6,0.2696052502544339,0.9934107897058927,0.03663637213606068,0.040706328323340424,101,development,True,False,1.4553758603900253,9504.0,435.9726516618276,702.4907282819895,0.75,0.95
R1061,0.85,0.65,0.0,0.2650414687462148,0.9757819421869801,0.046441489201326895,0.04111171667465642,101,development,False,False,,9504.0,435.9726516618276,702.4907282819895,0.75,0.95
R1062,0.85,0.65,0.05,0.26548435259616493,0.9779815798112071,0.04540850662159251,0.040935065025798474,101,development,False,False,,9504.0,435.9726516618276,702.4907282819895,0.75,0.95
R1063,0.85,0.65,0.1,0.2659542353383807,0.9801717531504162,0.04437552404185811,0.04078857951645848,101,development,False,False,,9504.0,435.9726516618276,702.4907282819895,0.75,0.95
R1064,0.85,0.65,0.15,0.2664570480758014,0.9823525578904211,0.043342541462123726,0.04067203906590913,101,development,False,False,,9504.0,435.9726516618276,702.4907282819895,0.75,0.95
R1065,0.85,0.65,0.2,0.26702462017884665,0.9845240882427927,0.04230955888238933,0.04058516521684464,101,development,False,False,,9504.0,435.9726516618276,702.4907282819895,0.75,0.95
R1066,0.85,0.65,0.25,0.267656360077862,0.9866864369750862,0.041276576302654945,0.04052762304063736,101,development,False,False,,9504.0,435.9726516618276,702.4907282819895,0.75,0.95
R1067,0.85,0.65,0.3,0.2683206554380484,0.9888396954402964,0.04024359372292055,0.04049902266326362,101,development,False,False,,9504.0,435.9726516618276,702.4907282819895,0.75,0.95
R1068,0.85,0.65,0.35,0.26900697214630354,0.9913997771643789,0.03921061114318615,0.04049892138148603,101,development,False,False,,9504.0,435.9726516618276,702.4907282819895,0.75,0.95
R1069,0.85,0.65,0.4,0.26969082323158,0.9939541516709208,0.03817762856345176,0.04052682632484373,101,development,True,False,1.4510253447398869,9504.0,435.9726516618276,702.4907282819895,0.75,0.95
R1070,0.85,0.65,0.45,0.27037193046021846,0.9964978069507207,0.03714464598371737,0.0405821976067343,101,development,True,False,1.4551851510484557,9504.0,435.9726516618276,702.4907282819895,0.75,0.95
R1071,0.85,0.65,0.5,0.27108638611846636,0.9990308479823456,0.036111663403982974,0.040664451897850555,101,development,True,False,1.4601923006414237,9504.0,435.9726516618276,702.4907282819895,0.75,0.95
R1072,0.85,0.65,0.55,0.27182404250048453,1.001553378177042,0.03507868082424858,0.040772966347799006,101,development,True,False,1.466016058488729,9504.0,435.9726516618276,702.4907282819895,0.75,0.95
R1073,0.85,0.65,0.6,0.27255870206135546,1.004065499409881,0.034045698244514186,0.04090708277605676,101,development,True,False,1.4725961941249883,9504.0,435.9726516618276,702.4907282819895,0.75,0.95
R1074,0.85,0.65,0.65,0.27329675583474183,1.0065179232684747,0.03302730420139823,0.04106733102155891,101,development,True,False,1.4799495285710942,9504.0,435.9726516618276,702.4907282819895,0.75,0.95
R1075,0.85,0.7,0.0,0.26802075874929054,0.9863005866851032,0.04385240491358801,0.0413463029378204,101,development,False,False,,9504.0,435.9726516618276,702.4907282819895,0.75,0.95
R1076,0.85,0.7,0.05,0.26846185393105115,0.9884903469927774,0.042821562665085675,0.041170224213012495,101,development,False,False,,9504.0,435.9726516618276,702.4907282819895,0.75,0.95
R1077,0.85,0.7,0.1,0.26893443608527134,0.9906706468302048,0.04179072041658335,0.04102414971303423,101,development,False,False,,9504.0,435.9726516618276,702.4907282819895,0.75,0.95
R1078,0.85,0.7,0.15,0.2694354697153359,0.9928415818806585,0.04075987816808102,0.0409078569671408,101,development,False,False,,9504.0,435.9726516618276,702.4907282819895,0.75,0.95
R1079,0.85,0.7,0.2,0.2699665488714979,0.9950032463531727,0.0397290359195787,0.04082106716576722,101,development,False,False,,9504.0,435.9726516618276,702.4907282819895,0.75,0.95
R1080,0.85,0.7,0.25,0.2705947849608372,0.9971557330127682,0.03869819367107638,0.040763446068519296,101,development,False,False,,9504.0,435.9726516618276,702.4907282819895,0.75,0.95
R1081,0.85,0.7,0.3,0.271257303561589,0.9992991332099064,0.037667351422574054,0.04073460551460247,101,development,False,False,,9504.0,435.9726516618276,702.4907282819895,0.75,0.95
R1082,0.85,0.7,0.35,0.2719418442919174,1.0018493604680134,0.03663650917407172,0.04073410550585961,101,development,False,False,,9504.0,435.9726516618276,702.4907282819895,0.75,0.95
R1083,0.85,0.7,0.4,0.2726239201802093,1.0043938843081481,0.0356056669255694,0.04076145681913927,101,development,False,False,,9504.0,435.9726516618276,702.4907282819895,0.75,0.95
R1084,0.85,0.7,0.45,0.2733032529922407,1.0069276927185824,0.03457482467706707,0.040816124092970786,101,development,False,False,,9504.0,435.9726516618276,702.4907282819895,0.75,0.95
R1085,0.85,0.7,0.5,0.27401593501369464,1.009450890675361,0.033543982428564746,0.040897529323929795,101,development,True,False,1.4781763018555019,9504.0,435.9726516618276,702.4907282819895,0.75,0.95
R1086,0.85,0.7,0.55,0.2747518185381681,1.0119635815872094,0.03251314018006242,0.04100505570095899,101,development,True,False,1.4839980822112577,9504.0,435.9726516618276,702.4907282819895,0.75,0.95
R1087,0.85,0.7,0.6,0.2754847060201805,1.014465867326679,0.0314822979315601,0.0411380517014336,101,development,True,False,1.4905762046166304,9504.0,435.9726516618276,702.4907282819895,0.75,0.95
R1088,0.85,0.7,0.65,0.27622141310800735,1.0169108163782299,0.030465531055071556,0.04129712264441255,101,development,True,False,1.4979311834036153,9504.0,435.9726516618276,702.4907282819895,0.75,0.95
R1089,0.85,0.7,0.7,0.27697071603585965,1.0191964969553748,0.029493395034648817,0.041485380335356786,101,development,True,False,1.5061375716544356,9504.0,435.9726516618276,702.4907282819895,0.75,0.95
R1090,0.85,0.75,0.0,0.27097937754827006,0.9965713066478389,0.04129025796941501,0.04161008321405703,101,development,False,False,,9504.0,435.9726516618276,702.4907282819895,0.75,0.95
R1091,0.85,0.75,0.05,0.27141869488858267,0.9987512430605369,0.040261556052144765,0.04143462719853225,101,development,False,False,,9504.0,435.9726516618276,702.4907282819895,0.75,0.95
R1092,0.85,0.75,0.1,0.2718939661841897,1.0009217222011177,0.039232854134874505,0.04128899533812854,101,development,False,False,,9504.0,435.9726516618276,702.4907282819895,0.75,0.95
R1093,0.85,0.75,0.15,0.2723932314319583,1.0030828397510596,0.038204152217604245,0.04117296369526855,101,development,False,False,,9504.0,435.9726516618276,702.4907282819895,0.75,0.95
R1094,0.85,0.75,0.2,0.2729020665065246,1.0052346899175992,0.03717545030033399,0.041086253133348634,101,development,False,False,,9504.0,435.9726516618276,702.4907282819895,0.75,0.95
R1095,0.85,0.75,0.25,0.273512667527257,1.0073773654639646,0.03614674838306373,0.04102853022680838,101,development,False,False,,9504.0,435.9726516618276,702.4907282819895,0.75,0.95
R1096,0.85,0.75,0.3,0.27417341971316445,1.009510957738823,0.03511804646579348,0.040999408753877635,101,development,False,False,,9504.0,435.9726516618276,702.4907282819895,0.75,0.95
R1097,0.85,0.75,0.35,0.2748561946836647,1.01205138026381,0.03408934454852322,0.0409984517428238,101,development,False,False,,9504.0,435.9726516618276,702.4907282819895,0.75,0.95
R1098,0.85,0.75,0.4,0.27553650546674446,1.0145861025581941,0.03306064263125296,0.041025174029701864,101,development,False,False,,9504.0,435.9726516618276,702.4907282819895,0.75,0.95
R1099,0.85,0.75,0.45,0.27621407382778,1.0171101126084583,0.0320319407139827,0.04107904527441982,101,development,False,False,,9504.0,435.9726516618276,702.4907282819895,0.75,0.95
R1100,0.85,0.75,0.5,0.27692499205205523,1.01962351538886,0.03100323879671245,0.04115949337279739,101,development,False,False,,9504.0,435.9726516618276,702.4907282819895,0.75,0.95
R1101,0.85,0.75,0.55,0.2776591124327681,1.0221264143063387,0.029974536879442192,0.041265908195514726,101,development,True,False,1.5027239714775942,9504.0,435.9726516618276,702.4907282819895,0.75,0.95
R1102,0.85,0.75,0.6,0.2783902374240391,1.0246189112316613,0.028945834962171936,0.04139764558058087,101,development,False,False,,9504.0,435.9726516618276,702.4907282819895,0.75,0.95
R1103,0.85,0.75,0.65,0.27912560503159917,1.0270564205564028,0.027930695252310792,0.04155539940892798,101,development,False,False,,9504.0,435.9726516618276,702.4907282819895,0.75,0.95
R1104,0.85,0.75,0.7,0.27987490795945147,1.0293421011335477,0.02695855923188806,0.041742452834975595,101,development,True,False,1.5248790038684255,9504.0,435.9726516618276,702.4907282819895,0.75,0.95
R1105,0.85,0.75,0.75,0.2806249936991752,1.0316177834073164,0.025986423211465326,0.041954330022884366,101,development,True,False,1.5339003508713456,9504.0,435.9726516618276,702.4907282819895,0.75,0.95
R1106,0.85,0.8,0.0,0.273906594659036,1.008112502642344,0.03876717872299902,0.041901970557117044,101,development,False,False,,9504.0,435.9726516618276,702.4907282819895,0.75,0.95
R1107,0.85,0.8,0.05,0.2743455183785521,1.0093236869279287,0.037740617136960836,0.04172718150963583,101,development,False,False,,9504.0,435.9726516618276,702.4907282819895,0.75,0.95
R1108,0.85,0.8,0.1,0.2748220950729614,1.0107811004491603,0.03671405555092265,0.04158201982502065,101,development,False,False,,9504.0,435.9726516618276,702.4907282819895,0.75,0.95
R1109,0.85,0.8,0.15,0.27531960255771126,1.0129324522143428,0.035687493964884465,0.041466260047763395,101,development,False,False,,9504.0,435.9726516618276,702.4907282819895,0.75,0.95
R1110,0.85,0.8,0.2,0.2758228666134435,1.0150745391863847,0.034660932378846265,0.04137962275195444,101,development,False,False,,9504.0,435.9726516618276,702.4907282819895,0.75,0.95
R1111,0.85,0.8,0.25,0.2763992763947546,1.0172074541273242,0.03363437079280808,0.04132177545259939,101,development,False,False,,9504.0,435.9726516618276,702.4907282819895,0.75,0.95
R1112,0.85,0.8,0.3,0.27705827241184783,1.0193312883846422,0.032607809206769894,0.041292334078620214,101,development,False,False,,9504.0,435.9726516618276,702.4907282819895,0.75,0.95
R1113,0.85,0.8,0.35,0.2777392917444052,1.0218619554787869,0.0315812476207317,0.0412908649790778,101,development,False,False,,9504.0,435.9726516618276,702.4907282819895,0.75,0.95
R1114,0.85,0.8,0.4,0.27841784742014875,1.0243869249278417,0.030554686034693516,0.04131688742198923,101,development,False,False,,9504.0,435.9726516618276,702.4907282819895,0.75,0.95
R1115,0.85,0.8,0.45,0.2790936612041902,1.0269011847171037,0.029528124448655328,0.041369876534505495,101,development,False,False,,9504.0,435.9726516618276,702.4907282819895,0.75,0.95
R1116,0.85,0.8,0.5,0.279802825381549,1.029404839819646,0.02850156286261714,0.04144926662455716,101,development,False,False,,9504.0,435.9726516618276,702.4907282819895,0.75,0.95
R1117,0.85,0.8,0.55,0.28053519224515894,1.0318979936412245,0.027475001276578953,0.041554454817648225,101,development,False,False,,9504.0,435.9726516618276,702.4907282819895,0.75,0.95
R1118,0.85,0.8,0.6,0.2812645642488764,1.0343807480514233,0.026448439690540768,0.04168480493842779,101,development,False,False,,9504.0,435.9726516618276,702.4907282819895,0.75,0.95
R1119,0.85,0.8,0.65,0.28199859951834716,1.0368108524470296,0.025434927147307013,0.04184111186909053,101,development,False,False,,9504.0,435.9726516618276,702.4907282819895,0.75,0.95
R1120,0.85,0.8,0.7,0.28274790244619946,1.0390965330241746,0.024462791126884285,0.04202685520170094,101,development,True,False,1.5442492004647912,9504.0,435.9726516618276,702.4907282819895,0.75,0.95
R1121,0.85,0.8,0.75,0.28349798818592326,1.0413722152979432,0.023490655106461547,0.04223726767285345,101,development,True,False,1.553288382387595,9504.0,435.9726516618276,702.4907282819895,0.75,0.95
R1122,0.85,0.8,0.8,0.28424970960076656,1.0436379951439543,0.02251851908603881,0.04247156653727136,101,development,True,False,1.5631237266374793,9504.0,435.9726516618276,702.4907282819895,0.75,0.95
R1123,0.85,0.85,0.0,0.27678355139879385,1.0199641042111782,0.036297535453370756,0.042221204975206456,101,development,False,False,,9504.0,435.9726516618276,702.4907282819895,0.75,0.95
R1124,0.85,0.85,0.05,0.2772259261454782,1.0211655699648388,0.035273114198564645,0.04204712325474091,101,development,False,False,,9504.0,435.9726516618276,702.4907282819895,0.75,0.95
R1125,0.85,0.85,0.1,0.277699963992343,1.0223616540310954,0.03424869294375853,0.04190245660591569,101,development,False,False,,9504.0,435.9726516618276,702.4907282819895,0.75,0.95
R1126,0.85,0.85,0.15,0.2781957242289781,1.0235524101941493,0.03322427168895241,0.04178697802570081,101,development,False,False,,9504.0,435.9726516618276,702.4907282819895,0.75,0.95
R1127,0.85,0.85,0.2,0.2786999578297438,1.0247378914243475,0.03219985043414629,0.04170040784635667,101,development,False,False,,9504.0,435.9726516618276,702.4907282819895,0.75,0.95
R1128,0.85,0.85,0.25,0.2792493538687609,1.026351280914518,0.031175429179340165,0.04164241464703063,101,development,False,False,,9504.0,435.9726516618276,702.4907282819895,0.75,0.95
R1129,0.85,0.85,0.3,0.2798930019890312,1.0284654066232326,0.03015100792453405,0.04161261670507749,101,development,False,False,,9504.0,435.9726516618276,702.4907282819895,0.75,0.95
R1130,0.85,0.85,0.35,0.28057227571054216,1.030986367163302,0.02912658666972792,0.04161058395940994,101,development,False,False,,9504.0,435.9726516618276,702.4907282819895,0.75,0.95
R1131,0.85,0.85,0.4,0.28124908618410976,1.0335016320520989,0.028102165414921804,0.04163584044669742,101,development,False,False,,9504.0,435.9726516618276,702.4907282819895,0.75,0.95
R1132,0.85,0.85,0.45,0.2819231551746872,1.0360061892742103,0.027077744160115682,0.04168786716122053,101,development,False,False,,9504.0,435.9726516618276,702.4907282819895,0.75,0.95
R1133,0.85,0.85,0.5,0.2826305749671355,1.0385001438019987,0.026053322905309564,0.04176610528102182,101,development,False,False,,9504.0,435.9726516618276,702.4907282819895,0.75,0.95
R1134,0.85,0.85,0.55,0.28336119785423014,1.04098359904051,0.02502890165050345,0.04186995969692796,101,development,False,False,,9504.0,435.9726516618276,702.4907282819895,0.75,0.95
R1135,0.85,0.85,0.6,0.28408882628966925,1.0434566568586185,0.02400448039569733,0.04199880277719212,101,development,False,False,,9504.0,435.9726516618276,702.4907282819895,0.75,0.95
R1136,0.85,0.85,0.65,0.2848215363008605,1.0458793908432982,0.022992595019090983,0.04215354217547106,101,development,False,False,,9504.0,435.9726516618276,702.4907282819895,0.75,0.95
R1137,0.85,0.85,0.7,0.2855708392287128,1.048165071420443,0.02202045899866825,0.04233787774135679,101,development,False,False,,9504.0,435.9726516618276,702.4907282819895,0.75,0.95
R1138,0.85,0.85,0.75,0.2863209249684365,1.0504407536942115,0.021048322978245517,0.04254671535834311,101,development,True,False,1.5731029435965946,9504.0,435.9726516618276,702.4907282819895,0.75,0.95
R1139,0.85,0.85,0.8,0.2870726463832799,1.0527065335402226,0.020076186957822775,0.04277928308078142,101,development,True,False,1.5829581962830719,9504.0,435.9726516618276,702.4907282819895,0.75,0.95
R1140,0.85,0.85,0.85,0.2878493679713771,1.054962505442862,0.019104050937400047,0.043034793691840406,101,development,False,False,,9504.0,435.9726516618276,702.4907282819895,0.75,0.95
R1141,0.9,0.0,0.0,0.23293746359024653,0.8363434449937821,0.0763813478741476,0.04232065367661138,101,development,True,False,1.367018118151404,9504.0,435.9726516618276,702.4907282819895,0.75,0.95
R1142,0.9,0.05,0.0,0.23561111080010388,0.8485793878527611,0.073561615984862,0.041977707503849805,101,development,True,False,1.364868754954537,9504.0,435.9726516618276,702.4907282819895,0.75,0.95
R1143,0.9,0.05,0.05,0.23607879908476842,0.8507018004233836,0.07256150078383876,0.04178671521090502,101,development,True,False,1.3598196486447771,9504.0,435.9726516618276,702.4907282819895,0.75,0.95
R1144,0.9,0.1,0.0,0.23833634449233732,0.8613728072608601,0.0707690039513366,0.04169044385364611,101,development,True,False,1.365488850640132,9504.0,435.9726516618276,702.4907282819895,0.75,0.95
R1145,0.9,0.1,0.05,0.23881811988753113,0.8634886077396272,0.069770264677534,0.04149845879038135,101,development,True,False,1.3606177510343962,9504.0,435.9726516618276,702.4907282819895,0.75,0.95
R1146,0.9,0.1,0.1,0.23933537829851162,0.8655950506688463,0.06877152540373138,0.041337186968644885,101,development,True,False,1.3569048568002207,9504.0,435.9726516618276,702.4907282819895,0.75,0.95
R1147,0.9,0.15,0.0,0.24106012334228236,0.8738754096696537,0.06800329734019933,0.04145652594687235,101,development,True,False,1.3681379215568072,9504.0,435.9726516618276,702.4907282819895,0.75,0.95
R1148,0.9,0.15,0.05,0.24155347276720093,0.8759846353278031,0.06700593399361734,0.04126372977050651,101,development,True,False,1.363428146085951,9504.0,435.9726516618276,702.4907282819895,0.75,0.95
R1149,0.9,0.15,0.1,0.24207026273144217,0.8780845083885539,0.06600857064703536,0.041101813471221965,101,development,True,False,1.3598409757355836,9504.0,435.9726516618276,702.4907282819895,0.75,0.95
R1150,0.9,0.15,0.15,0.24259404788796757,0.8801751243165604,0.06501120730045336,0.04097058807921233,101,development,True,False,1.3573102734542195,9504.0,435.9726516618276,702.4907282819895,0.75,0.95
R1151,0.9,0.2,0.0,0.24384891553630994,0.8860951903221866,0.06526428171807805,0.04127363978993768,101,development,False,False,,9504.0,435.9726516618276,702.4907282819895,0.75,0.95
R1152,0.9,0.2,0.05,0.2443449977948778,0.8881978780834104,0.06426829429871667,0.041080210399514164,101,development,True,False,1.3681794122489275,9504.0,435.9726516618276,702.4907282819895,0.75,0.95
R1153,0.9,0.2,0.1,0.2448607042534725,0.8902912178731225,0.0632723068793553,0.04091779259701687,101,development,True,False,1.364704993499475,9504.0,435.9726516618276,702.4907282819895,0.75,0.95
R1154,0.9,0.2,0.15,0.2453846476615693,0.8923753051505398,0.06227631945999391,0.040786199269395994,101,development,True,False,1.362276477579786,9504.0,435.9726516618276,702.4907282819895,0.75,0.95
R1155,0.9,0.2,0.2,0.24594919084329303,0.8944502339012207,0.06128033204063253,0.04068518246205818,101,development,True,False,1.3609233022322957,9504.0,435.9726516618276,702.4907282819895,0.75,0.95
R1156,0.9,0.25,0.0,0.2466514280036611,0.8980759158051755,0.06255174265160064,0.04113950177382261,101,development,False,False,,9504.0,435.9726516618276,702.4907282819895,0.75,0.95
R1157,0.9,0.25,0.05,0.24713926612205422,0.9001721022499695,0.061557131159459884,0.04094561186661479,101,development,False,False,,9504.0,435.9726516618276,702.4907282819895,0.75,0.95
R1158,0.9,0.25,0.1,0.24765462043385308,0.9022589450286297,0.060562519667319126,0.04078283106485015,101,development,True,False,1.371253503400948,9504.0,435.9726516618276,702.4907282819895,0.75,0.95
R1159,0.9,0.25,0.15,0.2481821774643551,0.9043365395956352,0.059567908175178354,0.04065097363250185,101,development,True,False,1.3689226332588893,9504.0,435.9726516618276,702.4907282819895,0.75,0.95
R1160,0.9,0.25,0.2,0.24874709148627194,0.9064049799318127,0.058573296683037596,0.04054979235138938,101,development,True,False,1.3676494875493492,9504.0,435.9726516618276,702.4907282819895,0.75,0.95
R1161,0.9,0.25,0.25,0.24933704091913156,0.9084643585745628,0.05757868519089684,0.04047897907908565,101,development,True,False,1.3673808009513926,9504.0,435.9726516618276,702.4907282819895,0.75,0.95
R1162,0.9,0.3,0.0,0.24949018009699264,0.9097957644494672,0.05986546570739501,0.04105186690409799,101,development,False,False,,9504.0,435.9726516618276,702.4907282819895,0.75,0.95
R1163,0.9,0.3,0.05,0.2499552368638698,0.9118854858194151,0.05887223014247487,0.040857682702641875,101,development,False,False,,9504.0,435.9726516618276,702.4907282819895,0.75,0.95
R1164,0.9,0.3,0.1,0.2504707547926768,0.9139658675137478,0.05787899457755472,0.040694671902647334,101,development,False,False,,9504.0,435.9726516618276,702.4907282819895,0.75,0.95
R1165,0.9,0.3,0.15,0.2510028143421805,0.9160370049828472,0.056885759012634575,0.04056264966406864,101,development,True,False,1.3771184285206255,9504.0,435.9726516618276,702.4907282819895,0.75,0.95
R1166,0.9,0.3,0.2,0.2515666884952552,0.9180989922034518,0.05589252344771443,0.04046136924061101,101,development,True,False,1.3759128068234343,9504.0,435.9726516618276,702.4907282819895,0.75,0.95
R1167,0.9,0.3,0.25,0.25215556679233564,0.9201519217088757,0.054899287882794294,0.04039052253106143,101,development,True,False,1.3757013639457674,9504.0,435.9726516618276,702.4907282819895,0.75,0.95
R1168,0.9,0.3,0.3,0.25280023213020186,0.9225333083989522,0.05390605231787412,0.040349741332052234,101,development,True,False,1.3767078205101826,9504.0,435.9726516618276,702.4907282819895,0.75,0.95
R1169,0.9,0.35,0.0,0.2523640754710871,0.9212546987192912,0.05720523645208905,0.04100853730184298,101,development,False,False,,9504.0,435.9726516618276,702.4907282819895,0.75,0.95
R1170,0.9,0.35,0.05,0.25278953813567884,0.9233379909212802,0.05621337681438952,0.04081421747158981,101,development,False,False,,9504.0,435.9726516618276,702.4907282819895,0.75,0.95
R1171,0.9,0.35,0.1,0.2532992706896189,0.9254119471288579,0.05522151717668997,0.04065110329842446,101,development,False,False,,9504.0,435.9726516618276,702.4907282819895,0.75,0.95
R1172,0.9,0.35,0.15,0.2538358491713332,0.927476662788899,0.054229657538990436,0.04051901036643372,101,development,False,False,,9504.0,435.9726516618276,702.4907282819895,0.75,0.95
R1173,0.9,0.35,0.2,0.25439865792541155,0.929532231874639,0.053237797901290906,0.04041769214082718,101,development,True,False,1.385564385756552,9504.0,435.9726516618276,702.4907282819895,0.75,0.95
R1174,0.9,0.35,0.25,0.2549874278835403,0.9315787469158946,0.052245938263591384,0.04034684051622061,101,development,True,False,1.385403905510368,9504.0,435.9726516618276,702.4907282819895,0.75,0.95
R1175,0.9,0.35,0.3,0.2556328447114954,0.9339537228090055,0.05125407862589185,0.04030608707029353,101,development,True,False,1.38645567590671,9504.0,435.9726516618276,702.4907282819895,0.75,0.95
R1176,0.9,0.35,0.35,0.25627944906913586,0.9363837597291437,0.05026221898819232,0.04029500499864615,101,development,True,False,1.3884335897121434,9504.0,435.9726516618276,702.4907282819895,0.75,0.95
R1177,0.9,0.4,0.0,0.2552506833352624,0.9324594826707698,0.05457084045231061,0.04100737064879099,101,development,False,False,,9504.0,435.9726516618276,702.4907282819895,0.75,0.95
R1178,0.9,0.4,0.05,0.25565371850949153,0.9345363812811417,0.05358035674183169,0.04081306541785224,101,development,False,False,,9504.0,435.9726516618276,702.4907282819895,0.75,0.95
R1179,0.9,0.4,0.1,0.25614452026921675,0.9366039472744356,0.05258987303135278,0.04064996741619379,101,development,False,False,,9504.0,435.9726516618276,702.4907282819895,0.75,0.95
R1180,0.9,0.4,0.15,0.2566824786126648,0.9386622760945569,0.051599389320873865,0.04051789219864817,101,development,False,False,,9504.0,435.9726516618276,702.4907282819895,0.75,0.95
R1181,0.9,0.4,0.2,0.2572411172672128,0.9407114617117726,0.05060890561039493,0.040416593192335155,101,development,False,False,,9504.0,435.9726516618276,702.4907282819895,0.75,0.95
R1182,0.9,0.4,0.25,0.2578284943143719,0.9427515966529385,0.04961842189991601,0.040345762245333976,101,development,True,False,1.3963707451219256,9504.0,435.9726516618276,702.4907282819895,0.75,0.95
R1183,0.9,0.4,0.3,0.2584711197194599,0.9451201958114327,0.048627938189437094,0.040305030880878764,101,development,True,False,1.3974542034726374,9504.0,435.9726516618276,702.4907282819895,0.75,0.95
R1184,0.9,0.4,0.35,0.2591166669543459,0.9475438593594728,0.04763745447895819,0.040293972232887956,101,development,True,False,1.3994601743600765,9504.0,435.9726516618276,702.4907282819895,0.75,0.95
R1185,0.9,0.4,0.4,0.25975951652309437,0.9499568512703828,0.04664697076847926,0.040312103621465145,101,development,True,False,1.4023199148632015,9504.0,435.9726516618276,702.4907282819895,0.75,0.95
R1186,0.9,0.45,0.0,0.25815667589082697,0.9434166134849251,0.05196206327468759,0.04104628829358922,101,development,False,False,,9504.0,435.9726516618276,702.4907282819895,0.75,0.95
R1187,0.9,0.45,0.05,0.2585509693008232,0.9454871537535636,0.05097295549142928,0.04085213877791726,101,development,False,False,,9504.0,435.9726516618276,702.4907282819895,0.75,0.95
R1188,0.9,0.45,0.1,0.2590039154191786,0.9475483644839313,0.04998384770817099,0.04068916887874131,101,development,False,False,,9504.0,435.9726516618276,702.4907282819895,0.75,0.95
R1189,0.9,0.45,0.15,0.2595452710049242,0.9496003411174517,0.04899473992491268,0.04055719369454647,101,development,False,False,,9504.0,435.9726516618276,702.4907282819895,0.75,0.95
R1190,0.9,0.45,0.2,0.2601028570186802,0.9516431776219109,0.04800563214165439,0.040455966381156235,101,development,False,False,,9504.0,435.9726516618276,702.4907282819895,0.75,0.95
R1191,0.9,0.45,0.25,0.2606919385616474,0.9536769665216859,0.04701652435839608,0.040385178704015846,101,development,False,False,,9504.0,435.9726516618276,702.4907282819895,0.75,0.95
R1192,0.9,0.45,0.3,0.2613321596226481,0.9560392227076795,0.046027416575137765,0.04034446229253959,101,development,True,False,1.4096433436693725,9504.0,435.9726516618276,702.4907282819895,0.75,0.95
R1193,0.9,0.45,0.35,0.2619735815531381,0.9584565463496378,0.045038308791879464,0.040333390572348395,101,development,True,False,1.4116664229252116,9504.0,435.9726516618276,702.4907282819895,0.75,0.95
R1194,0.9,0.45,0.4,0.26261776489724664,0.9608632014184133,0.04404920100862116,0.04035148133417336,101,development,True,False,1.4145484264808807,9504.0,435.9726516618276,702.4907282819895,0.75,0.95
R1195,0.9,0.45,0.45,0.26326088809118975,0.9632592942073326,0.04306009322536286,0.040398199882837535,101,development,True,False,1.4182648619277227,9504.0,435.9726516618276,702.4907282819895,0.75,0.95
R1196,0.9,0.5,0.0,0.2610407888238785,0.9541323352488708,0.049378690485847886,0.041123282786246954,101,development,False,False,,9504.0,435.9726516618276,702.4907282819895,0.75,0.95
R1197,0.9,0.5,0.05,0.26143525721970956,0.9561965521032235,0.0483909586298102,0.04092942051629013,101,development,False,False,,9504.0,435.9726516618276,702.4907282819895,0.75,0.95
R1198,0.9,0.5,0.1,0.26186010758418893,0.958251442204837,0.047403226773772525,0.04076668267094689,101,development,False,False,,9504.0,435.9726516618276,702.4907282819895,0.75,0.95
R1199,0.9,0.5,0.15,0.2623915860488024,0.9602971009930887,0.04641549491773482,0.04063488349784098,101,development,False,False,,9504.0,435.9726516618276,702.4907282819895,0.75,0.95
R1200,0.9,0.5,0.2,0.2629450535188041,0.962333622433722,0.04542776306169715,0.04053377566915782,101,development,False,False,,9504.0,435.9726516618276,702.4907282819895,0.75,0.95
R1201,0.9,0.5,0.25,0.2635327780318245,0.9643610990490717,0.04444003120565946,0.0404630508404482,101,development,False,False,,9504.0,435.9726516618276,702.4907282819895,0.75,0.95
R1202,0.9,0.5,0.3,0.26417479532714605,0.9667170457280033,0.04345229934962177,0.040422340904667856,101,development,False,False,,9504.0,435.9726516618276,702.4907282819895,0.75,0.95
R1203,0.9,0.5,0.35,0.26482131505901435,0.969128062638223,0.042464567493584085,0.04041121991732634,101,development,True,False,1.4249157227685416,9504.0,435.9726516618276,702.4907282819895,0.75,0.95
R1204,0.9,0.5,0.4,0.26546596232992453,0.9715284137485497,0.0414768356375464,0.04042920665180713,101,development,True,False,1.4278149756958662,9504.0,435.9726516618276,702.4907282819895,0.75,0.95
R1205,0.9,0.5,0.45,0.2661079215108776,0.9739182053502762,0.04048910378150871,0.04047576772877958,101,development,True,False,1.4315412853533092,9504.0,435.9726516618276,702.4907282819895,0.75,0.95
R1206,0.9,0.5,0.5,0.2667861620210066,0.9762975421361365,0.03950137192547102,0.04055032125079122,101,development,True,False,1.4361578423084862,9504.0,435.9726516618276,702.4907282819895,0.75,0.95
R1207,0.9,0.55,0.0,0.26389692998399084,0.9646126515849757,0.046822998727044235,0.041236554546189276,101,development,False,False,,9504.0,435.9726516618276,702.4907282819895,0.75,0.95
R1208,0.9,0.55,0.05,0.26429157627825445,0.966670579634017,0.04583664279822717,0.041043101806619915,101,development,False,False,,9504.0,435.9726516618276,702.4907282819895,0.75,0.95
R1209,0.9,0.55,0.1,0.2647096994987594,0.968719183427727,0.04485028686941011,0.04088069230747689,101,development,False,False,,9504.0,435.9726516618276,702.4907282819895,0.75,0.95
R1210,0.9,0.55,0.15,0.26521202200143407,0.9707585584038282,0.04386393094059302,0.04074913908658164,101,development,False,False,,9504.0,435.9726516618276,702.4907282819895,0.75,0.95
R1211,0.9,0.55,0.2,0.26577109850247443,0.9727887985264113,0.04287757501177596,0.04064819414323351,101,development,False,False,,9504.0,435.9726516618276,702.4907282819895,0.75,0.95
R1212,0.9,0.55,0.25,0.26636744796381395,0.9748099963161604,0.04189121908295888,0.04057754900606952,101,development,False,False,,9504.0,435.9726516618276,702.4907282819895,0.75,0.95
R1213,0.9,0.55,0.3,0.26700942983752474,0.97715966666029,0.04090486315414181,0.04053683598623398,101,development,False,False,,9504.0,435.9726516618276,702.4907282819895,0.75,0.95
R1214,0.9,0.55,0.35,0.26765259605097214,0.9795644097248591,0.03991850722532474,0.040525630091811884,101,development,True,False,1.4391306988554067,9504.0,435.9726516618276,702.4907282819895,0.75,0.95
R1215,0.9,0.55,0.4,0.2682930609072992,0.9819584894770389,0.038932151296507664,0.040543451563013935,101,development,True,False,1.4420347925746873,9504.0,435.9726516618276,702.4907282819895,0.75,0.95
R1216,0.9,0.55,0.45,0.2689308498595076,0.9843420122064771,0.0379457953676906,0.040589768972779196,101,development,True,False,1.4457630817625,9504.0,435.9726516618276,702.4907282819895,0.75,0.95
R1217,0.9,0.55,0.5,0.2696049322366487,0.9867150826042635,0.036959439438873525,0.04066400282490521,101,development,True,False,1.4503788078206643,9504.0,435.9726516618276,702.4907282819895,0.75,0.95
R1218,0.9,0.55,0.55,0.27030144351495183,0.9890778037948705,0.03597308351005645,0.040765529572000414,101,development,True,False,1.4558431114446138,9504.0,435.9726516618276,702.4907282819895,0.75,0.95
R1219,0.9,0.6,0.0,0.2667550950518671,0.9748633372177319,0.044305746304410656,0.04138462909245462,101,development,False,False,,9504.0,435.9726516618276,702.4907282819895,0.75,0.95
R1220,0.9,0.6,0.05,0.2671500058415898,0.9769150107558645,0.04332076630281419,0.04119170022028401,101,development,False,False,,9504.0,435.9726516618276,702.4907282819895,0.75,0.95
R1221,0.9,0.6,0.1,0.2675792326914593,0.9789573622530097,0.04233578630121774,0.04102970887316802,101,development,False,False,,9504.0,435.9726516618276,702.4907282819895,0.75,0.95
R1222,0.9,0.6,0.15,0.2680559245625789,0.9809904871455807,0.04135080629962127,0.0408984665553626,101,development,False,False,,9504.0,435.9726516618276,702.4907282819895,0.75,0.95
R1223,0.9,0.6,0.2,0.26860665122693594,0.9830144793963616,0.04036582629802483,0.04079772442685827,101,development,False,False,,9504.0,435.9726516618276,702.4907282819895,0.75,0.95
R1224,0.9,0.6,0.25,0.26920458206169184,0.9850294315247295,0.039380846296428365,0.040727173882437656,101,development,False,False,,9504.0,435.9726516618276,702.4907282819895,0.75,0.95
R1225,0.9,0.6,0.3,0.269845411896854,0.9873728584165932,0.03839586629483191,0.04068644780330041,101,development,False,False,,9504.0,435.9726516618276,702.4907282819895,0.75,0.95
R1226,0.9,0.6,0.35,0.2704874265293625,0.9897713602367074,0.037410886293235454,0.04067512245732527,101,development,False,False,,9504.0,435.9726516618276,702.4907282819895,0.75,0.95
R1227,0.9,0.6,0.4,0.271126740262068,0.9921592009509402,0.036425906291639006,0.0406927200080134,101,development,True,False,1.4572196622820255,9504.0,435.9726516618276,702.4907282819895,0.75,0.95
R1228,0.9,0.6,0.45,0.27176337854767985,0.9945364868476365,0.035440926290042536,0.04073871157774133,101,development,True,False,1.4609538777680915,9504.0,435.9726516618276,702.4907282819895,0.75,0.95
R1229,0.9,0.6,0.5,0.27243631071495766,0.9969033226165845,0.03445594628844608,0.040812520798746116,101,development,True,False,1.4655737330958405,9504.0,435.9726516618276,702.4907282819895,0.75,0.95
R1230,0.9,0.6,0.55,0.27312943544256124,0.9992598113809578,0.033470966286849625,0.04091352777572749,101,development,True,False,1.4710358277622548,9504.0,435.9726516618276,702.4907282819895,0.75,0.95
R1231,0.9,0.6,0.6,0.273819630874481,1.0016060547284524,0.03248598628525316,0.0410410733773699,101,development,True,False,1.4772852546241286,9504.0,435.9726516618276,702.4907282819895,0.75,0.95
R1232,0.9,0.65,0.0,0.26961437642316305,0.9848899485584579,0.04181325451621228,0.041565441859837404,101,development,False,False,,9504.0,435.9726516618276,702.4907282819895,0.75,0.95
R1233,0.9,0.65,0.05,0.2700142446435358,0.9869354015693529,0.040829650441836444,0.0413731394720347,101,development,False,False,,9504.0,435.9726516618276,702.4907282819895,0.75,0.95
R1234,0.9,0.65,0.1,0.2704475534904645,0.9889715344755096,0.0398460463674606,0.04121164633079807,101,development,False,False,,9504.0,435.9726516618276,702.4907282819895,0.75,0.95
R1235,0.9,0.65,0.15,0.27090579332621845,0.9909984427123343,0.038862442293084755,0.04108077213037437,101,development,False,False,,9504.0,435.9726516618276,702.4907282819895,0.75,0.95
R1236,0.9,0.65,0.2,0.27143381496390484,0.993016220241604,0.037878838218708924,0.040980267056164484,101,development,False,False,,9504.0,435.9726516618276,702.4907282819895,0.75,0.95
R1237,0.9,0.65,0.25,0.2720333264999793,0.995024959581691,0.03689523414433308,0.04090982237661222,101,development,False,False,,9504.0,435.9726516618276,702.4907282819895,0.75,0.95
R1238,0.9,0.65,0.3,0.2726730110504486,0.9973621756175,0.035911630069957234,0.040869071692461775,101,development,False,False,,9504.0,435.9726516618276,702.4907282819895,0.75,0.95
R1239,0.9,0.65,0.35,0.27331388079825913,0.9997544685127805,0.0349280259955814,0.04085759281960781,101,development,False,False,,9504.0,435.9726516618276,702.4907282819895,0.75,0.95
R1240,0.9,0.65,0.4,0.27395205004603673,1.0021361022323976,0.03394442192120555,0.040874910266256365,101,development,True,False,1.4732801159352436,9504.0,435.9726516618276,702.4907282819895,0.75,0.95
R1241,0.9,0.65,0.45,0.2745875442462661,1.0045071830636938,0.032960817846829714,0.040920498251178446,101,development,True,False,1.4770182878851017,9504.0,435.9726516618276,702.4907282819895,0.75,0.95
R1242,0.9,0.65,0.5,0.2752593327274821,1.006867815695456,0.03197721377245387,0.04099378419804556,101,development,True,False,1.4816412418365452,9504.0,435.9726516618276,702.4907282819895,0.75,0.95
R1243,0.9,0.65,0.55,0.2759513141681202,1.0092181032498544,0.03099360969807802,0.04109415263162454,101,development,True,False,1.487105429503913,9504.0,435.9726516618276,702.4907282819895,0.75,0.95
R1244,0.9,0.65,0.6,0.2766403667119467,1.0115581473135868,0.030010005623702183,0.04122094939525362,101,development,True,False,1.4933557473618215,9504.0,435.9726516618276,702.4907282819895,0.75,0.95
R1245,0.9,0.65,0.65,0.2773355931631014,1.0138557688309986,0.0290360417129712,0.041374319255128474,101,development,True,False,1.5004110304956046,9504.0,435.9726516618276,702.4907282819895,0.75,0.95
R1246,0.9,0.7,0.0,0.27245733683286344,0.99469783337948,0.03934530892907704,0.041777323755794696,101,development,False,False,,9504.0,435.9726516618276,702.4907282819895,0.75,0.95
R1247,0.9,0.7,0.05,0.27285606680324526,0.9967370995398612,0.038363080781921806,0.041585740679586716,101,development,False,False,,9504.0,435.9726516618276,702.4907282819895,0.75,0.95
R1248,0.9,0.7,0.1,0.27329345018611945,0.9987670472585366,0.037380852634766586,0.04142481774991201,101,development,False,False,,9504.0,435.9726516618276,702.4907282819895,0.75,0.95
R1249,0.9,0.7,0.15,0.2737476553656617,1.000787771970166,0.03639862448761136,0.04129436261774894,101,development,False,False,,9504.0,435.9726516618276,702.4907282819895,0.75,0.95
R1250,0.9,0.7,0.2,0.27424146652049664,1.0027993676357794,0.03541639634045613,0.04119412438684525,101,development,False,False,,9504.0,435.9726516618276,702.4907282819895,0.75,0.95
R1251,0.9,0.7,0.25,0.27483975648335546,1.004801926773002,0.034434168193300904,0.04112379421959806,101,development,False,False,,9504.0,435.9726516618276,702.4907282819895,0.75,0.95
R1252,0.9,0.7,0.3,0.2754783024395534,1.0071329642659916,0.033451940046145684,0.041083006582988184,101,development,False,False,,9504.0,435.9726516618276,702.4907282819895,0.75,0.95
R1253,0.9,0.7,0.35,0.27611803393652273,1.0095190802777532,0.03246971189899045,0.041071341110987335,101,development,False,False,,9504.0,435.9726516618276,702.4907282819895,0.75,0.95
R1254,0.9,0.7,0.4,0.27675506527672245,1.0118945387724059,0.03148748375183522,0.041088325044937056,101,development,True,False,1.4901495122661828,9504.0,435.9726516618276,702.4907282819895,0.75,0.95
R1255,0.9,0.7,0.45,0.2773894219124704,1.0142594460365475,0.030505255604680013,0.04113343620000061,101,development,True,False,1.4938896096193077,9504.0,435.9726516618276,702.4907282819895,0.75,0.95
R1256,0.9,0.7,0.5,0.27806007317213466,1.0166139067582203,0.029523027457524775,0.0412061063944612,101,development,True,False,1.498514468147001,9504.0,435.9726516618276,702.4907282819895,0.75,0.95
R1257,0.9,0.7,0.55,0.27875091773398436,1.018958024058851,0.028540799310369555,0.04130572526979382,101,development,True,False,1.5039803700244156,9504.0,435.9726516618276,702.4907282819895,0.75,0.95
R1258,0.9,0.7,0.6,0.27943883374161904,1.0212918995243931,0.027558571163214324,0.04143164442333675,101,development,True,False,1.5102319940460376,9504.0,435.9726516618276,702.4907282819895,0.75,0.95
R1259,0.9,0.7,0.65,0.28013319638098616,1.0235848325305208,0.026585653288172383,0.041584055890767725,101,development,True,False,1.5172903649624907,9504.0,435.9726516618276,702.4907282819895,0.75,0.95
R1260,0.9,0.7,0.7,0.2808483321454724,1.0257700883945053,0.02564225686479897,0.041764853605177066,101,development,True,False,1.5252221037255442,9504.0,435.9726516618276,702.4907282819895,0.75,0.95
R1261,0.9,0.75,0.0,0.27527702735853204,1.0042921396418787,0.036902336501953924,0.042018598332882705,101,development,False,False,,9504.0,435.9726516618276,702.4907282819895,0.75,0.95
R1262,0.9,0.75,0.05,0.2756746258755497,1.0063252523252462,0.03592148428201931,0.041827817451896315,101,development,False,False,,9504.0,435.9726516618276,702.4907282819895,0.75,0.95
R1263,0.9,0.75,0.1,0.2761160763453627,1.0083490479615178,0.0349406320620847,0.04166752858017556,101,development,False,False,,9504.0,435.9726516618276,702.4907282819895,0.75,0.95
R1264,0.9,0.75,0.15,0.27656936339249105,1.0103636219848233,0.03395977984215009,0.04153753713603569,101,development,False,False,,9504.0,435.9726516618276,702.4907282819895,0.75,0.95
R1265,0.9,0.75,0.2,0.27703991092116287,1.012369068355664,0.03297892762221548,0.04143759106302,101,development,False,False,,9504.0,435.9726516618276,702.4907282819895,0.75,0.95
R1266,0.9,0.75,0.25,0.2776230249305355,1.0143654795911363,0.03199807540228087,0.04136738145046041,101,development,False,False,,9504.0,435.9726516618276,702.4907282819895,0.75,0.95
R1267,0.9,0.75,0.3,0.27826043892024904,1.01669037057487,0.031017223182346263,0.04132654377500911,101,development,False,False,,9504.0,435.9726516618276,702.4907282819895,0.75,0.95
R1268,0.9,0.75,0.35,0.27889903873863,1.0190703414693412,0.030036370962411643,0.0413146597397971,101,development,False,False,,9504.0,435.9726516618276,702.4907282819895,0.75,0.95
R1269,0.9,0.75,0.4,0.2795349386880189,1.0214396562381416,0.029055518742477037,0.041331259673592274,101,development,False,False,,9504.0,435.9726516618276,702.4907282819895,0.75,0.95
R1270,0.9,0.75,0.45,0.2801681642206156,1.023798421167341,0.02807466652254243,0.04137582543951886,101,development,False,False,,9504.0,435.9726516618276,702.4907282819895,0.75,0.95
R1271,0.9,0.75,0.5,0.28083768466467035,1.0261467409444542,0.02709381430260781,0.04144779379207523,101,development,False,False,,9504.0,435.9726516618276,702.4907282819895,0.75,0.95
R1272,0.9,0.75,0.55,0.28152739869833426,1.0284847186903818,0.026112962082673205,0.04154656011273927,101,development,True,False,1.5216233677830568,9504.0,435.9726516618276,702.4907282819895,0.75,0.95
R1273,0.9,0.75,0.6,0.2822141844650892,1.0308124559905498,0.0251321098627386,0.04167148244862371,101,development,True,False,1.527876299214381,9504.0,435.9726516618276,702.4907282819895,0.75,0.95
R1274,0.9,0.75,0.65,0.28290768804165467,1.0331007234436385,0.024160238023385697,0.041822809460093834,101,development,True,False,1.5349387228616247,9504.0,435.9726516618276,702.4907282819895,0.75,0.95
R1275,0.9,0.75,0.7,0.2836228238061409,1.035285979307623,0.023216841600012278,0.04200254347892409,101,development,True,False,1.5428829670969204,9504.0,435.9726516618276,702.4907282819895,0.75,0.95
R1276,0.9,0.75,0.75,0.2843357004762232,1.0374613380954505,0.022273445176638863,0.04220743173064102,101,development,True,False,1.551631068279215,9504.0,435.9726516618276,702.4907282819895,0.75,0.95
R1277,0.9,0.8,0.0,0.2780737674296517,1.0137596038768855,0.03449468138811309,0.04228815970142485,101,development,False,False,,9504.0,435.9726516618276,702.4907282819895,0.75,0.95
R1278,0.9,0.8,0.05,0.27847080190624324,1.015559747946046,0.033515205095399084,0.042098256643907435,101,development,False,False,,9504.0,435.9726516618276,702.4907282819895,0.75,0.95
R1279,0.9,0.8,0.1,0.2789157513442303,1.017577424310143,0.03253572880268509,0.04193865982977034,101,development,False,False,,9504.0,435.9726516618276,702.4907282819895,0.75,0.95
R1280,0.9,0.8,0.15,0.2793681201905458,1.0195858801918145,0.03155625250997109,0.041809172291876404,101,development,False,False,,9504.0,435.9726516618276,702.4907282819895,0.75,0.95
R1281,0.9,0.8,0.2,0.2798300732717884,1.0215852095512121,0.0305767762172571,0.04170954075867568,101,development,False,False,,9504.0,435.9726516618276,702.4907282819895,0.75,0.95
R1282,0.9,0.8,0.25,0.2803834505752473,1.0235755049050812,0.029597299924543113,0.04163945628973529,101,development,False,False,,9504.0,435.9726516618276,702.4907282819895,0.75,0.95
R1283,0.9,0.8,0.3,0.2810197391644165,1.0258942811367018,0.028617823631829107,0.04159855551168834,101,development,False,False,,9504.0,435.9726516618276,702.4907282819895,0.75,0.95
R1284,0.9,0.8,0.35,0.2816572138156257,1.0282681384081997,0.027638347339115115,0.04158642243153783,101,development,False,False,,9504.0,435.9726516618276,702.4907282819895,0.75,0.95
R1285,0.9,0.8,0.4,0.2822919888311374,1.0306313406828174,0.026658871046401123,0.04160259079064528,101,development,False,False,,9504.0,435.9726516618276,702.4907282819895,0.75,0.95
R1286,0.9,0.8,0.45,0.28292408966307314,1.0329839942462749,0.02567939475368713,0.04164654691054371,101,development,False,False,,9504.0,435.9726516618276,702.4907282819895,0.75,0.95
R1287,0.9,0.8,0.5,0.2835924856396052,1.035326203785737,0.024699918460973132,0.04171773297142416,101,development,False,False,,9504.0,435.9726516618276,702.4907282819895,0.75,0.95
R1288,0.9,0.8,0.55,0.28428107543880643,1.0376580724217546,0.023720442168259134,0.041815550656116786,101,development,False,False,,9504.0,435.9726516618276,702.4907282819895,0.75,0.95
R1289,0.9,0.8,0.6,0.2849667372040806,1.0399797017394057,0.022740965875545138,0.041939365086853544,101,development,False,False,,9504.0,435.9726516618276,702.4907282819895,0.75,0.95
R1290,0.9,0.8,0.65,0.2856593864249652,1.0422633264105352,0.021770140071881283,0.042089490464538616,101,development,False,False,,9504.0,435.9726516618276,702.4907282819895,0.75,0.95
R1291,0.9,0.8,0.7,0.28637452218945136,1.04444858227452,0.02082674364850787,0.04226805538797812,101,development,True,False,1.5612188107658937,9504.0,435.9726516618276,702.4907282819895,0.75,0.95
R1292,0.9,0.8,0.75,0.2870873988595336,1.0466239410623475,0.019883347225134455,0.042471628027577965,101,development,True,False,1.5699811203877445,9504.0,435.9726516618276,702.4907282819895,0.75,0.95
R1293,0.9,0.8,0.8,0.2878050559387578,1.048789498470372,0.018939950801761047,0.04269943335227957,101,development,True,False,1.579556152223464,9504.0,435.9726516618276,702.4907282819895,0.75,0.95
R1294,0.9,0.85,0.0,0.28083304406029463,1.025154096950912,0.03212478235991756,0.0425850120234194,101,development,False,False,,9504.0,435.9726516618276,702.4907282819895,0.75,0.95
R1295,0.9,0.85,0.05,0.28123413058575875,1.0262980489134035,0.031146681994424184,0.042396055547802625,101,development,False,False,,9504.0,435.9726516618276,702.4907282819895,0.75,0.95
R1296,0.9,0.85,0.1,0.281677962144412,1.0274366774339259,0.030168581628930796,0.04223720327325548,101,development,False,False,,9504.0,435.9726516618276,702.4907282819895,0.75,0.95
R1297,0.9,0.85,0.15,0.2821294127092144,1.0285700361913768,0.029190481263437425,0.042108255729535395,101,development,False,False,,9504.0,435.9726516618276,702.4907282819895,0.75,0.95
R1298,0.9,0.85,0.2,0.2825929433919167,1.0303701934818552,0.028212380897944048,0.04200895839772555,101,development,False,False,,9504.0,435.9726516618276,702.4907282819895,0.75,0.95
R1299,0.9,0.85,0.25,0.2831176238492942,1.0323544046965858,0.027234280532450663,0.04193900236064955,101,development,False,False,,9504.0,435.9726516618276,702.4907282819895,0.75,0.95
R1300,0.9,0.85,0.3,0.2837416894362076,1.0346670976600223,0.02625618016695729,0.04189802553197146,101,development,False,False,,9504.0,435.9726516618276,702.4907282819895,0.75,0.95
R1301,0.9,0.85,0.35,0.28437804537158207,1.0370348725340823,0.02527807980146391,0.041885614441241274,101,development,False,False,,9504.0,435.9726516618276,702.4907282819895,0.75,0.95
R1302,0.9,0.85,0.4,0.28501170185105407,1.0393919932817968,0.024299979435970523,0.041901306539243725,101,development,False,False,,9504.0,435.9726516618276,702.4907282819895,0.75,0.95
R1303,0.9,0.85,0.45,0.28564268432669854,1.0417385661886769,0.02332187907047715,0.041944592976464495,101,development,False,False,,9504.0,435.9726516618276,702.4907282819895,0.75,0.95
R1304,0.9,0.85,0.5,0.2863099621266406,1.0440746959416776,0.022343778704983767,0.042014921797751195,101,development,False,False,,9504.0,435.9726516618276,702.4907282819895,0.75,0.95
R1305,0.9,0.85,0.55,0.28699743392890664,1.0464004856611406,0.021365678339490383,0.04211170148865545,101,development,False,False,,9504.0,435.9726516618276,702.4907282819895,0.75,0.95
R1306,0.9,0.85,0.6,0.2876819778768534,1.0487160369319335,0.020387577973997005,0.04223430480371066,101,development,False,False,,9504.0,435.9726516618276,702.4907282819895,0.75,0.95
R1307,0.9,0.85,0.65,0.28837377740780773,1.0509950414070677,0.01941779820602219,0.04238311994502192,101,development,False,False,,9504.0,435.9726516618276,702.4907282819895,0.75,0.95
R1308,0.9,0.85,0.7,0.2890889131722939,1.0531802972710522,0.018474401782648774,0.0425604188043739,101,development,False,False,,9504.0,435.9726516618276,702.4907282819895,0.75,0.95
R1309,0.9,0.85,0.75,0.2898017898423762,1.05535565605888,0.017531005359275362,0.042762565856209814,101,development,True,False,1.588923649057743,9504.0,435.9726516618276,702.4907282819895,0.75,0.95
R1310,0.9,0.85,0.8,0.29051944692160037,1.0575212134669043,0.016587608935901946,0.04298879602246788,101,development,True,False,1.5985146091936326,9504.0,435.9726516618276,702.4907282819895,0.75,0.95
R1311,0.9,0.85,0.85,0.29126216030829655,1.0596770638006836,0.015644212512528535,0.043238327289328735,101,development,False,False,,9504.0,435.9726516618276,702.4907282819895,0.75,0.95
R1312,0.9,0.9,0.0,0.2835742544717013,1.0362289768661688,0.02977824940090765,0.042907619555971846,101,development,False,False,,9504.0,435.9726516618276,702.4907282819895,0.75,0.95
R1313,0.9,0.9,0.05,0.28397938568646014,1.0373668736892288,0.028801524962634883,0.04271966879684142,101,development,False,False,,9504.0,435.9726516618276,702.4907282819895,0.75,0.95
R1314,0.9,0.9,0.1,0.2844221059158104,1.0384994476875573,0.02782480052436212,0.042561605642076596,101,development,False,False,,9504.0,435.9726516618276,702.4907282819895,0.75,0.95
R1315,0.9,0.9,0.15,0.28487263810637004,1.0396267525399459,0.02684807608608936,0.042433228041416006,101,development,False,False,,9504.0,435.9726516618276,702.4907282819895,0.75,0.95
R1316,0.9,0.9,0.2,0.28533774565763187,1.0407488411115924,0.02587135164781659,0.04233428022243084,101,development,False,False,,9504.0,435.9726516618276,702.4907282819895,0.75,0.95
R1317,0.9,0.9,0.25,0.28584753447575795,1.0418657654704742,0.024894627209543826,0.04226445335534918,101,development,False,False,,9504.0,435.9726516618276,702.4907282819895,0.75,0.95
R1318,0.9,0.9,0.3,0.2864456862145189,1.0432451431958614,0.02391790277127107,0.04222338677396634,101,development,False,False,,9504.0,435.9726516618276,702.4907282819895,0.75,0.95
R1319,0.9,0.9,0.35,0.2870809298260601,1.0456068666323186,0.022941178332998302,0.04221066973026835,101,development,False,False,,9504.0,435.9726516618276,702.4907282819895,0.75,0.95
R1320,0.9,0.9,0.4,0.28771347410896037,1.0479579365590286,0.02196445389472554,0.04222584364821406,101,development,False,False,,9504.0,435.9726516618276,702.4907282819895,0.75,0.95
R1321,0.9,0.9,0.45,0.28834334451527094,1.0502984592613964,0.02098772945645277,0.04226840483123641,101,development,False,False,,9504.0,435.9726516618276,702.4907282819895,0.75,0.95
R1322,0.9,0.9,0.5,0.2890095103730932,1.0526285394262707,0.020011005018180004,0.04233780756885197,101,development,False,False,,9504.0,435.9726516618276,702.4907282819895,0.75,0.95
R1323,0.9,0.9,0.55,0.28969587036042965,1.054948280173886,0.01903428057990724,0.042433467580622004,101,development,False,False,,9504.0,435.9726516618276,702.4907282819895,0.75,0.95
R1324,0.9,0.9,0.6,0.29037930262061346,1.0572577830890046,0.018057556141634477,0.04255476573078461,101,development,False,False,,9504.0,435.9726516618276,702.4907282819895,0.75,0.95
R1325,0.9,0.9,0.65,0.2910702570865064,1.0595321897710142,0.017088822409348708,0.042702172220916663,101,development,False,False,,9504.0,435.9726516618276,702.4907282819895,0.75,0.95
R1326,0.9,0.9,0.7,0.2917853928509926,1.0617174456349987,0.016145425985975292,0.042878118426067584,101,development,False,False,,9504.0,435.9726516618276,702.4907282819895,0.75,0.95
R1327,0.9,0.9,0.75,0.2924982695210748,1.0638928044228262,0.015202029562601882,0.04307874161527289,101,development,False,False,,9504.0,435.9726516618276,702.4907282819895,0.75,0.95
R1328,0.9,0.9,0.8,0.29321592660029905,1.0660583618308508,0.014258633139228465,0.04330328726764871,101,development,False,False,,9504.0,435.9726516618276,702.4907282819895,0.75,0.95
R1329,0.9,0.9,0.85,0.2939586399869952,1.0682142121646303,0.013315236715855053,0.043550984260932735,101,development,False,False,,9504.0,435.9726516618276,702.4907282819895,0.75,0.95
R1330,0.9,0.9,0.9,0.29470382754311175,1.0703604483657723,0.012380652591585085,0.04382043289800874,101,development,False,False,,9504.0,435.9726516618276,702.4907282819895,0.75,0.95
R1331,0.95,0.0,0.0,0.23933640747465676,0.8573769937031132,0.0700952460769884,0.043083048961936814,101,development,True,False,1.4132605436065604,9504.0,435.9726516618276,702.4907282819895,0.75,0.95
R1332,0.95,0.05,0.0,0.2418412008363099,0.8683734656982129,0.06743941687547662,0.04271888780239328,101,development,True,False,1.4093292547935303,9504.0,435.9726516618276,702.4907282819895,0.75,0.95
R1333,0.95,0.05,0.05,0.24228581195299398,0.8703119156050225,0.0664953396557312,0.0425134649186421,101,development,True,False,1.4035681903029507,9504.0,435.9726516618276,702.4907282819895,0.75,0.95
R1334,0.95,0.1,0.0,0.244400719608417,0.8799835973814404,0.06480713146988666,0.04240976579525697,101,development,True,False,1.4081995339393005,9504.0,435.9726516618276,702.4907282819895,0.75,0.95
R1335,0.95,0.1,0.05,0.2448627737232301,0.8819189517298431,0.06386371673361782,0.042202994359723085,101,development,True,False,1.4026140380484655,9504.0,435.9726516618276,702.4907282819895,0.75,0.95
R1336,0.95,0.1,0.1,0.24533879630964436,0.8838450610309888,0.06292030199734898,0.042027433721884076,101,development,True,False,1.398190717919139,9504.0,435.9726516618276,702.4907282819895,0.75,0.95
R1337,0.95,0.15,0.0,0.24697167364289693,0.8913569126959646,0.06219803855655696,0.04215350083393694,101,development,True,False,1.4091624124591815,9504.0,435.9726516618276,702.4907282819895,0.75,0.95
R1338,0.95,0.15,0.05,0.24743963799634874,0.8932891889482523,0.0612552863037647,0.04194559747889699,101,development,True,False,1.4037217077692505,9504.0,435.9726516618276,702.4907282819895,0.75,0.95
R1339,0.95,0.15,0.1,0.2479157658455095,0.8952122213709285,0.060312534050972456,0.04176908656156278,101,development,True,False,1.3994198691022546,9504.0,435.9726516618276,702.4907282819895,0.75,0.95
R1340,0.95,0.15,0.15,0.24839047055149874,0.8971261053124636,0.0593697817981802,0.04162380990108356,101,development,True,False,1.3962032389005026,9504.0,435.9726516618276,702.4907282819895,0.75,0.95
R1341,0.95,0.2,0.0,0.24959560061076286,0.9024992796900664,0.05961203530088989,0.041947894132869604,101,development,False,False,,9504.0,435.9726516618276,702.4907282819895,0.75,0.95
R1342,0.95,0.2,0.05,0.2500671680126583,0.9044284951524161,0.05866994553157423,0.04173907318227815,101,development,True,False,1.4068070777814663,9504.0,435.9726516618276,702.4907282819895,0.75,0.95
R1343,0.95,0.2,0.1,0.2505427825422542,0.9063484679229973,0.05772785576225858,0.04156179197323651,101,development,True,False,1.4026158245507854,9504.0,435.9726516618276,702.4907282819895,0.75,0.95
R1344,0.95,0.2,0.15,0.25101820574307626,0.908259293349607,0.05678576599294291,0.041415895171019367,101,development,True,False,1.3994996301116454,9504.0,435.9726516618276,702.4907282819895,0.75,0.95
R1345,0.95,0.2,0.2,0.2515228748988208,0.91016106530655,0.055843676223627264,0.04130116537246514,101,development,True,False,1.3974813221624889,9504.0,435.9726516618276,702.4907282819895,0.75,0.95
R1346,0.95,0.25,0.0,0.2522297489598735,0.9134523894756837,0.0570490188682879,0.041790772499264286,101,development,False,False,,9504.0,435.9726516618276,702.4907282819895,0.75,0.95
R1347,0.95,0.25,0.05,0.2526951602263313,0.9153785613000206,0.05610759158244884,0.0415812442534785,101,development,False,False,,9504.0,435.9726516618276,702.4907282819895,0.75,0.95
R1348,0.95,0.25,0.1,0.25317026454858055,0.9172954914919812,0.05516616429660978,0.04140336930777467,101,development,True,False,1.4075430835779816,9504.0,435.9726516618276,702.4907282819895,0.75,0.95
R1349,0.95,0.25,0.15,0.25365019602032596,0.9192032753987766,0.054224737010770706,0.04125699455650949,101,development,True,False,1.4045250429995528,9504.0,435.9726516618276,702.4907282819895,0.75,0.95
R1350,0.95,0.25,0.2,0.25415586901757387,0.9211020068941247,0.05328330972493165,0.04114190408152059,101,development,True,False,1.4025869241543518,9504.0,435.9726516618276,702.4907282819895,0.75,0.95
R1351,0.95,0.25,0.25,0.2547158035822147,0.9232897422451405,0.05234188243909258,0.041057819362866406,101,development,True,False,1.4019183320771376,9504.0,435.9726516618276,702.4907282819895,0.75,0.95
R1352,0.95,0.3,0.0,0.25489885404442825,0.9241923932930428,0.054508886424153385,0.041679995452014396,101,development,False,False,,9504.0,435.9726516618276,702.4907282819895,0.75,0.95
R1353,0.95,0.3,0.05,0.2553437599288492,0.9261155384788718,0.053568121621790914,0.041469964627894505,101,development,False,False,,9504.0,435.9726516618276,702.4907282819895,0.75,0.95
R1354,0.95,0.3,0.1,0.25581844576191115,0.9280294430145973,0.052627356819428435,0.04129166774015449,101,development,False,False,,9504.0,435.9726516618276,702.4907282819895,0.75,0.95
R1355,0.95,0.3,0.15,0.2563042955066889,0.9299342022469222,0.051686592017065956,0.04114495328510447,101,development,True,False,1.4111534788418045,9504.0,435.9726516618276,702.4907282819895,0.75,0.95
R1356,0.95,0.3,0.2,0.25680946173656066,0.9318299100490574,0.0507458272147035,0.041029606415065596,101,development,True,False,1.4092841288504208,9504.0,435.9726516618276,702.4907282819895,0.75,0.95
R1357,0.95,0.3,0.25,0.25736888971239663,0.9340146226876117,0.049805062412341033,0.040945349133690044,101,development,True,False,1.4086755513122942,9504.0,435.9726516618276,702.4907282819895,0.75,0.95
R1358,0.95,0.3,0.3,0.257970382503264,0.9362761690910677,0.048864297609978555,0.04089184121646469,101,development,True,False,1.4091593862530254,9504.0,435.9726516618276,702.4907282819895,0.75,0.95
R1359,0.95,0.35,0.0,0.2575993471806431,0.9347172718045172,0.05199153513388876,0.04161346277599554,101,development,False,False,,9504.0,435.9726516618276,702.4907282819895,0.75,0.95
R1360,0.95,0.35,0.05,0.2580085531721331,0.9366374072007296,0.05105143281500287,0.04140312712964113,101,development,False,False,,9504.0,435.9726516618276,702.4907282819895,0.75,0.95
R1361,0.95,0.35,0.1,0.2584814571516047,0.938548302853297,0.050111330496117004,0.04122457416225042,101,development,False,False,,9504.0,435.9726516618276,702.4907282819895,0.75,0.95
R1362,0.95,0.35,0.15,0.25897207745006473,0.9404500541084886,0.04917122817723112,0.041077653347702504,101,development,False,False,,9504.0,435.9726516618276,702.4907282819895,0.75,0.95
R1363,0.95,0.35,0.2,0.259476739937984,0.9423427548390798,0.04823112585834524,0.04096215049356488,101,development,True,False,1.4174284150417438,9504.0,435.9726516618276,702.4907282819895,0.75,0.95
R1364,0.95,0.35,0.25,0.2600374173338541,0.9445244613112459,0.04729102353945937,0.04087778792691743,101,development,True,False,1.4168757724174408,9504.0,435.9726516618276,702.4907282819895,0.75,0.95
R1365,0.95,0.35,0.3,0.2606405542634642,0.946783002453035,0.046350921220573486,0.04082422541143315,101,development,True,False,1.4174078540355894,9504.0,435.9726516618276,702.4907282819895,0.75,0.95
R1366,0.95,0.35,0.35,0.26124102100356045,0.9490308706461464,0.0454108189016876,0.04080106178013861,101,development,True,False,1.4188625857823003,9504.0,435.9726516618276,702.4907282819895,0.75,0.95
R1367,0.95,0.4,0.0,0.2603302902739421,0.9450318496824393,0.04949686216289643,0.04158912220722079,101,development,False,False,,9504.0,435.9726516618276,702.4907282819895,0.75,0.95
R1368,0.95,0.4,0.05,0.2607159497444258,0.9469489919890904,0.048557422327487144,0.041378671358154547,101,development,False,False,,9504.0,435.9726516618276,702.4907282819895,0.75,0.95
R1369,0.95,0.4,0.1,0.2611704784316294,0.9488568953840267,0.04761798249207785,0.04120002124164362,101,development,False,False,,9504.0,435.9726516618276,702.4907282819895,0.75,0.95
R1370,0.95,0.4,0.15,0.26166279141660087,0.9507556552131483,0.046678542656668556,0.041053021699190353,101,development,False,False,,9504.0,435.9726516618276,702.4907282819895,0.75,0.95
R1371,0.95,0.4,0.2,0.2621638988058136,0.9526453653488626,0.045739102821259287,0.04093745878677421,101,development,False,False,,9504.0,435.9726516618276,702.4907282819895,0.75,0.95
R1372,0.95,0.4,0.25,0.262725502213837,0.954824082056977,0.04479966298585,0.04085305495708143,101,development,True,False,1.4264159744389828,9504.0,435.9726516618276,702.4907282819895,0.75,0.95
R1373,0.95,0.4,0.3,0.26332813367426944,0.9570796342651718,0.043860223150440705,0.04079946997524253,101,development,True,False,1.426986100154052,9504.0,435.9726516618276,702.4907282819895,0.75,0.95
R1374,0.95,0.4,0.35,0.2639280950990845,0.9593245143547785,0.04292078331503142,0.04077630255253338,101,development,True,False,1.4284712443577088,9504.0,435.9726516618276,702.4907282819895,0.75,0.95
R1375,0.95,0.4,0.4,0.264525411849556,0.9615588301397485,0.041981343479622145,0.04078309266407652,101,development,True,False,1.430849773958559,9504.0,435.9726516618276,702.4907282819895,0.75,0.95
R1376,0.95,0.45,0.0,0.26308342982547195,0.9551407244817872,0.04702476467657881,0.04160497697722097,101,development,False,False,,9504.0,435.9726516618276,702.4907282819895,0.75,0.95
R1377,0.95,0.45,0.05,0.26345531425340063,0.9570548902518512,0.04608598732464611,0.04139459144438134,101,development,False,False,,9504.0,435.9726516618276,702.4907282819895,0.75,0.95
R1378,0.95,0.45,0.1,0.26388117447898635,0.958959817868862,0.04514720997271342,0.04121599535907136,101,development,False,False,,9504.0,435.9726516618276,702.4907282819895,0.75,0.95
R1379,0.95,0.45,0.15,0.2643782350305173,0.9608556026784117,0.044208432620780724,0.04106903834517681,101,development,False,False,,9504.0,435.9726516618276,702.4907282819895,0.75,0.95
R1380,0.95,0.45,0.2,0.26487884464367883,0.9627423385526006,0.043269655268848045,0.04095350631668899,101,development,False,False,,9504.0,435.9726516618276,702.4907282819895,0.75,0.95
R1381,0.95,0.45,0.25,0.2654432493300743,0.9649180817569274,0.04233087791691534,0.04086912166204348,101,development,False,False,,9504.0,435.9726516618276,702.4907282819895,0.75,0.95
R1382,0.95,0.45,0.3,0.2660423476765785,0.9671706612187649,0.041392100564982645,0.0408155441605369,101,development,True,False,1.437816271030951,9504.0,435.9726516618276,702.4907282819895,0.75,0.95
R1383,0.95,0.45,0.35,0.26664221400126076,0.9694125693191369,0.040453323213049945,0.04079237261526123,101,development,True,False,1.4393282783822159,9504.0,435.9726516618276,702.4907282819895,0.75,0.95
R1384,0.95,0.45,0.4,0.2672422176474691,0.9716439138716878,0.03951454586111725,0.040799147168627536,101,development,True,False,1.4417330381142324,9504.0,435.9726516618276,702.4907282819895,0.75,0.95
R1385,0.95,0.45,0.45,0.26784094285178245,0.973864801058907,0.03857576850918456,0.04083535224955541,101,development,True,False,1.4450094678450158,9504.0,435.9726516618276,702.4907282819895,0.75,0.95
R1386,0.95,0.5,0.0,0.265816595815419,0.9650482779583663,0.0445751398403383,0.04165909298508719,101,development,False,False,,9504.0,435.9726516618276,702.4907282819895,0.75,0.95
R1387,0.95,0.5,0.05,0.26618867510910554,0.966959483599461,0.043637024971882196,0.041448943437026695,101,development,False,False,,9504.0,435.9726516618276,702.4907282819895,0.75,0.95
R1388,0.95,0.5,0.1,0.26658318721599256,0.9688614517741376,0.04269891010342609,0.04127054417809989,101,development,False,False,,9504.0,435.9726516618276,702.4907282819895,0.75,0.95
R1389,0.95,0.5,0.15,0.2670713710286797,0.9707542778277333,0.041760795234969984,0.04112374406268751,101,development,False,False,,9504.0,435.9726516618276,702.4907282819895,0.75,0.95
R1390,0.95,0.5,0.2,0.2675684696218584,0.9726380556320944,0.040822680366513896,0.041008328495604984,101,development,False,False,,9504.0,435.9726516618276,702.4907282819895,0.75,0.95
R1391,0.95,0.5,0.25,0.26813901058636014,0.974810841452466,0.03988456549805779,0.04092401962390184,101,development,False,False,,9504.0,435.9726516618276,702.4907282819895,0.75,0.95
R1392,0.95,0.5,0.3,0.2687438034664403,0.9770604642159677,0.03894645062960169,0.04087047725582926,101,development,False,False,,9504.0,435.9726516618276,702.4907282819895,0.75,0.95
R1393,0.95,0.5,0.35,0.2693459092894146,0.9792994163033694,0.03800833576114559,0.04084730049135313,101,development,True,False,1.4512773213427057,9504.0,435.9726516618276,702.4907282819895,0.75,0.95
R1394,0.95,0.5,0.4,0.26994535363463534,0.9815278055280624,0.037070220892689486,0.04085403003040047,101,development,True,False,1.453699038476022,9504.0,435.9726516618276,702.4907282819895,0.75,0.95
R1395,0.95,0.5,0.45,0.2705421617131613,0.9837457380722832,0.03613210602423338,0.04089015110820216,101,development,True,False,1.4569850679835528,9504.0,435.9726516618276,702.4907282819895,0.75,0.95
R1396,0.95,0.5,0.5,0.27117816947709716,0.9859533185198718,0.03519399115577728,0.040955096992374526,101,development,True,False,1.4612029373781494,9504.0,435.9726516618276,702.4907282819895,0.75,0.95
R1397,0.95,0.55,0.0,0.2685308144821523,0.9747586864204076,0.042151424319727494,0.04174975520070765,101,development,False,False,,9504.0,435.9726516618276,702.4907282819895,0.75,0.95
R1398,0.95,0.55,0.05,0.2689036095717414,0.9766669481964988,0.04121397193474798,0.04154000272761233,101,development,False,False,,9504.0,435.9726516618276,702.4907282819895,0.75,0.95
R1399,0.95,0.55,0.1,0.2692886343437223,0.9785659731219963,0.04027651954976848,0.041361934953876044,101,development,False,False,,9504.0,435.9726516618276,702.4907282819895,0.75,0.95
R1400,0.95,0.55,0.15,0.26975852765006275,0.9804558565420324,0.03933906716478897,0.04121539945030686,101,development,False,False,,9504.0,435.9726516618276,702.4907282819895,0.75,0.95
R1401,0.95,0.55,0.2,0.27026132756088456,0.9823366923282477,0.038401614779809454,0.0411001807722635,101,development,False,False,,9504.0,435.9726516618276,702.4907282819895,0.75,0.95
R1402,0.95,0.55,0.25,0.2708356156107399,0.9845065367456827,0.037464162394829956,0.04101600066381653,101,development,False,False,,9504.0,435.9726516618276,702.4907282819895,0.75,0.95
R1403,0.95,0.55,0.3,0.2714368591559608,0.9867532187212514,0.036526710009850444,0.040962518980920896,101,development,False,False,,9504.0,435.9726516618276,702.4907282819895,0.75,0.95
R1404,0.95,0.55,0.35,0.2720354272008259,0.988989230635518,0.03558925762487094,0.040939335317876344,101,development,True,False,1.4642455416989346,9504.0,435.9726516618276,702.4907282819895,0.75,0.95
R1405,0.95,0.55,0.4,0.27263134523769444,0.9912146803016695,0.03465180523989143,0.04094599130345732,101,development,True,False,1.466675559262394,9504.0,435.9726516618276,702.4907282819895,0.75,0.95
R1406,0.95,0.55,0.45,0.27322587463322473,0.9934296739017366,0.033714352854911915,0.040981973516551,101,development,True,False,1.4699689334671697,9504.0,435.9726516618276,702.4907282819895,0.75,0.95
R1407,0.95,0.55,0.5,0.2738613266369751,0.9956343160193554,0.03277690046993241,0.04104671695667481,101,development,True,False,1.4741942497939593,9504.0,435.9726516618276,702.4907282819895,0.75,0.95
R1408,0.95,0.55,0.55,0.27451394619349523,0.997828709671705,0.0318394480849529,0.041139608992940044,101,development,True,False,1.4792919682053798,9504.0,435.9726516618276,702.4907282819895,0.75,0.95
R1409,0.95,0.6,0.0,0.2712538367903885,0.9842759301924938,0.03975380752006248,0.0418752311472731,101,development,False,False,,9504.0,435.9726516618276,702.4907282819895,0.75,0.95
R1410,0.95,0.6,0.05,0.27163357196557963,0.9861812642255696,0.038817017618559574,0.04166602640438222,101,development,False,False,,9504.0,435.9726516618276,702.4907282819895,0.75,0.95
R1411,0.95,0.6,0.1,0.27202646294268934,0.9880773619542649,0.03788022771705665,0.04148841590681517,101,development,False,False,,9504.0,435.9726516618276,702.4907282819895,0.75,0.95
R1412,0.95,0.6,0.15,0.2724648285089914,0.9899643187235494,0.036943437815553745,0.041342245472410485,101,development,False,False,,9504.0,435.9726516618276,702.4907282819895,0.75,0.95
R1413,0.95,0.6,0.2,0.272961220910122,0.9918422284049009,0.036006647914050824,0.041227298498967176,101,development,False,False,,9504.0,435.9726516618276,702.4907282819895,0.75,0.95
R1414,0.95,0.6,0.25,0.2735387948782316,0.9940091472631972,0.03506985801254791,0.04114329618510849,101,development,False,False,,9504.0,435.9726516618276,702.4907282819895,0.75,0.95
R1415,0.95,0.6,0.3,0.2741394854353847,0.9962529042251899,0.034133068111044995,0.04108989845903148,101,development,False,False,,9504.0,435.9726516618276,702.4907282819895,0.75,0.95
R1416,0.95,0.6,0.35,0.27473750060568686,0.9984859916712808,0.03319627820954208,0.041066705599288086,101,development,False,False,,9504.0,435.9726516618276,702.4907282819895,0.75,0.95
R1417,0.95,0.6,0.4,0.2753328658814612,1.000708517414495,0.032259488308039166,0.041073260514248235,101,development,True,False,1.4806690407662533,9504.0,435.9726516618276,702.4907282819895,0.75,0.95
R1418,0.95,0.6,0.45,0.2759256063877254,1.0029205876367004,0.031322698406536245,0.041109051630734215,101,development,True,False,1.4839692052060238,9504.0,435.9726516618276,702.4907282819895,0.75,0.95
R1419,0.95,0.6,0.5,0.2765575579915167,1.0051223069213708,0.03038590850503333,0.041173516328191016,101,development,True,False,1.4881956474903595,9504.0,435.9726516618276,702.4907282819895,0.75,0.95
R1420,0.95,0.6,0.55,0.2772066883482369,1.0073137782855237,0.029449118603530413,0.041266044843237024,101,development,True,False,1.493292164080169,9504.0,435.9726516618276,702.4907282819895,0.75,0.95
R1421,0.95,0.6,0.6,0.2778529392801974,1.009495103210865,0.028512328702027506,0.04138598456092452,101,development,True,False,1.4992089414055592,9504.0,435.9726516618276,702.4907282819895,0.75,0.95
R1422,0.95,0.65,0.0,0.27398079013673704,0.993603802262046,0.037378354838292334,0.04203369745464405,101,development,False,False,,9504.0,435.9726516618276,702.4907282819895,0.75,0.95
R1423,0.95,0.65,0.05,0.2743611644065213,0.9955062245337717,0.03644222742026602,0.04182517953313984,101,development,False,False,,9504.0,435.9726516618276,702.4907282819895,0.75,0.95
R1424,0.95,0.65,0.1,0.27475869846674905,0.9973994109788946,0.035506100002239686,0.04164814225953788,101,development,False,False,,9504.0,435.9726516618276,702.4907282819895,0.75,0.95
R1425,0.95,0.65,0.15,0.2751773513102793,0.999283456942259,0.03456997258421337,0.041502429280450816,101,development,False,False,,9504.0,435.9726516618276,702.4907282819895,0.75,0.95
R1426,0.95,0.65,0.2,0.27565346430852655,1.0011584562952183,0.033633845166187046,0.0413878225650911,101,development,False,False,,9504.0,435.9726516618276,702.4907282819895,0.75,0.95
R1427,0.95,0.65,0.25,0.2762343133865214,1.0033224653025246,0.03269771774816072,0.04130404264652641,101,development,False,False,,9504.0,435.9726516618276,702.4907282819895,0.75,0.95
R1428,0.95,0.65,0.3,0.2768344542093961,1.0055633128908041,0.0317615903301344,0.04125074955704506,101,development,False,False,,9504.0,435.9726516618276,702.4907282819895,0.75,0.95
R1429,0.95,0.65,0.35,0.2774319197446556,1.0077934914403348,0.030825462912108074,0.04122754444162586,101,development,False,False,,9504.0,435.9726516618276,702.4907282819895,0.75,0.95
R1430,0.95,0.65,0.4,0.27802673548459456,1.0100131087640156,0.02988933549408175,0.041233971816504525,101,development,True,False,1.4955788498975289,9504.0,435.9726516618276,702.4907282819895,0.75,0.95
R1431,0.95,0.65,0.45,0.2786189265542027,1.01222227104359,0.028953208076055423,0.04126952242413483,101,development,True,False,1.4988867557749603,9504.0,435.9726516618276,702.4907282819895,0.75,0.95
R1432,0.95,0.65,0.5,0.2792503288204893,1.0144210828624065,0.02801708065802911,0.041333636622138875,101,development,True,False,1.5031196059280385,9504.0,435.9726516618276,702.4907282819895,0.75,0.95
R1433,0.95,0.65,0.55,0.27989890993882827,1.0166096472373578,0.02708095324000278,0.04142570823266943,101,development,True,False,1.5082210979778425,9504.0,435.9726516618276,702.4907282819895,0.75,0.95
R1434,0.95,0.65,0.6,0.2805446117315028,1.0187880656500254,0.026144825821976463,0.04154508877035412,101,development,True,False,1.5141412664102454,9504.0,435.9726516618276,702.4907282819895,0.75,0.95
R1435,0.95,0.65,0.65,0.2811991741707839,1.0209406202286335,0.025213475722055505,0.04169151951846792,101,development,True,False,1.5208997914411628,9504.0,435.9726516618276,702.4907282819895,0.75,0.95
R1436,0.95,0.7,0.0,0.27669325430105873,1.002745916170987,0.03502496343981946,0.04222352696734284,101,development,False,False,,9504.0,435.9726516618276,702.4907282819895,0.75,0.95
R1437,0.95,0.7,0.05,0.2770730863290114,1.004645442524332,0.03408949850526973,0.042015824044649444,101,development,False,False,,9504.0,435.9726516618276,702.4907282819895,0.75,0.95
R1438,0.95,0.7,0.1,0.27747525263585904,1.0065357334615734,0.03315403357072,0.04183946667558731,101,development,False,False,,9504.0,435.9726516618276,702.4907282819895,0.75,0.95
R1439,0.95,0.7,0.15,0.2778862034935478,1.008416884327463,0.03221856863617027,0.04169429596851934,101,development,False,False,,9504.0,435.9726516618276,702.4907282819895,0.75,0.95
R1440,0.95,0.7,0.2,0.2783312918006288,1.0102889889932605,0.03128310370162054,0.04158009223032416,101,development,False,False,,9504.0,435.9726516618276,702.4907282819895,0.75,0.95
R1441,0.95,0.7,0.25,0.2789142487656613,1.0124501037236249,0.030347638767070813,0.04149657523106725,101,development,False,False,,9504.0,435.9726516618276,702.4907282819895,0.75,0.95
R1442,0.95,0.7,0.3,0.279513843078232,1.0146880574450898,0.029412173832521076,0.041443405146676084,101,development,False,False,,9504.0,435.9726516618276,702.4907282819895,0.75,0.95
R1443,0.95,0.7,0.35,0.2801107621884076,1.0169153425378405,0.028476708897971346,0.041420184163455706,101,development,False,False,,9504.0,435.9726516618276,702.4907282819895,0.75,0.95
R1444,0.95,0.7,0.4,0.2807050315884618,1.0191320668146824,0.027541243963421613,0.04142645871184588,101,development,False,False,,9504.0,435.9726516618276,702.4907282819895,0.75,0.95
R1445,0.95,0.7,0.45,0.28129667640336375,1.0213383364572666,0.026605779028871884,0.04146172228167031,101,development,True,False,1.5146611278163435,9504.0,435.9726516618276,702.4907282819895,0.75,0.95
R1446,0.95,0.7,0.5,0.28192753250010205,1.0235342560488487,0.025670314094322154,0.04152541875790883,101,development,True,False,1.5188997127704917,9504.0,435.9726516618276,702.4907282819895,0.75,0.95
R1447,0.95,0.7,0.55,0.28257556753402946,1.0257199286062288,0.02473484915977242,0.04161694620525576,101,development,True,False,1.5240063440478986,9504.0,435.9726516618276,702.4907282819895,0.75,0.95
R1448,0.95,0.7,0.6,0.2832207233274087,1.027895455610895,0.02379938422522269,0.04173566102177679,101,development,True,False,1.5299308806627978,9504.0,435.9726516618276,702.4907282819895,0.75,0.95
R1449,0.95,0.7,0.65,0.28387487073281525,1.0300458122978362,0.022868537772114984,0.041881327981710924,101,development,True,False,1.5366938818658624,9504.0,435.9726516618276,702.4907282819895,0.75,0.95
R1450,0.95,0.7,0.7,0.28455775040115894,1.0321382712429858,0.02195233581865387,0.04205456666246274,101,development,True,False,1.544351088708546,9504.0,435.9726516618276,702.4907282819895,0.75,0.95
R1451,0.95,0.75,0.0,0.27938125632290844,1.0117057132084042,0.03269353049004625,0.04244318019854287,101,development,False,False,,9504.0,435.9726516618276,702.4907282819895,0.75,0.95
R1452,0.95,0.75,0.05,0.27976054931685557,1.0136023593492485,0.031758728038973116,0.04223640968602821,101,development,False,False,,9504.0,435.9726516618276,702.4907282819895,0.75,0.95
R1453,0.95,0.75,0.1,0.28016733707994707,1.0154897704183463,0.030823925587899974,0.042060829768130754,101,development,False,False,,9504.0,435.9726516618276,702.4907282819895,0.75,0.95
R1454,0.95,0.75,0.15,0.2805777490442357,1.0173680417603832,0.029889123136826845,0.04191627869983043,101,development,False,False,,9504.0,435.9726516618276,702.4907282819895,0.75,0.95
R1455,0.95,0.75,0.2,0.2809985308670425,1.0192372672465533,0.0289543206857537,0.041802534929737144,101,development,False,False,,9504.0,435.9726516618276,702.4907282819895,0.75,0.95
R1456,0.95,0.75,0.25,0.2815698121026746,1.0213955031414503,0.028019518234680567,0.041719317390527394,101,development,False,False,,9504.0,435.9726516618276,702.4907282819895,0.75,0.95
R1457,0.95,0.75,0.3,0.2821688630994651,1.0236305783715418,0.027084715783607428,0.041666286449276134,101,development,False,False,,9504.0,435.9726516618276,702.4907282819895,0.75,0.95
R1458,0.95,0.75,0.35,0.28276523896531486,1.0258549853169463,0.026149913332534285,0.041643045501363336,101,development,False,False,,9504.0,435.9726516618276,702.4907282819895,0.75,0.95
R1459,0.95,0.75,0.4,0.2833589651924831,1.0280688317904045,0.025215110881461146,0.04164914317583222,101,development,False,False,,9504.0,435.9726516618276,702.4907282819895,0.75,0.95
R1460,0.95,0.75,0.45,0.2839500669059243,1.030272223973501,0.024280308430388014,0.041684076105526685,101,development,True,False,1.531239748228508,9504.0,435.9726516618276,702.4907282819895,0.75,0.95
R1461,0.95,0.75,0.5,0.28458037997261193,1.032465266449426,0.023345505979314875,0.04174729220265406,101,development,True,False,1.5354832568610957,9504.0,435.9726516618276,702.4907282819895,0.75,0.95
R1462,0.95,0.75,0.55,0.28522787204788447,1.0346480622349141,0.022410703528241736,0.0418381943700983,101,development,True,False,1.5405949576120999,9504.0,435.9726516618276,702.4907282819895,0.75,0.95
R1463,0.95,0.75,0.6,0.2858724849539897,1.0368207128113873,0.021475901077168607,0.041956144571193336,101,development,True,False,1.5465245168650237,9504.0,435.9726516618276,702.4907282819895,0.75,0.95
R1464,0.95,0.75,0.65,0.2865262196822198,1.0389688829508597,0.020545558270874138,0.042100936320761964,101,development,True,False,1.553293482229517,9504.0,435.9726516618276,702.4907282819895,0.75,0.95
R1465,0.95,0.75,0.7,0.28720909935056355,1.0410613418960095,0.019629356317413024,0.04227324211004466,101,development,True,False,1.5609600582696077,9504.0,435.9726516618276,702.4907282819895,0.75,0.95
R1466,0.95,0.75,0.75,0.2878912215091219,1.043143963044878,0.01871315436395191,0.04247105316572782,101,development,True,False,1.56944583061669,9504.0,435.9726516618276,702.4907282819895,0.75,0.95
R1467,0.95,0.8,0.0,0.28206535353826995,1.0203934910416101,0.030390368499579695,0.04269141133954303,101,development,False,False,,9504.0,435.9726516618276,702.4907282819895,0.75,0.95
R1468,0.95,0.8,0.05,0.2824441106762818,1.022287272540325,0.02945622853198315,0.04248568123365559,101,development,False,False,,9504.0,435.9726516618276,702.4907282819895,0.75,0.95
R1469,0.95,0.8,0.1,0.2828555091511189,1.0241718192466254,0.028522088564386597,0.04231096835747441,101,development,False,False,,9504.0,435.9726516618276,702.4907282819895,0.75,0.95
R1470,0.95,0.8,0.15,0.28326538537345514,1.026047226505154,0.027587948596790063,0.04216710784581796,101,development,False,False,,9504.0,435.9726516618276,702.4907282819895,0.75,0.95
R1471,0.95,0.8,0.2,0.2836745272013682,1.027913588187061,0.026653808629193507,0.04205387612839135,101,development,False,False,,9504.0,435.9726516618276,702.4907282819895,0.75,0.95
R1472,0.95,0.8,0.25,0.2842215602113187,1.0300689605568958,0.025719668661596966,0.041970991247706105,101,development,False,False,,9504.0,435.9726516618276,702.4907282819895,0.75,0.95
R1473,0.95,0.8,0.3,0.28482007105776197,1.0323011725410833,0.02478552869400042,0.041918113817088806,101,development,False,False,,9504.0,435.9726516618276,702.4907282819895,0.75,0.95
R1474,0.95,0.8,0.35,0.28541590683119866,1.0345227165196975,0.023851388726403872,0.04189484860231393,101,development,False,False,,9504.0,435.9726516618276,702.4907282819895,0.75,0.95
R1475,0.95,0.8,0.4,0.28600909302387817,1.0367337003054355,0.022917248758807327,0.04190074669527581,101,development,False,False,,9504.0,435.9726516618276,702.4907282819895,0.75,0.95
R1476,0.95,0.8,0.45,0.286599654760745,1.0389342300798394,0.02198310879121079,0.041935308234213646,101,development,False,False,,9504.0,435.9726516618276,702.4907282819895,0.75,0.95
R1477,0.95,0.8,0.5,0.28722942790876327,1.0411244104260555,0.021048968823614244,0.04199798561290191,101,development,True,False,1.5528362012555303,9504.0,435.9726516618276,702.4907282819895,0.75,0.95
R1478,0.95,0.8,0.55,0.2878763801232615,1.0433043443607737,0.020114828856017695,0.04208818711137773,101,development,True,False,1.5579526345991375,9504.0,435.9726516618276,702.4907282819895,0.75,0.95
R1479,0.95,0.8,0.6,0.2885204532264777,1.0454741333653732,0.019180688888421154,0.04220528087352204,101,development,True,False,1.5638875166122819,9504.0,435.9726516618276,702.4907282819895,0.75,0.95
R1480,0.95,0.8,0.65,0.28917377761337915,1.0476201282084079,0.018250849728939925,0.0423490941562111,101,development,True,False,1.570663500674815,9504.0,435.9726516618276,702.4907282819895,0.75,0.95
R1481,0.95,0.8,0.7,0.28985665728172283,1.049712587153558,0.017334647775478815,0.04252036213737063,101,development,True,False,1.578341563488134,9504.0,435.9726516618276,702.4907282819895,0.75,0.95
R1482,0.95,0.8,0.75,0.29053877944028117,1.0517952083024265,0.016418445822017697,0.04271699697161109,101,development,True,False,1.586838208226102,9504.0,435.9726516618276,702.4907282819895,0.75,0.95
R1483,0.95,0.8,0.8,0.29122509971378285,1.0538680872861126,0.015502243868556581,0.04293823193898483,101,development,True,False,1.596158197090331,9504.0,435.9726516618276,702.4907282819895,0.75,0.95
R1484,0.95,0.85,0.0,0.2847164879879497,1.0303087043212933,0.028113907307026887,0.042966950215207744,101,development,False,False,,9504.0,435.9726516618276,702.4907282819895,0.75,0.95
R1485,0.95,0.85,0.05,0.28509959333568835,1.0313965839307195,0.02718042982290693,0.0427623587593606,101,development,False,False,,9504.0,435.9726516618276,702.4907282819895,0.75,0.95
R1486,0.95,0.85,0.1,0.28551071090642804,1.0325987427114536,0.026246952338786978,0.04258859425980617,101,development,False,False,,9504.0,435.9726516618276,702.4907282819895,0.75,0.95
R1487,0.95,0.85,0.15,0.2859200545093548,1.0344713011950606,0.025313474854667027,0.042445488513444665,101,development,False,False,,9504.0,435.9726516618276,702.4907282819895,0.75,0.95
R1488,0.95,0.85,0.2,0.2863313410947048,1.0363348143173983,0.024379997370547076,0.0423328158061747,101,development,False,False,,9504.0,435.9726516618276,702.4907282819895,0.75,0.95
R1489,0.95,0.85,0.25,0.2868497982715783,1.0384873383429918,0.023446519886427125,0.042250293259390975,101,development,False,False,,9504.0,435.9726516618276,702.4907282819895,0.75,0.95
R1490,0.95,0.85,0.3,0.28743840844759616,1.040716702198238,0.02251304240230717,0.042197581795373994,101,development,False,False,,9504.0,435.9726516618276,702.4907282819895,0.75,0.95
R1491,0.95,0.85,0.35,0.28803370725203636,1.0429353982631866,0.02157956491818722,0.04217428770498417,101,development,False,False,,9504.0,435.9726516618276,702.4907282819895,0.75,0.95
R1492,0.95,0.85,0.4,0.2886263565203679,1.0451435343505076,0.020646087434067265,0.042179964786671936,101,development,False,False,,9504.0,435.9726516618276,702.4907282819895,0.75,0.95
R1493,0.95,0.85,0.45,0.28921638137752953,1.0473412166417164,0.019712609949947314,0.04221411701259775,101,development,False,False,,9504.0,435.9726516618276,702.4907282819895,0.75,0.95
R1494,0.95,0.85,0.5,0.2898456176904794,1.0495285497199336,0.01877913246582736,0.042276201666163145,101,development,False,False,,9504.0,435.9726516618276,702.4907282819895,0.75,0.95
R1495,0.95,0.85,0.55,0.29049203311454,1.0517056366018231,0.017845654981707412,0.042365632885918776,101,development,True,False,1.57600862733291,9504.0,435.9726516618276,702.4907282819895,0.75,0.95
R1496,0.95,0.85,0.6,0.291135569471944,1.0538725787687382,0.016912177497587454,0.0424817855439396,101,development,True,False,1.581948867013285,9504.0,435.9726516618276,702.4907282819895,0.75,0.95
R1497,0.95,0.85,0.65,0.29178848583276046,1.0560164094742173,0.01598284198491947,0.04262452538253215,101,development,True,False,1.5887325937313999,9504.0,435.9726516618276,702.4907282819895,0.75,0.95
R1498,0.95,0.85,0.7,0.29247136550110425,1.0581088684193671,0.015066640031458358,0.04279465959116772,101,development,True,False,1.596423863646024,9504.0,435.9726516618276,702.4907282819895,0.75,0.95
R1499,0.95,0.85,0.75,0.2931534876596626,1.0601914895682358,0.014150438077997245,0.042990008638100305,101,development,True,False,1.6049335687431927,9504.0,435.9726516618276,702.4907282819895,0.75,0.95
R1500,0.95,0.85,0.8,0.2938398079331643,1.062264368551922,0.013234236124536128,0.04320981494663447,101,development,True,False,1.6142659334657228,9504.0,435.9726516618276,702.4907282819895,0.75,0.95
R1501,0.95,0.85,0.85,0.2945534295922904,1.0643275996108263,0.012318034171075017,0.04345330225655558,101,development,False,False,,9504.0,435.9726516618276,702.4907282819895,0.75,0.95
R1502,0.95,0.9,0.0,0.2873592583567392,1.0409642680316171,0.025859019285792255,0.043268425949317305,101,development,False,False,,9504.0,435.9726516618276,702.4907282819895,0.75,0.95
R1503,0.95,0.9,0.05,0.28774695303279796,1.042049313739346,0.0249262042851489,0.04306506106917733,101,development,False,False,,9504.0,435.9726516618276,702.4907282819895,0.75,0.95
R1504,0.95,0.9,0.1,0.2881575410470341,1.0431290707963632,0.02399338928450553,0.04289231753567523,101,development,False,False,,9504.0,435.9726516618276,702.4907282819895,0.75,0.95
R1505,0.95,0.9,0.15,0.2885663551245433,1.0442035928431612,0.02306057428386218,0.04275002363961983,101,development,False,False,,9504.0,435.9726516618276,702.4907282819895,0.75,0.95
R1506,0.95,0.9,0.2,0.288979782370776,1.0452729327066999,0.022127759283218817,0.04263795143417155,101,development,False,False,,9504.0,435.9726516618276,702.4907282819895,0.75,0.95
R1507,0.95,0.9,0.25,0.2894832810410871,1.0467338626535916,0.021194944282575456,0.042555817110409844,101,development,False,False,,9504.0,435.9726516618276,702.4907282819895,0.75,0.95
R1508,0.95,0.9,0.3,0.2900484734123492,1.0489603933697988,0.0202621292819321,0.04250328196951142,101,development,False,False,,9504.0,435.9726516618276,702.4907282819895,0.75,0.95
R1509,0.95,0.9,0.35,0.29064323834305794,1.0511762564482006,0.019329314281288736,0.04247995397485792,101,development,False,False,,9504.0,435.9726516618276,702.4907282819895,0.75,0.95
R1510,0.95,0.9,0.4,0.29123535376926624,1.0533815597014533,0.01839649928064538,0.04248538985373561,101,development,False,False,,9504.0,435.9726516618276,702.4907282819895,0.75,0.95
R1511,0.95,0.9,0.45,0.2918248448159096,1.0555764093110591,0.017463684280002018,0.042519097705777414,101,development,False,False,,9504.0,435.9726516618276,702.4907282819895,0.75,0.95
R1512,0.95,0.9,0.5,0.29245354734994344,1.057760909860125,0.016530869279358658,0.04258054006443339,101,development,False,False,,9504.0,435.9726516618276,702.4907282819895,0.75,0.95
R1513,0.95,0.9,0.55,0.29309942902668723,1.0599351643653026,0.0155980542787153,0.04266913734894097,101,development,False,False,,9504.0,435.9726516618276,702.4907282819895,0.75,0.95
R1514,0.95,0.9,0.6,0.2937424316683705,1.0620992743079305,0.014665239278071937,0.042784271637780556,101,development,True,False,1.6007787083878555,9504.0,435.9726516618276,702.4907282819895,0.75,0.95
R1515,0.95,0.9,0.65,0.29439494229798474,1.0642409519435947,0.013736407412217199,0.042925851636763705,101,development,True,False,1.6075702926576945,9504.0,435.9726516618276,702.4907282819895,0.75,0.95
R1516,0.95,0.9,0.7,0.29507782196632854,1.0663334108887446,0.012820205458756086,0.04309476541132036,101,development,True,False,1.6152757444354577,9504.0,435.9726516618276,702.4907282819895,0.75,0.95
R1517,0.95,0.9,0.75,0.2957599441248868,1.0684160320376133,0.01190400350529497,0.04328872965016581,101,development,False,False,,9504.0,435.9726516618276,702.4907282819895,0.75,0.95
R1518,0.95,0.9,0.8,0.29644626439838845,1.0704889110212994,0.010987801551833853,0.043506996555558106,101,development,False,False,,9504.0,435.9726516618276,702.4907282819895,0.75,0.95
R1519,0.95,0.9,0.85,0.29715988605751464,1.0725521420802036,0.010071599598372744,0.04374880000414644,101,development,False,False,,9504.0,435.9726516618276,702.4907282819895,0.75,0.95
R1520,0.95,0.9,0.9,0.29787674490524585,1.0746058180908786,0.009160018479178921,0.04401304103821008,101,development,False,False,,9504.0,435.9726516618276,702.4907282819895,0.75,0.95
R1521,0.95,0.95,0.0,0.29000520784487827,1.0513253005548107,0.023629170673973264,0.043594419251147265,101,development,False,False,,9504.0,435.9726516618276,702.4907282819895,0.75,0.95
R1522,0.95,0.95,0.05,0.2903974812535372,1.0524075275339548,0.022697018156806494,0.043392358575393586,101,development,False,False,,9504.0,435.9726516618276,702.4907282819895,0.75,0.95
R1523,0.95,0.95,0.1,0.2908075427896608,1.053484465953159,0.02176486563963972,0.04322069989519173,101,development,False,False,,9504.0,435.9726516618276,702.4907282819895,0.75,0.95
R1524,0.95,0.95,0.15,0.2912158304075427,1.0545561694529118,0.020832713122472965,0.04307926787504411,101,development,False,False,,9504.0,435.9726516618276,702.4907282819895,0.75,0.95
R1525,0.95,0.95,0.2,0.2916314633440867,1.055622690860167,0.019900560605306195,0.042967832280914255,101,development,False,False,,9504.0,435.9726516618276,702.4907282819895,0.75,0.95
R1526,0.95,0.95,0.25,0.2921311447001873,1.0566840822047168,0.018968408088139425,0.04288610838479991,101,development,False,False,,9504.0,435.9726516618276,702.4907282819895,0.75,0.95
R1527,0.95,0.95,0.3,0.29266644815234477,1.0577403947351511,0.01803625557097266,0.04283375794284626,101,development,False,False,,9504.0,435.9726516618276,702.4907282819895,0.75,0.95
R1528,0.95,0.95,0.35,0.293256042740144,1.0592384636658954,0.01710410305380589,0.042810390730259315,101,development,False,False,,9504.0,435.9726516618276,702.4907282819895,0.75,0.95
R1529,0.95,0.95,0.4,0.2938476273788722,1.0614409488258654,0.01617195053663912,0.04281556660338263,101,development,False,False,,9504.0,435.9726516618276,702.4907282819895,0.75,0.95
R1530,0.95,0.95,0.45,0.2944365876568333,1.0636329804329263,0.015239798019472355,0.04284879804750427,101,development,False,False,,9504.0,435.9726516618276,702.4907282819895,0.75,0.95
R1531,0.95,0.95,0.5,0.2950647594409814,1.0658146630701806,0.014307645502305585,0.04290955315873435,101,development,False,False,,9504.0,435.9726516618276,702.4907282819895,0.75,0.95
R1532,0.95,0.95,0.55,0.29571011038663503,1.0679860997542743,0.013375492985138817,0.042997259000006186,101,development,False,False,,9504.0,435.9726516618276,702.4907282819895,0.75,0.95
R1533,0.95,0.95,0.6,0.2963525823160225,1.0701473919665423,0.012443340467972054,0.04311130526516423,101,development,False,False,,9504.0,435.9726516618276,702.4907282819895,0.75,0.95
R1534,0.95,0.95,0.65,0.2970046894891955,1.0722869275099833,0.011515012248930555,0.04325164783250943,101,development,False,False,,9504.0,435.9726516618276,702.4907282819895,0.75,0.95
R1535,0.95,0.95,0.7,0.2976875691575392,1.074379386455133,0.01059881029546944,0.04341926403903918,101,development,False,False,,9504.0,435.9726516618276,702.4907282819895,0.75,0.95
R1536,0.95,0.95,0.75,0.29836969131609753,1.0764620076040015,0.009682608342008325,0.04361175523532451,101,development,False,False,,9504.0,435.9726516618276,702.4907282819895,0.75,0.95
R1537,0.95,0.95,0.8,0.2990560115895992,1.0785348865876878,0.008766406388547211,0.04382838394297802,101,development,False,False,,9504.0,435.9726516618276,702.4907282819895,0.75,0.95
R1538,0.95,0.95,0.85,0.2997696332487253,1.080598117646592,0.007850204435086099,0.044068394738707474,101,development,False,False,,9504.0,435.9726516618276,702.4907282819895,0.75,0.95
R1539,0.95,0.95,0.9,0.3004864920964565,1.082651793657267,0.006938623315892278,0.04433070215974028,101,development,True,False,1.6740329273639272,9504.0,435.9726516618276,702.4907282819895,0.75,0.95
R1540,0.95,0.95,0.95,0.3012246718963427,1.0848591583076697,0.006028577712064016,0.04461483363835838,101,development,True,False,1.6859791067669505,9504.0,435.9726516618276,702.4907282819895,0.75,0.95
R1541,1.0,0.0,0.0,0.2454410159976827,0.8771426453064728,0.06410904922907293,0.04385719034841021,101,development,True,False,1.4596086626814035,9504.0,435.9726516618276,702.4907282819895,0.75,0.95
R1542,1.0,0.05,0.0,0.24779704623688353,0.8869959086089293,0.06160623678052301,0.0434715054888518,101,development,True,False,1.4539152616950088,9504.0,435.9726516618276,702.4907282819895,0.75,0.95
R1543,1.0,0.05,0.05,0.24820950998065042,0.8887663715278206,0.06071568416983718,0.043251597741151095,101,development,True,False,1.4474040259322156,9504.0,435.9726516618276,702.4907282819895,0.75,0.95
R1544,1.0,0.1,0.0,0.25021320177105066,0.8975133510520656,0.05912320460542384,0.043140468735225944,101,development,True,False,1.4510670966144676,9504.0,435.9726516618276,702.4907282819895,0.75,0.95
R1545,1.0,0.1,0.05,0.2506338961312815,0.8992838139709572,0.05823265199473801,0.042918826640140295,101,development,True,False,1.4447043823981438,9504.0,435.9726516618276,702.4907282819895,0.75,0.95
R1546,1.0,0.1,0.1,0.2510651338378395,0.9010450686472568,0.05734209938405216,0.04272892330552832,101,development,True,False,1.4395426005549297,9504.0,435.9726516618276,702.4907282819895,0.75,0.95
R1547,1.0,0.15,0.0,0.2526261571839039,0.9078426356849483,0.056659952703775426,0.04286195442924357,101,development,True,False,1.4503281910791994,9504.0,435.9726516618276,702.4907282819895,0.75,0.95
R1548,1.0,0.15,0.05,0.25305323906309485,0.9096130986038395,0.05576940009308959,0.04263882665996825,101,development,True,False,1.4441034158707682,9504.0,435.9726516618276,702.4907282819895,0.75,0.95
R1549,1.0,0.15,0.1,0.2534850984942568,0.9113743532801393,0.05487884748240375,0.0424476327791251,101,development,True,False,1.4390573115191507,9504.0,435.9726516618276,702.4907282819895,0.75,0.95
R1550,1.0,0.15,0.15,0.253914920103373,0.9131264950459519,0.053988294871717905,0.042288247066859505,101,development,True,False,1.435141421958915,9504.0,435.9726516618276,702.4907282819895,0.75,0.95
R1551,1.0,0.2,0.0,0.2550896873173097,0.9179878012643022,0.05421648107557775,0.042633855554639666,101,development,False,False,,9504.0,435.9726516618276,702.4907282819895,0.75,0.95
R1552,1.0,0.2,0.05,0.25552118500740034,0.9197582641831937,0.05332592846489191,0.04240949007165618,101,development,True,False,1.4455261458288566,9504.0,435.9726516618276,702.4907282819895,0.75,0.95
R1553,1.0,0.2,0.1,0.2559530444385623,0.9215195188594932,0.052435375854206066,0.04221721999010968,101,development,True,False,1.440586946684049,9504.0,435.9726516618276,702.4907282819895,0.75,0.95
R1554,1.0,0.2,0.15,0.2563828917178415,0.9232716606253061,0.051544823243520235,0.04205692356254827,101,development,True,False,1.4367661461932975,9504.0,435.9726516618276,702.4907282819895,0.75,0.95
R1555,1.0,0.2,0.2,0.2568701470658942,0.9253122404602285,0.050654270632834404,0.04192841572378449,101,development,True,False,1.4343042391922844,9504.0,435.9726516618276,702.4907282819895,0.75,0.95
R1556,1.0,0.25,0.0,0.2575671967560532,0.9279887398985692,0.05179278972083082,0.04245408875265034,101,development,False,False,,9504.0,435.9726516618276,702.4907282819895,0.75,0.95
R1557,1.0,0.25,0.05,0.2579945435048458,0.9297592028174605,0.050902237110144986,0.04222873086107671,101,development,False,False,,9504.0,435.9726516618276,702.4907282819895,0.75,0.95
R1558,1.0,0.25,0.1,0.25842640293600777,0.9315204574937602,0.05001168449945914,0.04203559674588488,101,development,True,False,1.4439121841549702,9504.0,435.9726516618276,702.4907282819895,0.75,0.95
R1559,1.0,0.25,0.15,0.25886087250374096,0.9332725992595728,0.0491211318887733,0.041874567889754695,101,development,True,False,1.4401874150422609,9504.0,435.9726516618276,702.4907282819895,0.75,0.95
R1560,1.0,0.25,0.2,0.2593499883094783,0.9353131790944955,0.04823057927808745,0.04174546161966316,101,development,True,False,1.4378071500664031,9504.0,435.9726516618276,702.4907282819895,0.75,0.95
R1561,1.0,0.25,0.25,0.2598732608860948,0.9374133536272008,0.04734002666740163,0.04164803095191971,101,development,True,False,1.4365772907881258,9504.0,435.9726516618276,702.4907282819895,0.75,0.95
R1562,1.0,0.3,0.0,0.26007864374492257,0.9378198328729933,0.04938887863953464,0.042320600198268686,101,development,False,False,,9504.0,435.9726516618276,702.4907282819895,0.75,0.95
R1563,1.0,0.3,0.05,0.2604876788700186,0.9395902957918846,0.048498326028848814,0.04209449074018306,101,development,False,False,,9504.0,435.9726516618276,702.4907282819895,0.75,0.95
R1564,1.0,0.3,0.1,0.26091953830118053,0.9413515504681843,0.047607773418162955,0.04190070099349377,101,development,False,False,,9504.0,435.9726516618276,702.4907282819895,0.75,0.95
R1565,1.0,0.3,0.15,0.26136047279250885,0.9431036922339967,0.04671722080747714,0.0417391149083251,101,development,True,False,1.4452682971183106,9504.0,435.9726516618276,702.4907282819895,0.75,0.95
R1566,1.0,0.3,0.2,0.26184958859824625,0.9451442720689194,0.04582666819679129,0.041609551648597344,101,development,True,False,1.442958634237218,9504.0,435.9726516618276,702.4907282819895,0.75,0.95
R1567,1.0,0.3,0.25,0.26237286117486275,0.9472444466016245,0.04493611558610546,0.0415117654101354,101,development,True,False,1.4417895746375056,9504.0,435.9726516618276,702.4907282819895,0.75,0.95
R1568,1.0,0.3,0.3,0.2629173418778418,0.9493338748444433,0.044045562975419617,0.0414454459865015,101,development,True,False,1.4416685043101107,9504.0,435.9726516618276,702.4907282819895,0.75,0.95
R1569,1.0,0.35,0.0,0.2626228066892965,0.9474773187752304,0.04700474783168922,0.04223137204400072,101,development,False,False,,9504.0,435.9726516618276,702.4907282819895,0.75,0.95
R1570,1.0,0.35,0.05,0.26300153281499533,0.9492477816941217,0.04611419522100337,0.042004745759030994,101,development,False,False,,9504.0,435.9726516618276,702.4907282819895,0.75,0.95
R1571,1.0,0.35,0.1,0.26343276370074575,0.9510090363704214,0.045223642610317534,0.04181050357687678,101,development,False,False,,9504.0,435.9726516618276,702.4907282819895,0.75,0.95
R1572,1.0,0.35,0.15,0.26388014539085364,0.9527611781362341,0.044333089999631696,0.04164853114682681,101,development,False,False,,9504.0,435.9726516618276,702.4907282819895,0.75,0.95
R1573,1.0,0.35,0.2,0.26436926119659104,0.9548017579711566,0.043442537388945844,0.041518648906756175,101,development,True,False,1.4496277459421363,9504.0,435.9726516618276,702.4907282819895,0.75,0.95
R1574,1.0,0.35,0.25,0.2648942897386865,0.956901932503862,0.04255198477826001,0.041420611882514696,101,development,True,False,1.4485163603629225,9504.0,435.9726516618276,702.4907282819895,0.75,0.95
R1575,1.0,0.35,0.3,0.2654397451566971,0.9589913607466808,0.04166143216757418,0.041354110243136906,101,development,True,False,1.4484423672550457,9504.0,435.9726516618276,702.4907282819895,0.75,0.95
R1576,1.0,0.35,0.35,0.26598557045800125,0.9610701521623203,0.04077087955688833,0.041318770605655634,101,development,True,False,1.4493405889468147,9504.0,435.9726516618276,702.4907282819895,0.75,0.95
R1577,1.0,0.4,0.0,0.26520500283804177,0.9569643069827718,0.044640397297294535,0.04218442915268173,101,development,False,False,,9504.0,435.9726516618276,702.4907282819895,0.75,0.95
R1578,1.0,0.4,0.05,0.2655576274567647,0.9587347699016631,0.043749844686608697,0.041957513232147414,101,development,False,False,,9504.0,435.9726516618276,702.4907282819895,0.75,0.95
R1579,1.0,0.4,0.1,0.26597179681880173,0.9604960245779628,0.042859292075922845,0.041763015331275063,101,development,False,False,,9504.0,435.9726516618276,702.4907282819895,0.75,0.95
R1580,1.0,0.4,0.15,0.2664219583182927,0.9622481663437753,0.04196873946523701,0.04160082203850518,101,development,False,False,,9504.0,435.9726516618276,702.4907282819895,0.75,0.95
R1581,1.0,0.4,0.2,0.26690807639967035,0.9642887461786979,0.041078186854551176,0.041470754506311346,101,development,False,False,,9504.0,435.9726516618276,702.4907282819895,0.75,0.95
R1582,1.0,0.4,0.25,0.26743572804975296,0.9663889207114034,0.04018763424386533,0.04137256824017688,101,development,True,False,1.4566415543972953,9504.0,435.9726516618276,702.4907282819895,0.75,0.95
R1583,1.0,0.4,0.3,0.2679811834677635,0.9684783489542218,0.03929708163317949,0.041305953647688846,101,development,True,False,1.4566075141330768,9504.0,435.9726516618276,702.4907282819895,0.75,0.95
R1584,1.0,0.4,0.35,0.26852898418088067,0.9705571403698615,0.038406529022493655,0.041270537341709226,101,development,True,False,1.457541629157205,9504.0,435.9726516618276,702.4907282819895,0.75,0.95
R1585,1.0,0.4,0.4,0.2690833089543935,0.9726254027562863,0.037515976411807817,0.041265884171973785,101,development,True,False,1.4594292466629388,9504.0,435.9726516618276,702.4907282819895,0.75,0.95
R1586,1.0,0.45,0.0,0.26781392385350755,0.9662837054998757,0.0422958270363506,0.042177845864873595,101,development,False,False,,9504.0,435.9726516618276,702.4907282819895,0.75,0.95
R1587,1.0,0.45,0.05,0.268153469782398,0.968054168418767,0.04140527442566476,0.04195085871639623,101,development,False,False,,9504.0,435.9726516618276,702.4907282819895,0.75,0.95
R1588,1.0,0.45,0.1,0.26854280138550635,0.9698154230950666,0.040514721814978914,0.04175629424455057,101,development,False,False,,9504.0,435.9726516618276,702.4907282819895,0.75,0.95
R1589,1.0,0.45,0.15,0.26899816928440856,0.9715675648608794,0.03962416920429308,0.041594039237707665,101,development,False,False,,9504.0,435.9726516618276,702.4907282819895,0.75,0.95
R1590,1.0,0.45,0.2,0.26948428736578633,0.9736081446958019,0.038733616593607245,0.04146391501756181,101,development,False,False,,9504.0,435.9726516618276,702.4907282819895,0.75,0.95
R1591,1.0,0.45,0.25,0.270011768650908,0.9757083192285072,0.03784306398292141,0.04136567722587657,101,development,False,False,,9504.0,435.9726516618276,702.4907282819895,0.75,0.95
R1592,1.0,0.45,0.3,0.2705573770709034,0.977797747471326,0.03695251137223556,0.041299016371945836,101,development,True,False,1.466096437303021,9504.0,435.9726516618276,702.4907282819895,0.75,0.95
R1593,1.0,0.45,0.35,0.2711095310262063,0.9798765388869656,0.036061958761549724,0.041263559134774606,101,development,True,False,1.4670674112202735,9504.0,435.9726516618276,702.4907282819895,0.75,0.95
R1594,1.0,0.45,0.4,0.27166734305207846,0.9819448012733901,0.03517140615086389,0.04125887039435225,101,development,True,False,1.4689836911622125,9504.0,435.9726516618276,702.4907282819895,0.75,0.95
R1595,1.0,0.45,0.45,0.2722243734198861,0.9840026407974217,0.03428085354017805,0.04128445594775819,101,development,True,False,1.471813061758237,9504.0,435.9726516618276,702.4907282819895,0.75,0.95
R1596,1.0,0.5,0.0,0.27040535780837455,0.9754382313016366,0.03997103704885742,0.042209752577478006,101,development,False,False,,9504.0,435.9726516618276,702.4907282819895,0.75,0.95
R1597,1.0,0.5,0.05,0.27074036724529965,0.9772086942205279,0.03908048443817158,0.04198290280874847,101,development,False,False,,9504.0,435.9726516618276,702.4907282819895,0.75,0.95
R1598,1.0,0.5,0.1,0.2710994123649522,0.9789699488968276,0.03818993182748574,0.04178845244654364,101,development,False,False,,9504.0,435.9726516618276,702.4907282819895,0.75,0.95
R1599,1.0,0.5,0.15,0.27154875028192893,0.9807220906626403,0.0372993792167999,0.041626287771650214,101,development,False,False,,9504.0,435.9726516618276,702.4907282819895,0.75,0.95
R1600,1.0,0.5,0.2,0.2720395320892998,0.9827626704975629,0.03640882660611407,0.04149622975263713,101,development,False,False,,9504.0,435.9726516618276,702.4907282819895,0.75,0.95
R1601,1.0,0.5,0.25,0.27257512778018406,0.9848628450302682,0.03551827399542823,0.04139803383821954,101,development,False,False,,9504.0,435.9726516618276,702.4907282819895,0.75,0.95
R1602,1.0,0.5,0.3,0.27312298513276284,0.9869522732730869,0.034627721384742384,0.04133139050739909,101,development,False,False,,9504.0,435.9726516618276,702.4907282819895,0.75,0.95
R1603,1.0,0.5,0.35,0.27367710149514396,0.9890310646887265,0.03373716877405654,0.041295926571302585,101,development,True,False,1.477734037450267,9504.0,435.9726516618276,702.4907282819895,0.75,0.95
R1604,1.0,0.5,0.4,0.27423379326552977,0.9910993270751511,0.032846616163370715,0.0412912072011182,101,development,True,False,1.479667503158787,9504.0,435.9726516618276,702.4907282819895,0.75,0.95
R1605,1.0,0.5,0.45,0.2747878823667021,0.9931571665991829,0.03195606355268487,0.041316738638003316,101,development,True,False,1.482505316806119,9504.0,435.9726516618276,702.4907282819895,0.75,0.95
R1606,1.0,0.5,0.5,0.2753840608325287,0.9952046878292582,0.03106551094199903,0.041371971524153325,101,development,True,False,1.486319295136817,9504.0,435.9726516618276,702.4907282819895,0.75,0.95
R1607,1.0,0.55,0.0,0.2729939996227699,0.9844304197703302,0.03766602733481498,0.04227834194619468,101,development,False,False,,9504.0,435.9726516618276,702.4907282819895,0.75,0.95
R1608,1.0,0.55,0.05,0.2733325367093984,0.9862008826892215,0.03677547472412914,0.04205182756893244,101,development,False,False,,9504.0,435.9726516618276,702.4907282819895,0.75,0.95
R1609,1.0,0.55,0.1,0.2736861778368537,0.9879621373655212,0.0358849221134433,0.0418576628246417,101,development,False,False,,9504.0,435.9726516618276,702.4907282819895,0.75,0.95
R1610,1.0,0.55,0.15,0.27411862301426104,0.9897142791313337,0.034994369502757465,0.041695732819850555,101,development,False,False,,9504.0,435.9726516618276,702.4907282819895,0.75,0.95
R1611,1.0,0.55,0.2,0.2746072162955859,0.9917548589662563,0.034103816892071634,0.04156585767829397,101,development,False,False,,9504.0,435.9726516618276,702.4907282819895,0.75,0.95
R1612,1.0,0.55,0.25,0.27514256392051817,0.9938550334989618,0.03321326428138579,0.041467792346237355,101,development,False,False,,9504.0,435.9726516618276,702.4907282819895,0.75,0.95
R1613,1.0,0.55,0.3,0.2756874832447486,0.9959444617417805,0.03232271167069995,0.04140122714931239,101,development,False,False,,9504.0,435.9726516618276,702.4907282819895,0.75,0.95
R1614,1.0,0.55,0.35,0.27624116562104317,0.9980232531574199,0.031432159060014106,0.041365789094585874,101,development,True,False,1.4894862122984593,9504.0,435.9726516618276,702.4907282819895,0.75,0.95
R1615,1.0,0.55,0.4,0.2767978573914291,1.0000915155438446,0.030541606449328275,0.0413610438922933,101,development,True,False,1.4914367810385676,9504.0,435.9726516618276,702.4907282819895,0.75,0.95
R1616,1.0,0.55,0.45,0.2773519464926014,1.0021493550678764,0.029651053838642433,0.04138649865337406,101,development,True,False,1.4942877597961954,9504.0,435.9726516618276,702.4907282819895,0.75,0.95
R1617,1.0,0.55,0.5,0.277948124958428,1.0041968762979516,0.028760501227956592,0.04144160520247372,101,development,True,False,1.4981111431465726,9504.0,435.9726516618276,702.4907282819895,0.75,0.95
R1618,1.0,0.55,0.55,0.2785584518985833,1.0062341822360625,0.027869948617270757,0.04152576393213718,101,development,True,False,1.502838080097834,9504.0,435.9726516618276,702.4907282819895,0.75,0.95
R1619,1.0,0.6,0.0,0.2755986910283738,0.9932626333002733,0.03538079789422331,0.0423818745629854,101,development,False,False,,9504.0,435.9726516618276,702.4907282819895,0.75,0.95
R1620,1.0,0.6,0.05,0.27594040583749213,0.9950330962191646,0.03449024528353747,0.04215588241137755,101,development,False,False,,9504.0,435.9726516618276,702.4907282819895,0.75,0.95
R1621,1.0,0.6,0.1,0.2762928521392777,0.9967943508954642,0.03359969267285162,0.041962165103957415,101,development,False,False,,9504.0,435.9726516618276,702.4907282819895,0.75,0.95
R1622,1.0,0.6,0.15,0.27669709752181093,0.9985464926612769,0.03270914006216579,0.041800605954439705,101,development,False,False,,9504.0,435.9726516618276,702.4907282819895,0.75,0.95
R1623,1.0,0.6,0.2,0.2771814535190448,1.0005870724961994,0.03181858745147995,0.0416710237867404,101,development,False,False,,9504.0,435.9726516618276,702.4907282819895,0.75,0.95
R1624,1.0,0.6,0.25,0.27771949489730663,1.0026872470289048,0.03092803484079411,0.041573172759955444,101,development,False,False,,9504.0,435.9726516618276,702.4907282819895,0.75,0.95
R1625,1.0,0.6,0.3,0.278264414221537,1.0047766752717235,0.03003748223010827,0.04150674293551108,101,development,False,False,,9504.0,435.9726516618276,702.4907282819895,0.75,0.95
R1626,1.0,0.6,0.35,0.2788195091097983,1.006855466687363,0.029146929619422435,0.0414713615799012,101,development,False,False,,9504.0,435.9726516618276,702.4907282819895,0.75,0.95
R1627,1.0,0.6,0.4,0.27937328479571144,1.0089237290737876,0.028256377008736597,0.041466595177484473,101,development,True,False,1.504255594748184,9504.0,435.9726516618276,702.4907282819895,0.75,0.95
R1628,1.0,0.6,0.45,0.27992446866188353,1.0109815685978194,0.027365824398050752,0.041491952109861965,101,development,True,False,1.507112951187545,9504.0,435.9726516618276,702.4907282819895,0.75,0.95
R1629,1.0,0.6,0.5,0.2805177526617491,1.0130290898278946,0.026475271787364918,0.04154688594220271,101,development,True,False,1.510940003769464,9504.0,435.9726516618276,702.4907282819895,0.75,0.95
R1630,1.0,0.6,0.55,0.28112689318639905,1.0150663957660055,0.025584719176679073,0.04163079924321803,101,development,True,False,1.51567120038468,9504.0,435.9726516618276,702.4907282819895,0.75,0.95
R1631,1.0,0.6,0.6,0.28173627239874294,1.0170935878788423,0.024694166565993245,0.04174304785482858,101,development,True,False,1.5212645485776908,9504.0,435.9726516618276,702.4907282819895,0.75,0.95
R1632,1.0,0.65,0.0,0.27819582793602887,1.0019370691390141,0.03311534872708236,0.0425186839985694,101,development,False,False,,9504.0,435.9726516618276,702.4907282819895,0.75,0.95
R1633,1.0,0.65,0.05,0.2785387353768921,1.0037075320579056,0.032224796116396524,0.0422933893508591,101,development,False,False,,9504.0,435.9726516618276,702.4907282819895,0.75,0.95
R1634,1.0,0.65,0.1,0.27889633190481744,1.0054687867342054,0.031334243505710686,0.04210027127149867,101,development,False,False,,9504.0,435.9726516618276,702.4907282819895,0.75,0.95
R1635,1.0,0.65,0.15,0.2792797961928396,1.007220928500018,0.030443690895024845,0.04193921071638921,101,development,False,False,,9504.0,435.9726516618276,702.4907282819895,0.75,0.95
R1636,1.0,0.65,0.2,0.2797462228640483,1.0092615083349403,0.029553138284339014,0.04181002479593531,101,development,False,False,,9504.0,435.9726516618276,702.4907282819895,0.75,0.95
R1637,1.0,0.65,0.25,0.28028695072972876,1.0113616828676457,0.028662585673653172,0.04171246662562426,101,development,False,False,,9504.0,435.9726516618276,702.4907282819895,0.75,0.95
R1638,1.0,0.65,0.3,0.2808325158217658,1.0134511111104645,0.02777203306296733,0.041646225906637996,101,development,False,False,,9504.0,435.9726516618276,702.4907282819895,0.75,0.95
R1639,1.0,0.65,0.35,0.2813889081601103,1.0155299025261042,0.0268814804522815,0.041610930229519186,101,development,False,False,,9504.0,435.9726516618276,702.4907282819895,0.75,0.95
R1640,1.0,0.65,0.4,0.2819426838460235,1.0175981649125287,0.025990927841595658,0.041606147075418626,101,development,True,False,1.5180358061467056,9504.0,435.9726516618276,702.4907282819895,0.75,0.95
R1641,1.0,0.65,0.45,0.2824938677121956,1.0196560044365606,0.02510037523090982,0.04163138647194176,101,development,True,False,1.5209042553064709,9504.0,435.9726516618276,702.4907282819895,0.75,0.95
R1642,1.0,0.65,0.5,0.28308715171206117,1.0217035256666358,0.024209822620223975,0.041686104244869154,101,development,True,False,1.5247406206601433,9504.0,435.9726516618276,702.4907282819895,0.75,0.95
R1643,1.0,0.65,0.55,0.2836945948757528,1.0237408316047467,0.023319270009538134,0.041769705793714945,101,development,True,False,1.529475930287858,9504.0,435.9726516618276,702.4907282819895,0.75,0.95
R1644,1.0,0.65,0.6,0.2843011009224665,1.025768023717583,0.022428717398852303,0.041881550308714835,101,development,True,False,1.535069124047158,9504.0,435.9726516618276,702.4907282819895,0.75,0.95
R1645,1.0,0.65,0.65,0.2849201960852625,1.0277852019669085,0.02153816478816646,0.04202095533971559,101,development,True,False,1.5415378708675418,9504.0,435.9726516618276,702.4907282819895,0.75,0.95
R1646,1.0,0.7,0.0,0.2807853613871447,1.0104557665251244,0.03086967983339218,0.04268718113726703,101,development,False,False,,9504.0,435.9726516618276,702.4907282819895,0.75,0.95
R1647,1.0,0.7,0.05,0.2811294582514988,1.0122262294440156,0.02997912722270634,0.042462747524782615,101,development,False,False,,9504.0,435.9726516618276,702.4907282819895,0.75,0.95
R1648,1.0,0.7,0.1,0.2814921911511332,1.0139874841203154,0.029088574612020506,0.04227037026334133,101,development,False,False,,9504.0,435.9726516618276,702.4907282819895,0.75,0.95
R1649,1.0,0.7,0.15,0.2818644730240835,1.015739625886128,0.02819802200133466,0.042109927443259206,101,development,False,False,,9504.0,435.9726516618276,702.4907282819895,0.75,0.95
R1650,1.0,0.7,0.2,0.2823034732566513,1.0177802057210508,0.027307469390648823,0.041981234092144826,101,development,False,False,,9504.0,435.9726516618276,702.4907282819895,0.75,0.95
R1651,1.0,0.7,0.25,0.28284688038293104,1.019880380253756,0.02641691677996299,0.041884042056206224,101,development,False,False,,9504.0,435.9726516618276,702.4907282819895,0.75,0.95
R1652,1.0,0.7,0.3,0.2833943823795864,1.0219698084965747,0.025526364169277144,0.04181804059694943,101,development,False,False,,9504.0,435.9726516618276,702.4907282819895,0.75,0.95
R1653,1.0,0.7,0.35,0.28395077471793084,1.0240485999122142,0.02463581155859131,0.04178285769582636,101,development,False,False,,9504.0,435.9726516618276,702.4907282819895,0.75,0.95
R1654,1.0,0.7,0.4,0.28450455040384404,1.0261168622986387,0.02374525894790547,0.041778062041432244,101,development,False,False,,9504.0,435.9726516618276,702.4907282819895,0.75,0.95
R1655,1.0,0.7,0.45,0.2850557342700162,1.0281747018226706,0.02285470633721963,0.04180316565687161,101,development,True,False,1.5356074103090211,9504.0,435.9726516618276,702.4907282819895,0.75,0.95
R1656,1.0,0.7,0.5,0.28564901826988176,1.030222223052746,0.021964153726533788,0.041857627109660206,101,development,True,False,1.539452920933311,9504.0,435.9726516618276,702.4907282819895,0.75,0.95
R1657,1.0,0.7,0.55,0.2862564614335734,1.032259528990857,0.021073601115847943,0.04194085523364456,101,development,True,False,1.544196387708032,9504.0,435.9726516618276,702.4907282819895,0.75,0.95
R1658,1.0,0.7,0.6,0.2868629674802871,1.0342867211036932,0.020183048505162112,0.042052213282386904,101,development,True,False,1.5497966118500102,9504.0,435.9726516618276,702.4907282819895,0.75,0.95
R1659,1.0,0.7,0.65,0.28748206264308307,1.0363038993530187,0.01929249589447627,0.042191023426582326,101,development,True,False,1.5562710448819255,9504.0,435.9726516618276,702.4907282819895,0.75,0.95
R1660,1.0,0.7,0.7,0.28813762151961597,1.0383111622252958,0.018401943283790436,0.042356571504459775,101,development,True,False,1.5636590613170196,9504.0,435.9726516618276,702.4907282819895,0.75,0.95
R1661,1.0,0.75,0.0,0.2833589844777277,1.0188206131762507,0.02864379121315274,0.04288585776571406,101,development,False,False,,9504.0,435.9726516618276,702.4907282819895,0.75,0.95
R1662,1.0,0.75,0.05,0.28370380735402195,1.0205910760951422,0.0277532386024669,0.042662436950508545,101,development,False,False,,9504.0,435.9726516618276,702.4907282819895,0.75,0.95
R1663,1.0,0.75,0.1,0.2840716628452733,1.0223523307714417,0.026862685991781064,0.04247093187039173,101,development,False,False,,9504.0,435.9726516618276,702.4907282819895,0.75,0.95
R1664,1.0,0.75,0.15,0.28444394471822354,1.0241044725372543,0.02597213338109522,0.04231121730160476,101,development,False,False,,9504.0,435.9726516618276,702.4907282819895,0.75,0.95
R1665,1.0,0.75,0.2,0.2848570882277524,1.0261450523721771,0.02508158077040938,0.04218310586585713,101,development,False,False,,9504.0,435.9726516618276,702.4907282819895,0.75,0.95
R1666,1.0,0.75,0.25,0.2853905163311533,1.0282452269048823,0.024191028159723547,0.042086347946634635,101,development,False,False,,9504.0,435.9726516618276,702.4907282819895,0.75,0.95
R1667,1.0,0.75,0.3,0.2859399489600446,1.030334655147701,0.023300475549037702,0.04202063230406184,101,development,False,False,,9504.0,435.9726516618276,702.4907282819895,0.75,0.95
R1668,1.0,0.75,0.35,0.2864963412983891,1.0324134465633406,0.02240992293835187,0.04198558738036236,101,development,False,False,,9504.0,435.9726516618276,702.4907282819895,0.75,0.95
R1669,1.0,0.75,0.4,0.2870501169843022,1.0344817089497653,0.021519370327666026,0.04198078327061364,101,development,False,False,,9504.0,435.9726516618276,702.4907282819895,0.75,0.95
R1670,1.0,0.75,0.45,0.28760130085047436,1.036539548473797,0.020628817716980184,0.04200573431711363,101,development,True,False,1.5511667714684594,9504.0,435.9726516618276,702.4907282819895,0.75,0.95
R1671,1.0,0.75,0.5,0.28819458485033994,1.0385870697038724,0.01973826510629435,0.04205990227098161,101,development,True,False,1.555021158634176,9504.0,435.9726516618276,702.4907282819895,0.75,0.95
R1672,1.0,0.75,0.55,0.28880202801403154,1.0406243756419833,0.018847712495608508,0.04214269995221396,101,development,True,False,1.5597732830292297,9504.0,435.9726516618276,702.4907282819895,0.75,0.95
R1673,1.0,0.75,0.6,0.28940853406074524,1.0426515677548198,0.017957159884922674,0.04225349532976594,101,development,True,False,1.5653817856487175,9504.0,435.9726516618276,702.4907282819895,0.75,0.95
R1674,1.0,0.75,0.65,0.2900276292235412,1.044668746004145,0.017066607274236832,0.042391615936620504,101,development,True,False,1.5718638376639376,9504.0,435.9726516618276,702.4907282819895,0.75,0.95
R1675,1.0,0.75,0.7,0.29068318810007404,1.0466760088764224,0.016176054663550998,0.04255635353133895,101,development,True,False,1.579258467389129,9504.0,435.9726516618276,702.4907282819895,0.75,0.95
R1676,1.0,0.75,0.75,0.2913356892914346,1.0486734534117164,0.015285502052865156,0.042746968917195156,101,development,True,False,1.5874816427224785,9504.0,435.9726516618276,702.4907282819895,0.75,0.95
R1677,1.0,0.8,0.0,0.2859308496446346,1.0270333511751195,0.026437682866364047,0.043113289407021534,101,development,False,False,,9504.0,435.9726516618276,702.4907282819895,0.75,0.95
R1678,1.0,0.8,0.05,0.2862756725209287,1.0288038140940108,0.02554713025567821,0.0428910215073599,101,development,False,False,,9504.0,435.9726516618276,702.4907282819895,0.75,0.95
R1679,1.0,0.8,0.1,0.28664863689744685,1.0305650687703105,0.024656577644992374,0.042700509850628614,101,development,False,False,,9504.0,435.9726516618276,702.4907282819895,0.75,0.95
R1680,1.0,0.8,0.15,0.2870209187703972,1.032317210536123,0.02376602503430653,0.042541625510394275,101,development,False,False,,9504.0,435.9726516618276,702.4907282819895,0.75,0.95
R1681,1.0,0.8,0.2,0.2874224653881944,1.0343577903710457,0.02287547242362069,0.04241417842612379,101,development,False,False,,9504.0,435.9726516618276,702.4907282819895,0.75,0.95
R1682,1.0,0.8,0.25,0.2879317479956475,1.0364579649037509,0.021984919812934853,0.04231791735790636,101,development,False,False,,9504.0,435.9726516618276,702.4907282819895,0.75,0.95
R1683,1.0,0.8,0.3,0.28848310502488556,1.0385473931465696,0.021094367202249012,0.042252530521004604,101,development,False,False,,9504.0,435.9726516618276,702.4907282819895,0.75,0.95
R1684,1.0,0.8,0.35,0.28903949736323004,1.0406261845622093,0.020203814591563177,0.04221764689173198,101,development,False,False,,9504.0,435.9726516618276,702.4907282819895,0.75,0.95
R1685,1.0,0.8,0.4,0.28959327304914323,1.0426944469486337,0.019313261980877336,0.04221283815947894,101,development,False,False,,9504.0,435.9726516618276,702.4907282819895,0.75,0.95
R1686,1.0,0.8,0.45,0.29014445691531526,1.0447522864726657,0.018422709370191498,0.04223762128399065,101,development,True,False,1.5675777598386127,9504.0,435.9726516618276,702.4907282819895,0.75,0.95
R1687,1.0,0.8,0.5,0.2907377409151809,1.046799807702741,0.017532156759505663,0.042291461602916046,101,development,True,False,1.571440628251477,9504.0,435.9726516618276,702.4907282819895,0.75,0.95
R1688,1.0,0.8,0.55,0.2913451840788725,1.0488371136408519,0.01664160414881982,0.0423737764227751,101,development,True,False,1.576201669989085,9504.0,435.9726516618276,702.4907282819895,0.75,0.95
R1689,1.0,0.8,0.6,0.29195169012558625,1.0508643057536882,0.015751051538133984,0.04248393901726381,101,development,True,False,1.5818193488566938,9504.0,435.9726516618276,702.4907282819895,0.75,0.95
R1690,1.0,0.8,0.65,0.29257078528838215,1.0528814840030136,0.014860498927448142,0.04262128295050235,101,development,True,False,1.5883105025307707,9504.0,435.9726516618276,702.4907282819895,0.75,0.95
R1691,1.0,0.8,0.7,0.29322634416491505,1.0548887468752908,0.013969946316762306,0.04278510663952979,101,development,True,False,1.5957137440194147,9504.0,435.9726516618276,702.4907282819895,0.75,0.95
R1692,1.0,0.8,0.75,0.2938788453562756,1.0568861914105847,0.013079393706076465,0.04297467806998767,101,development,True,False,1.6039447859539688,9504.0,435.9726516618276,702.4907282819895,0.75,0.95
R1693,1.0,0.8,0.8,0.2945317526354775,1.0588739132307552,0.012188841095390627,0.0431892395812989,101,development,True,False,1.6130049737213363,9504.0,435.9726516618276,702.4907282819895,0.75,0.95
R1694,1.0,0.85,0.0,0.2884809125952579,1.035437509244198,0.02425135479302611,0.04336813741721761,101,development,False,False,,9504.0,435.9726516618276,702.4907282819895,0.75,0.95
R1695,1.0,0.85,0.05,0.2888297669019792,1.0368660452147498,0.023360802182340268,0.04314715115928561,101,development,False,False,,9504.0,435.9726516618276,702.4907282819895,0.75,0.95
R1696,1.0,0.85,0.1,0.2892037951001384,1.0386272998910495,0.022470249571654433,0.04295774426299559,101,development,False,False,,9504.0,435.9726516618276,702.4907282819895,0.75,0.95
R1697,1.0,0.85,0.15,0.2895760769730886,1.0403794416568621,0.02157969696096859,0.04279978376989632,101,development,False,False,,9504.0,435.9726516618276,702.4907282819895,0.75,0.95
R1698,1.0,0.85,0.2,0.289977157128784,1.0424200214917847,0.02068914435028275,0.042673076707176946,101,development,False,False,,9504.0,435.9726516618276,702.4907282819895,0.75,0.95
R1699,1.0,0.85,0.25,0.2904588963294654,1.04452019602449,0.019798591739596912,0.042577370083374186,101,development,False,False,,9504.0,435.9726516618276,702.4907282819895,0.75,0.95
R1700,1.0,0.85,0.3,0.2910045319215502,1.0466096242673089,0.018908039128911074,0.04251235154359762,101,development,False,False,,9504.0,435.9726516618276,702.4907282819895,0.75,0.95
R1701,1.0,0.85,0.35,0.29156092425989466,1.0486884156829481,0.018017486518225236,0.042477650675210483,101,development,False,False,,9504.0,435.9726516618276,702.4907282819895,0.75,0.95
R1702,1.0,0.85,0.4,0.29211469994580785,1.0507566780693727,0.017126933907539398,0.04247284093894774,101,development,False,False,,9504.0,435.9726516618276,702.4907282819895,0.75,0.95
R1703,1.0,0.85,0.45,0.29266588381197994,1.0528145175934045,0.016236381296853557,0.0424974421854394,101,development,False,False,,9504.0,435.9726516618276,702.4907282819895,0.75,0.95
R1704,1.0,0.85,0.5,0.2932591678118455,1.05486203882348,0.01534582868616772,0.04255092370367603,101,development,True,False,1.5886465665274823,9504.0,435.9726516618276,702.4907282819895,0.75,0.95
R1705,1.0,0.85,0.55,0.2938666109755371,1.0568993447615909,0.014455276075481882,0.04263270773664533,101,development,True,False,1.5934166037769435,9504.0,435.9726516618276,702.4907282819895,0.75,0.95
R1706,1.0,0.85,0.6,0.2944731170222509,1.0589265368744274,0.013564723464796044,0.04274217339059047,101,development,True,False,1.5990441018765233,9504.0,435.9726516618276,702.4907282819895,0.75,0.95
R1707,1.0,0.85,0.65,0.2950922121850468,1.0609437151237526,0.012674170854110201,0.04287866085834336,101,development,True,False,1.6055455184340104,9504.0,435.9726516618276,702.4907282819895,0.75,0.95
R1708,1.0,0.85,0.7,0.2957477710615797,1.06295097799603,0.011783618243424367,0.043041475874058,101,development,True,False,1.6129589894227623,9504.0,435.9726516618276,702.4907282819895,0.75,0.95
R1709,1.0,0.85,0.75,0.29640027225294024,1.064948422531324,0.010893065632738525,0.04322989431634404,101,development,True,False,1.6211999725889454,9504.0,435.9726516618276,702.4907282819895,0.75,0.95
R1710,1.0,0.85,0.8,0.29705317953214216,1.0669361443514942,0.010002513022052684,0.0434431668790699,101,development,True,False,1.6302693455255735,9504.0,435.9726516618276,702.4907282819895,0.75,0.95
R1711,1.0,0.85,0.85,0.29773646553156136,1.068914237687712,0.009111960411366849,0.04368052373365112,101,development,True,False,1.640220011633926,9504.0,435.9726516618276,702.4907282819895,0.75,0.95
R1712,1.0,0.9,0.0,0.2910246754291331,1.0456801225499686,0.022084806993138917,0.043649150381038,101,development,False,False,,9504.0,435.9726516618276,702.4907282819895,0.75,0.95
R1713,1.0,0.9,0.05,0.2913786114272914,1.0467133613978086,0.021194254382453075,0.0434295634552881,101,development,False,False,,9504.0,435.9726516618276,702.4907282819895,0.75,0.95
R1714,1.0,0.9,0.1,0.2917526396254506,1.0477413228991879,0.020303701771767234,0.043241363060062474,101,development,False,False,,9504.0,435.9726516618276,702.4907282819895,0.75,0.95
R1715,1.0,0.9,0.15,0.2921249214984009,1.0487640606891808,0.0194131491610814,0.043084411933139194,101,development,False,False,,9504.0,435.9726516618276,702.4907282819895,0.75,0.95
R1716,1.0,0.9,0.2,0.29252865239209114,1.050333212004172,0.018522596550395558,0.04295851400439755,101,development,False,False,,9504.0,435.9726516618276,702.4907282819895,0.75,0.95
R1717,1.0,0.9,0.25,0.2929931663915241,1.0524333865368771,0.01763204393970972,0.0428634144342781,101,development,False,False,,9504.0,435.9726516618276,702.4907282819895,0.75,0.95
R1718,1.0,0.9,0.3,0.29351973138048365,1.054522814779696,0.016741491329023882,0.04279880029015618,101,development,False,False,,9504.0,435.9726516618276,702.4907282819895,0.75,0.95
R1719,1.0,0.9,0.35,0.294076123718828,1.0566016061953356,0.015850938718338044,0.04276430185100909,101,development,False,False,,9504.0,435.9726516618276,702.4907282819895,0.75,0.95
R1720,1.0,0.9,0.4,0.29462989940474127,1.0586698685817602,0.014960386107652204,0.042759494515556086,101,development,False,False,,9504.0,435.9726516618276,702.4907282819895,0.75,0.95
R1721,1.0,0.9,0.45,0.2951810832709133,1.060727708105792,0.014069833496966362,0.04278390127477475,101,development,False,False,,9504.0,435.9726516618276,702.4907282819895,0.75,0.95
R1722,1.0,0.9,0.5,0.2957743672707789,1.0627752293358672,0.013179280886280524,0.04283699569694752,101,development,True,False,1.6066476064255026,9504.0,435.9726516618276,702.4907282819895,0.75,0.95
R1723,1.0,0.9,0.55,0.29638181043447054,1.0648125352739781,0.012288728275594686,0.042918205362673593,101,development,True,False,1.6114264766855066,9504.0,435.9726516618276,702.4907282819895,0.75,0.95
R1724,1.0,0.9,0.6,0.2969883164811843,1.0668397273868147,0.01139817566490885,0.04302691567897179,101,development,True,False,1.6170640885860708,9504.0,435.9726516618276,702.4907282819895,0.75,0.95
R1725,1.0,0.9,0.65,0.2976074116439802,1.0688569056361399,0.010507623054223009,0.043162473995932246,101,development,True,False,1.6235764822353027,9504.0,435.9726516618276,702.4907282819895,0.75,0.95
R1726,1.0,0.9,0.7,0.2982629705205131,1.0708641685084173,0.009617070443537172,0.04332419394642943,101,development,True,False,1.6310012662495144,9504.0,435.9726516618276,702.4907282819895,0.75,0.95
R1727,1.0,0.9,0.75,0.29891547171187355,1.0728616130437112,0.008726517832851333,0.043511359929120384,101,development,True,False,1.6392536475776114,9504.0,435.9726516618276,702.4907282819895,0.75,0.95
R1728,1.0,0.9,0.8,0.2995683789910756,1.0748493348638815,0.007835965222165493,0.04372323165712497,101,development,True,False,1.6483339982882448,9504.0,435.9726516618276,702.4907282819895,0.75,0.95
R1729,1.0,0.9,0.85,0.3002516649904948,1.0768274282000994,0.006945412611479657,0.04395904869911655,101,development,True,False,1.6582945704038585,9504.0,435.9726516618276,702.4907282819895,0.75,0.95
R1730,1.0,0.9,0.9,0.30094225772147176,1.0787959859196918,0.006054860000793817,0.044218034945667326,101,development,True,False,1.6690852747170128,9504.0,435.9726516618276,702.4907282819895,0.75,0.95
R1731,1.0,0.95,0.0,0.2935742972658986,1.0556662690507628,0.01993803946670247,0.04395516485941344,101,development,False,False,,9504.0,435.9726516618276,702.4907282819895,0.75,0.95
R1732,1.0,0.95,0.05,0.2939333014668526,1.0566995078986026,0.01904748685601663,0.043737084360735166,101,development,False,False,,9504.0,435.9726516618276,702.4907282819895,0.75,0.95
R1733,1.0,0.95,0.1,0.2943073296650118,1.0577274693999819,0.018156934245330793,0.04355018299323707,101,development,False,False,,9504.0,435.9726516618276,702.4907282819895,0.75,0.95
R1734,1.0,0.95,0.15,0.29467961153796207,1.0587502071899746,0.017266381634644955,0.043394318974275446,101,development,False,False,,9504.0,435.9726516618276,702.4907282819895,0.75,0.95
R1735,1.0,0.95,0.2,0.2950859861336328,1.059767774090123,0.016375829023959114,0.04326929299440519,101,development,False,False,,9504.0,435.9726516618276,702.4907282819895,0.75,0.95
R1736,1.0,0.95,0.25,0.29554255385861117,1.060780222124812,0.015485276413273278,0.04317484829961117,101,development,False,False,,9504.0,435.9726516618276,702.4907282819895,0.75,0.95
R1737,1.0,0.95,0.3,0.2960437774400118,1.062288299764634,0.014594723802587441,0.043110671388831054,101,development,False,False,,9504.0,435.9726516618276,702.4907282819895,0.75,0.95
R1738,1.0,0.95,0.35,0.2965972544933526,1.0643670911802734,0.0137041711919016,0.04307639331661038,101,development,False,False,,9504.0,435.9726516618276,702.4907282819895,0.75,0.95
R1739,1.0,0.95,0.4,0.2971510301792658,1.066435353566698,0.01281361858121576,0.0430715915763074,101,development,False,False,,9504.0,435.9726516618276,702.4907282819895,0.75,0.95
R1740,1.0,0.95,0.45,0.29770221404543784,1.0684931930907295,0.011923065970529922,0.043095792525748446,101,development,False,False,,9504.0,435.9726516618276,702.4907282819895,0.75,0.95
R1741,1.0,0.95,0.5,0.2982954980453035,1.0705407143208052,0.011032513359844086,0.04314847430518492,101,development,True,False,1.6254496480217449,9504.0,435.9726516618276,702.4907282819895,0.75,0.95
R1742,1.0,0.95,0.55,0.2989029412089951,1.0725780202589161,0.010141960749158243,0.043229070187288186,101,development,True,False,1.6302369642068173,9504.0,435.9726516618276,702.4907282819895,0.75,0.95
R1743,1.0,0.95,0.6,0.2995094472557088,1.0746052123717527,0.009251408138472406,0.04333697229108971,101,development,True,False,1.6358846601959862,9504.0,435.9726516618276,702.4907282819895,0.75,0.95
R1744,1.0,0.95,0.65,0.30012854241850473,1.0766223906210777,0.008360855527786567,0.04347153558644366,101,development,True,False,1.642408329473023,9504.0,435.9726516618276,702.4907282819895,0.75,0.95
R1745,1.0,0.95,0.7,0.30078410129503763,1.078629653493355,0.007470302917100729,0.043632082112831004,101,development,True,False,1.6498450132618785,9504.0,435.9726516618276,702.4907282819895,0.75,0.95
R1746,1.0,0.95,0.75,0.3014366024863981,1.080627098028649,0.006579750306414891,0.04381790533607407,101,development,True,False,1.6581096757151232,9504.0,435.9726516618276,702.4907282819895,0.75,0.95
R1747,1.0,0.95,0.8,0.30208950976560006,1.0826148198488192,0.005689197695729051,0.04402827456860355,101,development,True,False,1.6672021548170408,9504.0,435.9726516618276,702.4907282819895,0.75,0.95
R1748,1.0,0.95,0.85,0.3027727957650193,1.0845929131850374,0.004798645085043214,0.04426243938303394,101,development,True,False,1.6771740002482558,9504.0,435.9726516618276,702.4907282819895,0.75,0.95
R1749,1.0,0.95,0.9,0.3034633884959963,1.0865614709046298,0.003908092474357375,0.04451963395460445,101,development,True,False,1.6879747159997815,9504.0,435.9726516618276,702.4907282819895,0.75,0.95
R1750,1.0,0.95,0.95,0.30417641174146576,1.0886793363501315,0.0030175398636715363,0.044799081275136536,101,development,True,False,1.6997132991585715,9504.0,435.9726516618276,702.4907282819895,0.75,0.95
R1751,1.0,1.0,0.0,0.2961050088720229,1.0653980654775095,0.017811052213716774,0.04428510555166759,101,development,False,False,,9504.0,435.9726516618276,702.4907282819895,0.75,0.95
R1752,1.0,1.0,0.05,0.296469067858549,1.0664313043253493,0.016920499603030936,0.04406862848389021,101,development,False,False,,9504.0,435.9726516618276,702.4907282819895,0.75,0.95
R1753,1.0,1.0,0.1,0.2968430960567081,1.0674592658267288,0.016029946992345098,0.04388310989601618,101,development,False,False,,9504.0,435.9726516618276,702.4907282819895,0.75,0.95
R1754,1.0,1.0,0.15,0.2972153779296584,1.0684820036167213,0.01513939438165926,0.04372840332031734,101,development,False,False,,9504.0,435.9726516618276,702.4907282819895,0.75,0.95
R1755,1.0,1.0,0.2,0.2976243892285486,1.06949957051687,0.014248841770973419,0.04360430610652711,101,development,False,False,,9504.0,435.9726516618276,702.4907282819895,0.75,0.95
R1756,1.0,1.0,0.25,0.29808095695352693,1.0705120185515586,0.013358289160287579,0.04351055954817716,101,development,False,False,,9504.0,435.9726516618276,702.4907282819895,0.75,0.95
R1757,1.0,1.0,0.3,0.29856223178869024,1.071519398963974,0.012467736549601743,0.04344684960084419,101,development,False,False,,9504.0,435.9726516618276,702.4907282819895,0.75,0.95
R1758,1.0,1.0,0.35,0.2990995469863667,1.0725217622316652,0.011577183938915905,0.043412808181638535,101,development,False,False,,9504.0,435.9726516618276,702.4907282819895,0.75,0.95
R1759,1.0,1.0,0.4,0.29965332267227984,1.0740543407723009,0.010686631328230063,0.043408015025633656,101,development,False,False,,9504.0,435.9726516618276,702.4907282819895,0.75,0.95
R1760,1.0,1.0,0.45,0.300204506538452,1.0761121802963325,0.009796078717544227,0.04343200006218774,101,development,False,False,,9504.0,435.9726516618276,702.4907282819895,0.75,0.95
R1761,1.0,1.0,0.5,0.3007977905383177,1.0781597015264082,0.008905526106858387,0.043484246262767444,101,development,False,False,,9504.0,435.9726516618276,702.4907282819895,0.75,0.95
R1762,1.0,1.0,0.55,0.3014052337020093,1.080197007464519,0.008014973496172547,0.04356419290237929,101,development,True,False,1.6497851078930754,9504.0,435.9726516618276,702.4907282819895,0.75,0.95
R1763,1.0,1.0,0.6,0.302011739748723,1.0822241995773556,0.007124420885486709,0.043671239169370143,101,development,True,False,1.6554426535865332,9504.0,435.9726516618276,702.4907282819895,0.75,0.95
R1764,1.0,1.0,0.65,0.3026308349115189,1.0842413778266806,0.006233868274800871,0.0438047480533696,101,development,True,False,1.6619776399905761,9504.0,435.9726516618276,702.4907282819895,0.75,0.95
R1765,1.0,1.0,0.7,0.3032863937880518,1.086248640698958,0.0053433156641150325,0.0439640504385772,101,development,True,False,1.6694265057428892,9504.0,435.9726516618276,702.4907282819895,0.75,0.95
R1766,1.0,1.0,0.75,0.3039388949794123,1.088246085234252,0.004452763053429193,0.04414844932938684,101,development,True,False,1.6777039888051284,9504.0,435.9726516618276,702.4907282819895,0.75,0.95
R1767,1.0,1.0,0.8,0.3045918022586142,1.0902338070544222,0.0035622104427433534,0.044357224137313425,101,development,True,False,1.6868093713719836,9504.0,435.9726516618276,702.4907282819895,0.75,0.95
R1768,1.0,1.0,0.85,0.30527508825803346,1.0922119003906403,0.002671657832057517,0.04458963496208086,101,development,True,False,1.69679345562098,9504.0,435.9726516618276,702.4907282819895,0.75,0.95
R1769,1.0,1.0,0.9,0.30596568098901056,1.0941804581102328,0.001781105221371677,0.04484492680521454,101,development,True,False,1.7076053367871211,9504.0,435.9726516618276,702.4907282819895,0.75,0.95
R1770,1.0,1.0,0.95,0.30667870423447996,1.0962983235557342,0.0008905526106858394,0.045122333661188285,101,development,True,False,1.719352985672648,9504.0,435.9726516618276,702.4907282819895,0.75,0.95
R1771,1.0,1.0,1.0,0.30742801399708564,1.0985581637200552,0.0,0.0454210824387234,101,development,True,False,1.7320508075688772,9504.0,435.9726516618276,702.4907282819895,0.75,0.95
