DATAFLOW,REF_AREA,FREQ,MEASURE,UNIT_MEASURE,ACTIVITY,ADJUSTMENT,TRANSFORMATION,TIME_PERIOD,OBS_VALUE,OBS_STATUS,UNIT_MULT,DECIMALS,BASE_PER
OECD.SDD.STES:DSD_KEI@DF_KEI(4.0),ESP,M,PRVM,IX,BTE,Y,_Z,2014-02,96.36238847,P,0,1,2015
OECD.SDD.STES:DSD_KEI@DF_KEI(4.0),ESP,M,PRVM,IX,BTE,Y,_Z,2014-04,97.80370625,P,0,1,2015
OECD.SDD.STES:DSD_KEI@DF_KEI(4.0),FRA,M,PRVM,IX,BTE,Y,_Z,2023-10,99.116745974839,A,0,1,2015
OECD.SDD.STES:DSD_KEI@DF_KEI(4.0),FRA,M,PRVM,IX,BTE,Y,_Z,2015-08,100.59318166999999,A,0,1,2015
OECD.SDD.STES:DSD_KEI@DF_KEI(4.0),FRA,M,PRVM,IX,BTE,Y,_Z,2015-09,101.56117594,A,0,1,2015
OECD.SDD.STES:DSD_KEI@DF_KEI(4.0),FRA,M,PRVM,IX,BTE,Y,_Z,2016-02,101.14073398000001,A,0,1,2015
OECD.SDD.STES:DSD_KEI@DF_KEI(4.0),KOR,M,PRVM,IX,BTE,Y,_Z,2015-07,98.57636857,A,0,1,2015
OECD.SDD.STES:DSD_KEI@DF_KEI(4.0),KOR,M,PRVM,IX,BTE,Y,_Z,2015-08,100.97462361,A,0,1,2015
OECD.SDD.STES:DSD_KEI@DF_KEI(4.0),FRA,M,PRVM,IX,BTE,Y,_Z,2013-12,99.71318689,A,0,1,2015
OECD.SDD.STES:DSD_KEI@DF_KEI(4.0),FRA,M,PRVM,IX,BTE,Y,_Z,2014-02,100.13362884000001,A,0,1,2015
OECD.SDD.STES:DSD_KEI@DF_KEI(4.0),FRA,M,PRVM,IX,BTE,Y,_Z,2014-05,97.92386416,A,0,1,2015
OECD.SDD.STES:DSD_KEI@DF_KEI(4.0),FRA,M,PRVM,IX,BTE,Y,_Z,2014-06,99.35141125,A,0,1,2015
OECD.SDD.STES:DSD_KEI@DF_KEI(4.0),FRA,M,PRVM,IX,BTE,Y,_Z,2014-07,100.17273972,A,0,1,2015
OECD.SDD.STES:DSD_KEI@DF_KEI(4.0),FRA,M,PRVM,IX,BTE,Y,_Z,2014-08,98.53986051,A,0,1,2015
OECD.SDD.STES:DSD_KEI@DF_KEI(4.0),FRA,M,PRVM,IX,BTE,Y,_Z,2014-10,98.18786259,A,0,1,2015
OECD.SDD.STES:DSD_KEI@DF_KEI(4.0),FRA,M,PRVM,IX,BTE,Y,_Z,2014-11,96.8092041,A,0,1,2015
OECD.SDD.STES:DSD_KEI@DF_KEI(4.0),FRA,M,PRVM,IX,BTE,Y,_Z,2014-12,100.15318427999999,A,0,1,2015
OECD.SDD.STES:DSD_KEI@DF_KEI(4.0),FRA,M,PRVM,IX,BTE,Y,_Z,2015-01,99.87940813,A,0,1,2015
OECD.SDD.STES:DSD_KEI@DF_KEI(4.0),FRA,M,PRVM,IX,BTE,Y,_Z,2015-02,100.83762467,A,0,1,2015
OECD.SDD.STES:DSD_KEI@DF_KEI(4.0),FRA,M,PRVM,IX,BTE,Y,_Z,2023-08,98.9896356169744,A,0,1,2015
OECD.SDD.STES:DSD_KEI@DF_KEI(4.0),FRA,M,PRVM,IX,BTE,Y,_Z,2023-09,99.07763509549609,A,0,1,2015
OECD.SDD.STES:DSD_KEI@DF_KEI(4.0),FRA,M,PRVM,IX,BTE,Y,_Z,2015-10,101.66873085999998,A,0,1,2015
OECD.SDD.STES:DSD_KEI@DF_KEI(4.0),FRA,M,PRVM,IX,BTE,Y,_Z,2017-01,101.36562153999999,A,0,1,2015
OECD.SDD.STES:DSD_KEI@DF_KEI(4.0),FRA,M,PRVM,IX,BTE,Y,_Z,2017-06,102.5780588,A,0,1,2015
OECD.SDD.STES:DSD_KEI@DF_KEI(4.0),FRA,M,PRVM,IX,BTE,Y,_Z,2020-01,103.08650023000001,A,0,1,2015
OECD.SDD.STES:DSD_KEI@DF_KEI(4.0),FRA,M,PRVM,IX,BTE,Y,_Z,2020-02,104.71937944,A,0,1,2015
OECD.SDD.STES:DSD_KEI@DF_KEI(4.0),FRA,M,PRVM,IX,BTE,Y,_Z,2020-06,90.99146079,A,0,1,2015
OECD.SDD.STES:DSD_KEI@DF_KEI(4.0),FRA,M,PRVM,IX,BTE,Y,_Z,2010-01,98.39319471,A,0,1,2015
OECD.SDD.STES:DSD_KEI@DF_KEI(4.0),FRA,M,PRVM,IX,BTE,Y,_Z,2010-02,97.75764292,A,0,1,2015
OECD.SDD.STES:DSD_KEI@DF_KEI(4.0),FRA,M,PRVM,IX,BTE,Y,_Z,2010-03,99.68385373000001,A,0,1,2015
OECD.SDD.STES:DSD_KEI@DF_KEI(4.0),FRA,M,PRVM,IX,BTE,Y,_Z,2010-06,99.67407601,A,0,1,2015
OECD.SDD.STES:DSD_KEI@DF_KEI(4.0),FRA,M,PRVM,IX,BTE,Y,_Z,2010-07,100.39762728,A,0,1,2015
OECD.SDD.STES:DSD_KEI@DF_KEI(4.0),FRA,M,PRVM,IX,BTE,Y,_Z,2010-08,99.20474546,A,0,1,2015
OECD.SDD.STES:DSD_KEI@DF_KEI(4.0),FRA,M,PRVM,IX,BTE,Y,_Z,2010-10,100.33896096,A,0,1,2015
OECD.SDD.STES:DSD_KEI@DF_KEI(4.0),FRA,M,PRVM,IX,BTE,Y,_Z,2010-11,101.65895314,A,0,1,2015
OECD.SDD.STES:DSD_KEI@DF_KEI(4.0),FRA,M,PRVM,IX,BTE,Y,_Z,2011-01,104.19138257,A,0,1,2015
OECD.SDD.STES:DSD_KEI@DF_KEI(4.0),FRA,M,PRVM,IX,BTE,Y,_Z,2011-07,103.07672251,A,0,1,2015
OECD.SDD.STES:DSD_KEI@DF_KEI(4.0),FRA,M,PRVM,IX,BTE,Y,_Z,2011-09,101.49273190000001,A,0,1,2015
OECD.SDD.STES:DSD_KEI@DF_KEI(4.0),FRA,M,PRVM,IX,BTE,Y,_Z,2011-10,101.70784173,A,0,1,2015
OECD.SDD.STES:DSD_KEI@DF_KEI(4.0),FRA,M,PRVM,IX,BTE,Y,_Z,2011-11,103.76116289999999,A,0,1,2015
OECD.SDD.STES:DSD_KEI@DF_KEI(4.0),FRA,M,PRVM,IX,BTE,Y,_Z,2011-12,101.72739716999999,A,0,1,2015
OECD.SDD.STES:DSD_KEI@DF_KEI(4.0),FRA,M,PRVM,IX,BTE,Y,_Z,2012-01,101.1505117,A,0,1,2015
OECD.SDD.STES:DSD_KEI@DF_KEI(4.0),FRA,M,PRVM,IX,BTE,Y,_Z,2012-02,102.14783913000001,A,0,1,2015
OECD.SDD.STES:DSD_KEI@DF_KEI(4.0),FRA,M,PRVM,IX,BTE,Y,_Z,2012-03,101.43406558000001,A,0,1,2015
OECD.SDD.STES:DSD_KEI@DF_KEI(4.0),FRA,M,PRVM,IX,BTE,Y,_Z,2012-05,100.15318427999999,A,0,1,2015
OECD.SDD.STES:DSD_KEI@DF_KEI(4.0),FRA,M,PRVM,IX,BTE,Y,_Z,2012-07,99.90874128,A,0,1,2015
OECD.SDD.STES:DSD_KEI@DF_KEI(4.0),FRA,M,PRVM,IX,BTE,Y,_Z,2012-09,99.83051952999999,A,0,1,2015
OECD.SDD.STES:DSD_KEI@DF_KEI(4.0),FRA,M,PRVM,IX,BTE,Y,_Z,2016-05,100.04562936,A,0,1,2015
OECD.SDD.STES:DSD_KEI@DF_KEI(4.0),FRA,M,PRVM,IX,BTE,Y,_Z,2016-09,100.27051691999999,A,0,1,2015
OECD.SDD.STES:DSD_KEI@DF_KEI(4.0),FRA,M,PRVM,IX,BTE,Y,_Z,2016-12,101.30695521999999,A,0,1,2015
OECD.SDD.STES:DSD_KEI@DF_KEI(4.0),FRA,M,PRVM,IX,BTE,Y,_Z,2023-12,99.889185841862,A,0,1,2015
OECD.SDD.STES:DSD_KEI@DF_KEI(4.0),FRA,M,PRVM,IX,BTE,Y,_Z,2024-01,99.4394107294182,A,0,1,2015
OECD.SDD.STES:DSD_KEI@DF_KEI(4.0),FRA,M,PRVM,IX,BTE,Y,_Z,2024-02,99.94785216087641,A,0,1,2015
OECD.SDD.STES:DSD_KEI@DF_KEI(4.0),FRA,M,PRVM,IX,BTE,Y,_Z,2024-03,99.3220780913894,A,0,1,2015
OECD.SDD.STES:DSD_KEI@DF_KEI(4.0),FRA,M,PRVM,IX,BTE,Y,_Z,2012-06,99.32207808999999,A,0,1,2015
OECD.SDD.STES:DSD_KEI@DF_KEI(4.0),FRA,M,PRVM,IX,BTE,Y,_Z,2012-12,99.09719054,A,0,1,2015
OECD.SDD.STES:DSD_KEI@DF_KEI(4.0),FRA,M,PRVM,IX,BTE,Y,_Z,2013-06,100.08474024,A,0,1,2015
OECD.SDD.STES:DSD_KEI@DF_KEI(4.0),FRA,M,PRVM,IX,BTE,Y,_Z,2014-04,99.47852161,A,0,1,2015
OECD.SDD.STES:DSD_KEI@DF_KEI(4.0),FRA,M,PRVM,IX,BTE,Y,_Z,2014-09,99.72296460999999,A,0,1,2015
OECD.SDD.STES:DSD_KEI@DF_KEI(4.0),FRA,M,PRVM,IX,BTE,Y,_Z,2015-07,99.74252005000001,A,0,1,2015
OECD.SDD.STES:DSD_KEI@DF_KEI(4.0),FRA,M,PRVM,IX,BTE,Y,_Z,2016-01,101.2971775,A,0,1,2015
OECD.SDD.STES:DSD_KEI@DF_KEI(4.0),FRA,M,PRVM,IX,BTE,Y,_Z,2016-03,100.37807184,A,0,1,2015
OECD.SDD.STES:DSD_KEI@DF_KEI(4.0),FRA,M,PRVM,IX,BTE,Y,_Z,2016-10,99.86963041,A,0,1,2015
OECD.SDD.STES:DSD_KEI@DF_KEI(4.0),FRA,M,PRVM,IX,BTE,Y,_Z,2017-04,101.36562153999999,A,0,1,2015
OECD.SDD.STES:DSD_KEI@DF_KEI(4.0),FRA,M,PRVM,IX,BTE,Y,_Z,2017-05,103.67316342,A,0,1,2015
OECD.SDD.STES:DSD_KEI@DF_KEI(4.0),FRA,M,PRVM,IX,BTE,Y,_Z,2012-10,98.44208330999999,A,0,1,2015
OECD.SDD.STES:DSD_KEI@DF_KEI(4.0),FRA,M,PRVM,IX,BTE,Y,_Z,2014-03,99.50785477000001,A,0,1,2015
OECD.SDD.STES:DSD_KEI@DF_KEI(4.0),FRA,M,PRVM,IX,BTE,Y,_Z,2010-05,100.045629359234,A,0,1,2015
OECD.SDD.STES:DSD_KEI@DF_KEI(4.0),FRA,M,PRVM,IX,BTE,Y,_Z,2010-09,100.55407079069201,A,0,1,2015
OECD.SDD.STES:DSD_KEI@DF_KEI(4.0),FRA,M,PRVM,IX,BTE,Y,_Z,2010-12,102.98872302979001,A,0,1,2015
OECD.SDD.STES:DSD_KEI@DF_KEI(4.0),FRA,M,PRVM,IX,BTE,Y,_Z,2011-02,104.55315820350698,A,0,1,2015
OECD.SDD.STES:DSD_KEI@DF_KEI(4.0),FRA,M,PRVM,IX,BTE,Y,_Z,2011-04,101.492731894922,A,0,1,2015
OECD.SDD.STES:DSD_KEI@DF_KEI(4.0),FRA,M,PRVM,IX,BTE,Y,_Z,2011-06,101.981617886709,A,0,1,2015
OECD.SDD.STES:DSD_KEI@DF_KEI(4.0),FRA,M,PRVM,IX,BTE,Y,_Z,2012-04,101.610064532951,A,0,1,2015
OECD.SDD.STES:DSD_KEI@DF_KEI(4.0),FRA,M,PRVM,IX,BTE,Y,_Z,2012-08,101.922951567695,A,0,1,2015
OECD.SDD.STES:DSD_KEI@DF_KEI(4.0),FRA,M,PRVM,IX,BTE,Y,_Z,2013-01,98.85274753927419,A,0,1,2015
OECD.SDD.STES:DSD_KEI@DF_KEI(4.0),FRA,M,PRVM,IX,BTE,Y,_Z,2013-03,100.602959389871,A,0,1,2015
OECD.SDD.STES:DSD_KEI@DF_KEI(4.0),FRA,M,PRVM,IX,BTE,Y,_Z,2013-05,101.561175933773,A,0,1,2015
OECD.SDD.STES:DSD_KEI@DF_KEI(4.0),FRA,M,PRVM,IX,BTE,Y,_Z,2013-08,98.66697086239519,A,0,1,2015
OECD.SDD.STES:DSD_KEI@DF_KEI(4.0),FRA,M,PRVM,IX,BTE,Y,_Z,2013-10,99.2047454533606,A,0,1,2015
OECD.SDD.STES:DSD_KEI@DF_KEI(4.0),FRA,M,PRVM,IX,BTE,Y,_Z,2014-01,98.3051952284731,A,0,1,2015
OECD.SDD.STES:DSD_KEI@DF_KEI(4.0),FRA,M,PRVM,IX,BTE,Y,_Z,2024-04,100.309627794799,A,0,1,2015
OECD.SDD.STES:DSD_KEI@DF_KEI(4.0),FRA,M,PRVM,IX,BTE,Y,_Z,2024-05,98.9798578971387,A,0,1,2015
OECD.SDD.STES:DSD_KEI@DF_KEI(4.0),FRA,M,PRVM,IX,BTE,Y,_Z,2024-06,99.1460791343462,A,0,1,2015
OECD.SDD.STES:DSD_KEI@DF_KEI(4.0),FRA,M,PRVM,IX,BTE,Y,_Z,2024-07,99.3220780913894,A,0,1,2015
OECD.SDD.STES:DSD_KEI@DF_KEI(4.0),FRA,M,PRVM,IX,BTE,Y,_Z,2024-08,99.9674076005479,A,0,1,2015
OECD.SDD.STES:DSD_KEI@DF_KEI(4.0),FRA,M,PRVM,IX,BTE,Y,_Z,2024-09,99.4394107294182,A,0,1,2015
OECD.SDD.STES:DSD_KEI@DF_KEI(4.0),FRA,M,PRVM,IX,BTE,Y,_Z,2024-10,99.0483019359888,A,0,1,2015
OECD.SDD.STES:DSD_KEI@DF_KEI(4.0),FRA,M,PRVM,IX,BTE,Y,_Z,2024-11,99.2145231731963,A,0,1,2015
OECD.SDD.STES:DSD_KEI@DF_KEI(4.0),FRA,M,PRVM,IX,BTE,Y,_Z,2024-12,98.8625252591099,A,0,1,2015
OECD.SDD.STES:DSD_KEI@DF_KEI(4.0),FRA,M,PRVM,IX,BTE,Y,_Z,2025-01,98.6180822632165,A,0,1,2015
OECD.SDD.STES:DSD_KEI@DF_KEI(4.0),FRA,M,PRVM,IX,BTE,Y,_Z,2025-02,100.08474023857701,A,0,1,2015
OECD.SDD.STES:DSD_KEI@DF_KEI(4.0),FRA,M,PRVM,IX,BTE,Y,_Z,2025-03,99.7914086435047,A,0,1,2015
OECD.SDD.STES:DSD_KEI@DF_KEI(4.0),FRA,M,PRVM,IX,BTE,Y,_Z,2025-04,98.46163874584481,A,0,1,2015
OECD.SDD.STES:DSD_KEI@DF_KEI(4.0),FRA,M,PRVM,IX,BTE,Y,_Z,2025-05,98.0216413532367,A,0,1,2015
OECD.SDD.STES:DSD_KEI@DF_KEI(4.0),FRA,M,PRVM,IX,BTE,Y,_Z,2025-06,101.28739977837199,A,0,1,2015
OECD.SDD.STES:DSD_KEI@DF_KEI(4.0),FRA,M,PRVM,IX,BTE,Y,_Z,2025-07,101.22873345935798,A,0,1,2015
OECD.SDD.STES:DSD_KEI@DF_KEI(4.0),FRA,M,PRVM,IX,BTE,Y,_Z,2025-08,100.17273971709798,A,0,1,2015
OECD.SDD.STES:DSD_KEI@DF_KEI(4.0),FRA,M,PRVM,IX,BTE,Y,_Z,2025-09,100.778958346914,A,0,1,2015
OECD.SDD.STES:DSD_KEI@DF_KEI(4.0),FRA,M,PRVM,IX,BTE,Y,_Z,2025-10,100.91584642461399,A,0,1,2015
OECD.SDD.STES:DSD_KEI@DF_KEI(4.0),FRA,M,PRVM,IX,BTE,Y,_Z,2025-11,101.013623622971,A,0,1,2015
OECD.SDD.STES:DSD_KEI@DF_KEI(4.0),FRA,M,PRVM,IX,BTE,Y,_Z,2025-12,100.43673815266301,A,0,1,2015
OECD.SDD.STES:DSD_KEI@DF_KEI(4.0),FRA,M,PRVM,IX,BTE,Y,_Z,2026-01,100.45629359233502,A,0,1,2015
OECD.SDD.STES:DSD_KEI@DF_KEI(4.0),FRA,M,PRVM,IX,BTE,Y,_Z,2026-02,99.7131868848188,A,0,1,2015
OECD.SDD.STES:DSD_KEI@DF_KEI(4.0),FRA,M,PRVM,IX,BTE,Y,_Z,2026-03,101.082067661822,A,0,1,2015
OECD.SDD.STES:DSD_KEI@DF_KEI(4.0),FRA,M,PRVM,IX,BTE,Y,_Z,2015-03,100.66162571,A,0,1,2015
OECD.SDD.STES:DSD_KEI@DF_KEI(4.0),FRA,M,PRVM,IX,BTE,Y,_Z,2015-04,99.67407601,A,0,1,2015
OECD.SDD.STES:DSD_KEI@DF_KEI(4.0),FRA,M,PRVM,IX,BTE,Y,_Z,2015-05,100.3585164,A,0,1,2015
OECD.SDD.STES:DSD_KEI@DF_KEI(4.0),FRA,M,PRVM,IX,BTE,Y,_Z,2015-06,100.59318166999999,A,0,1,2015
OECD.SDD.STES:DSD_KEI@DF_KEI(4.0),FRA,M,PRVM,IX,BTE,Y,_Z,2011-08,102.20650545000001,A,0,1,2015
OECD.SDD.STES:DSD_KEI@DF_KEI(4.0),FRA,M,PRVM,IX,BTE,Y,_Z,2015-11,99.41985528974679,A,0,1,2015
OECD.SDD.STES:DSD_KEI@DF_KEI(4.0),FRA,M,PRVM,IX,BTE,Y,_Z,2015-12,99.73274232449029,A,0,1,2015
OECD.SDD.STES:DSD_KEI@DF_KEI(4.0),FRA,M,PRVM,IX,BTE,Y,_Z,2016-04,101.805618929666,A,0,1,2015
OECD.SDD.STES:DSD_KEI@DF_KEI(4.0),FRA,M,PRVM,IX,BTE,Y,_Z,2016-06,99.4589661690897,A,0,1,2015
OECD.SDD.STES:DSD_KEI@DF_KEI(4.0),FRA,M,PRVM,IX,BTE,Y,_Z,2016-07,99.410077569911,A,0,1,2015
OECD.SDD.STES:DSD_KEI@DF_KEI(4.0),FRA,M,PRVM,IX,BTE,Y,_Z,2016-08,101.170067140343,A,0,1,2015
OECD.SDD.STES:DSD_KEI@DF_KEI(4.0),FRA,M,PRVM,IX,BTE,Y,_Z,2016-11,101.981617886709,A,0,1,2015
OECD.SDD.STES:DSD_KEI@DF_KEI(4.0),FRA,M,PRVM,IX,BTE,Y,_Z,2017-02,100.485626751842,A,0,1,2015
OECD.SDD.STES:DSD_KEI@DF_KEI(4.0),FRA,M,PRVM,IX,BTE,Y,_Z,2017-03,102.343393520631,A,0,1,2015
OECD.SDD.STES:DSD_KEI@DF_KEI(4.0),FRA,M,PRVM,IX,BTE,Y,_Z,2017-07,102.49983703800301,A,0,1,2015
OECD.SDD.STES:DSD_KEI@DF_KEI(4.0),FRA,M,PRVM,IX,BTE,Y,_Z,2017-08,102.84205723225399,A,0,1,2015
OECD.SDD.STES:DSD_KEI@DF_KEI(4.0),FRA,M,PRVM,IX,BTE,Y,_Z,2017-09,104.074049931556,A,0,1,2015
OECD.SDD.STES:DSD_KEI@DF_KEI(4.0),FRA,M,PRVM,IX,BTE,Y,_Z,2017-10,104.582491363014,A,0,1,2015
OECD.SDD.STES:DSD_KEI@DF_KEI(4.0),FRA,M,PRVM,IX,BTE,Y,_Z,2017-11,104.875822958087,A,0,1,2015
OECD.SDD.STES:DSD_KEI@DF_KEI(4.0),FRA,M,PRVM,IX,BTE,Y,_Z,2017-12,106.088260217718,A,0,1,2015
OECD.SDD.STES:DSD_KEI@DF_KEI(4.0),FRA,M,PRVM,IX,BTE,Y,_Z,2018-02,103.702496577798,A,0,1,2015
OECD.SDD.STES:DSD_KEI@DF_KEI(4.0),FRA,M,PRVM,IX,BTE,Y,_Z,2018-03,104.562935923343,A,0,1,2015
OECD.SDD.STES:DSD_KEI@DF_KEI(4.0),FRA,M,PRVM,IX,BTE,Y,_Z,2018-04,103.40916498272601,A,0,1,2015
OECD.SDD.STES:DSD_KEI@DF_KEI(4.0),FRA,M,PRVM,IX,BTE,Y,_Z,2018-05,102.33361580079601,A,0,1,2015
OECD.SDD.STES:DSD_KEI@DF_KEI(4.0),FRA,M,PRVM,IX,BTE,Y,_Z,2018-08,104.113160810899,A,0,1,2015
OECD.SDD.STES:DSD_KEI@DF_KEI(4.0),FRA,M,PRVM,IX,BTE,Y,_Z,2018-09,102.949612150447,A,0,1,2015
OECD.SDD.STES:DSD_KEI@DF_KEI(4.0),FRA,M,PRVM,IX,BTE,Y,_Z,2018-10,104.426047845643,A,0,1,2015
OECD.SDD.STES:DSD_KEI@DF_KEI(4.0),FRA,M,PRVM,IX,BTE,Y,_Z,2018-11,103.22338830584701,A,0,1,2015
OECD.SDD.STES:DSD_KEI@DF_KEI(4.0),FRA,M,PRVM,IX,BTE,Y,_Z,2018-12,104.26960432827099,A,0,1,2015
OECD.SDD.STES:DSD_KEI@DF_KEI(4.0),FRA,M,PRVM,IX,BTE,Y,_Z,2019-01,104.885600677922,A,0,1,2015
OECD.SDD.STES:DSD_KEI@DF_KEI(4.0),FRA,M,PRVM,IX,BTE,Y,_Z,2019-02,104.92471155726498,A,0,1,2015
OECD.SDD.STES:DSD_KEI@DF_KEI(4.0),FRA,M,PRVM,IX,BTE,Y,_Z,2019-03,104.6607131217,A,0,1,2015
OECD.SDD.STES:DSD_KEI@DF_KEI(4.0),FRA,M,PRVM,IX,BTE,Y,_Z,2019-04,104.856267518415,A,0,1,2015
OECD.SDD.STES:DSD_KEI@DF_KEI(4.0),FRA,M,PRVM,IX,BTE,Y,_Z,2019-05,106.77270060621899,A,0,1,2015
OECD.SDD.STES:DSD_KEI@DF_KEI(4.0),FRA,M,PRVM,IX,BTE,Y,_Z,2019-07,104.298937487778,A,0,1,2015
OECD.SDD.STES:DSD_KEI@DF_KEI(4.0),FRA,M,PRVM,IX,BTE,Y,_Z,2019-08,102.949612150447,A,0,1,2015
OECD.SDD.STES:DSD_KEI@DF_KEI(4.0),FRA,M,PRVM,IX,BTE,Y,_Z,2019-09,104.10338309106399,A,0,1,2015
OECD.SDD.STES:DSD_KEI@DF_KEI(4.0),FRA,M,PRVM,IX,BTE,Y,_Z,2019-10,104.132716250571,A,0,1,2015
OECD.SDD.STES:DSD_KEI@DF_KEI(4.0),FRA,M,PRVM,IX,BTE,Y,_Z,2019-11,103.330943224041,A,0,1,2015
OECD.SDD.STES:DSD_KEI@DF_KEI(4.0),FRA,M,PRVM,IX,BTE,Y,_Z,2019-12,101.16028942050701,A,0,1,2015
OECD.SDD.STES:DSD_KEI@DF_KEI(4.0),FRA,M,PRVM,IX,BTE,Y,_Z,2020-03,85.06616257088871,A,0,1,2015
OECD.SDD.STES:DSD_KEI@DF_KEI(4.0),FRA,M,PRVM,IX,BTE,Y,_Z,2020-04,66.2636073267716,A,0,1,2015
OECD.SDD.STES:DSD_KEI@DF_KEI(4.0),FRA,M,PRVM,IX,BTE,Y,_Z,2020-05,80.3435238902291,A,0,1,2015
OECD.SDD.STES:DSD_KEI@DF_KEI(4.0),FRA,M,PRVM,IX,BTE,Y,_Z,2020-07,95.11765856202369,A,0,1,2015
OECD.SDD.STES:DSD_KEI@DF_KEI(4.0),FRA,M,PRVM,IX,BTE,Y,_Z,2020-08,96.0367642265827,A,0,1,2015
OECD.SDD.STES:DSD_KEI@DF_KEI(4.0),FRA,M,PRVM,IX,BTE,Y,_Z,2020-09,97.5425330812858,A,0,1,2015
OECD.SDD.STES:DSD_KEI@DF_KEI(4.0),FRA,M,PRVM,IX,BTE,Y,_Z,2020-10,99.61540968646139,A,0,1,2015
OECD.SDD.STES:DSD_KEI@DF_KEI(4.0),FRA,M,PRVM,IX,BTE,Y,_Z,2020-11,98.050974512744,A,0,1,2015
OECD.SDD.STES:DSD_KEI@DF_KEI(4.0),FRA,M,PRVM,IX,BTE,Y,_Z,2020-12,97.4447558829284,A,0,1,2015
OECD.SDD.STES:DSD_KEI@DF_KEI(4.0),FRA,M,PRVM,IX,BTE,Y,_Z,2021-01,100.495404471678,A,0,1,2015
OECD.SDD.STES:DSD_KEI@DF_KEI(4.0),FRA,M,PRVM,IX,BTE,Y,_Z,2021-02,96.3105403819832,A,0,1,2015
OECD.SDD.STES:DSD_KEI@DF_KEI(4.0),FRA,M,PRVM,IX,BTE,Y,_Z,2021-03,97.7576429176719,A,0,1,2015
OECD.SDD.STES:DSD_KEI@DF_KEI(4.0),FRA,M,PRVM,IX,BTE,Y,_Z,2021-04,97.8065315168506,A,0,1,2015
OECD.SDD.STES:DSD_KEI@DF_KEI(4.0),FRA,M,PRVM,IX,BTE,Y,_Z,2021-05,97.8065315168506,A,0,1,2015
OECD.SDD.STES:DSD_KEI@DF_KEI(4.0),FRA,M,PRVM,IX,BTE,Y,_Z,2021-06,97.3078678052281,A,0,1,2015
OECD.SDD.STES:DSD_KEI@DF_KEI(4.0),FRA,M,PRVM,IX,BTE,Y,_Z,2021-07,98.050974512744,A,0,1,2015
OECD.SDD.STES:DSD_KEI@DF_KEI(4.0),FRA,M,PRVM,IX,BTE,Y,_Z,2021-10,99.0483019359888,A,0,1,2015
OECD.SDD.STES:DSD_KEI@DF_KEI(4.0),FRA,M,PRVM,IX,BTE,Y,_Z,2021-11,97.0536470894991,A,0,1,2015
OECD.SDD.STES:DSD_KEI@DF_KEI(4.0),FRA,M,PRVM,IX,BTE,Y,_Z,2021-12,97.5620885209572,A,0,1,2015
OECD.SDD.STES:DSD_KEI@DF_KEI(4.0),FRA,M,PRVM,IX,BTE,Y,_Z,2022-02,98.3834169871589,A,0,1,2015
OECD.SDD.STES:DSD_KEI@DF_KEI(4.0),FRA,M,PRVM,IX,BTE,Y,_Z,2022-03,97.7771983573434,A,0,1,2015
OECD.SDD.STES:DSD_KEI@DF_KEI(4.0),FRA,M,PRVM,IX,BTE,Y,_Z,2022-04,97.06342480933479,A,0,1,2015
OECD.SDD.STES:DSD_KEI@DF_KEI(4.0),FRA,M,PRVM,IX,BTE,Y,_Z,2022-05,98.24652890945869,A,0,1,2015
OECD.SDD.STES:DSD_KEI@DF_KEI(4.0),FRA,M,PRVM,IX,BTE,Y,_Z,2022-06,99.0580796558246,A,0,1,2015
OECD.SDD.STES:DSD_KEI@DF_KEI(4.0),FRA,M,PRVM,IX,BTE,Y,_Z,2022-07,97.59142168046449,A,0,1,2015
OECD.SDD.STES:DSD_KEI@DF_KEI(4.0),FRA,M,PRVM,IX,BTE,Y,_Z,2022-09,99.6251874062972,A,0,1,2015
OECD.SDD.STES:DSD_KEI@DF_KEI(4.0),FRA,M,PRVM,IX,BTE,Y,_Z,2022-10,97.48386676227139,A,0,1,2015
OECD.SDD.STES:DSD_KEI@DF_KEI(4.0),FRA,M,PRVM,IX,BTE,Y,_Z,2022-11,98.7549703409168,A,0,1,2015
OECD.SDD.STES:DSD_KEI@DF_KEI(4.0),FRA,M,PRVM,IX,BTE,Y,_Z,2022-12,99.5762988071185,A,0,1,2015
OECD.SDD.STES:DSD_KEI@DF_KEI(4.0),FRA,M,PRVM,IX,BTE,Y,_Z,2023-01,98.0411967929082,A,0,1,2015
OECD.SDD.STES:DSD_KEI@DF_KEI(4.0),FRA,M,PRVM,IX,BTE,Y,_Z,2023-02,99.556743367447,A,0,1,2015
OECD.SDD.STES:DSD_KEI@DF_KEI(4.0),FRA,M,PRVM,IX,BTE,Y,_Z,2023-03,98.1683071507728,A,0,1,2015
OECD.SDD.STES:DSD_KEI@DF_KEI(4.0),FRA,M,PRVM,IX,BTE,Y,_Z,2023-04,98.3931947069947,A,0,1,2015
OECD.SDD.STES:DSD_KEI@DF_KEI(4.0),FRA,M,PRVM,IX,BTE,Y,_Z,2023-05,100.36829411381301,A,0,1,2015
OECD.SDD.STES:DSD_KEI@DF_KEI(4.0),DEU,M,PRVM,IX,BTE,Y,_Z,2012-11,95.68298969,A,0,1,2015
OECD.SDD.STES:DSD_KEI@DF_KEI(4.0),DEU,M,PRVM,IX,BTE,Y,_Z,2013-01,95.29639175,A,0,1,2015
OECD.SDD.STES:DSD_KEI@DF_KEI(4.0),DEU,M,PRVM,IX,BTE,Y,_Z,2013-02,95.97293814,A,0,1,2015
OECD.SDD.STES:DSD_KEI@DF_KEI(4.0),DEU,M,PRVM,IX,BTE,Y,_Z,2021-04,97.61597938,A,0,1,2015
OECD.SDD.STES:DSD_KEI@DF_KEI(4.0),DEU,M,PRVM,IX,BTE,Y,_Z,2021-09,92.59020618,A,0,1,2015
OECD.SDD.STES:DSD_KEI@DF_KEI(4.0),DEU,M,PRVM,IX,BTE,Y,_Z,2022-09,97.22938144,A,0,1,2015
OECD.SDD.STES:DSD_KEI@DF_KEI(4.0),DEU,M,PRVM,IX,BTE,Y,_Z,2014-04,99.06572165,A,0,1,2015
OECD.SDD.STES:DSD_KEI@DF_KEI(4.0),DEU,M,PRVM,IX,BTE,Y,_Z,2014-05,98.58247422000001,A,0,1,2015
OECD.SDD.STES:DSD_KEI@DF_KEI(4.0),DEU,M,PRVM,IX,BTE,Y,_Z,2014-07,100.32216494999999,A,0,1,2015
OECD.SDD.STES:DSD_KEI@DF_KEI(4.0),DEU,M,PRVM,IX,BTE,Y,_Z,2018-02,104.18814433000001,A,0,1,2015
OECD.SDD.STES:DSD_KEI@DF_KEI(4.0),DEU,M,PRVM,IX,BTE,Y,_Z,2018-03,105.83118556,A,0,1,2015
OECD.SDD.STES:DSD_KEI@DF_KEI(4.0),DEU,M,PRVM,IX,BTE,Y,_Z,2018-04,105.15463917000001,A,0,1,2015
OECD.SDD.STES:DSD_KEI@DF_KEI(4.0),DEU,M,PRVM,IX,BTE,Y,_Z,2018-05,106.70103092000001,A,0,1,2015
OECD.SDD.STES:DSD_KEI@DF_KEI(4.0),DEU,M,PRVM,IX,BTE,Y,_Z,2018-06,106.41108247,A,0,1,2015
OECD.SDD.STES:DSD_KEI@DF_KEI(4.0),DEU,M,PRVM,IX,BTE,Y,_Z,2019-01,103.41494845000001,A,0,1,2015
OECD.SDD.STES:DSD_KEI@DF_KEI(4.0),DEU,M,PRVM,IX,BTE,Y,_Z,2019-03,103.89819587,A,0,1,2015
OECD.SDD.STES:DSD_KEI@DF_KEI(4.0),DEU,M,PRVM,IX,BTE,Y,_Z,2019-04,102.4484536,A,0,1,2015
OECD.SDD.STES:DSD_KEI@DF_KEI(4.0),DEU,M,PRVM,IX,BTE,Y,_Z,2019-11,100.32216494999999,A,0,1,2015
OECD.SDD.STES:DSD_KEI@DF_KEI(4.0),DEU,M,PRVM,IX,BTE,Y,_Z,2020-03,91.2371134,A,0,1,2015
OECD.SDD.STES:DSD_KEI@DF_KEI(4.0),DEU,M,PRVM,IX,BTE,Y,_Z,2020-05,79.73582474,A,0,1,2015
OECD.SDD.STES:DSD_KEI@DF_KEI(4.0),DEU,M,PRVM,IX,BTE,Y,_Z,2020-06,89.01417525000001,A,0,1,2015
OECD.SDD.STES:DSD_KEI@DF_KEI(4.0),DEU,M,PRVM,IX,BTE,Y,_Z,2020-08,90.85051546,A,0,1,2015
OECD.SDD.STES:DSD_KEI@DF_KEI(4.0),DEU,M,PRVM,IX,BTE,Y,_Z,2020-10,96.74613402,A,0,1,2015
OECD.SDD.STES:DSD_KEI@DF_KEI(4.0),DEU,M,PRVM,IX,BTE,Y,_Z,2020-12,97.80927835,A,0,1,2015
OECD.SDD.STES:DSD_KEI@DF_KEI(4.0),DEU,M,PRVM,IX,BTE,Y,_Z,2010-10,95.5863402,A,0,1,2015
OECD.SDD.STES:DSD_KEI@DF_KEI(4.0),DEU,M,PRVM,IX,BTE,Y,_Z,2011-03,97.51932989,A,0,1,2015
OECD.SDD.STES:DSD_KEI@DF_KEI(4.0),DEU,M,PRVM,IX,BTE,Y,_Z,2011-09,97.90592783,A,0,1,2015
OECD.SDD.STES:DSD_KEI@DF_KEI(4.0),DEU,M,PRVM,IX,BTE,Y,_Z,2012-04,97.42268041,A,0,1,2015
OECD.SDD.STES:DSD_KEI@DF_KEI(4.0),DEU,M,PRVM,IX,BTE,Y,_Z,2012-07,98.77577319000001,A,0,1,2015
OECD.SDD.STES:DSD_KEI@DF_KEI(4.0),DEU,M,PRVM,IX,BTE,Y,_Z,2012-08,98.96907216,A,0,1,2015
OECD.SDD.STES:DSD_KEI@DF_KEI(4.0),DEU,M,PRVM,IX,BTE,Y,_Z,2012-09,97.71262886,A,0,1,2015
OECD.SDD.STES:DSD_KEI@DF_KEI(4.0),DEU,M,PRVM,IX,BTE,Y,_Z,2012-10,96.35953608,A,0,1,2015
OECD.SDD.STES:DSD_KEI@DF_KEI(4.0),DEU,M,PRVM,IX,BTE,Y,_Z,2012-12,96.16623711,A,0,1,2015
OECD.SDD.STES:DSD_KEI@DF_KEI(4.0),DEU,M,PRVM,IX,BTE,Y,_Z,2013-03,97.71262886,A,0,1,2015
OECD.SDD.STES:DSD_KEI@DF_KEI(4.0),DEU,M,PRVM,IX,BTE,Y,_Z,2013-06,98.58247422000001,A,0,1,2015
OECD.SDD.STES:DSD_KEI@DF_KEI(4.0),DEU,M,PRVM,IX,BTE,Y,_Z,2013-07,97.03608247,A,0,1,2015
OECD.SDD.STES:DSD_KEI@DF_KEI(4.0),DEU,M,PRVM,IX,BTE,Y,_Z,2013-08,98.96907216,A,0,1,2015
OECD.SDD.STES:DSD_KEI@DF_KEI(4.0),DEU,M,PRVM,IX,BTE,Y,_Z,2013-12,99.83891752,A,0,1,2015
OECD.SDD.STES:DSD_KEI@DF_KEI(4.0),DEU,M,PRVM,IX,BTE,Y,_Z,2014-01,99.16237113,A,0,1,2015
OECD.SDD.STES:DSD_KEI@DF_KEI(4.0),DEU,M,PRVM,IX,BTE,Y,_Z,2014-06,98.67912371,A,0,1,2015
OECD.SDD.STES:DSD_KEI@DF_KEI(4.0),DEU,M,PRVM,IX,BTE,Y,_Z,2014-12,100.99871134,A,0,1,2015
OECD.SDD.STES:DSD_KEI@DF_KEI(4.0),DEU,M,PRVM,IX,BTE,Y,_Z,2015-02,99.64561855,A,0,1,2015
OECD.SDD.STES:DSD_KEI@DF_KEI(4.0),DEU,M,PRVM,IX,BTE,Y,_Z,2015-03,99.64561855,A,0,1,2015
OECD.SDD.STES:DSD_KEI@DF_KEI(4.0),DEU,M,PRVM,IX,BTE,Y,_Z,2015-06,100.51546391,A,0,1,2015
OECD.SDD.STES:DSD_KEI@DF_KEI(4.0),FRA,M,PRVM,IX,BTE,Y,_Z,2012-11,98.57897139,A,0,1,2015
OECD.SDD.STES:DSD_KEI@DF_KEI(4.0),FRA,M,PRVM,IX,BTE,Y,_Z,2013-02,100.37807184,A,0,1,2015
OECD.SDD.STES:DSD_KEI@DF_KEI(4.0),FRA,M,PRVM,IX,BTE,Y,_Z,2013-04,101.89361841,A,0,1,2015
OECD.SDD.STES:DSD_KEI@DF_KEI(4.0),FRA,M,PRVM,IX,BTE,Y,_Z,2013-07,99.44918845000001,A,0,1,2015
OECD.SDD.STES:DSD_KEI@DF_KEI(4.0),FRA,M,PRVM,IX,BTE,Y,_Z,2013-09,99.59585425,A,0,1,2015
OECD.SDD.STES:DSD_KEI@DF_KEI(4.0),FRA,M,PRVM,IX,BTE,Y,_Z,2013-11,100.67140343,A,0,1,2015
OECD.SDD.STES:DSD_KEI@DF_KEI(4.0),FRA,M,PRVM,IX,BTE,Y,_Z,2023-11,99.4394107294182,A,0,1,2015
OECD.SDD.STES:DSD_KEI@DF_KEI(4.0),DEU,M,PRVM,IX,BTE,Y,_Z,2022-05,95.296391752577,A,0,1,2015
OECD.SDD.STES:DSD_KEI@DF_KEI(4.0),DEU,M,PRVM,IX,BTE,Y,_Z,2023-01,95.6829896907213,A,0,1,2015
OECD.SDD.STES:DSD_KEI@DF_KEI(4.0),DEU,M,PRVM,IX,BTE,Y,_Z,2023-04,94.90979381443269,A,0,1,2015
OECD.SDD.STES:DSD_KEI@DF_KEI(4.0),DEU,M,PRVM,IX,BTE,Y,_Z,2023-05,95.7796391752574,A,0,1,2015
OECD.SDD.STES:DSD_KEI@DF_KEI(4.0),DEU,M,PRVM,IX,BTE,Y,_Z,2024-01,90.8505154639172,A,0,1,2015
OECD.SDD.STES:DSD_KEI@DF_KEI(4.0),DEU,M,PRVM,IX,BTE,Y,_Z,2024-03,90.8505154639172,A,0,1,2015
OECD.SDD.STES:DSD_KEI@DF_KEI(4.0),DEU,M,PRVM,IX,BTE,Y,_Z,2024-05,88.1443298969069,A,0,1,2015
OECD.SDD.STES:DSD_KEI@DF_KEI(4.0),DEU,M,PRVM,IX,BTE,Y,_Z,2025-05,89.3041237113399,A,0,1,2015
OECD.SDD.STES:DSD_KEI@DF_KEI(4.0),DEU,M,PRVM,IX,BTE,Y,_Z,2025-08,87.1778350515461,A,0,1,2015
OECD.SDD.STES:DSD_KEI@DF_KEI(4.0),DEU,M,PRVM,IX,BTE,Y,_Z,2026-04,88.0476804123708,A,0,1,2015
OECD.SDD.STES:DSD_KEI@DF_KEI(4.0),DEU,M,PRVM,IX,BTE,Y,_Z,2026-05,88.72422680412339,A,0,1,2015
OECD.SDD.STES:DSD_KEI@DF_KEI(4.0),DEU,M,PRVM,IX,BTE,Y,_Z,2023-06,94.13659794,A,0,1,2015
OECD.SDD.STES:DSD_KEI@DF_KEI(4.0),DEU,M,PRVM,IX,BTE,Y,_Z,2026-02,88.53092783,A,0,1,2015
OECD.SDD.STES:DSD_KEI@DF_KEI(4.0),DEU,M,PRVM,IX,BTE,Y,_Z,2022-02,97.71262886,A,0,1,2015
OECD.SDD.STES:DSD_KEI@DF_KEI(4.0),DEU,M,PRVM,IX,BTE,Y,_Z,2022-12,94.52319587,A,0,1,2015
OECD.SDD.STES:DSD_KEI@DF_KEI(4.0),DEU,M,PRVM,IX,BTE,Y,_Z,2023-02,98.0992268,A,0,1,2015
OECD.SDD.STES:DSD_KEI@DF_KEI(4.0),DEU,M,PRVM,IX,BTE,Y,_Z,2023-12,90.36726804,A,0,1,2015
OECD.SDD.STES:DSD_KEI@DF_KEI(4.0),DEU,M,PRVM,IX,BTE,Y,_Z,2024-12,87.75773196,A,0,1,2015
OECD.SDD.STES:DSD_KEI@DF_KEI(4.0),DEU,M,PRVM,IX,BTE,Y,_Z,2021-01,98.09922680412339,A,0,1,2015
OECD.SDD.STES:DSD_KEI@DF_KEI(4.0),DEU,M,PRVM,IX,BTE,Y,_Z,2021-06,95.10309278350489,A,0,1,2015
OECD.SDD.STES:DSD_KEI@DF_KEI(4.0),DEU,M,PRVM,IX,BTE,Y,_Z,2021-08,92.01030927835019,A,0,1,2015
OECD.SDD.STES:DSD_KEI@DF_KEI(4.0),DEU,M,PRVM,IX,BTE,Y,_Z,2021-10,95.87628865979349,A,0,1,2015
OECD.SDD.STES:DSD_KEI@DF_KEI(4.0),DEU,M,PRVM,IX,BTE,Y,_Z,2021-11,96.2628865979378,A,0,1,2015
OECD.SDD.STES:DSD_KEI@DF_KEI(4.0),DEU,M,PRVM,IX,BTE,Y,_Z,2021-12,97.615979381443,A,0,1,2015
OECD.SDD.STES:DSD_KEI@DF_KEI(4.0),DEU,M,PRVM,IX,BTE,Y,_Z,2022-01,97.3260309278348,A,0,1,2015
OECD.SDD.STES:DSD_KEI@DF_KEI(4.0),DEU,M,PRVM,IX,BTE,Y,_Z,2022-03,92.5902061855667,A,0,1,2015
OECD.SDD.STES:DSD_KEI@DF_KEI(4.0),DEU,M,PRVM,IX,BTE,Y,_Z,2022-04,94.5231958762884,A,0,1,2015
OECD.SDD.STES:DSD_KEI@DF_KEI(4.0),DEU,M,PRVM,IX,BTE,Y,_Z,2022-06,96.2628865979378,A,0,1,2015
OECD.SDD.STES:DSD_KEI@DF_KEI(4.0),DEU,M,PRVM,IX,BTE,Y,_Z,2022-07,96.2628865979378,A,0,1,2015
OECD.SDD.STES:DSD_KEI@DF_KEI(4.0),DEU,M,PRVM,IX,BTE,Y,_Z,2022-08,95.296391752577,A,0,1,2015
OECD.SDD.STES:DSD_KEI@DF_KEI(4.0),DEU,M,PRVM,IX,BTE,Y,_Z,2022-10,95.9729381443296,A,0,1,2015
OECD.SDD.STES:DSD_KEI@DF_KEI(4.0),DEU,M,PRVM,IX,BTE,Y,_Z,2023-03,95.7796391752574,A,0,1,2015
OECD.SDD.STES:DSD_KEI@DF_KEI(4.0),DEU,M,PRVM,IX,BTE,Y,_Z,2023-07,93.2667525773193,A,0,1,2015
OECD.SDD.STES:DSD_KEI@DF_KEI(4.0),DEU,M,PRVM,IX,BTE,Y,_Z,2023-08,93.2667525773193,A,0,1,2015
OECD.SDD.STES:DSD_KEI@DF_KEI(4.0),DEU,M,PRVM,IX,BTE,Y,_Z,2023-10,92.10695876288631,A,0,1,2015
OECD.SDD.STES:DSD_KEI@DF_KEI(4.0),DEU,M,PRVM,IX,BTE,Y,_Z,2023-11,91.8170103092781,A,0,1,2015
OECD.SDD.STES:DSD_KEI@DF_KEI(4.0),DEU,M,PRVM,IX,BTE,Y,_Z,2024-02,91.91365979381409,A,0,1,2015
OECD.SDD.STES:DSD_KEI@DF_KEI(4.0),DEU,M,PRVM,IX,BTE,Y,_Z,2024-04,91.14046391752551,A,0,1,2015
OECD.SDD.STES:DSD_KEI@DF_KEI(4.0),DEU,M,PRVM,IX,BTE,Y,_Z,2024-06,90.6572164948451,A,0,1,2015
OECD.SDD.STES:DSD_KEI@DF_KEI(4.0),DEU,M,PRVM,IX,BTE,Y,_Z,2024-07,88.3376288659791,A,0,1,2015
OECD.SDD.STES:DSD_KEI@DF_KEI(4.0),DEU,M,PRVM,IX,BTE,Y,_Z,2024-08,90.3672680412368,A,0,1,2015
OECD.SDD.STES:DSD_KEI@DF_KEI(4.0),DEU,M,PRVM,IX,BTE,Y,_Z,2024-09,88.6275773195873,A,0,1,2015
OECD.SDD.STES:DSD_KEI@DF_KEI(4.0),DEU,M,PRVM,IX,BTE,Y,_Z,2024-10,88.240979381443,A,0,1,2015
OECD.SDD.STES:DSD_KEI@DF_KEI(4.0),DEU,M,PRVM,IX,BTE,Y,_Z,2024-11,89.2074742268038,A,0,1,2015
OECD.SDD.STES:DSD_KEI@DF_KEI(4.0),DEU,M,PRVM,IX,BTE,Y,_Z,2025-01,89.69072164948419,A,0,1,2015
OECD.SDD.STES:DSD_KEI@DF_KEI(4.0),DEU,M,PRVM,IX,BTE,Y,_Z,2025-02,88.8208762886595,A,0,1,2015
OECD.SDD.STES:DSD_KEI@DF_KEI(4.0),DEU,M,PRVM,IX,BTE,Y,_Z,2025-03,91.720360824742,A,0,1,2015
OECD.SDD.STES:DSD_KEI@DF_KEI(4.0),DEU,M,PRVM,IX,BTE,Y,_Z,2025-04,88.9175257731956,A,0,1,2015
OECD.SDD.STES:DSD_KEI@DF_KEI(4.0),DEU,M,PRVM,IX,BTE,Y,_Z,2025-06,89.3041237113399,A,0,1,2015
OECD.SDD.STES:DSD_KEI@DF_KEI(4.0),DEU,M,PRVM,IX,BTE,Y,_Z,2025-07,89.400773195876,A,0,1,2015
OECD.SDD.STES:DSD_KEI@DF_KEI(4.0),DEU,M,PRVM,IX,BTE,Y,_Z,2025-09,88.240979381443,A,0,1,2015
OECD.SDD.STES:DSD_KEI@DF_KEI(4.0),DEU,M,PRVM,IX,BTE,Y,_Z,2025-10,88.5309278350513,A,0,1,2015
OECD.SDD.STES:DSD_KEI@DF_KEI(4.0),DEU,M,PRVM,IX,BTE,Y,_Z,2025-11,89.4974226804121,A,0,1,2015
OECD.SDD.STES:DSD_KEI@DF_KEI(4.0),DEU,M,PRVM,IX,BTE,Y,_Z,2025-12,88.6275773195873,A,0,1,2015
OECD.SDD.STES:DSD_KEI@DF_KEI(4.0),DEU,M,PRVM,IX,BTE,Y,_Z,2026-01,88.5309278350513,A,0,1,2015
OECD.SDD.STES:DSD_KEI@DF_KEI(4.0),DEU,M,PRVM,IX,BTE,Y,_Z,2026-03,87.8543814432987,A,0,1,2015
OECD.SDD.STES:DSD_KEI@DF_KEI(4.0),DEU,M,PRVM,IX,BTE,Y,_Z,2010-04,89.30412371,A,0,1,2015
OECD.SDD.STES:DSD_KEI@DF_KEI(4.0),DEU,M,PRVM,IX,BTE,Y,_Z,2010-08,92.39690721,A,0,1,2015
OECD.SDD.STES:DSD_KEI@DF_KEI(4.0),DEU,M,PRVM,IX,BTE,Y,_Z,2014-09,99.16237113,A,0,1,2015
OECD.SDD.STES:DSD_KEI@DF_KEI(4.0),DEU,M,PRVM,IX,BTE,Y,_Z,2014-10,99.45231958000001,A,0,1,2015
OECD.SDD.STES:DSD_KEI@DF_KEI(4.0),DEU,M,PRVM,IX,BTE,Y,_Z,2014-11,99.3556701,A,0,1,2015
OECD.SDD.STES:DSD_KEI@DF_KEI(4.0),DEU,M,PRVM,IX,BTE,Y,_Z,2015-01,98.58247422000001,A,0,1,2015
OECD.SDD.STES:DSD_KEI@DF_KEI(4.0),DEU,M,PRVM,IX,BTE,Y,_Z,2015-04,100.41881443,A,0,1,2015
OECD.SDD.STES:DSD_KEI@DF_KEI(4.0),DEU,M,PRVM,IX,BTE,Y,_Z,2015-05,100.6121134,A,0,1,2015
OECD.SDD.STES:DSD_KEI@DF_KEI(4.0),DEU,M,PRVM,IX,BTE,Y,_Z,2015-09,99.64561855,A,0,1,2015
OECD.SDD.STES:DSD_KEI@DF_KEI(4.0),DEU,M,PRVM,IX,BTE,Y,_Z,2015-10,100.51546391,A,0,1,2015
OECD.SDD.STES:DSD_KEI@DF_KEI(4.0),DEU,M,PRVM,IX,BTE,Y,_Z,2015-11,99.25902062,A,0,1,2015
OECD.SDD.STES:DSD_KEI@DF_KEI(4.0),DEU,M,PRVM,IX,BTE,Y,_Z,2016-02,101.09536081999998,A,0,1,2015
OECD.SDD.STES:DSD_KEI@DF_KEI(4.0),DEU,M,PRVM,IX,BTE,Y,_Z,2016-03,100.32216494999999,A,0,1,2015
OECD.SDD.STES:DSD_KEI@DF_KEI(4.0),DEU,M,PRVM,IX,BTE,Y,_Z,2016-04,100.99871134,A,0,1,2015
OECD.SDD.STES:DSD_KEI@DF_KEI(4.0),DEU,M,PRVM,IX,BTE,Y,_Z,2016-05,99.3556701,A,0,1,2015
OECD.SDD.STES:DSD_KEI@DF_KEI(4.0),DEU,M,PRVM,IX,BTE,Y,_Z,2016-06,101.19201031,A,0,1,2015
OECD.SDD.STES:DSD_KEI@DF_KEI(4.0),DEU,M,PRVM,IX,BTE,Y,_Z,2016-07,99.93556701,A,0,1,2015
OECD.SDD.STES:DSD_KEI@DF_KEI(4.0),DEU,M,PRVM,IX,BTE,Y,_Z,2016-09,101.19201031,A,0,1,2015
OECD.SDD.STES:DSD_KEI@DF_KEI(4.0),DEU,M,PRVM,IX,BTE,Y,_Z,2016-11,101.67525772999998,A,0,1,2015
OECD.SDD.STES:DSD_KEI@DF_KEI(4.0),DEU,M,PRVM,IX,BTE,Y,_Z,2017-02,101.86855669999998,A,0,1,2015
OECD.SDD.STES:DSD_KEI@DF_KEI(4.0),DEU,M,PRVM,IX,BTE,Y,_Z,2017-03,101.38530928,A,0,1,2015
OECD.SDD.STES:DSD_KEI@DF_KEI(4.0),DEU,M,PRVM,IX,BTE,Y,_Z,2017-05,103.60824742000001,A,0,1,2015
OECD.SDD.STES:DSD_KEI@DF_KEI(4.0),DEU,M,PRVM,IX,BTE,Y,_Z,2017-06,103.41494845000001,A,0,1,2015
OECD.SDD.STES:DSD_KEI@DF_KEI(4.0),DEU,M,PRVM,IX,BTE,Y,_Z,2014-08,96.74613402,A,0,1,2015
OECD.SDD.STES:DSD_KEI@DF_KEI(4.0),DEU,M,PRVM,IX,BTE,Y,_Z,2017-07,103.89819587,A,0,1,2015
OECD.SDD.STES:DSD_KEI@DF_KEI(4.0),DEU,M,PRVM,IX,BTE,Y,_Z,2017-09,105.25128866,A,0,1,2015
OECD.SDD.STES:DSD_KEI@DF_KEI(4.0),DEU,M,PRVM,IX,BTE,Y,_Z,2017-11,107.37757731999999,A,0,1,2015
OECD.SDD.STES:DSD_KEI@DF_KEI(4.0),DEU,M,PRVM,IX,BTE,Y,_Z,2017-12,106.60438144,A,0,1,2015
OECD.SDD.STES:DSD_KEI@DF_KEI(4.0),DEU,M,PRVM,IX,BTE,Y,_Z,2018-07,104.57474226000001,A,0,1,2015
OECD.SDD.STES:DSD_KEI@DF_KEI(4.0),DEU,M,PRVM,IX,BTE,Y,_Z,2018-08,106.02448453,A,0,1,2015
OECD.SDD.STES:DSD_KEI@DF_KEI(4.0),DEU,M,PRVM,IX,BTE,Y,_Z,2018-09,104.76804123000001,A,0,1,2015
OECD.SDD.STES:DSD_KEI@DF_KEI(4.0),DEU,M,PRVM,IX,BTE,Y,_Z,2018-10,104.47809278,A,0,1,2015
OECD.SDD.STES:DSD_KEI@DF_KEI(4.0),DEU,M,PRVM,IX,BTE,Y,_Z,2018-11,102.54510309,A,0,1,2015
OECD.SDD.STES:DSD_KEI@DF_KEI(4.0),DEU,M,PRVM,IX,BTE,Y,_Z,2018-12,103.7048969,A,0,1,2015
OECD.SDD.STES:DSD_KEI@DF_KEI(4.0),DEU,M,PRVM,IX,BTE,Y,_Z,2019-02,102.83505154000001,A,0,1,2015
OECD.SDD.STES:DSD_KEI@DF_KEI(4.0),DEU,M,PRVM,IX,BTE,Y,_Z,2019-05,102.83505154000001,A,0,1,2015
OECD.SDD.STES:DSD_KEI@DF_KEI(4.0),DEU,M,PRVM,IX,BTE,Y,_Z,2019-06,101.57860824,A,0,1,2015
OECD.SDD.STES:DSD_KEI@DF_KEI(4.0),DEU,M,PRVM,IX,BTE,Y,_Z,2019-07,101.19201031,A,0,1,2015
OECD.SDD.STES:DSD_KEI@DF_KEI(4.0),DEU,M,PRVM,IX,BTE,Y,_Z,2019-08,101.57860824,A,0,1,2015
OECD.SDD.STES:DSD_KEI@DF_KEI(4.0),DEU,M,PRVM,IX,BTE,Y,_Z,2019-09,100.6121134,A,0,1,2015
OECD.SDD.STES:DSD_KEI@DF_KEI(4.0),DEU,M,PRVM,IX,BTE,Y,_Z,2019-10,100.03221649,A,0,1,2015
OECD.SDD.STES:DSD_KEI@DF_KEI(4.0),DEU,M,PRVM,IX,BTE,Y,_Z,2019-12,98.00257731999999,A,0,1,2015
OECD.SDD.STES:DSD_KEI@DF_KEI(4.0),DEU,M,PRVM,IX,BTE,Y,_Z,2020-01,100.99871134,A,0,1,2015
OECD.SDD.STES:DSD_KEI@DF_KEI(4.0),DEU,M,PRVM,IX,BTE,Y,_Z,2020-02,101.57860824,A,0,1,2015
OECD.SDD.STES:DSD_KEI@DF_KEI(4.0),DEU,M,PRVM,IX,BTE,Y,_Z,2020-04,71.71391752,A,0,1,2015
OECD.SDD.STES:DSD_KEI@DF_KEI(4.0),DEU,M,PRVM,IX,BTE,Y,_Z,2020-07,90.94716495,A,0,1,2015
OECD.SDD.STES:DSD_KEI@DF_KEI(4.0),DEU,M,PRVM,IX,BTE,Y,_Z,2020-09,93.17010309,A,0,1,2015
OECD.SDD.STES:DSD_KEI@DF_KEI(4.0),DEU,M,PRVM,IX,BTE,Y,_Z,2020-11,97.90592783,A,0,1,2015
OECD.SDD.STES:DSD_KEI@DF_KEI(4.0),DEU,M,PRVM,IX,BTE,Y,_Z,2021-02,96.16623711,A,0,1,2015
OECD.SDD.STES:DSD_KEI@DF_KEI(4.0),DEU,M,PRVM,IX,BTE,Y,_Z,2021-03,97.51932989,A,0,1,2015
OECD.SDD.STES:DSD_KEI@DF_KEI(4.0),DEU,M,PRVM,IX,BTE,Y,_Z,2021-07,96.8427835,A,0,1,2015
OECD.SDD.STES:DSD_KEI@DF_KEI(4.0),DEU,M,PRVM,IX,BTE,Y,_Z,2022-11,96.55283505,A,0,1,2015
OECD.SDD.STES:DSD_KEI@DF_KEI(4.0),DEU,M,PRVM,IX,BTE,Y,_Z,2023-09,92.30025773,A,0,1,2015
OECD.SDD.STES:DSD_KEI@DF_KEI(4.0),DEU,M,PRVM,IX,BTE,Y,_Z,2010-01,86.40463917,A,0,1,2015
OECD.SDD.STES:DSD_KEI@DF_KEI(4.0),DEU,M,PRVM,IX,BTE,Y,_Z,2010-02,85.53479381,A,0,1,2015
OECD.SDD.STES:DSD_KEI@DF_KEI(4.0),DEU,M,PRVM,IX,BTE,Y,_Z,2010-03,87.56443299,A,0,1,2015
OECD.SDD.STES:DSD_KEI@DF_KEI(4.0),DEU,M,PRVM,IX,BTE,Y,_Z,2010-05,92.20360824,A,0,1,2015
OECD.SDD.STES:DSD_KEI@DF_KEI(4.0),DEU,M,PRVM,IX,BTE,Y,_Z,2010-06,91.2371134,A,0,1,2015
OECD.SDD.STES:DSD_KEI@DF_KEI(4.0),DEU,M,PRVM,IX,BTE,Y,_Z,2010-07,91.2371134,A,0,1,2015
OECD.SDD.STES:DSD_KEI@DF_KEI(4.0),DEU,M,PRVM,IX,BTE,Y,_Z,2010-09,93.55670103,A,0,1,2015
OECD.SDD.STES:DSD_KEI@DF_KEI(4.0),DEU,M,PRVM,IX,BTE,Y,_Z,2010-11,95.0064433,A,0,1,2015
OECD.SDD.STES:DSD_KEI@DF_KEI(4.0),DEU,M,PRVM,IX,BTE,Y,_Z,2010-12,96.8427835,A,0,1,2015
OECD.SDD.STES:DSD_KEI@DF_KEI(4.0),FRA,M,PRVM,IX,BTE,Y,_Z,2026-04,101.189622580015,A,0,1,2015
OECD.SDD.STES:DSD_KEI@DF_KEI(4.0),FRA,M,PRVM,IX,BTE,Y,_Z,2018-01,102.21628317,A,0,1,2015
OECD.SDD.STES:DSD_KEI@DF_KEI(4.0),FRA,M,PRVM,IX,BTE,Y,_Z,2018-06,104.26960433,A,0,1,2015
OECD.SDD.STES:DSD_KEI@DF_KEI(4.0),FRA,M,PRVM,IX,BTE,Y,_Z,2018-07,103.72205201999999,A,0,1,2015
OECD.SDD.STES:DSD_KEI@DF_KEI(4.0),FRA,M,PRVM,IX,BTE,Y,_Z,2019-06,103.46783131,A,0,1,2015
OECD.SDD.STES:DSD_KEI@DF_KEI(4.0),FRA,M,PRVM,IX,BTE,Y,_Z,2021-08,97.75764292,A,0,1,2015
OECD.SDD.STES:DSD_KEI@DF_KEI(4.0),FRA,M,PRVM,IX,BTE,Y,_Z,2021-09,96.36920669999999,A,0,1,2015
OECD.SDD.STES:DSD_KEI@DF_KEI(4.0),FRA,M,PRVM,IX,BTE,Y,_Z,2022-01,99.61540968999999,A,0,1,2015
OECD.SDD.STES:DSD_KEI@DF_KEI(4.0),FRA,M,PRVM,IX,BTE,Y,_Z,2022-08,100.14340656,A,0,1,2015
OECD.SDD.STES:DSD_KEI@DF_KEI(4.0),FRA,M,PRVM,IX,BTE,Y,_Z,2023-06,99.29274493999999,A,0,1,2015
OECD.SDD.STES:DSD_KEI@DF_KEI(4.0),FRA,M,PRVM,IX,BTE,Y,_Z,2010-04,99.28296721999999,A,0,1,2015
OECD.SDD.STES:DSD_KEI@DF_KEI(4.0),FRA,M,PRVM,IX,BTE,Y,_Z,2011-03,103.24294375000001,A,0,1,2015
OECD.SDD.STES:DSD_KEI@DF_KEI(4.0),FRA,M,PRVM,IX,BTE,Y,_Z,2011-05,104.80737892,A,0,1,2015
OECD.SDD.STES:DSD_KEI@DF_KEI(4.0),ITA,M,PRVM,IX,BTE,Y,_Z,2021-05,103.36842105,A,0,1,2015
OECD.SDD.STES:DSD_KEI@DF_KEI(4.0),ITA,M,PRVM,IX,BTE,Y,_Z,2021-08,104.84210526,A,0,1,2015
OECD.SDD.STES:DSD_KEI@DF_KEI(4.0),ITA,M,PRVM,IX,BTE,Y,_Z,2021-09,105.57894737,A,0,1,2015
OECD.SDD.STES:DSD_KEI@DF_KEI(4.0),ITA,M,PRVM,IX,BTE,Y,_Z,2021-10,105.47368421,A,0,1,2015
OECD.SDD.STES:DSD_KEI@DF_KEI(4.0),ITA,M,PRVM,IX,BTE,Y,_Z,2021-12,105.89473684,A,0,1,2015
OECD.SDD.STES:DSD_KEI@DF_KEI(4.0),ITA,M,PRVM,IX,BTE,Y,_Z,2022-03,106.84210526,A,0,1,2015
OECD.SDD.STES:DSD_KEI@DF_KEI(4.0),ITA,M,PRVM,IX,BTE,Y,_Z,2022-05,106.73684211000001,A,0,1,2015
OECD.SDD.STES:DSD_KEI@DF_KEI(4.0),ITA,M,PRVM,IX,BTE,Y,_Z,2022-06,104.21052632,A,0,1,2015
OECD.SDD.STES:DSD_KEI@DF_KEI(4.0),ITA,M,PRVM,IX,BTE,Y,_Z,2022-08,107.78947368,A,0,1,2015
OECD.SDD.STES:DSD_KEI@DF_KEI(4.0),ITA,M,PRVM,IX,BTE,Y,_Z,2022-09,104.94736842,A,0,1,2015
OECD.SDD.STES:DSD_KEI@DF_KEI(4.0),ITA,M,PRVM,IX,BTE,Y,_Z,2023-06,103.47368421,A,0,1,2015
OECD.SDD.STES:DSD_KEI@DF_KEI(4.0),ITA,M,PRVM,IX,BTE,Y,_Z,2013-01,100.10526315999999,A,0,1,2015
OECD.SDD.STES:DSD_KEI@DF_KEI(4.0),ITA,M,PRVM,IX,BTE,Y,_Z,2013-04,98.21052632,A,0,1,2015
OECD.SDD.STES:DSD_KEI@DF_KEI(4.0),ITA,M,PRVM,IX,BTE,Y,_Z,2013-08,98.10526315999999,A,0,1,2015
OECD.SDD.STES:DSD_KEI@DF_KEI(4.0),ITA,M,PRVM,IX,BTE,Y,_Z,2014-01,100.63157894999999,A,0,1,2015
OECD.SDD.STES:DSD_KEI@DF_KEI(4.0),ITA,M,PRVM,IX,BTE,Y,_Z,2014-02,99.89473684,A,0,1,2015
OECD.SDD.STES:DSD_KEI@DF_KEI(4.0),ITA,M,PRVM,IX,BTE,Y,_Z,2014-05,98.31578947,A,0,1,2015
OECD.SDD.STES:DSD_KEI@DF_KEI(4.0),ITA,M,PRVM,IX,BTE,Y,_Z,2014-06,100.31578947,A,0,1,2015
OECD.SDD.STES:DSD_KEI@DF_KEI(4.0),ITA,M,PRVM,IX,BTE,Y,_Z,2014-08,97.36842105,A,0,1,2015
OECD.SDD.STES:DSD_KEI@DF_KEI(4.0),ITA,M,PRVM,IX,BTE,Y,_Z,2014-12,99.05263158,A,0,1,2015
OECD.SDD.STES:DSD_KEI@DF_KEI(4.0),ITA,M,PRVM,IX,BTE,Y,_Z,2015-01,98.63157894999999,A,0,1,2015
OECD.SDD.STES:DSD_KEI@DF_KEI(4.0),ITA,M,PRVM,IX,BTE,Y,_Z,2015-02,99.47368421,A,0,1,2015
OECD.SDD.STES:DSD_KEI@DF_KEI(4.0),ITA,M,PRVM,IX,BTE,Y,_Z,2015-06,100.42105263,A,0,1,2015
OECD.SDD.STES:DSD_KEI@DF_KEI(4.0),ITA,M,PRVM,IX,BTE,Y,_Z,2015-07,101.47368421,A,0,1,2015
OECD.SDD.STES:DSD_KEI@DF_KEI(4.0),ITA,M,PRVM,IX,BTE,Y,_Z,2015-10,100.21052632,A,0,1,2015
OECD.SDD.STES:DSD_KEI@DF_KEI(4.0),ITA,M,PRVM,IX,BTE,Y,_Z,2016-02,100.63157894999999,A,0,1,2015
OECD.SDD.STES:DSD_KEI@DF_KEI(4.0),ITA,M,PRVM,IX,BTE,Y,_Z,2016-05,100.73684211,A,0,1,2015
OECD.SDD.STES:DSD_KEI@DF_KEI(4.0),ITA,M,PRVM,IX,BTE,Y,_Z,2016-07,101.78947368,A,0,1,2015
OECD.SDD.STES:DSD_KEI@DF_KEI(4.0),ITA,M,PRVM,IX,BTE,Y,_Z,2016-09,102.21052632,A,0,1,2015
OECD.SDD.STES:DSD_KEI@DF_KEI(4.0),ITA,M,PRVM,IX,BTE,Y,_Z,2016-10,102.73684211,A,0,1,2015
OECD.SDD.STES:DSD_KEI@DF_KEI(4.0),ITA,M,PRVM,IX,BTE,Y,_Z,2017-01,102.31578947,A,0,1,2015
OECD.SDD.STES:DSD_KEI@DF_KEI(4.0),ITA,M,PRVM,IX,BTE,Y,_Z,2017-02,103.26315789,A,0,1,2015
OECD.SDD.STES:DSD_KEI@DF_KEI(4.0),ITA,M,PRVM,IX,BTE,Y,_Z,2017-04,103.78947368,A,0,1,2015
OECD.SDD.STES:DSD_KEI@DF_KEI(4.0),ITA,M,PRVM,IX,BTE,Y,_Z,2017-05,104.63157894999999,A,0,1,2015
OECD.SDD.STES:DSD_KEI@DF_KEI(4.0),ITA,M,PRVM,IX,BTE,Y,_Z,2017-11,107.78947368,A,0,1,2015
OECD.SDD.STES:DSD_KEI@DF_KEI(4.0),ITA,M,PRVM,IX,BTE,Y,_Z,2018-03,107.78947368,A,0,1,2015
OECD.SDD.STES:DSD_KEI@DF_KEI(4.0),ITA,M,PRVM,IX,BTE,Y,_Z,2018-08,107.36842105,A,0,1,2015
OECD.SDD.STES:DSD_KEI@DF_KEI(4.0),ITA,M,PRVM,IX,BTE,Y,_Z,2018-10,107.26315789,A,0,1,2015
OECD.SDD.STES:DSD_KEI@DF_KEI(4.0),ITA,M,PRVM,IX,BTE,Y,_Z,2018-11,105.26315789,A,0,1,2015
OECD.SDD.STES:DSD_KEI@DF_KEI(4.0),ITA,M,PRVM,IX,BTE,Y,_Z,2019-09,105.26315789,A,0,1,2015
OECD.SDD.STES:DSD_KEI@DF_KEI(4.0),ITA,M,PRVM,IX,BTE,Y,_Z,2019-10,104.63157894999999,A,0,1,2015
OECD.SDD.STES:DSD_KEI@DF_KEI(4.0),ITA,M,PRVM,IX,BTE,Y,_Z,2019-12,102.10526315999999,A,0,1,2015
OECD.SDD.STES:DSD_KEI@DF_KEI(4.0),ITA,M,PRVM,IX,BTE,Y,_Z,2020-03,74.42105262999999,A,0,1,2015
OECD.SDD.STES:DSD_KEI@DF_KEI(4.0),ITA,M,PRVM,IX,BTE,Y,_Z,2023-05,103.36842105,A,0,1,2015
OECD.SDD.STES:DSD_KEI@DF_KEI(4.0),ITA,M,PRVM,IX,BTE,Y,_Z,2023-08,103.36842105,A,0,1,2015
OECD.SDD.STES:DSD_KEI@DF_KEI(4.0),ITA,M,PRVM,IX,BTE,Y,_Z,2023-09,102.94736842,A,0,1,2015
OECD.SDD.STES:DSD_KEI@DF_KEI(4.0),ITA,M,PRVM,IX,BTE,Y,_Z,2023-10,102.94736842,A,0,1,2015
OECD.SDD.STES:DSD_KEI@DF_KEI(4.0),ITA,M,PRVM,IX,BTE,Y,_Z,2024-06,99.47368421,A,0,1,2015
OECD.SDD.STES:DSD_KEI@DF_KEI(4.0),ITA,M,PRVM,IX,BTE,Y,_Z,2024-07,98.21052632,A,0,1,2015
OECD.SDD.STES:DSD_KEI@DF_KEI(4.0),ITA,M,PRVM,IX,BTE,Y,_Z,2024-08,98.94736842,A,0,1,2015
OECD.SDD.STES:DSD_KEI@DF_KEI(4.0),ITA,M,PRVM,IX,BTE,Y,_Z,2024-11,98.73684211,A,0,1,2015
OECD.SDD.STES:DSD_KEI@DF_KEI(4.0),ITA,M,PRVM,IX,BTE,Y,_Z,2025-10,98.42105263,A,0,1,2015
OECD.SDD.STES:DSD_KEI@DF_KEI(4.0),ITA,M,PRVM,IX,BTE,Y,_Z,2021-02,102.94736842105301,A,0,1,2015
OECD.SDD.STES:DSD_KEI@DF_KEI(4.0),ITA,M,PRVM,IX,BTE,Y,_Z,2025-04,98.84210526315789,A,0,1,2015
OECD.SDD.STES:DSD_KEI@DF_KEI(4.0),ITA,M,PRVM,IX,BTE,Y,_Z,2026-02,98.6315789473684,A,0,1,2015
OECD.SDD.STES:DSD_KEI@DF_KEI(4.0),ITA,M,PRVM,IX,BTE,Y,_Z,2026-04,99.78947368421049,A,0,1,2015
OECD.SDD.STES:DSD_KEI@DF_KEI(4.0),ITA,M,PRVM,IX,BTE,Y,_Z,2026-05,99.4736842105263,A,0,1,2015
OECD.SDD.STES:DSD_KEI@DF_KEI(4.0),ITA,M,PRVM,IX,BTE,Y,_Z,2012-02,104,A,0,1,2015
OECD.SDD.STES:DSD_KEI@DF_KEI(4.0),ITA,M,PRVM,IX,BTE,Y,_Z,2014-11,98,A,0,1,2015
OECD.SDD.STES:DSD_KEI@DF_KEI(4.0),ITA,M,PRVM,IX,BTE,Y,_Z,2017-12,111.26315789,A,0,1,2015
OECD.SDD.STES:DSD_KEI@DF_KEI(4.0),ITA,M,PRVM,IX,BTE,Y,_Z,2019-07,106.52631579,A,0,1,2015
OECD.SDD.STES:DSD_KEI@DF_KEI(4.0),ITA,M,PRVM,IX,BTE,Y,_Z,2021-04,104.94736842,A,0,1,2015
OECD.SDD.STES:DSD_KEI@DF_KEI(4.0),ITA,M,PRVM,IX,BTE,Y,_Z,2024-02,101.15789474,A,0,1,2015
OECD.SDD.STES:DSD_KEI@DF_KEI(4.0),ITA,M,PRVM,IX,BTE,Y,_Z,2024-03,100.21052632,A,0,1,2015
OECD.SDD.STES:DSD_KEI@DF_KEI(4.0),ITA,M,PRVM,IX,BTE,Y,_Z,2024-05,99.26315789,A,0,1,2015
OECD.SDD.STES:DSD_KEI@DF_KEI(4.0),ITA,M,PRVM,IX,BTE,Y,_Z,2024-09,98,A,0,1,2015
OECD.SDD.STES:DSD_KEI@DF_KEI(4.0),ITA,M,PRVM,IX,BTE,Y,_Z,2024-12,96.42105263,A,0,1,2015
OECD.SDD.STES:DSD_KEI@DF_KEI(4.0),ITA,M,PRVM,IX,BTE,Y,_Z,2025-02,98.10526315999999,A,0,1,2015
OECD.SDD.STES:DSD_KEI@DF_KEI(4.0),ITA,M,PRVM,IX,BTE,Y,_Z,2025-09,99.36842105,A,0,1,2015
OECD.SDD.STES:DSD_KEI@DF_KEI(4.0),ITA,M,PRVM,IX,BTE,Y,_Z,2025-11,99.68421052999999,A,0,1,2015
OECD.SDD.STES:DSD_KEI@DF_KEI(4.0),ITA,M,PRVM,IX,BTE,Y,_Z,2026-03,99.36842105,A,0,1,2015
OECD.SDD.STES:DSD_KEI@DF_KEI(4.0),ITA,M,PRVM,IX,BTE,Y,_Z,2010-01,105.789473684211,A,0,1,2015
OECD.SDD.STES:DSD_KEI@DF_KEI(4.0),ITA,M,PRVM,IX,BTE,Y,_Z,2011-01,108,A,0,1,2015
OECD.SDD.STES:DSD_KEI@DF_KEI(4.0),ITA,M,PRVM,IX,BTE,Y,_Z,2013-03,98.94736842105259,A,0,1,2015
OECD.SDD.STES:DSD_KEI@DF_KEI(4.0),ITA,M,PRVM,IX,BTE,Y,_Z,2013-06,100,A,0,1,2015
OECD.SDD.STES:DSD_KEI@DF_KEI(4.0),ITA,M,PRVM,IX,BTE,Y,_Z,2013-09,100,A,0,1,2015
OECD.SDD.STES:DSD_KEI@DF_KEI(4.0),ITA,M,PRVM,IX,BTE,Y,_Z,2013-11,100,A,0,1,2015
OECD.SDD.STES:DSD_KEI@DF_KEI(4.0),ITA,M,PRVM,IX,BTE,Y,_Z,2014-10,98,A,0,1,2015
OECD.SDD.STES:DSD_KEI@DF_KEI(4.0),ITA,M,PRVM,IX,BTE,Y,_Z,2015-04,100,A,0,1,2015
OECD.SDD.STES:DSD_KEI@DF_KEI(4.0),ITA,M,PRVM,IX,BTE,Y,_Z,2017-06,106,A,0,1,2015
OECD.SDD.STES:DSD_KEI@DF_KEI(4.0),ITA,M,PRVM,IX,BTE,Y,_Z,2017-10,106,A,0,1,2015
OECD.SDD.STES:DSD_KEI@DF_KEI(4.0),ITA,M,PRVM,IX,BTE,Y,_Z,2019-03,106,A,0,1,2015
OECD.SDD.STES:DSD_KEI@DF_KEI(4.0),ITA,M,PRVM,IX,BTE,Y,_Z,2022-02,106.526315789474,A,0,1,2015
OECD.SDD.STES:DSD_KEI@DF_KEI(4.0),ITA,M,PRVM,IX,BTE,Y,_Z,2022-04,108.94736842105299,A,0,1,2015
OECD.SDD.STES:DSD_KEI@DF_KEI(4.0),ITA,M,PRVM,IX,BTE,Y,_Z,2022-11,103.57894736842098,A,0,1,2015
OECD.SDD.STES:DSD_KEI@DF_KEI(4.0),ITA,M,PRVM,IX,BTE,Y,_Z,2023-02,104.736842105263,A,0,1,2015
OECD.SDD.STES:DSD_KEI@DF_KEI(4.0),ITA,M,PRVM,IX,BTE,Y,_Z,2023-03,104,A,0,1,2015
OECD.SDD.STES:DSD_KEI@DF_KEI(4.0),ITA,M,PRVM,IX,BTE,Y,_Z,2023-04,101.789473684211,A,0,1,2015
OECD.SDD.STES:DSD_KEI@DF_KEI(4.0),ITA,M,PRVM,IX,BTE,Y,_Z,2023-11,100.947368421053,A,0,1,2015
OECD.SDD.STES:DSD_KEI@DF_KEI(4.0),ITA,M,PRVM,IX,BTE,Y,_Z,2024-01,100.10526315789501,A,0,1,2015
OECD.SDD.STES:DSD_KEI@DF_KEI(4.0),ITA,M,PRVM,IX,BTE,Y,_Z,2024-04,99.1578947368421,A,0,1,2015
OECD.SDD.STES:DSD_KEI@DF_KEI(4.0),ITA,M,PRVM,IX,BTE,Y,_Z,2025-01,99.0526315789474,A,0,1,2015
OECD.SDD.STES:DSD_KEI@DF_KEI(4.0),ITA,M,PRVM,IX,BTE,Y,_Z,2025-03,98.1052631578948,A,0,1,2015
OECD.SDD.STES:DSD_KEI@DF_KEI(4.0),ITA,M,PRVM,IX,BTE,Y,_Z,2025-05,98.421052631579,A,0,1,2015
OECD.SDD.STES:DSD_KEI@DF_KEI(4.0),ITA,M,PRVM,IX,BTE,Y,_Z,2025-12,99.1578947368421,A,0,1,2015
OECD.SDD.STES:DSD_KEI@DF_KEI(4.0),ITA,M,PRVM,IX,BTE,Y,_Z,2026-01,98.5263157894737,A,0,1,2015
OECD.SDD.STES:DSD_KEI@DF_KEI(4.0),ITA,M,PRVM,IX,BTE,Y,_Z,2010-04,106.31578947,A,0,1,2015
OECD.SDD.STES:DSD_KEI@DF_KEI(4.0),ITA,M,PRVM,IX,BTE,Y,_Z,2010-08,113.15789473999999,A,0,1,2015
OECD.SDD.STES:DSD_KEI@DF_KEI(4.0),ITA,M,PRVM,IX,BTE,Y,_Z,2010-09,108.31578947,A,0,1,2015
OECD.SDD.STES:DSD_KEI@DF_KEI(4.0),ITA,M,PRVM,IX,BTE,Y,_Z,2011-02,110.84210526,A,0,1,2015
OECD.SDD.STES:DSD_KEI@DF_KEI(4.0),ITA,M,PRVM,IX,BTE,Y,_Z,2011-03,111.15789473999999,A,0,1,2015
OECD.SDD.STES:DSD_KEI@DF_KEI(4.0),ITA,M,PRVM,IX,BTE,Y,_Z,2011-05,110.10526315999999,A,0,1,2015
OECD.SDD.STES:DSD_KEI@DF_KEI(4.0),ITA,M,PRVM,IX,BTE,Y,_Z,2011-07,108.84210526,A,0,1,2015
OECD.SDD.STES:DSD_KEI@DF_KEI(4.0),ITA,M,PRVM,IX,BTE,Y,_Z,2011-09,107.68421052999999,A,0,1,2015
OECD.SDD.STES:DSD_KEI@DF_KEI(4.0),ITA,M,PRVM,IX,BTE,Y,_Z,2011-10,106.21052632000001,A,0,1,2015
OECD.SDD.STES:DSD_KEI@DF_KEI(4.0),ITA,M,PRVM,IX,BTE,Y,_Z,2011-11,107.05263158,A,0,1,2015
OECD.SDD.STES:DSD_KEI@DF_KEI(4.0),ITA,M,PRVM,IX,BTE,Y,_Z,2012-08,102.94736842,A,0,1,2015
OECD.SDD.STES:DSD_KEI@DF_KEI(4.0),ITA,M,PRVM,IX,BTE,Y,_Z,2012-09,102.73684211,A,0,1,2015
OECD.SDD.STES:DSD_KEI@DF_KEI(4.0),ITA,M,PRVM,IX,BTE,Y,_Z,2012-11,99.26315789,A,0,1,2015
OECD.SDD.STES:DSD_KEI@DF_KEI(4.0),ITA,M,PRVM,IX,BTE,Y,_Z,2010-02,104.94736842,A,0,1,2015
OECD.SDD.STES:DSD_KEI@DF_KEI(4.0),ITA,M,PRVM,IX,BTE,Y,_Z,2010-03,105.36842105,A,0,1,2015
OECD.SDD.STES:DSD_KEI@DF_KEI(4.0),DEU,M,PRVM,IX,BTE,Y,_Z,2015-07,101.96520618,A,0,1,2015
OECD.SDD.STES:DSD_KEI@DF_KEI(4.0),DEU,M,PRVM,IX,BTE,Y,_Z,2015-08,99.45231958000001,A,0,1,2015
OECD.SDD.STES:DSD_KEI@DF_KEI(4.0),DEU,M,PRVM,IX,BTE,Y,_Z,2015-12,99.74226804,A,0,1,2015
OECD.SDD.STES:DSD_KEI@DF_KEI(4.0),DEU,M,PRVM,IX,BTE,Y,_Z,2016-01,101.28865978999998,A,0,1,2015
OECD.SDD.STES:DSD_KEI@DF_KEI(4.0),DEU,M,PRVM,IX,BTE,Y,_Z,2016-08,101.48195875999998,A,0,1,2015
OECD.SDD.STES:DSD_KEI@DF_KEI(4.0),DEU,M,PRVM,IX,BTE,Y,_Z,2016-10,101.86855669999998,A,0,1,2015
OECD.SDD.STES:DSD_KEI@DF_KEI(4.0),DEU,M,PRVM,IX,BTE,Y,_Z,2016-12,99.3556701,A,0,1,2015
OECD.SDD.STES:DSD_KEI@DF_KEI(4.0),DEU,M,PRVM,IX,BTE,Y,_Z,2017-01,101.09536081999998,A,0,1,2015
OECD.SDD.STES:DSD_KEI@DF_KEI(4.0),DEU,M,PRVM,IX,BTE,Y,_Z,2017-04,103.31829897,A,0,1,2015
OECD.SDD.STES:DSD_KEI@DF_KEI(4.0),DEU,M,PRVM,IX,BTE,Y,_Z,2017-08,106.31443299,A,0,1,2015
OECD.SDD.STES:DSD_KEI@DF_KEI(4.0),DEU,M,PRVM,IX,BTE,Y,_Z,2017-10,103.7048969,A,0,1,2015
OECD.SDD.STES:DSD_KEI@DF_KEI(4.0),DEU,M,PRVM,IX,BTE,Y,_Z,2018-01,105.92783505,A,0,1,2015
OECD.SDD.STES:DSD_KEI@DF_KEI(4.0),DEU,M,PRVM,IX,BTE,Y,_Z,2013-04,97.61597938,A,0,1,2015
OECD.SDD.STES:DSD_KEI@DF_KEI(4.0),DEU,M,PRVM,IX,BTE,Y,_Z,2013-05,96.8427835,A,0,1,2015
OECD.SDD.STES:DSD_KEI@DF_KEI(4.0),DEU,M,PRVM,IX,BTE,Y,_Z,2013-09,98.67912371,A,0,1,2015
OECD.SDD.STES:DSD_KEI@DF_KEI(4.0),DEU,M,PRVM,IX,BTE,Y,_Z,2013-10,98.00257731999999,A,0,1,2015
OECD.SDD.STES:DSD_KEI@DF_KEI(4.0),DEU,M,PRVM,IX,BTE,Y,_Z,2013-11,99.64561855,A,0,1,2015
OECD.SDD.STES:DSD_KEI@DF_KEI(4.0),DEU,M,PRVM,IX,BTE,Y,_Z,2014-02,99.16237113,A,0,1,2015
OECD.SDD.STES:DSD_KEI@DF_KEI(4.0),DEU,M,PRVM,IX,BTE,Y,_Z,2014-03,99.45231958000001,A,0,1,2015
OECD.SDD.STES:DSD_KEI@DF_KEI(4.0),DEU,M,PRVM,IX,BTE,Y,_Z,2021-05,96.45618556701,A,0,1,2015
OECD.SDD.STES:DSD_KEI@DF_KEI(4.0),ITA,M,PRVM,IX,BTE,Y,_Z,2016-03,100.73684211,A,0,1,2015
OECD.SDD.STES:DSD_KEI@DF_KEI(4.0),ITA,M,PRVM,IX,BTE,Y,_Z,2016-04,102.52631579,A,0,1,2015
OECD.SDD.STES:DSD_KEI@DF_KEI(4.0),ITA,M,PRVM,IX,BTE,Y,_Z,2016-06,99.57894737000001,A,0,1,2015
OECD.SDD.STES:DSD_KEI@DF_KEI(4.0),ITA,M,PRVM,IX,BTE,Y,_Z,2016-08,102.42105263,A,0,1,2015
OECD.SDD.STES:DSD_KEI@DF_KEI(4.0),ITA,M,PRVM,IX,BTE,Y,_Z,2016-11,103.68421053,A,0,1,2015
OECD.SDD.STES:DSD_KEI@DF_KEI(4.0),ITA,M,PRVM,IX,BTE,Y,_Z,2016-12,105.47368421,A,0,1,2015
OECD.SDD.STES:DSD_KEI@DF_KEI(4.0),ITA,M,PRVM,IX,BTE,Y,_Z,2017-03,104.21052632,A,0,1,2015
OECD.SDD.STES:DSD_KEI@DF_KEI(4.0),ITA,M,PRVM,IX,BTE,Y,_Z,2017-07,106.84210526,A,0,1,2015
OECD.SDD.STES:DSD_KEI@DF_KEI(4.0),ITA,M,PRVM,IX,BTE,Y,_Z,2017-08,108.73684211000001,A,0,1,2015
OECD.SDD.STES:DSD_KEI@DF_KEI(4.0),ITA,M,PRVM,IX,BTE,Y,_Z,2017-09,105.47368421,A,0,1,2015
OECD.SDD.STES:DSD_KEI@DF_KEI(4.0),ITA,M,PRVM,IX,BTE,Y,_Z,2018-01,106.73684211000001,A,0,1,2015
OECD.SDD.STES:DSD_KEI@DF_KEI(4.0),ITA,M,PRVM,IX,BTE,Y,_Z,2018-02,106.21052632000001,A,0,1,2015
OECD.SDD.STES:DSD_KEI@DF_KEI(4.0),ITA,M,PRVM,IX,BTE,Y,_Z,2018-04,106.21052632000001,A,0,1,2015
OECD.SDD.STES:DSD_KEI@DF_KEI(4.0),ITA,M,PRVM,IX,BTE,Y,_Z,2018-05,107.15789473999999,A,0,1,2015
OECD.SDD.STES:DSD_KEI@DF_KEI(4.0),ITA,M,PRVM,IX,BTE,Y,_Z,2018-06,107.57894737,A,0,1,2015
OECD.SDD.STES:DSD_KEI@DF_KEI(4.0),ITA,M,PRVM,IX,BTE,Y,_Z,2018-07,106.42105262999999,A,0,1,2015
OECD.SDD.STES:DSD_KEI@DF_KEI(4.0),ITA,M,PRVM,IX,BTE,Y,_Z,2018-09,107.47368421,A,0,1,2015
OECD.SDD.STES:DSD_KEI@DF_KEI(4.0),ITA,M,PRVM,IX,BTE,Y,_Z,2018-12,105.89473684,A,0,1,2015
OECD.SDD.STES:DSD_KEI@DF_KEI(4.0),ITA,M,PRVM,IX,BTE,Y,_Z,2019-01,106.31578947,A,0,1,2015
OECD.SDD.STES:DSD_KEI@DF_KEI(4.0),ITA,M,PRVM,IX,BTE,Y,_Z,2019-02,106.94736842,A,0,1,2015
OECD.SDD.STES:DSD_KEI@DF_KEI(4.0),ITA,M,PRVM,IX,BTE,Y,_Z,2019-04,104.52631579,A,0,1,2015
OECD.SDD.STES:DSD_KEI@DF_KEI(4.0),ITA,M,PRVM,IX,BTE,Y,_Z,2019-05,106.73684211000001,A,0,1,2015
OECD.SDD.STES:DSD_KEI@DF_KEI(4.0),ITA,M,PRVM,IX,BTE,Y,_Z,2019-06,106.42105262999999,A,0,1,2015
OECD.SDD.STES:DSD_KEI@DF_KEI(4.0),ITA,M,PRVM,IX,BTE,Y,_Z,2019-08,105.68421052999999,A,0,1,2015
OECD.SDD.STES:DSD_KEI@DF_KEI(4.0),ITA,M,PRVM,IX,BTE,Y,_Z,2019-11,104.84210526,A,0,1,2015
OECD.SDD.STES:DSD_KEI@DF_KEI(4.0),ITA,M,PRVM,IX,BTE,Y,_Z,2020-01,105.36842105,A,0,1,2015
OECD.SDD.STES:DSD_KEI@DF_KEI(4.0),ITA,M,PRVM,IX,BTE,Y,_Z,2020-02,103.47368421,A,0,1,2015
OECD.SDD.STES:DSD_KEI@DF_KEI(4.0),ITA,M,PRVM,IX,BTE,Y,_Z,2020-04,58.526315790000005,A,0,1,2015
OECD.SDD.STES:DSD_KEI@DF_KEI(4.0),ITA,M,PRVM,IX,BTE,Y,_Z,2020-05,84.84210526,A,0,1,2015
OECD.SDD.STES:DSD_KEI@DF_KEI(4.0),ITA,M,PRVM,IX,BTE,Y,_Z,2020-08,104.94736842,A,0,1,2015
OECD.SDD.STES:DSD_KEI@DF_KEI(4.0),ITA,M,PRVM,IX,BTE,Y,_Z,2020-09,100.52631579,A,0,1,2015
OECD.SDD.STES:DSD_KEI@DF_KEI(4.0),ITA,M,PRVM,IX,BTE,Y,_Z,2020-10,102.73684211,A,0,1,2015
OECD.SDD.STES:DSD_KEI@DF_KEI(4.0),ITA,M,PRVM,IX,BTE,Y,_Z,2020-11,100.63157894999999,A,0,1,2015
OECD.SDD.STES:DSD_KEI@DF_KEI(4.0),ITA,M,PRVM,IX,BTE,Y,_Z,2021-03,103.36842105,A,0,1,2015
OECD.SDD.STES:DSD_KEI@DF_KEI(4.0),ITA,M,PRVM,IX,BTE,Y,_Z,2021-06,105.15789473999999,A,0,1,2015
OECD.SDD.STES:DSD_KEI@DF_KEI(4.0),ITA,M,PRVM,IX,BTE,Y,_Z,2021-07,106.10526315999999,A,0,1,2015
OECD.SDD.STES:DSD_KEI@DF_KEI(4.0),ITA,M,PRVM,IX,BTE,Y,_Z,2021-11,107.57894737,A,0,1,2015
OECD.SDD.STES:DSD_KEI@DF_KEI(4.0),ITA,M,PRVM,IX,BTE,Y,_Z,2022-01,100.84210526,A,0,1,2015
OECD.SDD.STES:DSD_KEI@DF_KEI(4.0),JPN,M,PRVM,IX,BTE,Y,_Z,2018-10,105.85375943,A,0,1,2015
OECD.SDD.STES:DSD_KEI@DF_KEI(4.0),JPN,M,PRVM,IX,BTE,Y,_Z,2018-11,104.30512438999999,A,0,1,2015
OECD.SDD.STES:DSD_KEI@DF_KEI(4.0),JPN,M,PRVM,IX,BTE,Y,_Z,2019-01,101.93662375000001,A,0,1,2015
OECD.SDD.STES:DSD_KEI@DF_KEI(4.0),JPN,M,PRVM,IX,BTE,Y,_Z,2011-01,104.83564861,A,0,1,2015
OECD.SDD.STES:DSD_KEI@DF_KEI(4.0),JPN,M,PRVM,IX,BTE,Y,_Z,2012-04,102.98741976000001,A,0,1,2015
OECD.SDD.STES:DSD_KEI@DF_KEI(4.0),JPN,M,PRVM,IX,BTE,Y,_Z,2012-05,101.13919089000001,A,0,1,2015
OECD.SDD.STES:DSD_KEI@DF_KEI(4.0),JPN,M,PRVM,IX,BTE,Y,_Z,2012-06,100.42043521999999,A,0,1,2015
OECD.SDD.STES:DSD_KEI@DF_KEI(4.0),JPN,M,PRVM,IX,BTE,Y,_Z,2012-10,96.82665686,A,0,1,2015
OECD.SDD.STES:DSD_KEI@DF_KEI(4.0),JPN,M,PRVM,IX,BTE,Y,_Z,2012-11,96.10790118999999,A,0,1,2015
OECD.SDD.STES:DSD_KEI@DF_KEI(4.0),JPN,M,PRVM,IX,BTE,Y,_Z,2024-07,93.46467915,A,0,1,2015
OECD.SDD.STES:DSD_KEI@DF_KEI(4.0),JPN,M,PRVM,IX,BTE,Y,_Z,2024-08,91.55165939999999,A,0,1,2015
OECD.SDD.STES:DSD_KEI@DF_KEI(4.0),JPN,M,PRVM,IX,BTE,Y,_Z,2024-12,91.91604412,A,0,1,2015
OECD.SDD.STES:DSD_KEI@DF_KEI(4.0),JPN,M,PRVM,IX,BTE,Y,_Z,2025-03,92.09823646999999,A,0,1,2015
OECD.SDD.STES:DSD_KEI@DF_KEI(4.0),JPN,M,PRVM,IX,BTE,Y,_Z,2025-04,91.46056322,A,0,1,2015
OECD.SDD.STES:DSD_KEI@DF_KEI(4.0),JPN,M,PRVM,IX,BTE,Y,_Z,2025-05,92.09823646999999,A,0,1,2015
OECD.SDD.STES:DSD_KEI@DF_KEI(4.0),JPN,M,PRVM,IX,BTE,Y,_Z,2025-06,92.46262119000001,A,0,1,2015
OECD.SDD.STES:DSD_KEI@DF_KEI(4.0),JPN,M,PRVM,IX,BTE,Y,_Z,2025-08,90.7317938,A,0,1,2015
OECD.SDD.STES:DSD_KEI@DF_KEI(4.0),JPN,M,PRVM,IX,BTE,Y,_Z,2025-09,92.55371737,A,0,1,2015
OECD.SDD.STES:DSD_KEI@DF_KEI(4.0),JPN,M,PRVM,IX,BTE,Y,_Z,2025-10,93.28248679,A,0,1,2015
OECD.SDD.STES:DSD_KEI@DF_KEI(4.0),JPN,M,PRVM,IX,BTE,Y,_Z,2025-11,91.18727469,A,0,1,2015
OECD.SDD.STES:DSD_KEI@DF_KEI(4.0),JPN,M,PRVM,IX,BTE,Y,_Z,2025-12,91.18727469,A,0,1,2015
OECD.SDD.STES:DSD_KEI@DF_KEI(4.0),JPN,M,PRVM,IX,BTE,Y,_Z,2010-04,102.98741976000001,A,0,1,2015
OECD.SDD.STES:DSD_KEI@DF_KEI(4.0),JPN,M,PRVM,IX,BTE,Y,_Z,2010-07,103.19277851,A,0,1,2015
OECD.SDD.STES:DSD_KEI@DF_KEI(4.0),JPN,M,PRVM,IX,BTE,Y,_Z,2010-12,104.11689293999999,A,0,1,2015
OECD.SDD.STES:DSD_KEI@DF_KEI(4.0),JPN,M,PRVM,IX,BTE,Y,_Z,2013-06,98.62939573,A,0,1,2015
OECD.SDD.STES:DSD_KEI@DF_KEI(4.0),JPN,M,PRVM,IX,BTE,Y,_Z,2013-11,101.93037955999999,A,0,1,2015
OECD.SDD.STES:DSD_KEI@DF_KEI(4.0),JPN,M,PRVM,IX,BTE,Y,_Z,2013-12,101.93037955999999,A,0,1,2015
OECD.SDD.STES:DSD_KEI@DF_KEI(4.0),JPN,M,PRVM,IX,BTE,Y,_Z,2014-02,102.93067769999999,A,0,1,2015
OECD.SDD.STES:DSD_KEI@DF_KEI(4.0),JPN,M,PRVM,IX,BTE,Y,_Z,2014-03,104.33109508,A,0,1,2015
OECD.SDD.STES:DSD_KEI@DF_KEI(4.0),JPN,M,PRVM,IX,BTE,Y,_Z,2014-04,99.82975348999999,A,0,1,2015
OECD.SDD.STES:DSD_KEI@DF_KEI(4.0),JPN,M,PRVM,IX,BTE,Y,_Z,2014-05,101.93037955999999,A,0,1,2015
OECD.SDD.STES:DSD_KEI@DF_KEI(4.0),JPN,M,PRVM,IX,BTE,Y,_Z,2014-06,100.62999199,A,0,1,2015
OECD.SDD.STES:DSD_KEI@DF_KEI(4.0),JPN,M,PRVM,IX,BTE,Y,_Z,2014-07,100.42993236999999,A,0,1,2015
OECD.SDD.STES:DSD_KEI@DF_KEI(4.0),JPN,M,PRVM,IX,BTE,Y,_Z,2014-11,100.62999199,A,0,1,2015
OECD.SDD.STES:DSD_KEI@DF_KEI(4.0),JPN,M,PRVM,IX,BTE,Y,_Z,2015-01,102.73061806999999,A,0,1,2015
OECD.SDD.STES:DSD_KEI@DF_KEI(4.0),JPN,M,PRVM,IX,BTE,Y,_Z,2015-05,99.72972368,A,0,1,2015
OECD.SDD.STES:DSD_KEI@DF_KEI(4.0),JPN,M,PRVM,IX,BTE,Y,_Z,2015-07,100.42993236999999,A,0,1,2015
OECD.SDD.STES:DSD_KEI@DF_KEI(4.0),JPN,M,PRVM,IX,BTE,Y,_Z,2015-08,98.82945534999999,A,0,1,2015
OECD.SDD.STES:DSD_KEI@DF_KEI(4.0),JPN,M,PRVM,IX,BTE,Y,_Z,2015-10,100.62999199,A,0,1,2015
OECD.SDD.STES:DSD_KEI@DF_KEI(4.0),JPN,M,PRVM,IX,BTE,Y,_Z,2015-11,100.02981311,A,0,1,2015
OECD.SDD.STES:DSD_KEI@DF_KEI(4.0),JPN,M,PRVM,IX,BTE,Y,_Z,2015-12,98.12924666,A,0,1,2015
OECD.SDD.STES:DSD_KEI@DF_KEI(4.0),JPN,M,PRVM,IX,BTE,Y,_Z,2016-02,99.52966404,A,0,1,2015
OECD.SDD.STES:DSD_KEI@DF_KEI(4.0),JPN,M,PRVM,IX,BTE,Y,_Z,2016-03,99.9297833,A,0,1,2015
OECD.SDD.STES:DSD_KEI@DF_KEI(4.0),JPN,M,PRVM,IX,BTE,Y,_Z,2016-04,99.22957461,A,0,1,2015
OECD.SDD.STES:DSD_KEI@DF_KEI(4.0),JPN,M,PRVM,IX,BTE,Y,_Z,2016-05,98.72942555,A,0,1,2015
OECD.SDD.STES:DSD_KEI@DF_KEI(4.0),JPN,M,PRVM,IX,BTE,Y,_Z,2016-06,99.22957461,A,0,1,2015
OECD.SDD.STES:DSD_KEI@DF_KEI(4.0),JPN,M,PRVM,IX,BTE,Y,_Z,2016-08,100.62999199,A,0,1,2015
OECD.SDD.STES:DSD_KEI@DF_KEI(4.0),JPN,M,PRVM,IX,BTE,Y,_Z,2016-09,101.03011124000001,A,0,1,2015
OECD.SDD.STES:DSD_KEI@DF_KEI(4.0),JPN,M,PRVM,IX,BTE,Y,_Z,2016-11,102.13043919,A,0,1,2015
OECD.SDD.STES:DSD_KEI@DF_KEI(4.0),JPN,M,PRVM,IX,BTE,Y,_Z,2026-01,93.73796769,A,0,1,2015
OECD.SDD.STES:DSD_KEI@DF_KEI(4.0),JPN,M,PRVM,IX,BTE,Y,_Z,2010-01,101.13919089000001,A,0,1,2015
OECD.SDD.STES:DSD_KEI@DF_KEI(4.0),JPN,M,PRVM,IX,BTE,Y,_Z,2010-08,103.70617543,A,0,1,2015
OECD.SDD.STES:DSD_KEI@DF_KEI(4.0),JPN,M,PRVM,IX,BTE,Y,_Z,2010-10,102.06330532000001,A,0,1,2015
OECD.SDD.STES:DSD_KEI@DF_KEI(4.0),JPN,M,PRVM,IX,BTE,Y,_Z,2011-11,101.54990839999999,A,0,1,2015
OECD.SDD.STES:DSD_KEI@DF_KEI(4.0),JPN,M,PRVM,IX,BTE,Y,_Z,2012-02,103.70617543,A,0,1,2015
OECD.SDD.STES:DSD_KEI@DF_KEI(4.0),JPN,M,PRVM,IX,BTE,Y,_Z,2024-06,91.36946705,A,0,1,2015
OECD.SDD.STES:DSD_KEI@DF_KEI(4.0),JPN,M,PRVM,IX,BTE,Y,_Z,2019-02,103.48525878999999,A,0,1,2015
OECD.SDD.STES:DSD_KEI@DF_KEI(4.0),JPN,M,PRVM,IX,BTE,Y,_Z,2019-03,102.66539318000001,A,0,1,2015
OECD.SDD.STES:DSD_KEI@DF_KEI(4.0),JPN,M,PRVM,IX,BTE,Y,_Z,2019-04,102.48320082,A,0,1,2015
OECD.SDD.STES:DSD_KEI@DF_KEI(4.0),JPN,M,PRVM,IX,BTE,Y,_Z,2019-05,103.57635497,A,0,1,2015
OECD.SDD.STES:DSD_KEI@DF_KEI(4.0),JPN,M,PRVM,IX,BTE,Y,_Z,2019-10,98.7482575,A,0,1,2015
OECD.SDD.STES:DSD_KEI@DF_KEI(4.0),JPN,M,PRVM,IX,BTE,Y,_Z,2019-12,98.38387279,A,0,1,2015
OECD.SDD.STES:DSD_KEI@DF_KEI(4.0),JPN,M,PRVM,IX,BTE,Y,_Z,2020-03,96.10646833,A,0,1,2015
OECD.SDD.STES:DSD_KEI@DF_KEI(4.0),JPN,M,PRVM,IX,BTE,Y,_Z,2020-05,79.7091562,A,0,1,2015
OECD.SDD.STES:DSD_KEI@DF_KEI(4.0),JPN,M,PRVM,IX,BTE,Y,_Z,2020-06,81.89546448,A,0,1,2015
OECD.SDD.STES:DSD_KEI@DF_KEI(4.0),JPN,M,PRVM,IX,BTE,Y,_Z,2020-07,86.54136958000001,A,0,1,2015
OECD.SDD.STES:DSD_KEI@DF_KEI(4.0),JPN,M,PRVM,IX,BTE,Y,_Z,2020-08,89.09206257999999,A,0,1,2015
OECD.SDD.STES:DSD_KEI@DF_KEI(4.0),DEU,M,PRVM,IX,BTE,Y,_Z,2011-01,96.16623711,A,0,1,2015
OECD.SDD.STES:DSD_KEI@DF_KEI(4.0),DEU,M,PRVM,IX,BTE,Y,_Z,2011-02,97.13273196,A,0,1,2015
OECD.SDD.STES:DSD_KEI@DF_KEI(4.0),DEU,M,PRVM,IX,BTE,Y,_Z,2011-04,97.71262886,A,0,1,2015
OECD.SDD.STES:DSD_KEI@DF_KEI(4.0),DEU,M,PRVM,IX,BTE,Y,_Z,2011-05,98.67912371,A,0,1,2015
OECD.SDD.STES:DSD_KEI@DF_KEI(4.0),DEU,M,PRVM,IX,BTE,Y,_Z,2011-06,97.13273196,A,0,1,2015
OECD.SDD.STES:DSD_KEI@DF_KEI(4.0),DEU,M,PRVM,IX,BTE,Y,_Z,2011-07,100.22551546,A,0,1,2015
OECD.SDD.STES:DSD_KEI@DF_KEI(4.0),DEU,M,PRVM,IX,BTE,Y,_Z,2011-08,99.45231958000001,A,0,1,2015
OECD.SDD.STES:DSD_KEI@DF_KEI(4.0),DEU,M,PRVM,IX,BTE,Y,_Z,2011-10,99.06572165,A,0,1,2015
OECD.SDD.STES:DSD_KEI@DF_KEI(4.0),DEU,M,PRVM,IX,BTE,Y,_Z,2011-11,98.38917525000001,A,0,1,2015
OECD.SDD.STES:DSD_KEI@DF_KEI(4.0),DEU,M,PRVM,IX,BTE,Y,_Z,2011-12,97.32603092,A,0,1,2015
OECD.SDD.STES:DSD_KEI@DF_KEI(4.0),DEU,M,PRVM,IX,BTE,Y,_Z,2012-01,97.71262886,A,0,1,2015
OECD.SDD.STES:DSD_KEI@DF_KEI(4.0),DEU,M,PRVM,IX,BTE,Y,_Z,2012-02,98.0992268,A,0,1,2015
OECD.SDD.STES:DSD_KEI@DF_KEI(4.0),DEU,M,PRVM,IX,BTE,Y,_Z,2012-03,98.87242268,A,0,1,2015
OECD.SDD.STES:DSD_KEI@DF_KEI(4.0),DEU,M,PRVM,IX,BTE,Y,_Z,2012-05,99.06572165,A,0,1,2015
OECD.SDD.STES:DSD_KEI@DF_KEI(4.0),ITA,M,PRVM,IX,BTE,Y,_Z,2022-10,103.68421053,A,0,1,2015
OECD.SDD.STES:DSD_KEI@DF_KEI(4.0),ITA,M,PRVM,IX,BTE,Y,_Z,2022-12,104.84210526,A,0,1,2015
OECD.SDD.STES:DSD_KEI@DF_KEI(4.0),ITA,M,PRVM,IX,BTE,Y,_Z,2023-01,103.68421053,A,0,1,2015
OECD.SDD.STES:DSD_KEI@DF_KEI(4.0),ITA,M,PRVM,IX,BTE,Y,_Z,2023-07,102.63157894999999,A,0,1,2015
OECD.SDD.STES:DSD_KEI@DF_KEI(4.0),ITA,M,PRVM,IX,BTE,Y,_Z,2023-12,103.26315789,A,0,1,2015
OECD.SDD.STES:DSD_KEI@DF_KEI(4.0),ITA,M,PRVM,IX,BTE,Y,_Z,2024-10,98.52631579,A,0,1,2015
OECD.SDD.STES:DSD_KEI@DF_KEI(4.0),ITA,M,PRVM,IX,BTE,Y,_Z,2025-06,98.73684211,A,0,1,2015
OECD.SDD.STES:DSD_KEI@DF_KEI(4.0),ITA,M,PRVM,IX,BTE,Y,_Z,2025-07,99.36842105,A,0,1,2015
OECD.SDD.STES:DSD_KEI@DF_KEI(4.0),ITA,M,PRVM,IX,BTE,Y,_Z,2025-08,97.15789473999999,A,0,1,2015
OECD.SDD.STES:DSD_KEI@DF_KEI(4.0),ITA,M,PRVM,IX,BTE,Y,_Z,2020-06,91.78947368,A,0,1,2015
OECD.SDD.STES:DSD_KEI@DF_KEI(4.0),ITA,M,PRVM,IX,BTE,Y,_Z,2020-07,98.21052632,A,0,1,2015
OECD.SDD.STES:DSD_KEI@DF_KEI(4.0),ITA,M,PRVM,IX,BTE,Y,_Z,2020-12,100.84210526,A,0,1,2015
OECD.SDD.STES:DSD_KEI@DF_KEI(4.0),ITA,M,PRVM,IX,BTE,Y,_Z,2021-01,103.47368421,A,0,1,2015
OECD.SDD.STES:DSD_KEI@DF_KEI(4.0),JPN,M,PRVM,IX,BTE,Y,_Z,2011-04,90.25517642999999,A,0,1,2015
OECD.SDD.STES:DSD_KEI@DF_KEI(4.0),JPN,M,PRVM,IX,BTE,Y,_Z,2011-05,96.21058057,A,0,1,2015
OECD.SDD.STES:DSD_KEI@DF_KEI(4.0),JPN,M,PRVM,IX,BTE,Y,_Z,2011-06,100.11239706999999,A,0,1,2015
OECD.SDD.STES:DSD_KEI@DF_KEI(4.0),JPN,M,PRVM,IX,BTE,Y,_Z,2011-07,101.03651149999999,A,0,1,2015
OECD.SDD.STES:DSD_KEI@DF_KEI(4.0),JPN,M,PRVM,IX,BTE,Y,_Z,2011-08,102.57670221999999,A,0,1,2015
OECD.SDD.STES:DSD_KEI@DF_KEI(4.0),JPN,M,PRVM,IX,BTE,Y,_Z,2011-12,103.60349604000001,A,0,1,2015
OECD.SDD.STES:DSD_KEI@DF_KEI(4.0),JPN,M,PRVM,IX,BTE,Y,_Z,2012-01,103.91153419000001,A,0,1,2015
OECD.SDD.STES:DSD_KEI@DF_KEI(4.0),JPN,M,PRVM,IX,BTE,Y,_Z,2012-03,103.50081666,A,0,1,2015
OECD.SDD.STES:DSD_KEI@DF_KEI(4.0),JPN,M,PRVM,IX,BTE,Y,_Z,2012-07,99.9070383,A,0,1,2015
OECD.SDD.STES:DSD_KEI@DF_KEI(4.0),JPN,M,PRVM,IX,BTE,Y,_Z,2012-08,98.67488573,A,0,1,2015
OECD.SDD.STES:DSD_KEI@DF_KEI(4.0),JPN,M,PRVM,IX,BTE,Y,_Z,2012-12,97.44273315000001,A,0,1,2015
OECD.SDD.STES:DSD_KEI@DF_KEI(4.0),JPN,M,PRVM,IX,BTE,Y,_Z,2013-02,97.02891872,A,0,1,2015
OECD.SDD.STES:DSD_KEI@DF_KEI(4.0),JPN,M,PRVM,IX,BTE,Y,_Z,2013-03,97.92918704,A,0,1,2015
OECD.SDD.STES:DSD_KEI@DF_KEI(4.0),JPN,M,PRVM,IX,BTE,Y,_Z,2013-04,98.12924666,A,0,1,2015
OECD.SDD.STES:DSD_KEI@DF_KEI(4.0),JPN,M,PRVM,IX,BTE,Y,_Z,2026-05,92.73590972660341,A,0,1,2015
OECD.SDD.STES:DSD_KEI@DF_KEI(4.0),JPN,M,PRVM,IX,BTE,Y,_Z,2013-07,100.12984293,A,0,1,2015
OECD.SDD.STES:DSD_KEI@DF_KEI(4.0),JPN,M,PRVM,IX,BTE,Y,_Z,2013-08,100.42993236999999,A,0,1,2015
OECD.SDD.STES:DSD_KEI@DF_KEI(4.0),JPN,M,PRVM,IX,BTE,Y,_Z,2013-09,101.23017087,A,0,1,2015
OECD.SDD.STES:DSD_KEI@DF_KEI(4.0),JPN,M,PRVM,IX,BTE,Y,_Z,2013-10,101.53026031,A,0,1,2015
OECD.SDD.STES:DSD_KEI@DF_KEI(4.0),JPN,M,PRVM,IX,BTE,Y,_Z,2014-01,103.63088639,A,0,1,2015
OECD.SDD.STES:DSD_KEI@DF_KEI(4.0),JPN,M,PRVM,IX,BTE,Y,_Z,2014-08,99.52966404,A,0,1,2015
OECD.SDD.STES:DSD_KEI@DF_KEI(4.0),JPN,M,PRVM,IX,BTE,Y,_Z,2014-09,100.62999199,A,0,1,2015
OECD.SDD.STES:DSD_KEI@DF_KEI(4.0),JPN,M,PRVM,IX,BTE,Y,_Z,2014-10,100.62999199,A,0,1,2015
OECD.SDD.STES:DSD_KEI@DF_KEI(4.0),JPN,M,PRVM,IX,BTE,Y,_Z,2014-12,100.22987273999999,A,0,1,2015
OECD.SDD.STES:DSD_KEI@DF_KEI(4.0),JPN,M,PRVM,IX,BTE,Y,_Z,2015-02,99.82975348999999,A,0,1,2015
OECD.SDD.STES:DSD_KEI@DF_KEI(4.0),JPN,M,PRVM,IX,BTE,Y,_Z,2015-03,99.32960442,A,0,1,2015
OECD.SDD.STES:DSD_KEI@DF_KEI(4.0),JPN,M,PRVM,IX,BTE,Y,_Z,2015-04,99.72972368,A,0,1,2015
OECD.SDD.STES:DSD_KEI@DF_KEI(4.0),JPN,M,PRVM,IX,BTE,Y,_Z,2015-06,100.52996218000001,A,0,1,2015
OECD.SDD.STES:DSD_KEI@DF_KEI(4.0),JPN,M,PRVM,IX,BTE,Y,_Z,2015-09,100.52996218000001,A,0,1,2015
OECD.SDD.STES:DSD_KEI@DF_KEI(4.0),JPN,M,PRVM,IX,BTE,Y,_Z,2016-01,100.32990255,A,0,1,2015
OECD.SDD.STES:DSD_KEI@DF_KEI(4.0),JPN,M,PRVM,IX,BTE,Y,_Z,2016-07,99.72972368,A,0,1,2015
OECD.SDD.STES:DSD_KEI@DF_KEI(4.0),JPN,M,PRVM,IX,BTE,Y,_Z,2016-10,101.13014106,A,0,1,2015
OECD.SDD.STES:DSD_KEI@DF_KEI(4.0),JPN,M,PRVM,IX,BTE,Y,_Z,2017-05,102.23046901,A,0,1,2015
OECD.SDD.STES:DSD_KEI@DF_KEI(4.0),JPN,M,PRVM,IX,BTE,Y,_Z,2017-08,103.83094601,A,0,1,2015
OECD.SDD.STES:DSD_KEI@DF_KEI(4.0),JPN,M,PRVM,IX,BTE,Y,_Z,2017-12,105.53145283,A,0,1,2015
OECD.SDD.STES:DSD_KEI@DF_KEI(4.0),JPN,M,PRVM,IX,BTE,Y,_Z,2018-02,104.12293204000001,A,0,1,2015
OECD.SDD.STES:DSD_KEI@DF_KEI(4.0),JPN,M,PRVM,IX,BTE,Y,_Z,2018-07,103.48525878999999,A,0,1,2015
OECD.SDD.STES:DSD_KEI@DF_KEI(4.0),JPN,M,PRVM,IX,BTE,Y,_Z,2018-12,104.39622057,A,0,1,2015
OECD.SDD.STES:DSD_KEI@DF_KEI(4.0),JPN,M,PRVM,IX,BTE,Y,_Z,2019-06,102.30100847000001,A,0,1,2015
OECD.SDD.STES:DSD_KEI@DF_KEI(4.0),JPN,M,PRVM,IX,BTE,Y,_Z,2019-07,102.20991229,A,0,1,2015
OECD.SDD.STES:DSD_KEI@DF_KEI(4.0),JPN,M,PRVM,IX,BTE,Y,_Z,2019-08,101.20785431999998,A,0,1,2015
OECD.SDD.STES:DSD_KEI@DF_KEI(4.0),JPN,M,PRVM,IX,BTE,Y,_Z,2019-09,102.39210463999999,A,0,1,2015
OECD.SDD.STES:DSD_KEI@DF_KEI(4.0),JPN,M,PRVM,IX,BTE,Y,_Z,2019-11,98.01948807999999,A,0,1,2015
OECD.SDD.STES:DSD_KEI@DF_KEI(4.0),JPN,M,PRVM,IX,BTE,Y,_Z,2020-01,98.47496896999999,A,0,1,2015
OECD.SDD.STES:DSD_KEI@DF_KEI(4.0),JPN,M,PRVM,IX,BTE,Y,_Z,2020-02,96.01537215,A,0,1,2015
OECD.SDD.STES:DSD_KEI@DF_KEI(4.0),JPN,M,PRVM,IX,BTE,Y,_Z,2020-04,87.08794666,A,0,1,2015
OECD.SDD.STES:DSD_KEI@DF_KEI(4.0),JPN,M,PRVM,IX,BTE,Y,_Z,2020-09,91.00508233,A,0,1,2015
OECD.SDD.STES:DSD_KEI@DF_KEI(4.0),JPN,M,PRVM,IX,BTE,Y,_Z,2020-12,94.37564094,A,0,1,2015
OECD.SDD.STES:DSD_KEI@DF_KEI(4.0),JPN,M,PRVM,IX,BTE,Y,_Z,2021-04,98.7482575,A,0,1,2015
OECD.SDD.STES:DSD_KEI@DF_KEI(4.0),JPN,M,PRVM,IX,BTE,Y,_Z,2022-02,96.6530454,A,0,1,2015
OECD.SDD.STES:DSD_KEI@DF_KEI(4.0),JPN,M,PRVM,IX,BTE,Y,_Z,2022-03,96.01537215,A,0,1,2015
OECD.SDD.STES:DSD_KEI@DF_KEI(4.0),JPN,M,PRVM,IX,BTE,Y,_Z,2022-07,96.56194922,A,0,1,2015
OECD.SDD.STES:DSD_KEI@DF_KEI(4.0),JPN,M,PRVM,IX,BTE,Y,_Z,2022-09,97.10852629,A,0,1,2015
OECD.SDD.STES:DSD_KEI@DF_KEI(4.0),JPN,M,PRVM,IX,BTE,Y,_Z,2022-10,96.83523776,A,0,1,2015
OECD.SDD.STES:DSD_KEI@DF_KEI(4.0),JPN,M,PRVM,IX,BTE,Y,_Z,2023-04,95.46879508,A,0,1,2015
OECD.SDD.STES:DSD_KEI@DF_KEI(4.0),JPN,M,PRVM,IX,BTE,Y,_Z,2023-06,95.46879508,A,0,1,2015
OECD.SDD.STES:DSD_KEI@DF_KEI(4.0),JPN,M,PRVM,IX,BTE,Y,_Z,2023-10,95.19550654,A,0,1,2015
OECD.SDD.STES:DSD_KEI@DF_KEI(4.0),JPN,M,PRVM,IX,BTE,Y,_Z,2024-09,92.28042883,A,0,1,2015
OECD.SDD.STES:DSD_KEI@DF_KEI(4.0),JPN,M,PRVM,IX,BTE,Y,_Z,2024-10,93.82906387,A,0,1,2015
OECD.SDD.STES:DSD_KEI@DF_KEI(4.0),JPN,M,PRVM,IX,BTE,Y,_Z,2024-11,92.09823646999999,A,0,1,2015
OECD.SDD.STES:DSD_KEI@DF_KEI(4.0),JPN,M,PRVM,IX,BTE,Y,_Z,2025-01,91.46056322,A,0,1,2015
OECD.SDD.STES:DSD_KEI@DF_KEI(4.0),JPN,M,PRVM,IX,BTE,Y,_Z,2025-02,92.64481354,A,0,1,2015
OECD.SDD.STES:DSD_KEI@DF_KEI(4.0),JPN,M,PRVM,IX,BTE,Y,_Z,2025-07,92.09823646999999,A,0,1,2015
OECD.SDD.STES:DSD_KEI@DF_KEI(4.0),JPN,M,PRVM,IX,BTE,Y,_Z,2011-03,88.61230633,A,0,1,2015
OECD.SDD.STES:DSD_KEI@DF_KEI(4.0),JPN,M,PRVM,IX,BTE,Y,_Z,2011-09,101.96062593999999,A,0,1,2015
OECD.SDD.STES:DSD_KEI@DF_KEI(4.0),JPN,M,PRVM,IX,BTE,Y,_Z,2011-10,103.60349604000001,A,0,1,2015
OECD.SDD.STES:DSD_KEI@DF_KEI(4.0),JPN,M,PRVM,IX,BTE,Y,_Z,2012-09,96.51861871,A,0,1,2015
OECD.SDD.STES:DSD_KEI@DF_KEI(4.0),JPN,M,PRVM,IX,BTE,Y,_Z,2013-01,95.42844171,A,0,1,2015
OECD.SDD.STES:DSD_KEI@DF_KEI(4.0),JPN,M,PRVM,IX,BTE,Y,_Z,2013-05,99.62969386,A,0,1,2015
OECD.SDD.STES:DSD_KEI@DF_KEI(4.0),JPN,M,PRVM,IX,BTE,Y,_Z,2026-02,92.73590972,A,0,1,2015
OECD.SDD.STES:DSD_KEI@DF_KEI(4.0),JPN,M,PRVM,IX,BTE,Y,_Z,2026-03,92.55371737,A,0,1,2015
OECD.SDD.STES:DSD_KEI@DF_KEI(4.0),JPN,M,PRVM,IX,BTE,Y,_Z,2026-04,93.19139061917019,A,0,1,2015
OECD.SDD.STES:DSD_KEI@DF_KEI(4.0),JPN,M,PRVM,IX,BTE,Y,_Z,2016-12,101.53026031,A,0,1,2015
OECD.SDD.STES:DSD_KEI@DF_KEI(4.0),JPN,M,PRVM,IX,BTE,Y,_Z,2017-01,100.73002181,A,0,1,2015
OECD.SDD.STES:DSD_KEI@DF_KEI(4.0),JPN,M,PRVM,IX,BTE,Y,_Z,2017-02,101.4302305,A,0,1,2015
OECD.SDD.STES:DSD_KEI@DF_KEI(4.0),JPN,M,PRVM,IX,BTE,Y,_Z,2017-03,101.53026031,A,0,1,2015
OECD.SDD.STES:DSD_KEI@DF_KEI(4.0),JPN,M,PRVM,IX,BTE,Y,_Z,2017-04,103.83094601,A,0,1,2015
OECD.SDD.STES:DSD_KEI@DF_KEI(4.0),JPN,M,PRVM,IX,BTE,Y,_Z,2017-06,103.0307075,A,0,1,2015
OECD.SDD.STES:DSD_KEI@DF_KEI(4.0),JPN,M,PRVM,IX,BTE,Y,_Z,2017-07,102.53055844000001,A,0,1,2015
OECD.SDD.STES:DSD_KEI@DF_KEI(4.0),JPN,M,PRVM,IX,BTE,Y,_Z,2017-09,102.63058825,A,0,1,2015
OECD.SDD.STES:DSD_KEI@DF_KEI(4.0),JPN,M,PRVM,IX,BTE,Y,_Z,2017-10,103.23076713999998,A,0,1,2015
OECD.SDD.STES:DSD_KEI@DF_KEI(4.0),JPN,M,PRVM,IX,BTE,Y,_Z,2017-11,104.03100563000001,A,0,1,2015
OECD.SDD.STES:DSD_KEI@DF_KEI(4.0),JPN,M,PRVM,IX,BTE,Y,_Z,2018-01,102.11881611,A,0,1,2015
OECD.SDD.STES:DSD_KEI@DF_KEI(4.0),JPN,M,PRVM,IX,BTE,Y,_Z,2018-03,105.12499,A,0,1,2015
OECD.SDD.STES:DSD_KEI@DF_KEI(4.0),JPN,M,PRVM,IX,BTE,Y,_Z,2018-04,103.84964350000001,A,0,1,2015
OECD.SDD.STES:DSD_KEI@DF_KEI(4.0),JPN,M,PRVM,IX,BTE,Y,_Z,2018-05,104.12293204000001,A,0,1,2015
OECD.SDD.STES:DSD_KEI@DF_KEI(4.0),JPN,M,PRVM,IX,BTE,Y,_Z,2018-06,103.66745114,A,0,1,2015
OECD.SDD.STES:DSD_KEI@DF_KEI(4.0),JPN,M,PRVM,IX,BTE,Y,_Z,2018-08,103.84964350000001,A,0,1,2015
OECD.SDD.STES:DSD_KEI@DF_KEI(4.0),KOR,M,PRVM,IX,BTE,Y,_Z,2024-03,114.91195404000001,A,0,1,2015
OECD.SDD.STES:DSD_KEI@DF_KEI(4.0),KOR,M,PRVM,IX,BTE,Y,_Z,2024-04,118.42315263,A,0,1,2015
OECD.SDD.STES:DSD_KEI@DF_KEI(4.0),KOR,M,PRVM,IX,BTE,Y,_Z,2024-05,119.06155238,A,0,1,2015
OECD.SDD.STES:DSD_KEI@DF_KEI(4.0),KOR,M,PRVM,IX,BTE,Y,_Z,2022-03,121.93435123,A,0,1,2015
OECD.SDD.STES:DSD_KEI@DF_KEI(4.0),KOR,M,PRVM,IX,BTE,Y,_Z,2022-04,119.80635207999998,A,0,1,2015
OECD.SDD.STES:DSD_KEI@DF_KEI(4.0),KOR,M,PRVM,IX,BTE,Y,_Z,2022-06,119.69995211999999,A,0,1,2015
OECD.SDD.STES:DSD_KEI@DF_KEI(4.0),KOR,M,PRVM,IX,BTE,Y,_Z,2022-08,113.95435441999999,A,0,1,2015
OECD.SDD.STES:DSD_KEI@DF_KEI(4.0),KOR,M,PRVM,IX,BTE,Y,_Z,2022-11,111.18795552,A,0,1,2015
OECD.SDD.STES:DSD_KEI@DF_KEI(4.0),KOR,M,PRVM,IX,BTE,Y,_Z,2023-01,109.59195616,A,0,1,2015
OECD.SDD.STES:DSD_KEI@DF_KEI(4.0),KOR,M,PRVM,IX,BTE,Y,_Z,2020-08,106.18715753000001,A,0,1,2015
OECD.SDD.STES:DSD_KEI@DF_KEI(4.0),KOR,M,PRVM,IX,BTE,Y,_Z,2020-09,110.76235569999999,A,0,1,2015
OECD.SDD.STES:DSD_KEI@DF_KEI(4.0),ITA,M,PRVM,IX,BTE,Y,_Z,2010-05,106.73684211000001,A,0,1,2015
OECD.SDD.STES:DSD_KEI@DF_KEI(4.0),ITA,M,PRVM,IX,BTE,Y,_Z,2010-06,109.26315789,A,0,1,2015
OECD.SDD.STES:DSD_KEI@DF_KEI(4.0),ITA,M,PRVM,IX,BTE,Y,_Z,2010-07,109.15789473999999,A,0,1,2015
OECD.SDD.STES:DSD_KEI@DF_KEI(4.0),ITA,M,PRVM,IX,BTE,Y,_Z,2010-10,108.63157894999999,A,0,1,2015
OECD.SDD.STES:DSD_KEI@DF_KEI(4.0),ITA,M,PRVM,IX,BTE,Y,_Z,2010-11,109.36842105,A,0,1,2015
OECD.SDD.STES:DSD_KEI@DF_KEI(4.0),ITA,M,PRVM,IX,BTE,Y,_Z,2010-12,110.21052631999999,A,0,1,2015
OECD.SDD.STES:DSD_KEI@DF_KEI(4.0),ITA,M,PRVM,IX,BTE,Y,_Z,2011-04,112.21052631999999,A,0,1,2015
OECD.SDD.STES:DSD_KEI@DF_KEI(4.0),ITA,M,PRVM,IX,BTE,Y,_Z,2011-06,109.26315789,A,0,1,2015
OECD.SDD.STES:DSD_KEI@DF_KEI(4.0),ITA,M,PRVM,IX,BTE,Y,_Z,2011-08,107.89473684,A,0,1,2015
OECD.SDD.STES:DSD_KEI@DF_KEI(4.0),ITA,M,PRVM,IX,BTE,Y,_Z,2011-12,108.10526315999999,A,0,1,2015
OECD.SDD.STES:DSD_KEI@DF_KEI(4.0),ITA,M,PRVM,IX,BTE,Y,_Z,2012-01,103.78947368,A,0,1,2015
OECD.SDD.STES:DSD_KEI@DF_KEI(4.0),ITA,M,PRVM,IX,BTE,Y,_Z,2012-03,104.63157894999999,A,0,1,2015
OECD.SDD.STES:DSD_KEI@DF_KEI(4.0),ITA,M,PRVM,IX,BTE,Y,_Z,2012-04,103.05263158,A,0,1,2015
OECD.SDD.STES:DSD_KEI@DF_KEI(4.0),ITA,M,PRVM,IX,BTE,Y,_Z,2012-05,104.73684211,A,0,1,2015
OECD.SDD.STES:DSD_KEI@DF_KEI(4.0),ITA,M,PRVM,IX,BTE,Y,_Z,2012-06,102.52631579,A,0,1,2015
OECD.SDD.STES:DSD_KEI@DF_KEI(4.0),ITA,M,PRVM,IX,BTE,Y,_Z,2012-07,103.68421053,A,0,1,2015
OECD.SDD.STES:DSD_KEI@DF_KEI(4.0),ITA,M,PRVM,IX,BTE,Y,_Z,2012-10,100.73684211,A,0,1,2015
OECD.SDD.STES:DSD_KEI@DF_KEI(4.0),ITA,M,PRVM,IX,BTE,Y,_Z,2012-12,100.21052632,A,0,1,2015
OECD.SDD.STES:DSD_KEI@DF_KEI(4.0),ITA,M,PRVM,IX,BTE,Y,_Z,2013-02,99.57894737000001,A,0,1,2015
OECD.SDD.STES:DSD_KEI@DF_KEI(4.0),ITA,M,PRVM,IX,BTE,Y,_Z,2013-05,100.10526315999999,A,0,1,2015
OECD.SDD.STES:DSD_KEI@DF_KEI(4.0),ITA,M,PRVM,IX,BTE,Y,_Z,2013-07,99.89473684,A,0,1,2015
OECD.SDD.STES:DSD_KEI@DF_KEI(4.0),ITA,M,PRVM,IX,BTE,Y,_Z,2013-10,100.31578947,A,0,1,2015
OECD.SDD.STES:DSD_KEI@DF_KEI(4.0),ITA,M,PRVM,IX,BTE,Y,_Z,2013-12,98.94736842,A,0,1,2015
OECD.SDD.STES:DSD_KEI@DF_KEI(4.0),ITA,M,PRVM,IX,BTE,Y,_Z,2014-03,98.63157894999999,A,0,1,2015
OECD.SDD.STES:DSD_KEI@DF_KEI(4.0),ITA,M,PRVM,IX,BTE,Y,_Z,2014-04,99.68421052999999,A,0,1,2015
OECD.SDD.STES:DSD_KEI@DF_KEI(4.0),ITA,M,PRVM,IX,BTE,Y,_Z,2014-07,98.84210526,A,0,1,2015
OECD.SDD.STES:DSD_KEI@DF_KEI(4.0),ITA,M,PRVM,IX,BTE,Y,_Z,2014-09,98.10526315999999,A,0,1,2015
OECD.SDD.STES:DSD_KEI@DF_KEI(4.0),ITA,M,PRVM,IX,BTE,Y,_Z,2015-03,99.78947368,A,0,1,2015
OECD.SDD.STES:DSD_KEI@DF_KEI(4.0),ITA,M,PRVM,IX,BTE,Y,_Z,2015-05,100.94736842,A,0,1,2015
OECD.SDD.STES:DSD_KEI@DF_KEI(4.0),ITA,M,PRVM,IX,BTE,Y,_Z,2015-08,98.94736842,A,0,1,2015
OECD.SDD.STES:DSD_KEI@DF_KEI(4.0),ITA,M,PRVM,IX,BTE,Y,_Z,2015-09,100.10526315999999,A,0,1,2015
OECD.SDD.STES:DSD_KEI@DF_KEI(4.0),ITA,M,PRVM,IX,BTE,Y,_Z,2015-11,100.94736842,A,0,1,2015
OECD.SDD.STES:DSD_KEI@DF_KEI(4.0),ITA,M,PRVM,IX,BTE,Y,_Z,2015-12,99.05263158,A,0,1,2015
OECD.SDD.STES:DSD_KEI@DF_KEI(4.0),ITA,M,PRVM,IX,BTE,Y,_Z,2016-01,102.10526315999999,A,0,1,2015
OECD.SDD.STES:DSD_KEI@DF_KEI(4.0),KOR,M,PRVM,IX,BTE,Y,_Z,2024-09,119.80635207999998,A,0,1,2015
OECD.SDD.STES:DSD_KEI@DF_KEI(4.0),KOR,M,PRVM,IX,BTE,Y,_Z,2024-11,117.9975528,A,0,1,2015
OECD.SDD.STES:DSD_KEI@DF_KEI(4.0),KOR,M,PRVM,IX,BTE,Y,_Z,2024-12,122.46635101000001,A,0,1,2015
OECD.SDD.STES:DSD_KEI@DF_KEI(4.0),KOR,M,PRVM,IX,BTE,Y,_Z,2025-01,120.33835185999999,A,0,1,2015
OECD.SDD.STES:DSD_KEI@DF_KEI(4.0),KOR,M,PRVM,IX,BTE,Y,_Z,2025-02,120.65755173999999,A,0,1,2015
OECD.SDD.STES:DSD_KEI@DF_KEI(4.0),KOR,M,PRVM,IX,BTE,Y,_Z,2025-03,123.31755067,A,0,1,2015
OECD.SDD.STES:DSD_KEI@DF_KEI(4.0),KOR,M,PRVM,IX,BTE,Y,_Z,2025-04,123.21115071999999,A,0,1,2015
OECD.SDD.STES:DSD_KEI@DF_KEI(4.0),KOR,M,PRVM,IX,BTE,Y,_Z,2025-06,123.84955045999999,A,0,1,2015
OECD.SDD.STES:DSD_KEI@DF_KEI(4.0),KOR,M,PRVM,IX,BTE,Y,_Z,2025-08,124.91355003,A,0,1,2015
OECD.SDD.STES:DSD_KEI@DF_KEI(4.0),KOR,M,PRVM,IX,BTE,Y,_Z,2025-09,125.33914986,A,0,1,2015
OECD.SDD.STES:DSD_KEI@DF_KEI(4.0),KOR,M,PRVM,IX,BTE,Y,_Z,2025-10,118.52955259,A,0,1,2015
OECD.SDD.STES:DSD_KEI@DF_KEI(4.0),KOR,M,PRVM,IX,BTE,Y,_Z,2010-01,87.80975688,A,0,1,2015
OECD.SDD.STES:DSD_KEI@DF_KEI(4.0),KOR,M,PRVM,IX,BTE,Y,_Z,2010-02,88.54817258,A,0,1,2015
OECD.SDD.STES:DSD_KEI@DF_KEI(4.0),KOR,M,PRVM,IX,BTE,Y,_Z,2010-03,90.39633984,A,0,1,2015
OECD.SDD.STES:DSD_KEI@DF_KEI(4.0),KOR,M,PRVM,IX,BTE,Y,_Z,2010-04,91.78698729,A,0,1,2015
OECD.SDD.STES:DSD_KEI@DF_KEI(4.0),KOR,M,PRVM,IX,BTE,Y,_Z,2010-05,92.37325105000001,A,0,1,2015
OECD.SDD.STES:DSD_KEI@DF_KEI(4.0),KOR,M,PRVM,IX,BTE,Y,_Z,2010-06,92.62329095,A,0,1,2015
OECD.SDD.STES:DSD_KEI@DF_KEI(4.0),KOR,M,PRVM,IX,BTE,Y,_Z,2010-07,93.01909879,A,0,1,2015
OECD.SDD.STES:DSD_KEI@DF_KEI(4.0),KOR,M,PRVM,IX,BTE,Y,_Z,2010-08,92.44773102,A,0,1,2015
OECD.SDD.STES:DSD_KEI@DF_KEI(4.0),KOR,M,PRVM,IX,BTE,Y,_Z,2010-09,92.79033888,A,0,1,2015
OECD.SDD.STES:DSD_KEI@DF_KEI(4.0),KOR,M,PRVM,IX,BTE,Y,_Z,2010-11,94.28419429,A,0,1,2015
OECD.SDD.STES:DSD_KEI@DF_KEI(4.0),KOR,M,PRVM,IX,BTE,Y,_Z,2011-01,98.78384849,A,0,1,2015
OECD.SDD.STES:DSD_KEI@DF_KEI(4.0),KOR,M,PRVM,IX,BTE,Y,_Z,2011-02,95.62376975,A,0,1,2015
OECD.SDD.STES:DSD_KEI@DF_KEI(4.0),KOR,M,PRVM,IX,BTE,Y,_Z,2011-03,98.17630473,A,0,1,2015
OECD.SDD.STES:DSD_KEI@DF_KEI(4.0),KOR,M,PRVM,IX,BTE,Y,_Z,2011-04,96.95802522,A,0,1,2015
OECD.SDD.STES:DSD_KEI@DF_KEI(4.0),KOR,M,PRVM,IX,BTE,Y,_Z,2011-05,97.44746502,A,0,1,2015
OECD.SDD.STES:DSD_KEI@DF_KEI(4.0),KOR,M,PRVM,IX,BTE,Y,_Z,2011-10,99.72974411,A,0,1,2015
OECD.SDD.STES:DSD_KEI@DF_KEI(4.0),KOR,M,PRVM,IX,BTE,Y,_Z,2011-11,97.71240092,A,0,1,2015
OECD.SDD.STES:DSD_KEI@DF_KEI(4.0),KOR,M,PRVM,IX,BTE,Y,_Z,2011-12,95.85146566,A,0,1,2015
OECD.SDD.STES:DSD_KEI@DF_KEI(4.0),FRA,M,PRVM,IX,BTE,Y,_Z,2023-07,99.0971905351675,A,0,1,2015
OECD.SDD.STES:DSD_KEI@DF_KEI(4.0),DEU,M,PRVM,IX,BTE,Y,_Z,2012-06,98.00257731999999,A,0,1,2015
OECD.SDD.STES:DSD_KEI@DF_KEI(4.0),ITA,M,PRVM,IX,BTE,Y,_Z,2022-07,104.94736842,A,0,1,2015
OECD.SDD.STES:DSD_KEI@DF_KEI(4.0),JPN,M,PRVM,IX,BTE,Y,_Z,2018-09,102.11881611,A,0,1,2015
OECD.SDD.STES:DSD_KEI@DF_KEI(4.0),KOR,M,PRVM,IX,BTE,Y,_Z,2024-02,118.52955259,A,0,1,2015
OECD.SDD.STES:DSD_KEI@DF_KEI(4.0),KOR,M,PRVM,IX,BTE,Y,_Z,2012-01,98.08799275999999,A,0,1,2015
OECD.SDD.STES:DSD_KEI@DF_KEI(4.0),KOR,M,PRVM,IX,BTE,Y,_Z,2012-02,102.33228706999999,A,0,1,2015
OECD.SDD.STES:DSD_KEI@DF_KEI(4.0),KOR,M,PRVM,IX,BTE,Y,_Z,2012-04,100.26493589,A,0,1,2015
OECD.SDD.STES:DSD_KEI@DF_KEI(4.0),KOR,M,PRVM,IX,BTE,Y,_Z,2012-09,97.13996914,A,0,1,2015
OECD.SDD.STES:DSD_KEI@DF_KEI(4.0),KOR,M,PRVM,IX,BTE,Y,_Z,2012-11,100.51816778999999,A,0,1,2015
OECD.SDD.STES:DSD_KEI@DF_KEI(4.0),KOR,M,PRVM,IX,BTE,Y,_Z,2012-12,100.38835984,A,0,1,2015
OECD.SDD.STES:DSD_KEI@DF_KEI(4.0),KOR,M,PRVM,IX,BTE,Y,_Z,2013-03,98.92323243,A,0,1,2015
OECD.SDD.STES:DSD_KEI@DF_KEI(4.0),KOR,M,PRVM,IX,BTE,Y,_Z,2013-04,99.78081609,A,0,1,2015
OECD.SDD.STES:DSD_KEI@DF_KEI(4.0),KOR,M,PRVM,IX,BTE,Y,_Z,2013-05,99.32116827,A,0,1,2015
OECD.SDD.STES:DSD_KEI@DF_KEI(4.0),KOR,M,PRVM,IX,BTE,Y,_Z,2013-07,98.16779273,A,0,1,2015
OECD.SDD.STES:DSD_KEI@DF_KEI(4.0),KOR,M,PRVM,IX,BTE,Y,_Z,2013-10,100.70862372,A,0,1,2015
OECD.SDD.STES:DSD_KEI@DF_KEI(4.0),KOR,M,PRVM,IX,BTE,Y,_Z,2013-11,99.97978400999999,A,0,1,2015
OECD.SDD.STES:DSD_KEI@DF_KEI(4.0),KOR,M,PRVM,IX,BTE,Y,_Z,2013-12,101.31935947,A,0,1,2015
OECD.SDD.STES:DSD_KEI@DF_KEI(4.0),KOR,M,PRVM,IX,BTE,Y,_Z,2014-01,101.80454327999999,A,0,1,2015
OECD.SDD.STES:DSD_KEI@DF_KEI(4.0),KOR,M,PRVM,IX,BTE,Y,_Z,2014-03,102.12693515,A,0,1,2015
OECD.SDD.STES:DSD_KEI@DF_KEI(4.0),KOR,M,PRVM,IX,BTE,Y,_Z,2014-04,102.57700697,A,0,1,2015
OECD.SDD.STES:DSD_KEI@DF_KEI(4.0),KOR,M,PRVM,IX,BTE,Y,_Z,2014-05,99.16476033,A,0,1,2015
OECD.SDD.STES:DSD_KEI@DF_KEI(4.0),KOR,M,PRVM,IX,BTE,Y,_Z,2014-06,101.73963930000001,A,0,1,2015
OECD.SDD.STES:DSD_KEI@DF_KEI(4.0),KOR,M,PRVM,IX,BTE,Y,_Z,2014-11,98.40400063999999,A,0,1,2015
OECD.SDD.STES:DSD_KEI@DF_KEI(4.0),KOR,M,PRVM,IX,BTE,Y,_Z,2014-12,100.96291960999999,A,0,1,2015
OECD.SDD.STES:DSD_KEI@DF_KEI(4.0),KOR,M,PRVM,IX,BTE,Y,_Z,2015-01,99.05304038,A,0,1,2015
OECD.SDD.STES:DSD_KEI@DF_KEI(4.0),KOR,M,PRVM,IX,BTE,Y,_Z,2015-02,100.2425919,A,0,1,2015
OECD.SDD.STES:DSD_KEI@DF_KEI(4.0),KOR,M,PRVM,IX,BTE,Y,_Z,2015-03,99.41373623,A,0,1,2015
OECD.SDD.STES:DSD_KEI@DF_KEI(4.0),KOR,M,PRVM,IX,BTE,Y,_Z,2015-04,100.33728787,A,0,1,2015
OECD.SDD.STES:DSD_KEI@DF_KEI(4.0),KOR,M,PRVM,IX,BTE,Y,_Z,2015-05,97.7570889,A,0,1,2015
OECD.SDD.STES:DSD_KEI@DF_KEI(4.0),KOR,M,PRVM,IX,BTE,Y,_Z,2015-06,99.57652817,A,0,1,2015
OECD.SDD.STES:DSD_KEI@DF_KEI(4.0),KOR,M,PRVM,IX,BTE,Y,_Z,2015-09,102.15459914,A,0,1,2015
OECD.SDD.STES:DSD_KEI@DF_KEI(4.0),KOR,M,PRVM,IX,BTE,Y,_Z,2015-10,101.14379953999999,A,0,1,2015
OECD.SDD.STES:DSD_KEI@DF_KEI(4.0),KOR,M,PRVM,IX,BTE,Y,_Z,2015-11,100.60115975999999,A,0,1,2015
OECD.SDD.STES:DSD_KEI@DF_KEI(4.0),KOR,M,PRVM,IX,BTE,Y,_Z,2015-12,99.68931212,A,0,1,2015
OECD.SDD.STES:DSD_KEI@DF_KEI(4.0),KOR,M,PRVM,IX,BTE,Y,_Z,2016-01,99.92764803,A,0,1,2015
OECD.SDD.STES:DSD_KEI@DF_KEI(4.0),KOR,M,PRVM,IX,BTE,Y,_Z,2016-02,100.82672767,A,0,1,2015
OECD.SDD.STES:DSD_KEI@DF_KEI(4.0),KOR,M,PRVM,IX,BTE,Y,_Z,2016-03,101.80135128,A,0,1,2015
OECD.SDD.STES:DSD_KEI@DF_KEI(4.0),KOR,M,PRVM,IX,BTE,Y,_Z,2016-06,102.7578869,A,0,1,2015
OECD.SDD.STES:DSD_KEI@DF_KEI(4.0),KOR,M,PRVM,IX,BTE,Y,_Z,2016-09,101.17146353,A,0,1,2015
OECD.SDD.STES:DSD_KEI@DF_KEI(4.0),KOR,M,PRVM,IX,BTE,Y,_Z,2010-10,93.83837846,A,0,1,2015
OECD.SDD.STES:DSD_KEI@DF_KEI(4.0),KOR,M,PRVM,IX,BTE,Y,_Z,2010-12,95.58759376,A,0,1,2015
OECD.SDD.STES:DSD_KEI@DF_KEI(4.0),KOR,M,PRVM,IX,BTE,Y,_Z,2011-06,98.18162473,A,0,1,2015
OECD.SDD.STES:DSD_KEI@DF_KEI(4.0),KOR,M,PRVM,IX,BTE,Y,_Z,2011-07,97.92732883000001,A,0,1,2015
OECD.SDD.STES:DSD_KEI@DF_KEI(4.0),KOR,M,PRVM,IX,BTE,Y,_Z,2011-08,97.39852103999999,A,0,1,2015
OECD.SDD.STES:DSD_KEI@DF_KEI(4.0),KOR,M,PRVM,IX,BTE,Y,_Z,2011-09,97.7528329,A,0,1,2015
OECD.SDD.STES:DSD_KEI@DF_KEI(4.0),KOR,M,PRVM,IX,BTE,Y,_Z,2012-03,99.04878438,A,0,1,2015
OECD.SDD.STES:DSD_KEI@DF_KEI(4.0),KOR,M,PRVM,IX,BTE,Y,_Z,2012-05,100.87460765,A,0,1,2015
OECD.SDD.STES:DSD_KEI@DF_KEI(4.0),KOR,M,PRVM,IX,BTE,Y,_Z,2012-06,98.94876842,A,0,1,2015
OECD.SDD.STES:DSD_KEI@DF_KEI(4.0),KOR,M,PRVM,IX,BTE,Y,_Z,2012-07,97.91775283,A,0,1,2015
OECD.SDD.STES:DSD_KEI@DF_KEI(4.0),KOR,M,PRVM,IX,BTE,Y,_Z,2012-08,96.18875352,A,0,1,2015
OECD.SDD.STES:DSD_KEI@DF_KEI(4.0),KOR,M,PRVM,IX,BTE,Y,_Z,2012-10,99.87019205,A,0,1,2015
OECD.SDD.STES:DSD_KEI@DF_KEI(4.0),KOR,M,PRVM,IX,BTE,Y,_Z,2013-01,102.12587115,A,0,1,2015
OECD.SDD.STES:DSD_KEI@DF_KEI(4.0),KOR,M,PRVM,IX,BTE,Y,_Z,2013-02,99.87976805,A,0,1,2015
OECD.SDD.STES:DSD_KEI@DF_KEI(4.0),KOR,M,PRVM,IX,BTE,Y,_Z,2013-06,99.31584826999999,A,0,1,2015
OECD.SDD.STES:DSD_KEI@DF_KEI(4.0),KOR,M,PRVM,IX,BTE,Y,_Z,2013-08,99.56163218,A,0,1,2015
OECD.SDD.STES:DSD_KEI@DF_KEI(4.0),KOR,M,PRVM,IX,BTE,Y,_Z,2013-09,97.73261691,A,0,1,2015
OECD.SDD.STES:DSD_KEI@DF_KEI(4.0),KOR,M,PRVM,IX,BTE,Y,_Z,2014-02,101.45342342000001,A,0,1,2015
OECD.SDD.STES:DSD_KEI@DF_KEI(4.0),KOR,M,PRVM,IX,BTE,Y,_Z,2014-07,102.27483108999999,A,0,1,2015
OECD.SDD.STES:DSD_KEI@DF_KEI(4.0),KOR,M,PRVM,IX,BTE,Y,_Z,2014-08,98.41357663,A,0,1,2015
OECD.SDD.STES:DSD_KEI@DF_KEI(4.0),KOR,M,PRVM,IX,BTE,Y,_Z,2014-09,98.06139278,A,0,1,2015
OECD.SDD.STES:DSD_KEI@DF_KEI(4.0),KOR,M,PRVM,IX,BTE,Y,_Z,2014-10,97.76347289,A,0,1,2015
OECD.SDD.STES:DSD_KEI@DF_KEI(4.0),JPN,M,PRVM,IX,BTE,Y,_Z,2020-10,95.19550654,A,0,1,2015
OECD.SDD.STES:DSD_KEI@DF_KEI(4.0),JPN,M,PRVM,IX,BTE,Y,_Z,2020-11,94.46673711,A,0,1,2015
OECD.SDD.STES:DSD_KEI@DF_KEI(4.0),JPN,M,PRVM,IX,BTE,Y,_Z,2021-01,96.92633393,A,0,1,2015
OECD.SDD.STES:DSD_KEI@DF_KEI(4.0),JPN,M,PRVM,IX,BTE,Y,_Z,2021-02,96.10646833,A,0,1,2015
OECD.SDD.STES:DSD_KEI@DF_KEI(4.0),JPN,M,PRVM,IX,BTE,Y,_Z,2021-03,96.74414157999999,A,0,1,2015
OECD.SDD.STES:DSD_KEI@DF_KEI(4.0),JPN,M,PRVM,IX,BTE,Y,_Z,2021-05,94.64892947,A,0,1,2015
OECD.SDD.STES:DSD_KEI@DF_KEI(4.0),JPN,M,PRVM,IX,BTE,Y,_Z,2021-06,98.83935368,A,0,1,2015
OECD.SDD.STES:DSD_KEI@DF_KEI(4.0),JPN,M,PRVM,IX,BTE,Y,_Z,2021-07,97.38181483,A,0,1,2015
OECD.SDD.STES:DSD_KEI@DF_KEI(4.0),JPN,M,PRVM,IX,BTE,Y,_Z,2021-08,94.28454476,A,0,1,2015
OECD.SDD.STES:DSD_KEI@DF_KEI(4.0),JPN,M,PRVM,IX,BTE,Y,_Z,2021-09,89.54754348,A,0,1,2015
OECD.SDD.STES:DSD_KEI@DF_KEI(4.0),JPN,M,PRVM,IX,BTE,Y,_Z,2021-10,93.46467915,A,0,1,2015
OECD.SDD.STES:DSD_KEI@DF_KEI(4.0),JPN,M,PRVM,IX,BTE,Y,_Z,2021-11,97.56400718,A,0,1,2015
OECD.SDD.STES:DSD_KEI@DF_KEI(4.0),JPN,M,PRVM,IX,BTE,Y,_Z,2021-12,96.28866068,A,0,1,2015
OECD.SDD.STES:DSD_KEI@DF_KEI(4.0),JPN,M,PRVM,IX,BTE,Y,_Z,2022-01,95.65098744,A,0,1,2015
OECD.SDD.STES:DSD_KEI@DF_KEI(4.0),JPN,M,PRVM,IX,BTE,Y,_Z,2022-04,95.65098744,A,0,1,2015
OECD.SDD.STES:DSD_KEI@DF_KEI(4.0),JPN,M,PRVM,IX,BTE,Y,_Z,2022-05,91.09617851,A,0,1,2015
OECD.SDD.STES:DSD_KEI@DF_KEI(4.0),JPN,M,PRVM,IX,BTE,Y,_Z,2022-06,96.10646833,A,0,1,2015
OECD.SDD.STES:DSD_KEI@DF_KEI(4.0),JPN,M,PRVM,IX,BTE,Y,_Z,2022-08,97.9283919,A,0,1,2015
OECD.SDD.STES:DSD_KEI@DF_KEI(4.0),JPN,M,PRVM,IX,BTE,Y,_Z,2022-11,96.10646833,A,0,1,2015
OECD.SDD.STES:DSD_KEI@DF_KEI(4.0),JPN,M,PRVM,IX,BTE,Y,_Z,2022-12,95.83317979,A,0,1,2015
OECD.SDD.STES:DSD_KEI@DF_KEI(4.0),JPN,M,PRVM,IX,BTE,Y,_Z,2023-01,92.09823646999999,A,0,1,2015
OECD.SDD.STES:DSD_KEI@DF_KEI(4.0),JPN,M,PRVM,IX,BTE,Y,_Z,2023-02,95.10441036,A,0,1,2015
OECD.SDD.STES:DSD_KEI@DF_KEI(4.0),JPN,M,PRVM,IX,BTE,Y,_Z,2023-03,95.10441036,A,0,1,2015
OECD.SDD.STES:DSD_KEI@DF_KEI(4.0),JPN,M,PRVM,IX,BTE,Y,_Z,2023-05,93.10029444,A,0,1,2015
OECD.SDD.STES:DSD_KEI@DF_KEI(4.0),JPN,M,PRVM,IX,BTE,Y,_Z,2023-07,94.28454476,A,0,1,2015
OECD.SDD.STES:DSD_KEI@DF_KEI(4.0),JPN,M,PRVM,IX,BTE,Y,_Z,2023-08,94.01125621999999,A,0,1,2015
OECD.SDD.STES:DSD_KEI@DF_KEI(4.0),JPN,M,PRVM,IX,BTE,Y,_Z,2023-09,94.1023524,A,0,1,2015
OECD.SDD.STES:DSD_KEI@DF_KEI(4.0),JPN,M,PRVM,IX,BTE,Y,_Z,2023-11,94.64892947,A,0,1,2015
OECD.SDD.STES:DSD_KEI@DF_KEI(4.0),JPN,M,PRVM,IX,BTE,Y,_Z,2023-12,95.55989126,A,0,1,2015
OECD.SDD.STES:DSD_KEI@DF_KEI(4.0),JPN,M,PRVM,IX,BTE,Y,_Z,2024-01,89.18315876,A,0,1,2015
OECD.SDD.STES:DSD_KEI@DF_KEI(4.0),JPN,M,PRVM,IX,BTE,Y,_Z,2024-02,89.27425493999999,A,0,1,2015
OECD.SDD.STES:DSD_KEI@DF_KEI(4.0),JPN,M,PRVM,IX,BTE,Y,_Z,2024-03,92.46262119000001,A,0,1,2015
OECD.SDD.STES:DSD_KEI@DF_KEI(4.0),JPN,M,PRVM,IX,BTE,Y,_Z,2024-04,91.64275558,A,0,1,2015
OECD.SDD.STES:DSD_KEI@DF_KEI(4.0),JPN,M,PRVM,IX,BTE,Y,_Z,2024-05,92.73590972,A,0,1,2015
OECD.SDD.STES:DSD_KEI@DF_KEI(4.0),JPN,M,PRVM,IX,BTE,Y,_Z,2010-02,101.44722903,A,0,1,2015
OECD.SDD.STES:DSD_KEI@DF_KEI(4.0),JPN,M,PRVM,IX,BTE,Y,_Z,2010-03,101.75526718,A,0,1,2015
OECD.SDD.STES:DSD_KEI@DF_KEI(4.0),JPN,M,PRVM,IX,BTE,Y,_Z,2010-05,102.57670221999999,A,0,1,2015
OECD.SDD.STES:DSD_KEI@DF_KEI(4.0),JPN,M,PRVM,IX,BTE,Y,_Z,2010-06,101.96062593999999,A,0,1,2015
OECD.SDD.STES:DSD_KEI@DF_KEI(4.0),JPN,M,PRVM,IX,BTE,Y,_Z,2010-09,105.04100738999999,A,0,1,2015
OECD.SDD.STES:DSD_KEI@DF_KEI(4.0),JPN,M,PRVM,IX,BTE,Y,_Z,2010-11,103.80885479999999,A,0,1,2015
OECD.SDD.STES:DSD_KEI@DF_KEI(4.0),JPN,M,PRVM,IX,BTE,Y,_Z,2011-02,105.24636615,A,0,1,2015
OECD.SDD.STES:DSD_KEI@DF_KEI(4.0),ESP,M,PRVM,IX,BTE,Y,_Z,2023-11,104.083733699382,P,0,1,2015
OECD.SDD.STES:DSD_KEI@DF_KEI(4.0),ESP,M,PRVM,IX,BTE,Y,_Z,2024-01,105.42210020590299,P,0,1,2015
OECD.SDD.STES:DSD_KEI@DF_KEI(4.0),ESP,M,PRVM,IX,BTE,Y,_Z,2024-02,106.966369251887,P,0,1,2015
OECD.SDD.STES:DSD_KEI@DF_KEI(4.0),ESP,M,PRVM,IX,BTE,Y,_Z,2024-04,103.98078242965,P,0,1,2015
OECD.SDD.STES:DSD_KEI@DF_KEI(4.0),ESP,M,PRVM,IX,BTE,Y,_Z,2024-05,103.157172271791,P,0,1,2015
OECD.SDD.STES:DSD_KEI@DF_KEI(4.0),ESP,M,PRVM,IX,BTE,Y,_Z,2024-06,103.77487989018499,P,0,1,2015
OECD.SDD.STES:DSD_KEI@DF_KEI(4.0),ESP,M,PRVM,IX,BTE,Y,_Z,2024-11,102.95126973232699,P,0,1,2015
OECD.SDD.STES:DSD_KEI@DF_KEI(4.0),ESP,M,PRVM,IX,BTE,Y,_Z,2022-12,105.01029512697299,P,0,1,2015
OECD.SDD.STES:DSD_KEI@DF_KEI(4.0),ESP,M,PRVM,IX,BTE,Y,_Z,2023-04,103.98078242965,P,0,1,2015
OECD.SDD.STES:DSD_KEI@DF_KEI(4.0),ESP,M,PRVM,IX,BTE,Y,_Z,2023-06,103.77487989018499,P,0,1,2015
OECD.SDD.STES:DSD_KEI@DF_KEI(4.0),ESP,M,PRVM,IX,BTE,Y,_Z,2011-03,105.83390529,P,0,1,2015
OECD.SDD.STES:DSD_KEI@DF_KEI(4.0),ESP,M,PRVM,IX,BTE,Y,_Z,2013-10,96.2594372,P,0,1,2015
OECD.SDD.STES:DSD_KEI@DF_KEI(4.0),ESP,M,PRVM,IX,BTE,Y,_Z,2017-06,104.80439259,P,0,1,2015
OECD.SDD.STES:DSD_KEI@DF_KEI(4.0),ESP,M,PRVM,IX,BTE,Y,_Z,2026-02,104.392587508579,P,0,1,2015
OECD.SDD.STES:DSD_KEI@DF_KEI(4.0),ESP,M,PRVM,IX,BTE,Y,_Z,2026-03,107.27522306108399,P,0,1,2015
OECD.SDD.STES:DSD_KEI@DF_KEI(4.0),ESP,M,PRVM,IX,BTE,Y,_Z,2026-04,106.76046671242301,P,0,1,2015
OECD.SDD.STES:DSD_KEI@DF_KEI(4.0),ESP,M,PRVM,IX,BTE,Y,_Z,2026-05,107.995881949211,P,0,1,2015
OECD.SDD.STES:DSD_KEI@DF_KEI(4.0),ESP,M,PRVM,IX,BTE,Y,_Z,2022-10,104.49553877999999,P,0,1,2015
OECD.SDD.STES:DSD_KEI@DF_KEI(4.0),ESP,M,PRVM,IX,BTE,Y,_Z,2023-12,102.84831847,P,0,1,2015
OECD.SDD.STES:DSD_KEI@DF_KEI(4.0),ESP,M,PRVM,IX,BTE,Y,_Z,2024-10,105.31914894,P,0,1,2015
OECD.SDD.STES:DSD_KEI@DF_KEI(4.0),ESP,M,PRVM,IX,BTE,Y,_Z,2025-09,105.62800275,P,0,1,2015
OECD.SDD.STES:DSD_KEI@DF_KEI(4.0),ESP,M,PRVM,IX,BTE,Y,_Z,2024-12,105.21619766643799,P,0,1,2015
OECD.SDD.STES:DSD_KEI@DF_KEI(4.0),ESP,M,PRVM,IX,BTE,Y,_Z,2025-01,104.392587508579,P,0,1,2015
OECD.SDD.STES:DSD_KEI@DF_KEI(4.0),ESP,M,PRVM,IX,BTE,Y,_Z,2025-02,105.42210020590299,P,0,1,2015
OECD.SDD.STES:DSD_KEI@DF_KEI(4.0),ESP,M,PRVM,IX,BTE,Y,_Z,2025-03,105.01029512697299,P,0,1,2015
OECD.SDD.STES:DSD_KEI@DF_KEI(4.0),ESP,M,PRVM,IX,BTE,Y,_Z,2025-04,104.598490048044,P,0,1,2015
OECD.SDD.STES:DSD_KEI@DF_KEI(4.0),ESP,M,PRVM,IX,BTE,Y,_Z,2025-05,104.598490048044,P,0,1,2015
OECD.SDD.STES:DSD_KEI@DF_KEI(4.0),ESP,M,PRVM,IX,BTE,Y,_Z,2014-08,96.15648593,P,0,1,2015
OECD.SDD.STES:DSD_KEI@DF_KEI(4.0),ESP,M,PRVM,IX,BTE,Y,_Z,2014-09,97.18599863,P,0,1,2015
OECD.SDD.STES:DSD_KEI@DF_KEI(4.0),ESP,M,PRVM,IX,BTE,Y,_Z,2014-12,96.77419354999999,P,0,1,2015
OECD.SDD.STES:DSD_KEI@DF_KEI(4.0),ESP,M,PRVM,IX,BTE,Y,_Z,2015-01,95.95058338999999,P,0,1,2015
OECD.SDD.STES:DSD_KEI@DF_KEI(4.0),ESP,M,PRVM,IX,BTE,Y,_Z,2025-12,105.01029512697299,P,0,1,2015
OECD.SDD.STES:DSD_KEI@DF_KEI(4.0),ESP,M,PRVM,IX,BTE,Y,_Z,2026-01,104.392587508579,P,0,1,2015
OECD.SDD.STES:DSD_KEI@DF_KEI(4.0),ESP,M,PRVM,IX,BTE,Y,_Z,2022-02,105.31914894,P,0,1,2015
OECD.SDD.STES:DSD_KEI@DF_KEI(4.0),ESP,M,PRVM,IX,BTE,Y,_Z,2010-10,105.833905284832,P,0,1,2015
OECD.SDD.STES:DSD_KEI@DF_KEI(4.0),KOR,M,PRVM,IX,BTE,Y,_Z,2016-05,103.12496675,A,0,1,2015
OECD.SDD.STES:DSD_KEI@DF_KEI(4.0),KOR,M,PRVM,IX,BTE,Y,_Z,2016-07,102.07586316999999,A,0,1,2015
OECD.SDD.STES:DSD_KEI@DF_KEI(4.0),KOR,M,PRVM,IX,BTE,Y,_Z,2016-08,101.03101559000001,A,0,1,2015
OECD.SDD.STES:DSD_KEI@DF_KEI(4.0),KOR,M,PRVM,IX,BTE,Y,_Z,2017-03,106.90429323999999,A,0,1,2015
OECD.SDD.STES:DSD_KEI@DF_KEI(4.0),KOR,M,PRVM,IX,BTE,Y,_Z,2017-09,104.96462201,A,0,1,2015
OECD.SDD.STES:DSD_KEI@DF_KEI(4.0),KOR,M,PRVM,IX,BTE,Y,_Z,2017-12,103.38351865,A,0,1,2015
OECD.SDD.STES:DSD_KEI@DF_KEI(4.0),KOR,M,PRVM,IX,BTE,Y,_Z,2018-01,105.4934298,A,0,1,2015
OECD.SDD.STES:DSD_KEI@DF_KEI(4.0),KOR,M,PRVM,IX,BTE,Y,_Z,2018-04,107.38096505000001,A,0,1,2015
OECD.SDD.STES:DSD_KEI@DF_KEI(4.0),KOR,M,PRVM,IX,BTE,Y,_Z,2018-06,107.31499707,A,0,1,2015
OECD.SDD.STES:DSD_KEI@DF_KEI(4.0),KOR,M,PRVM,IX,BTE,Y,_Z,2018-12,103.96978241,A,0,1,2015
OECD.SDD.STES:DSD_KEI@DF_KEI(4.0),KOR,M,PRVM,IX,BTE,Y,_Z,2019-03,103.63462255,A,0,1,2015
OECD.SDD.STES:DSD_KEI@DF_KEI(4.0),KOR,M,PRVM,IX,BTE,Y,_Z,2019-04,106.56806937,A,0,1,2015
OECD.SDD.STES:DSD_KEI@DF_KEI(4.0),KOR,M,PRVM,IX,BTE,Y,_Z,2019-05,105.72750970999999,A,0,1,2015
OECD.SDD.STES:DSD_KEI@DF_KEI(4.0),KOR,M,PRVM,IX,BTE,Y,_Z,2019-06,105.24445389999998,A,0,1,2015
OECD.SDD.STES:DSD_KEI@DF_KEI(4.0),KOR,M,PRVM,IX,BTE,Y,_Z,2019-08,106.07118157,A,0,1,2015
OECD.SDD.STES:DSD_KEI@DF_KEI(4.0),KOR,M,PRVM,IX,BTE,Y,_Z,2020-05,96.61116136,A,0,1,2015
OECD.SDD.STES:DSD_KEI@DF_KEI(4.0),KOR,M,PRVM,IX,BTE,Y,_Z,2020-06,102.99515880000001,A,0,1,2015
OECD.SDD.STES:DSD_KEI@DF_KEI(4.0),KOR,M,PRVM,IX,BTE,Y,_Z,2020-12,112.03915518000001,A,0,1,2015
OECD.SDD.STES:DSD_KEI@DF_KEI(4.0),KOR,M,PRVM,IX,BTE,Y,_Z,2021-06,113.10315476,A,0,1,2015
OECD.SDD.STES:DSD_KEI@DF_KEI(4.0),KOR,M,PRVM,IX,BTE,Y,_Z,2021-11,117.78475289000001,A,0,1,2015
OECD.SDD.STES:DSD_KEI@DF_KEI(4.0),KOR,M,PRVM,IX,BTE,Y,_Z,2022-02,121.29595148,A,0,1,2015
OECD.SDD.STES:DSD_KEI@DF_KEI(4.0),KOR,M,PRVM,IX,BTE,Y,_Z,2022-05,118.31675266999999,A,0,1,2015
OECD.SDD.STES:DSD_KEI@DF_KEI(4.0),KOR,M,PRVM,IX,BTE,Y,_Z,2022-07,118.63595254999998,A,0,1,2015
OECD.SDD.STES:DSD_KEI@DF_KEI(4.0),KOR,M,PRVM,IX,BTE,Y,_Z,2022-09,113.84795446,A,0,1,2015
OECD.SDD.STES:DSD_KEI@DF_KEI(4.0),KOR,M,PRVM,IX,BTE,Y,_Z,2022-10,110.76235569999999,A,0,1,2015
OECD.SDD.STES:DSD_KEI@DF_KEI(4.0),KOR,M,PRVM,IX,BTE,Y,_Z,2022-12,107.03835718,A,0,1,2015
OECD.SDD.STES:DSD_KEI@DF_KEI(4.0),KOR,M,PRVM,IX,BTE,Y,_Z,2023-04,110.97515561,A,0,1,2015
OECD.SDD.STES:DSD_KEI@DF_KEI(4.0),KOR,M,PRVM,IX,BTE,Y,_Z,2023-06,112.67755493,A,0,1,2015
OECD.SDD.STES:DSD_KEI@DF_KEI(4.0),KOR,M,PRVM,IX,BTE,Y,_Z,2023-11,118.31675266999999,A,0,1,2015
OECD.SDD.STES:DSD_KEI@DF_KEI(4.0),KOR,M,PRVM,IX,BTE,Y,_Z,2024-08,120.55115178,A,0,1,2015
OECD.SDD.STES:DSD_KEI@DF_KEI(4.0),KOR,M,PRVM,IX,BTE,Y,_Z,2024-10,121.18955152,A,0,1,2015
OECD.SDD.STES:DSD_KEI@DF_KEI(4.0),KOR,M,PRVM,IX,BTE,Y,_Z,2025-05,120.55115178,A,0,1,2015
OECD.SDD.STES:DSD_KEI@DF_KEI(4.0),KOR,M,PRVM,IX,BTE,Y,_Z,2025-07,122.89195083999999,A,0,1,2015
OECD.SDD.STES:DSD_KEI@DF_KEI(4.0),KOR,M,PRVM,IX,BTE,Y,_Z,2025-11,119.80635207999998,A,0,1,2015
OECD.SDD.STES:DSD_KEI@DF_KEI(4.0),KOR,M,PRVM,IX,BTE,Y,_Z,2025-12,122.04075117999999,A,0,1,2015
OECD.SDD.STES:DSD_KEI@DF_KEI(4.0),KOR,M,PRVM,IX,BTE,Y,_Z,2026-01,119.06155238,A,0,1,2015
OECD.SDD.STES:DSD_KEI@DF_KEI(4.0),KOR,M,PRVM,IX,BTE,Y,_Z,2026-02,125.23274991,A,0,1,2015
OECD.SDD.STES:DSD_KEI@DF_KEI(4.0),KOR,M,PRVM,IX,BTE,Y,_Z,2026-03,125.97754961,A,0,1,2015
OECD.SDD.STES:DSD_KEI@DF_KEI(4.0),KOR,M,PRVM,IX,BTE,Y,_Z,2026-04,125.12634995,A,0,1,2015
OECD.SDD.STES:DSD_KEI@DF_KEI(4.0),KOR,M,PRVM,IX,BTE,Y,_Z,2026-05,121.40235143905899,A,0,1,2015
OECD.SDD.STES:DSD_KEI@DF_KEI(4.0),KOR,M,PRVM,IX,BTE,Y,_Z,2023-02,108.63435654999999,A,0,1,2015
OECD.SDD.STES:DSD_KEI@DF_KEI(4.0),KOR,M,PRVM,IX,BTE,Y,_Z,2023-03,112.78395488999999,A,0,1,2015
OECD.SDD.STES:DSD_KEI@DF_KEI(4.0),KOR,M,PRVM,IX,BTE,Y,_Z,2023-05,115.55035378,A,0,1,2015
OECD.SDD.STES:DSD_KEI@DF_KEI(4.0),KOR,M,PRVM,IX,BTE,Y,_Z,2023-07,110.76235569999999,A,0,1,2015
OECD.SDD.STES:DSD_KEI@DF_KEI(4.0),KOR,M,PRVM,IX,BTE,Y,_Z,2023-08,115.33755386,A,0,1,2015
OECD.SDD.STES:DSD_KEI@DF_KEI(4.0),KOR,M,PRVM,IX,BTE,Y,_Z,2023-09,117.9975528,A,0,1,2015
OECD.SDD.STES:DSD_KEI@DF_KEI(4.0),KOR,M,PRVM,IX,BTE,Y,_Z,2023-10,116.08235357000001,A,0,1,2015
OECD.SDD.STES:DSD_KEI@DF_KEI(4.0),KOR,M,PRVM,IX,BTE,Y,_Z,2023-12,116.93355323,A,0,1,2015
OECD.SDD.STES:DSD_KEI@DF_KEI(4.0),KOR,M,PRVM,IX,BTE,Y,_Z,2024-01,115.86955365,A,0,1,2015
OECD.SDD.STES:DSD_KEI@DF_KEI(4.0),KOR,M,PRVM,IX,BTE,Y,_Z,2020-10,110.33675587,A,0,1,2015
OECD.SDD.STES:DSD_KEI@DF_KEI(4.0),KOR,M,PRVM,IX,BTE,Y,_Z,2020-11,111.08155556999999,A,0,1,2015
OECD.SDD.STES:DSD_KEI@DF_KEI(4.0),KOR,M,PRVM,IX,BTE,Y,_Z,2021-01,112.57115497000001,A,0,1,2015
OECD.SDD.STES:DSD_KEI@DF_KEI(4.0),KOR,M,PRVM,IX,BTE,Y,_Z,2021-02,115.44395381999999,A,0,1,2015
OECD.SDD.STES:DSD_KEI@DF_KEI(4.0),KOR,M,PRVM,IX,BTE,Y,_Z,2021-03,114.06075438,A,0,1,2015
OECD.SDD.STES:DSD_KEI@DF_KEI(4.0),KOR,M,PRVM,IX,BTE,Y,_Z,2021-04,112.99675479999999,A,0,1,2015
OECD.SDD.STES:DSD_KEI@DF_KEI(4.0),KOR,M,PRVM,IX,BTE,Y,_Z,2021-05,112.14555514,A,0,1,2015
OECD.SDD.STES:DSD_KEI@DF_KEI(4.0),KOR,M,PRVM,IX,BTE,Y,_Z,2021-07,115.76315369000001,A,0,1,2015
OECD.SDD.STES:DSD_KEI@DF_KEI(4.0),KOR,M,PRVM,IX,BTE,Y,_Z,2021-08,115.97595360999999,A,0,1,2015
OECD.SDD.STES:DSD_KEI@DF_KEI(4.0),KOR,M,PRVM,IX,BTE,Y,_Z,2021-09,115.44395381999999,A,0,1,2015
OECD.SDD.STES:DSD_KEI@DF_KEI(4.0),KOR,M,PRVM,IX,BTE,Y,_Z,2021-10,116.18875351999999,A,0,1,2015
OECD.SDD.STES:DSD_KEI@DF_KEI(4.0),KOR,M,PRVM,IX,BTE,Y,_Z,2021-12,122.2535511,A,0,1,2015
OECD.SDD.STES:DSD_KEI@DF_KEI(4.0),KOR,M,PRVM,IX,BTE,Y,_Z,2022-01,122.99835079999998,A,0,1,2015
OECD.SDD.STES:DSD_KEI@DF_KEI(4.0),KOR,M,PRVM,IX,BTE,Y,_Z,2016-10,100.06171198,A,0,1,2015
OECD.SDD.STES:DSD_KEI@DF_KEI(4.0),KOR,M,PRVM,IX,BTE,Y,_Z,2016-11,105.14337393999999,A,0,1,2015
OECD.SDD.STES:DSD_KEI@DF_KEI(4.0),KOR,M,PRVM,IX,BTE,Y,_Z,2016-12,103.86444644999999,A,0,1,2015
OECD.SDD.STES:DSD_KEI@DF_KEI(4.0),KOR,M,PRVM,IX,BTE,Y,_Z,2017-01,106.28078948999999,A,0,1,2015
OECD.SDD.STES:DSD_KEI@DF_KEI(4.0),KOR,M,PRVM,IX,BTE,Y,_Z,2017-02,105.20827792,A,0,1,2015
OECD.SDD.STES:DSD_KEI@DF_KEI(4.0),KOR,M,PRVM,IX,BTE,Y,_Z,2017-04,104.91461403,A,0,1,2015
OECD.SDD.STES:DSD_KEI@DF_KEI(4.0),KOR,M,PRVM,IX,BTE,Y,_Z,2017-05,105.35191786,A,0,1,2015
OECD.SDD.STES:DSD_KEI@DF_KEI(4.0),KOR,M,PRVM,IX,BTE,Y,_Z,2017-06,103.47289461,A,0,1,2015
OECD.SDD.STES:DSD_KEI@DF_KEI(4.0),KOR,M,PRVM,IX,BTE,Y,_Z,2017-07,104.45815822,A,0,1,2015
OECD.SDD.STES:DSD_KEI@DF_KEI(4.0),KOR,M,PRVM,IX,BTE,Y,_Z,2017-08,104.29962228000001,A,0,1,2015
OECD.SDD.STES:DSD_KEI@DF_KEI(4.0),KOR,M,PRVM,IX,BTE,Y,_Z,2017-10,105.4881098,A,0,1,2015
OECD.SDD.STES:DSD_KEI@DF_KEI(4.0),KOR,M,PRVM,IX,BTE,Y,_Z,2017-11,105.78390169000001,A,0,1,2015
OECD.SDD.STES:DSD_KEI@DF_KEI(4.0),KOR,M,PRVM,IX,BTE,Y,_Z,2018-02,105.60834176,A,0,1,2015
OECD.SDD.STES:DSD_KEI@DF_KEI(4.0),KOR,M,PRVM,IX,BTE,Y,_Z,2018-03,104.26983029,A,0,1,2015
OECD.SDD.STES:DSD_KEI@DF_KEI(4.0),KOR,M,PRVM,IX,BTE,Y,_Z,2018-05,107.98212481,A,0,1,2015
OECD.SDD.STES:DSD_KEI@DF_KEI(4.0),KOR,M,PRVM,IX,BTE,Y,_Z,2018-07,107.90658084,A,0,1,2015
OECD.SDD.STES:DSD_KEI@DF_KEI(4.0),KOR,M,PRVM,IX,BTE,Y,_Z,2018-08,108.45454061999999,A,0,1,2015
OECD.SDD.STES:DSD_KEI@DF_KEI(4.0),KOR,M,PRVM,IX,BTE,Y,_Z,2018-09,106.29249348,A,0,1,2015
OECD.SDD.STES:DSD_KEI@DF_KEI(4.0),KOR,M,PRVM,IX,BTE,Y,_Z,2018-10,108.41091664,A,0,1,2015
OECD.SDD.STES:DSD_KEI@DF_KEI(4.0),KOR,M,PRVM,IX,BTE,Y,_Z,2018-11,106.2520615,A,0,1,2015
OECD.SDD.STES:DSD_KEI@DF_KEI(4.0),KOR,M,PRVM,IX,BTE,Y,_Z,2019-01,105.20934192,A,0,1,2015
OECD.SDD.STES:DSD_KEI@DF_KEI(4.0),KOR,M,PRVM,IX,BTE,Y,_Z,2019-02,101.15656754,A,0,1,2015
OECD.SDD.STES:DSD_KEI@DF_KEI(4.0),KOR,M,PRVM,IX,BTE,Y,_Z,2019-07,108.33537267,A,0,1,2015
OECD.SDD.STES:DSD_KEI@DF_KEI(4.0),KOR,M,PRVM,IX,BTE,Y,_Z,2019-09,108.65350853999999,A,0,1,2015
OECD.SDD.STES:DSD_KEI@DF_KEI(4.0),KOR,M,PRVM,IX,BTE,Y,_Z,2019-10,108.20769272,A,0,1,2015
OECD.SDD.STES:DSD_KEI@DF_KEI(4.0),KOR,M,PRVM,IX,BTE,Y,_Z,2019-11,108.17683673,A,0,1,2015
OECD.SDD.STES:DSD_KEI@DF_KEI(4.0),KOR,M,PRVM,IX,BTE,Y,_Z,2019-12,110.59530776,A,0,1,2015
OECD.SDD.STES:DSD_KEI@DF_KEI(4.0),KOR,M,PRVM,IX,BTE,Y,_Z,2020-01,106.82555727,A,0,1,2015
OECD.SDD.STES:DSD_KEI@DF_KEI(4.0),KOR,M,PRVM,IX,BTE,Y,_Z,2020-02,102.99515880000001,A,0,1,2015
OECD.SDD.STES:DSD_KEI@DF_KEI(4.0),KOR,M,PRVM,IX,BTE,Y,_Z,2020-03,107.78315689,A,0,1,2015
OECD.SDD.STES:DSD_KEI@DF_KEI(4.0),KOR,M,PRVM,IX,BTE,Y,_Z,2020-04,104.27195829,A,0,1,2015
OECD.SDD.STES:DSD_KEI@DF_KEI(4.0),KOR,M,PRVM,IX,BTE,Y,_Z,2020-07,105.01675799,A,0,1,2015
OECD.SDD.STES:DSD_KEI@DF_KEI(4.0),KOR,M,PRVM,IX,BTE,Y,_Z,2024-06,117.78475289000001,A,0,1,2015
OECD.SDD.STES:DSD_KEI@DF_KEI(4.0),KOR,M,PRVM,IX,BTE,Y,_Z,2024-07,114.48635420999999,A,0,1,2015
OECD.SDD.STES:DSD_KEI@DF_KEI(4.0),ESP,M,PRVM,IX,BTE,Y,_Z,2014-05,96.67124228,P,0,1,2015
OECD.SDD.STES:DSD_KEI@DF_KEI(4.0),ESP,M,PRVM,IX,BTE,Y,_Z,2014-06,96.15648593,P,0,1,2015
OECD.SDD.STES:DSD_KEI@DF_KEI(4.0),ESP,M,PRVM,IX,BTE,Y,_Z,2014-11,97.49485244,P,0,1,2015
OECD.SDD.STES:DSD_KEI@DF_KEI(4.0),ESP,M,PRVM,IX,BTE,Y,_Z,2015-08,100.58339053,P,0,1,2015
OECD.SDD.STES:DSD_KEI@DF_KEI(4.0),ESP,M,PRVM,IX,BTE,Y,_Z,2015-11,101.50995196000001,P,0,1,2015
OECD.SDD.STES:DSD_KEI@DF_KEI(4.0),ESP,M,PRVM,IX,BTE,Y,_Z,2016-01,100.89224433999999,P,0,1,2015
OECD.SDD.STES:DSD_KEI@DF_KEI(4.0),ESP,M,PRVM,IX,BTE,Y,_Z,2016-05,101.09814688,P,0,1,2015
OECD.SDD.STES:DSD_KEI@DF_KEI(4.0),ESP,M,PRVM,IX,BTE,Y,_Z,2016-08,101.50995196000001,P,0,1,2015
OECD.SDD.STES:DSD_KEI@DF_KEI(4.0),ESP,M,PRVM,IX,BTE,Y,_Z,2016-09,101.92175703999999,P,0,1,2015
OECD.SDD.STES:DSD_KEI@DF_KEI(4.0),ESP,M,PRVM,IX,BTE,Y,_Z,2016-10,100.89224433999999,P,0,1,2015
OECD.SDD.STES:DSD_KEI@DF_KEI(4.0),ESP,M,PRVM,IX,BTE,Y,_Z,2017-01,105.21619766999999,P,0,1,2015
OECD.SDD.STES:DSD_KEI@DF_KEI(4.0),ESP,M,PRVM,IX,BTE,Y,_Z,2017-04,102.53946466,P,0,1,2015
OECD.SDD.STES:DSD_KEI@DF_KEI(4.0),ESP,M,PRVM,IX,BTE,Y,_Z,2017-08,104.28963624000001,P,0,1,2015
OECD.SDD.STES:DSD_KEI@DF_KEI(4.0),ESP,M,PRVM,IX,BTE,Y,_Z,2017-11,106.76046671999998,P,0,1,2015
OECD.SDD.STES:DSD_KEI@DF_KEI(4.0),ESP,M,PRVM,IX,BTE,Y,_Z,2018-02,105.52505148,P,0,1,2015
OECD.SDD.STES:DSD_KEI@DF_KEI(4.0),ESP,M,PRVM,IX,BTE,Y,_Z,2018-07,105.1132464,P,0,1,2015
OECD.SDD.STES:DSD_KEI@DF_KEI(4.0),ESP,M,PRVM,IX,BTE,Y,_Z,2018-11,103.98078242999999,P,0,1,2015
OECD.SDD.STES:DSD_KEI@DF_KEI(4.0),ESP,M,PRVM,IX,BTE,Y,_Z,2019-01,107.89293068,P,0,1,2015
OECD.SDD.STES:DSD_KEI@DF_KEI(4.0),ESP,M,PRVM,IX,BTE,Y,_Z,2019-04,106.55456418,P,0,1,2015
OECD.SDD.STES:DSD_KEI@DF_KEI(4.0),ESP,M,PRVM,IX,BTE,Y,_Z,2019-07,104.39258751,P,0,1,2015
OECD.SDD.STES:DSD_KEI@DF_KEI(4.0),ESP,M,PRVM,IX,BTE,Y,_Z,2019-09,105.1132464,P,0,1,2015
OECD.SDD.STES:DSD_KEI@DF_KEI(4.0),ESP,M,PRVM,IX,BTE,Y,_Z,2019-11,105.52505148,P,0,1,2015
OECD.SDD.STES:DSD_KEI@DF_KEI(4.0),ESP,M,PRVM,IX,BTE,Y,_Z,2020-02,107.06932053,P,0,1,2015
OECD.SDD.STES:DSD_KEI@DF_KEI(4.0),ESP,M,PRVM,IX,BTE,Y,_Z,2020-10,102.64241593000001,P,0,1,2015
OECD.SDD.STES:DSD_KEI@DF_KEI(4.0),ESP,M,PRVM,IX,BTE,Y,_Z,2021-08,103.77487989000001,P,0,1,2015
OECD.SDD.STES:DSD_KEI@DF_KEI(4.0),ESP,M,PRVM,IX,BTE,Y,_Z,2023-01,104.70144132000001,P,0,1,2015
OECD.SDD.STES:DSD_KEI@DF_KEI(4.0),ESP,M,PRVM,IX,BTE,Y,_Z,2024-09,104.0837337,P,0,1,2015
OECD.SDD.STES:DSD_KEI@DF_KEI(4.0),ESP,M,PRVM,IX,BTE,Y,_Z,2023-07,103.56897735072098,P,0,1,2015
OECD.SDD.STES:DSD_KEI@DF_KEI(4.0),ESP,M,PRVM,IX,BTE,Y,_Z,2024-03,104.289636238847,P,0,1,2015
OECD.SDD.STES:DSD_KEI@DF_KEI(4.0),ESP,M,PRVM,IX,BTE,Y,_Z,2024-07,102.848318462594,P,0,1,2015
OECD.SDD.STES:DSD_KEI@DF_KEI(4.0),ESP,M,PRVM,IX,BTE,Y,_Z,2010-06,106.86341799,P,0,1,2015
OECD.SDD.STES:DSD_KEI@DF_KEI(4.0),ESP,M,PRVM,IX,BTE,Y,_Z,2010-07,106.24571036999998,P,0,1,2015
OECD.SDD.STES:DSD_KEI@DF_KEI(4.0),ESP,M,PRVM,IX,BTE,Y,_Z,2011-01,107.06932053,P,0,1,2015
OECD.SDD.STES:DSD_KEI@DF_KEI(4.0),ESP,M,PRVM,IX,BTE,Y,_Z,2011-04,105.42210021,P,0,1,2015
OECD.SDD.STES:DSD_KEI@DF_KEI(4.0),ESP,M,PRVM,IX,BTE,Y,_Z,2011-08,103.46602607999999,P,0,1,2015
OECD.SDD.STES:DSD_KEI@DF_KEI(4.0),ESP,M,PRVM,IX,BTE,Y,_Z,2011-09,103.98078242999999,P,0,1,2015
OECD.SDD.STES:DSD_KEI@DF_KEI(4.0),ESP,M,PRVM,IX,BTE,Y,_Z,2011-12,102.23061085,P,0,1,2015
OECD.SDD.STES:DSD_KEI@DF_KEI(4.0),ESP,M,PRVM,IX,BTE,Y,_Z,2012-04,97.49485244,P,0,1,2015
OECD.SDD.STES:DSD_KEI@DF_KEI(4.0),ESP,M,PRVM,IX,BTE,Y,_Z,2012-07,97.18599863,P,0,1,2015
OECD.SDD.STES:DSD_KEI@DF_KEI(4.0),ESP,M,PRVM,IX,BTE,Y,_Z,2012-10,95.33287578,P,0,1,2015
OECD.SDD.STES:DSD_KEI@DF_KEI(4.0),ESP,M,PRVM,IX,BTE,Y,_Z,2012-11,93.37680164999999,P,0,1,2015
OECD.SDD.STES:DSD_KEI@DF_KEI(4.0),ESP,M,PRVM,IX,BTE,Y,_Z,2012-12,94.30336308,P,0,1,2015
OECD.SDD.STES:DSD_KEI@DF_KEI(4.0),ESP,M,PRVM,IX,BTE,Y,_Z,2013-01,95.12697324,P,0,1,2015
OECD.SDD.STES:DSD_KEI@DF_KEI(4.0),ESP,M,PRVM,IX,BTE,Y,_Z,2013-02,93.58270419,P,0,1,2015
OECD.SDD.STES:DSD_KEI@DF_KEI(4.0),ESP,M,PRVM,IX,BTE,Y,_Z,2013-03,95.53877831,P,0,1,2015
OECD.SDD.STES:DSD_KEI@DF_KEI(4.0),ESP,M,PRVM,IX,BTE,Y,_Z,2013-06,95.74468085,P,0,1,2015
OECD.SDD.STES:DSD_KEI@DF_KEI(4.0),ESP,M,PRVM,IX,BTE,Y,_Z,2013-07,94.81811943,P,0,1,2015
OECD.SDD.STES:DSD_KEI@DF_KEI(4.0),ESP,M,PRVM,IX,BTE,Y,_Z,2013-08,95.84763212,P,0,1,2015
OECD.SDD.STES:DSD_KEI@DF_KEI(4.0),ESP,M,PRVM,IX,BTE,Y,_Z,2013-11,95.22992450999999,P,0,1,2015
OECD.SDD.STES:DSD_KEI@DF_KEI(4.0),ESP,M,PRVM,IX,BTE,Y,_Z,2013-12,96.46533974,P,0,1,2015
OECD.SDD.STES:DSD_KEI@DF_KEI(4.0),ESP,M,PRVM,IX,BTE,Y,_Z,2014-01,95.33287578,P,0,1,2015
OECD.SDD.STES:DSD_KEI@DF_KEI(4.0),ESP,M,PRVM,IX,BTE,Y,_Z,2014-07,96.15648593,P,0,1,2015
OECD.SDD.STES:DSD_KEI@DF_KEI(4.0),ESP,M,PRVM,IX,BTE,Y,_Z,2020-06,89.87645848,P,0,1,2015
OECD.SDD.STES:DSD_KEI@DF_KEI(4.0),ESP,M,PRVM,IX,BTE,Y,_Z,2021-02,101.81880577,P,0,1,2015
OECD.SDD.STES:DSD_KEI@DF_KEI(4.0),ESP,M,PRVM,IX,BTE,Y,_Z,2021-04,102.23061085,P,0,1,2015
OECD.SDD.STES:DSD_KEI@DF_KEI(4.0),ESP,M,PRVM,IX,BTE,Y,_Z,2022-01,105.93685656,P,0,1,2015
OECD.SDD.STES:DSD_KEI@DF_KEI(4.0),ESP,M,PRVM,IX,BTE,Y,_Z,2022-03,101.40700068999999,P,0,1,2015
OECD.SDD.STES:DSD_KEI@DF_KEI(4.0),ESP,M,PRVM,IX,BTE,Y,_Z,2022-04,107.17227179999999,P,0,1,2015
OECD.SDD.STES:DSD_KEI@DF_KEI(4.0),ESP,M,PRVM,IX,BTE,Y,_Z,2022-07,105.83390529,P,0,1,2015
OECD.SDD.STES:DSD_KEI@DF_KEI(4.0),ESP,M,PRVM,IX,BTE,Y,_Z,2015-02,97.59780371,P,0,1,2015
OECD.SDD.STES:DSD_KEI@DF_KEI(4.0),ESP,M,PRVM,IX,BTE,Y,_Z,2015-03,100.27453672,P,0,1,2015
OECD.SDD.STES:DSD_KEI@DF_KEI(4.0),ESP,M,PRVM,IX,BTE,Y,_Z,2015-04,97.59780371,P,0,1,2015
OECD.SDD.STES:DSD_KEI@DF_KEI(4.0),ESP,M,PRVM,IX,BTE,Y,_Z,2015-05,99.86273164,P,0,1,2015
OECD.SDD.STES:DSD_KEI@DF_KEI(4.0),ESP,M,PRVM,IX,BTE,Y,_Z,2015-06,100.6863418,P,0,1,2015
OECD.SDD.STES:DSD_KEI@DF_KEI(4.0),ESP,M,PRVM,IX,BTE,Y,_Z,2015-07,101.81880577,P,0,1,2015
OECD.SDD.STES:DSD_KEI@DF_KEI(4.0),ESP,M,PRVM,IX,BTE,Y,_Z,2015-09,100.99519561000001,P,0,1,2015
OECD.SDD.STES:DSD_KEI@DF_KEI(4.0),ESP,M,PRVM,IX,BTE,Y,_Z,2015-10,100.48043926000001,P,0,1,2015
OECD.SDD.STES:DSD_KEI@DF_KEI(4.0),ESP,M,PRVM,IX,BTE,Y,_Z,2015-12,100.78929307,P,0,1,2015
OECD.SDD.STES:DSD_KEI@DF_KEI(4.0),ESP,M,PRVM,IX,BTE,Y,_Z,2016-02,102.84831847,P,0,1,2015
OECD.SDD.STES:DSD_KEI@DF_KEI(4.0),ESP,M,PRVM,IX,BTE,Y,_Z,2016-03,101.50995196000001,P,0,1,2015
OECD.SDD.STES:DSD_KEI@DF_KEI(4.0),ESP,M,PRVM,IX,BTE,Y,_Z,2016-07,100.37748798999999,P,0,1,2015
OECD.SDD.STES:DSD_KEI@DF_KEI(4.0),ESP,M,PRVM,IX,BTE,Y,_Z,2016-11,102.02470831,P,0,1,2015
OECD.SDD.STES:DSD_KEI@DF_KEI(4.0),ESP,M,PRVM,IX,BTE,Y,_Z,2016-12,102.02470831,P,0,1,2015
OECD.SDD.STES:DSD_KEI@DF_KEI(4.0),ESP,M,PRVM,IX,BTE,Y,_Z,2017-02,102.53946466,P,0,1,2015
OECD.SDD.STES:DSD_KEI@DF_KEI(4.0),ESP,M,PRVM,IX,BTE,Y,_Z,2017-03,102.53946466,P,0,1,2015
OECD.SDD.STES:DSD_KEI@DF_KEI(4.0),ESP,M,PRVM,IX,BTE,Y,_Z,2017-05,103.77487989000001,P,0,1,2015
OECD.SDD.STES:DSD_KEI@DF_KEI(4.0),ESP,M,PRVM,IX,BTE,Y,_Z,2017-07,103.36307481,P,0,1,2015
OECD.SDD.STES:DSD_KEI@DF_KEI(4.0),ESP,M,PRVM,IX,BTE,Y,_Z,2017-09,104.80439259,P,0,1,2015
OECD.SDD.STES:DSD_KEI@DF_KEI(4.0),ESP,M,PRVM,IX,BTE,Y,_Z,2017-10,105.62800275,P,0,1,2015
OECD.SDD.STES:DSD_KEI@DF_KEI(4.0),ESP,M,PRVM,IX,BTE,Y,_Z,2017-12,108.40768703,P,0,1,2015
OECD.SDD.STES:DSD_KEI@DF_KEI(4.0),ESP,M,PRVM,IX,BTE,Y,_Z,2018-01,105.31914894,P,0,1,2015
OECD.SDD.STES:DSD_KEI@DF_KEI(4.0),ESP,M,PRVM,IX,BTE,Y,_Z,2018-04,105.62800275,P,0,1,2015
OECD.SDD.STES:DSD_KEI@DF_KEI(4.0),ESP,M,PRVM,IX,BTE,Y,_Z,2018-05,105.21619766999999,P,0,1,2015
OECD.SDD.STES:DSD_KEI@DF_KEI(4.0),ESP,M,PRVM,IX,BTE,Y,_Z,2018-06,105.01029512999999,P,0,1,2015
OECD.SDD.STES:DSD_KEI@DF_KEI(4.0),ESP,M,PRVM,IX,BTE,Y,_Z,2018-08,104.80439259,P,0,1,2015
OECD.SDD.STES:DSD_KEI@DF_KEI(4.0),ESP,M,PRVM,IX,BTE,Y,_Z,2018-10,105.73095401999998,P,0,1,2015
OECD.SDD.STES:DSD_KEI@DF_KEI(4.0),ESP,M,PRVM,IX,BTE,Y,_Z,2018-12,104.18668497,P,0,1,2015
OECD.SDD.STES:DSD_KEI@DF_KEI(4.0),ESP,M,PRVM,IX,BTE,Y,_Z,2019-05,106.03980783,P,0,1,2015
OECD.SDD.STES:DSD_KEI@DF_KEI(4.0),ESP,M,PRVM,IX,BTE,Y,_Z,2019-06,105.21619766999999,P,0,1,2015
OECD.SDD.STES:DSD_KEI@DF_KEI(4.0),ESP,M,PRVM,IX,BTE,Y,_Z,2019-08,105.42210021,P,0,1,2015
OECD.SDD.STES:DSD_KEI@DF_KEI(4.0),ESP,M,PRVM,IX,BTE,Y,_Z,2019-10,106.76046671999998,P,0,1,2015
OECD.SDD.STES:DSD_KEI@DF_KEI(4.0),ESP,M,PRVM,IX,BTE,Y,_Z,2019-12,104.80439259,P,0,1,2015
OECD.SDD.STES:DSD_KEI@DF_KEI(4.0),ESP,M,PRVM,IX,BTE,Y,_Z,2020-03,90.28826356,P,0,1,2015
OECD.SDD.STES:DSD_KEI@DF_KEI(4.0),ESP,M,PRVM,IX,BTE,Y,_Z,2020-04,69.28620452999999,P,0,1,2015
OECD.SDD.STES:DSD_KEI@DF_KEI(4.0),ESP,M,PRVM,IX,BTE,Y,_Z,2020-07,97.49485244,P,0,1,2015
OECD.SDD.STES:DSD_KEI@DF_KEI(4.0),ESP,M,PRVM,IX,BTE,Y,_Z,2020-08,100.99519561000001,P,0,1,2015
OECD.SDD.STES:DSD_KEI@DF_KEI(4.0),ESP,M,PRVM,IX,BTE,Y,_Z,2020-09,101.09814688,P,0,1,2015
OECD.SDD.STES:DSD_KEI@DF_KEI(4.0),ESP,M,PRVM,IX,BTE,Y,_Z,2020-11,103.26012355,P,0,1,2015
OECD.SDD.STES:DSD_KEI@DF_KEI(4.0),ESP,M,PRVM,IX,BTE,Y,_Z,2020-12,103.36307481,P,0,1,2015
OECD.SDD.STES:DSD_KEI@DF_KEI(4.0),ESP,M,PRVM,IX,BTE,Y,_Z,2021-01,102.95126973999999,P,0,1,2015
OECD.SDD.STES:DSD_KEI@DF_KEI(4.0),ESP,M,PRVM,IX,BTE,Y,_Z,2021-06,99.96568291,P,0,1,2015
OECD.SDD.STES:DSD_KEI@DF_KEI(4.0),ESP,M,PRVM,IX,BTE,Y,_Z,2021-07,101.30404942,P,0,1,2015
OECD.SDD.STES:DSD_KEI@DF_KEI(4.0),ESP,M,PRVM,IX,BTE,Y,_Z,2021-09,102.23061085,P,0,1,2015
OECD.SDD.STES:DSD_KEI@DF_KEI(4.0),ESP,M,PRVM,IX,BTE,Y,_Z,2021-10,102.53946466,P,0,1,2015
OECD.SDD.STES:DSD_KEI@DF_KEI(4.0),ESP,M,PRVM,IX,BTE,Y,_Z,2021-11,105.42210021,P,0,1,2015
OECD.SDD.STES:DSD_KEI@DF_KEI(4.0),ESP,M,PRVM,IX,BTE,Y,_Z,2022-06,106.03980783,P,0,1,2015
OECD.SDD.STES:DSD_KEI@DF_KEI(4.0),ESP,M,PRVM,IX,BTE,Y,_Z,2022-08,106.55456418,P,0,1,2015
OECD.SDD.STES:DSD_KEI@DF_KEI(4.0),ESP,M,PRVM,IX,BTE,Y,_Z,2022-09,106.55456418,P,0,1,2015
OECD.SDD.STES:DSD_KEI@DF_KEI(4.0),ESP,M,PRVM,IX,BTE,Y,_Z,2022-11,103.98078242999999,P,0,1,2015
OECD.SDD.STES:DSD_KEI@DF_KEI(4.0),ESP,M,PRVM,IX,BTE,Y,_Z,2023-08,102.84831847,P,0,1,2015
OECD.SDD.STES:DSD_KEI@DF_KEI(4.0),ESP,M,PRVM,IX,BTE,Y,_Z,2023-10,102.64241593000001,P,0,1,2015
OECD.SDD.STES:DSD_KEI@DF_KEI(4.0),ESP,M,PRVM,IX,BTE,Y,_Z,2024-08,102.02470831,P,0,1,2015
OECD.SDD.STES:DSD_KEI@DF_KEI(4.0),ESP,M,PRVM,IX,BTE,Y,_Z,2012-08,98.62731640999999,P,0,1,2015
OECD.SDD.STES:DSD_KEI@DF_KEI(4.0),ESP,M,PRVM,IX,BTE,Y,_Z,2019-02,105.73095401999998,P,0,1,2015
OECD.SDD.STES:DSD_KEI@DF_KEI(4.0),ESP,M,PRVM,IX,BTE,Y,_Z,2025-06,105.833905284832,P,0,1,2015
OECD.SDD.STES:DSD_KEI@DF_KEI(4.0),ESP,M,PRVM,IX,BTE,Y,_Z,2025-07,105.31914893617,P,0,1,2015
OECD.SDD.STES:DSD_KEI@DF_KEI(4.0),ESP,M,PRVM,IX,BTE,Y,_Z,2025-08,105.113246396706,P,0,1,2015
OECD.SDD.STES:DSD_KEI@DF_KEI(4.0),ESP,M,PRVM,IX,BTE,Y,_Z,2025-10,106.45161290322599,P,0,1,2015
OECD.SDD.STES:DSD_KEI@DF_KEI(4.0),ESP,M,PRVM,IX,BTE,Y,_Z,2025-11,107.584076870281,P,0,1,2015
OECD.SDD.STES:DSD_KEI@DF_KEI(4.0),ESP,M,PRVM,IX,BTE,Y,_Z,2018-09,104.598490048044,P,0,1,2015
OECD.SDD.STES:DSD_KEI@DF_KEI(4.0),ESP,M,PRVM,IX,BTE,Y,_Z,2019-03,104.598490048044,P,0,1,2015
OECD.SDD.STES:DSD_KEI@DF_KEI(4.0),ESP,M,PRVM,IX,BTE,Y,_Z,2020-01,103.877831159918,P,0,1,2015
OECD.SDD.STES:DSD_KEI@DF_KEI(4.0),ESP,M,PRVM,IX,BTE,Y,_Z,2020-05,79.9931365820179,P,0,1,2015
OECD.SDD.STES:DSD_KEI@DF_KEI(4.0),ESP,M,PRVM,IX,BTE,Y,_Z,2021-03,104.392587508579,P,0,1,2015
OECD.SDD.STES:DSD_KEI@DF_KEI(4.0),ESP,M,PRVM,IX,BTE,Y,_Z,2021-05,102.43651338366499,P,0,1,2015
OECD.SDD.STES:DSD_KEI@DF_KEI(4.0),ESP,M,PRVM,IX,BTE,Y,_Z,2021-12,106.45161290322599,P,0,1,2015
OECD.SDD.STES:DSD_KEI@DF_KEI(4.0),ESP,M,PRVM,IX,BTE,Y,_Z,2022-05,107.584076870281,P,0,1,2015
OECD.SDD.STES:DSD_KEI@DF_KEI(4.0),ESP,M,PRVM,IX,BTE,Y,_Z,2023-02,103.671928620453,P,0,1,2015
OECD.SDD.STES:DSD_KEI@DF_KEI(4.0),ESP,M,PRVM,IX,BTE,Y,_Z,2023-03,105.525051475635,P,0,1,2015
OECD.SDD.STES:DSD_KEI@DF_KEI(4.0),ESP,M,PRVM,IX,BTE,Y,_Z,2023-05,103.26012354152401,P,0,1,2015
OECD.SDD.STES:DSD_KEI@DF_KEI(4.0),ESP,M,PRVM,IX,BTE,Y,_Z,2023-09,103.56897735072098,P,0,1,2015
OECD.SDD.STES:DSD_KEI@DF_KEI(4.0),ESP,M,PRVM,IX,BTE,Y,_Z,2010-11,108.51063829787199,P,0,1,2015
OECD.SDD.STES:DSD_KEI@DF_KEI(4.0),KOR,M,PRVM,IX,BTE,Y,_Z,2016-04,100.35750386,A,0,1,2015
OECD.SDD.STES:DSD_KEI@DF_KEI(4.0),ESP,M,PRVM,IX,BTE,Y,_Z,2010-12,105.93685655456399,P,0,1,2015
OECD.SDD.STES:DSD_KEI@DF_KEI(4.0),ESP,M,PRVM,IX,BTE,Y,_Z,2011-06,103.466026080988,P,0,1,2015
OECD.SDD.STES:DSD_KEI@DF_KEI(4.0),ESP,M,PRVM,IX,BTE,Y,_Z,2011-11,100.583390528483,P,0,1,2015
OECD.SDD.STES:DSD_KEI@DF_KEI(4.0),ESP,M,PRVM,IX,BTE,Y,_Z,2014-03,95.7446808510639,P,0,1,2015
OECD.SDD.STES:DSD_KEI@DF_KEI(4.0),ESP,M,PRVM,IX,BTE,Y,_Z,2014-10,97.3919011667811,P,0,1,2015
OECD.SDD.STES:DSD_KEI@DF_KEI(4.0),ESP,M,PRVM,IX,BTE,Y,_Z,2016-04,103.671928620453,P,0,1,2015
OECD.SDD.STES:DSD_KEI@DF_KEI(4.0),ESP,M,PRVM,IX,BTE,Y,_Z,2016-06,99.9656829100892,P,0,1,2015
OECD.SDD.STES:DSD_KEI@DF_KEI(4.0),ESP,M,PRVM,IX,BTE,Y,_Z,2018-03,107.995881949211,P,0,1,2015
OECD.SDD.STES:DSD_KEI@DF_KEI(4.0),ESP,M,PRVM,IX,BTE,Y,_Z,2010-01,103.05422100999999,P,0,1,2015
OECD.SDD.STES:DSD_KEI@DF_KEI(4.0),ESP,M,PRVM,IX,BTE,Y,_Z,2010-02,103.36307481,P,0,1,2015
OECD.SDD.STES:DSD_KEI@DF_KEI(4.0),ESP,M,PRVM,IX,BTE,Y,_Z,2010-04,105.1132464,P,0,1,2015
OECD.SDD.STES:DSD_KEI@DF_KEI(4.0),ESP,M,PRVM,IX,BTE,Y,_Z,2010-05,107.78997940999999,P,0,1,2015
OECD.SDD.STES:DSD_KEI@DF_KEI(4.0),ESP,M,PRVM,IX,BTE,Y,_Z,2010-03,108.09883322,P,0,1,2015
OECD.SDD.STES:DSD_KEI@DF_KEI(4.0),ESP,M,PRVM,IX,BTE,Y,_Z,2010-08,107.17227179999999,P,0,1,2015
OECD.SDD.STES:DSD_KEI@DF_KEI(4.0),ESP,M,PRVM,IX,BTE,Y,_Z,2010-09,105.01029512999999,P,0,1,2015
OECD.SDD.STES:DSD_KEI@DF_KEI(4.0),ESP,M,PRVM,IX,BTE,Y,_Z,2011-02,106.24571036999998,P,0,1,2015
OECD.SDD.STES:DSD_KEI@DF_KEI(4.0),ESP,M,PRVM,IX,BTE,Y,_Z,2011-05,105.52505148,P,0,1,2015
OECD.SDD.STES:DSD_KEI@DF_KEI(4.0),ESP,M,PRVM,IX,BTE,Y,_Z,2011-07,104.0837337,P,0,1,2015
OECD.SDD.STES:DSD_KEI@DF_KEI(4.0),ESP,M,PRVM,IX,BTE,Y,_Z,2011-10,101.20109814999999,P,0,1,2015
OECD.SDD.STES:DSD_KEI@DF_KEI(4.0),ESP,M,PRVM,IX,BTE,Y,_Z,2012-01,101.92175703999999,P,0,1,2015
OECD.SDD.STES:DSD_KEI@DF_KEI(4.0),ESP,M,PRVM,IX,BTE,Y,_Z,2012-02,101.30404942,P,0,1,2015
OECD.SDD.STES:DSD_KEI@DF_KEI(4.0),ESP,M,PRVM,IX,BTE,Y,_Z,2012-03,97.08304736,P,0,1,2015
OECD.SDD.STES:DSD_KEI@DF_KEI(4.0),ESP,M,PRVM,IX,BTE,Y,_Z,2012-05,97.18599863,P,0,1,2015
OECD.SDD.STES:DSD_KEI@DF_KEI(4.0),ESP,M,PRVM,IX,BTE,Y,_Z,2012-06,97.90665752,P,0,1,2015
OECD.SDD.STES:DSD_KEI@DF_KEI(4.0),ESP,M,PRVM,IX,BTE,Y,_Z,2012-09,95.12697324,P,0,1,2015
OECD.SDD.STES:DSD_KEI@DF_KEI(4.0),ESP,M,PRVM,IX,BTE,Y,_Z,2013-04,94.09746054,P,0,1,2015
OECD.SDD.STES:DSD_KEI@DF_KEI(4.0),ESP,M,PRVM,IX,BTE,Y,_Z,2013-05,93.99450927000001,P,0,1,2015
OECD.SDD.STES:DSD_KEI@DF_KEI(4.0),ESP,M,PRVM,IX,BTE,Y,_Z,2013-09,96.05353466,P,0,1,2015
